q,q_dot,t,q_ddot
-1.2165139138770273,0.21396593478830273,0.0,0.5943266765077734
-0.5329307686328631,1.0925663770573537,1.0,0.5094148777534491
0.622223655189168,1.0186679459964443,2.0,-0.6404243443239171
1.188117351103094,0.018977115840101977,3.0,-1.184540673618451
0.6613064002173585,-0.9781926749775649,4.0,-0.6396392938502726
-0.45703570735349186,-1.065204634387363,5.0,0.4767122640259125
-1.1372104878468534,-0.18087733239464554,6.0,1.1370250698950095
-0.768756335796792,0.850585049335843,7.0,0.749271015760164
0.2921723426125491,1.0873670541805487,8.0,-0.31283863623670416
1.0661395681777885,0.329670522480765,9.0,-1.0691516892172603
0.8543138711048179,-0.7131094738420107,10.0,-0.8372795734256822
-0.1309676577222789,-1.0861239119217037,11.0,0.1521457384362157
-0.9775242990922172,-0.46309381687570816,12.0,0.983486488286634
-0.9175138470336021,0.5691365979933921,13.0,0.9031342796433556
-0.023512823646974573,1.0628635245204008,14.0,0.002283480822369288
0.8741886455459055,0.5793287192756452,15.0,-0.8828078450110438
0.9583729023457899,-0.42197292234738226,16.0,-0.9467859181178129
0.16851885719870377,-1.019341147389116,17.0,-0.14767300092693225
-0.7590915014620881,-0.6770122126963424,18.0,0.7700376812743026
-0.9773610775508456,0.27479728649817126,19.0,0.9686397057420584
-0.30165305216901245,0.9576219071397132,20.0,0.28159231395478324
0.6352586539538531,0.7552379555272309,21.0,-0.6481736773980529
0.9753658511364786,-0.13060365208077462,22.0,-0.9695205871483625
0.42089908098466383,-0.8800207554458239,23.0,-0.4019857353655276
-0.5057173491649032,-0.8135481200470759,24.0,0.5202238933491699
-0.9536497802933077,-0.007849022109958081,25.0,0.9506320139042793
-0.5246404960371668,0.7890408387657255,26.0,0.5071923845989018
0.3734346390252266,0.8519165843305365,27.0,-0.38914498620663207
0.9138029800830797,0.1380792064552938,28.0,-0.9135094261289034
0.6116703178753343,-0.6873116296190168,29.0,-0.5959569725475078
-0.24126054264505048,-0.8707243229287666,30.0,0.2577850710018831
-0.8576917081170219,-0.25791711376333903,31.0,0.8599696911303691
-0.6811917372420253,0.5775280915913394,32.0,0.6674317118805811
0.11187689795056889,0.8707279511375693,33.0,-0.1288321166133033
0.7874043272290469,0.36553067403923944,34.0,-0.7920577628276254
0.7328104341664057,-0.4623920551333227,35.0,-0.7211698283266788
0.012247387554444327,-0.8530224613053194,36.0,0.0047686039148653325
-0.7051958978512256,-0.45944312809379717,37.0,0.711991808649659
-0.7665191585110541,0.3445568677084171,38.0,0.7571112940072044
-0.1288941494452057,0.8189992472806936,39.0,0.11216699635123895
0.6134326067744096,0.5385423702522085,40.0,-0.6221080091712294
0.782675336233343,-0.22657625331453102,41.0,-0.7755615259309792
0.23612647736999937,-0.770300545098321,42.0,-0.2200115396544583
-0.5145371720326605,-0.6020823306450542,43.0,0.5248061722087205
-0.7819725629567235,0.11085817634213957,44.0,0.7771638925539645
-0.3323117290634849,0.7087714251921192,45.0,0.3171011004525165
0.41093627742459715,0.6496768325470131,46.0,-0.4224972200529403
0.7654069205924356,0.00037564334209094774,47.0,-0.7628669481608121
0.4161370159093488,-0.63641045510847,48.0,-0.4020873880333048
-0.30501098755398137,-0.6812864879124854,49.0,0.31755350875837196
-0.7342391035478696,-0.10512406980352773,50.0,0.7338873684838018
-0.48661728352892236,0.5553201135679886,51.0,0.47394678697306347
0.19905097827893803,0.6971993030512491,52.0,-0.21226282497686932
0.6899533688312226,0.20163440442988678,53.0,-0.6916695917156298
0.5430962542845407,-0.46765797883684235,54.0,-0.5319822678584507
-0.0952132912409486,-0.6980057551791243,55.0,0.1087867817795618
-0.6342143298890854,-0.28842356453611384,56.0,0.6378431776029786
-0.5852406282187181,0.375589639049147,57.0,0.5758185446168648
-0.004513812135820146,0.6845691687299404,58.0,-0.009124203445303736
0.5688225984771804,0.3642925451617951,59.0,-0.574178884743153
0.6130280529687747,-0.28124418191324274,60.0,-0.6053909702284421
0.09834145900586351,-0.6579922676367533,61.0,-0.08492004664189534
-0.49567024380730856,-0.42833426109265826,62.0,0.5025444340291496
-0.6267294701920492,0.1866730188433935,63.0,0.6209287613100303
-0.18470493579702907,0.6195808065383593,64.0,0.17176047798838912
0.4166969854855304,0.4799349951204174,65.0,-0.4248608762085368
0.6268865250274431,-0.09381268677141064,66.0,-0.6229332230102554
0.26228245741019085,-0.5708051906909984,67.0,-0.2500504434876055
-0.3338479684590626,-0.5187697954301851,68.0,0.3430604157728892
-0.6142847855471624,0.004452152534925036,69.0,0.6121517082401969
-0.33000790269498115,0.513260982290405,70.0,0.3186956184415368
0.24903388661791098,0.5447922680986292,71.0,-0.2590464641455964
0.5899235608698573,0.07979497740250863,72.0,-0.5895480892664314
0.38707760856341855,-0.4486291612787188,73.0,-0.37686156287139033
-0.16409412928450498,-0.5582192987069199,74.0,0.17465660478880762
-0.554983129854405,-0.1575130623637666,75.0,0.5562705453260821
-0.4329514305606423,0.37863696315171447,76.0,0.42397555789264796
0.08076352408034111,0.5595113091070103,77.0,-0.09162905386384868
0.5107901976747553,0.22750169019611632,78.0,-0.5136174776996268
0.4673483822181348,-0.3050200566467115,79.0,-0.45972301224762313
-0.0006431431181715601,-0.5493487108912883,80.0,0.01157309500875392
-0.45878238602182847,-0.28878755737749257,81.0,0.46300235451280924
-0.4902372575837817,0.22948675251521972,82.0,0.484038828295644
-0.07482447036478199,0.5286052559440859,83.0,0.06405614190351683
0.4004725354096655,0.3406310383331104,84.0,-0.4059182625832969
0.5018227198051529,-0.15368485302193702,85.0,-0.4970941965947748
0.14437540851725578,-0.49831900677191054,86.0,-0.13397829804886102
-0.33741355654938465,-0.38252761963157383,87.0,0.34390290431728143
-0.502527402733555,0.07917166260341196,88.0,0.4992793538663805
-0.20693970137732548,0.4596616556327848,89.0,0.19710364777942718
0.2711645136701683,0.4142044689378577,90.0,-0.2785047256344311
0.4929706217509508,-0.007387585519190165,91.0,-0.491182890086299
0.26165178390921967,-0.4139069126120985,92.0,-0.2525441599020592
-0.2032585578433754,-0.43561249183357503,93.0,0.2112507979483838
-0.4739443242633997,-0.06036636142272345,94.0,0.47356822652010216
-0.30785619629029093,0.36239865979020097,95.0,0.2996198127301644
0.13517325474748196,0.4469143008199511,96.0,-0.1436170052687799
0.44638692973036054,0.12294689171471307,97.0,-0.44734790784257555
0.34510867910913856,-0.30651953280532884,98.0,-0.33786031086524837
-0.06830377090784327,-0.4484685792454986,99.0,0.07700100852332387
-0.4113557141764551,-0.17938251586763543,100.0,0.41355635848911887
-0.3731729093803482,0.24766054391254372,101.0,0.36700243658023823
0.003939297286268141,0.44081136810981203,102.0,-0.012698375221670832
0.36999838559356696,0.22888329493106735,103.0,-0.3733217467579847
0.3920131976179382,-0.18719230369348777,104.0,-0.3869833438888737
0.05675699881012031,-0.4246348355304883,105.0,-0.04811782440070744
-0.32352447545297097,-0.27084633362920857,106.0,0.3278375808513104
-0.40178352970439296,0.1264383336137831,107.0,0.39793016796874786
-0.11276429123496398,0.4007641072592885,108.0,0.10441374165660627
0.2731771388772003,0.30485714949822035,109.0,-0.2783346301480838
0.4028133892848786,-0.06665089043684624,110.0,-0.40014637583798157
0.16321656730977144,-0.370132742385255,111.0,-0.15530766823774939
-0.22020591320266375,-0.33068713034234903,112.0,0.22605372383663114
-0.3955908365190311,0.008989647898950404,113.0,0.39409532566217365
-0.20741122519676375,0.33375743189933,114.0,0.20007910847598814
0.16584093315827456,0.3482873595181546,115.0,-0.17221992903282995
0.38074334711277746,0.045496497174934425,116.0,-0.38038153161766297
0.24481384714211998,-0.2927124799591116,117.0,-0.2381740445240796
-0.11126904224633005,-0.3577791461490297,118.0,0.11801855321769833
-0.3590169317580321,-0.095884306239854,119.0,0.3597301489672648
-0.2750592742112806,0.2481045995100678,120.0,0.26920650908477395
0.05761217574735128,0.3594416447576329,121.0,-0.06457335281870535
0.331254060791339,0.14138765813206777,122.0,-0.33296520022826764
0.29794917604256294,-0.20104851656359418,123.0,-0.2929566487294938
-0.005908322707198959,-0.3536969856073585,124.0,0.012927262652217553
-0.2983709126194438,-0.18136555214426808,125.0,0.30098705858199903
-0.31344636915977536,0.15264383220143146,126.0,0.3093655215692992
-0.04290469608571464,0.34109336313789684,127.0,0.035974108651505854
0.26133444801515743,0.21532669357115675,128.0,-0.26474968972432733
0.32166618874751457,-0.10395353964367887,129.0,-0.31852692525958526
0.08800246819929473,-0.322286545354367,130.0,-0.08129604264577844
-0.22113978668808273,-0.24293076748579806,131.0,0.22523812908064586
-0.32286526096330165,0.05598453691757682,132.0,0.32067659447943686
-0.12868415210874273,0.2980202721894457,133.0,0.12232522986754202
0.17878832864354238,0.26398656770323076,134.0,-0.1834466387494857
0.3174280555168111,-0.009670415247020614,135.0,-0.31617914078080217
0.16437953473564976,-0.2691060061989843,136.0,-0.15847720685421063
-0.13526702192534376,-0.27844720212371343,137.0,0.14035794882946068
-0.30585162127761006,-0.034143259314619034,138.0,0.30551313189581275
-0.1946530212603527,0.23640248513875056,139.0,0.18930073958070337
0.09152913163595643,0.28640264222839196,140.0,-0.09692394218175332
0.2887289211715788,0.07471101686044229,141.0,-0.2892547223120991
0.21920465471312364,-0.2007955038218974,142.0,-0.2144792419986992
-0.048476813927052026,-0.2880699229207052,143.0,0.054048091394570674
-0.26673118687273106,-0.1113968158869369,144.0,0.2680602524052765
-0.23786831757996543,0.1631783231012461,145.0,0.23382937349416058
0.006945744258047335,0.2837813288625165,146.0,-0.012569903105592029
0.24058970924424125,0.14368060652241485,147.0,-0.2426482300935548
0.25060731610540926,-0.12443306789876013,148.0,-0.247297008065938
0.032308007077247645,-0.27397092482896224,149.0,-0.026748430833750392
-0.21107746773498517,-0.17116215249930802,150.0,0.2137810974350482
-0.25750758951891906,0.08541343501303228,151.0,0.25495081026891003
-0.0686187161004855,0.2591598004662615,152.0,0.06323303239019112
0.1789909817322536,0.19356219377763315,153.0,-0.182247165518266
0.2587688206096768,-0.0469289861179073,154.0,-0.25697368794737757
0.1014192833151465,-0.23994040441161296,155.0,-0.09630689971837678
-0.14513274005304547,-0.21072108104187406,156.0,0.14884307525815724
-0.2546937506591893,0.009731253087836567,157.0,0.25365241923442927
-0.1302470239605212,0.21696033941987283,158.0,0.12549600062048583
0.1102945322555614,0.22259505706993782,159.0,-0.11435711018473488
0.24567602061524715,0.02549816730073845,160.0,-0.24536577110968058
0.15474699747566406,-0.1909059794624897,161.0,-0.15043291694895627
-0.07524196826161857,-0.22925039763980157,162.0,0.07955365099173259
-0.23218687161902674,-0.05815740301430422,163.0,0.23257143900548288
-0.17467295176382286,0.16248625236076175,164.0,0.17085810845815924
0.04070043192871117,0.23085565578643025,165.0,-0.045159021515446957
0.21476104179674113,0.0877319048569157,166.0,-0.2157921417393628
0.18988600195594277,-0.13241690814371265,167.0,-0.18661890902499784
-0.007342670742028825,-0.22767227759805808,168.0,0.011848932987311989
-0.19398219295350316,-0.11379982611011627,169.0,0.19560120376741777
-0.200351202477189,0.10140556479552545,170.0,0.19766640771457594
-0.024221821252389152,0.22004387524312805,171.0,0.01976231116486371
0.17046819093832194,0.1360352034998097,172.0,-0.17260794784048697
0.20613220481846725,-0.07013779026048939,173.0,-0.20405040130314286
0.05345551577324427,-0.20838445358955338,174.0,-0.04913073293939113
-0.14485654757044722,-0.1542090028357372,175.0,0.14744320619107687
-0.20738422114322838,0.03926444342356908,176.0,0.2059126332183526
-0.07989959161999935,0.19316589080194244,177.0,0.07578964777607292
0.1177903108012263,0.16818813240935399,178.0,-0.12074523802322157
0.20434553549658677,-0.009390458209632274,179.0,-0.2034785561982049
0.1031786826568439,-0.17490497098274124,180.0,-0.09935465478831604
-0.08990466397487153,-0.17793256256429751,181.0,0.09314631605362625
-0.19732781984323836,-0.0189347851302403,182.0,0.19704787217248726
-0.12300365198254651,0.15415025867416457,183.0,0.11952666290106703
0.0618144654382383,0.18349072030947466,184.0,-0.06526021594261772
0.18670552148838956,0.04522539814652768,185.0,-0.1869841129737073
0.1391724508108797,-0.13146909137733503,186.0,-0.1360930057215065
-0.034102927158047296,-0.18499335309285692,187.0,0.03767081048207943
-0.1729045917993119,-0.06906516873906907,188.0,0.17370352964549696
-0.15156915613149977,0.10743494776322124,189.0,0.14892673377581517
0.007311596269712115,0.18264607568467753,190.0,-0.010921936170217722
0.15639082382296265,0.09011196846405681,191.0,-0.15766355658095949
0.16016131278297474,-0.08261542660205609,192.0,-0.15798420465059512
0.018068232563370198,-0.17672082844096348,193.0,-0.014491335830643243
-0.1376580587659028,-0.10810039646237793,194.0,0.13935110986818938
-0.1649957327382845,0.057561045331011584,195.0,0.16330111916796278
-0.04160258264803902,0.16754648406591013,196.0,0.03812992860193973
0.11721650883053773,0.12284270892826812,197.0,-0.11927096748775463
0.16619292688212686,-0.03279503834373837,198.0,-0.16498717470980412
0.06292028356138465,-0.15549884350145415,199.0,-0.0596164285843262
-0.0955814271223566,-0.13422811505717197,200.0,0.09793446291879587
-0.16394036216428892,0.008804304264952573,201.0,0.16321952496382441
-0.08171686248016341,0.1409902599819019,202.0,0.07863917044029708
0.07326233484824676,0.14222054892054026,203.0,-0.07584870385011461
0.15848474967016032,0.013968380586692336,204.0,-0.1582352486135107
0.09775685239781055,-0.12445912393412834,205.0,-0.09495474683931873
-0.05075299244959507,-0.14685505133823856,206.0,0.05350650469207657
-0.15012357688900266,-0.03513079792144172,207.0,0.1503230378604164
-0.11087456247776192,0.106359430684227,208.0,0.10838898385010093
0.02852227531433853,0.14823291628217863,209.0,-0.03137719606935638
0.13919610041158964,0.0543463201624346,210.0,-0.13981432125125196
0.12097338443383666,-0.08715063832022932,211.0,-0.11883645146065748
-0.007006086959550693,-0.14651577247146613,212.0,0.00989844714010174
-0.12607401367031607,-0.07133751944237647,213.0,0.12707403429690137
-0.1280237342996301,0.06728800508489861,214.0,0.12625860448390694
-0.013399586262864688,0.14191878253744833,215.0,0.010530791919285548
0.11115199844577388,0.0858883624220444,216.0,-0.11249124610312411
0.13205975091611138,-0.047213574891876026,217.0,-0.13068067142213013
0.03234440416081005,-0.1347031494636509,218.0,-0.029556148963097578
-0.09483835907263587,-0.09784502864775606,219.0,0.09646984103366132
-0.13317489068684507,0.027347956557993852,220.0,0.13218742747878115
-0.04952813971220866,0.12516812304560704,221.0,0.046872441093317105
0.07754592501074814,0.10711541596273598,222.0,-0.07941944171613556
0.13151657247124945,-0.008083017723842373,223.0,-0.13091800266610557
0.06470386673270859,-0.11364269806018346,224.0,-0.06222701692432768
-0.05968339117704448,-0.11366741949126176,225.0,0.061746743947975954
-0.1272800368439917,-0.010224411213222706,226.0,0.12705988679437114
-0.07767987787308583,0.10047719094136508,227.0,0.07542183582106163
0.041647246665807505,0.11752609061963609,228.0,-0.043847415743265145
0.12070159036294555,0.02725775392258066,229.0,-0.12084230004017936
0.0883203678778905,-0.08603487335118676,230.0,-0.08631431537781162
-0.02381442174624677,-0.11876979897832418,231.0,0.026098692424789544
-0.11205140805841678,-0.042744782470584344,232.0,0.11252910086783058
-0.09654494011471722,0.07068382948941375,233.0,0.09481700162944466
0.006535760853949556,0.11752553354369762,234.0,-0.008852777830970146
0.10162606625415464,0.05646057125568309,235.0,-0.10241140248656931
0.10232701493775208,-0.05478918971921071,236.0,-0.10089613726343018
0.009869593779346184,-0.11396348856001057,237.0,-0.0075688611017687285
-0.08974097329225118,-0.0682293168827363,238.0,0.09080006498370236
-0.105691236208579,0.03870587654636465,239.0,0.10456922112890815
-0.025118846663129833,0.1082910860417861,240.0,0.02288024237255125
0.07672285805180128,0.07792505300629658,241.0,-0.07801822306785604
0.10670998706329043,-0.022771980647661866,242.0,-0.10590166741751529
0.038969183886902924,-0.1007465892382509,243.0,-0.03683461874916409
-0.06290246566457017,-0.08547130995625485,244.0,0.06439399932214526
-0.10549913766188235,0.007302864975962664,245.0,0.10500268489369409
-0.051220383135145736,0.09159246077041945,246.0,0.04922721126940796
0.04860759691633187,0.09083978751975935,247.0,-0.0502535403603413
0.10221315612827897,0.007413925547008829,248.0,-0.1020205054047801
0.061716405476972803,-0.08110861539202995,249.0,-0.05989693000490251
-0.03415661288414542,-0.09404812534149976,250.0,0.03591449871209913
-0.0970397191997981,-0.021122892137069027,251.0,0.09713709660686067
-0.07034599585335725,0.06958571073668499,252.0,0.06872710606386605
0.019852509819378673,0.095156868838627,253.0,-0.0216800670480332
0.09019396132959424,0.033603912272273176,254.0,-0.09056249647734944
0.0770423377781742,-0.05731861029247068,255.0,-0.07564527752840326
-0.0059776515732299,-0.09426573918761459,256.0,0.007833653909795485
-0.08191250025896814,-0.044674656402197005,257.0,0.08252890686450624
-0.08178182435409487,0.0446001415243346,258.0,0.0806220887755734
-0.0072107715953339665,0.09150932377148861,259.0,0.005365728129219233
0.07244737358510153,0.05419209528371827,260.0,-0.07328468023133905
0.084582022060212,-0.031715258903739704,261.0,-0.08366937719764131
0.019484507771518986,-0.08705230848550974,262.0,-0.01768730956337866
-0.062060014825858816,-0.06205312024493398,263.0,0.06308832811345674
-0.0854989157333894,0.01893570697853092,264.0,0.08483753355869529
-0.030647200345065274,0.08108437554649507,265.0,0.0289316126070676
0.051015389196541035,0.0681943154211179,266.0,-0.05220267187952876
0.0846235326349704,-0.0065152629053089745,267.0,-0.08421223197067516
0.04053652408248851,-0.07381489005449683,268.0,-0.038932685896577585
-0.03957639906462765,-0.07259093598043966,269.0,0.040889246474087385
-0.08207805042205417,-0.0053143785430590645,270.0,0.08191063270732507
-0.04902550467231678,0.06546749567335616,271.0,0.047559527188906006
0.027998657159738854,0.07525515936007092,272.0,-0.02940305622208983
0.07801149823462855,0.016347031218953145,273.0,-0.07807716578161418
0.056023042457298985,-0.056274734636544525,274.0,-0.05471671241424666
-0.01652571242515176,-0.07623368741516262,275.0,0.017987768851526545
-0.0725951620251571,-0.026404725517016545,276.0,0.07287900545522345
-0.06147367604638227,0.0464728000795531,277.0,0.06034426450360418
0.005384799247982684,0.07560478604868696,278.0,-0.006871419961312353
0.0660178048008261,0.03533968472505363,279.0,-0.06650134571849746
0.06535663488006367,-0.03629651972064173,280.0,-0.06441680893220901
0.0052168339588797834,-0.07347485528889704,281.0,-0.003737314434232794
-0.05848080976802708,-0.04303557221662209,282.0,0.05914258441849219
-0.06768424142628023,0.025974659439283662,283.0,0.06694207469277183
-0.015094975892398565,0.06997462691636475,284.0,0.013652234554605985
0.05019334964788909,0.049408026582825094,285.0,-0.051009519302076534
0.06849973337758074,-0.015725623638652014,286.0,-0.06795880930452713
0.024090857280825342,-0.0652550886638299,287.0,-0.022712094877413644
-0.04136767888543634,-0.05440451528708583,288.0,0.042312652980903524
-0.0678745839183304,0.005753616731850389,289.0,0.06753418438523835
-0.03207289831220379,0.05948323380581233,290.0,0.030782430335587162
0.03221463734288597,0.05800354950504295,291.0,-0.03326169596447777
0.06590540379263794,0.0037546830341398524,292.0,-0.0657607742213691
0.03893780132002055,-0.05283773275103935,293.0,-0.03775673150278672
-0.022939444607344768,-0.060213313320300554,294.0,0.0240613476866244
-0.06271051253289858,-0.012632899605159696,295.0,0.06275319365153399
-0.044611004632139864,0.04550461921177872,296.0,0.04355698277593724
0.01373785352435768,0.06106976926048232,297.0,-0.014907425141041965
0.05842626785006934,0.02073716057633186,298.0,-0.058644483482596585
0.04904652555563679,-0.037673077836005466,299.0,-0.048133589709981224
-0.0047927202672641426,-0.06063430919898852,300.0,0.005983397618245338
-0.05320324192227651,-0.027947712765441224,301.0,0.0535823316545073
-0.05222623126482831,0.02953141306463406,302.0,0.05146473255316503
-0.0037289635566638076,0.05899102487432327,303.0,0.002542625626545253
0.04720233126451773,0.03416995316467431,304.0,-0.04772521657298266
0.05415858573752796,-0.021263270646077505,305.0,-0.05355519254498217
0.011678543309145912,-0.0562436756910725,306.0,-0.01052041988945953
-0.040590883165073074,-0.0393348883489629,307.0,0.041238555580851675
-0.05487692873701189,0.013044173941424292,308.0,0.05443470555451716
-0.01892765680407796,0.05251243310038322,309.0,0.01781965877919768
0.03353891650455215,0.04339904628165693,310.0,-0.03429093659984093
0.05443734909334923,-0.00503842713286063,311.0,-0.05415590406645453
0.02536966320341048,-0.04793048078420396,312.0,-0.024331406014322897
-0.026215508322327698,-0.04634387420084495,313.0,0.027050504740468405
0.860248262342012,-0.2732358296029813,0.0,-0.41296993753741407
0.2750037890418834,-0.8368810106007177,1.0,-0.2574345011227369
-0.5489778265705954,-0.6694831429592202,2.0,0.5604734831161623
-0.8569293390225257,0.10400572318786439,3.0,0.8520075599539717
-0.3787519778534637,0.7675059275565299,4.0,0.3622179632940231
0.4347207285394219,0.7192357405111091,5.0,-0.44758674011009636
0.8363754248336425,0.01722772279269258,6.0,-0.8339346111384874
0.46875526664396433,-0.6865613625370972,7.0,-0.453532505396817
-0.31827607491696885,-0.751463121419962,8.0,0.332170968689548
-0.8000082339979698,-0.1310507042505632,9.0,0.7999535468862982
-0.5439836048812136,0.596367324159501,10.0,0.5303053367450444
0.20213951596280014,0.7665304328354374,11.0,-0.21672077948760526
0.7494882977246512,0.23557983579816422,12.0,-0.751681892231035
0.603767421157817,-0.4992968304888118,13.0,-0.5918218911280498
-0.08865510053549562,-0.7651305597073771,14.0,0.10358620831437515
-0.6866672846275488,-0.32923043063875335,15.0,0.6909336175932762
-0.6477902482965303,0.3977245594532086,16.0,0.637719498322934
-0.02002356870695001,0.7482509468949224,17.0,0.005066659601908885
0.6135392104244242,0.41073133515061255,18.0,-0.6196708060744854
0.6760745964853208,-0.29397845586764615,19.0,-0.6679742672719341
0.12196604465776366,-0.7171363626319558,20.0,-0.10728903111241583
-0.5321915938998298,-0.4791325229195595,21.0,0.5399551231058397
-0.688961754959122,0.19029510710549646,22.0,0.6828818430172164
-0.21549130171942962,0.6732485970244962,23.0,0.2013763856891776
0.4447575556534438,0.5338057154289307,24.0,-0.4539000869751811
0.6870862865965485,-0.08877957552061166,25.0,-0.6830327855240683
0.29918739940485783,-0.6182240937234695,26.0,-0.2858889167167339
-0.35336977894821964,-0.5744384228792421,27.0,0.36362506431444397
-0.6713460432222725,-0.008629754990660543,28.0,0.6692833843359199
-0.37192452815366656,0.5538304968249277,29.0,0.3596653986085735
0.26011716056461787,0.6010219095174651,30.0,-0.27121182574005753
0.6428685722990569,0.1001908953362679,31.0,-0.6427227684307509
0.43286155742701554,-0.481923059920526,32.0,-0.4218305805735731
-0.16700487664410896,-0.6138336820466106,33.0,0.17866439612244267
-0.6029748083808663,-0.1843822427429731,34.0,0.6046371959506333
-0.4814463313032819,0.4044018118814452,35.0,0.4717963336318845
0.07591847683129904,0.613415176218187,36.0,-0.08787282419368325
0.55314094589522,0.25992069288627573,37.0,-0.5564724143132388
0.5174100696800323,-0.3231703064709282,38.0,-0.5092568913383416
0.011407497620173766,-0.6005453750547308,39.0,0.0005813800979243
-0.4949593745991177,-0.3257738466592175,40.0,0.4997949685996497
-0.5407563322135968,0.2400967025029771,41.0,0.5341786249612557
-0.09341599698660105,0.5762111321796562,42.0,0.08163843017327976
0.43009952679071833,0.38116640721962275,43.0,-0.4362533063766291
0.551745086089737,-0.15697783038039148,44.0,-0.546784879358084
0.16874879412397367,-0.5415749956997121,45.0,-0.157409765143659
-0.36026943770703584,-0.42558097554397684,46.0,0.36753948186223906
-0.5508724867865049,0.07550680191524661,47.0,0.5475364656001266
-0.23626252963101443,0.49794133259562956,48.0,0.22556711374266264
0.28717875936137255,0.45875355451376887,49.0,-0.29535220339176466
0.5388470327050239,0.0027553841595978623,50.0,-0.5371084600197698
0.2950394526241834,-0.4467215415558541,51.0,-0.2851676925997318
-0.2125038954051265,-0.48066416112354,52.0,0.22136189750188828
-0.5165627898059211,-0.07640389619072818,53.0,0.5163639966377824
-0.3443929475818123,0.3893991148409448,54.0,0.335497649765632
0.13785584258392725,0.4915230226203685,55.0,-0.14717838271813471
0.4850704014396441,0.14420954667483527,56.0,-0.48632576107516146
0.38386803848786644,-0.327495268544315,57.0,-0.3760732511405379
-0.06475123521038312,-0.491752894490713,58.0,0.07432165852517048
-0.4455466019543841,-0.2051335628140144,59.0,0.4481458995624829
-0.4132371525212746,0.26253580716135844,60.0,0.4066373176605881
-0.005413004976874713,0.4819680857578451,61.0,-0.004196222198187549
0.39926294124850487,0.25833762423747686,62.0,-0.40307504733533145
0.43249150551173854,-0.1960198244969344,63.0,-0.4271512622797155
0.07138110795678572,-0.46295080992615684,64.0,-0.06193076960429228
-0.34755440230005297,-0.30318923936078407,65.0,0.35243115760216354
-0.44182853933347976,0.12939077053329362,66.0,0.43778314494648124
-0.1320557753005755,0.43562549828945896,67.0,0.12294727423990348
0.29178855616408395,0.3392626224945647,68.0,-0.29756877665516795
0.4416358966530673,-0.06401033491921143,69.0,-0.4388922204094775
0.18651126841261267,-0.40103171668396054,70.0,-0.17790994672021582
-0.23333585046518143,-0.36633531588011425,71.0,0.23984936402727253
-0.43247246060245087,0.0011355142119243156,72.0,0.4310104973577215
-0.23400224537938727,0.36029631783466187,73.0,0.2260535013204043
0.1735415696497341,0.38438087314890884,74.0,-0.18061320046820123
0.4150470159187012,0.058100856128058265,75.0,-0.41482185799703475
0.2739684142841201,-0.3146054401780655,76.0,-0.2667959066330666
-0.11369993991587475,-0.3935579823756353,77.0,0.1211533626059777
-0.3901951040562075,-0.11270591081939257,78.0,0.3911393047953419
-0.30603515197768544,0.2651769315906935,79.0,0.2997395510492126
0.055030780579992944,0.39419645728163394,80.0,-0.06269217324658266
0.35885464816802415,0.16183879647281907,81.0,-0.3608809062210175
0.3300103106748854,-0.21323373412686364,82.0,-0.32466858962995643
0.0013409715474170048,-0.386780563885927,83.0,0.0063604620961499325
-0.3220409153339198,-0.20481892042422734,84.0,0.32504500645520906
-0.3458774993273828,0.15997871510264217,85.0,0.3415427487043893
-0.05440261565348726,0.3719301768781162,86.0,0.0468201049637515
0.28082136385026185,0.2411304598027747,87.0,-0.28468524612611235
0.3537861817100604,-0.10657137218456653,88.0,-0.3504879204825396
0.10326774716493038,-0.3503802753430986,89.0,-0.09595144736084138
-0.23629089383223414,-0.27042325691534874,90.0,0.24088591310085714
-0.3540389779866378,0.054106777122464866,91.0,0.3517839259058215
-0.1471869305662272,0.32295929156310205,92.0,0.14027013798822402
0.18954798099578354,0.29251029318153193,93.0,-0.19473810543155556
0.3470765908725578,-0.0035970560009990216,94.0,-0.34584985952444286
0.1855549649980913,-0.29056682003176804,95.0,-0.17915508821527176
-0.14167212757914144,-0.30736199224429506,96.0,0.1473171439560425
-0.33346080130025463,-0.044044365049566714,97.0,0.3332274552682633
-0.21791479328900318,0.2541511772935956,98.0,0.21213189046920614
0.09370301230393802,0.3150976527738692,99.0,-0.09966162116423316
0.31385599184522195,0.08801558931983061,100.0,-0.31456292667483576
0.24395817038910522,-0.2146872776855123,101.0,-0.23887392472018917
-0.04662166448068292,-0.3159743523591245,102.0,0.05275441714749779
-0.2890096594268517,-0.12763606356708507,103.0,0.2905877397491638
-0.2635232663294755,0.17315525654739206,104.0,0.25920039481818574
0.0013339272634874725,0.31037369543164867,105.0,-0.007505954173931129
0.25973237247772485,0.16235335264637538,106.0,-0.26209877165559253
0.27658943097723404,-0.1305202321350843,107.0,-0.2730715134121743
0.041343586930492664,-0.29878680029778737,108.0,-0.03526009990916734
-0.22687761256503233,-0.1917469139457316,109.0,0.22993829454232173
-0.2832693923453459,0.08771355152612154,110.0,0.28058109943372445
-0.08069490832987238,0.2817979331594441,111.0,0.0748185312860819
0.19132191717520897,0.2155289695787213,112.0,-0.1949742017727081
0.28379919658636615,-0.04561581551848631,113.0,-0.2819468893795239
0.11611341026513511,-0.2600672007689735,114.0,-0.110551596090524
-0.15394570998036156,-0.2335426276092864,115.0,0.15808086460469786
-0.2785262257851046,0.005041924162726696,116.0,0.2774988925782694
-0.14710777912431108,0.23431270853653388,117.0,0.14195532554630672
0.11561516842563413,0.24575745072294805,118.0,-0.12012097194283033
0.26789564918521963,0.03327167060059838,119.0,-0.2676661411846166
0.1733052914030588,-0.20529257808916915,120.0,-0.1686431499638967
-0.0771654370065568,-0.25226271111857407,121.0,0.08192866525775416
-0.25243567463502276,-0.06867737447347602,122.0,0.2529621978623671
-0.19445248802291581,0.17378719819365424,123.0,0.19034692402226272
0.03938544927860534,0.2532586035467538,124.0,-0.04429423625033166
0.23274197007910594,0.1006244469380227,125.0,-0.23396978824866632
0.21041338377468352,-0.14058205643515287,126.0,-0.2069154838230433
-0.003004573604421025,-0.24904571411285165,127.0,0.007950607472211185
-0.20946162026499507,-0.12866456191841805,128.0,0.21132492171397413
-0.2211653918465649,0.10645146700114808,129.0,0.21831090880127677
-0.03131875196805466,0.24001306060503566,130.0,0.026438232968379327
0.18327697202107773,0.15245496170528894,131.0,-0.18570085317001148
0.22679317938725663,-0.07214347333033277,132.0,-0.22460269817738554
0.0630062803901684,-0.22662503077155205,133.0,-0.05828672119835149
-0.15488970315043504,-0.17175928015542644,134.0,0.1577922213686217
-0.2274806995570158,0.0383661642587578,135.0,0.22596010183766482
-0.09156704606847091,0.20940754837585396,136.0,0.08709505973578335
0.12500542592574285,0.186446154155162,137.0,-0.12829967600554215
0.22350166831228394,-0.0057755996500055695,138.0,-0.222642869095216
0.1166022672702004,-0.1889337933550656,139.0,-0.11245438774824007
-0.09431910718743125,-0.1964857803892162,140.0,0.09791527782508663
-0.21520877017916157,-0.025034502650152918,141.0,0.21499069561946796
-0.13780808819511117,0.16580979247395009,142.0,0.13404980074448736
0.06350155401654697,0.2019446070998406,143.0,-0.06730892363750601
0.2030218865671498,0.05354121135928008,144.0,-0.2034116589764747
0.15497623075336167,-0.1406601810731986,145.0,-0.1516612835281518
-0.03318717778305305,-0.20297837740497524,146.0,0.03711601265015477
-0.1874156429590938,-0.07929889487120922,147.0,0.18836993687561615
-0.1679926645227126,0.11411441552667573,148.0,0.16516265895373874
0.003963210978243643,0.1998237616582768,149.0,-0.00792653267435231
0.16890656790875738,0.10194378295020415,150.0,-0.1703730996839252
0.1768344373478237,-0.08679369057264366,151.0,-0.17451868942006205
0.023639488463752013,-0.1927888312010661,152.0,-0.019724294521184516
-0.14804014761348072,-0.12119659787246495,153.0,0.1499592604434069
-0.18156483815695515,0.05929878654561585,154.0,0.17978049762900494
-0.049153950781448234,0.18224263472284544,155.0,0.045363709252062984
0.12537804542791398,0.13686331392892936,156.0,-0.12768435203504527
0.18232708749897417,-0.03219903951933056,157.0,-0.18107949761624617
0.07218287108181547,-0.16860414148673236,158.0,-0.06858739141757109
-0.10148573664351758,-0.14883413883849136,159.0,0.10410978284326369
-0.1793367698617682,0.006022593293805167,160.0,0.17862004624276334
-0.09240263278009203,0.15233081316503713,161.0,0.08906369797012315
0.07692078583511451,0.15708084133588804,162.0,-0.07979069993728022
0.17287323495687773,0.01875194316736467,163.0,-0.17267103911642606
0.10956559805640351,-0.1339070583383449,164.0,-0.10653617550745342
-0.05222196777012686,-0.16165257559669682,165.0,0.055265063092155425
-0.1632702028941432,-0.041702345024729054,166.0,0.16355668333570347
-0.12350071966677044,0.11383281130468992,167.0,0.12082439732903967
0.02789940401477441,0.16267037495993555,168.0,-0.03104370464899725
0.15090581068063852,0.062468075236150056,169.0,-0.15164668266009765
0.13411255942222536,-0.09261246024465701,170.0,-0.13182320551181848
-0.004425856689792911,-0.16032050442980497,171.0,0.007601519961164954
-0.13619233501338723,-0.08075402475884744,172.0,0.1373460689379287
-0.1413788260867051,0.07074432957646662,173.0,0.13950046630617496
-0.017770710943501907,0.15484687361267174,174.0,0.014630098244411277
0.11956581923539945,0.09633270426113713,175.0,-0.12108490720121927
0.14534656899034495,-0.048710898136022224,176.0,-0.14389347107612102
0.0383132295380222,-0.14654271911132902,177.0,-0.035269500156507316
-0.10147582100357073,-0.10904493294589847,178.0,0.10330809116374934
-0.14612718305773378,0.0269699092742412,179.0,0.1451041348615255
-0.05688022868449371,0.13574176808448418,180.0,0.05398964408893689
0.0823754821511763,0.11879909799793947,181.0,-0.08446543139661741
0.14389039605691034,-0.005946501733346821,182.0,-0.14329316023598831
0.07320913716197705,-0.12280909290140983,183.0,-0.07052156774220719
-0.06271210394137423,-0.12556908295690228,184.0,0.06500222072242615
-0.1388574196275391,-0.013973538100661709,185.0,0.13867334541034856
-0.08709819310221026,0.10813186087950066,186.0,0.08465647609053085
0.04291838996103591,0.12939098466416268,187.0,-0.04535044092300003
0.13129345208071996,0.03244933063712929,188.0,-0.1315022225187989
0.0984070061711196,-0.0921101733473953,189.0,-0.0962464839951304
-0.023404495876982397,-0.13035875610304423,190.0,0.025920752248011075
-0.12149972319871413,-0.04918922073803879,191.0,0.12207421481724025
-0.10705583883425523,0.075148175146805,192.0,0.10520407678497566
0.004551000759018745,0.12861892629914085,193.0,-0.007095383055315679
0.10980526949968476,0.06395384280520305,194.0,-0.11071250031705615
0.11302369591849687,-0.0576455996393975,195.0,-0.11150037443128792
0.013297110748472939,-0.12436455841547595,196.0,-0.010777988222478302
-0.09655862293900296,-0.0765579439034833,197.0,0.09776076442888013
-0.11634533072407571,0.03998989581526308,198.0,0.11516230429484381
-0.02983539188276778,0.11782861328761311,199.0,0.027391292146843327
0.08211958712378555,0.08687100016772475,200.0,-0.0835750158146431
0.11710729167195413,-0.02254906372289027,201.0,-0.11626880350739253
0.044803764873207,-0.10927688799545636,202.0,-0.042480027157603614
-0.06685126320000169,-0.09481668423048008,203.0,0.06851562821506972
-0.11544314576487588,0.005665302684709911,204.0,0.11494618473093456
-0.05798922656638866,0.09900069783536757,205.0,0.05582610182182743
0.051112473050276594,0.10037126141323051,206.0,-0.05293975694977804
0.11152802394623132,0.01035044585175171,207.0,-0.11136280826843269
0.06922743908219739,-0.08730946547063137,208.0,-0.067259567671802
-0.035250710762172476,-0.10356100968374972,209.0,0.037194262501667255
-0.10557263878307994,-0.02522300193900054,210.0,0.1057232092802764
-0.07840323808060605,0.07452337338754507,211.0,0.0766592719983309
0.019595734956214587,0.10445877270376318,212.0,-0.02160925557549709
0.0978169268714233,0.038716461164900184,213.0,-0.09826183127843349
0.0854501113354835,-0.060966225405268346,214.0,-0.08395248021592396
-0.004453894972484439,-0.1031797665560343,215.0,0.006492358722258798
-0.0885234671192728,-0.050636705258744474,216.0,0.08923651627637572
-0.0903487181848847,0.04695865024834947,217.0,0.08911353548989663
-0.009896736426549061,0.09987676889658248,218.0,0.0078762404942357
0.07797082181865463,0.06083291664253476,219.0,-0.07892189816351147
0.09312453582432798,-0.03281176548746843,220.0,-0.09216163895222516
0.023210371813514926,-0.09473482433966288,221.0,-0.021247890277422132
-0.0664469404325492,-0.0691981241300808,222.0,0.06760283930456572
-0.09384473116153313,0.018821403901836814,223.0,0.09315784686318826
-0.035276627781046704,0.08796560193005859,224.0,0.03340869518936085
0.054242756598653276,0.07566882509695241,225.0,-0.055568041335732204
0.09261436695280148,-0.005262986934957553,226.0,-0.09220139139293901
0.045922741959967144,-0.07980153972190908,227.0,-0.04418184231310428
-0.04164609732233063,-0.08022374558800088,228.0,0.04310394995534504
-0.08957205814923605,-0.007612888176206645,229.0,0.08942543924143553
-0.055014895789931365,0.07048990794948073,230.0,0.05342903776544769
0.028936010053370046,0.08288181378183444,231.0,-0.03048906055243286
0.08488519881151393,0.01958409941062049,232.0,-0.08499240709427922
0.0624586682168332,-0.06028691627428369,233.0,-0.06105107615009278
-0.016377598687113037,-0.08369943383850664,234.0,0.017988717144535038
-0.07874488167659828,-0.03045985922396112,235.0,0.07908895499786735
-0.0681986617005674,0.049451982389093346,236.0,0.06698758186511496
0.00421744387814464,0.08276715631784778,237.0,-0.00585048167514611
0.07136063160104306,0.040082770016978894,238.0,-0.0719207782352273
0.07221735634032385,-0.038242269147281543,239.0,-0.07121597575432716
0.007320333219311866,-0.08020584802632937,240.0,-0.005699865366581847
-0.06295507083134479,-0.048330080816394345,241.0,0.06370731535918536
-0.0745332603731713,0.026907585683981355,242.0,0.07374973322942446
-0.018037321198671945,0.07616246834130329,243.0,0.01646164842656353
0.0537586285694259,0.05511416612759484,244.0,-0.05467648489519451
0.07519843563723091,-0.015685735033169057,245.0,-0.07463601055141962
0.02776335648252299,-0.070805560831217,246.0,-0.026261916236736682
-0.044004399850810484,-0.06038226251755388,247.0,0.04505955608843336
-0.0742954847259187,0.004798376859103462,248.0,0.07395272434488831
-0.03635833909211303,0.06432056844300908,249.0,0.03495734477044276
0.03392324960056219,0.06411551151165014,250.0,-0.035086250207562
0.07193409245731318,0.005552540551913357,251.0,-0.07180517558157791
0.0437133312397279,-0.05690507781130352,252.0,-0.04243542681664093
-0.0237392471629135,-0.06632736866708781,253.0,0.024980158609995487
-0.06824721795309105,-0.015187739624131988,254.0,0.06832231322395287
-0.04975095816589829,0.04876409353874633,255.0,0.04861496552498186
0.013665504912042301,0.06706144809049515,256.0,-0.01495455230876866
0.06338703511962226,0.023952939408880894,257.0,-0.06365273450337793
0.054425143703300545,-0.04010543681373775,258.0,-0.05344590241844142
-0.0039004820466571398,-0.06638887911488452,259.0,0.005208645465981654
-0.057520718745824186,-0.03172053766764257,260.0,0.057960518516241184
-0.05772022468793355,0.03113535470794463,261.0,0.056908522126839986
-0.005375198348180347,0.0644052573059134,262.0,0.004075637627076606
0.050826170910919226,0.03839065240538647,263.0,-0.05142098758211932
0.05964949840187063,-0.022054417182926882,264.0,-0.05901208631448055
0.014001384127589908,-0.06122727543211356,265.0,-0.012736355650635606
-0.04348777809466504,-0.04389153897402107,266.0,0.044216486775035674
-0.06025326560740734,0.013053768497782205,267.0,0.0597929578242491
-0.021840459134138752,0.056989121556419595,268.0,0.02063368010986541
0.03569228349422607,0.048179410626934274,269.0,-0.03653226640814956
0.059596438347969606,-0.004311788618294073,270.0,-0.05931228287895282
0.028778829648074367,-0.05183873106619306,271.0,-0.027651451421921783
-0.02762485178754858,-0.05123770091461843,272.0,0.02855254521561136
-0.05776578651443103,-0.004008791348832051,273.0,0.05765330421492501
-0.03472783570398285,0.04593397737453937,274.0,0.03369816300571392
0.019465395171070394,0.05307581542710879,275.0,-0.020456823777017588
0.05486690021297486,0.01176328747037339,276.0,-0.05491838128628171
0.039624102232603264,-0.03943888233757027,277.0,-0.03870738666796089
-0.011385220177584579,-0.053727428008797116,278.0,0.012416508591162473
-0.05102094626444701,-0.018826954589797745,279.0,0.051225795202588936
-0.043429355508283016,0.032519922312613525,280.0,0.04263766317094634
0.0035440447906039084,0.05324838262519218,281.0,-0.004591897364415905
0.04636129679050512,0.025096362256258574,282.0,-0.0467064159167483
0.04612973977339917,-0.025342499415159682,283.0,-0.045471891353936755
0.00391257504307032,-0.051714266518202434,284.0,-0.00287043420663928
-0.04103010590364393,-0.030490257026207224,285.0,0.04150030746885736
-0.04773467704566621,0.018067640121596923,286.0,0.04721625743383442
-0.01085538100433076,0.04921772315028301,287.0,0.009839814389807494
0.0351749071467171,0.03494992351151867,288.0,-0.035753343934847616
0.0482753199005755,-0.010848975122431659,289.0,-0.047898753037618425
0.017173092163704322,-0.04586557474042911,290.0,-0.016203206851105045
-0.02894529967503732,-0.03843906602162194,291.0,0.02961390428227878
-0.047802652399662526,0.003830045471031572,292.0,0.0475673360594271
-0.022773621296559857,0.041775824002146085,293.0,0.021866482588055458
0.02248978540970065,0.04094324112549456,294.0,-0.023229708758493346
0.04638529827838262,0.0028580291865075436,295.0,-0.04628779254579608
0.027584830003121414,-0.03707460309730957,296.0,-0.026755233251437027
-0.015952812696348403,-0.042468878826306955,297.0,0.01674485291012575
-0.0441070980186542,-0.0090984939625351,298.0,0.04414136050496962
-0.0315548341335848,0.03189313493210378,299.0,0.030815136024996657
0.009472074569648487,0.04304193621354217,300.0,-0.010297088046640583
0.041064517542799064,0.014790496755941046,301.0,-0.041222177832276656
0.03465187949475066,-0.02636476787730175,302.0,-0.03401188875551195
-0.0031761017444667766,-0.04270623237748833,303.0,0.004015389107784456
-0.037363951036582514,-0.019850213280817527,304.0,0.03763461649802237
-0.03686381539090266,0.020622139945310827,305.0,0.036330741678149356
-0.002817817876015892,0.0415215170125424,306.0,0.0019821573394876446
0.03311897892212195,0.024211560266021535,307.0,-0.03349056383949786
0.03819720012642622,-0.014794522560040123,308.0,-0.03777565875588905
0.008405369876894275,-0.03956132749885049,309.0,-0.0075901206611995314
-0.028447639359998524,-0.027826506303687635,310.0,0.02890670932999854
-0.0386760780953544,0.009005387483279927,311.0,0.03836814725765392
-0.013496579365968934,0.036910690363352074,312.0,0.01271713338578978
0.023469767985012654,0.030664997455574893,313.0,-0.02400189168765379
0.7712115032021568,-0.8226337319023169,0.0,-0.33562502475566913
-0.2360159769075206,-1.0548099234745454,1.0,0.2562212816027565
-1.0084624180582162,-0.3592305063880036,2.0,1.012254748265704
-0.8476474227357337,0.6495697346523621,3.0,0.831899759456381
0.08156526297567349,1.0471151319022611,4.0,-0.1021314875694157
0.9181324681180622,0.48363849753135457,5.0,-0.9247011679214628
0.9023925669852019,-0.5089187557425773,6.0,-0.889261667521532
0.06554981981490716,-1.0185721724297687,7.0,-0.04506197052155825
-0.8143899028578352,-0.5909652683708155,8.0,0.8234396945477507
-0.9355966990018411,0.3661082381759939,9.0,0.9251972317544188
-0.20276443176922368,0.9709756559147206,10.0,0.1827670764137207
0.7001257334448128,0.6800227347348436,11.0,-0.7113280743814149
0.9478389624537129,-0.22416843083593097,12.0,-0.9402233660560951
0.32786445407798603,-0.9064031953696056,13.0,-0.3087357356875464
-0.5782766005514434,-0.7500635630766905,14.0,0.5912783022791795
-0.9400910977935306,0.08593540610234152,15.0,0.9352521385924492
-0.4390110952775822,0.827156670606426,16.0,0.42108946916372236
0.4517623915612653,0.800770702461685,17.0,-0.4661942382332407
0.9136748158979466,0.04599531236472998,18.0,-0.911549210115026
0.5347564313158439,-0.7357023522131378,19.0,-0.5183360927865988
-0.3234278313951161,-0.8322387750556649,20.0,0.3389130222647563
-0.8702145363576069,-0.16930752904270707,21.0,0.8706875012631513
-0.6140500911547327,0.6346111690510253,22.0,0.5993775696584391
0.19598900348060821,0.8449481777199093,23.0,-0.21215125800430112
0.8115867215706108,0.28199521663752836,24.0,-0.8144973090057434
0.6762374675815688,-0.5265003257568551,25.0,-0.6635093886225574
-0.07198560141470023,-0.8397328459072941,26.0,0.08845678176845395
-0.739867035329982,-0.3823852519713067,27.0,0.7450140935430233
-0.7210499831509154,0.4139773790185508,28.0,0.710411975490311
-0.04626045130216696,0.8177427045585691,29.0,0.029833327212495653
0.6572765272879519,0.46915205721515474,30.0,-0.6644251332438789
0.7485880719019601,-0.2995877668150826,31.0,-0.7401347755718102
0.15667954271425263,-0.7804018790784475,32.0,-0.14062800488786276
-0.5661279945284812,-0.5413243200890067,33.0,0.5750161984706054
-0.7592976471703091,0.1857666566891325,34.0,0.7530737580327881
-0.2574817707970198,0.7293637632131951,35.0,0.24211040373734616
0.468773600834991,0.5982841176378014,36.0,-0.4791193277462025
0.7539409134332533,-0.07479584084321256,37.0,-0.7499431826758887
0.34717705753192135,-0.6664640407006075,38.0,-0.3327588747759347
-0.367554745732624,-0.6397589037859538,39.0,0.3790627041937378
-0.7335624451964629,-0.03123373917481187,40.0,0.7317425374870931
-0.4245879937936154,0.5936727353035833,41.0,0.4113607238999245
0.2647550718542269,0.6658069392087962,42.0,-0.2771235293585722
0.6994514984373899,0.13045340386416637,43.0,-0.6997196006051868
0.4888555771342967,-0.5130463210186159,44.0,-0.477018883585435
-0.16255738360674812,-0.6767968417388331,45.0,0.17548467831073555
-0.6531015405158473,-0.2212417975303449,46.0,0.6553306036570868
-0.5394381396552084,0.42668086293932816,47.0,0.5291517768288725
0.06300512555181143,0.6733820156046805,48.0,-0.07619579737198734
0.5961679836182554,0.3022434604775476,49.0,-0.6001984754629985
0.5761038843488447,-0.3366670817785111,50.0,-0.5674867725519608
0.03203106158198886,-0.6564707777960921,51.0,-0.018860623050069858
-0.5304250859728485,-0.37238091183546207,52.0,0.5360701271443841
-0.5989175539216891,0.24504814392250884,53.0,0.5920477387741765
-0.12088132276794193,0.6271930397058646,54.0,0.10799780023838967
0.45772294584621126,0.4308603751901363,55.0,-0.4647737031939367
0.6082218449254008,-0.15378087676389263,56.0,-0.6031372904213242
0.20209885742371572,-0.586864422284656,57.0,-0.18974756790712366
-0.37994545757617154,-0.4771714007853989,58.0,0.38817666992239097
-0.6046142512061224,0.06470099864386958,59.0,0.6013144017720242
-0.27447635483123395,0.5369486839961674,60.0,0.26287750460729786
0.2989700287086017,0.5110807474142737,61.0,-0.30814554491499974
0.5889200738067577,0.020507163233122738,62.0,-0.5873681088062662
0.33705660167591317,-0.47901932397040603,63.0,-0.32640227006279693
-0.21662977495425093,-0.5326209827208526,64.0,0.22650799095761787
-0.5621623694964919,-0.10033611239330276,65.0,0.5622880640028834
-0.3891373853579228,0.4147211893041053,66.0,0.37958925617983724
0.13467881754932484,0.5420743413353215,67.0,-0.14501790766913214
0.5255296273962993,0.17347554480887595,68.0,-0.5272327257448891
0.4302709255401056,-0.34573286709958406,69.0,-0.42195876889086686
-0.05476120813390956,-0.5399524452993523,70.0,0.06532405624125714
-0.4803419634001311,-0.23882751433003224,71.0,0.4834959670465183
-0.46025816414441373,0.2737305804151466,72.0,0.45327905562687065
-0.02161609809472047,0.5269725401895484,73.0,0.011057350360854645
0.428016606248168,0.2955163960061588,74.0,-0.4324728747684928
0.47913832934787676,-0.2003542348312462,75.0,-0.4735565797255692
0.0931059070337756,-0.5040309331601568,76.0,-0.08276576520342055
-0.37003341844896476,-0.34289374760942903,77.0,0.37562548203840446
-0.4871742610468287,0.1271761809376612,78.0,0.48302201636375314
-0.15853888121120488,0.47217433607059783,79.0,0.14861491296710494
0.3079011512581804,0.3805382675918667,80.0,-0.3144491347042261
0.4848340430737698,-0.05567316988833004,81.0,-0.48211250399415345
0.216936964263354,-0.4325698185217505,82.0,-0.20760676768363795
-0.24312507727368432,-0.40825113589308026,83.0,0.2504401389367422
-0.4727695308096053,-0.012798113556582447,84.0,0.4714507303174022
-0.2675221333475607,0.3864740628490243,85.0,0.25894088784706976
0.1771765787106535,0.4260471012389187,86.0,-0.1850652733589539
0.4517923916958807,0.07702165122786181,87.0,-0.4518214624827892
0.3097205735625403,-0.3352025870175021,88.0,-0.3020191894077434
-0.1114651959818709,-0.4341417439033161,89.0,0.11973367718146916
-0.42284829077360603,-0.13593863119841343,90.0,0.42414614768384606
-0.3431624560786253,0.2800995632344913,91.0,0.33644632525300644
0.047313561783585256,0.43293539570749456,92.0,-0.05577154772124837
0.38698985428968496,0.18865982697207156,93.0,-0.389456213095635
0.3676775805101929,-0.2225088114174173,94.0,-0.36202591931694283
0.014064437560217108,-0.4229942389597076,95.0,-0.005600001704468005
-0.3453490323982058,-0.23447380672805718,96.0,0.34886568392357986
-0.3832872110036791,0.16374648903588335,97.0,0.3787529733131362
-0.07158201728022516,0.40502913303174853,98.0,0.06328365722184537
0.29910945803927697,0.27285104849945757,99.0,-0.3035437161705906
0.3901924937400505,-0.10507593397361015,100.0,-0.38680282341659056
0.1242941954241636,-0.37987273153103,101.0,-0.11632101210572926
-0.24947936438450163,-0.3034441160112204,102.0,0.25468760771884674
-0.3887598904999476,0.047685046675289555,103.0,0.3865170724063811
-0.1714087539917998,0.3484554550072824,104.0,0.1639039695781866
0.19766557912693547,0.32608412101051654,105.0,-0.20349680877293996
0.3795040983154052,0.007333476295095509,106.0,-0.378386959518988
0.21229345482252332,-0.31178087451140574,107.0,-0.20538242454980676
-0.1448490618103796,-0.3407737602967723,108.0,0.15114840204185576
-0.3630689489879716,-0.058998821326864126,109.0,0.363034655452055
-0.24647958158476155,0.27090104096605505,110.0,0.24026828476788872
0.09216239186141649,0.34767726853849446,111.0,-0.09877446575704912
0.34020679458317377,0.10645549004084098,112.0,-0.3411929837725537
0.2736619497811941,-0.22689226525544295,113.0,-0.2682359627680922
-0.04066955157347244,-0.34710767082757676,114.0,0.04744167026681956
-0.31175688633001086,-0.14898340066542087,115.0,0.31368407279428745
-0.29369559025300107,0.18083181537297904,116.0,0.289119534144536
-0.008651718429920473,0.3395117514801845,117.0,0.0018666068963354987
0.27862324527596083,0.18600464704475156,118.0,-0.2813974343893705
0.306589367354616,-0.1337759511555478,119.0,-0.3029068140763938
0.05492478220687204,-0.32545317778536736,120.0,-0.04826543040032494
-0.24175250436306417,-0.21708697245854586,121.0,0.2452679489402268
-0.3124968401036462,0.08673966544017253,122.0,0.3097306520464181
-0.09738604968260484,0.3055942293780971,123.0,0.09098057214255079
0.2021121742382777,0.2419440789171061,124.0,-0.20625420964155636
0.31170471272903505,-0.04067844429407774,125.0,-0.30985778380187856
0.13539392330212174,-0.2806765860284005,126.0,-0.12935781045117278
-0.16066975015272808,-0.26043294992880284,127.0,0.16531764565875115
-0.3046192498932463,-0.003527700302161374,128.0,0.3036756095409003
-0.1684347425807213,0.2515016194189801,129.0,0.16286924704609865
0.11837303589358406,0.27254841511146616,130.0,-0.12340280338176413
0.29175105140449537,0.045087732911778255,131.0,-0.2916772879980879
0.19612578048055576,-0.21891061862296002,132.0,-0.19111668695763473
-0.0761320140468433,-0.2784152278153307,133.0,0.08141911937269569
-0.27369859160753773,-0.08331050116787891,134.0,0.2744455476612188
-0.21821540236111012,0.18376535531884897,135.0,0.21383218370305296
0.03480254126322065,0.2782779617144779,136.0,-0.040224468836532745
0.2511309301691711,0.11761297572620857,137.0,-0.25263561907434157
0.23458054950965762,-0.1469293642224967,138.0,-0.23087590371304173
0.004827906146292818,-0.2724890588629146,139.0,0.0006107208149372378
-0.22476999414155205,-0.14752581134913678,140.0,0.2269576865370021
-0.24522175423611198,0.10925027780567323,141.0,0.2422315095571692
-0.04205226578033331,0.26149537994613237,142.0,0.036708522982763225
0.1953728166184225,0.17269627202467663,143.0,-0.19815924408507796
0.25025593166606097,-0.07154351318082411,144.0,-0.2479993003618156
0.07625358647464138,-0.24582361749404597,145.0,-0.07110788351401567
-0.16371409574308332,-0.19288861413578592,146.0,0.16700772016940965
-0.2499072243077749,0.03457756418518532,147.0,0.24838737953685547
-0.1069123282144273,0.2260649349380943,148.0,0.10205778570209476
0.1305694101280798,0.20798206791843332,149.0,-0.13427370877103426
0.24449619899450106,0.0009388956847722341,150.0,-0.2437011443251023
0.1336112557803197,-0.20285918900837419,151.0,-0.12912964976932131
-0.09669939382573699,-0.2179665981270941,152.0,0.1007151126780717
-0.2344277118653335,-0.03436794264337836,153.0,0.23433140866781652
-0.15603796673079065,0.1768790806198746,154.0,0.15199872620759683
0.06283513681979408,0.22293665945577235,155.0,-0.06706246829811066
0.22017776575463,0.06515125659791454,156.0,-0.22074148053015252
0.17398514007223034,-0.14881456075228602,157.0,-0.17044465394379926
-0.02966503659494836,-0.2230831904931623,158.0,0.03400568166886969
-0.20227968596259807,-0.09281684053109931,159.0,0.20345351739844364
-0.1873486332960975,0.11935779362880192,160.0,0.1843498629437501
-0.0021767163065270737,0.21868411162032225,161.0,-0.002182363246060609
0.18130993525928465,0.11698359293453864,162.0,-0.1830344794874858
0.19612359178706787,-0.08918895055758297,163.0,-0.19369597927477666
0.03211987971585185,-0.2100936072273008,164.0,-0.02783209439366427
-0.15787387762647523,-0.13736376532711786,165.0,0.160081989767525
-0.20039876547964522,0.05896307498806985,166.0,0.19855842206390686
-0.059666033386887904,0.19773048102368412,167.0,0.05553259562589105
0.1325917832605124,0.15376337804015253,168.0,-0.13521039382082364
0.20034925275312512,-0.02929822353857886,169.0,-0.19909940753656
0.08439453330778365,-0.1820658752527575,170.0,-0.08049052066041645
-0.10608534541700919,-0.1660807047147917,171.0,0.10903729140306281
-0.19622791073042992,0.0007650498766255398,172.0,0.1955595951868353
-0.10596653744377654,0.16361064061906994,173.0,0.10235798922763467
0.07896495351111227,0.17430296880307075,174.0,-0.08217078616013396
0.18835568434112748,0.02612204072982155,175.0,-0.1882486250523175
0.12412713334640793,-0.14290263414136847,176.0,-0.12087023387921142
-0.0518179372727907,-0.17850142338402486,177.0,0.05519767099833123
-0.17711111380291394,-0.05091207775945225,178.0,0.177534803125979
-0.13870563489648685,0.12049420746572573,179.0,0.13584614472637827
0.02519796449821106,0.17882500851083952,180.0,-0.028672734904033187
0.162919281764084,0.07322300314563768,181.0,-0.16383419429246704
0.14961414876700826,-0.09694012900989576,182.0,-0.1471870810260395
0.00038425915401797873,-0.17549279792375083,183.0,0.0031093433798354275
-0.14624045753212092,-0.09274542844276562,184.0,0.14759937911848153
-0.15684454052496122,0.0727861603147674,185.0,0.15487407471143563
-0.024468874998843895,0.16878545924963437,186.0,0.021028590090635124
0.12755868698297987,0.1092446952338888,187.0,-0.129308122740307
0.16046395527341983,-0.048558480839730606,188.0,-0.15896357638904018
0.046653262855484316,-0.15903595882187613,189.0,-0.04333315927493045
-0.1073705633733485,-0.12256129568685804,190.0,0.10945219141880347
-0.16060906811234124,0.024754126871368576,191.0,0.15958191520306925
-0.06659689624497203,0.14661974415557022,192.0,0.06345749960195032
0.08617439690063528,0.1326097402029136,193.0,-0.08852653561053671
0.15747925532203227,-0.001832579941826451,194.0,-0.15691866013759012
0.0840246519782827,-0.13194463416636132,195.0,-0.08111928791949753
-0.06445998005948411,-0.1393759856217386,196.0,0.06701903820918328
-0.15132888800633587,-0.01979139110988376,197.0,0.15121908175167112
-0.09872859683381774,0.11544063976640054,198.0,0.09610272579568258
0.042699122250979084,0.14291356011541065,199.0,-0.045401003543521085
0.14245895603174794,0.039753561861857606,200.0,-0.1427759200482021
0.11056830367414992,-0.0975499259205316,201.0,-0.10825905434097817
-0.021337101354278774,-0.1433385394818265,202.0,0.02411853742625869
-0.1312082316157156,-0.05774471644534311,203.0,0.1319206663081271
-0.11946977621155576,0.0787171110770632,204.0,0.1175056755944228
0.000785152719359941,0.14082354389923002,205.0,-0.0035849416808329815
0.11794417908823132,0.07351373294307989,206.0,-0.11901456450635825
0.12542308531653482,-0.059380081616754316,207.0,-0.12382397949122152
0.018585912074638354,-0.13559093428057534,208.0,-0.01582578125439188
-0.1030538104861504,-0.08686930759055869,209.0,0.10443953165280448
-0.12847883997609416,0.03996147814382074,210.0,0.12725599599142629
-0.03645089270593598,0.12790539321174735,211.0,0.03378424618930842
0.08693467611402247,0.09768036198314067,212.0,-0.08858918644138021
0.1287436325402877,-0.020860987645894696,213.0,-0.12790000887205302
0.052534157856964574,-0.11806607720193096,214.0,-0.050009785926690906
-0.06998616544603704,-0.10587520170289254,215.0,0.0718601623615299
-0.12637461062464186,0.002448551355556383,216.0,0.12590528085938765
-0.06661236434320875,0.10639852481937162,217.0,0.06427332236938164
0.05260127721888726,0.11143951618903407,218.0,-0.054643865379927214
0.12157333692496401,0.014941426874240729,219.0,-0.1214660491339025
0.07851595445378766,-0.09324649950085022,220.0,-0.07639902120745196
-0.0351589987722129,-0.11441332801113377,221.0,0.03731881793318098
-0.11457910329267171,-0.031014812155879395,222.0,0.11481495581680513
-0.08812947220214062,0.0789639367406629,223.0,0.08626476736790477
0.018017414146195357,0.1148870147728483,224.0,-0.020243710799422998
0.1056618668306871,0.045521375614500856,225.0,-0.10621607995372456
0.09539076083625289,-0.0639071533590941,226.0,-0.09380152023094925
-0.0015076386646114314,-0.11299653855913201,227.0,0.00375126293465769
-0.09511497368773619,-0.05825732666772859,228.0,0.0959577359187818
-0.10028912307988451,0.048427462036330984,229.0,0.09899162696710401
-0.014071344768712283,0.10891802609931706,230.0,0.011857032901497547
0.08324783089833641,0.06906675337268395,231.0,-0.08434519830689859
0.10286254192770324,-0.032864317716682495,232.0,-0.10186618896897914
0.028456895152036782,-0.10286184768632377,233.0,-0.02631522344717127
-0.07037867833454395,-0.07784200513556952,234.0,0.07169350555833766
-0.10319407322704245,0.017539104298494174,235.0,0.10250159008453404
-0.04142593860334913,0.09506634446581452,236.0,0.03939623424860719
0.05682760194379637,0.0845230715924947,237.0,-0.05832048409019734
0.10140753164550241,-0.002749650688840949,238.0,-0.1010153060739882
0.05279720103799852,-0.08579135214688859,239.0,-0.05091422378672904
-0.04290991631851839,-0.08909602875213414,240.0,0.04454012196750033
-0.09766259891340874,-0.011234454719150494,241.0,0.09756112237566675
-0.062432460699002344,0.07531166470500665,242.0,0.06072596191159886
0.028930029674937238,0.09159063832102245,243.0,-0.030656406527578492
0.0921494874740072,0.024175702348445682,244.0,-0.09232389189909251
0.07023685214536815,-0.06391057450735156,245.0,-0.06873126137008669
-0.015175887922122757,-0.0920771983516554,246.0,0.016957724268636815
-0.08508329396338374,-0.0358716237944276,247.0,0.08551396624926003
-0.07615827075470337,0.05187361579138662,248.0,0.07487250879694124
0.0019140770944257022,0.0906627528643229,249.0,-0.003711904152410017
0.0766981754222043,0.04615686899800096,250.0,-0.07736143265689832
0.08018594223329488,-0.03948262689940328,251.0,-0.07913335714765629
0.010614354585775738,-0.08748677486201399,252.0,-0.00883803233580692
-0.06724147700706207,-0.05490440753879951,253.0,0.06811028514011694
-0.08234823485324595,0.027010233469039815,254.0,0.0815366550017221
-0.022197311951962326,0.08271644120498546,255.0,0.020477369094313996
0.05696793345676639,0.06202588062397315,256.0,-0.05801265227441017
0.08270980301161929,-0.014714840266185636,257.0,-0.08214169929176841
0.03265428040042578,-0.07654161921270172,258.0,-0.031022413935061083
-0.04613405794925732,-0.06747114607323329,259.0,0.047323195669484557
-0.08136815914681055,0.0028362038955522667,260.0,0.08104090673327245
-0.04183815809610316,0.06916968374370669,261.0,0.04032242783133126
0.034992821556077504,0.07122707255073832,262.0,-0.03629378313679252
0.07844977702253872,0.008408357396245333,263.0,-0.07835600550239223
0.04963630192858577,-0.06082028003612974,264.0,-0.048260771613549726
-0.0237887145808476,-0.07331565128693963,265.0,0.025168528888585284
-0.07410583292210057,-0.01882707684135794,266.0,0.07423385255624051
-0.05597081173317079,0.051720141980977595,267.0,0.05475529235980631
0.012753267985214435,0.07379150344093303,268.0,-0.01417928026498684
0.06850769245513519,0.028256151310097136,269.0,-0.0688419834628097
0.06079809135650363,-0.042098067986558324,270.0,-0.05975798590398009
-0.0021010991944217616,-0.07273886899348835,271.0,0.0035416167798769244
-0.061842249580817674,-0.03656144427136472,272.0,0.06236400082597522
-0.06410773760713691,0.032180147437222244,273.0,0.06325398447860289
-0.007973467834488284,0.07026816860459026,274.0,0.006548586982104906
0.05430722124888543,0.04363948621959421,275.0,-0.054994904495209926
0.0659208188285021,-0.022185320237942535,276.0,-0.06525992938145757
0.017299172983041625,-0.06651223322852477,277.0,-0.015917997546453233
-0.0461064959409574,-0.04941779313394651,278.0,0.046936461926192705
-0.06628761365043004,0.012321340357388591,279.0,0.06582179757954855
-0.025729959934399676,0.06162229751763776,280.0,0.024418035120478965
0.037445627574793944,0.05385453620775034,281.0,-0.03839271050953611
0.06528488734531823,-0.0027812019359047674,282.0,-0.06501225825114208
0.03314647891859157,-0.05576385225695767,283.0,-0.0319264538744473
-0.028527557951416857,-0.056937607343974114,284.0,0.029565675657205227
-0.0630127881103572,-0.006259926293038405,285.0,0.06292764040276985
-0.03945695878564455,0.04911244839198869,286.0,0.03834829461328664
0.01954864143289968,0.05868313461087996,287.0,-0.02065137916979244
0.05959144853317563,0.014647225522045094,288.0,-0.05968459588432293
0.044597467397807,-0.041849540807057314,289.0,-0.04361622700993946
-0.010695035100524558,-0.059133509882486196,290.0,0.011836202158224916
-0.055157378529220154,-0.02224819049467152,291.0,0.05541654340791728
-0.04853159066657635,0.03415845406867436,292.0,0.04769030999348962
0.0021395065265444892,0.058354997185485875,293.0,-0.003293655845148201
0.04985973525524025,0.028954024963644028,294.0,-0.05026997864560224
0.051249570617745724,-0.026220545079793448,295.0,-0.050557209046897915
0.005961300236648263,-0.05643499481235361,296.0,-0.004818397829248096
-0.043856553025898026,-0.03468047368891426,297.0,0.04440073325067181
-0.052766951518289446,0.018211629222262687,298.0,0.0522289179590827
-0.013469111530068483,0.05347902704700694,299.0,0.012360045468397668
0.037311012238873294,0.03936810686777509,300.0,-0.03797026186055295
0.0531227902485085,-0.010298727328300547,301.0,-0.05274103988941079
0.020265766496014085,-0.04960754243116017,302.0,-0.019211122543561117
-0.0303878209195926,-0.04298208310011481,303.0,0.03114203096788455
-0.05237749269332622,0.002637180957450469,304.0,0.052150688366398905
-0.026254448960864353,0.04495259495501157,305.0,0.025272507219907085
0.023249775919393346,0.04551142607738569,306.0,-0.024078077169364664
0.05061034193526279,0.004631826799578777,307.0,-0.05053407304332626
0.031360413469430456,-0.03965448248828435,308.0,-0.03046691087078876
-0.01605456324349821,-0.04696785802450245,309.0,0.016935794928995065
-0.047916786468905376,-0.011383318184330325,310.0,0.04798383767106643
-0.035531220163025026,0.033858413309145706,311.0,0.03473917851070721
0.008951848657993904,0.047384239433108516,312.0,-0.00986500581833527
0.044405557564541336,0.01751011884915818,313.0,-0.04460621885766167
1.1658874431916693,0.2326434185432058,0.0,-0.5958110023555613
0.8763838990460177,-0.8163436917830619,1.0,-0.8572217763999507
-0.2051268810910754,-1.158849912274949,2.0,0.22750539752855126
-1.0785029137513995,-0.43971591945264565,3.0,1.0836638008044746
-0.9528637021370812,0.6654353747241226,4.0,0.9364501274543313
0.037644207563153606,1.1429820421495287,5.0,-0.0602643721625884
0.9742726192544823,0.5706584504699247,6.0,-0.9823861773764792
1.005510280637596,-0.5097816173906394,7.0,-0.9920190110131705
0.12085064405070134,-1.104792221355865,8.0,-0.09846295377317182
-0.8562974214049441,-0.6823694032375555,9.0,0.8670266864856013
-1.034640844864128,0.35282446627789843,10.0,1.0241760845873005
-0.26765760787269394,1.0463570855058824,11.0,0.24594417558288728
0.7277771462815118,0.7736967549800389,12.0,-0.7407515790992314
1.041032402066492,-0.19783202718318238,13.0,-1.0336307337492805
0.4004715664421689,-0.9700440865546811,14.0,-0.3798347352372544
-0.5919397428851506,-0.843970134158834,15.0,0.6067647204138976
-1.025879177128234,0.04784212783129571,16.0,1.0215127556662156
-0.5174062322995775,0.8784464076241457,17.0,0.49820301867371797
0.45197399520625153,0.8929864053364924,18.0,-0.4682402390090934
0.9907440275002948,0.09438605526013721,19.0,-0.9893248983659181
0.6170081206306779,-0.7743170771606034,20.0,-0.5995455930738258
-0.3109669493758702,-0.9209865908425641,21.0,0.3282597029936918
-0.9375051902418597,-0.2264118856617875,22.0,0.9388905788079607
-0.6982609058463257,0.6605036690435551,23.0,0.6827928484145179
0.1718470539254244,0.928625103115221,24.0,-0.18975483722990238
0.8682997160665586,0.3461443544824888,25.0,-0.872298123837873
0.7605806334896049,-0.5398848825942615,26.0,-0.7473054873775281
-0.03733383686546127,-0.9169323612639696,27.0,0.05545662396171103
-0.785464933768869,-0.45186424668546665,28.0,0.7918428705444047
-0.8038024173949583,0.41531018284671706,29.0,0.7928624679459573
-0.09010523762121372,0.887271937432603,30.0,0.07214854969075479
0.6914792502317668,0.5422374549774334,31.0,-0.6999684282469554
0.8281593885135214,-0.28954355046358127,32.0,-0.8196411416764193
0.2082902735296347,-0.841293423081322,33.0,-0.1908552158814092
-0.5889035287206089,-0.616319686017705,34.0,0.5992083455481673
-0.834254774772241,0.16521224598748607,35.0,0.8281904460779147
-0.31535653119498575,0.7808822230483661,36.0,0.2987673214829756
0.48032420403757187,0.6735529645036988,37.0,-0.49212934524627827
0.823028079825411,-0.044761338450294286,38.0,-0.8193981008134124
0.40977399918073937,-0.7081074773940976,39.0,-0.39431877119721903
-0.36829919031647956,-0.7137544838885065,40.0,0.3812771902895218
-0.7957163922105631,-0.0695854125503198,41.0,0.7944528240787204
-0.49035901866997567,0.6251692792250321,42.0,0.4762860636268418
0.25530751895710424,0.7370984761817286,43.0,-0.26912612853252804
0.7538118953880906,0.17585789572190536,44.0,-0.7548026276041372
0.5562781867687012,-0.5343463029832973,45.0,-0.5437932237895349
-0.14370351373871695,-0.7440918761034445,46.0,0.15803273608137047
-0.699016664070795,-0.2723649449675847,47.0,0.702110266843331
-0.6070449089767921,0.437944884435873,48.0,0.5963093803778521
0.035676170876803075,0.7355446359241311,49.0,-0.050194841803716805
0.633195824231917,0.3577124898996059,50.0,-0.6382069180720101
0.6425090990216394,-0.3382505034373129,51.0,-0.6336394653705396
0.06678573295894281,-0.7125356062484576,52.0,-0.05238392749836007
-0.5583301247176117,-0.4308146070023733,53.0,0.5650451277722948
-0.6628406346063594,0.23748251628478323,54.0,0.6559086256741705
-0.16192242860112077,0.6763749348798768,55.0,0.14792358750078727
0.4764689193301648,0.49089766012003294,56.0,-0.4846520335977822
0.6685072691775882,-0.1377528690797536,57.0,-0.6635410300145115
0.24822560829545615,-0.6285639512718008,58.0,-0.23489097383832092
-0.38968449173065683,-0.5374978485056439,59.0,0.39908379250039594
-0.6602477718006241,0.04102939994983068,60.0,0.6572338284971782
-0.32445445776345416,0.5707534988645335,61.0,0.3120165499999411
0.30002857390363014,0.5704525962135412,62.0,-0.31038207255855377
0.6390411193178597,0.050895790742156444,63.0,-0.6379270767372299
0.3896453143352268,-0.5047016531359505,64.0,-0.37830487473182156
-0.20949181477023499,-0.5898863166095549,65.0,0.22053337320000144
-0.6060725972589623,-0.1364325540504352,66.0,0.6067704712478004
-0.44311512591383256,0.43223172107023144,67.0,0.43303888530318163
0.11996685147590976,0.5961911690899786,68.0,-0.13143183645493606
0.5626976789644028,0.21421327223665299,69.0,-0.5650877583215282
0.4844590014339394,-0.35519135986610134,70.0,-0.4757782696622642
-0.033215524606932126,-0.5900034910098728,71.0,0.04484610227890207
-0.5104045469372408,-0.28310771423635556,72.0,0.5143396757454579
-0.5135422467182365,0.27541358115011433,73.0,0.5063523048156604
-0.049159337209076275,0.572176636006011,74.0,0.037609353457304096
0.4507760977361414,0.34223219802868243,75.0,-0.45608626648192596
0.5304873688523042,-0.19468032399023505,76.0,-0.5248476293581635
0.1257372555729499,-0.5437509804057739,77.0,-0.11449807643905352
-0.3854522332322175,-0.3909532051051534,78.0,0.3919493673573199
-0.5356566063941042,0.11468918796794292,79.0,0.5315914938398532
-0.19529837282107534,0.5059218726495919,80.0,0.18458048141640648
0.3160931884752822,0.4288856966105334,81.0,-0.3235760254721948
0.5296306012747564,-0.0370238188661598,82.0,-0.5271310929798102
0.2568365783067929,-0.46000629736404536,83.0,-0.24682759818591277
-0.2443445816418215,-0.4558864739530308,84.0,0.2526035323471912
-0.5131838708528449,-0.03687166344200188,85.0,0.5122096282422898
-0.309567523069687,0.40740900692542853,86.0,0.3004297335698078
0.17180479659417028,0.4720430075035755,87.0,-0.18062669272957244
0.4872577653173535,0.10571391021585191,88.0,-0.4877397780254937
0.3529316575670726,-0.3495888403428338,89.0,-0.3448001692964725
-0.09999522558530222,-0.4776582245046075,90.0,0.10916786361482189
-0.4529316068747768,-0.16839708207339626,91.0,0.454775265996388
-0.3865925205203983,0.2880259035602456,92.0,0.3795741096552563
0.030333810752681756,0.47323180088976835,93.0,-0.03965021150720338
0.41139270357761654,0.22400500226527786,94.0,-0.41448121657124304
0.41043059023176204,-0.22419022850117432,95.0,-0.4046031769664826
0.03588776959109348,-0.4594385410993636,96.0,-0.02662545560510765
-0.3639059131902827,-0.2718187448295417,97.0,0.36810397108508336
-0.42453308184422983,0.15951246215421155,98.0,0.41994582608796155
-0.09752301814093213,0.4371044551847653,99.0,0.08850001854066314
0.31178340230766854,0.31131976915061116,100.0,-0.3169410099361633
0.42918013413973766,-0.09535706360630086,101.0,-0.42585411056866596
0.1535854814325956,-0.4071811538473186,102.0,-0.1449713698311067
-0.2563552043963465,-0.3421887965290643,103.0,0.2623115862615216
-0.4248278770650449,0.03299840809170257,104.0,0.42275728206120505
-0.20325949215277508,0.37071918012188576,105.0,0.19520565098055304
0.19894112902464475,0.36430069957648664,106.0,-0.20552862695691287
0.4120889060114634,0.026399885237298748,107.0,-0.411242740967012
0.24590681240881235,-0.32884088201172984,108.0,-0.238544413463517
-0.14082451490593476,-0.3777157405701373,109.0,0.1478723987182129
-0.3917107109823331,-0.08180216912030941,110.0,0.39203487999264364
-0.2810692815564087,0.2827134045252608,111.0,0.27450779519955365
0.08322825319172601,0.38266754958210847,112.0,-0.09056637189922251
0.36455261845489745,0.13231437872958024,113.0,-0.3659723736055845
0.30846764741022864,-0.23352234345053374,114.0,-0.3027938799474286
-0.027293436444833744,-0.3795482767455945,115.0,0.03475564507376433
-0.3315618015080627,-0.17719397008428478,116.0,0.3339844657811261
-0.32799682687062937,0.1824465581615023,117.0,0.3232744749322297
-0.02593908537683795,0.3688913851967591,118.0,0.018511780017348156
0.29374890038314605,0.2158561980583279,119.0,-0.2970667966359429
0.3397179002908451,-0.13063458821802182,120.0,-0.3359876011697946
0.07554403610168037,-0.35135257204742765,121.0,-0.06830065829551563
-0.25216377199447537,-0.24787681946480164,122.0,0.2562572864422816
-0.34384719261566526,0.07918306000166797,123.0,0.3411270406555299
-0.12072380116212046,0.32768931443322774,124.0,0.11380095596683931
0.20787185408797595,0.27299137442903226,125.0,-0.21261256415096935
0.34074283301313607,-0.02911740666411755,126.0,-0.33902932440363504
0.1608172150848129,-0.2987395367001916,127.0,-0.15433703329110982
-0.16193158896026885,-0.291091259930276,128.0,0.16718538811154593
-0.33088921319133563,-0.018624841210459764,129.0,0.33015857500752627
-0.1953050621290623,0.2653998837784639,130.0,0.18937355927536578
0.11537330419184329,0.3022168621786922,131.0,-0.121003460429982
0.3148797828587076,0.06320800410023086,132.0,-0.3150896369373395
0.22381236961247897,-0.22860406555417823,133.0,-0.21851822831325876
-0.06917989506903945,-0.30654805878141544,134.0,0.07504998467728341
-0.2933986290719691,-0.10390931829178524,135.0,0.29448993738515766
-0.24610763406161598,0.1893017085382362,136.0,0.24152140976861594
0.024269596654388506,0.30439243703641305,137.0,-0.03024626083717591
0.2672012849325478,0.14012705977825335,138.0,-0.2691005205009006
0.2620991745443676,-0.14843811540450141,139.0,-0.25827291623013793
0.018518925803727545,-0.29617160097386996,140.0,-0.012563447149107343
-0.2370952028244781,-0.17138573334727777,141.0,0.23971668888370476
-0.2718288546502352,0.10693529117971834,142.0,0.26879612396601565
-0.05843899989977807,0.28240595693583925,143.0,0.05262459583337681
0.20392030886550305,0.19733839223270516,144.0,-0.2071686689127178
0.27546345403916417,-0.06567454821042679,145.0,-0.27323971935511177
0.0948457746841488,-0.26369837572846083,146.0,-0.08928248329013982
-0.1685300293264638,-0.2177662082557362,147.0,0.17230269175991478
-0.2732840019231932,0.025480951747360037,148.0,0.2718673774024975
-0.1272034060526206,0.2407171290497744,149.0,0.12198975015441232
0.13177314741925994,0.2325754613171179,150.0,-0.13596285065604827
0.2656734081049345,0.012890184695125706,151.0,-0.26504570268806604
0.1550896067049078,-0.21417848949683918,152.0,-0.15031126069908265
-0.09447681109392406,-0.2417921597539383,153.0,0.09897405818370689
-0.2531027422759754,-0.04876459891662563,154.0,0.2532307791937424
-0.17819762161058522,0.18482936762461946,155.0,0.17392641725231417
0.05743097040360786,0.2455545389392598,156.0,-0.06212638615976471
0.23611651934668,0.08155807314649002,157.0,-0.23695368357068924
0.19633573873193597,-0.1534303370272226,158.0,-0.19262901034990051
-0.021374477699449845,-0.24410371425056934,159.0,0.026161026086515132
-0.2153173479593152,-0.11078307211346172,160.0,0.2168053168441418
-0.20942448849020254,0.12073937008271876,161.0,0.20632475118161978
-0.013016963485372918,0.23777278598898854,162.0,0.008241938668231835
0.19135029148905455,0.13605302821094498,163.0,-0.19342090273951895
0.21749172352976193,-0.08749657375749523,164.0,-0.21502667149210453
0.045140863425620514,-0.22697470798437494,165.0,-0.04047380578155915
-0.16488727634300493,-0.15708432362841085,166.0,0.16746448731808639
-0.22066580228997265,0.05441017767581796,167.0,0.21884860867698175
-0.0744759360285883,0.21218923861281277,168.0,0.07000547688098935
0.13661186190759708,0.1736960632545347,169.0,-0.13961375509605634
0.2191671254432406,-0.02214398650386737,170.0,-0.21799702008797264
0.10058797184418063,-0.19394929305417724,171.0,-0.09639358259962871
-0.1072046608330616,-0.18580777162654472,172.0,0.11054545202101959
-0.21329829325323338,-0.008693533433233452,173.0,0.21276139032790084
-0.12313359808863171,0.17282700922641392,174.0,0.11928450737678162
0.07732966830534174,0.19343518165878038,175.0,-0.08092167643840131
0.20343316434468692,0.03755840651458092,176.0,-0.20350350856782823
0.14186197226096744,-0.14941982746249763,177.0,-0.13841635445220907
-0.04762172540599114,-0.19668431192620325,178.0,0.05137726631455286
-0.19000510238491272,-0.0639784555794426,179.0,0.19064589977144183
-0.15661449524561027,0.12433686624263654,180.0,0.1536189310468873
0.018675305486757613,0.19574405262610514,181.0,-0.022508475393123728
0.17349469700887507,0.08755872387216465,182.0,-0.17465969438495654
0.16732266507223792,-0.09818585383108147,183.0,-0.16481186932971612
0.008965225424360408,-0.19087749785268207,184.0,-0.005136906474386277
-0.15441723933793552,-0.10798501072525807,185.0,0.1560522159000441
-0.17400422326284215,0.07156084922932418,186.0,0.17200102994356647
-0.034813761942063745,0.18241227347796657,187.0,0.031067871985087092
0.13331022110712637,0.125025558919086,188.0,-0.1353545551666925
0.17675777157380107,-0.045030956211731255,189.0,-0.1752733612553841
0.058448952922631074,-0.17073011584321732,190.0,-0.054856875756693485
-0.1107211102694062,-0.1385309670388052,191.0,0.11310938493786643
-0.17575605769518782,0.019130202144994335,192.0,0.1747904088157074
-0.07951899993021955,0.15625595683851362,193.0,0.07614483403303562
0.08719563559653275,0.1484324319786647,194.0,-0.08985924848741042
0.171238143976939,0.005651280395107955,195.0,-0.17078068563521626
0.09774476169589268,-0.1394467661044932,196.0,-0.09464444085093865
-0.06326678890320102,-0.15473845458272228,197.0,0.06613553287999938
-0.16350068350219374,-0.028874665729817922,198.0,0.16353112479486068
-0.11292120008209577,0.1207803914287902,199.0,0.1101418312685068
0.03944472677665523,0.15753016492279212,200.0,-0.042448311283001944
0.1528885329194798,0.05015837205400872,201.0,-0.153377841667364
0.12491723472771808,-0.10074462440620352,202.0,-0.12249665409021726
-0.016207724807693034,-0.15695544267423098,203.0,0.019277210296787528
-0.13978493157457186,-0.06918248844152958,204.0,0.14069643383252983
-0.13367410200113092,0.07982670062749955,205.0,0.13164064522801602
-0.006005692996484492,0.15322202233753332,206.0,0.002936571642131458
0.12460147193606307,0.08569168977647507,207.0,-0.12589204289162895
0.13920233873926444,-0.058503422637946334,208.0,-0.13757481803277322
0.026803357982497975,-0.1465897826506497,209.0,-0.02379699949404443
-0.10776807745069485,-0.09949666838293535,210.0,0.10938939416772639
-0.14157753220381936,0.03723207027756539,211.0,0.14036540828179936
-0.045844733270009666,0.1373624245187802,212.0,0.042958626085531776
0.08972319122666136,0.11047413961708455,213.0,-0.09162301815435689
0.14093499454208303,-0.01644223741563311,214.0,-0.14013872881347011
0.06284483280669842,-0.1258787423262993,215.0,-0.060130671821768955
-0.07090436281022398,-0.11856550435407641,216.0,0.07302784200540473
-0.1374635326954327,-0.0034712928445033986,217.0,0.13707510195482905
-0.07757678239984402,0.11250368983540059,218.0,0.07507975498311954
0.05173940131910387,0.12377427378855516,219.0,-0.0540303208664563
0.13139849314044308,0.022154550061916356,220.0,-0.13140204685012583
0.08987304972329259,-0.09761943433542732,221.0,-0.08763129566327958
-0.03263824187854712,-0.12616238100040608,222.0,0.035040257979492076
-0.12301426514943713,-0.039299198781451786,223.0,0.12338690363654134
-0.09962539579663536,0.08161658166832883,224.0,0.09766964203191883
0.013985649241421927,0.12584551913092526,225.0,-0.016443439817726974
0.11261642657291479,0.05464615190025196,226.0,-0.11332907727391636
0.10678362337912328,-0.06488574064544284,227.0,-0.10513699076264357
0.003865141767357018,-0.12298765766807324,228.0,-0.0014048114304186787
-0.10053371270120037,-0.06798797199294909,229.0,0.10155208092226913
-0.11135321779578572,0.047809578653843984,230.0,0.11003119380625793
-0.02059777419756684,0.11779489623161547,231.0,0.0181850903203052
0.08710998184606518,0.07917008234085518,232.0,-0.0883955523631224
0.11339199267642934,-0.03075550142117807,233.0,-0.11240256096634492
0.03593705545622996,-0.11050881944116363,234.0,-0.03361831260526457
-0.07269634123771226,-0.08809083235273185,235.0,0.07420740740558762
-0.11300586677603071,0.014069069470321813,236.0,0.11234978178828986
-0.04965215696219,0.10139951707125168,237.0,0.047469043140919084
0.057643584044985575,0.09470048276171646,238.0,-0.059336281883462516
0.11034390836963245,0.0019317577414078302,239.0,-0.11001510099027116
0.0615587251899432,-0.09075843094156967,240.0,-0.05954774225195754
-0.042295073216605486,-0.09899919414474284,241.0,0.04412439915084658
-0.10559279066219827,-0.01696148113601359,242.0,0.10557888902725837
-0.07151992456391178,0.07889118411285374,243.0,0.06971194785437597
0.026980190851422337,0.10103411771592662,244.0,-0.028900983361987778
0.09897080527940368,0.03077097816336645,245.0,-0.09925375343810205
0.07944645319694717,-0.06611053925938408,246.0,-0.07786643127017275
-0.012008453390845004,-0.10089569984135675,247.0,0.013976320709178508
-0.09072158132862475,-0.04315045106352007,248.0,0.09127833748163942
-0.08529559096988332,0.052729621908002566,249.0,0.08396238333434725
-0.0023356264555474465,0.09871332122320743,250.0,0.00036344833241566676
0.08110765491842602,0.05393140364608438,251.0,-0.08191095039608895
0.08906935566437205,-0.039055530945192804,252.0,-0.08799570381552511
0.015796870039130155,-0.09465039818947915,253.0,-0.013860742406462054
-0.07040402862858298,-0.06298766295762856,254.0,0.07142316863651701
-0.09081185659261945,0.02538344378951618,255.0,0.09000448116078741
-0.028152914325059546,0.0888990770444868,256.0,0.026290114821942018
0.05889185250369382,0.07023548067982648,257.0,-0.06009353991682037
0.09060594628018008,-0.011991307311383162,258.0,-0.09006576097420722
0.03921682328976042,-0.08167465308446707,259.0,-0.03746096732370703
-0.04685234800961323,-0.07563276578832746,260.0,0.048201512118358075
-0.08856927917821399,-0.0008648116347514945,261.0,0.08829171037111272
-0.04883882672620999,0.07320984381929993,262.0,0.047219397073270525
0.034561084378596216,0.07917751467015112,263.0,-0.036021697444878764
0.0848498920952654,0.012954659917337949,264.0,-0.08482529140040575
0.056907201908884326,-0.06374904136176997,265.0,-0.055449189756813476
-0.022282703229489307,-0.08090551736407182,266.0,0.02381856895250646
-0.0796214240868077,-0.024076977752767112,267.0,0.07983556011831076
-0.0633483301031004,0.053542662093255845,268.0,0.062071988349525174
0.010266172648511434,0.08088742873012958,269.0,-0.011841672144109125
0.07307809401703352,0.03406190349536854,270.0,-0.0735127087215192
0.06812597482266015,-0.04284170285717481,271.0,-0.06704668210680491
0.0012593635801306337,-0.0792253010987757,272.0,0.00032141901297903785
-0.06542955205153081,-0.04277259980645442,273.0,0.06606296653583657
-0.07123984183657843,0.031892602369840706,274.0,0.07036807362271816
-0.012088091834033967,0.07604868027915958,275.0,0.010534483839424041
0.056895717133155034,0.05010611347271366,276.0,-0.05770347178528791
0.07272349203917451,-0.02093249458258034,277.0,-0.07206489310485484
0.02204035585702314,-0.07151036975470995,278.0,-0.020543937289258726
-0.04770170625300585,-0.055993496015855765,279.0,0.04865722013939356
-0.07264168731797176,0.010184927707440825,280.0,0.07219723826743452
-0.03096478733027955,0.06578196853724995,281.0,0.02955266196859232
0.03807295329951109,0.06039922568835454,282.0,-0.039148188304841125
0.07108725641894625,0.00014389114513742307,283.0,-0.07085352535984998
0.03873973704724003,-0.0590492866115324,284.0,-0.03743571591091819
-0.0282306057185668,-0.0633199832951745,285.0,0.02939672164663471
-0.06817757250445251,-0.009868279949315703,286.0,0.0681470418097418
-0.045274018314596765,0.05150773834025395,287.0,0.044098327147952254
0.018387276429169222,0.06478284436920535,288.0,-0.019615264265641433
0.06405073665669217,0.018825662885880133,289.0,-0.06421219379311123
0.050506987512976005,-0.04335780880210565,290.0,-0.04947606422339008
-0.008743216703833451,-0.06484295845645335,291.0,0.010004498433789574
-0.0588615620712164,-0.02687853121634623,292.0,0.059200542814978295
-0.054407998779621526,0.03480068102099044,293.0,0.053534379709629064
-0.0005170366651027225,0.06358079257877483,294.0,-0.0007499480646337708
0.052777452221022,0.033915780149099545,295.0,-0.05327672419534451
0.056975280352054944,-0.026034103650909857,296.0,-0.05626757252353169
0.009227499343522795,-0.06109902031669654,297.0,-0.007980911726769534
-0.04597426299603297,-0.03985343084778395,298.0,0.04661433734903832
-0.058234289105578346,0.017248569156589483,299.0,0.0576972239955816
-0.017243034841816936,0.05751914041992325,300.0,0.016041009661364458
0.0386322339071488,0.04463475870432349,301.0,-0.03939189308396804
0.058235607137706404,-0.00862386213609262,302.0,-0.05787017014391008
0.024441092223782865,-0.052977909467438675,303.0,-0.023305481210960585
-0.03093206708422334,-0.048229859843938926,304.0,0.031788897021981025
-0.05705244984800443,0.00032602643069461895,305.0,0.05685607840209257
-0.030722883273221514,0.04762367195886928,306.0,0.02967291487926852
0.023051225206681323,0.05063469739365696,307.0,-0.023982140872443533
0.05477785881889149,0.007495211683311541,308.0,-0.054744701121697686
0.03601400782030257,-0.04161266844891643,309.0,-0.03506604891482471
-0.015160510909950069,-0.05186967720763063,310.0,0.01614226487967635
-0.051521654944474804,-0.014708538373803433,311.0,0.05164288052999772
-0.04026454664653488,0.03510539808915681,312.0,0.03943193629288109
0.0074209808440431095,0.051977809418168805,313.0,-0.008430645565950766
0.6416619843800643,-0.6935067129953665,0.0,-0.2787034095419305
-0.20393816172487078,-0.8823976438072334,1.0,0.22081920764059348
-0.8471569510808106,-0.29510700581495464,2.0,0.8502100785986599
-0.7065035725788078,0.5491794710489722,3.0,0.6932234439779056
0.07446870614326745,0.8768502320642108,4.0,-0.09167026173183879
0.7721905937568303,0.39986840137762714,5.0,-0.7775779882010092
0.7532001771673326,-0.43165394551997693,6.0,-0.7421034009906158
0.048975583416190675,-0.8537924544382726,7.0,-0.03182202924607358
-0.6858850879577217,-0.4903964255190474,8.0,0.6933612431189534
-0.7818587619498704,0.3121935751793292,9.0,0.7730438764156472
-0.16423496943688898,0.8147129854388258,10.0,0.1474754911060211
0.5906560597919412,0.5656788019741865,11.0,-0.5999472853140508
0.792946919753891,-0.1933406273474586,12.0,-0.7864603154602109
0.2694419526838006,-0.7613396558469444,13.0,-0.25339445607442335
-0.4889599472798855,-0.6250722715708625,14.0,0.4997715763044325
-0.7872623611054212,0.07747696543355609,15.0,0.7831003743769301
-0.36304223485968684,0.6955903846332634,16.0,0.34799163213840856
0.3832416644991153,0.6682941849830867,17.0,-0.3952652681904689
0.7658974657960347,0.03321505231984101,18.0,-0.7640093681298923
0.44380809059557375,-0.6195231023556846,19.0,-0.43000242706043745
-0.275885547906991,-0.6954072509839746,20.0,0.2888060097275086
-0.730199905808242,-0.13678533946683502,21.0,0.730491676435022
-0.5108443188612852,0.5352857432292413,22.0,0.49849187514397875
0.1691703913576538,0.7067981489817962,23.0,-0.18267270538505187
0.6817303692383894,0.23154221585323542,24.0,-0.6840691284664054
0.5635870848968703,-0.44506731893205365,25.0,-0.5528544566550455
-0.06522924620624106,-0.7031507981344839,26.0,0.07900491729672221
-0.6222184138547012,-0.3160717646775857,27.0,0.626437388550794
-0.6017960902416539,0.35105100621600493,28.0,0.5928072274725726
-0.033985473409253814,0.6854151378737844,29.0,0.02023253458969365
0.5535174570644988,0.38925041312036723,30.0,-0.5594213462947103
0.62554061864853,-0.25537008515297055,31.0,-0.6183767882777802
0.1267311793676059,-0.6547723161767199,32.0,-0.113279356922667
-0.47755986799838784,-0.4502508753045606,33.0,0.48493047639702885
-0.635180098323087,0.1600674581391326,34.0,0.6298807170627865
-0.21149833108901592,0.6125972027841501,35.0,0.19860367317519667
0.39631306910396646,0.4985417232671291,36.0,-0.40491507780991837
0.6313398951580197,-0.06705936443427263,37.0,-0.6279041650143898
0.28702756501140836,-0.5604191455568425,38.0,-0.274919877061941
-0.3117374812676263,-0.5338809657427668,39.0,0.3213242310447151
-0.6148831070064248,-0.021896216117133216,40.0,0.6132723734314979
-0.352320738411544,0.4998818704200969,41.0,0.3412004376006225
0.22574706041991205,0.5563041143127163,42.0,-0.23606622863651838
0.5868791655247555,0.10522610065331339,43.0,-0.5870199081687235
0.40664601736210554,-0.4327033903273439,44.0,-0.3966817679496276
-0.14017307731657655,-0.5661073006609033,45.0,0.15097213950637456
-0.5485700700753221,-0.18156313702507088,46.0,0.5503574284730947
-0.44953725218819374,0.36063673809055313,47.0,0.4408643843630494
0.05673168827598721,0.5638260765002318,48.0,-0.06776306574588331
0.5013350783229685,0.24976201070695064,49.0,-0.5046368096573314
0.48078798579538984,-0.28543227371740754,50.0,-0.4735076845495831
0.023004264347263197,-0.5502105787592428,51.0,-0.011978457269287146
-0.44665466152540134,-0.3089096194414673,52.0,0.4513154248122375
-0.5004405292854622,0.20880224115752383,53.0,0.4946197649699574
-0.09762889474991786,0.5261977767911216,54.0,0.08683257706144643
0.38607450041708563,0.35833012096673444,55.0,-0.39192036096998756
0.5087706142992233,-0.13238816430951483,56.0,-0.5044427730834731
0.16592214386020482,-0.49288153597293977,57.0,-0.1555615271654598
-0.32117025157619,-0.39758486138226773,58.0,0.32801330131129014
-0.5062681918192544,0.057731580044532715,59.0,0.50343435247196
-0.22686377125124518,0.4514812337059404,60.0,0.21712419701794744
0.2535137559884316,0.4264674837380898,61.0,-0.26115674885538454
0.4936149923600903,0.013751490853230464,62.0,-0.49224578574593325
0.27964246830771516,-0.4033096504084144,63.0,-0.2706858537656409
-0.1846412930726883,-0.4449945970111425,64.0,0.192882200455598
-0.4716594925298858,-0.08079203329719786,65.0,0.47169747206822227
-0.3236601914177938,0.349740830756409,66.0,0.3156231005991686
0.11602440670103702,0.4533924537861821,67.0,-0.12466080480021846
0.44138994813601157,0.14228528624259495,68.0,-0.44275239325530513
0.35853190542583824,-0.2921785705446625,69.0,-0.3515242481757941
-0.049043746773842975,-0.452080140026743,70.0,0.05787695652502006
-0.4039061548842695,-0.19730364595872962,71.0,0.4064882252394614
-0.3840810098489925,0.23202613365044422,72.0,0.3781853586918904
-0.015033717251183654,0.44164982194293756,73.0,0.006194807508958788
0.3603905851031824,0.24510521483921355,74.0,-0.36406874097933
0.40033079229589763,-0.17065774336189943,75.0,-0.39560229507381195
0.0750738438108853,-0.4228446230778761,76.0,-0.06640933218898804
-0.3120795238534862,-0.2851380754683505,77.0,0.31671512768877
-0.4074923142659287,0.10939232455137421,78.0,0.4039591696279211
-0.13009065016762877,0.3965347195546377,79.0,0.12176659976228688
0.260234791493812,0.3170404519588003,80.0,-0.2656778067271076
0.40594918347023073,-0.04946989964727033,81.0,-0.4036136367658026
0.17925773727513197,-0.36369224342665746,82.0,-0.17142361610407053
-0.20611659365786986,-0.3406369947863945,83.0,0.2122093000053582
-0.3962397036905911,-0.007969036080846814,84.0,0.3950795127061703
-0.2219158036911422,0.3253655739580727,85.0,0.21470241122828193
0.1509579851661962,0.35593149043089806,86.0,-0.1575386338096696
0.37903691793354005,0.06190091395914171,87.0,-0.3790072313003894
0.25757632347478915,-0.28265357534420954,88.0,-0.2510942176156
-0.0959413732384418,-0.3630963522976822,89.0,0.1028477110834991
-0.35512707344786454,-0.11143310002331958,90.0,0.3561626594858745
-0.28592153665959824,0.2366803079456592,91.0,0.28025996396666836
0.04217741912543285,0.3624592940979672,92.0,-0.049250018079951
0.3253870384885804,0.15581442440704224,93.0,-0.3274047987484847
0.3068009672347404,-0.18857069978420876,94.0,-0.30202728891297353
0.00931337241259494,-0.35448762080594814,95.0,-0.0022280374982114326
-0.29076119117182475,-0.19444222044295578,96.0,0.29366289097502607
-0.32022474167413945,0.13942761717432056,97.0,0.3163843380788886
-0.057616157875345554,0.3397705954254371,98.0,0.05066293056618987
0.25223828119926295,0.22686593357308882,99.0,-0.25591342900464137
0.3263540302231769,-0.09031071934905377,100.0,-0.3234706579776565
0.10193420792062427,-0.31900035224818696,101.0,-0.0952468099385434
-0.21082873661936283,-0.2527874264294351,102.0,0.21515754498970183
-0.32548897290602863,0.042217423244386154,103.0,0.32356554100593804
-0.14159823285076345,0.29295182943588255,104.0,0.1352971921211793
0.16754285124473461,0.2720581662798392,105.0,-0.1723992144404446
0.31805448229361033,0.003933757304984964,106.0,-0.31707420701528194
0.17607257315136532,-0.2624621861687429,107.0,-0.1702635408475596
-0.12337024506548369,-0.28467353359807807,108.0,0.12862467173804487
-0.3045843354239125,-0.047317297385056634,109.0,0.30451222848706394
-0.2049583117441121,0.22841015299217934,110.0,0.19973077990280141
0.07926094126020254,0.2907645351633417,111.0,-0.08478338521629464
0.2857039780460331,0.08721203531456889,112.0,-0.28648861835805933
0.2279934239218648,-0.1916957392248686,113.0,-0.22341984638530696
-0.03610835051784492,-0.29058724137693803,114.0,0.04177088791621819
-0.26211246590444975,-0.12300976202429661,115.0,0.26368800233750805
-0.24505013442859358,0.15322068934694566,116.0,0.24118544550167306
-0.005265602336865634,0.28451029515175835,117.0,-0.0004137051402716696
0.23456396059740506,0.15422101299412141,118.0,-0.23685229161160004
0.25612969807927183,-0.11387004222965957,119.0,-0.2530112155316297
0.044123031677231625,-0.27300085872254615,120.0,-0.03854343676201799
-0.203849182287133,-0.18047810786170973,121.0,0.2067622577718152
-0.26135486011300574,0.07449510403136711,122.0,0.2590025521154006
-0.0798202041658961,0.2566093751591672,123.0,0.07444799307352784
0.17077719899032184,0.20153553616606548,124.0,-0.17421939039129988
0.2609602847429803,-0.035898098732385364,125.0,-0.2593773741157949
0.1118151480317654,-0.23595352353083693,126.0,-0.10674750395503849
-0.13615790321818957,-0.21726783592986249,127.0,0.14002838976976684
-0.2552812648908022,-0.0011812892111603968,128.0,0.25445513873142434
-0.1396727495855708,0.21170174100001915,129.0,0.13499500191014105
0.10078549232901819,0.22766515423171046,130.0,-0.10498061392233957
0.24474104282323672,0.03607731658687788,131.0,-0.2446444312285309
0.16306737965267945,-0.18455667219398036,132.0,-0.1588519588356467
-0.06542323011879633,-0.23282671504800678,133.0,0.06983876089739036
-0.22983708045959278,-0.06820741534060204,134.0,0.23042946469996958
-0.18178314035305024,0.15523888669727884,135.0,0.17808885600452892
0.03078972495603936,0.23295244908709947,136.0,-0.035323026011854636
0.21112661975131072,0.09707919712925658,137.0,-0.21235582789386628
0.19571186578953864,-0.1244711802045409,138.0,-0.1925835038164507
0.002453084779970388,-0.22833306288514751,139.0,0.00209892965170419
-0.1892118681504233,-0.12229521588093983,140.0,0.19101581476397497
-0.20484904810880458,0.09296374462869433,141.0,0.2023172765330207
-0.03371009303034692,0.21933884003028556,142.0,0.02923303409193931
0.16472513229868294,0.14355552206478467,143.0,-0.16703365846805623
0.2092878926077428,-0.061400458170903505,144.0,-0.2073694600006317
0.06246123734080132,-0.20640747611054033,145.0,-0.058145823466546065
-0.1383142053044437,-0.16065808532237968,146.0,0.14105097568796424
-0.20921173174879978,0.03042650896417351,147.0,0.20790993720380416
-0.08826770571739656,0.1900312510704862,148.0,0.08419229052594845
0.11062829003381548,0.1734972010020054,149.0,-0.11371270506262104
0.20488504793805384,-0.0006375263404451159,150.0,-0.20419045720971174
0.11077612954741489,-0.170743838452974,151.0,-0.10700962259241609
-0.08230471349381323,-0.1820600304126197,152.0,0.08565379693968964
-0.19664336866457022,-0.027429647027362586,153.0,0.19653474757493355
-0.12972079459199384,0.14910704094556776,154.0,0.12632180985695338
0.053956656441345535,0.1864214538452831,155.0,-0.05748688139613545
0.18488230518271728,0.05330444998888351,156.0,-0.1853277386574801
0.14492394050167218,-0.12569772629643178,157.0,-0.14194020387323647
-0.026162088651778704,-0.18673743929805203,158.0,0.02979110837073473
-0.17004600754544108,-0.07658831327604199,159.0,0.1710041707111934
-0.156294254079105,0.10109521762997536,160.0,0.15376226676828988
-0.0005459353300714789,0.18323714821130058,161.0,-0.0031023186174944373
0.15261530477966126,0.0969585731431298,162.0,-0.1540368514155796
0.16382369212104106,-0.07586936815529854,163.0,-0.1617686419746571
0.02568750181941949,-0.17621401231702977,164.0,-0.02209533212093981
-0.13309578974533695,-0.11417061332403472,165.0,0.13492482301527553
-0.167582795734417,0.05056952294922701,166.0,0.1660187038026923
-0.04884250381621865,0.16601602299964652,167.0,0.0453762099940519
0.11200609423031481,0.12805829491807016,168.0,-0.11418168499370933
0.16771467927398878,-0.025714540650539214,169.0,-0.16664476495278294
0.06965570229124353,-0.15303547652394792,170.0,-0.06637845155437444
-0.08986658166416707,-0.13853276516503205,171.0,0.09232430071491646
-0.16442789333880803,0.0017840162801135984,172.0,0.16384513793315936
-0.08784017343796323,0.1376984153795218,173.0,0.08480760965650425
0.0671886630988682,0.1455797637424687,174.0,-0.06986209535686114
0.15798837254994127,0.020789186250534802,175.0,-0.15787625824055176
0.10317916577378072,-0.12045399818087284,176.0,-0.10043871591638817
-0.04446491745223301,-0.14925556886722832,177.0,0.047287128364709996
-0.14871068517413055,-0.04162501633820259,178.0,0.14904408414337314
-0.11552642192403864,0.1017640184798925,179.0,0.1131168100002964
0.022160170112437063,0.14968174486182156,180.0,-0.025065097224728355
0.1369488032162917,0.06040089056773848,181.0,-0.13769499010651212
0.12480504795427183,-0.08209277698498885,182.0,-0.1227560142653427
-0.0007036555367402984,-0.1470388678066046,183.0,0.003627401285703352
-0.12308660862485722,-0.07685490680050769,184.0,0.12420636855419859
-0.13100503783042294,0.061897492585551786,185.0,0.12933725728008874
-0.019517639884977532,0.14155941639738676,186.0,0.0166356346927167
0.10752834406282302,0.09078763695010636,187.0,-0.10897714809993839
0.13417958167396052,-0.041619415825357026,188.0,-0.1329047712084347
0.038164388042017515,-0.1335200212097505,189.0,-0.035380306984947874
-0.0906892056854178,-0.10206254475483241,190.0,0.09241842594754787
-0.1344403037210613,0.021675784652003954,191.0,0.13356150570040878
-0.05494904497212728,0.12323326736784465,192.0,0.05231380816636766
0.07298626097908012,0.11060510012398525,193.0,-0.07494439833209805
0.13195158916561894,-0.0024527369962148993,194.0,-0.13146361465667117
0.06963868327031918,-0.11103924334309845,195.0,-0.06719721827401888
-0.05482985744511459,-0.11640068397600428,196.0,0.05696375610402572
-0.12692416832632203,-0.015700731395845643,197.0,0.1268141819884866
-0.0820565487568876,0.0972970225485173,198.0,0.07984722581014542
0.036615668274047095,0.11949139661661061,199.0,-0.03887169336438692
0.11960813187338823,0.032477701862329705,200.0,-0.11985635829666957
0.0920823840384218,-0.08237625488946472,201.0,-0.0901366175564397
-0.01871749969064928,-0.11997189842081198,202.0,0.021042655976439423
-0.110285552304111,-0.04761712457353108,203.0,0.1108660823603843
-0.09965158419171755,0.06664903287916198,204.0,0.09799359893291788
0.0014809618980042526,0.11798442376536658,205.0,-0.0038239343517531416
0.09926288466228951,0.060906456582940985,206.0,-0.10014455964634378
0.10475326975423362,-0.05048218175695403,207.0,-0.10340002682830807
0.014781917950863078,-0.11371311776518492,208.0,-0.012469818347689635
-0.08686331391191637,-0.07218315971493944,209.0,0.0880106649605146
-0.10742737926387372,0.03423010572125629,210.0,0.10638865417828897
-0.02979708605159643,0.10737785042978185,211.0,0.027561084996550536
0.07341920771119516,0.08133509422285662,212.0,-0.07479342817425044
0.10776089757712437,-0.018228303385022168,213.0,-0.10703949987932904
0.04333182427221832,-0.09922766448045926,214.0,-0.04121296602756168
-0.05926482194472075,-0.08829986451640004,215.0,0.060824751014346215
-0.10588334700257603,0.0027876453645234167,216.0,0.10547546880504935
-0.05519707598346954,0.08953401142118102,217.0,0.05323163212326905
0.04472939264956185,0.09306319129209747,218.0,-0.04643248958652632
0.10196167588164713,0.011810513999248942,219.0,-0.10185735467636191
0.06524874845362647,-0.0785839257589592,220.0,-0.06346775811084823
-0.030130732330127065,-0.09565639987205873,221.0,0.03193402201986828
-0.09619468366274825,-0.025318339944596854,222.0,0.09637836335634548
-0.07338802491982224,0.06667327979880303,223.0,0.07181696822490258
0.01576943152699592,0.09615312730131993,224.0,-0.017630403805603753
0.08880712284451031,0.037524605736008465,225.0,-0.08925829588386017
0.07956073766093129,-0.05410025150533758,226.0,-0.07821934125613231
-0.0019237483212206086,-0.09466536067128953,227.0,0.0038011954731370645
-0.08004361656072857,-0.04825685671815419,228.0,0.08073752936728809
-0.08375586950551568,0.04115912587400079,229.0,0.0826580404009615
-0.01115475035066544,0.09133892618808719,230.0,0.009299971357418294
0.0701625262476458,0.057382659796763116,231.0,-0.07107092992597264
0.0860032650071899,-0.02813453645750398,232.0,-0.08515714664849713
0.02324475070578665,-0.0863485527154385,233.0,-0.02144904236454824
-0.059429897020245,-0.06480996619489875,234.0,0.06052182543677221
-0.08637064386304621,0.015296238531317535,235.0,0.0857787861532296
-0.034157931398714286,0.07989263497105013,236.0,0.0324543749045951
0.04811359937135707,0.07048663174589374,237.0,-0.049356157185085
0.08496001795056589,-0.002894489241388465,238.0,-0.08461965113254098
0.04374087228003625,-0.07218782037328349,239.0,-0.04215874814066156
-0.03647777490701442,-0.07439915354032679,240.0,0.03783691894444115
-0.08190361958405556,-0.008843906655015762,241.0,0.08180702036509581
-0.05187614217526336,0.06346353990100334,242.0,0.05044055603749105
0.02477768137528966,0.07657069425711528,243.0,-0.026218979846661244
0.07735945226627247,0.019718843794525737,244.0,-0.07749438936606147
0.058482591370931904,-0.053956597458743906,245.0,-0.057214206545384665
-0.013255018577615442,-0.07705847584228975,246.0,0.014744373984003148
-0.07150657640844484,-0.029559431108468134,247.0,0.0718568218443159
-0.06351488917356682,0.04390592438187298,248.0,0.06242976508507952
0.002133802219986712,0.07595063226901445,249.0,-0.003638125361815972
0.06454024133216871,0.03822576610553817,250.0,-0.06508613321430136
0.06696235991015219,-0.03354759614764315,251.0,-0.06607189358994926
0.008383162287638964,-0.07336261688820922,252.0,-0.006895338059642389
-0.05666697151061284,-0.045609975581072035,253.0,0.05738601390165063
-0.06884718189920273,0.02311019737309461,254.0,0.06815814770803726
-0.01811716930598829,0.0694332633761605,255.0,0.01667514261015024
0.048099709650190045,0.051636544307042224,256.0,-0.04896719513097111
0.06922202311953679,-0.012810609083926117,257.0,-0.06873670417370457
0.026915844028946014,-0.0643206005643937,258.0,-0.025546275832589067
-0.039053112082794494,-0.05626196648247428,259.0,0.04004275303958565
-0.06816719446681807,0.0028502793418945516,260.0,0.06788359775401212
-0.034654708101288366,0.05819752060289963,261.0,0.03338123309327361
0.029739083281257614,0.05947376647267058,262.0,-0.03082363856773032
0.06578740658855624,0.006587975069647922,263.0,-0.06569955252395852
0.041238086702622405,-0.051247397099033615,264.0,-0.04008100884720724
-0.02036262639185377,-0.06128894548296852,265.0,0.02151451089050918
-0.062208219343017096,-0.015342601781063482,266.0,0.06230649554234605
-0.04659937699915552,0.043659745263701956,267.0,0.045575450558687086
0.011118075772443671,0.06175191918995193,268.0,-0.012309941452957919
0.05757227399330262,0.02327536015318616,269.0,-0.05784384232778928
0.05070070969462951,-0.03562600988291656,270.0,-0.0498230051991384
-0.002185765912894058,-0.06093201791868457,271.0,0.0033910442313173778
-0.05203539741893775,-0.030272775252599762,272.0,0.05246464297056948
-0.05353204590692552,0.027335559334740744,273.0,0.052809898849425496
-0.006270820927576962,0.058920625683230365,274.0,0.005077424070523313
0.045762665030806594,0.03624700346780578,275.0,-0.046331675376595424
0.05510976062216811,-0.018971955126759754,276.0,-0.05454879910413369
0.014107398232911648,-0.055828037307185045,277.0,-0.01294946227734281
-0.03892450486701555,-0.04113612642478958,278.0,0.03961356817934348
-0.055474771435545134,0.010709556779227268,279.0,0.05507701760403638
-0.021200691863206982,0.05178011396246629,280.0,0.020099701883879995
0.031692919706550415,0.04490390051767103,281.0,-0.03248103044244801
0.054690277117012506,-0.002710511574752425,282.0,-0.05445431603278325
0.027449723544557613,-0.046914816885355086,283.0,-0.02642475525268171
-0.024237897162745558,-0.04753899885070922,284.0,0.02510325861524939
-0.0528391747170761,-0.004877832015515449,285.0,0.052760383291858816
-0.03277656615987611,0.04137869686123969,286.0,0.031844038251391676
0.01672406982119288,0.04905379056900237,287.0,-0.01764458349614865
0.05002122646405934,0.011925059296456486,288.0,-0.05009205431322097
0.03712658623944561,-0.035323413451342836,289.0,-0.036300081202756615
-0.009307678786867234,-0.049482709344350825,290.0,0.010261411417887348
-0.04635004864362808,-0.018319355582945944,291.0,0.04656034211875798
-0.04046819858263231,0.0289023530214607,292.0,0.039758351625206884
0.0021338847268331396,0.04888026812347062,293.0,-0.0030995047324151523
0.04194999406784623,0.02396869711202905,294.0,-0.042287354364383585
0.042792166412511684,-0.02226740860134295,295.0,-0.042206620798201436
0.004665539139864387,-0.047318781115132935,296.0,-0.0037083628524179485
-0.03695299773510884,-0.02880157009301554,297.0,0.0374031638076245
-0.04411048776299098,0.015565977642121483,298.0,0.043653913599845016
-0.010974107427965204,0.04488585639564531,299.0,0.010044350231754283
0.031495451977665956,0.032767230750586365,300.0,-0.032042699030029355
0.044454914843114854,-0.008938226042063402,301.0,-0.04412908724564081
0.01669210137721204,-0.04168172348597312,302.0,-0.01580707595521029
-0.02571517293293521,-0.03583552780259746,303.0,0.02634271747231586
-0.04387515786551567,0.002514658578621834,304.0,0.04367908944378428
-0.021737620525027458,0.03781645986323479,305.0,0.020912721590899616
0.019748514716330566,0.03799631646485276,306.0,-0.020438917550127354
0.04243682824501057,0.0035859726840790224,307.0,-0.0423669500618609
0.026047210745174392,-0.03340717869948368,308.0,-0.02529571363876779
-0.01372768138628196,-0.039258499688428775,309.0,0.014463240486523345
-0.04021917817658399,-0.009258399155662907,310.0,0.04026956267044748
-0.02957608054981765,0.028575237281331014,311.0,0.02890899466565613
0.007778279852265612,0.039648737837382035,312.0,-0.008541405686624572
0.0373126944232543,0.014412191460755237,313.0,-0.037475313318753256
0.19443935569890827,0.9850886568806635,0.0,-0.15604687729861566
0.9366296946383831,0.36273151609122645,1.0,-0.9407307708671769
0.8115443745473291,-0.5879807843232193,2.0,-0.7971424964592938
-0.04978286388141243,-0.984650598637515,3.0,0.06921181725891123
-0.8487391839082238,-0.4771748691387351,4.0,0.8554102134654379
-0.8592992784382822,0.45460677004954764,5.0,0.8473926169714713
-0.08746197593367225,0.9541261985700878,6.0,0.06818367912223566
0.7487053199138132,0.5752487548131857,7.0,-0.7576609646501975
0.8867966833693179,-0.31975403945426695,8.0,-0.8774820866708422
0.214935492635766,-0.905974336878595,9.0,-0.1961911617585299
-0.6392697700107273,-0.6559118253005408,10.0,0.6501948439643424
-0.8946570507030391,0.18625134756209305,11.0,0.8879730093857177
-0.33061416129920257,0.8422008718804846,12.0,0.31275392369939425
0.5232057512153936,0.7185374781550835,13.0,-0.5357633690803243
0.8838640879558509,-0.056735258377738074,14.0,-0.87979335075232
0.4328321821001885,-0.7650125627143436,15.0,-0.41616779456077446
-0.40325979107543164,-0.7629024472800927,16.0,0.4170994834621544
-0.8557235882982179,-0.06639228534533415,17.0,0.8541967590726565
-0.520294527145179,0.6767604886139011,18.0,0.5050952698915173
0.2820974229346013,0.7891678552438183,19.0,-0.296863055309185
0.8118181164623622,0.1809991496536184,20.0,-0.8127181022730525
0.5920816867338987,-0.5798838279979607,21.0,-0.5785713604422621
-0.1622536909232809,-0.7978535513080398,22.0,0.1775910366005412
-0.7539587045439986,-0.2852506603946675,23.0,0.7571258747308907
-0.6476465019144886,0.4768551198458354,24.0,0.6360015245651524
0.04608919120981897,0.7898066480922851,25.0,-0.06165302452849464
0.6841347142414028,0.3776295941975455,26.0,-0.6893726242060005
0.6868036086089726,-0.37012803431342445,27.0,-0.6771521868431141
0.06424777885892523,-0.7661652346228212,28.0,-0.04878718549958638
-0.6044629920143885,-0.45694854894011094,29.0,0.6115445223963734
-0.7097121382635085,0.26208856870688135,30.0,0.7021344675197355
-0.16685254961093665,0.7283182846765515,31.0,0.15180362227111888
0.5171373924251267,0.5223548858958693,32.0,-0.5258111546256783
0.7168524195679034,-0.1550104619151077,33.0,-0.7113818490185556
0.2600886285407661,-0.6778627973756808,34.0,-0.24573345946266867
-0.42437967481627764,-0.5733285756388062,35.0,0.4343765370817737
-0.708997504436421,0.05101548842073311,36.0,0.7056225868445872
-0.3426053659500483,0.6165592028897071,37.0,0.3291955099138094
0.32839269201524035,0.609673404768945,38.0,-0.3394322863332483
0.687180398767449,0.04796084473283446,39.0,-0.6858477320412367
0.4133487783365162,-0.5462860412394535,40.0,-0.40110191488988145
-0.23131668963761265,-0.6315021089325642,41.0,0.2431137682230744
-0.6526579145785688,-0.1401978150050931,42.0,0.6532756711258945
-0.47156570786664964,0.46899487827786746,43.0,0.46066318688884333
0.13518942362960076,0.6392160882075221,44.0,-0.14745994448357447
0.6068720754498482,0.22421197242014745,45.0,-0.609314107499487
0.5168016214125996,-0.38666636195671067,46.0,-0.5073868904864184
-0.04191068482375601,-0.633480432901199,47.0,0.054377518374735256
-0.5514100026975108,-0.29877349236485273,48.0,0.5555204065500599
-0.5488924643196871,0.30126824620422044,49.0,0.5410703585459503
-0.046788304635201707,0.6151950407888007,50.0,0.03439014180631972
0.4879631865902925,0.3629164178293909,51.0,-0.49356120624515
0.5679510808084471,-0.214716121541077,52.0,-0.5617879392800537
0.12937028429305764,-0.5854626408266974,53.0,-0.1172889475437372
-0.418287006764768,-0.41594293863415094,54.0,0.4251721574302389
-0.5743487936083347,0.12883749346893736,55.0,0.5698733520361822
-0.20451192481330108,0.5455545538297143,56.0,0.19297467443444183
0.34416131060312505,0.45742196787097317,57.0,-0.35211860508071235
0.5686927993617438,-0.04533974424830445,58.0,-0.5658977954966562
0.27111828353408124,-0.49687501826211106,59.0,-0.26032807955231496
-0.2673527897213387,-0.48718237661506497,60.0,0.27615795538014104
-0.5518000832022952,-0.034217596490667135,61.0,0.5506445008930134
-0.3283317732599751,0.44092489024718157,62.0,0.3184645627650473
0.1895798150426917,0.5053013355790201,63.0,-0.19900439582790475
0.5246685857414466,0.10844595926953415,64.0,-0.5250804547972555
0.3755357814051259,-0.3792654925089792,65.0,-0.36673849324028923
-0.11248030246577609,-0.5120882857657556,66.0,0.12229654887413677
-0.48844636887791704,-0.1761460196099418,67.0,0.49032603142506903
-0.41235317742071864,0.31348333881547397,68.0,0.4047424238277697
0.037583086188392414,0.5080651186739884,69.0,-0.04756854609981154
0.4443995240766438,0.23632106918138274,70.0,-0.44762327380964
0.43864003654605127,-0.24515640037337888,71.0,-0.43230150700182823
0.03371682237177243,-0.49394318989043995,72.0,-0.02377508794590283
-0.3938795490331384,-0.2881854874571166,73.0,0.39830354763155107
-0.4544749861093292,0.17582251045414,74.0,0.44946350537027085
-0.10017881315417385,0.4705978179760136,75.0,0.09048045331062071
0.33829088717696687,0.33116842690531056,76.0,-0.34375526209278334
0.4601446459766203,-0.10695042531881443,77.0,-0.4564848564715924
0.1607329174071039,-0.4390409337348956,78.0,-0.15146100482029579
-0.2790592807145563,-0.3649129155078598,79.0,0.2853923104290568
-0.4561256867208466,0.039913975314693206,80.0,0.45381330505458184
-0.21449163138722394,0.4003925438396838,81.0,0.20580990430441037
0.21760153347174033,0.3892706617342946,82.0,-0.2246238300062131
0.4430640673812874,0.02403034809715765,83.0,-0.4420676559588847
0.2607573405182686,-0.35585165823346476,84.0,-0.252807998592208
-0.15529721640047303,-0.40429291789629435,85.0,0.16282582017710628
-0.4217520393249295,-0.083762113640585,86.0,0.42201522706861605
-0.29902544922550073,0.30666730381587765,87.0,0.29192751576152587
0.09346277807257823,0.4102178172469842,88.0,-0.10131508694884661
0.3931035139982982,0.138311814080965,89.0,-0.3945475948382293
0.3289834028730946,-0.25411020891348585,90.0,-0.322831653813023
-0.033328446646913194,-0.40745464771689455,91.0,0.04132590887181792
-0.35812839082124187,-0.18687179497781703,92.0,0.3606552251120071
-0.3505058609216057,0.19944569535341655,93.0,0.3453703093422317
-0.02398176948386989,0.39656556052369313,94.0,0.0160102597529721
0.3179064278997799,0.22880325522649597,95.0,-0.3214015701122272
0.36364634360965564,-0.1439082591376728,96.0,-0.3595722578703969
0.07746675607215121,-0.3782452350491264,97.0,-0.06968181242603289
-0.2735612136008973,-0.2636394057728182,98.0,0.27789718950203324
-0.3686257274159269,0.08867825836048726,99.0,0.36563415150937123
-0.1262614969270213,0.3532990325770226,100.0,0.11881058515948756
0.22623476248285856,0.2910849459893497,101.0,-0.2312744204452155
0.3658180067940551,-0.03486105977527326,102.0,-0.36390674306922566
0.16964674092113025,-0.32262017120476255,103.0,-0.16266194553000435
-0.17706321589059698,-0.3110120828050486,104.0,0.18266307985624286
-0.3557337709588502,-0.0165310750515954,105.0,0.35487877830501374
-0.207055141458099,0.2871664431483335,106.0,0.20065137504172992
0.12715407708799753,0.3234533748861615,107.0,-0.1331676328975523
0.33900186483877537,0.06459415514099925,108.0,-0.3391590196990134
0.2380739489635541,-0.24793697461450756,109.0,-0.23234761513667712
-0.07756535455549828,-0.328591732298497,110.0,0.08384620668576759
-0.3163497129210495,-0.10854454032474509,111.0,0.31745687618979096
-0.2624444023760204,0.20594949841989368,112.0,0.25747251298730733
0.029286926514754157,0.3267479406896547,113.0,-0.03569176856845019
0.28858278403101784,0.1477278702711904,114.0,-0.2905621139858164
0.28005802424891973,-0.1622185717277641,115.0,-0.2758977623988422
0.016775623664589824,-0.318366107886469,116.0,-0.010384274282656814
-0.2565636647202011,-0.18162484422538427,117.0,0.259324114619994
-0.290950075133669,0.11773512687139914,118.0,0.28763878691869676
-0.05981451631283187,0.3039974498841133,119.0,0.05356586142051395
0.22119118966229376,0.2098539173153323,120.0,-0.22463112846055788
0.29529046579952734,-0.07344769352791325,121.0,-0.2928460559823114
0.0991305084776884,-0.2842828426946695,122.0,-0.09314332363703687
-0.1833800501842328,-0.2321710381516802,123.0,0.18738994588816116
-0.2933724601620096,0.030245576814745267,124.0,0.29179416019850535
-0.13414079447458496,0.25993456678720595,125.0,0.12852162050699306
0.1440412678106248,0.2484666053594419,126.0,-0.14850637526317212
0.28559952733932537,0.011055780470546617,127.0,-0.284868998458536
0.1643840782379661,-0.23171766242165173,128.0,-0.15922576688781567
-0.10406387957700529,-0.25875986689686137,129.0,0.10886687774018064
-0.2724707180267584,-0.04972708095830086,130.0,0.27255344741551624
-0.18952287901343673,0.20043129773231458,131.0,0.18490350171468412
0.0642981370290491,0.2631910249882917,132.0,-0.0693216650736872
0.25456494854201855,0.08513498847234346,133.0,-0.25541189317152974
0.20934318461507084,-0.16689052775553506,134.0,-0.2053253054079586
-0.02554047245699409,-0.26201134085682337,135.0,0.030669518968744203
-0.2325245757856831,-0.11674942050669365,136.0,0.2340740060245193
-0.22375161376585992,0.1319087926200331,137.0,0.22038191994837586
-0.011479564792942038,0.2555715569885202,138.0,0.006355459525224927
0.2070386384638698,0.14414831604316364,139.0,-0.20921813234833012
0.2327702902933283,-0.09628146780758601,140.0,-0.2300795674812771
0.04611025096862501,-0.24430897037752716,141.0,-0.041095013487162796
-0.17882612484934512,-0.16701992876692953,142.0,0.18155466367850218
-0.23652966668042905,0.06077073977161243,143.0,0.23453309872972927
-0.07778641049114429,0.22873349821668207,144.0,0.07297570096927788
0.14861960583661094,0.18516274314984774,145.0,-0.15180972256869707
0.23525956234694384,-0.026092037331117424,146.0,-0.23395733112015427
0.10603587034953352,-0.2094130781059525,147.0,-0.10151561844729082
-0.11714954488968153,-0.19848315354142615,148.0,0.12070947857306252
-0.22927870289119726,-0.007097795802292611,149.0,0.22865685820636716
-0.1304836471301307,0.18695873846486777,150.0,0.1263288710118221
0.0851295645684024,0.20699108374317063,151.0,-0.08896537663917181
0.21898306034080944,0.038210448212127185,152.0,-0.2190146266773164
0.15085391356570155,-0.1620096619935485,153.0,-0.1471278296139407
-0.053242913576545245,-0.21079375609196152,154.0,0.05726052519862315
-0.20483330137280642,-0.06673411487264899,155.0,0.20547958503738464
-0.16696983391914436,0.13521854636644348,156.0,0.1637232583196764
0.022130339652654662,0.21008784454107438,157.0,-0.026237453266470534
0.18734165072960385,0.09223945087856025,158.0,-0.18855370922369968
0.17875139565925674,-0.10723754258493812,159.0,-0.17602243302963588
0.0076204669245782805,-0.20515026543972031,160.0,-0.003512594182258494
-0.16705847105970179,-0.11438350137873615,161.0,0.16877870531875755
-0.18621139821485724,0.07870502333503088,162.0,0.18402540689466895
-0.03548373598344939,0.19632787264159157,163.0,0.03145869443302668
0.14455884863703183,0.13291164564333213,164.0,-0.14672267860163513
0.18944978771162838,-0.05023340211960464,165.0,-0.18781960630966937
0.061002704651832614,-0.184026330331298,166.0,-0.05713753206846292
-0.12042945743693483,-0.1476576313734776,167.0,0.12296704202661296
-0.18864654923447657,0.022398189708361105,168.0,0.18757296460833883
-0.0837948883500456,0.1686984377596972,169.0,0.08015888475462904
0.0952559525175856,0.15854180977183377,170.0,-0.09809391644086674
0.1840533851761383,0.004271561579789057,171.0,-0.18352581826845688
0.10355553414956659,-0.15083217525871306,172.0,-0.10020930299416836
-0.06961111827647821,-0.1655677120483647,173.0,0.07267425015663881
-0.17598441961100225,-0.02930131223860044,174.0,0.17598180250627612
-0.12005929211370119,0.13093873088708505,175.0,0.11705401417475968
0.04404396866286948,0.16881713357570166,176.0,-0.04725685761578585
0.16480617446889637,0.05227751220260618,177.0,-0.16529798969725512
0.13316017440512634,-0.10954075235042306,178.0,-0.13053711559978495
-0.019069965588953876,-0.16844391258111524,179.0,0.022358546552543046
-0.15092706378099,-0.07285245989961914,180.0,0.15187451528336227
-0.1427899027046289,0.08716105000933672,181.0,0.14058015221862347
-0.004837510640681323,0.16466660592802607,182.0,0.001544528942791501
0.13478664772961013,0.09074753910426517,183.0,-0.13614393200104213
0.1489547714088176,-0.06431195446499949,184.0,-0.147179202050704
0.02725433831829049,-0.15776027517600044,185.0,-0.024024184984757363
-0.11684487904157342,-0.1057548622306248,186.0,0.11856052476694481
-0.15173117683748336,0.041485507048434206,187.0,0.15040061548142267
-0.04781141154318835,0.14804760178823073,188.0,0.04470612274781405
0.09757156087828195,0.11773737944468829,189.0,-0.09958980582650788
0.1512599810633957,-0.019144634215585155,190.0,-0.15037557348130814
0.06619894324406887,-0.13588955125338734,191.0,-0.06327440295421094
-0.07743621831186888,-0.12662754072093765,192.0,0.07969839331369362
-0.14773989285953987,-0.0022845719548036936,193.0,0.14729364420203525
-0.0821693111835768,0.12167580226395198,194.0,0.07947447286631534
0.05689856529647091,0.13242462232409236,195.0,-0.059344456747727065
0.1414200576210052,0.022419374575165102,196.0,-0.14139552732529986
0.09553847391313167,-0.10581514928554143,197.0,-0.09311476851779632
-0.036399726338868225,-0.1351908498684322,198.0,0.038968890769184306
-0.1325920530338051,-0.04092565126044667,199.0,0.13296518103278587
-0.10618601115981746,0.08872607525959857,200.0,0.10406694257030828
0.0163543474522652,0.1350464668855341,201.0,-0.018987354213231417
0.12158148788968588,0.05752185843697147,202.0,-0.12232152767197135
0.11405386793083722,-0.0708276762643855,203.0,-0.112264793199221
0.002856294946740922,-0.13216391060502572,204.0,-0.0002167139609307589
-0.10873939802161786,-0.0719816954374592,205.0,0.10980993134374686
-0.11914390336754874,0.0525311022124688,206.0,0.11770199143520857
-0.02089010516213792,0.1267612653935819,207.0,0.01829801672879862
0.09443362616462324,0.08413548991845932,208.0,-0.09579363402335353
0.12151436380660784,-0.03423165761289086,209.0,-0.12042872315980692
0.037448844069624,-0.11909516906248538,210.0,-0.03495420045628202
-0.07904036199483243,-0.0938703508877644,211.0,0.0806453268005694
-0.12127541442857742,0.016301684613580572,212.0,0.12054737725426437
-0.05228164071027056,0.10945334817754132,213.0,0.049929503353772706
0.0629360050778383,0.10112915799823513,214.0,-0.06473901979729212
0.1185838751951141,0.0009156724873029404,215.0,-0.11820742314321256
0.06518733600889623,-0.09814695579431869,216.0,-0.06301724387319373
-0.04648949741331267,-0.10590847543472902,217.0,0.048442358717834186
-0.11363731447414506,-0.01711174577609033,218.0,0.11359962912092902
-0.07601567896221952,0.08550287895991403,219.0,0.07406116599644338
0.030055254169769664,0.10825549544810839,220.0,-0.03210951828704803
0.10666765788250038,0.03201661367809992,221.0,-0.10694977743777245
0.08466741779566134,-0.07185617419220455,222.0,-0.08295568062468492
-0.013966801548698565,-0.10826413020789262,223.0,0.016074783516394284
-0.09793447056119862,-0.04540233422439685,224.0,0.09851203327586988
-0.09109334858680745,0.05754277733130746,225.0,0.08964506244159079
-0.0014687900085401456,0.10607038105578137,226.0,-0.0006469092874764742
0.0877180685266068,0.05708513624456728,227.0,-0.08856212263244796
0.09529240141711968,-0.04289262005274429,228.0,-0.09412167941713664
0.01597561037053766,-0.10184712142142147,229.0,-0.013895672361829911
-0.07631260915296977,-0.06692658460654838,230.0,0.07739046898670512
-0.09730885902583522,0.02822326935653839,231.0,0.09642334729370076
-0.029312706554101342,0.09579843365094566,232.0,0.027308749136380484
0.06401930252772227,0.0748337555515554,233.0,-0.06529543073871304
0.09722881505231008,-0.013834188936961075,234.0,-0.09662991381509982
0.04127694749173534,-0.08815364090465981,235.0,-0.039385302481856205
-0.051139874708277334,-0.08075847620595811,236.0,0.05257677108854636
-0.09517598818219145,1.7029300895810007e-06,237.0,0.09485918702606402
-0.051704952744103624,0.07916117326109816,238.0,0.04995755194313889
0.037970401155263234,0.08469569823481925,239.0,-0.039529479628241174
0.09130701483875034,0.013025276436756453,240.0,-0.09126232865097689
0.06047410044286974,-0.06908240243390369,241.0,-0.058898082443283734
-0.024795614200777066,-0.08668108913751024,242.0,0.026438050822465975
-0.08580634652399981,-0.025028714888514006,243.0,0.08601883739228353
-0.06750264758572387,0.05818557231915152,244.0,0.06612008495974153
0.011883772720973266,0.08678793573477496,245.0,-0.013571309136182
0.07888087861113721,0.03582409230194879,246.0,-0.07933124806027148
0.07274901192964263,-0.04673994323349848,247.0,-0.07157675733810646
0.0005178343864246203,-0.08512346287924802,248.0,0.0011778542185196528
-0.0707544354672302,-0.045262203772507906,249.0,0.07141967089168463
-0.07621027891200019,0.03501025649323225,250.0,0.07525992633842724
-0.01218669637907927,0.08182467631404576,251.0,0.010517817327160839
0.06166223243467187,0.05323013755253302,252.0,-0.06251629142416555
0.07792000909667193,-0.02325161325874743,253.0,-0.0771979642897488
0.022928163136737085,-0.0770538419393687,254.0,-0.02131847411305919
-0.051845428651533486,-0.05965145790690501,255.0,0.05285994508513258
-0.07794543147167783,0.01170484767396035,256.0,0.077453083803929
-0.03257778148835905,0.07099371460388461,257.0,0.031056573466277174
0.04154587620574059,0.06448563546911606,258.0,-0.0426908724855591
0.07638411544642078,-0.000592459616313018,259.0,-0.0761181017882279
0.041002881335186626,-0.06384262804433143,260.0,-0.03959593998408062
-0.031001160981497203,-0.06772678050526033,261.0,0.03224575156387556
-0.07336021959177982,-0.009884842811835812,262.0,0.07331276947507746
-0.04810342299949283,0.055809553920758495,263.0,0.046832708386775404
0.020440019070536542,0.06940174544463153,264.0,-0.02175309149169677
0.0690204180649309,0.0195509562400277,265.0,-0.06917976838273258
0.05381213158857762,-0.04710923223638232,266.0,-0.052695554341435843
-0.010078200098355243,-0.06956767199848495,267.0,0.011429060956723094
-0.06352960633764497,-0.02825653076042406,268.0,0.06388047309570796
-0.05809395716219424,0.037957468022968704,269.0,0.057145250020761845
0.00011483557091032752,0.06830906509890204,270.0,-0.0014738103666948194
0.05706648641754052,0.03588044941299124,271.0,-0.057590580621764455
0.060944910944787024,-0.028566680265445545,272.0,-0.06017359276626267
0.009270643307550588,-0.06573448072333943,273.0,-0.007931665988000144
-0.04981912836804314,-0.04233064730921724,274.0,0.050495702984365634
-0.062390337587989966,0.019141778902319086,275.0,0.06180176514952628
-0.017921007658628956,0.06197291745412096,276.0,0.016628095437777393
0.04198059977732509,0.047544292191217946,277.0,-0.04278701483075305
0.06248269146406358,-0.009876434650384243,278.0,-0.06207819289668732
0.025703135695440995,-0.05717000241462631,279.0,-0.024479901261171
-0.033744748107283666,-0.05148735994130762,280.0,0.034657041371452015
-0.06129889109914373,0.0009497946417775724,281.0,0.06107597348630428
-0.03250931627218265,0.05148406112687982,282.0,0.03137658010679695
0.0253022127982668,0.0541536489107699,283.0,-0.026295664142316072
0.05893733011916199,0.007476315291292564,284.0,-0.05888995271835562
0.038257959718014024,-0.04508215798235033,285.0,-0.03723348925497225
-0.01683673485563062,-0.05556328579471388,286.0,0.017886413139716513
-0.0555146255031172,-0.0152596731240617,287.0,0.055633529212076156
-0.04289373601542364,0.03813618956634599,288.0,0.04199206208022992
0.008521821649974077,0.05576078305099392,289.0,-0.009603104064833008
0.05116218457591157,0.022279411520708912,290.0,-0.05143526766738762
0.046387170861619045,-0.030819107211839496,291.0,-0.045619480628924895
-0.0005178140764150813,-0.05481271348758126,292.0,0.001606868967459936
-0.046022671117189086,-0.028437232439728656,293.0,0.04643540090584555
-0.048733739398688164,0.023301338083310634,294.0,0.048107843585833525
-0.007030607710378577,0.05280507160669414,295.0,0.005956382227647675
0.04024644833367054,0.03365809199080406,296.0,-0.04078229831077501
0.04995250529782508,-0.015747466017050522,297.0,-0.0494728759395484
0.013996454797557595,-0.04984039361307469,298.0,-0.012958042774921207
-0.033988072385328805,-0.037890372464771116,299.0,0.03462897444692921
-0.05008435935247977,0.00831322449615552,300.0,0.04975223327846926
-0.020271981962970153,0.046034708714115566,301.0,0.01928841706009994
0.027402904836213254,0.04110556790240385,302.0,-0.028129706528208093
0.049189916726791946,-0.0011428447399306624,303.0,-0.04900345881049507
0.02576975833735184,-0.04151439354085372,304.0,-0.024857850296904176
-0.020643906000453124,-0.04329751792642753,305.0,0.021436823190202833
-0.047347135503559595,-0.005633207837839778,306.0,0.04730165488187351
-0.03042326256169874,0.03641299930696777,307.0,0.02959738484230954
0.013858663865970783,0.044481231726281684,308.0,-0.014697719898979951
0.0446487211960595,0.011900085382623854,309.0,-0.04473693297754618
0.034187018026777476,-0.03086811782273458,310.0,-0.033458957352957494
-0.0071867053028327734,-0.044691349980814796,311.0,0.008052148500152269
-0.04119938247539056,-0.017559983884469464,312.0,0.041411706965191995
-0.03703629222776668,0.02501834784007638,313.0,0.03641515951119879
-0.759859662984375,0.7609014146076576,0.0,0.3336571692302104
0.19108948782626986,1.0131225252214282,1.0,-0.2106147348107934
0.9492669035910356,0.3746417299159305,2.0,-0.9535629347289193
0.8283489119368721,-0.5922187835453696,3.0,-0.8138067679444139
-0.04419006440628211,-1.0008593612050776,4.0,0.06396018782938273
-0.8592270331919168,-0.49036312208137256,5.0,0.8661256043163784
-0.8760026577094192,0.4563839946172743,6.0,0.8640050366686669
-0.09505334221984099,0.9689548226671897,7.0,0.0754546885682611
0.7569556761105963,0.5893723963499781,8.0,-0.7661649236219925
0.9030650813850748,-0.3191776484489739,9.0,-0.8937078100062062
0.22425464469165193,-0.9192016102460877,10.0,-0.2052160735455888
-0.6452451384348564,-0.6706291353427712,11.0,0.6564432008992094
-0.9101849313421174,0.1834701275523043,12.0,0.9035045562642899
-0.3413709473540385,0.8536510330060834,13.0,0.3232470494189027
0.5269170895118577,0.7335145627843228,14.0,-0.5397604006324674
0.8983787688133384,-0.0519341731945866,15.0,-0.8943552655199946
0.4447241088378109,-0.7745562286332366,16.0,-0.4278302223962299
-0.4047634647187678,-0.7778195737379617,17.0,0.4188950047964629
-0.8689888732618927,-0.07299796321110774,18.0,0.8675493477880577
-0.5330136305432435,0.6843145854293822,19.0,0.5176217139733763
0.28149141451902937,0.8037251299904454,20.0,-0.29654875500072786
0.8236369746842591,0.18916998231281346,21.0,-0.8246602250143927
0.605321114040025,-0.5854105836120993,22.0,-0.5916567409620432
-0.1596731837956628,-0.8117758639250523,23.0,0.1752961733519065
-0.764174996855794,-0.29472932154212206,24.0,0.7674967911780933
-0.6611066877168981,0.4803601939988206,25.0,0.6493471605032608
0.041701653701071775,0.8028478232350136,26.0,-0.05753961038460875
0.6926339873742567,0.38814714436711806,27.0,-0.6980529100951599
0.7001979430305008,-0.37165787420222196,28.0,-0.6904714979212195
0.07024787954384612,-0.7781113536987172,29.0,-0.05452958756510251
-0.6111723787572112,-0.4682305815062282,30.0,0.618456092316888
-0.7227720415754058,0.2617270890632334,31.0,0.7151580979922023
-0.17424927476840713,0.7389901580448499,32.0,0.15896335813936735
0.5220246718179281,0.5341274263512216,33.0,-0.5309164427368201
0.7293317545831071,-0.15287515640443228,34.0,-0.7238621427633571
0.26865021014289214,-0.6871175862580083,35.0,-0.25408237498749653
-0.42745156040821297,-0.5853236285363672,36.0,0.4376769014536319
-0.7206762755075724,0.047253084565419545,37.0,0.7173373605179253
-0.35208984218201,0.6242912075228024,38.0,0.3384945520192084
0.3296924279548126,0.6216340560328478,39.0,-0.34096571457266633
0.6978677037041349,0.053179072152070295,40.0,-0.6966033104337052
0.4235095082674843,-0.552426687793994,41.0,-0.41110662814818233
-0.2309210437946256,-0.6431871056600492,42.0,0.2429519717426437
-0.6621941329541794,-0.1466809568649452,43.0,0.6629091659539569
-0.4821566601353365,0.4735119514702174,44.0,0.47112899987431484
0.13320517401701698,0.6504038332462753,45.0,-0.14570493611075985
0.6151302932613452,0.23175451138871928,46.0,-0.6176949373439297
0.5275823425262888,-0.38956254288802283,47.0,-0.5180740966356795
-0.038470700286647154,-0.6439723470411468,48.0,0.05115777299117941
-0.5582966888746647,-0.30716033343878846,49.0,0.5625510712217036
-0.5596326441791104,0.30257902562495054,50.0,0.5517487080145308
-0.05152928612435026,0.624818261014872,51.0,0.03892384122211823
0.49341815116441134,0.37192782070655295,52.0,-0.4991773432482352
0.5784346460603619,-0.214507167353038,53.0,-0.5722407710584134
0.13524007626146445,-0.5940720384204705,54.0,-0.12296787567000589
-0.4222826833805511,-0.4253592573235715,55.0,0.4293419211800584
-0.5843774730721738,0.1272015577879354,56.0,0.5799012090591278
-0.21132541034617647,0.5530340708847037,57.0,0.19961664003060098
0.34670141731318244,0.4670281123712247,58.0,-0.3548414209433848
0.5780891197605474,-0.042393199745334176,59.0,-0.5753214793310176
0.2786819332016301,-0.5031383351226091,60.0,-0.2677419150682084
-0.2684704315061638,-0.49677192210480753,61.0,0.27746271028100816
-0.5604097674470997,-0.03833849893641328,62.0,0.5593075365133096
-0.3364480710349342,0.44591544926062265,63.0,0.32645453505433936
0.1893350991585595,0.5146802160741784,64.0,-0.19894713504197942
0.5323623397852765,0.11358901926432408,65.0,-0.53285094967407
0.384007473914528,-0.38295591509414084,66.0,-0.3751085502702983
-0.11095754349031507,-0.5210780213200478,67.0,0.12095775459178615
-0.495121056405199,-0.18214711153178798,68.0,0.49709792638801154
-0.42098727039866346,0.31587428303242515,69.0,0.4133002005660233
0.03488768150206739,0.5165055376525899,70.0,-0.045050077484643514
0.4499787407868408,0.24300817464606383,71.0,-0.453316995666421
0.44725147192921255,-0.2462749148130558,72.0,-0.4408620230301849
0.037461763929513496,-0.5016946203550959,73.0,-0.027353311273807246
-0.39831361980370383,-0.29538265347491655,74.0,0.4028660851080987
-0.46288994358827246,0.1757199472579271,75.0,0.4578524969802436
-0.10483600651343779,0.47754273453038293,76.0,0.09498394196412241
0.34155631977223355,0.3386995735550294,77.0,-0.347159697133749
0.46820342372572055,-0.10569998044754308,78.0,-0.4645416967549319
0.1661545189372734,-0.4450850580473258,79.0,-0.15674428337377783
-0.2811577187992963,-0.3726054244505986,80.0,0.28763684610717183
-0.46368512722517685,0.03760792780074185,81.0,0.4613934765952858
-0.22052286063047805,0.40546540827697014,82.0,0.2117201097569285
0.2185582593813568,0.3969586853465315,83.0,-0.2257303641275485
0.44999950551535994,0.027283624236804638,84.0,-0.4490447518918376
0.2672400320913471,-0.3599066524077152,85.0,-0.25918841952212973
-0.15515926033866095,-0.4118203579910762,86.0,0.16283812004942194
-0.4279587608850614,-0.08784129081925635,87.0,0.4282824672721468
-0.3058014667175317,0.3096812332109439,88.0,0.2986210036451212
0.09229669511150419,0.4174409320434276,89.0,-0.10029662565862657
0.3984977235338618,0.14308583306572947,90.0,-0.4000188546604347
0.3358978533442576,-0.2560824029820452,91.0,-0.3296838445728298
-0.031217826087171236,-0.4142442556861748,92.0,0.039357426790481986
-0.362647697657207,-0.19220309710534983,93.0,0.36526558409740617
-0.35741005623813127,0.200396709460757,94.0,0.35223260065867124
-0.026938996152698076,0.40280881976622585,95.0,0.018833402638905317
0.32150986852416935,0.23455095857517844,96.0,-0.32510739752111967
0.37040046313041675,-0.1438782204046718,97.0,-0.36630449592371384
0.0811611421308895,-0.3838469867324551,98.0,-0.07325242733081855
-0.27622883696180406,-0.2696623639575095,99.0,0.28067579185729663
-0.37510114526876526,0.08772490978606606,100.0,0.37210698943217363
-0.13057497695425802,0.35818270649921086,101.0,0.12301252336436863
0.22796681208348812,0.29724463420440894,102.0,-0.2331232837825173
0.3718992559423338,-0.0330575599876437,103.0,-0.3700036422615142
0.17445553392758636,-0.32672826056517223,104.0,-0.16737298240791454
-0.1778789487975655,-0.3171752624795905,105.0,0.18359874569006562
-0.3613201252646483,-0.019098537435000562,106.0,0.36049763270659685
-0.21223260119905735,0.2904605639575625,107.0,0.2057460497006683
0.12709026501643114,0.329494495650212,108.0,-0.13322425209394195
0.3440085291927902,0.0678288732292448,109.0,-0.34421339194136025
0.24349330653572251,-0.25039753272408066,110.0,-0.23769997051404437
-0.07667451603042173,-0.33439503770634077,111.0,0.08307381941164788
-0.32070862005870476,-0.1123418683193056,112.0,0.32187684309006326
-0.26798135159265835,0.20757499379383273,113.0,0.26295868646651094
0.02763534172399175,0.33220925212632546,114.0,-0.034154361251511334
0.2922430047339159,0.1519778140832359,115.0,-0.294294726936771
0.285593106367552,-0.16302457523122232,116.0,-0.28139838296161135
0.019110062296903048,-0.32339426911692015,117.0,-0.012610882479797969
-0.2594914455748823,-0.1862146100010048,118.0,0.2623334879385156
-0.2963708261205341,0.11775296945783803,119.0,0.2930411413480495
-0.06274456455008073,0.30851542262885956,120.0,0.05639624969882656
0.22336963929776657,0.2146703684879235,121.0,-0.2268981755652967
0.300493296288356,-0.07272291123257835,122.0,-0.29804599350929956
0.10256188925542614,-0.28822845127220414,123.0,-0.0964847660097004
-0.18480850084058842,-0.2371030163769003,124.0,0.1889117891799276
-0.29826424543911295,0.028836157401014306,125.0,0.29669771208761947
-0.1379745248719706,0.26326089711561074,126.0,0.13227639708552674
0.14473434413039757,0.25340707605629387,127.0,-0.149295460711958
0.2900988919045578,0.013081302001266837,128.0,-0.28939369619250266
0.16851875664491095,-0.23439312739317777,129.0,-0.1632934421365008
-0.10405031060830496,-0.2636078559727617,130.0,0.10894982938303127
-0.2765090063914015,-0.05229163045799762,131.0,0.27662933022368086
-0.19385688829486358,0.2024393870599321,132.0,0.1891831252588609
0.0636193505561755,0.2678533195196797,133.0,-0.06873791786767003
0.2580868807916004,0.08815501746536183,134.0,-0.25898220250080234
0.21377677135631143,-0.16822926575429317,135.0,-0.20971749515180396
-0.024249012923348377,-0.26640393288275455,136.0,0.0294697707109004
-0.23548859293271956,-0.12013698243807006,137.0,0.23709557106015994
-0.228188808527729,0.13258993195922178,138.0,0.2247907919815731
-0.013321752320090101,0.2596208160133029,139.0,0.008110935188839763
0.20941694863195856,0.1478131110640911,140.0,-0.21166145673590375
0.23712063908158632,-0.09632945100737769,141.0,-0.23441448245211605
0.04843362808959572,-0.24795253653474084,142.0,-0.04333815056362322
-0.18060446677154368,-0.17087127730256876,143.0,0.18340372908359853
-0.24070974940895884,0.060221463090516514,144.0,0.23871019985421618
-0.08051570195040428,0.2319208941968061,145.0,0.07563247923983399
0.14979675094041323,0.18911145225838297,146.0,-0.15306152955942967
0.23919427981652241,-0.024991453692285587,147.0,-0.2379008546786543
0.10909192907592238,-0.21210604377993497,148.0,-0.10450791564028186
-0.11773656331874521,-0.20244324434961566,149.0,0.12137334946134587
-0.23290231958987545,-0.008695197058309345,150.0,0.232300203126408
-0.1337852894107717,0.1891312975474401,151.0,0.12957629054264716
0.08514888381596539,0.21088135291600585,152.0,-0.08906204832025699
0.22223999607720912,0.040243246656455484,153.0,-0.2223011754785704
0.1543196887690206,-0.16364793499471592,154.0,-0.15054946814060735
-0.05272720095344436,-0.2145391492442865,155.0,0.05682106266961445
-0.2076786702688802,-0.06913561179488617,156.0,0.20836327392139697
-0.1705196965858527,0.13632032841054811,157.0,0.16723938066965094
0.021121241577440192,0.21362062461029668,158.0,-0.02530201636309931
0.18974155132344772,0.09493933319151757,159.0,-0.190999350323095
0.18230825163985492,-0.1078116683771646,160.0,-0.17955602582836405
0.009073694835022,-0.20841096419774374,161.0,-0.004896097200304261
-0.16899003611251248,-0.11730948213429307,162.0,0.1707620689848914
-0.18970250074325823,0.0787705445855029,163.0,0.1875035863631179
-0.037325673802212286,0.1992660186230797,164.0,0.033236032476238464
0.1460100676249754,0.1359910491565601,165.0,-0.14823034803115517
0.1928079637604544,-0.049818605076688005,166.0,-0.1911748600885104
0.06317325425657472,-0.18660095139396723,167.0,-0.05924962238413184
-0.12139878857589537,-0.150818893942466,168.0,0.1239960564422822
-0.1918112410940304,0.021539482094007634,169.0,0.19074421202034195
-0.08623076813837856,0.17087834118035847,170.0,0.08254327709398143
0.09575174446810426,0.1617158703868371,171.0,-0.09865122239623297
0.18697149683389908,0.0055308639898278555,172.0,-0.18645927802859738
0.10619175145475794,-0.1525960126232536,173.0,-0.10280164583651483
-0.06965086437363759,-0.16868927121247962,174.0,0.07277598329870072
-0.1786109620854494,-0.03091226886686338,175.0,0.17863166144439094
-0.12283056467327526,0.13227485898755248,176.0,0.11978947423283808
0.04365341859162023,0.1718257623157038,177.0,-0.04692747938629352
0.16710470868083874,0.054186880588658476,178.0,-0.1676268704815361
0.13600227493937206,-0.11044690479803679,179.0,-0.13335172445782492
-0.018282120873404376,-0.1712849978175924,180.0,0.02162986183362206
-0.15286994374575313,-0.07500402906992762,181.0,0.15385374533747123
-0.14564090373669702,0.08764383726496516,182.0,0.14341205695982906
-0.005983490138078047,0.1672921225075372,183.0,0.002634446327024892
0.1363550707524353,0.09308344566641508,184.0,-0.13775361972269293
0.15175617081860482,-0.0643862124477311,185.0,-0.1499698000271589
0.028714289465599636,-0.16012937895791016,186.0,-0.02543213168951272
-0.11802875313461074,-0.1082168634311468,187.0,0.11978945272031437
-0.15442888820329984,0.041173516388604836,188.0,0.15309555689643836
-0.04953735749861631,0.150127042145302,189.0,0.046384943299696973
0.09836920273984295,0.12026805980523546,190.0,-0.10043515373875753
0.15380517652395234,-0.018475233564036464,191.0,-0.15292561909190724
0.06814029130444091,-0.13765390511276643,192.0,-0.06517417895583383
-0.0778538978777361,-0.12917143158028116,193.0,0.08016530642112024
-0.15008968994260397,-0.003276954358015366,194.0,0.14965536913333846
-0.08427403407706685,0.12310753532150907,195.0,0.08154369913882846
0.05694991506115014,0.13492921658860352,196.0,-0.05944547727656457
0.1435380451566704,0.023695746616267804,197.0,-0.14353186564516138
0.09775425147516831,-0.1069045132133517,198.0,-0.09530149302232928
-0.03610503533522163,-0.13760749743559653,199.0,0.038723272084157934
-0.13444865482729873,-0.0424435157547505,200.0,0.1348458092846478
-0.1084613114798609,0.08947085254794034,201.0,0.10631984903502284
0.015739760965573668,0.13733113947840928,202.0,-0.018420278415021835
0.12315416620546903,0.05923628155808568,203.0,-0.12392308894347982
0.11633894950649061,-0.07123278676077212,204.0,-0.11453420776738679
0.00375964816443243,-0.1342778280671996,205.0,-0.001074993452588463
-0.11001270206897333,-0.07384636248256922,206.0,0.11111610460087205
-0.12139172248435669,0.05260808741427925,207.0,0.11994079728739969
-0.022047036204580685,0.12867137877521603,208.0,0.019413085801518043
0.09539909362503969,0.08610372767495295,209.0,-0.09679505631066065
0.1236813742084456,-0.03399806032099509,210.0,-0.12259316986834096
0.038821055994999284,-0.12077449901189449,211.0,-0.036288426521025735
-0.07969628415210463,-0.09589609775324949,212.0,0.08133937845850897
-0.1233222492873679,0.01578034265725628,213.0,0.12259777453786619
-0.05382868842412959,0.11088118018261248,214.0,0.051442988147398505
0.06328706827083908,0.10316786516620667,215.0,-0.06512948504198021
0.12047590436432144,0.001697399085650586,216.0,-0.12010871164519561
0.06686757393708533,-0.09930889663947638,217.0,-0.06466876685353534
-0.04654631530599336,-0.1079179248319546,218.0,0.048538975744894866
-0.11534507295549423,-0.018122794602408177,219.0,0.11532182376416959
-0.07778717795107415,0.08639078133237062,220.0,0.07580909969202715
0.029833806709413917,0.11019652263650002,221.0,-0.031927434482611136
0.10816714429170407,0.033223067286056174,222.0,-0.108468281759579
0.08648883438351596,-0.07246793864926701,223.0,-0.08475886095347662
-0.013487797456976806,-0.11010124308279295,224.0,0.01563393238257632
-0.0992073170931512,-0.04676827621416253,225.0,0.09980782586352731
-0.0929247317412458,0.05788204279845187,226.0,0.09146359892209348
-0.0021806097929251774,0.10777226782612895,227.0,2.8673688062669234e-05
0.08875158644657234,0.058573498142267186,228.0,-0.08962181931599436
0.09709592397222978,-0.04296835563845365,229.0,-0.09591769229476348
0.016892210692286296,-0.10338704398789926,230.0,-0.014778577422051506
-0.07709971613736491,-0.0684999668562241,231.0,0.07820626675936589
-0.09904946332855587,0.028049281532396136,232.0,0.09816162084516601
-0.030403520061890153,0.09715450505561045,233.0,0.02836894621767623
0.06455834021278359,0.07645520742984545,234.0,-0.06586494143316163
0.09887476468278653,-0.013428559034910914,235.0,-0.09827845742625965
0.04250964378207732,-0.08930898796052994,236.0,-0.040590904561434715
-0.05143432655111332,-0.08239222118970255,237.0,0.052902754611957314
-0.09669931999703667,-0.0006138295450552195,238.0,0.09638969800295392
-0.053046198570822725,0.08010398774054503,239.0,0.051275571700427
0.03802852215080006,0.08630779324561716,240.0,-0.03961948803037893
0.09268388794827859,0.013825968981805853,241.0,-0.0926505530736196
0.06189029605126072,-0.06980588626461756,242.0,-0.06029516723357352
-0.024629985118546173,-0.08824000810611142,243.0,0.026303995629446755
-0.08701728710801557,-0.025987500097126442,244.0,0.08724482760975631
-0.06896062558621495,0.058687784074970065,245.0,0.06756321641642624
0.011510792323316898,0.08826507002420413,246.0,-0.013228965216974045
0.07991092166009364,0.036912263754656505,247.0,-0.08037951760945135
0.07421668667877868,-0.04702355479019628,248.0,-0.07303390343549813
0.0010785052057592306,-0.08649353323056844,249.0,0.00064631397113879
-0.07159316656861882,-0.04645009531794371,250.0,0.07227924966231615
-0.07765723607579787,0.03508223002993818,251.0,0.0767006354203837
-0.012912724430884225,0.08306605308921775,252.0,0.011216725475366243
0.0623037345757013,0.05448778254947273,253.0,-0.0631806857575544
0.07931802688931561,-0.023122809813032608,254.0,-0.07859389236322264
0.0237951527721783,-0.07814877248855923,255.0,-0.022160788986719457
-0.05228814065144911,-0.060949216186416445,256.0,0.05332700915444046
-0.07926892694748502,0.011389579197685906,257.0,0.07877844825981836
-0.03355989086716598,0.07192845854142538,258.0,0.03201681266785002
0.04179237080328271,0.06579477714547144,259.0,-0.0429625987391025
0.07761051113293016,-0.00010799693286642209,260.0,-0.0773500566060577
0.04207343221784472,-0.06460750304535692,261.0,-0.04064770674408819
-0.031057851769683915,-0.06902001727495004,262.0,0.032327989208812274
-0.07447022764633225,-0.010518793573643659,263.0,0.07443169885259507
-0.04923549203868469,0.05639889631763144,264.0,0.047949281672965936
0.020316806382776838,0.07065370162596979,265.0,-0.02165520293275776
0.06999824097860934,0.020312796251289317,266.0,-0.07016949756982752
0.05497911217145161,-0.04752127817825323,267.0,-0.05385045119437576
-0.009788066603018602,-0.07075528924110004,268.0,0.011163526789391906
-0.06436305496455684,-0.02912331799241351,269.0,0.06472839696625383
-0.05927008209176253,0.03819416224153764,270.0,0.05831275030198386
-0.0003265972720069961,0.0694119363945124,271.0,-0.0010557939575941977
0.05774701774354616,0.036828443455167066,272.0,-0.05828771215831141
0.06210572761064214,-0.028633420551756883,273.0,-0.06132921783294155
0.009845586627676354,-0.06673511104249324,274.0,-0.008484783126292555
-0.0503418069247956,-0.043335838696905125,275.0,0.05103664535402494
-0.06351312872909057,0.01904710523572717,276.0,0.06292270340229475
-0.018609993186288917,0.06285690998049286,277.0,0.017297196328625412
0.04234398793296171,0.0485829063797287,278.0,-0.043169862070849
0.06354683613460502,-0.00963167252530147,279.0,-0.06314366664240369
0.026485509508849328,-0.057926170922113114,280.0,-0.025244623330953134
-0.03395073160690787,-0.05253632715320219,281.0,0.03488321386028656
-0.062286161978445234,0.0005686625134023252,282.0,0.06206754307043589
-0.03336372790488666,0.05210447051553936,283.0,0.032215801857035896
0.025355768873156274,0.05519103228753602,284.0,-0.02636968599977734
0.05983212482590868,0.007978124368741464,285.0,-0.059791755394566735
0.039162836949325285,-0.0455620963319843,286.0,-0.038125804030101906
-0.01674565096194737,-0.056568661573573285,287.0,0.017815639468932755
-0.05630413105277289,-0.015864925655137835,288.0,0.05643245169210562
-0.04382773652122596,0.03847407626426467,289.0,0.042916230042720424
0.008296373432343311,0.05671556782866892,290.0,-0.009397406499456439
0.05183647552998489,0.022969773772685796,291.0,-0.05212105270374551
0.04732960288743861,-0.03101634274640698,292.0,-0.04655485102106685
-0.00017041148054738328,-0.05570043499611018,293.0,0.001278288349898446
-0.04657474328969136,-0.029193707387782618,294.0,0.047000689581506126
-0.049664944703372314,0.02336210195489373,295.0,0.04903474042117273
-0.007485797123757763,0.05361158078425582,296.0,0.006394007056984875
0.04067219112208209,0.03446144430755339,297.0,-0.04122261091940634
0.05085419877665437,-0.01567846989805454,298.0,-0.05037294140751125
0.014543896348775632,-0.05055401707542529,299.0,-0.013489461140555985
-0.03428618386304007,-0.03872153360690128,300.0,0.03494263392901254
-0.050939920955260835,0.00812342826652667,301.0,0.05060872434156547
-0.02089516941328379,0.04664634199606624,302.0,0.019897358839945575
0.027574754666632506,0.04194601421489469,303.0,-0.028317709366305725
0.049984632512012225,-0.0008431433352622947,304.0,-0.04980149368829149
0.026451606172800003,-0.0420175366611264,305.0,-0.025527416191527715
-0.020693351999421513,-0.04412961564575221,306.0,0.021502663446730345
-0.048068385888102104,-0.006030318696903028,307.0,0.048028407326075793
-0.031146487213474586,0.03680373729189838,308.0,0.030310426714721846
0.013791828642607445,0.04528854379337471,309.0,-0.014647172706451841
0.04528611564695293,0.012380856551415867,310.0,-0.04538177342792578
0.03493450091909989,-0.031145049789965233,311.0,-0.034198441479872145
-0.00701171984633258,-0.045458900648228905,312.0,0.007893019767421273
-0.041744841023188005,-0.018109765418789503,313.0,0.04196629080887998
-1.221689414487446,-0.056984940608422185,0.0,0.6131392189272163
-0.7622940273374156,0.9538916053885882,1.0,0.7407744048830733
0.3818927291260964,1.1364000866787112,2.0,-0.4032361750455482
1.1558002689493607,0.28087176655534396,3.0,-1.1575428788909832
0.8623012543179066,-0.8133831196311653,4.0,-0.8432449175782519
-0.21030697100328744,-1.145577792187325,5.0,0.2324041304551383
-1.0702414873371806,-0.42841755289650396,6.0,1.0752050317044493
-0.9389469896029158,0.6645145862547597,7.0,0.9225980566742986
0.04443635629173037,1.1309222137604875,8.0,-0.06679392333028944
0.967898638677902,0.5586577648539137,9.0,-0.975794596049312
0.9920328759243573,-0.5108005518896419,10.0,-0.9785661852635269
0.1126784545487937,-1.0941193596600134,11.0,-0.09053035414959054
-0.8518306046993902,-0.6699513689582365,12.0,0.8623276162769816
-1.0218512687781662,0.3556494399348603,13.0,1.0113728578616314
-0.2583519512968391,1.0372074850229558,14.0,0.23685156827547793
0.7251972752014033,0.7611382351070556,15.0,-0.737930378656319
1.0291507135975364,-0.20230041001591648,16.0,-1.0216996689834141
0.39028770966497034,-0.9625151244700894,17.0,-0.36983459971693333
-0.5911893998134087,-0.8315347257146011,18.0,0.6057694088247134
-1.0150941553662944,0.05376733695599434,19.0,1.0106457166680076
-0.5066024374859934,0.8725968296961312,20.0,0.4875515885048237
0.4529618972392992,0.8809198508017382,21.0,-0.46898472747901876
0.9812111538370424,0.08720936598888396,22.0,-0.9796809354577526
0.6058402182574798,-0.7701680526654697,23.0,-0.5884974260000048
-0.3135717770004512,-0.9095128200015673,24.0,0.3306275320133517
-0.9293454252896334,-0.21820255662395205,25.0,0.9305946049626564
-0.686977233220134,0.6580405485177099,26.0,0.6715957467456207
0.1759216676166319,0.9179429490336855,27.0,-0.19360331378457774
0.861599049889324,0.33712948366347584,28.0,-0.8654403621966628
0.749417420419101,-0.5390595816969174,29.0,-0.7361958515786221
-0.04270977325787997,-0.9072129779317362,30.0,0.06062125135168517
-0.780274673538382,-0.4422740900608346,31.0,0.7864790396336119
-0.7929796868235256,0.4160441073970489,32.0,0.7820611527062266
-0.08361309771373922,0.8786569307294956,33.0,0.06584945656263996
0.6878169965142584,0.5323005596489666,34.0,-0.6961206181631568
0.8178774254964511,-0.2917309716477512,35.0,-0.8093498694707019
0.20087897019161327,-0.8338936915379602,36.0,-0.18361583441367124
-0.5867547804355183,-0.6062583415283029,37.0,0.5968665270570217
-0.8246912025148009,0.1687240308743504,38.0,0.818588818698707
-0.3072303237795697,0.7747774906433409,39.0,0.29078964469288204
0.47964452283560716,0.6635790463141339,40.0,-0.4912534442420502
0.8143355668970125,-0.04944893925278582,41.0,-0.8106412348300676
0.4011397916557269,-0.7033464875884312,42.0,-0.38580804442977623
-0.3690168477796756,-0.7040657507130976,43.0,0.3817996524997941
-0.7880210008089379,-0.06388580666998378,44.0,0.7866696219767796
-0.4814219975846284,0.621770607780327,45.0,0.46744642086389177
0.257326544664715,0.7278753700572506,46.0,-0.27095489376207205
0.7472120669147471,0.16932113820865902,47.0,-0.7480946827503058
0.5472377481745819,-0.532299736996904,48.0,-0.5348236006855356
-0.1469070588625561,-0.7354948609951865,49.0,0.16105453764927724
-0.6935828255350311,-0.26517273262445296,50.0,0.6965513876337814
-0.5980909403136415,0.4372133065727912,51.0,0.5873997710228107
0.039930100522120766,0.727712097634618,52.0,-0.05427874513819264
0.6289705873341311,0.3500492690032464,53.0,-0.633843244884536
0.6338186709159747,-0.3387722136164134,54.0,-0.6249675788970044
0.06162910504943112,-0.7055823236522247,55.0,-0.047382833010949366
-0.555329039047985,-0.4228636619089565,56.0,0.561895805820587
-0.6545751459937088,0.23917391812581623,57.0,0.6476369874215406
-0.1560205472271265,0.6703911203058351,58.0,0.14216042741421742
0.4746817320949743,0.4828374532842833,59.0,-0.4827103956322934
0.6608100774114374,-0.14051144523160475,60.0,-0.655814560315807
0.24174190638598836,-0.6236148464046555,61.0,-0.22852733882424037
-0.3890768588879278,-0.5294986717085706,62.0,0.39831899760650713
-0.6532423277036474,0.044736898964934935,63.0,0.6501779205179139
-0.31755468374854867,0.5668795020337014,64.0,0.3052168329085053
0.3005441616189886,0.562673582982968,65.0,-0.31074114116631246
0.6328296156992844,0.04637003312177812,66.0,-0.6316461833971889
0.38249402630221135,-0.5019189444564306,67.0,-0.37123276397797
-0.21105472572297326,-0.5824728555609574,68.0,0.22194355383990616
-0.6007351284826503,-0.13122823457141497,69.0,0.6013472003173235
-0.4358724141372044,0.43053334372987473,70.0,0.42585407678661785
0.12248430775102397,0.589272747447252,71.0,-0.13380323680552586
0.5582918988991238,0.2084757529640341,72.0,-0.5605824645034593
0.4772774926368479,-0.3545487090032584,73.0,-0.468633451368857
-0.036580737666136696,-0.5836919871127461,74.0,0.04807451560857878
-0.5069658032222127,-0.27698473625040215,75.0,0.5107905290957337
-0.5065644345863146,0.2757782463049993,76.0,0.49939045955281897
-0.04506417874178748,0.5665650693849936,77.0,0.033639495323737334
0.448318011892758,0.33587073811674056,78.0,-0.4535097680387476
0.5238433060923998,-0.19598622706729796,79.0,-0.5181996919481571
0.1210379479378268,-0.5389127181976475,80.0,-0.10991069105054485
-0.38396768885946725,-0.38449653104960985,81.0,0.39034127544720826
-0.5294619842223222,0.11685495601852447,82.0,0.5253743897817174
-0.19012567367031544,0.5019102819195757,83.0,0.1795048292244672
0.3155556836660683,0.42247066939745753,84.0,-0.32291264993959123
0.5239852328310809,-0.0399553297581845,85.0,-0.5214461762523271
0.2513232584190373,-0.45685482443733616,86.0,-0.24139534249227657
-0.24470989690399275,-0.44964113738967276,87.0,0.2528433489565718
-0.5081705858638799,-0.03327862430891171,88.0,0.5071415267765834
-0.3038455488162291,0.4051316572478225,89.0,0.29477212282258386
0.17301292598047863,0.4660844975298099,90.0,-0.18171222626308575
0.4829417145383854,0.10157094264925337,91.0,-0.483355646587283
0.3471295538184765,-0.3481810257859627,92.0,-0.3390453919102343
-0.1019725164288429,-0.47209102210118437,93.0,0.11102778572032374
-0.44935996659372773,-0.16382047128478322,94.0,0.4511244379471635
-0.380832957118973,0.2874656185406618,95.0,0.37384486511277126
0.03299525634142475,0.4681463441068873,96.0,-0.042201598120507056
0.408594762892945,0.2191130809992481,97.0,-0.4115952383618701
0.4048282280967036,-0.2244395118444656,98.0,-0.39901450000021127
0.03263613993563157,-0.4549102035195696,99.0,-0.023474762465671706
-0.36189351999669955,-0.26672936746768516,100.0,0.36599699649102896
-0.4191927073957469,0.16051909833264766,101.0,0.4146031934592567
-0.09378170586272468,0.43319289025787866,102.0,0.08484899871805562
0.31055173802974284,0.30614794264116646,103.0,-0.3156105250690433
0.42419510319388026,-0.09705647480949958,104.0,-0.42085185248892387
0.1494590944157731,-0.403929997124949,105.0,-0.14092341469854275
-0.25588385256857776,-0.33704450719172174,106.0,0.2617394313448651
-0.4202788818252002,0.03531568753656039,107.0,0.41817731282412657
-0.19885437806102857,0.3681560946052684,108.0,0.19086620375665386
0.19919539887290308,0.35928696857399717,109.0,-0.20568227680602208
0.4080430714178596,0.023547848336285815,110.0,-0.40715361601837013
0.24132879446460656,-0.3269779257091927,111.0,-0.23401870521128854
-0.14175697816113458,-0.3729269342780292,112.0,0.14870646081632882
-0.38822101961768585,-0.07850452147602938,113.0,0.38849117960537294
-0.27642153684433723,0.2815476939799527,114.0,0.26989871698819473
0.08478045046217957,0.37818796437664315,115.0,-0.09202425892702204
0.3616576565688972,0.12866413840715907,116.0,-0.36301440667413654
0.30384876255557014,-0.2330369825073922,117.0,-0.29820002651845673
-0.029397708568710896,-0.37545101101087774,118.0,0.036771377718978204
-0.3292858126255402,-0.173285909245193,119.0,0.33163828111731103
-0.3234990603073966,0.1826117976382613,120.0,0.31878838967433376
-0.023357685523301235,0.3652375047667356,121.0,0.01601168422146748
0.2921021274933876,0.21178481332901872,122.0,-0.29534448363030014
0.33542567443051463,-0.131409179447389,123.0,-0.3316942463700012
0.07256579490814456,-0.34819056896716755,124.0,-0.06539525353055686
-0.2511430645565336,-0.24373442610575502,125.0,0.2551575421223007
-0.339835833194541,0.08051576342660405,126.0,0.3371025110211383
-0.11743240048107163,0.32505485296585784,127.0,0.11057293585100159
0.2074615120849842,0.2688663558552813,128.0,-0.2121214995910864
0.3370775668630588,-0.030948615774543387,129.0,-0.33533981585215517
0.1572978325696873,-0.29665547501725575,130.0,-0.15087083710816768
-0.1621044130317297,-0.28706649913829263,131.0,0.1672775438563337
-0.32762442976765205,-0.0163614003441781,132.0,0.32685961483145687
-0.19164255177834555,0.26387655483803824,133.0,0.1857535529824081
0.11609181848519097,0.2983683763875204,134.0,-0.1216429981062489
0.31205855918460634,0.06058353666469951,135.0,-0.31222557577977045
0.22008955485327322,-0.22763979636047968,136.0,-0.21482699297555585
-0.07039770788158371,-0.3029438532224142,137.0,0.07619202029386263
-0.29105251242067826,-0.10099822538196246,138.0,0.2920936981117285
-0.24240374153405983,0.18888355333908466,139.0,0.23783816596428559
0.025932863168698382,0.3010915884414276,140.0,-0.03183830441707752
0.2653503226577616,0.13700523910926687,141.0,-0.26719359411534055
0.2584884322469902,-0.1485427754571686,142.0,-0.2546721085565598
0.016469974385710448,-0.2932235760253417,143.0,-0.010579981086820955
-0.23574820433947707,-0.1681289484867035,144.0,0.23830936318195675
-0.2683792733856248,0.10753019151306192,145.0,0.26534618511575375
-0.056068495790338534,0.279850165856794,146.0,0.050312841788448526
0.2030753209235936,0.19402073952959578,147.0,-0.20626047167268985
0.2722358062682972,-0.06671904034154547,148.0,-0.2700020284336025
0.09222065508030655,-0.2615639563977582,149.0,-0.08670857583076425
-0.16817500251474501,-0.21445870695669042,150.0,0.1718830269625521
-0.27033100730041093,0.026927610557256343,151.0,0.2688954223652952
-0.1243918884145979,0.23902295260963602,152.0,0.11922130415921273
0.13188676917507552,0.22934478837021452,153.0,-0.13601180354948186
0.26303913022205083,0.011094201786682467,154.0,-0.2623844520458275
0.1521597267894762,-0.2129333744388616,155.0,-0.14741590999806445
-0.09502947860464989,-0.23869954660533868,156.0,0.09946334299122964
-0.25082219658466737,-0.04667616174780703,157.0,0.25091626357407687
-0.17521586033814962,0.1840324858592654,158.0,0.1709704379818082
0.058385875456633485,0.24265484332633988,159.0,-0.06302040884910709
0.2342154879352235,0.0792366876626592,160.0,-0.23501278342740198
0.1933657606410009,-0.1530717924991551,161.0,-0.18967605209009517
-0.02268877489922467,-0.24144467567886935,162.0,0.02741803388310815
-0.21381239290445597,-0.10828951661750172,163.0,0.21525574862581803
-0.20652601093828388,0.12080092811431173,164.0,0.2034346954092693
-0.011390933747509968,0.2353944693373207,165.0,0.006668649457129416
0.1902489549473715,0.1334480431548682,166.0,-0.19227139224108833
0.21471953202482014,-0.0879525175100021,167.0,-0.21225463314442375
0.043254325310072506,-0.22490913559860465,168.0,-0.03863465158292528
-0.1641884524374408,-0.15442737847532792,169.0,0.1667151157917053
-0.21806892346868342,0.0552282669069723,170.0,0.21624409280245482
-0.07238242886472225,0.21046020739480484,171.0,0.067953345271754
0.13630632284108846,0.1710442210026964,172.0,-0.13925646101608652
0.2167881653354811,-0.023286493164885735,173.0,-0.2156032417058578
0.0983421264199766,-0.19257236949182194,174.0,-0.09418261276995049
-0.10727571754773219,-0.18321466840078285,175.0,0.11056466923813305
-0.21117294466562883,-0.007268738297863814,176.0,0.21061476182141986
-0.12078996200548094,0.17180969210339944,177.0,0.11696891615514654
0.07775394441535452,0.19095013542199477,178.0,-0.0812950878008746
0.20158988353338508,0.03589673965749107,179.0,-0.20163329528200694
0.13947390538634072,-0.1487618651744494,180.0,-0.13604932911859227
-0.048370022067287015,-0.19435157091855976,181.0,0.05207665070376857
-0.18846495173477473,-0.062127506395914106,182.0,0.18907404102439038
-0.1542331536457862,0.12403071326170065,183.0,0.15125160756561465
0.019713534318081864,0.1936021906799049,184.0,-0.023500625503856953
0.17227134725122548,0.08556715999986989,185.0,-0.17340078389909086
0.16499608893715262,-0.09821724893209996,186.0,-0.16249241180209692
0.007675064305833546,-0.18895896032746318,187.0,-0.0038892183869332353
-0.15351712197097506,-0.10590152544750889,188.0,0.15511363276946175
-0.17177654131691275,0.07190949662724058,189.0,0.16977382411130434
-0.03331257928916091,0.1807430742799368,190.0,0.029604902833582913
0.1327328191719166,0.12289787934515406,191.0,-0.13473673392714422
0.17466853136985083,-0.04567128976362397,192.0,-0.1731783318169249
0.056779568797489535,-0.16932968289186232,193.0,-0.053220916471311
-0.11045937351045723,-0.13640493969317338,194.0,0.11280621114862874
-0.17383968808107822,0.020032212237190566,195.0,0.1728624672262189
-0.07772516163827926,0.15513712047843306,196.0,0.07437923099351124
0.08723650431980204,0.14635119988893183,197.0,-0.08985856447045207
0.16952355297018554,0.004521177742413812,198.0,-0.16904931202411452
0.09587020005264577,-0.1386158823743031,199.0,-0.0927926528402688
-0.06359180954724959,-0.15274173727413315,200.0,0.06641973691453598
-0.16201099186545484,-0.027552737675116262,201.0,0.16202008469368567
-0.11100874097399313,0.12023758982591594,202.0,0.10824653906215953
0.04003074133642264,0.15565364996991274,203.0,-0.042995032624603274
0.15164094095286204,0.048682675075121806,204.0,-0.1521050354571688
0.12300798081619137,-0.10048416785852825,205.0,-0.1205989377191867
-0.01702761578859319,-0.15523029468768607,206.0,0.02006004188280397
-0.1387907140760066,-0.0675919901392473,207.0,0.13967387424535238
-0.1318066971275027,0.07983744381677892,208.0,0.12977924171065947
-0.004982220478927826,0.1516745125337691,209.0,0.0019473010676474
0.12386609396830146,0.08402542329004142,210.0,-0.125125953564544
0.137412325175006,-0.0587693536255407,211.0,-0.13578546998709798
0.02560897502708392,-0.1452410395157662,212.0,-0.022633431834480217
-0.10729142152524354,-0.09779293471546435,213.0,0.1088804201966919
-0.13989680841148905,0.03773291956583644,214.0,0.13868031137014644
-0.044513684343526504,0.13622830358548735,215.0,0.04165457630798619
0.0894998847957398,0.10876977130419317,216.0,-0.09136653784363631
0.13939137862177825,-0.017154138130973384,217.0,-0.13858608350392215
0.06141214765248907,-0.12496981077641474,218.0,-0.05872084279415303
-0.07092419356473952,-0.11689520187896901,219.0,0.07301436757822383
-0.13608043424075525,-0.0025751100512053093,220.0,0.13567877264123596
-0.07607751787028527,0.11182531955357088,221.0,0.07359897997989362
0.05198780673282194,0.1221700240030215,222.0,-0.05424597480492489
0.13019469386449176,0.021103043551979617,223.0,-0.13018132900994056
0.08834157521313385,-0.09717199520588811,224.0,-0.08611382232955371
-0.033096858718379744,-0.12465296460414174,225.0,0.03546731090622278
-0.12200380640821026,-0.03812279949368072,226.0,0.1223563974716288
-0.09809473427101184,0.08139572534615322,227.0,0.0961484699570015
0.014632908375688461,0.12445611204019505,228.0,-0.017060895391604255
0.11180859984844327,0.05337605868885445,229.0,-0.11249866420241547
0.10528485816088237,-0.064882763761646,230.0,-0.10364327301507249
0.0030533899979180335,-0.12173952891296594,231.0,-0.0006205992376319414
-0.09993314724206934,-0.06665547238380615,232.0,0.1009269974102011
-0.1099149733473436,0.04801185344168832,233.0,0.10859371087367758
-0.019647618544634086,0.11670520290467919,234.0,0.0172597820034507
0.08671682202487126,0.07780591104046067,235.0,-0.08797655392617891
0.11203999562696529,-0.031146961079516478,236.0,-0.1110472735845792
0.034875880245657846,-0.10959049721638758,237.0,-0.032578943927305884
-0.07250650479366075,-0.0867245783580059,238.0,0.07399101419390472
-0.11176259144874923,0.014630735204723688,239.0,0.11109946716078886
-0.048508009701931504,0.10066126295398187,240.0,0.0463433951903279
0.05764909124905941,0.09336005429851561,241.0,-0.05931509610240103
0.10922830909745268,0.0012212211457685723,242.0,-0.10888907493850877
0.06035970751776148,-0.09020477322911363,243.0,-0.05836373302452853
-0.04248443613456194,-0.09771034894940411,244.0,0.0442874836820447
-0.10462012128190085,-0.016125194170466886,245.0,0.10459281471978499
-0.07029361756264464,0.07852263306453812,246.0,0.06849705648226609
0.02733885128792571,0.0998200644080643,247.0,-0.02923429031720562
0.09815252439848675,0.029833272403695654,248.0,-0.09841953554632461
0.07821938676389764,-0.0659238107111796,249.0,-0.07664716470851332
-0.012519257772810924,-0.09977677435485055,250.0,0.014463158293140169
-0.09006534029654348,-0.042136303785138204,251.0,0.09060409893968675
-0.08409276546677008,0.05271792503593567,252.0,0.08276379387618008
-0.001691927065719972,0.09770674050509044,253.0,-0.00025807762616007757
0.08061736393052776,0.05286589223236833,254.0,-0.08140108742769714
0.0879138225319896,-0.03920891058950646,255.0,-0.08684096428965705
0.015041106433208724,-0.09377009167657993,256.0,-0.01312501233782161
-0.0700799950682291,-0.06189544904509396,257.0,0.07107847837101479
-0.0897243630258646,0.02568916719976,258.0,0.08891452309379123
-0.027306983371326365,0.0881555948155554,259.0,0.02546179468626758
0.05873098450210068,0.06914033279976795,260.0,-0.059911413771718755
0.0896046474594283,-0.01243428485992279,261.0,-0.08905897940691065
0.03830318051001082,-0.08107514809071972,262.0,-0.03656229556156729
-0.04684841528548806,-0.07455712797175794,263.0,0.04817618718697958
-0.08766951997557748,-0.00030158230525642593,264.0,0.08738373745300658
-0.04787999706079426,0.07275812424052536,265.0,0.04627274787354363
0.0347050277167818,0.07814212711282645,266.0,-0.03614455739446229
0.0840640586494563,0.012289636710501525,267.0,-0.08402883936042066
0.055925317560805904,-0.06344568793983589,268.0,-0.0544766101049398
-0.02256298347202699,-0.07992909383501064,269.0,0.024078485436188762
-0.07895886419647918,-0.023329613956338466,270.0,0.0791603327658354
-0.062364703283425846,0.05338520427218368,271.0,0.0610947686887723
0.010669149799201824,0.07998639398018335,272.0,-0.012225377417131866
0.07254510396394803,0.03325219417265601,273.0,-0.07296537928636014
0.06716071205437635,-0.04282484672334656,274.0,-0.06608496739051561
0.0007490306015510047,-0.07841359011510567,275.0,0.0008139003605975997
-0.06502942625299744,-0.041920643585196295,276.0,0.06564721843553233
-0.07031150524097902,0.03200850273927601,277.0,0.06944052031326517
-0.011487034120817531,0.07533759986735204,278.0,0.009949577151550093
0.056628855954986804,0.049231697747195435,279.0,-0.057420097824354976
0.07184881175748725,-0.021171063131105658,280.0,-0.07118837642034438
0.021366081146945992,-0.07090852163399203,281.0,-0.01988388355383973
-0.04756577640328937,-0.055115712634667274,282.0,0.04850427472086003
-0.07183532793916787,0.010534168777890096,283.0,0.07138661270440046
-0.030235272880641217,0.06529523193009046,284.0,0.028835261614030723
0.0380630944790585,0.05953612316887288,285.0,-0.03912118647318646
0.07036163901902666,-0.0003024744996918405,286.0,-0.07012144025967985
0.037973036669832164,-0.058680857217612604,287.0,-0.03667889906682129
-0.02833967663135333,-0.06248826051097651,288.0,0.029488878183020414
-0.06754275267803077,-0.009339524030845328,289.0,0.06750381251377921
-0.044487890738240735,0.05125821961852798,290.0,0.04331978142893239
0.018606132857256735,0.06399758952455036,291.0,-0.01981776564264657
0.06351433776074496,0.018230068592971285,292.0,-0.06366572777039388
0.04971855238994788,-0.04322535065782219,293.0,-0.04869288912112489
-0.009061014124025372,-0.06411743601983054,294.0,0.010306800185448661
-0.05842876182337263,-0.026232104138148755,295.0,0.058756319063126214
-0.05363342572224862,0.03478116031686771,296.0,0.05276277307096865
-0.00011252350676998875,0.06292627971558686,297.0,-0.0011400900423429866
0.05245101981784857,0.03323462762141148,298.0,-0.05293782323208488
0.056229515400395315,-0.02612134043548802,299.0,-0.0555225536262045
0.008749547386489967,-0.06052469326525691,300.0,-0.0075159796660217645
-0.045754643054327596,-0.039153428436093964,301.0,0.04638151823678719
-0.057530822009447494,0.017434572131818545,302.0,0.05699239672027347
-0.016705641438553617,0.05703201021314832,303.0,0.01551509876328832
0.03851767279428182,0.04393124082297594,304.0,-0.039263713182581955
0.0575862818092328,-0.00889909666936712,305.0,-0.05721752872357522
0.023858648507400722,-0.052582805433888866,306.0,-0.022732838607826787
-0.030918776599695736,-0.047537339398259666,307.0,0.03176186954731361
-0.05646731932570871,0.0006796983475071752,308.0,0.056265857221546506
-0.03010985853789857,0.04732327055612939,309.0,0.029067908446262954
0.02313357811073094,0.04996661845686331,310.0,-0.024050924852116566
0.054265085100866126,0.0070748632169506664,311.0,-0.05422526905575143
0.035384650692349494,-0.04140756420325799,312.0,-0.03444286802434075
-0.015331262467923322,-0.051238203838449584,313.0,0.016299881756624002
1.3523072037048356,0.14930497175763557,0.0,-0.6838583214065713
0.9158242990926142,-1.0104192072711042,1.0,-0.8926687883459739
-0.3456565899365107,-1.2938661788825367,2.0,0.37025422838983246
-1.267520097717289,-0.3939420839877372,3.0,1.271140988978992
-1.0173529060641016,0.846753202042646,4.0,0.9971164544092675
0.15391929724658432,1.2921130107020469,5.0,-0.17912019266588142
1.1618917239713915,0.5524915079067594,6.0,-1.1690193192624654
1.0922779751514422,-0.6753970558091738,7.0,-1.0752021597431671
0.02978250280952755,-1.264182882825146,8.0,-0.004526018392432274
-1.0387840583372585,-0.6905711334391829,9.0,1.0490691817388247
-1.140624946149981,0.5002836570235725,10.0,1.1268729946133593
-0.20218062489017669,1.2121682669868987,11.0,0.17738545631540314
0.9017187851272523,0.8065647588077929,12.0,-0.914768377184989
1.1629583239879049,-0.32519327572755996,13.0,-1.1526163574087704
0.3604271026951754,-1.1385296103238318,14.0,-0.33657067034516097
-0.7542963722162521,-0.8993994886281703,15.0,0.7696840395806315
-1.1603388050885377,0.15368556804298383,16.0,1.1534185768137144
-0.502127639388851,1.0460238654633707,17.0,0.47964046878433697
0.6001182565561363,0.9685359148053146,18.0,-0.6173948852057809
1.1342728089325682,0.010959972730227863,19.0,-1.1307157963699304
0.6253638832708573,-0.9376311523536618,20.0,-0.604623579968076
-0.4427135415440288,-1.0139480191601058,21.0,0.46141775403665986
-1.0866558835363993,-0.16579439919321204,22.0,1.0863385709419808
-0.7287047264179146,0.8164811521884946,23.0,0.7100313780659157
0.28547143432676714,1.0360938050870945,24.0,-0.3051396874828316
1.0197114926240822,0.3082400361867943,25.0,-1.022451668077976
0.8112070357566671,-0.6857807460322901,26.0,-0.7948600517227133
-0.13158046286709016,-1.0358777954374314,27.0,0.15175660145456682
-0.9359266983914808,-0.43612128446023857,28.0,0.9414905778314225
-0.8724064171062692,0.5487442973493112,29.0,0.8585827862227446
-0.01602468584480094,1.014606633021013,30.0,-0.004219417956711213
0.837986228736333,0.5476854530348363,31.0,-0.8460962139975825
0.9122987804667861,-0.40852784238430195,32.0,-0.9011326997527969
0.1547080690483075,-0.973939088399108,33.0,-0.1348116835710339
-0.7287063639794031,-0.6416137772566016,34.0,0.7390492401332993
-0.9313136171731318,0.26816829925933816,35.0,0.9228774192391933
-0.28216870063289934,0.9158318174054434,36.0,0.26300443758099756
0.610969998203793,0.7170229699927289,37.0,-0.6232053778971941
0.9302800150684705,-0.13052863988703145,38.0,-0.9245862997148502
0.39646784234707066,-0.8424822190984168,39.0,-0.37838282992909866
-0.4876641275335803,-0.7734578257312996,40.0,0.5014329562026087
-0.9103865257869533,-0.001750207450645358,41.0,0.9073913823169718
-0.4960473382766534,0.7562697251598499,42.0,0.47934653967708185
0.36162089538415193,0.8108755490399396,43.0,-0.3765538408158181
0.8731360583921493,0.1262901386137688,44.0,-0.8727432495847126
0.5797391413044465,-0.6596968061449426,45.0,-0.5646816078268946
-0.23556318656694575,-0.8296226080477992,46.0,0.2512887489197657
-0.8202970063890516,-0.24100893391377498,47.0,0.822362973035651
-0.6467663507406864,0.5553309108899712,48.0,0.6335626269110328
0.11205561185356543,0.8304050190151444,49.0,-0.12820780547112332
0.7538518214420477,0.34414537542817814,50.0,-0.7581913578787769
0.6967362343718079,-0.4457484655745819,51.0,-0.6855469006880865
0.006538434038301774,-0.814253048887987,52.0,0.009687041686741171
-0.6759442284013193,-0.43427637304738587,53.0,0.6823366745313314
-0.7296258436366009,0.33348195144294823,54.0,0.7205611603530315
-0.11809312136906948,0.7824813787894167,55.0,0.1021286256562326
0.5888262343050255,0.5103262163185412,56.0,-0.5970220280991784
0.7457609458316995,-0.22097095823295,57.0,-0.738881540903716
0.22074958589692983,-0.7366458029798924,58.0,-0.20535555858170518
-0.4948060210886562,-0.5715682224799542,59.0,0.504533457308462
-0.745789091010067,0.11051797726336687,60.0,0.7411076174002165
-0.3129381876875144,0.6784975457029113,61.0,0.29839449174157817
0.39619773029895244,0.6176191899794042,62.0,-0.4071697759694737
0.7306477029081281,-0.00424955724563858,63.0,-0.7281313750953119
0.3933935914135496,-0.6099362637466895,64.0,-0.3799464977764344
-0.2952740509116618,-0.6484271892574458,65.0,0.307195075631439
-0.70152813264778,-0.09591669946577563,66.0,0.7011020395521846
-0.46116277948463635,0.5329627670944287,67.0,0.44902191464394614
0.19422241128414502,0.6642533271138448,68.0,-0.2067947004442533
0.6598366414005248,0.18829896907335053,69.0,-0.6613877231301998
0.5156062465954874,-0.4496324356521106,70.0,-0.5049424631983032
-0.09510545632458459,-0.6656482064870537,71.0,0.10803538741735619
-0.6071532843934745,-0.2714716806752032,72.0,0.610534853275882
-0.5563927484813191,0.3620102389284152,73.0,0.5473369085379576
-0.00017363585647563968,0.653423869322209,74.0,-0.012830140166702475
0.5451896546926025,0.3442795865873549,75.0,-0.5502263369448054
0.5834880870541052,-0.2721281801311304,76.0,-0.5761307293339762
0.08990057425033283,-0.6286220562011741,77.0,-0.0770917251097164
-0.47574641257366573,-0.40584551542782676,78.0,0.482239385611862
-0.5971385073022442,0.18194588899641984,79.0,0.591530354194317
-0.17257382035427205,0.5924796427650281,80.0,0.1602090534252565
0.4006714767367829,0.45557201816699533,81.0,-0.40840387839116143
0.5978493574148617,-0.09331498144852068,82.0,-0.5940026020590075
0.24692273679204024,-0.5463921202970968,83.0,-0.23522766596180023
-0.3218196891311043,-0.49313722931291853,84.0,0.3305620787432925
-0.586359721990405,0.007947691580987293,85.0,0.584250024061553
-0.3119199829628609,0.491875977098494,86.0,0.3010934630766951
0.24101468791181227,0.5184853642912849,87.0,-0.2505304452238033
0.5636137787498752,0.07260983487627992,88.0,-0.5631828870360458
0.36678824064257143,-0.43053080975869323,89.0,-0.3569998815110345
-0.16001363536749794,-0.5318123586484139,90.0,0.17006419102247816
-0.5307296521115012,-0.14699931390958043,91.0,0.5318885640460198
-0.4110014629491115,0.36400195063356483,92.0,0.4023898829129213
0.08047535192256201,0.5335472240659472,93.0,-0.0908251530075821
0.48896654285574503,0.2140670078520246,94.0,-0.4915991054752533
0.44428094020543685,-0.2939443415535295,95.0,-0.4369527517122912
-0.003932305952327435,-0.5243297498036346,96.0,0.014353431020648344
-0.4396909027918104,-0.2728752783035607,97.0,0.4436577561768906
-0.4665865645527361,0.22198831592503326,98.0,0.4606160697458078
-0.0682331954616472,0.5049852159038128,99.0,0.057956845336114005
0.38434239798163533,0.32270907122399856,100.0,-0.38948516103294306
0.4781037505778314,-0.14970787401493574,101.0,-0.473533311741223
0.13480837524613715,-0.47649680646433884,102.0,-0.12487736992801202
-0.32440036507647557,-0.363077497432312,103.0,0.3305459643851308
-0.47922653093763096,0.07859195144422071,104.0,0.476067568962746
-0.19476477919533672,0.4399764179769873,105.0,0.1853609846298926
0.2613514142619986,0.39371076198918925,106.0,-0.2683164596980686
0.47053739353346136,-0.010019090923441554,107.0,-0.4687719575268147
0.24726845859358987,-0.3966345498970859,108.0,-0.2385524272409309
-0.19665877093147777,-0.4145527757731339,109.0,0.20425388623973806
-0.4527844600652029,-0.054764165832244804,110.0,0.45236730291402544
-0.2916856039863071,0.347749943258063,111.0,0.2837945506977177
0.1317338783620256,0.4257498509656039,112.0,-0.13976790131089406
0.4268566249348265,0.1146609431886561,113.0,-0.42771771315324736
0.3275837804238216,-0.2946395994950085,114.0,-0.32063015083666907
-0.06791070726933267,-0.42763593841286035,115.0,0.0761946815246084
-0.39375727890553774,-0.16873762402771164,116.0,0.39580466042495765
-0.3547289952058399,0.23862976709399186,117.0,0.348799621264953
0.006423137098126303,0.42071490849222054,118.0,-0.01477402676382078
0.3545772343433936,0.21623333026120656,119.0,-0.3577001850765901
0.37307890045925074,-0.18102842978074268,120.0,-0.36823472605037766
0.05161430981515586,-0.4056404080292082,121.0,-0.043370242383088675
-0.31046744918538627,-0.2565653380678365,122.0,0.31453981813623494
-0.3827724938853024,0.12309976834169511,123.0,0.37904884295854463
-0.10522218463413585,0.3831938440957745,124.0,0.09724638683075826
0.2626121160964319,0.2893305544613718,125.0,-0.26749578941744623
0.38411673107358696,-0.06604100053922618,126.0,-0.3815240812122424
0.15356816603158085,-0.35426105153832793,127.0,-0.14600722720794157
-0.21220264286238572,-0.3143032545295736,128.0,0.21775104948295043
-0.37757050151859517,0.010961931662616942,129.0,0.37609571778493156
-0.1959754199411907,0.31980819542606687,130.0,0.18895895532685114
0.1604130013055615,0.33142934312577144,131.0,-0.16647458641286805
0.36372644776141017,0.041132526239100464,132.0,-0.36333442492234314
0.23192731016816326,-0.280857443071523,133.0,-0.2255663132463684
-0.10837686638103228,-0.34081746011923686,134.0,0.11479846397896287
-0.3432911230262735,-0.08935668379964706,135.0,0.34392677897533014
-0.26106857656304366,0.2384629138262724,136.0,0.25545424612686607
0.05716690614801798,0.34272729392256923,137.0,-0.06379694798148705
0.31706398766552507,0.13295514453965707,138.0,-0.31865454704785856
0.2832031625103955,-0.19368737960881593,139.0,-0.2784062006104304
-0.00777651856056722,-0.3375555035539261,140.0,0.014468023673647468
-0.28591573920676433,-0.17131058048944103,141.0,0.28837324390282887
-0.29828893104555,0.14758014631250815,142.0,0.2943592986842325
-0.03889575597599897,0.3258196748200265,143.0,0.03228245907645949
0.25076645553470805,0.20394824695076044,144.0,-0.253990437731941
0.30642955825559204,-0.10115649717225533,145.0,-0.3033966671437503
0.08205898508932555,-0.30814075140334185,146.0,-0.07565384346088916
-0.21256400661500513,-0.23053733447385275,147.0,0.21644426063382183
-0.3078639332190376,0.05537902521069865,148.0,0.30573724429657506
-0.12103966385645411,0.28522438698525765,149.0,0.1149608235572605
0.17226315818472906,0.2508893147394142,150.0,-0.1766825489377949
0.30295342527669683,-0.011141124414509596,151.0,-0.30172341813746184
0.15528857413687672,-0.25784166050182505,152.0,-0.14964066460125186
-0.13080575210261244,-0.26495348904890625,153.0,0.13564300093043852
-0.2921674017895338,-0.030747150317207705,154.0,0.291806873695702
-0.18438471669867146,0.22680958383323208,155.0,0.1792575099270867
0.08910230375234598,0.27280999286462576,156.0,-0.09423469629650405
0.27606739280772424,0.06957070481760641,157.0,-0.276533041679128
0.2080364066330616,-0.19297181045019582,158.0,-0.20350385663440052
-0.04801530824899197,-0.27466054682230157,159.0,0.0533212738318789
-0.2552903035084324,-0.10471841918892444,160.0,0.2565245461551577
-0.22607967497611617,0.15717992566437244,161.0,0.22219933485431373
0.008344495454819497,0.2708172735582449,162.0,-0.013706012988290994
0.23053107128214584,0.1356895217982157,163.0,-0.23246404620137287
0.23847416591980472,-0.12027566513087312,164.0,-0.23528697247160585
0.02918577980119041,-0.2616899204321309,165.0,-0.023880988211490983
-0.2025251525297512,-0.16209734781209448,166.0,0.2050768557848852
-0.2452967589005429,0.08307436918741376,167.0,0.24282716769927992
-0.063936880186288,0.24777184084398637,168.0,0.058793400184196376
0.17203120527159624,0.18367055814183575,169.0,-0.1751137082666411
0.24673317777238946,-0.04634993756730932,170.0,-0.24498962558042398
0.09536388270220493,-0.22962509155270122,171.0,-0.09047692857418174
-0.1398143083671995,-0.2002519419024483,172.0,0.14333400763854268
-0.2430678749410006,0.010821503102523833,173.0,0.24204354098590905
-0.12302120385724154,0.2078650005665928,174.0,0.1184752278063414
0.10663002738423483,0.21179496746581655,175.0,-0.11048987879030595
0.234672496653724,0.02285800465829338,176.0,-0.23434632987906912
0.1465658768821289,-0.18314455029658575,177.0,-0.14243347816993976
-0.07320960188082547,-0.21835828336501156,178.0,0.0773112946604354
-0.22199324666639567,-0.05411128338308452,179.0,0.22233122257625046
-0.16575855107189275,0.15613890434726163,180.0,0.16209968975166023
0.04024649005694472,0.22009840028200633,181.0,-0.04449252004140286
0.20553746943871168,0.08244399497264909,182.0,-0.20649403760396395
0.18046232558214811,-0.12753038427495741,183.0,-0.1773238390796475
-0.008384465383327745,-0.21726080887808058,184.0,0.012680071066825394
-0.18585977118091176,-0.10744998797177205,185.0,0.1873794528636856
-0.19063956750959138,0.09799417565244647,186.0,0.1880549822435866
-0.021792583080794268,0.21016980520213321,187.0,0.017537652996520436
0.16354798793605238,0.12881442230653892,188.0,-0.1655670825993119
0.1963468963569335,-0.0681850116799608,189.0,-0.19433652104924037
0.049769038454677623,-0.19921730587388184,190.0,-0.04563895217845046
-0.1392092949875955,-0.14631485495610969,191.0,0.14165765463978255
-0.19772854366993742,0.038725048243437865,192.0,0.19629982604503987
-0.07510406681474639,0.1848509393493996,193.0,0.07117555190155653
0.11345673186975347,0.15982038322391998,194.0,-0.11625956320804764
0.19500831752113226,-0.01019310763334308,195.0,-0.1941564418001037
0.09743622787562285,-0.167561697627132,196.0,-0.09377744404785435
-0.08689639283271237,-0.16928897614948243,197.0,0.08997604891497493
-0.1884804165143711,-0.016884570018551176,198.0,0.18818911552904027
-0.11648620245438875,0.14787142513325663,199.0,0.11315585431677697
0.060115504530632455,0.1747631538491739,200.0,-0.06339323014642226
0.1784993471341233,0.04204196728965312,201.0,-0.1787419000467285
0.13205769091682287,-0.12632040871922134,202.0,-0.12910438464359547
-0.03367158174107338,-0.1763641988687058,203.0,0.03706917967802384
-0.1654692017180629,-0.06487926025365812,204.0,0.1662095862450086
-0.14403657084660174,0.10345531527848159,205.0,0.1414984137135368
0.008082818887765705,0.174285102765879,206.0,-0.011524207815623161
0.14983255235247991,0.08506709530950493,207.0,-0.15102671906161103
0.15238843244384537,-0.07981770206451216,208.0,-0.1502928692082081
0.01618015918322406,-0.16878246503149258,209.0,-0.01276752058564215
-0.1320592089338872,-0.10234918371852406,210.0,0.13365644458862547
-0.15715463625189563,0.0559333000356986,211.0,0.15551851191701957
-0.038701098557627336,0.16016757011896798,212.0,0.03538494240858184
0.11263507794627901,0.11654325905066189,213.0,-0.11457942498326178
0.1584470594433154,-0.03230224316551997,214.0,-0.1572768939456821
0.059123415728419705,-0.14879687192172467,215.0,-0.05596556747033771
-0.09205134267951524,-0.12754047340416144,216.0,0.09428304268220791
-0.1564417138878046,0.009390387346312479,217.0,0.15573417077903032
-0.0771539748742465,0.1350621137336335,218.0,0.07420943984199943
0.07079416622282364,0.13530333559723629,219.0,-0.07325109663610455
0.15137143150037405,0.012378168010159923,220.0,-0.1511139597955014
0.09256535476424717,-0.11938030586044354,221.0,-0.08988159665706992
-0.0493350962103239,-0.13986231817367795,222.0,0.05195417146765857
-0.14351781995286658,-0.03262727361874301,223.0,0.14368944600559322
-0.10519664714209255,0.10218377300783586,224.0,0.10281306189521118
0.028122325600527114,0.14131127975137384,225.0,-0.03084083624314199
0.13320269484470237,0.05103358806502506,226.0,-0.133774939408116
0.11495285587170288,-0.08391046979981075,227.0,-0.11290044024924534
-0.007572937376930805,-0.13980186480382184,228.0,0.010329803539489008
-0.1207791930743934,-0.06733007864757105,229.0,0.12171708760544617
-0.12180299055016333,0.06499474577563204,230.0,0.12010420086175227
-0.011933766401782677,0.13553705432131682,231.0,0.009196847646856382
0.10662276671393775,0.08130817313759642,232.0,-0.10788594247228105
0.12577696938828695,-0.04585872151180226,233.0,-0.12444576212885673
0.030061778675382407,-0.12876404796768343,234.0,-0.027399309266420563
-0.09112224751206811,-0.09281859725801381,235.0,0.09266607106454217
-0.12696146369107916,0.026904415673022347,236.0,0.12600350668330806
-0.04652269980532484,0.11976666142677335,237.0,0.043984493579973735
0.07467115964382841,0.10177095738700785,238.0,-0.07644788897818597
0.12549483008968618,-0.008506739381527878,239.0,-0.1249078699065487
0.06107883062002284,-0.10885742179448814,240.0,-0.05870927321353442
-0.05765944293141468,-0.10813215004544272,241.0,0.05961937946444146
-0.12156128671852641,-0.008992550122914125,242.0,0.12133565581122464
-0.07354505418662309,0.09636953936512448,243.0,0.07138251642854941
0.040465730965871624,0.1119236988386979,244.0,-0.042558344257717304
0.11538449581202295,0.025289869426259257,245.0,-0.11550374089382874
0.08378953857684254,-0.08264892628890082,246.0,-0.081865946377652
-0.02345030886264799,-0.11321813547493075,247.0,0.025625312751307167
-0.10722071780581263,-0.0401237601636692,248.0,0.10766232965052434
-0.09173331499395905,0.06804642169556473,249.0,0.09007387535780176
0.006948854297685253,0.11213455413107358,250.0,-0.00915721539496303
0.0973517011282864,0.05327775340036783,251.0,-0.09808792503431085
0.09734880533484684,-0.05291036938633038,252.0,-0.09597188497690666
0.008732956495485686,-0.10883347772253679,253.0,-0.006538094515820339
-0.0860774676824186,-0.06458215220670596,254.0,0.08707617342167476
-0.10065739031374434,0.03757967851769864,255.0,0.09957454046413898
-0.02332391843562869,0.10351118055868681,256.0,0.021186408653884534
0.07370914682163192,0.07391475917298614,257.0,-0.07493473691723165
0.10172612348070657,-0.02237748028170082,258.0,-0.10094224185830429
0.036590805932115444,-0.09639361450748445,259.0,-0.03455078119296691
-0.060562000738552633,-0.08120059550944046,260.0,0.06197633636398865
-0.10066370770439505,0.007605474885383767,261.0,0.10017732637698128
-0.04834090448476684,0.08773008528895662,262.0,0.04643417782195729
0.04694877196963334,0.08641067617021793,263.0,-0.04851209661561155
0.09761585890043903,0.006460956399062939,264.0,-0.09741954484631286
0.058423570938354354,-0.07778682206116483,265.0,-0.056681158774285825
-0.033173469555809146,-0.08955992088538152,266.0,0.034845311805392146
-0.09276018698211021,-0.019576819256331354,267.0,0.09284104064296726
-0.06673084722591799,0.06684057729454534,268.0,0.06517861789129012
0.019525694691283787,0.09070429390759174,269.0,-0.021265732963518177
0.08630072625958139,0.03153071943551869,270.0,-0.08664096223871025
0.07319717023904865,-0.055172385336804755,271.0,-0.07185561766250952
-0.00627558984824049,-0.08993727556175912,272.0,0.008044463734625668
-0.07846224694327379,-0.04214720538108778,273.0,0.07903984025462725
-0.07779823636335624,0.04306159736597183,274.0,0.0766823762461178
-0.0063305222059516515,0.08738577627153835,275.0,0.004570467402988873
0.06948447619174396,0.05128824343533615,276.0,-0.07027385709996802
0.08054909300066997,-0.030780297952772498,277.0,-0.07966847645365097
0.018073760981321824,-0.08320560863166496,278.0,-0.01635780775717896
-0.05961635150440547,-0.05885384612490847,279.0,0.06058913199352093
-0.08150154090945985,0.018588194565908184,280.0,0.08086037843512525
-0.02876554175337154,0.07757663535274531,281.0,0.027126020970518194
0.04911042145024185,0.06478189007342437,282.0,-0.050236136703720215
0.08074094032967619,-0.006728056415503669,283.0,-0.08033832720143605
0.03824964672020878,-0.07069771063490982,284.0,-0.036715451952244946
-0.03821749903061945,-0.06904717443630891,285.0,0.03946434797042167
-0.07838252057004554,-0.004578236591396556,286.0,0.07821275312055907
-0.046403517264819796,0.06278152988333688,287.0,0.04499971732877837
0.027181661704041706,0.07165978323607794,288.0,-0.028517231580190844
0.07456729702971857,0.01513298995665463,289.0,-0.07462026812080533
0.05313878639977286,-0.05404949785005945,290.0,-0.05188633824184507
-0.016235679574581323,-0.07266282544213208,291.0,0.017627640797813274
-0.06945770155533385,-0.0247653068626566,292.0,0.06971936257566781
-0.05840108481375031,0.04472671850047207,293.0,0.05731664674334086
0.005596939791444076,0.07212963499538545,294.0,-0.007013698611271907
0.06323303169753072,0.03333300330453148,295.0,-0.06368590781728016
0.0621691667666601,-0.035037201412714304,296.0,-0.061265009991356284
0.004536078847737536,-0.07016051917372429,297.0,-0.0031247806394227307
-0.05608482196664994,-0.040723827731180585,298.0,0.05670856706912492
-0.06445341321990669,0.02519936959240795,299.0,0.06373742775803579
-0.013986741431530477,0.06687914773293518,300.0,0.012609288884081193
0.04821223576963668,0.046856000892374905,301.0,-0.04898421346233885
0.06529377891219108,-0.015421942511658002,302.0,-0.06476956826624096
0.02260257725505685,-0.06242867718049078,303.0,-0.021285014046391708
-0.03981757054277517,-0.05167810450032562,304.0,0.040713447912215234
-0.06475725751539801,0.005900256252267186,305.0,0.06442431501073462
-0.030256973562678775,0.05696770443159423,306.0,0.029022608672983723
0.031101960905100076,0.055168358892456554,307.0,-0.032096302198929005
0.0629349444892125,0.003186929860835956,308.0,-0.06278890293700513
0.03685024475452348,-0.05066614207809815,309.0,-0.035719337663106775
-0.022261355690085673,-0.0573333399681891,310.0,0.023328203855185678
-0.059938780798443496,-0.01168010352017454,311.0,0.0599717261345851
-0.0423100916815219,0.04370110372452676,312.0,0.041299617917674586
0.013482834725520858,0.058206194148480696,313.0,-0.014596269681144136
-0.984303572618037,0.0987272161243602,0.0,0.4853367772713511
-0.49335023841187153,0.8447941333612549,1.0,0.4748967720967501
0.4369600101267129,0.8552549679290885,2.0,-0.4525253646264199
0.9511003751687839,0.08700175694202783,3.0,-0.9496662408477687
0.5893086489177785,-0.7452334968595603,4.0,-0.5725170775405874
-0.3017449483536194,-0.8826309498015208,5.0,0.3183051139197579
-0.9004872564516142,-0.2138815018151391,6.0,0.9017464932453342
-0.6676934891203882,0.6363142259289006,7.0,0.6528085392367516
0.16826729556564332,0.8904616880938016,8.0,-0.1854275374717662
0.8345074633830672,0.32902241334476223,9.0,-0.8382776111502155
0.7279339694507027,-0.5207965303562506,10.0,-0.7151473388919055
-0.03914054783194879,-0.879726147251802,11.0,0.05651691453122443
-0.7553977816010319,-0.43076636659553413,12.0,0.7614559388242298
-0.7698615613961257,0.4014140769004426,13.0,0.7593111086620008
-0.0832624858561294,0.8517238831440338,14.0,0.06603598186961546
0.6655317727936646,0.5178242662898302,15.0,-0.6736214850834421
0.793689999181175,-0.2808199375924164,16.0,-0.7854600750257817
0.19684392536368978,-0.808029942841207,17.0,-0.18010891022736286
-0.567363535871074,-0.5892807738750161,18.0,0.5772019657148336
-0.7999886715818102,0.1615373249008395,19.0,0.7941115195325813
-0.2998074755887006,0.7504467878748113,20.0,0.2838756847593987
0.46337310526153264,0.6445911578255187,21.0,-0.47465832081959425
0.7896503299605585,-0.04591583694827872,22.0,-0.7861084650361424
0.39067739665269646,-0.6809543921010908,23.0,-0.3758260755125842
-0.3560145014855612,-0.6835707899456067,24.0,0.36843272926307125
-0.7638541002755234,-0.06390621821545595,25.0,0.7625835605593964
-0.4683098498861326,0.601659635384803,26.0,0.4547781236592846
0.24766733610115485,0.7063779295610879,27.0,-0.260900032091847
0.7240248248020608,0.16603300704883972,28.0,-0.7249191789088564
0.5318968328522737,-0.5147460633452763,29.0,-0.5198830632090379
-0.14059274829066368,-0.7134905366188357,30.0,0.15432335435401845
-0.6717897742180395,-0.2588356074558673,31.0,0.6747047591296712
-0.5809630549597985,0.42242501363491447,32.0,0.5706231796128272
0.036894316997900696,0.7056779329997143,33.0,-0.05081458338498157
0.6089337635824582,0.3409695941691193,34.0,-0.6136924218188544
0.6153562283160657,-0.326889023166293,35.0,-0.6068030601299462
0.06151554616712296,-0.6839681884152288,36.0,-0.04769977545761195
-0.5373536780108251,-0.41138581392963613,37.0,0.543751860576854
-0.6352313547527823,0.23026833106128575,38.0,0.6285347987465414
-0.15294335892822142,0.649612143175913,39.0,0.13950698434790465
0.4590133672828751,0.46933452791303704,40.0,-0.4668254691713891
0.6410296782308929,-0.1345911816867129,41.0,-0.6362178086049639
0.23593626101476856,-0.6040449953914598,42.0,-0.22313045788271202
-0.3758998052532722,-0.5143632234144463,43.0,0.3848846033108311
-0.6334530413558802,0.04174851383549061,44.0,0.6305139665546718
-0.3092975497686869,0.5488463756805331,45.0,0.2973460414992579
0.28998133204096194,0.5463085079716928,46.0,-0.2998878005063216
0.6134344351856453,0.04653650122295794,47.0,-0.6123188671729842
0.3720961012823755,-0.4856998094729717,48.0,-0.36119220796311774
-0.20316870697789466,-0.5652825953968658,49.0,0.2137416937148312
-0.5821055629757763,-0.12873373566245128,50.0,0.5827299974589807
-0.4236698415388955,0.4163524270263222,51.0,0.4139743187290676
0.1172796007382704,0.5716549735066642,52.0,-0.1282652568342646
0.5407622514470459,0.20352598293809976,53.0,-0.5430126587908592
0.4636235434591395,-0.3425757261501372,54.0,-0.4552632091453726
-0.034007048526737,-0.5660299069896549,55.0,0.045157915189657505
-0.4908285383929892,-0.2698233476258968,56.0,0.494564460417074
-0.4918213250932175,0.26612812434310323,57.0,0.4848884568301043
-0.04510772474792867,0.549220475501582,58.0,0.034028055492565934
0.4338202440994774,0.3267721741989185,59.0,-0.4388791898027142
0.5083743101094833,-0.1887199577516413,60.0,-0.502926779752422
0.11869780923541569,-0.5222198767752689,61.0,-0.1079105300174188
-0.3713087975229214,-0.3737586511736979,62.0,0.3775108309242803
-0.5136239832686664,0.11198149631153703,63.0,0.509686083605114
-0.18558825910308052,0.486170737657656,64.0,0.17529573465265708
0.30488603809608217,0.41040732740784264,65.0,-0.3120384536983545
0.5081218301047997,-0.03743444993306366,66.0,-0.5056857362790574
0.24480880952649142,-0.442333173235694,67.0,-0.2351915574242905
-0.23613065220787668,-0.4365748670175737,68.0,0.24403263788944501
-0.49260589129305327,-0.03353265806431471,69.0,0.4916336903345476
-0.29560169028783306,0.392052316573315,70.0,0.2868159818673177
0.16657683177765173,0.4523394472096513,71.0,-0.1750240250119628
0.46797488821749755,0.09968497462242182,72.0,-0.46840110231192317
0.33742466262036935,-0.3367260102690514,73.0,-0.32960075670570993
-0.09768566294271215,-0.4579862683912018,74.0,0.1064745138932946
-0.4352605874165408,-0.15995748238564422,75.0,0.4369951108484013
-0.36994949571186886,0.2777733075021008,76.0,0.3631905042587272
0.03081966776781931,0.45398969765788394,77.0,-0.03975153176699775
0.39559906851907534,0.21346676961356142,78.0,-0.39853043446331393
0.3930561794254989,-0.21660437605266397,79.0,-0.3874375513351988
0.0327791668690676,-0.4409926048825422,80.0,-0.023894274930434112
-0.3502015438811094,-0.25951842116346546,81.0,0.35420043539477336
-0.40682323924360236,0.1545923356876816,82.0,0.4023928368508112
-0.09200762944250662,0.41978347515929476,83.0,0.0833476754822704
0.300325349501502,0.29761013523377733,84.0,-0.3052482690882227
0.4115145773982996,-0.09304748909344684,85.0,-0.4082933095612502
0.1459156393010251,-0.391271892585585,86.0,-0.1376436505089912
-0.24724568723037238,-0.32743075139211847,87.0,0.2529387011102571
-0.4075633101137585,0.0331943310588817,88.0,0.40554627661714565
-0.19371665180503583,0.35646298884033034,89.0,0.18597827095284153
0.19222864922663302,0.3488554477642856,90.0,-0.19853112581027565
0.3955531046119548,0.02384835829511822,91.0,-0.39471119883102296
0.2347941315134021,-0.3164314365097391,92.0,-0.22771566725389103
-0.13650599862219862,-0.36193742815456265,93.0,0.14325426549434
-0.37619754105319203,-0.07708411097638507,94.0,0.37647945159742946
-0.2687041907458255,0.2722955425976753,95.0,0.26239117467354717
0.08125211703133388,0.3668964725760093,96.0,-0.08828296681215486
0.35031803416808793,0.12565191443133478,97.0,-0.35165258155956264
0.29517456316882545,-0.22519196327350693,98.0,-0.2897108134745724
-0.02756346156059395,-0.36410476671058495,99.0,0.03471744414309558
-0.3188208474889597,-0.16883583454883277,100.0,0.3211195888410376
-0.31410014671229874,0.17625151793250582,101.0,0.3095473279752531
-0.02355919701821198,0.3540704569638451,102.0,0.01643475037050507
0.28267372050918904,0.20607112765166247,103.0,-0.2858337536252714
0.3255354062516133,-0.12657653044394757,104.0,-0.3219330654280193
0.07122555565356485,-0.33741939802283744,105.0,-0.06427382223842842
-0.24288260666981348,-0.2369469216350438,106.0,0.24678950491762025
-0.32968397344285494,0.07722006948577637,107.0,0.32705002358826163
-0.11466745290111413,0.31487556939684985,108.0,0.10801975936998026
0.20046898882321249,0.26120561152037214,109.0,-0.2049997994796797
0.3268858184554205,-0.02916739958253589,110.0,-0.32521743426821026
0.15324737885440876,-0.2872406367426987,111.0,-0.1470212204119803
-0.15644819990346442,-0.27873917305495194,112.0,0.16147444129445993
-0.3176023959055248,-0.016680108645270864,113.0,0.31687727889620915
-0.18646383229867913,0.25537312346121666,114.0,0.18076128856106613
0.11180913117988416,0.28958264881125606,115.0,-0.11719972772766707
0.3024001850667016,0.05951842499935717,116.0,-0.30257815109571434
0.213953599736923,-0.2201676388698913,117.0,-0.20886015636499972
-0.06749565998171801,-0.2939051039259314,118.0,0.07311975908308038
-0.28193305262731716,-0.09865154344340682,119.0,0.2829578907510012
-0.23549108919366404,0.1825345821157337,120.0,0.23107486563864563
0.024390074483658212,0.29199838277852064,121.0,-0.030119694811642783
0.2569238652717049,0.13349934666971333,122.0,-0.25872541429186324
0.2509849038618596,-0.14338070690560256,123.0,-0.24729627927790251
0.016701283640157327,-0.284264023339999,124.0,-0.010988816455705097
-0.22814576973599096,-0.16360265571860266,125.0,0.2306421575412318
-0.2604718860172966,0.103590892199842,126.0,0.2575435077624423
-0.05505999585184188,0.2711987026168446,127.0,0.04947986332083737
0.19640354043047845,0.1886255258809616,128.0,-0.1995035311049223
0.2641088996558315,-0.06401141938778526,129.0,-0.261956051927479
0.09006505773549724,-0.2533785947441968,130.0,-0.08472304229029823
-0.16251537004684818,-0.20835490255375178,131.0,0.1661207647374273
-0.2621626506650868,0.025435008323785868,132.0,0.2607839548014802
-0.1211998360579481,0.2314430231763135,133.0,0.11619071700451303
0.12729544769611648,0.22269779779217222,134.0,-0.13130348727474234
0.25499786585353806,0.011412185866072067,135.0,-0.2543762787422085
0.1480564979756474,-0.20607778056567022,136.0,-0.14346276464040728
-0.09153763304192916,-0.23167618936497408,137.0,0.09584335359465804
-0.24306416682517978,-0.0458814649337444,138.0,0.24316823975321236
-0.17033796951714336,0.17799847492341217,139.0,0.1662288592879385
0.056000494639560056,0.23541987868755826,140.0,-0.06049899062498476
0.2268819816658128,0.07741027002779163,141.0,-0.2276673388421914
0.1878575273931345,-0.1479342392383383,142.0,-0.18428838929754332
-0.02139393732650507,-0.2341575717543654,143.0,0.025982491751334186
-0.20702783700322364,-0.10552860667432565,144.0,0.20843883089028278
-0.20053617026025283,0.11661211470184729,145.0,0.19754814807064827
-0.011632401901821427,0.22820646795115385,146.0,0.007052355872661509
0.18411936565627307,0.12986321301740392,147.0,-0.18609086514684986
0.20839795221638324,-0.08474238592600866,148.0,-0.20601797491549778
0.04249885651448362,-0.21796065538450318,149.0,-0.03801997258628606
-0.15880035135086445,-0.1501395179673161,150.0,0.1612596186888443
-0.2115634921055765,0.053005110968516456,151.0,0.20980455400782602
-0.07070344496802553,0.2038786182488051,152.0,0.06641092367395449
0.13172611250542077,0.1661814781379349,153.0,-0.13459472560609712
0.21024189687320924,-0.022038050536809378,154.0,-0.20910360483814983
0.09582755600968842,-0.18647016201657693,155.0,-0.09179784593837378
-0.10354950260533535,-0.17790942041862967,156.0,0.10674528103653727
-0.2047213555930543,-0.007573839613891076,157.0,0.2041907166456914
-0.11753960730532381,0.16628305627142895,158.0,0.11383935995932751
0.07490777598405124,0.18533605020174734,159.0,-0.07834667122518832
0.19535867287947437,0.035307230417595814,160.0,-0.19541109221911526
0.1355967210070979,-0.14388968328675464,161.0,-0.13228200577826726
-0.04641053573783347,-0.18856081327477306,162.0,0.05000844935255641
-0.18256801632008654,-0.06070747413022021,163.0,0.18316847316848384
-0.14984449766768224,0.11987396355604321,164.0,0.14696027775033982
0.01862894587148032,0.1877628219197188,165.0,-0.022303442811067997
0.16680915255603343,0.0833938512883485,166.0,-0.16791351957296266
0.16021500384266632,-0.09481880805616141,167.0,-0.15779486854454475
0.00791364654411244,-0.18319257270328104,168.0,-0.0042417582402089204
-0.14857544104388687,-0.10306300855193087,169.0,0.1501319121164782
-0.16672311833618653,0.06929432176584857,170.0,0.16478926230038896
-0.032749570588266934,0.17516269476879318,171.0,0.02915481804465908
0.12838184379411655,0.11949062286687927,172.0,-0.130332434848809
0.16946140698519396,-0.04384695460660837,173.0,-0.16802484236868315
0.05547310067754917,-0.16403797325015748,174.0,-0.052024102106563996
-0.10675319401427624,-0.1325313613924238,175.0,0.1090352820757104
-0.1685937159104294,0.018989765281258314,176.0,0.16765469963548751
-0.07574510081648364,0.15022489292567975,177.0,0.072503514065905
0.08421294717233348,0.14211723725544204,178.0,-0.0867608141412693
0.16434768816560436,0.0048060687852470585,179.0,-0.16389634303038558
0.09329604408593793,-0.13416094271316376,180.0,-0.09031571797787345
-0.061272615167628414,-0.14825448799232324,181.0,0.06401896464543269
-0.15700641867793538,-0.027118395299120385,182.0,0.15702352440516923
-0.10792744057750404,0.11630391245881437,183.0,0.10525377449162383
0.03842205871664635,0.1510191261965741,184.0,-0.04129947659450864
0.1468994673842403,0.04757981784993787,185.0,-0.14735739562228295
0.11951173741729025,-0.09712140015123771,186.0,-0.11718125001324346
-0.01612078540905956,-0.15055133018787423,187.0,0.01906311779482306
-0.1343934507136679,-0.0658819793019616,188.0,0.13525721659160583
-0.1279907818910776,0.0770807307095811,189.0,0.1260308855624552
-0.005209628151116872,0.14704885633789058,190.0,0.0022660028807032495
0.11988242732309116,0.08177839499670478,191.0,-0.12111082938502035
0.13337296260635542,-0.056639467409258376,192.0,-0.13180193627437248
0.025191901462061426,-0.14075966400701112,193.0,-0.02230692619039437
-0.1037782856023538,-0.09508586259709469,194.0,0.10532510579000454
-0.1357291638195036,0.0362366744119369,195.0,0.13455631306738763
-0.04349814366886764,0.13197394894036021,196.0,0.040727077651369625
0.08650132834566149,0.10568450278983989,197.0,-0.08831656412779318
0.13518768432513,-0.016285064362211582,198.0,-0.13441367470693819
0.05985364599431167,-0.12101578159745895,199.0,-0.0572462137454878
-0.06847123459648329,-0.11351650975088143,200.0,0.07050233631381818
-0.1319282845466389,-0.0028358607890556498,201.0,0.1315456312075796
-0.07403937169603711,0.10823454348190077,202.0,0.07163907400893114
0.05009856051947429,0.11858371192443536,203.0,-0.05229164847449633
0.12617553366817352,0.02078559407336679,204.0,-0.12616922821471654
0.08589316875937678,-0.09399634740300526,205.0,-0.08373676042565475
-0.03177692076465652,-0.12094406200643788,206.0,0.034077958485286
-0.11819163287672116,-0.0372672778605837,207.0,0.11853988675483366
-0.0953097550441328,0.07867561710073044,208.0,0.09342689018927951
0.01387596971084218,0.12070718987800419,209.0,-0.016231872077061907
0.10826889118458122,0.052031199424081784,210.0,-0.10894397366224662
0.1022395476741359,-0.06264698820678642,211.0,-0.10065259016161336
0.0032647212452677618,-0.1180291635026804,212.0,-0.000905063756782426
-0.0967220270914321,-0.0648771241046759,213.0,0.09769117529292055
-0.10668642778352425,0.046277676547514385,214.0,0.10541042092921782
-0.019340818011900268,0.1131066104651926,215.0,0.017025614909635042
0.08388046279746737,0.07565548631433827,216.0,-0.08510684108557487
0.10870454808047256,-0.029920441786756152,217.0,-0.10774733501617079
0.03408736130263936,-0.1061703569419065,218.0,-0.031861110475972856
-0.07008076812207026,-0.0842674806713416,219.0,0.07152445444260337
-0.10839430389826812,0.013907254844266262,220.0,0.10775678736402387
-0.04728186238094061,0.09747874157606251,221.0,0.045184661248492616
0.05565939908576673,0.09066411546457219,222.0,-0.05727837664250675
0.10589759838936884,0.0014562431025677558,223.0,-0.1055741265504687
0.058746354754414164,-0.08731075917261237,224.0,-0.056813341024266814
-0.04094586167870889,-0.0948443081268477,225.0,0.04269699546157725
-0.10139253926508779,-0.015895423438761977,226.0,0.10137140236794677
-0.06834842089220496,0.07595918356744137,227.0,0.06660934676000936
0.026256415090343342,0.0968521172409826,228.0,-0.028096394277362866
0.09508770804306466,0.029170449490629052,229.0,-0.09535172935460741
0.07600123277406921,-0.06372381075076962,230.0,-0.07448017344982238
-0.011888411048479737,-0.09677321765830202,231.0,0.013774640101315988
-0.08721614325004938,-0.041079128210607455,232.0,0.08774334677089386
-0.08166266287638377,0.050904952663430314,233.0,0.08037785754353856
-0.0018846526495288137,0.09473073449648896,234.0,-6.770669656874784e-06
0.07802917660785617,0.051458830194986566,235.0,-0.07879351350877646
0.0853335378094647,-0.037797299391708825,236.0,-0.08429735853891611
0.0148173054033059,-0.09088055808143607,237.0,-0.012959458166110702
-0.06779025612403333,-0.060187493241282176,238.0,0.0687623717116987
-0.08705512005191227,0.024684253137563783,239.0,0.08627416185252974
-0.026695464025400236,0.08540626534515103,240.0,0.024907022537442244
0.056768882476115855,0.06718374240528506,241.0,-0.05791690572836839
0.08690591395069035,-0.011832821726252482,242.0,-0.08638119706966335
0.037338958914760266,-0.07851377388679436,243.0,-0.03565225470862264
-0.045234775413888484,-0.07240617556703341,244.0,0.04652511371387377
-0.08499790029838557,-0.0005108570774016441,245.0,0.08472517412003412
-0.0466032233811767,0.07042585299163039,246.0,0.04504663600953078
0.033452375428435537,0.07585187763311953,247.0,-0.034850498031007496
0.08147230934606571,0.012125306152941523,248.0,-0.0814424457923787
0.0543801604974429,-0.061376611572829635,249.0,-0.052977770494215676
-0.021675772988856135,-0.07755423851406498,250.0,0.023146967940461255
-0.07649504509981338,-0.02281677731245213,251.0,0.07669450831894814
-0.0605982177461689,0.05160607648458271,252.0,0.05936956723083104
0.010144143576503692,0.07758015979979133,253.0,-0.011654234241310069
0.07025187426947634,0.03242157695313316,254.0,-0.07066325261731402
0.0652217140775506,-0.04135496621047254,255.0,-0.06418167360290143
0.0009222480961300583,-0.07602674254370456,256.0,0.0005937608757538432
-0.06294349142262,-0.04080764502286286,257.0,0.06354607729033901
-0.06824947660063334,0.03085975484208553,258.0,0.06740821476594501
-0.01132542656223878,0.07301755373690856,259.0,0.009834676601584644
0.05478056791803349,0.047875398669272526,260.0,-0.05555097082623271
0.06971285483888748,-0.02034810983167823,261.0,-0.06907590530075561
0.020892434010618126,-0.0686985719406933,262.0,-0.0194557910350536
-0.045978886258478506,-0.05355786623572865,263.0,0.046891664812495105
-0.06967318918413698,0.010034774539464872,264.0,0.06924160803094481
-0.029477390995038405,0.06323391321919788,265.0,0.028120922572577936
0.03675465384594563,0.05782015020584126,266.0,-0.0377829525994958
0.06821881682051782,-0.00011795341335767151,267.0,-0.06798942184674808
0.03696288641622168,-0.056801437093207986,268.0,-0.03570951146423085
-0.02732008100097715,-0.06065826909828025,269.0,0.028436258992095148
-0.06546170294781276,-0.009223755951275545,270.0,0.06542738519295502
-0.04326070756691059,0.04958832886799519,271.0,0.042129913588747556
0.017879297790904823,0.062097438032753645,272.0,-0.019055536450029026
0.06153378763934385,0.017833853323878483,273.0,-0.06168388464666574
0.04831193382416541,-0.04178674955836591,274.0,-0.04731958040165903
-0.00862467298007229,-0.062189855625876686,275.0,0.009833552247784962
-0.056583139192369826,-0.02557983189751343,276.0,0.0569038588020708
-0.052086429141627436,0.033589637945838496,277.0,0.05124463665594388
-0.00026641345031697155,0.061012070976675416,278.0,-0.0009486193405067525
0.05077000347332669,0.03235447595047437,279.0,-0.05124488658790338
0.05458177867461448,-0.02518674128688496,280.0,-0.05389889955524887
0.00863430498598108,-0.05866200874579829,281.0,-0.007438188420153917
-0.04426283566329735,-0.038076568566581294,282.0,0.04487324630348694
-0.05582172353624794,0.016760942084173905,283.0,0.05530239181731016
-0.01633928354703706,0.05525573274312759,284.0,0.01518530828722546
0.03723439613521761,0.04269102937612113,285.0,-0.037960027231540364
0.0558541547451567,-0.008484938385533679,286.0,-0.0554994083609215
0.023263249956950935,-0.05092402907464833,287.0,-0.022172431488618784
-0.029857986130282694,-0.0461685127091674,288.0,0.030677369845860218
-0.05474873283463,0.0005183245392925001,289.0,0.05455620193031629
-0.029310866862333963,0.04580888884871785,290.0,0.028301712338293927
0.022303891651283766,0.048504505756865685,291.0,-0.023194903593327584
0.052594203335522394,0.0069948915431498546,292.0,-0.05255835691974339
0.03441017216321935,-0.040059967825433626,293.0,-0.0334984500787814
-0.014736095771561717,-0.04971797419997083,294.0,0.015676443193301977
-0.04949548044166151,-0.013928309543712221,295.0,0.04960792296623136
-0.038512681312894585,0.03383109635606434,296.0,0.03771126029189567
0.007309310593441394,0.04984960920311012,297.0,-0.00827699558945627
0.0455705716703239,0.020174682086922212,298.0,-0.04582038059819854
0.041593006172678464,-0.027276907664835967,299.0,-0.04091176212019449
-0.00016637060540112644,-0.04895973464224904,300.0,0.0011401203354699518
-0.04094741532390269,-0.025646980561662702,301.0,0.04132151043266117
-0.043648026327010384,0.02054964615523465,302.0,0.043093815855481075
-0.006563980594189765,0.047125936914711536,303.0,0.005604323481241229
0.03576070015068078,0.03027898766402408,304.0,-0.03624423521227389
0.044695655775359375,-0.013796210170150189,305.0,-0.044272352584053
0.012768888101001161,-0.044440481692345775,306.0,-0.011842020467465499
-0.030148732923263647,-0.03402543217180311,307.0,0.03072550049173192
-0.044773253647481984,0.0071554756967267055,308.0,0.04448184345041199
-0.0183527556676619,0.04100758256341391,309.0,0.01747561868121212
0.024250414851481064,0.036861689868025634,310.0,-0.024903255162049553
0.04393573199542113,-0.000755939085466048,311.0,-0.04377446065708149
0.023238184878885588,-0.036940585739281495,312.0,-0.02242572170600466
-0.01820238198559643,-0.03878308196139643,313.0,0.01891358740901076
-0.7376612044111412,-1.1457730191726057,0.0,0.4367850716805921
-1.388642029174525,-0.009938799967210699,1.0,1.3842180967378108
-0.762703184786747,1.1497342813344968,2.0,0.7372849123928271
0.5451016883745534,1.2398837824276625,3.0,-0.5679612734161865
1.3308244209663256,0.19962793863575024,4.0,-1.3303677508230976
0.8895886422803834,-1.001743374983446,5.0,-0.8666930996486633
-0.35266966133582067,-1.2674760665500477,6.0,0.3767187929125959
-1.2493074773610797,-0.37421039926807564,7.0,1.2525963219204632
-0.9909923695855885,0.8419972833767286,8.0,0.9709382950137774
0.16427139069102806,1.2676835122234675,9.0,-0.18895168261654494
1.147129235710511,0.531015259864287,10.0,-1.1538785844988408
1.066335953284995,-0.6744294988684396,11.0,-1.049365733283809
0.016496378198136756,-1.2420966692477582,12.0,0.008276369200191924
-1.0275710223128427,-0.6678887024934449,13.0,1.0374420826734576
-1.1156046765844911,0.5029035230153611,14.0,1.101883862591521
-0.18640154762365257,1.1927380664904415,15.0,0.16204555826251132
0.89407654859621,0.783207703949042,16.0,-0.9066867681017704
1.139314991488307,-0.33113836644421135,17.0,-1.1289334074006734
0.34262116666291026,-1.1219959210955404,18.0,-0.3191530185176872
-0.750172416176994,-0.8758821337944306,19.0,0.7651058113689158
-1.1384730823107223,0.16264132593213798,20.0,1.1314474076717322
-0.4827750176357969,1.0325542707815356,21.0,0.46062030317992664
0.5993915655185785,0.9453458922287711,22.0,-0.616209129070952
1.1145258820618151,-0.0006489820917709999,23.0,-1.1108035724265113
0.6049482423089495,-0.9273211585046476,24.0,-0.584481056761596
-0.4452010536733707,-0.991537906283288,25.0,0.4634510237505629
-1.0693059774487725,-0.1519228610781187,26.0,1.0687703643269824
-0.7077031859497434,0.8093564434925127,27.0,0.6892415178775241
0.29093537786166224,1.0148739614533349,28.0,-0.31016316883636874
1.0049718789167916,0.29251979737818845,29.0,-1.0074482768760389
0.7900808462485999,-0.6818007285893274,30.0,-0.7738833776946769
-0.13973637799122554,-1.016210475357769,31.0,0.15949399027444133
-0.9239451404394167,-0.41897972387464844,32.0,0.9292077785092562
-0.8515925030067778,0.5478067843827455,33.0,0.8378568021471272
-0.005499442744711591,0.9968014194594127,34.0,-0.014355305191443568
0.8288457913753567,0.5295539678886302,35.0,-0.8366253797783302
0.892202270653087,-0.41047471941049185,36.0,-0.8810643326392925
0.14216553979003216,-0.9582496639996644,37.0,-0.12262311975526852
-0.7224274918793353,-0.6229187752810444,38.0,0.7324192331976814
-0.9123014570506106,0.272791996803583,39.0,0.9038365238682374
-0.26798145337720014,0.9024540604638616,40.0,0.24913062735645142
0.6075137467783218,0.6981774876983043,41.0,-0.6193856027421157
0.9126757272497618,-0.1375792350759525,42.0,-0.9069002954320454
0.38102019892745775,-0.8315535860432027,43.0,-0.36320408062288534
-0.48693641355813233,-0.7548539067306786,44.0,0.500337444438797
-0.8944661590201352,0.007442558524227705,45.0,0.8913410652093282
-0.479726873362918,0.7478698571814385,46.0,0.46324755115485894
0.3634776214893642,0.7928774931771138,47.0,-0.37804622426519996
0.8591253379307452,0.11526691508224052,48.0,-0.8585597967644776
0.5629286104600574,-0.6538492763465839,49.0,-0.5480433926485784
-0.23981608449489117,-0.8125611779220252,50.0,0.25518796813127353
-0.8083696737931902,-0.22848604122302774,51.0,0.810226130532585
-0.6298361865646919,0.5520060100082763,52.0,0.6167549760087682
0.11847864377890265,0.8145726659724564,53.0,-0.13429439473518157
0.7441291283089324,0.33046483870214305,54.0,-0.7482287800702986
0.6800377302565014,-0.44486690913127125,55.0,-0.6689215160387149
-0.001797721188135208,-0.7999001962051878,56.0,0.017709829143459643
-0.6684955271219101,-0.41978384363719035,57.0,0.6746243614831843
-0.7134851237263303,0.3349193792722188,58.0,0.7044455554653861
-0.10812479559331166,0.7698137760778693,59.0,0.09244556324660036
0.5836705899462779,0.4953637307537673,60.0,-0.5915857879857628
0.730473798037293,-0.22456308872804143,61.0,-0.7235737884593754
0.20944687607185636,-0.7258229432318462,62.0,-0.1943058426922134
-0.4919147521530233,-0.5564674566241262,63.0,0.5013513044716256
-0.7316167179048514,0.11606627338760112,64.0,0.7268720015371657
-0.30060867734408026,0.6696321152911489,65.0,0.2862824397251762
0.3954977725935614,0.6026953167486623,66.0,-0.4061751613632453
0.7178134234707503,-0.011527259269052959,67.0,-0.7151949840764618
0.38034783493041674,-0.6030945764088299,68.0,-0.3670803107674969
-0.2966520281782678,-0.6339734296752462,69.0,0.3082808354650707
-0.690215046558941,-0.087158318554455,70.0,0.6896523133525847
-0.44770781300965223,0.5281661157733222,71.0,0.43570718317267054
0.19752928864286237,0.6505362651469382,72.0,-0.209817600906832
0.6501862473424813,0.17832426567001958,73.0,-0.6515709502103925
0.502039548415626,-0.4468592812455843,74.0,-0.491476104106707
-0.1001616479488632,-0.6529039184690557,75.0,0.11282113832680463
-0.5992650248966037,-0.2605543538827887,76.0,0.6024555918372559
-0.542996745501526,0.3611991426969624,77.0,0.5340016313868536
0.006427164833924167,0.6418548992483393,78.0,-0.019178748273952495
0.5391213428280959,0.332696567633447,79.0,-0.5439477186017122
0.570525287309638,-0.2731813768157576,80.0,-0.5631901140103646
0.08197936292363647,-0.6183952491498754,81.0,-0.0694003918185565
-0.4715154804594811,-0.3938711471998996,82.0,0.477784243914319
-0.5848473210423532,0.184733390665065,83.0,0.5792246042366586
-0.1635701950956738,0.5837248305380252,84.0,0.15140961588196777
0.39825697260604404,0.4434726263467939,85.0,-0.4057566312115221
0.5864406516495346,-0.09767909769914762,86.0,-0.5825450207181478
0.23708284864321044,-0.5392016363793875,87.0,-0.22556361851592488
-0.321164938753574,-0.4811661727176156,88.0,0.32967128234061005
-0.5760141358604104,0.013707849922851012,89.0,0.5738242426803599
-0.301492656199464,0.4863049625075114,90.0,0.29081170454947514
0.2420305275514154,0.5068786371812987,91.0,-0.2513119289278065
0.5544798100133335,0.06565208398159106,92.0,-0.5539408583034702
0.356019756497164,-0.42659825750420516,93.0,-0.3463454954923159
-0.16258211724018065,-0.5207848022977586,94.0,0.17240467496844547
-0.522922508757778,-0.13905521989371228,95.0,0.5239493163971185
-0.400130698826976,0.36169242453323397,96.0,0.3916012589510984
0.08445381927643575,0.5232893891643242,97.0,-0.09458624721494224
0.48256773864506436,0.205355578231039,98.0,-0.4850482396447464
0.4335349425498051,-0.2932102951746268,99.0,-0.42625712676712113
-0.009157733365754983,-0.5150054356006686,100.0,0.01937591227347768
-0.4347485616236428,-0.2636183726969596,101.0,0.438547650924731
-0.45617662014495275,0.22275292954157838,102.0,0.45022555610849835
-0.061939700282195906,0.49672969673480905,103.0,0.05184858196451758
0.3808722196226434,0.3131267230695836,104.0,-0.38583584256033504
0.4682220071479407,-0.15186832171474512,105.0,-0.46364146387599003
0.12763700913139292,-0.46941574169602956,106.0,-0.11787078561826952
-0.3223871940924042,-0.3533835452840636,107.0,0.3283465831061988
-0.4700432038262247,0.08202300688967851,108.0,0.46684652771125396
-0.1869125169560058,0.43414542774381365,109.0,0.17765089376856058
0.26075134511663933,0.384108861220587,110.0,-0.26752730896583254
0.46219858108686357,-0.014576978709962551,111.0,-0.4603701961314032
0.23893465221836088,-0.39209942648386076,112.0,-0.23033660705701203
-0.1974017152151631,-0.405232849646579,113.0,0.20480889040613098
-0.44541057674471823,-0.04923776585159911,114.0,0.4449079856555933
-0.28306778977551955,0.3445274568132112,115.0,0.2752695463181798
0.13372651502491328,0.4168850276600509,116.0,-0.1415774951873111
0.4205414480346862,0.10833482896058344,117.0,-0.42129766430938503
0.3188737672241852,-0.2927188470759953,118.0,-0.31198734969445363
-0.07103973355299785,-0.4193800080039649,119.0,0.07914899988666263
-0.388567592533648,-0.1617870280984035,120.0,0.39049392897541224
-0.3461092969338622,0.2379740059673488,121.0,0.3402216610130196
0.010558736536639914,0.41320032132600343,122.0,-0.01874632097919271
0.350553043123749,0.20883598116653884,123.0,-0.35354217931611337
0.3647195654190622,-0.18157732948971467,124.0,-0.3598922896152562
0.04661486549828745,-0.39897682366965603,125.0,-0.03852004332263015
-0.30762272415784014,-0.24889770032673897,126.0,0.3115519742664219
-0.3748283722588614,0.12477201135206839,127.0,0.3710978833725968
-0.09951088078616832,0.3774672282951999,128.0,0.09166805170508552
0.2609360266509543,0.28156431324264747,129.0,-0.2656707294267485
0.3767252106399864,-0.0687371582715493,130.0,-0.37410350763516664
0.14730261489535518,-0.3495333076819064,131.0,-0.13985661180619668
-0.2116612213481676,-0.3066021022383634,132.0,0.21705817626797297
-0.3708497303860304,0.014567541380437754,133.0,0.3693255629208221
-0.1893153274449892,0.3161173068211548,134.0,0.18239447816785437
0.16095118126306443,0.32394611568209136,135.0,-0.16686205823686573
0.35777405189649414,0.03674375795937351,136.0,-0.35731450306766704
0.2250311058921004,-0.27821809343814563,137.0,-0.218745584414147
-0.10992083118526033,-0.3336916608058244,138.0,0.11619548602306573
-0.3381834158489424,-0.08431962354148614,139.0,0.338735833419672
-0.25409026591942957,0.23686754552103811,140.0,0.24853090886696932
0.05962668221922144,0.33608303259298894,141.0,-0.0661163159174269
0.3128556591291568,0.12740998986144253,142.0,-0.3143498756693591
0.2762894522177381,-0.19310764256911472,143.0,-0.2715270375359849
-0.0110487461589928,-0.3314998689241541,144.0,0.017608852843053746
-0.2826400027639341,-0.165399698128047,145.0,0.28499078272380224
-0.29157667044316743,0.14796868549762476,146.0,0.2876616460395248
-0.034924941065530735,0.3204415477267203,147.0,0.028431885187467365
0.24843562333444613,0.19781315103677394,148.0,-0.2515452740680514
0.3000435301042514,-0.1024490224360125,149.0,-0.29700617176450933
0.07751102404848047,-0.3035100574852056,150.0,-0.07121317032227847
-0.2111704562949007,-0.2243158580623958,151.0,0.21493154038371778
-0.30191501856601816,0.0574966050614914,152.0,0.299765988936708
-0.11604066370866913,0.28139177839737783,153.0,0.11005473049613107
0.17178064879043983,0.2447130209242722,154.0,-0.17607873660093018
0.29753715792452823,-0.013992643973298746,155.0,-0.2962684318363108
0.14996647125922438,-0.25483860814978626,156.0,-0.14439603592035832
-0.13119104204005044,-0.2589453603596827,157.0,0.13590744619390874
-0.2873629190788917,-0.027262426712939825,158.0,0.28694903505641645
-0.1788665683124186,0.22464885434503104,159.0,0.1738007259156439
0.09029702027748855,0.2670824297355449,160.0,-0.09531145747422087
0.27193678097401724,0.06556052457624723,161.0,-0.27233637448400716
0.20244585790585276,-0.1916482957807851,162.0,-0.19795825259039973
-0.04994801582510506,-0.2693136978403006,163.0,0.05514114610808807
-0.2518783279480371,-0.10029494176055628,164.0,0.25303589879500804
-0.2205346430232063,0.15667178792306571,165.0,0.2166828700149545
0.010932909329625616,0.26593771212801515,166.0,-0.01618870829063146
0.22786527479877208,0.1309667806329569,167.0,-0.2297131390874889
0.2330847751759065,-0.120545754991601,168.0,-0.22991014402787072
0.02603248827510928,-0.2573496745989434,169.0,-0.02082456286627704
-0.20061629813331275,-0.15718882200908765,170.0,0.20307667435114501
-0.24016355521418062,0.08407187310228006,171.0,0.237691198054331
-0.0603157387164152,0.24402777544008986,172.0,0.05525881795703652
0.17087403445869556,0.178686896788946,173.0,-0.17386121343845415
0.24194564131307264,-0.04801220695725569,174.0,-0.24018494380639582
0.09137578369678942,-0.22651863471419917,175.0,-0.0865639216574822
-0.13938858108913146,-0.19529887849657923,176.0,0.14281113083683739
-0.2387032447622194,0.013076017725610206,177.0,0.2376485722271595
-0.1187686274080024,0.2054222001290787,178.0,0.11428541686068105
0.10690180614735663,0.20697145576183662,179.0,-0.11066476466290623
0.23079491266848481,0.020091586905774117,180.0,-0.23042659939201063
0.14215071405974125,-0.18137643971224116,181.0,-0.1380681955816486
-0.07413273964601293,-0.2137548796711191,182.0,0.07813975183592309
-0.21865320800115742,-0.05091903695531974,183.0,0.21893877430474376
-0.16128006596246386,0.15504215265557453,184.0,0.15765793552055818
0.04176427980883904,0.21579591075031782,185.0,-0.04591963828725121
0.2027716017572983,0.0789156422618037,186.0,-0.2036671607973753
0.17601528943313557,-0.12708820036602383,187.0,-0.17290040317788358
-0.010431408405505493,-0.213329213869939,188.0,0.01464196227775355
-0.1836908897175846,-0.10367686209030683,189.0,0.18514270436017097
-0.1863125929101814,0.09817743362364545,190.0,0.1837387619453111
-0.01928893310099649,0.20666746646950188,191.0,0.015112032610333087
0.1619854377349773,0.12488751574906032,192.0,-0.16393158709990738
0.19222099368331816,-0.06895356152233453,193.0,-0.1902090560989958
0.04688619741309289,-0.19619045621019618,194.0,-0.04282594048604413
-0.13824954528569497,-0.14232298882552327,195.0,0.1406216606806568
-0.19387591621081235,0.04002917440836681,196.0,0.19243406876698005
-0.07192274843882455,0.18233344864022394,197.0,0.06805491998305116
0.11308419773418475,0.1558485272356666,198.0,-0.11580922863245677
0.19149140588860275,-0.01197509720351625,199.0,-0.19061577348229378
0.09403851593754778,-0.16557510396273017,200.0,-0.09043057387106826
-0.08708445410817023,-0.1654167448008452,201.0,0.09008642650218848
-0.18535119725782462,-0.014688787830598321,202.0,0.1850266147460166
-0.11295380156222641,0.1464252149137158,203.0,0.10966398977863459
0.06082768988265357,0.1710634990793735,204.0,-0.06402942169655396
0.175798885018248,0.03950114781326605,205.0,-0.17599986312795282
0.12847028688307446,-0.12541252555519924,206.0,-0.125546987266677
-0.03486288409982325,-0.1729023143558916,207.0,0.03818762527594041
-0.16322744999857444,-0.06206517220437663,208.0,0.16391929495954352
-0.1404703275998268,0.1030728740140667,209.0,0.13795165035090629
0.009701107886496654,0.17111754982121866,210.0,-0.0130740761722975
0.14806839066927396,0.08205288566761657,211.0,-0.14920844584552798
0.14891464810161154,-0.0799378814543894,212.0,-0.14682825482632145
0.014192662149770493,-0.1659565249622954,213.0,-0.01084287487319563
-0.13078070421320315,-0.09920780979827855,214.0,0.1323196813768955
-0.15383857641901116,0.05652438551741787,215.0,0.15220172602498783
-0.036406316301366884,0.1577208230444301,216.0,0.03314648821133234
0.1118399500185979,0.11334601573625064,217.0,-0.11372331797061368
0.155346981143026,-0.03332478977836548,218.0,-0.15416678463247022
0.05658591453899199,-0.14675699742006534,219.0,-0.05347710535962891
-0.09172761322170031,-0.12435563996341506,220.0,0.09389701217646124
-0.15360808887569097,0.010798472148124821,221.0,0.15288195568982024
-0.07443949742259352,0.13344690445611881,222.0,0.07153613960730873
0.07092096715031711,0.13219496263038213,223.0,-0.07331561861884953
0.14884637314605853,0.010635634711746444,224.0,-0.14856262882689686
0.08973941451789692,-0.11819788143322407,225.0,-0.0870885921410696
-0.049883611792673095,-0.13688917120747657,226.0,0.05244169555374392
-0.14133471349079327,-0.030605208313546628,227.0,0.14147336612192407
-0.10232320929687945,0.10143297820790015,228.0,0.0999641283916252
0.029056841351945785,0.13852595184196004,229.0,-0.03171681341998189
0.131386026670662,0.04878939429082685,230.0,-0.1319196578448118
0.1120931265888964,-0.0835814381751148,231.0,-0.11005677655491562
-0.008851968171446718,-0.13725006635321196,232.0,0.011553796393940496
-0.11934457096805252,-0.06492233467976463,233.0,0.1202393259090901
-0.11901433281628418,0.0650696076118483,234.0,0.11732333465539653
-0.010356296547919391,0.1332570842315383,235.0,0.007669999595552451
0.10557711945742482,0.07879537221003798,236.0,-0.10679377038559368
0.12311196017301115,-0.04631243334124513,237.0,-0.12178059375922812
0.02823533215738106,-0.1267864463281831,238.0,-0.025618296040030297
-0.09046418939753854,-0.09025796287732125,239.0,0.09195924624520055
-0.12446710335024615,0.027705687376746446,240.0,0.12350150275488236
-0.04449892225206402,0.11811404022668039,241.0,0.042000338938700185
0.07439150285424957,0.09921735346127142,242.0,-0.07611834598485391
0.1232119112265126,-0.00961903434586922,243.0,-0.12261041433772014
0.05891037338113551,-0.1075444667353648,244.0,-0.05657416102465167
-0.057741838762311364,-0.10563710247166266,245.0,0.05965184937542972
-0.1195239260530597,-0.007609966390829739,246.0,0.11927756239416869
-0.07128444493820184,0.09540317277366824,247.0,0.06914866178871576
0.040887419343673646,0.10953454195742272,248.0,-0.042931084708403774
0.11361982908682716,0.02368085637301849,249.0,-0.11371292786443064
0.08148812021325284,-0.08202861843407662,250.0,-0.07958453184233813
-0.024182954609218717,-0.11097729347934182,251.0,0.026310927114607183
-0.10574875443841508,-0.038334228190895145,252.0,0.10615965345175608
-0.08944027040990266,0.06776463553624851,253.0,0.08779407011790287
0.007959448081354728,0.11007896418635287,254.0,-0.010123539254912745
0.09618533226355011,0.05135461069845165,255.0,-0.09688716738390057
0.09511028292987825,-0.052953121934081124,256.0,-0.09373996210205883
0.007481154613045075,-0.1069941582758065,257.0,-0.005327061548387191
-0.0852226185477514,-0.06257229262709829,258.0,0.08618417301895082
-0.0985157421391631,0.03792720060619821,259.0,0.09743310445704402
-0.02187041452716489,0.10191294516357796,260.0,0.01976954737502451
0.0731650618828808,0.07186410933385554,261.0,-0.07435165468673462
0.09971926496361425,-0.02300495559373228,262.0,-0.09892957580198185
0.03497690764124699,-0.0950549285097757,263.0,-0.03296889430208186
-0.060321648123348524,-0.07915323706521103,264.0,0.06169604106605213
-0.09882460489080556,0.008483838591455128,265.0,0.09832686499192357
-0.046608775993863476,0.08666305996835766,266.0,0.0447290481543533
0.04699935198743733,0.08440805671895035,267.0,-0.04852265597086472
0.09597214621977282,0.005364179104696484,268.0,-0.09575947684001172
0.056615325550426185,-0.07699733834344032,269.0,-0.05489464243945155
-0.03349701091022855,-0.08764016440121422,270.0,0.03512957300146724
-0.09133391570602475,-0.01829665409996989,271.0,0.09139404091078195
-0.06488769382521455,0.06632852897264559,272.0,0.06335178873399516
0.020099721152009184,0.08890161892633054,273.0,-0.02180197552787956
0.08510824115994921,0.030103882155070108,274.0,-0.08542405180013496
0.07135862785207203,-0.05493202989438839,275.0,-0.07002797745796918
-0.0070738397206348445,-0.08828152667746117,276.0,0.008807107287458621
-0.07751418619210634,-0.04061125658101836,277.0,0.07806436933508784
-0.07600142882864833,0.04308200100192831,278.0,0.07489114286006258
-0.00533734152095418,0.0859020718744847,279.0,0.0036101181092093593
0.06878588732804447,0.049680775476102085,280.0,-0.0695456045307195
0.07882813342728968,-0.03104586027042812,281.0,-0.07794795990812324
0.016917200726830214,-0.08191410528201709,282.0,-0.015230797838743093
-0.059166914350199815,-0.05721171671840306,283.0,0.06010851213423436
-0.07988701321418795,0.01907923761598311,284.0,0.07924145244990019
-0.027478638592641054,0.07649240678974234,285.0,0.025864977168642833
0.04890476721387552,0.06314051545167144,286.0,-0.04999850341774088
0.07925948274400119,-0.007421462365304193,287.0,-0.07884800139712214
0.036866164331254794,-0.06983073720709017,288.0,-0.03535382696132232
-0.038245613505871474,-0.06743989299969433,289.0,0.03946038381846699
-0.07705651364936092,-0.0037083549631185264,290.0,0.07687384872313924
-0.04495721731509979,0.06213679218368795,291.0,0.04357106133561547
0.02742935946741401,0.0701172985188591,292.0,-0.028733409354467568
0.07341465642427109,0.014114601487547063,293.0,-0.07345119773571192
0.05166274201684969,-0.053627166583475466,294.0,-0.05042361090244092
-0.016685135401904833,-0.07121273510516864,295.0,0.018046743796446274
-0.06849177365670213,-0.02362777195128299,296.0,0.0687340124493858
-0.05692704803987483,0.044522431118091295,297.0,0.05585158123669807
0.006227263153630602,0.07079605041549576,298.0,-0.0076153856524281
0.06246258829199016,0.03210639573900661,299.0,-0.0628936190130859
0.06072699971825281,-0.0350424148338303,300.0,-0.059827539054216165
0.0037482404026530206,-0.06896377809084711,301.0,-0.0023633795623739795
-0.055514148238428845,-0.03943828150247526,302.0,0.05611421017835839
-0.06307059081110518,0.025401777409192958,303.0,0.062355179760626954
-0.013066583963876707,0.06583562037964392,304.0,0.011712960204246364
0.047841304427999734,0.04554109382173363,305.0,-0.048588349886444296
0.06399496908857237,-0.015805944436638984,306.0,-0.06346743950078702
0.02157652063145601,-0.06155066439300989,307.0,-0.020279844911425052
-0.03964229351606387,-0.05036228907301668,308.0,0.04051256939309463
-0.06356398302124401,0.006447467218323039,309.0,0.06322412245355992
-0.02915205285859023,0.056263424458086395,310.0,0.02793538063504051
0.031114508965585524,0.05387844912424323,311.0,-0.032083139167694945
0.06186532829917065,0.002497143611157049,312.0,-0.0617091198591477
0.03569352458663176,-0.0501398011869693,313.0,-0.034576941556774335
-0.8153245496145635,0.5059153937551941,0.0,0.3766120810245843
-0.05435717729897028,0.9233667441115138,1.0,0.03580117687847717
0.741021355848389,0.5315147432089384,2.0,-0.7491322635034686
0.8461260559907242,-0.33639624449244787,3.0,-0.8366156388733315
0.17895234675615146,-0.8809124064682194,4.0,-0.16082651078297816
-0.6379041283496508,-0.6127845032734597,5.0,0.6479755095937123
-0.8579252700472931,0.20782913925976976,6.0,0.8509340802847462
-0.2926521170123498,0.8230143782883022,7.0,0.2753000387790072
0.527818255991954,0.6768586403945126,8.0,-0.5395311094973582
0.8515888261601773,-0.08252236038331473,9.0,-0.8471123425244922
0.39377855535171813,-0.7517495629619649,10.0,-0.37750808211302445
-0.41340849280059366,-0.7234354068266404,11.0,0.42642901008923484
-0.8283017337275761,-0.037165463495902884,12.0,0.8262845540730342
-0.48100716127912385,0.6693457687985934,13.0,0.4660862149273376
0.29725351381540355,0.7525864896076875,14.0,-0.3112407305730469
0.7895247356741965,0.14912733815159673,15.0,-0.7898646667827889
0.5533732219843959,-0.5781276117363778,16.0,-0.5400266751128185
-0.18181731801489126,-0.7647338054356806,17.0,0.19643046536337305
-0.7369485423212031,-0.25153610187411746,18.0,0.7395014032130667
-0.6102704803139999,0.48046359955471074,19.0,0.5986780897439536
0.06940579360098208,0.7606205239191567,20.0,-0.08431121728980362
0.6724460533801846,0.34286529019563805,21.0,-0.6770310528501694
0.6514425900256835,-0.37871540498770895,22.0,-0.6417379682410218
0.037870971610778265,-0.7412772446450916,23.0,-0.022993439650914604
-0.5980236569450389,-0.4219026699534628,24.0,0.6044292025166492
-0.6769679521455066,0.2751902319531119,25.0,0.6692385371128845
-0.13813020273141713,0.7079842981761644,26.0,0.123581518169954
0.5157726497166663,0.48775659433947516,27.0,-0.5237624447459271
0.6872386262807209,-0.17209706354557597,28.0,-0.681526592126608
0.2297414920900282,-0.662231163426828,29.0,-0.2157983961882548
-0.4278217594182386,-0.5398554677597436,30.0,0.43714104756548383
-0.682934090838932,0.0715074555681211,31.0,0.6792381260709637
-0.3113452618204066,0.6056739947178466,32.0,0.2982560631923231
0.33629167081581485,0.5779407326413113,33.0,-0.3466734923005743
0.6649906857958323,0.024678591726486343,34.0,-0.6632685523813827
0.3818646431207351,-0.5400922324105486,35.0,-0.36984582340856553
-0.24325236351542087,-0.6020538980733576,36.0,0.2544236952311102
-0.6345676109147256,-0.11476128531434648,37.0,0.6347393866960761
-0.4405109139686371,0.4673452329434494,38.0,0.4297445784874146
0.15068396545737764,0.6125182210713157,39.0,-0.16237162682816164
0.5930103715425805,0.19726395071095026,40.0,-0.5949622702503184
0.4867827598253056,-0.3893297992019634,41.0,-0.477414935818094
-0.060441713533121666,-0.6099157244383051,42.0,0.07237793164407202
-0.541812564065313,-0.27095007123537185,43.0,0.5454012216011883
-0.5204597320857405,0.30793942253928647,44.0,0.5125994998378194
-0.025774505223000187,0.5950602902112468,45.0,0.013846964564585007
0.48257687492226903,0.3348344506439607,46.0,-0.4876339875838512
0.541590375214364,-0.2250259657071113,47.0,-0.5353098011959908
0.10644567914624627,-0.56896760445829,48.0,-0.09476889349773199
-0.4169761321825581,-0.3881886143357882,49.0,0.42331333200110927
-0.550475574508535,0.14236442384351955,50.0,0.5458104012010221
-0.18025403231190545,0.5328227480551536,51.0,0.16905088186408734
0.346715198757193,0.4305406747994678,52.0,-0.35412905298696784
0.5476477414928553,-0.06162130095810847,53.0,-0.5445987758004258
0.24609810646794256,-0.48794622966781176,54.0,-0.23556885906389685
-0.2734944332516229,-0.461669986414997,55.0,0.28177145909865364
-0.5338465026702682,-0.015672965474809453,56.0,0.5323816339988215
-0.30310256518511375,0.43575924248368453,57.0,0.2934221201044021
0.1989753703013667,0.48159700176628584,58.0,-0.20789696201596042
0.5099915897019259,0.08814720672867565,59.0,-0.5100483599917454
0.3506228281813333,-0.3777488965063133,60.0,-0.3419386363802379
-0.12474918913304785,-0.4905688152090515,61.0,0.1340963623615654
-0.47715364535274474,-0.15460813463007372,62.0,0.4786422866522938
-0.3882447426344535,0.3154341349444864,63.0,0.38067540634717234
0.05230844926519995,0.48904093886496586,64.0,-0.0618663168137884
0.4365236603290902,0.21405425175377052,65.0,-0.43933051090440406
0.4157795871915751,-0.2503329880509686,66.0,-0.40941412781102804
0.01697752207402756,-0.4776559010881116,67.0,-0.007415618455415551
-0.38938174233427936,-0.26568505090154765,68.0,0.39337294979202714
-0.43325478208620694,0.1839317525169326,69.0,0.42815255229688876
-0.0818833028996178,0.45721928771538384,70.0,0.07251206870691113
0.3370658914069373,0.3089055910963906,71.0,-0.342091310803104
0.4409007443581445,-0.11765661111760278,72.0,-0.43709194878914376
0.14134391877174718,-0.42867386229444776,73.0,-0.13234284289145498
-0.2809414162250349,-0.34332662627565913,74.0,0.28683861252479376
-0.43913438000699623,0.052848127700491354,75.0,0.4366211583798993
-0.1944671585593094,0.393072403505674,76.0,0.18599774896185195
0.22237157606128427,0.3687605430570706,77.0,-0.22896984346945704
0.4285397446664395,0.009261031208062098,78.0,-0.427297762650221
0.2405416593207093,-0.35154988691623323,79.0,-0.23274520542991284
-0.16268997409884733,-0.38521343425524995,80.0,0.16981428953408567
-0.4098464310158926,-0.06756488298286623,81.0,0.4098269168685319
-0.27904084225877446,0.3052956150189141,82.0,0.27203671883749614
0.10317516158219524,0.39287369439517084,83.0,-0.1106499957238033
0.38390625487193264,0.12109924493139385,84.0,-0.3850384144866077
0.3096228613147134,-0.25552586538699823,85.0,-0.30350737682593165
-0.04502784055600977,-0.3920975717101197,86.0,0.052680757249302934
-0.3516688131960483,-0.16905308610233788,87.0,0.35386255239770487
-0.33212679765241376,0.2034575830563945,88.0,0.3269725788097813
-0.01064902248603505,0.3833921477090908,89.0,0.0029840393476768257
0.314156476815591,0.2107761032088215,90.0,-0.31730535764879664
0.3465653960522508,-0.15028359136939812,91.0,-0.3424212898518811
0.06286693711118223,-0.3673962402826198,92.0,-0.05534648101666928
-0.2724393593769397,-0.24578258647722617,93.0,0.27642371663417403
-0.35311469232543236,0.09714973701437479,94.0,0.3500061574168324
-0.1107653263465721,0.34485973966434647,95.0,0.10353393209237893
0.22761077299759896,0.27375171285593386,96.0,-0.23230091827114718
0.3521009237598874,-0.045134321448374315,97.0,-0.3500308746976614
0.15362158003487644,-0.3166218887777212,98.0,-0.14680948641228847
-0.1807636414582178,-0.29452446867460413,99.0,0.18602308445460125
-0.34398514703764693,-0.00476989612145734,100.0,0.3429352078710605
-0.1908577167524326,0.2835890111779242,101.0,0.18457905027978394
0.1329682948814227,0.30809746062710675,102.0,-0.13865691547870845
0.3293460099716698,0.051670907929346754,103.0,-0.32927812783818966
0.2220437163013542,-0.24671217172792512,104.0,-0.21639510841903395
-0.08525201705875161,-0.31461392216022127,105.0,0.09122912646135045
-0.30886113496457335,-0.09478973204036484,106.0,0.3097194999049661
-0.2468976488898808,0.20696522826487512,107.0,0.2419572894996061
0.03858065932688169,0.3143522615076029,108.0,-0.04470789451742424
0.2832875736603742,0.13346967321031383,109.0,-0.28500078777692894
0.26528278492012003,-0.16532369787345874,110.0,-0.26110990610620943
0.006157425415397943,-0.3077125274430413,111.0,-1.3423084693486853e-05
-0.2534417843929993,-0.16718255736254226,112.0,0.2559252217145226
-0.2772019200001468,0.12274482014551807,113.0,0.2738366953824248
-0.048164936913323055,0.2952011892757733,114.0,0.04213010089839597
0.2201795674413126,0.19553198912755046,115.0,-0.22333786539317946
0.2827891927713297,-0.0801491531937984,116.0,-0.28025303033033394
0.08674654059367813,-0.2774146388038122,117.0,-0.08093725032686072
-0.18437636862555423,-0.21825373955641283,118.0,0.18810599276921844
-0.2822997079674329,0.038403987460031985,119.0,0.2805959074737575
-0.12131707129362111,0.25502182419113567,120.0,0.11583834163660545
0.14690833038109263,0.23521342324870728,121.0,-0.1511001559948634
0.2760973035655075,0.0016911912119221828,122.0,-0.2752120440089116
0.1514070186107885,-0.2287464195139123,123.0,-0.1463510258783031
-0.10863443216392141,-0.2464016699895869,124.0,0.11317628917975969
-0.26464081890056734,-0.03941701292507399,125.0,0.26454443661907145
-0.176665340619392,0.19934891965349186,126.0,0.17211029555190022
0.07038001997946292,0.2519270350040252,127.0,-0.07515915164984913
0.24846923032083204,0.07414418871913867,128.0,-0.2491177449057061
0.19685970431073224,-0.16760902903848338,129.0,-0.19286907471170872
-0.03292197911570657,-0.25200692371246647,130.0,0.03782736943170009
-0.22818602264462498,-0.10534106317418607,131.0,0.22952286515880452
-0.21187429772390107,0.13430868530163675,132.0,0.20849637621103076
-0.0030242440545073758,0.2469568311870351,133.0,-0.0019002861132445814
0.20444315877639616,0.13257874150928897,134.0,-0.20640105535502037
0.22170539967741223,-0.10021602614333561,135.0,-0.21897320523893163
0.036815614932172835,-0.23717821330121325,136.0,-0.03197321486113805
-0.17792499691001162,-0.1555338281513373,137.0,0.18042796038548053
-0.22645492779195273,0.0660705705555692,138.0,0.22438642371198433
-0.06789037182715987,0.22314531593337147,139.0,0.06322380393326832
0.14933248546425307,0.173988860174049,140.0,-0.15229786822038377
0.22632221376001083,-0.032569845073273374,141.0,-0.22492081905584202
0.09577471812857856,-0.20539129077181104,142.0,-0.09136865162375093
-0.11936794102085646,-0.18783056103238188,143.0,0.12270850375919143
-0.22159427637447845,0.00035764289654918735,144.0,0.22084964325303497
-0.12008733571555123,0.18449392164286987,145.0,0.11601621097137402
0.08872068490061825,0.19704607704386234,146.0,-0.09234663831478904
0.21263487762750158,0.02998594042049274,147.0,-0.21252390365575094
0.14054175469538804,-0.16106127434218132,148.0,-0.1368688649524996
-0.05805378049847056,-0.20171739063492095,149.0,0.061874759914972016
-0.1998726553256735,-0.05795259551868062,150.0,0.2003606960614406
-0.15694665611115782,0.13571756627906106,151.0,0.1537235093756105
0.02799207701099321,0.20201413015357364,152.0,-0.03191901373774467
0.18378862736048987,0.08311195675137995,153.0,-0.18483087310716073
0.16920422183669684,-0.10908953051618472,154.0,-0.16647017962727204
0.0008882733548252664,-0.198185015858873,155.0,0.0030585839816663074
-0.16490335836477177,-0.10511581589315172,156.0,0.1664463374910831
-0.17730667894183427,0.0817935227420756,157.0,0.1750888631098771
-0.028068697300834722,0.1905481954816859,158.0,0.024183350814437204
0.14376406942131487,0.12370041953946934,159.0,-0.1457472403018481
0.18133121395462592,-0.054423590131114224,160.0,-0.17964466786068242
0.05309539407165627,-0.17948073058012196,161.0,-0.049346996684755395
-0.1209319563035292,-0.13868691507033507,162.0,0.12328935034220112
-0.1814334553843912,0.027540688730274265,163.0,0.18028154134263277
-0.07558479281696087,0.1654074969691889,164.0,0.07204160432035214
0.09696996202629074,0.1499800439266355,165.0,-0.09963184136997552
0.1778397404362644,-0.0016632017853923653,166.0,-0.17721475158275843
0.09522726380249026,-0.14878975909038658,167.0,-0.09194939529831928
-0.07243122593254368,-0.1575652108439861,168.0,0.07532572130775447
-0.17083839400040424,-0.022741123915112904,169.0,0.17072235565423344
-0.1117891096790203,0.13011366968499824,170.0,0.10882777558003022
0.04784840484028782,0.161504083227497,171.0,-0.050903101358756864
0.1607702548048285,0.04526174225911769,172.0,-0.16113588798932216
0.12511289647240356,-0.10987893301459911,173.0,-0.12250989100452171
-0.023724032652084576,-0.16192889576501743,174.0,0.02686747436149106
-0.14801868525320533,-0.06555032640922512,175.0,0.14883050333687337
-0.13511621425003878,0.08858785267260166,176.0,0.13290361002833337
0.0005220540185336847,0.15903565151290272,177.0,-0.0036851413330125926
0.1329992981958494,0.08332422972212525,178.0,-0.13421480659781596
0.141788984117967,-0.06673496433658735,179.0,-0.13998904599420645
0.02133936412713857,-0.15307642199598606,180.0,-0.01822210629945767
-0.11614962605588419,-0.09836840931286929,181.0,0.11772059461433948
-0.145189450974144,0.044797430246190095,182.0,0.1438147543733039
-0.0414936713814882,0.144350955391424,183.0,0.03848297307798301
0.09791894577731737,0.11053586267098403,184.0,-0.09979272367040444
0.14543902005301748,-0.0232263464048299,185.0,-0.14449275948205947
0.05963038287780454,-0.1331978037636491,186.0,-0.05678127028138691
-0.07875845746140048,-0.11974665504150113,187.0,0.08087930146162589
-0.1427161096084026,0.00243908614706842,188.0,0.14219257998802712
-0.07549812893949943,0.11998517781399022,189.0,0.07285913741925498
0.05911199584142378,0.12598563941992705,190.0,-0.061422384112251524
0.13724920205472627,0.017187224564886028,191.0,-0.13713443302136522
0.08890632484797631,-0.10510173100923552,192.0,-0.08651888984089022
-0.0394074324762842,-0.12929899166789133,193.0,0.041849338031456074
-0.12930928157099703,-0.035321033322590484,194.0,0.12958180293930938
-0.09972550712336731,0.08894746463469369,195.0,0.09762353488623456
0.0200489033011539,0.1297897002203966,196.0,-0.022565003577947745
0.11920184770151683,0.05168045040291419,197.0,-0.11983356288161474
0.10788640713513245,-0.07192493170355023,198.0,-0.10609602362223781
-0.0014099715466152993,-0.12761216299554265,199.0,0.003944773213199609
-0.10725869207313424,-0.0660360897251111,200.0,0.10821583539242369
-0.11337785441567275,0.05443090121332199,201.0,0.11191732701784265
-0.016172189392514573,0.12296605338705262,202.0,0.013671328337929375
0.09382961926955764,0.07821267654182826,203.0,-0.09507377284185062
0.11624362047220832,-0.036848625473788546,204.0,-0.11512344414100942
0.03240153422675842,-0.11608962265863666,205.0,-0.029983499868887556
-0.079274283496045,-0.08808946098648553,206.0,0.08076342949036461
-0.1165783289882382,0.019540832653815524,207.0,0.11580146542033436
-0.04702677164084027,0.10725260777829033,208.0,0.0447359186266575
0.06395430031766468,0.09559949860806036,209.0,-0.0656438851637084
0.11452256996233913,-0.002843544831444833,210.0,-0.11408482606725984
0.0598438687999428,-0.09674891191024361,211.0,-0.05771938214283796
-0.048225777883906085,-0.10072787850708004,212.0,0.05006976607417307
-0.11025736351224194,-0.012939200797613404,213.0,0.1101478933539874
-0.07069744885960601,0.08488921966849895,214.0,0.0687728480486996
0.03243239511100988,0.1035089963959468,215.0,-0.03438429177445093
0.10399812381216576,0.027539672788440064,216.0,-0.10420003662583863
0.07948111752312884,-0.0719937011228567,217.0,-0.07778390473623178
-0.01689913574592289,-0.10402298366386968,218.0,0.01891295901470684
-0.09598827503511305,-0.04072977629953407,219.0,0.09647933077571731
-0.08613677437236815,0.05838494777474265,220.0,0.08468822555666514
0.001926767553182875,0.1023914142223685,221.0,-0.00395795386852249
0.08649266940503932,0.052323383840548326,222.0,-0.0872460425841639
0.0906529821002726,-0.04438127066255987,223.0,-0.08946807684873076
0.012212864485235344,-0.0987724185044977,224.0,-0.010206636633169203
-0.07579095274710312,-0.06217767675377586,225.0,0.07677604504650375
-0.09306248167533916,0.03029047581133107,226.0,0.09214996524167972
-0.025280682634435052,0.09335533851457506,227.0,0.02333876253578754
0.06417101552522785,0.07019352775682913,228.0,-0.06535429781964301
0.09343895371175513,-0.016404215823431142,229.0,-0.09280152220901218
0.03707333056511413,-0.0863550593610189,230.0,-0.03523146809179013
-0.051922657581672325,-0.07631497261044708,231.0,0.053268522532355506
-0.09189313581017214,0.0029929989360347187,232.0,0.09152773365154365
-0.04742522897160011,0.07800615139803287,233.0,0.04571505710844456
0.039331582980432316,0.08052783470183653,234.0,-0.04080319024462077
0.08856841234019376,0.009698081236353268,235.0,-0.08846662933652379
0.0562097431690979,-0.06855695314315773,236.0,-0.05465837440910802
-0.026673827863875857,-0.08285757984747019,237.0,0.028233925160474835
-0.08363599708238713,-0.02145285039516394,238.0,0.08378455131686019
-0.06333949063782325,0.05826371876118175,239.0,0.06196922882023871
0.014210709432378645,0.08336648977274025,240.0,-0.015822414169577304
0.07728983041548942,0.03208676599115633,241.0,-0.07767112207913429
0.06876583234472812,-0.047384945383214805,242.0,-0.06759399907288073
-0.0021843684270519874,-0.08215025143151598,243.0,0.0038118962932161965
-0.06974131145365628,-0.041448828369915064,244.0,0.07033403224556811
-0.07247760572145893,0.03617598515948499,245.0,0.07151647821753634
-0.00918603879018403,0.07933406555133647,246.0,0.007576710001835213
0.061213981883562855,0.04942269842394976,247.0,-0.061993764346090774
0.07449916922981399,-0.024884035044566016,248.0,-0.073756024402296
0.01970745894315125,-0.07506838154664355,249.0,-0.018148000006765613
-0.05193827243449947,-0.055927045229928925,250.0,0.05287836369095248
-0.07488783837441658,0.013743584215437227,251.0,0.07436509601559152
-0.029215348042805362,0.06952436730223445,252.0,0.027734571114941334
0.042146415180561045,0.060915161442898456,253.0,-0.04321835995246718
0.07373080074847975,-0.0029723850627628307,254.0,-0.07342625717690693
0.037575357639122405,-0.06288922140293002,255.0,-0.0361987967482566
-0.03206761549145684,-0.06437389691233178,256.0,0.03324193396383863
-0.07114160319334908,-0.007232000793084767,257.0,0.07104874532258973
-0.04468430875502145,0.05536143232452748,258.0,0.043433891392924764
0.021923566704270397,0.06632197191159352,259.0,-0.023170413751714275
0.06725630743430026,0.016695044700813094,260.0,-0.06736469619667217
0.05047047517652894,-0.04714608409350146,261.0,-0.04936428636400463
-0.01192437878046804,-0.06680774041521051,262.0,0.013214172232564117
-0.06222941168589101,-0.025267459214575634,263.0,0.06252512297407566
-0.05489321055764061,0.03845030118338637,264.0,0.05394534879903552
0.00226497964275226,0.06590648094090369,265.0,-0.0035689866147187166
0.056229634802320336,0.032826764375807824,266.0,-0.05669574561121358
0.05794196513702621,-0.029478917180847837,267.0,-0.05716248784033689
0.006877965145281661,-0.06371729756824653,268.0,-0.005587093340799279
-0.04943565671972043,-0.039278217569937816,269.0,0.05005276396982429
-0.0596347476109447,0.020430442281366944,270.0,0.05902970187494486
-0.01534858189480877,0.06035971686234086,271.0,0.014096334137669135
0.04203190436680825,0.044555125109134106,272.0,-0.04277866395330152
0.06001609575642205,-0.011493394224921447,273.0,-0.059587628927036174
0.023013748133805634,-0.055970067624017315,274.0,-0.021823343409353088
-0.03420446610237872,-0.048618565209311584,275.0,0.03505814002858251
-0.05915462568640977,0.002843046128499886,276.0,0.058901168787545165
-0.02976447513054594,0.05069772974196704,277.0,0.028656522489334084
0.026137210287214153,0.05145656227345474,278.0,-0.02707421028551909
0.05714023411887844,0.005361366920120202,279.0,-0.05705675018413387
0.035516719072001664,-0.04470133606123914,280.0,-0.03450895047236297
-0.018008175043175097,-0.05308276122823204,281.0,0.019004591830293106
-0.054081030767102814,-0.012978952411127134,282.0,0.05415931924186783
-0.04021163767197111,0.03814500725073701,283.0,0.03931871489535801
0.009986286832028632,0.05353465798955936,284.0,-0.011018395071023535
0.05010007895686258,0.01988895770267632,285.0,-0.050329126714676285
0.04381531928564886,-0.031194694323091743,286.0,-0.04304871453831207
-0.0022284554427755357,-0.052871447895378,287.0,0.0032731855585315522
-0.04533202192803459,-0.025992053039331775,288.0,0.04569839104749677
-0.04631802075873773,0.024014696924122732,289.0,0.04568596909537932
-0.005122917450614592,0.05117155811220766,290.0,0.004087548269870733
0.03991967009223069,0.03121110415356166,291.0,-0.04040791236709484
0.04773295812087841,-0.016764417966964457,292.0,-0.04724047847678454
0.011941989574428208,-0.04852993260504099,293.0,-0.010936493578443326
-0.03401062092876291,-0.03549144846160758,294.0,0.0346037091241826
-0.04809470075862238,0.009595406851426007,295.0,0.047743681166786976
-0.018121073096979773,0.04505513929898041,296.0,0.017164160432604977
0.027753978362920977,0.038800698144721854,297.0,-0.028433744471779362
0.04745722481888776,-0.0026487345980744093,298.0,-0.04724656634045936
0.02357176755649748,-0.040866368622027444,299.0,-0.0226800706861505
-0.021297232554610877,-0.04112810167285636,300.0,0.022044803732492284
-0.045891685277762835,-0.003947265047611302,301.0,0.045817498300039866
-0.02822563454497008,0.03609039079792224,302.0,0.02741349097026176
0.014783354214817121,0.04248350247043322,303.0,-0.015579577663564388
0.04348396837006526,0.010078863911966336,304.0,-0.04353981422983539
0.03203442711223942,-0.03085853617433713,305.0,-0.03131372142479532
-0.008348150052637464,-0.0428959393635322,306.0,0.009173998853827386
-0.04033208694926446,-0.01564840183987469,307.0,0.04050925732781396
-0.03496989515582483,0.025303758659121073,308.0,0.0343499601743243
0.0021179179309394683,0.042411938133634274,309.0,-0.0029548706859059207
0.03654348089808415,0.020575337183150952,310.0,-0.03683130710589719
0.037023195447111704,-0.019557837148485198,311.0,-0.03651077100986968
0.0037925680335315834,-0.04109354691316182,312.0,-0.0029621799537998816
-0.03223228302357438,-0.02479688795617746,313.0,0.03261846714354347
-0.18584952906040592,-0.9906060635568409,0.0,0.15209031434777698
-0.9362135174020421,-0.37255838764848725,1.0,0.9405115344563486
-0.8195188283284968,0.5824591745873059,2.0,0.8052002900173993
0.04084277450458782,0.9883751175749964,3.0,-0.06037560081316118
0.8469904119001391,0.48657213955261625,4.0,-0.8538542683561495
0.8661912685352743,-0.44820306322089665,5.0,-0.8543891033473394
0.09655010636919178,-0.9564858358427794,6.0,-0.07719460518950338
-0.7457371240208719,-0.5840503199711328,7.0,0.7548777995830813
-0.892529077935159,0.312649843764512,8.0,0.8833367767084133
-0.2239782080580449,0.9070005865910432,9.0,0.20518335850523595
0.6352135312617762,0.6639733697224798,10.0,-0.6463125308103984
0.8991807936092583,-0.17863194177878516,11.0,-0.8926333231610437
0.339430195293601,-0.8419505125633971,12.0,-0.32154559810842365
-0.5182073282714744,-0.7257381412173866,13.0,0.5309248759118046
-0.8871575614958097,0.04878560984052649,14.0,0.8832340616394904
-0.44125543464399897,0.7635650301097615,15.0,0.4245918186490072
0.39747571063768816,0.7691459153802224,16.0,-0.4114588993738638
0.857791454959768,0.07449126446315679,17.0,-0.8564189138719649
0.5281765595359322,-0.6742149406540027,18.0,-0.5130017257417213
-0.27569107503844714,-0.794382891123761,19.0,0.29058180890913665
-0.812689693662562,-0.18907404559105667,20.0,0.8137474698759447
-0.5992937120275778,0.5763559795953577,21.0,0.5858295870046243
0.1553916062145657,0.8019939825484531,22.0,-0.17083418544723006
0.7536859325787797,0.2931386480268572,23.0,-0.7570109823285182
0.6540808597712423,-0.47247392527465126,24.0,-0.6425016536153322
-0.03893747114166818,-0.7928508465068015,25.0,0.05458568684875709
-0.6827897824674414,-0.3851811319467685,26.0,0.6881824450006463
-0.6923747245766133,0.3650322935307193,27.0,0.6828061666075808
-0.07152681521117396,0.7681151267882816,28.0,0.05600319252590136
0.6021356914450191,0.46402964658600276,29.0,-0.6093658821381837
0.714356978012848,-0.2564235310645091,30.0,-0.7068765829856329
0.17410344653433374,-0.7291979410275714,31.0,-0.15901288131921376
-0.5139322645157232,-0.5288489240343882,32.0,0.5227459260949613
-0.7205304582533807,0.14892449648797046,33.0,0.7151687576573116
-0.2671655556593556,0.6777166531011147,34.0,0.25278974124845754
0.42041302629626676,0.5791376658956562,35.0,-0.4305386919246812
0.7116902400420744,-0.04465688479089014,36.0,-0.7084328972421341
0.3493745235940562,-0.6154499682566869,37.0,-0.33596421214277583
-0.3237895442800435,-0.6147192898477688,38.0,0.33494487251790606
-0.6888904458920481,-0.05444688776748641,39.0,0.6876811606242624
-0.41969041815265046,0.5442923619312686,40.0,0.40746212270171556
0.22620772855488314,0.6357266109906032,41.0,-0.23810587892023338
0.6534077215238719,0.1466719624976609,42.0,-0.6541518187042298
0.4773757499808728,-0.4662088078878987,43.0,-0.46650933493552454
-0.12970801177061003,-0.6425811227430214,44.0,0.14206374051837112
-0.606702312641022,-0.23054324559146078,45.0,0.609270902647527
-0.5219928587503909,0.38319070898214597,46.0,0.5126300160393079
0.03618999324995129,0.6359676131727411,47.0,-0.04872536168720465
0.550377674352221,0.3048414458308224,48.0,-0.5546122668877315
0.5533953536323504,-0.2972138568050764,49.0,-0.5456389439627715
0.05261799365895579,-0.6168049046574717,50.0,-0.040168391856744146
-0.4861395201581715,-0.3686129758078191,51.0,0.49185697144248003
-0.5717141283858947,0.2101991570686479,52.0,0.5656283506113415
-0.13518405875500197,0.5862135377339905,53.0,0.12306842952513497
0.41575517600358763,0.42117387264562905,54.0,-0.42275284926803075
0.5773385514373294,-0.12397675843802858,55.0,-0.5729498883699503
0.21019247068206215,-0.5454812343400157,56.0,-0.19863777322354337
-0.3410140482881029,-0.46210800675806935,57.0,0.34907507019479783
-0.57089349449362,0.04025411615946273,58.0,0.5681923707064387
-0.2765578282251253,0.49602697217701885,59.0,0.2657663964043541
0.26368994496767695,0.4912599477163144,60.0,-0.27258844546311695
0.5532129092283149,0.03941158913780718,61.0,-0.5521559856691174
0.3334337218689874,-0.43936448173318043,62.0,-0.323580583212571
-0.18550590814611861,-0.5087229434634524,63.0,0.19501213814494628
-0.5253106904631182,-0.1136363701432952,64.0,0.5258237121267204
-0.38021603032236795,0.3770659419874525,65.0,0.37144693649586225
0.10810212713537336,0.5148225419323286,66.0,-0.11798735706574415
0.4883495764533069,0.1812274944717543,67.0,-0.49033068298824534
0.41654109739791323,-0.31072660158312115,68.0,-0.40897126479501056
-0.03300740517777267,-0.5100964419377829,69.0,0.04304851752221117
-0.44360883309466526,-0.24119660469173215,70.0,0.44693223805417903
-0.44227912447168655,0.2419309911119763,71.0,0.4359926691736682
-0.03838544680777732,0.49527120272713293,72.0,0.02840174655753619
0.3924514501109658,0.2927679177155948,73.0,-0.3969713925512153
0.45752319152948245,-0.17222132102584942,74.0,-0.45257322968918795
0.10484001770457711,-0.4712364688077199,75.0,-0.09511343510220954
-0.33629154480753437,-0.33538162334701804,76.0,0.34184641700426704
-0.4625743846618474,0.10306858061990054,77.0,0.45898375752009707
-0.16529233437113364,0.4390173789683181,78.0,0.1560057157530534
0.2765626242472671,0.36869269244542185,79.0,-0.2829791813267532
0.4579235592282308,-0.03584676857904673,80.0,-0.4556861316415876
0.21886245877198135,-0.39974582638467243,81.0,-0.21017905432447553
-0.2146873013437809,-0.39256538627040105,82.0,0.22178486244006562
-0.444230305515291,-0.028189403179591233,83.0,0.44331277818588793
-0.2648616668292879,0.35463122123039037,84.0,0.2569229515889626
0.15204899611772452,0.40706382901845145,85.0,-0.15964355210693282
0.42229970760089536,0.08792308117713754,86.0,-0.42264387623633815
0.30279532029213013,-0.30493137939640286,87.0,-0.2957193849061582
-0.08996608205060995,-0.41243906455062634,88.0,0.09787423175996152
-0.3930574966168071,-0.14238995674204113,89.0,0.39458288604594244
-0.3323616240342755,0.25192412204167486,90.0,0.32624213482818076
0.029668860957367718,0.4091130652968758,91.0,-0.03771150578322918
0.35752419724716783,0.19078899464801513,92.0,-0.36013099508299146
0.35344653366856726,-0.19688012218908812,93.0,-0.3483522500173783
0.02772033005629429,-0.3976601960553559,94.0,-0.019714594195350266
-0.3167888519018714,-0.2324892163015546,95.0,0.32036106464209957
-0.3661151412352864,0.14103747799189575,96.0,0.36208996759992257
-0.08120365736443394,0.37878665789317006,97.0,0.07339550209665646
0.2719828815581981,0.26703262928739185,98.0,-0.2763916359819671
0.3705999192637198,-0.08557842924677705,99.0,-0.3676634596979118
0.12992083429075324,-0.3533084478486184,100.0,-0.12245755605398562
-0.22425460693117757,-0.29413346810954366,101.0,0.22936152118485736
-0.3672862452538726,0.031608565881773854,102.0,0.3654348198412428
-0.17315860754939727,0.3221283691247845,103.0,0.16617191077879678
0.17474490970779363,0.3136739763885299,104.0,-0.1804054614615025
0.3566956593581479,0.019861193843730973,105.0,-0.3559037350073056
0.21035670086637043,-0.2862126146372704,106.0,-0.20396092739125626
-0.1245644624559136,-0.3256970177069738,107.0,0.13063128579898386
-0.3394673277771881,-0.0679296501941909,108.0,0.3396893101450223
-0.24111030121759097,0.24656742500698645,109.0,0.23540111589148427
0.07477289895456825,0.3303958500697933,110.0,-0.08109894712814092
0.31633819335931007,0.1118172610918658,111.0,-0.3175105224271947
0.2651692384606583,-0.2042162913933418,112.0,-0.26022277118692316
-0.02636023557908916,-0.3281014371241026,113.0,0.03280175303358113
-0.2881222935528928,-0.1508749116904473,114.0,0.29016578255267045
-0.28243406760685674,0.1601781350890652,115.0,0.2783065026319954
-0.019769209497316326,0.3192676976525231,116.0,0.013349955059561158
0.2556897148338005,0.18458952061318937,117.0,-0.2585120707834866
0.2929493137884758,-0.1154468507783446,118.0,-0.28967690856929057
0.06281021769512443,-0.304455113401564,119.0,-0.056542484881188515
-0.21994563280372662,-0.21258655305406077,120.0,0.22344409681280195
-0.29689418253737637,0.07097255009544029,121.0,0.2944936907806688
-0.10206727549141871,0.28431312423313293,122.0,0.0960697138187594
0.18180985925385904,0.23462956976029764,123.0,-0.1858739059256577
0.29457107191843035,-0.02764478793513353,124.0,-0.29304053865320684
0.13696233108208677,-0.2595617392681876,125.0,-0.13134118570459166
-0.142197282643335,-0.2506169936862693,126.0,0.1467113202318683
-0.2863922481685818,-0.013722002807350642,127.0,0.28571213901516107
-0.16703971038911258,0.2309727836730635,128.0,0.16188738365243358
0.10199954776649671,0.2605763221089069,129.0,-0.10684556412817708
0.2728650627821372,0.05240070044687656,130.0,-0.2729996849882469
0.19196825785780414,-0.19935118371068247,131.0,-0.1873622361571982
-0.062068275044034414,-0.26465605068319686,132.0,0.06712837872778654
-0.2545760966374789,-0.08776119813497435,133.0,0.25547526598959036
-0.21154082012005784,0.1655166684540188,134.0,0.2075429666165432
0.02320007106418278,0.2631156069337199,135.0,-0.028358881964009597
0.23217461612694526,0.11927756929887581,136.0,-0.23377552151606848
0.22567123776428893,-0.13028623604825276,137.0,-0.22232744403543267
0.013876469084021296,-0.2563136138356952,138.0,-0.008729619372435382
-0.2063557178257172,-0.14653269697427015,139.0,0.2085849340357701
-0.2343890515101832,0.09445769660029857,140.0,0.2317292343169916
-0.04851161933112969,0.2446948194307344,141.0,0.04348071111786797
0.17784352264234135,0.16922042057189252,142.0,-0.18061912179392348
0.23783216355700607,-0.05879456370308067,143.0,-0.23587058669606384
0.08014314381308647,-0.22877603598643034,144.0,-0.07532374404266226
-0.14737475836741593,-0.18714530099003396,145.0,0.15060847132666713
-0.23623772244078542,0.02401252333299797,146.0,0.23497361820488477
-0.10830263661820402,0.20913143234976256,147.0,0.10378044518163751
0.11568304190087163,0.20022014754666617,148.0,-0.1192824227872015
0.22993152023931013,0.009232336542234487,149.0,-0.22934998039726368
0.13261958401796012,-0.18637751628644797,150.0,-0.12846926539491446
-0.08348414008053168,-0.20846148737070155,151.0,0.08735468967129512
-0.21931620439926094,-0.0403533987941701,152.0,0.21938930688041253
-0.1528231991960354,0.1611581302900615,153.0,0.14910750657836744
0.05146245188856153,0.2119831892174089,154.0,-0.055509659124919064
0.20485861296491273,0.06884140211419892,155.0,-0.2055467476064561
0.16874212188027532,-0.134129765231705,156.0,-0.16551131455440904
-0.020258915833928096,-0.21098847886483424,157.0,0.024390180680563256
-0.18707654183424854,-0.09427029354209318,158.0,0.18832989663604638
-0.18030211332494353,0.10594747203307095,159.0,0.1775936620839498
-0.009539494544730295,0.20576060215072053,160.0,0.005413089083885075
0.16652524624683307,0.11630104787460335,161.0,-0.1682854145594742
0.18752191026448378,-0.07725162306576355,162.0,-0.18536048006883243
0.037408565899848194,-0.19665240429946662,163.0,-0.03337065986770957
-0.14378396651392827,-0.1346834946742785,164.0,0.14598563542880902
-0.19050742937448414,0.04865574303945741,165.0,0.18890512346938232
-0.06289385168207168,0.18407510058622775,166.0,0.05902141439982633
0.11944275061948283,0.14925623174892078,167.0,-0.1220154314950661
0.18944453616871107,-0.020735594593034173,168.0,-0.1884013814645404
0.08561585179388342,-0.16848651381382238,169.0,-0.08197800492625973
-0.09408982440614438,-0.15994473829707478,170.0,0.09695958788135492
-0.18459060899951302,-0.005980332501629437,171.0,0.1840952587955657
-0.10527336633920453,0.15037904887976508,172.0,0.10193043510751537
0.06829973432313936,0.16675783093736232,173.0,-0.07139091426728597
0.17626513990106624,0.031018816832521362,174.0,-0.17629576700290703
0.12164506159252682,-0.13026766431724,175.0,-0.11864786014279226
-0.042622458898952394,-0.1697826312019468,176.0,0.04585929245469189
-0.16483961952585233,-0.053968311168494654,177.0,0.16536497050423932
-0.13458932045113128,0.10867808562236875,178.0,0.1319786722749478
0.01757365397602601,0.16917823353167147,179.0,-0.0208818280617723
0.1507269535862017,0.07448372090187491,180.0,-0.151707533352205
0.14404248031578049,-0.08613548600486173,181.0,-0.14184896979025516
0.006373835924844247,-0.1651682782297835,182.0,-0.0030657576608125736
-0.1343706533328173,-0.09228955269962091,183.0,0.135760008347433
-0.15001558814685928,0.0631538375527893,184.0,0.14825953478855708
-0.028797101201710317,0.15803264419624546,185.0,0.02555639303370008
0.11623403307392657,0.10718146423713146,186.0,-0.11798010135091914
0.15258982504470303,-0.04022611034609297,187.0,-0.1512814680287689
0.049328860343897094,-0.14809848165634126,188.0,-0.04621750862057586
-0.09678963402642186,-0.11902627661015422,189.0,0.09883613058260202
-0.15191077089013985,0.017815469469347617,190.0,0.15105064783881092
-0.06766169019313341,0.1357308056962509,191.0,0.0647354406017063
0.07650907641662527,0.12776053869876033,192.0,-0.07879688392609843
0.14818169324089528,0.0036524091541263737,193.0,-0.14776119426396095
0.08355079245137195,-0.12132286749072026,194.0,-0.0808583796873135
-0.05585352127987207,-0.13338775700906996,195.0,0.05832205734782894
-0.1416560537974957,-0.023795812980794417,196.0,0.14165812931025082
-0.09681532541235599,0.10528651200009911,197.0,0.09439789029878284
0.035264900441176916,0.13597442504932364,198.0,-0.03785343505117236
0.13262943040775715,0.042282195906939435,199.0,-0.13302942937587775
0.10733835738693254,-0.08804271903011078,200.0,-0.10522905238289304
-0.015158048306632116,-0.13564500290427184,201.0,0.017806947546983587
-0.12143105293688357,-0.05883207837671399,202.0,0.1221976669041739
-0.11506552303570751,0.07001250935242884,203.0,0.1132893031868306
-0.004086157027760966,0.13257601024932292,204.0,0.0014342819593694822
0.10841514763377955,0.07322164109550305,205.0,-0.10951143517309407
0.12000248547334948,-0.05160837957829144,206.0,-0.11857607825465605
0.02212656263147302,-0.12698940457036853,207.0,-0.019525818995679914
-0.09395227718458775,-0.08528403567622876,208.0,0.09533674325339338
-0.12221132530686875,0.03322640919124542,209.0,0.12114336955487695
-0.03866636571056081,0.11914542088989098,210.0,0.036166669892932074
0.07842085283098699,0.09490946028248161,211.0,-0.08004855788101992
0.12180599253828979,-0.015239161122710329,212.0,-0.12109733379984534
0.053456567246193604,-0.10933504998425526,213.0,-0.05110287361327119
-0.062198981159956354,-0.10204407065093499,214.0,0.06402265571228534
-0.11894696840563704,-0.0020105259534088094,215.0,0.11859109558695108
-0.0662982522734835,0.09787232912372816,216.0,0.06412992785385228
0.04565679189562838,0.10668781646328399,217.0,-0.0476279335946659
0.11383529173960415,0.018214779284042096,218.0,-0.1138188979465275
0.07704371875531067,-0.08508661304418123,219.0,-0.0750940679719548
-0.029149374719553874,-0.10889130965413886,220.0,0.03121930657315336
-0.10670610833586734,-0.033104917311060494,221.0,0.10700975726674475
-0.08559649914470632,0.07131498349495329,222.0,0.08389243952751056
0.013010433303663235,0.10875184472309389,223.0,-0.015131303847681077
0.0978219023136203,0.04645463181212374,224.0,-0.09842078050459377
0.09191033868200048,-0.05689494366776314,225.0,-0.09047222536100082
0.0024532561467325398,-0.10640870137356845,226.0,-0.0003275477171952451
-0.08746556564097797,-0.05808212293718758,227.0,0.08833030026516933
-0.09598721196124592,0.04215752949784893,228.0,0.09482880584729618
-0.016966515988530412,0.10203786680774263,229.0,0.014879484169645699
0.07593345620397986,0.06785120469675783,230.0,-0.07703097797381216
0.09787447411193155,-0.027420953662950637,231.0,-0.09700304604436073
0.030289523559892964,-0.09584631881196842,232.0,-0.028281362154375378
-0.0635285862717087,-0.07567141837454328,233.0,0.06482301726875792
-0.09766125493143753,0.012984880526969514,234.0,0.09707781575566957
-0.04222062979120603,0.08806601148153954,235.0,0.04032758782666082
0.05055407229716414,0.08149720933214792,236.0,-0.05200761922125062
0.09547421339168097,0.0008745882784504111,237.0,-0.0951738579541447
0.0525982372965513,-0.07894770322025085,238.0,-0.050852111516498794
-0.037306964053120985,-0.08532623849156411,239.0,0.03888079840721689
-0.09147277611390198,-0.013909157035440281,240.0,0.09144512754432485
-0.0613017545206108,0.06875476172630571,241.0,0.05972950198233611
0.02407255651558894,0.08719691322910035,242.0,-0.025727664586444668
0.08584398670306416,0.02590176649974081,243.0,-0.08607372610770113
0.06825166034181229,-0.05775707329922705,244.0,-0.06687513200344712
-0.011119272067013927,-0.087185233355527,245.0,0.012817259174765575
-0.07879709335813909,-0.03666918939139299,246.0,0.07926455917731147
-0.07340872962083704,0.04622517426568655,247.0,0.07224452329143746
-0.0013058161076434582,0.08540105621544511,248.0,-0.00039801921333335044
0.07055800007732664,0.04606378665972577,249.0,-0.07123984086018903
0.07677248430807015,-0.034424710944094064,250.0,-0.07583191300046602
0.012980765726688211,-0.08198389069397134,251.0,-0.011306075450343567
-0.061363702253490235,-0.053974437676255864,252.0,0.06223356646347586
-0.07837894671134875,0.022611321688913374,253.0,0.07766811632008364
-0.023711815774571415,0.0770983331070748,254.0,0.02209863319870442
0.05145682073797584,0.06032667354403918,255.0,-0.05248606740322657
0.07829778125719983,-0.011026020524079055,256.0,-0.07781776961533797
0.03333568607351251,-0.07092925865564408,257.0,-0.031813238252730025
-0.041080339804914934,-0.0650820572190091,258.0,0.042238754345865076
-0.07662891848792866,-0.00010885295706884734,259.0,0.07637604625767051
-0.04172112301778178,0.06367688047441748,260.0,0.040315089588164356
0.030472644161344768,0.06823686691258735,261.0,-0.031729144536313536
0.0734987601080962,0.010593068030905345,262.0,-0.07346494264742247
0.04876970393343785,-0.055551784476014186,263.0,-0.04750190142356111
-0.019862938525539383,-0.06982015012656587,264.0,0.02118625789518408
-0.06905606666012028,-0.020251287625232053,265.0,0.06922923499353663
-0.05441592687877704,0.046770042380914964,266.0,0.05330408997490436
0.009467120651428676,0.06989122454861688,267.0,-0.010826454047748457
0.06346762994788917,0.028935184639624183,268.0,-0.06383220825518669
0.05862662567174105,-0.037548497771889774,269.0,-0.05768428423624308
0.0005158346729911355,-0.06853670884811515,270.0,0.0008497692689565101
-0.05691383075815322,-0.03652488569077836,271.0,0.05745125737920704
-0.06139976133728205,0.02810031096918325,272.0,0.06063621010757428
-0.009906936867618009,0.06586717113592021,273.0,0.008563201266805279
0.049584178906693595,0.042929752087703735,274.0,-0.050273457731062135
0.06276265086871974,-0.018630838262112953,275.0,-0.062183007055343006
0.018549656089539582,-0.0620134855179531,276.0,-0.017253844275788993
-0.041672927345345265,-0.04808852074974612,277.0,0.042491196603275105
-0.06276970209490283,0.00933390983443659,278.0,0.06237504458732146
-0.026311798732976798,0.05712298784243241,279.0,0.025087474124646028
0.033374845217436756,0.05196883947566674,280.0,-0.034297951091536126
0.0614997294837466,-0.00038855886497036335,281.0,-0.06128731208140533
0.03308677875705516,-0.0513555205189385,282.0,-0.031954678636108846
-0.02488122657297237,-0.054566241285832276,283.0,0.02588428968275172
-0.05905292987780025,-0.008043757947332579,284.0,0.05901645989846129
-0.03879429416930046,0.0448794533104158,285.0,0.03777207250615658
0.016376202194756488,0.05590261136285712,286.0,-0.017434165847539998
0.05554759947350576,0.01582142052292585,287.0,-0.05567757226511932
0.043380429547598916,-0.03786776242659724,288.0,-0.04248247751199603
-0.008033411893943144,-0.0560242073192437,289.0,0.009121562015592076
-0.05111667388317898,-0.022824370482867444,290.0,0.051400753180552566
-0.04681721594040624,0.030494244266860877,291.0,0.04605455922417571
1.308396186370332e-05,0.05499929906816114,292.0,-0.001107531780244926
0.045904171950945996,0.028955297246164857,293.0,-0.04632760567139099
0.0491016886957941,-0.02292993297666794,294.0,-0.0484819592617557
0.007540442534529515,-0.05291549844995004,295.0,-0.0064623227010616666
-0.04006162125343021,-0.03414029240838782,296.0,0.04060768221185555
-0.050254491619640754,0.015339782808073826,297.0,0.049781970117659266
-0.014500728011105064,0.049876850992172116,298.0,0.013459912147515303
0.033744539050104584,0.03832899005774,299.0,-0.03439498017833328
0.05031808227136866,-0.007879667337674194,300.0,-0.0499938061438308
0.020760761516145775,-0.04600076280337907,301.0,-0.019776245371005835
-0.027109037024774994,-0.041494220111275466,302.0,0.027844550991976656
-0.049354598125950326,0.0006937381197050577,303.0,0.049176529377748676
-0.026234005688744264,0.04141483470226151,304.0,0.025322533758359682
0.020308611662115957,0.04363121008142104,305.0,-0.02110928529356449
0.04744344674991187,0.006087824437712476,306.0,-0.04740669249681686
0.03085496447066559,-0.036253673372401464,307.0,-0.030030820550934027
-0.013491174726153783,-0.04475637780474738,308.0,0.01433692927988204
-0.044678685074604665,-0.01235064507173863,309.0,0.04477576331084877
-0.03457928981824867,0.030655745735388464,310.0,0.033854149800022736
0.006796370252532996,0.044905763506711535,311.0,-0.007667379423278199
0.041166253349242184,0.01799755941439194,312.0,-0.04138739589560417
0.037383452090553,-0.02476033800107736,313.0,-0.036766298367971566
0.9391689104425593,0.10292484668462443,0.0,-0.47488942126249134
0.6353939514512336,-0.7021339364888923,1.0,-0.6193066831534139
-0.2407414307990794,-0.8982622520987972,2.0,0.25781569432860973
-0.8803901659639464,-0.27285212249427204,3.0,0.8828898114797537
-0.7059864609776216,0.5885412338086643,4.0,0.691924750559858
0.1075971354582688,0.8971505812036907,5.0,-0.12509241103192237
0.8071290117471054,0.3830061225516923,6.0,-0.8120645622371253
0.7581095963484532,-0.4695938753646972,7.0,-0.7462414722424954
0.019981755434229805,-0.8778573575159626,8.0,-0.0024458054012410635
-0.7217188265393227,-0.47895565618384983,9.0,0.728848046478997
-0.7917788473598597,0.3480228491027504,10.0,0.7822179395198559
-0.1397246402122843,0.8418337787495292,11.0,0.12250703140744834
0.6266041912620661,0.5595765009102355,12.0,-0.6356543368715689
0.8073841177359288,-0.22645346289343726,13.0,-0.800190514547808
0.24965251582428125,-0.7907867942050508,14.0,-0.23308488204946687
-0.5242846950966936,-0.6241216594795895,15.0,0.534959838079016
-0.8056599910783779,0.10735810522360834,16.0,0.8008421352975778
-0.3481012455106118,0.7266294949403714,17.0,0.33248268849562834
0.41726089528837473,0.6722145844485546,18.0,-0.42924929159466163
0.787650718276655,0.006985133027470614,19.0,-0.7851682429263431
0.4337370677113669,-0.6514302004716199,20.0,-0.4193299684888546
-0.30798340431747656,-0.7038352631042796,21.0,0.3209647554497208
-0.7546709458644322,-0.11452747549763165,22.0,0.7544383376784486
-0.5055644826189347,0.5673613533902788,23.0,0.49259130365274517
0.19880595778232196,0.7192998615176011,24.0,-0.21245842321266528
0.7082632320590139,0.21347777421567182,25.0,-0.7101541997701218
0.5629267998698423,-0.4766492724657745,26.0,-0.5515678852800604
-0.09194318568231372,-0.7192347168140869,27.0,0.10595001826101846
-0.6501534015952729,-0.3023239349450535,28.0,0.6540058191786879
-0.6054997636187744,0.38152573616362095,29.0,0.5958921241149279
-0.01056632795355112,0.704545535743562,30.0,-0.0034893634058857925
0.5822047732084605,0.37984741940440936,31.0,-0.5878260640630175
0.633278787790283,-0.2841822746799899,32.0,-0.6255158376831688
0.10689125376707148,-0.6763827051525004,33.0,-0.09307541426459731
-0.5063722563413205,-0.44513093258959524,34.0,0.5135450832244454
-0.6465604332324485,0.18672794237257706,35.0,0.6406926294256073
-0.19543269316254255,0.6361036463017251,36.0,0.18212372483719597
0.4246572582746991,0.4975595357204268,37.0,-0.4331453854654485
0.6459188388166025,-0.09115122673097609,38.0,-0.6419551562558886
0.2748431610690998,-0.5852331508221427,39.0,-0.26228222447645
-0.339064271587184,-0.5368155450394912,40.0,0.3486184700217601
-0.6321778796878382,-0.0007133723092672684,41.0,0.6300880445501036
-0.3440393499726944,0.5254226225379799,42.0,0.3324383480657686
0.25155992701531793,0.5628676820947399,43.0,-0.26192379979244007
0.6063798677444807,0.08721368497713766,44.0,-0.6060972588180754
0.4022087777729227,-0.45840911781670296,45.0,-0.39174775003940343
-0.164035200925582,-0.5759550309354344,46.0,0.17495081534172452
-0.5697516322826023,-0.1669028554918317,47.0,0.5711767526200814
-0.44881054043861746,0.38597502921754123,48.0,0.4396358568336456
0.0782713623140561,0.5765664309229751,49.0,-0.08948458514872026
0.5236688232263508,0.23855681172894994,50.0,-0.5266732382518765
0.4835704974643835,-0.3099091949321134,51.0,-0.47579384229216176
0.00408986586778928,-0.5654159900756504,52.0,0.007175578957853146
-0.46961926645525454,-0.30118618654779244,53.0,0.4740499012695354
-0.5064713122549674,0.23197014194318466,54.0,0.5001694326626868
-0.0815715696240962,0.5434154428800747,55.0,0.07048606113560174
0.4091661717111797,0.35404277143340324,56.0,-0.4148498592764843
0.5177378496222912,-0.15385208620619123,57.0,-0.5129530292949549
0.1528820837357494,-0.5116440985221121,58.0,-0.1421914905102606
-0.34391194994940094,-0.3966206896121724,59.0,0.3506601230447845
-0.51781849776222,0.07715422078661771,60.0,0.5145597039508775
-0.21693047366052337,0.47131713105409573,61.0,0.2068292234205979
0.2754633405269136,0.4286525722958137,62.0,-0.28307676367331974
0.5073630319254573,-0.003353725097225424,63.0,-0.5056076732687128
0.2728370333674141,-0.42375295297318427,64.0,-0.2634962451596867
-0.20539848119401902,-0.45010110681697885,65.0,0.21367192398709323
-0.48719767138831793,-0.06621717252554754,66.0,0.48689389520710946
-0.31993887584917197,0.3703403891455054,67.0,0.3115042372105037
0.1352364774811083,0.4611463980702633,68.0,-0.14396323769333058
0.45829800046541497,0.1303898484517499,69.0,-0.4593674513917374
0.3577907883929697,-0.31250633032274155,70.0,-0.35038107336495955
-0.06640994482650722,-0.46216964411743766,71.0,0.07538613803928035
-0.42176042868649816,-0.18817352368488055,72.0,0.42410138565515565
-0.3861616109738262,0.2516844961849399,73.0,0.37986783179084493
0.00024090876600412365,0.4537336726083366,74.0,-0.009269450884964725
0.37877285565418584,0.23876505750731414,75.0,-0.3822636614228464
0.4050264721401544,-0.1892858785952775,76.0,-0.3999116449401821
0.06207964223124362,-0.43656091668174013,77.0,-0.053185422690704975
-0.3305851835179367,-0.2815543545920207,78.0,0.33508787993059286
-0.4145552815392232,0.1266713683449336,79.0,0.41065477510403303
-0.11950834813853177,0.41150942738521334,80.0,0.11092151990117732
0.2784802856570449,0.3161255310621398,81.0,-0.2838443687347819
0.4150979311184922,-0.06512699495046209,82.0,-0.4124203575985268
0.17116210006653687,-0.3795475248198056,83.0,-0.16303940138032658
-0.2237459954455187,-0.3422540627628001,84.0,0.22981220695583865
-0.40716669765323754,0.005842130905056309,85.0,0.4056952955982047
-0.21632666867447117,0.3417276828296975,86.0,0.2088062705729457
0.1676486253876594,0.3599002077214812,87.0,-0.17425270165387058
0.39141636748077996,0.050109068969272086,88.0,-0.39111082037828354
0.2544613954213407,-0.29916022300629713,89.0,-0.24766117286573602
-0.11140846607160028,-0.3691990535455796,90.0,0.11838477026928113
-0.3686226203138059,-0.10178280397906081,91.0,0.3694212482884819
-0.28520008052871754,0.2529873641240099,92.0,0.2792163970120026
0.056177647948694884,0.37044758872194306,93.0,-0.0633626188019265
0.3396592131471324,0.14837723138959535,94.0,-0.341481471514396
0.3083482710819887,-0.20435813409283382,95.0,-0.3032552715143108
-0.003020678586588955,-0.3640892340778266,96.0,0.010256036014457404
-0.3054744981698607,-0.18924050735292075,97.0,0.3082237141585456
-0.3238772140642947,0.15440460444045123,98.0,0.31972661071939107
-0.047102104577161116,0.35069629691099097,99.0,0.03996644790616344
0.26706779104721307,0.22387530888405546,100.0,-0.27063406916133653
0.331914791525946,-0.10421985365028336,101.0,-0.3287361186897432
0.09334799922772029,-0.3309508256128843,102.0,-0.08645136252058261
-0.2254660789089106,-0.25193994984515966,103.0,0.22972930601960054
-0.33273379799697095,0.054838006856963994,104.0,0.33053510284327275
-0.13500222655677008,0.30562434731200855,105.0,0.12847095450166102
0.18170152197512196,0.27324626659018536,106.0,-0.18653440521554238
0.3267379533330496,-0.00721663693565161,107.0,-0.32550688357174684
0.17148501878307243,-0.27555696568226457,108.0,-0.16543066752288227
-0.13679016017515036,-0.28775450439219924,109.0,0.1420612339440036
-0.31444606734436664,-0.037778252604381,110.0,0.31415131041510763
-0.20235554806719408,0.24163628128710063,111.0,0.19687347758266374
0.09171218765139351,0.2955654833142172,112.0,-0.09728873036825153
0.2964747858996729,0.07938450785586776,113.0,-0.29706780996852655
0.22731280085692343,-0.2047765735132781,114.0,-0.22248117872222625
-0.04739410502006532,-0.29691036128766657,115.0,0.0531449115657362
-0.27352035202458985,-0.11695327750619017,116.0,0.2749373957992249
-0.246193557765051,0.16589865225913852,117.0,0.24207277057935003
0.004693003024840648,0.2921383425245566,118.0,-0.010490964885074283
0.24633981030006327,0.14995561097696883,119.0,-0.2485040667043359
0.25896768862562347,-0.12591075015156564,120.0,-0.25560014935115044
0.03561682689939148,-0.28170270090539196,121.0,-0.029892375062287313
-0.21573206924651334,-0.17798623377107498,122.0,0.21855600725413676
-0.26573101476983096,0.0856907833104853,123.0,0.26314134683812856
-0.07285481834644095,0.2661455007275868,124.0,0.06731601981735891
0.18251921511806013,0.2007645876304856,125.0,-0.18590698447687695
0.26669602536299136,-0.04607026174476919,126.0,-0.2648915978639367
0.10644251321020999,-0.24608140142449386,127.0,-0.10119120473163476
-0.14752844250679614,-0.21813327363519908,128.0,0.15137830761963691
-0.2621807615840102,0.007820080543383678,129.0,0.26115254420764356
-0.1359093800688584,0.22218092898082262,130.0,0.13103562088728787
0.11157493333313165,0.2300540811484731,131.0,-0.11578168509695466
0.2525962014179096,0.028361628687670337,132.0,-0.2523199031399166
0.16089609871456673,-0.19515358532837382,133.0,-0.15647702481769568
-0.07544597720043814,-0.23660182396146107,134.0,0.0799032750365411
-0.23843248894765043,-0.06185945904406617,135.0,0.2388699407762173
-0.18115539158824237,0.1657311486794527,136.0,0.1772543995028797
0.039886583783463166,0.23795623669631208,137.0,-0.04448918428741122
0.2202443555056661,0.09214842698658104,138.0,-0.22134509495408142
0.1965505280664239,-0.13465149331671214,139.0,-0.19321678562073882
-0.005586792977283991,-0.2343922092412757,140.0,0.010232626470747519
-0.1986360762528834,-0.11879938363464376,141.0,0.20033908956573407
-0.20705166754287965,0.10264322766341302,142.0,0.20431994250271424
-0.026829157976331276,0.22626865461583312,143.0,0.022237096370011367
0.17424629519359972,0.1414821618407884,144.0,-0.1764818727053953
0.21273024153830147,-0.07041141541203166,145.0,-0.21062103309386626
0.056811698207660306,-0.21401631625431522,146.0,-0.052363670626627834
-0.1477330349175327,-0.15996652689847138,147.0,0.15042469522092594
-0.2137516032930557,0.0386246070433896,148.0,0.21227155608250026
-0.0838927521866602,0.1981248244473286,149.0,0.07967083494041141
0.11975918518394703,0.17412103945416854,150.0,-0.12282562496893357
0.21036619522991268,-0.00790336917901216,151.0,-0.2095087710262838
0.10769051354637045,-0.1791293089142027,152.0,-0.10376740454876118
-0.09097873759608545,-0.18390997533399692,153.0,0.09433576600587745
-0.20289950023584868,-0.02118954217014718,154.0,0.2026458786324168
-0.1279121863541652,0.15759686562869182,155.0,0.12435027274604188
0.06202400287691843,0.18938847808537843,156.0,-0.06558642194269049
0.1917410519590693,0.04815726033453177,157.0,-0.19206122839806264
0.14435475644526835,-0.13411316162386472,158.0,-0.1412054462144388
-0.03349401349955853,-0.1906961457406942,159.0,0.03717740955090962
-0.1773327824290778,-0.0725750761875403,160.0,0.17818682975014877
-0.15690389185141865,0.10926944217401827,161.0,0.1542072076697308
0.005944278510570803,0.18804927341975988,162.0,-0.009666693311620594
0.16015698257772465,0.09409487377194173,163.0,-0.16149644090589305
0.16553110364086004,-0.08365018116837222,164.0,-0.1633155319111923
0.020121979832594155,-0.1817319878185937,165.0,-0.016438525207593674
-0.140724143063646,-0.11244774985991357,166.0,0.14249350229465357
-0.1702893262183154,0.0578215883877993,167.0,0.16857190953669116
-0.04426101567439342,0.172086518423388,168.0,0.04068916663814273
0.11956092966458241,0.12744486992945217,169.0,-0.12169916900623197
0.17130709901654945,-0.03232115752219919,170.0,-0.1700937559939706
0.06609412084962289,-0.15950285358798105,171.0,-0.06270002243494402
-0.0971985299579569,-0.13897664585165045,172.0,0.09964067989106165
-0.1687815493611724,0.0076484068930185445,173.0,0.1680676020614586
-0.0853115395680072,0.14440802767210242,174.0,0.08215386972056968
0.07416158667339613,0.14701034974851418,175.0,-0.07684028026050463
0.16297038903771632,0.015743068261021703,176.0,-0.16274127521239556
0.10167475276855953,-0.12725527860449823,177.0,-0.09880396380127776
-0.050957908626038266,-0.15158630362153833,178.0,0.05380489123852042
-0.15418314477272735,-0.03745214667342206,179.0,0.15441528964622456
-0.11501718062749555,0.10851330393137237,180.0,0.11247495214169456
0.028069123207421675,0.15281280518719512,181.0,-0.031016692387145633
0.1427718455971261,0.05713528322720096,182.0,-0.1434336661805071
0.12524338105165392,-0.08865582812519937,183.0,-0.12306228313907569
-0.0059424057119308316,-0.1508599667153509,184.0,0.008924755949966529
-0.12912138812140492,-0.07451014301800653,185.0,0.13017440191043644
-0.1323268480454197,0.06815167520819995,186.0,0.13053020937262952
-0.015016609001787577,0.14595265547824157,187.0,0.01206215837869909
0.1136397944311209,0.08935777888958149,188.0,-0.11503980386224473
0.13630653626513417,-0.04745551916707502,189.0,-0.13490850779218397
0.03444965720533409,-0.13836273170621147,190.0,-0.03158156920801056
-0.09674856699135087,-0.1015233929765396,191.0,0.09844689115282003
-0.13728225662584398,0.02699946080558957,192.0,0.1362880582718239
-0.052050374005574156,0.12840078282449466,193.0,0.049321950577201554
0.07887333107319817,0.1109157492268039,194.0,-0.08081805686934104
0.13540910234951395,-0.007185554217522538,195.0,-0.13481543693286488
0.06756750185560888,-0.11640755141486783,196.0,-0.06502610037142066
-0.06043493827311796,-0.11750532741293884,197.0,0.0625721644633162
-0.13089107528072827,-0.011620620424507289,198.0,0.13068669157465732
-0.08080679144077084,0.1027452490772747,199.0,0.07849320773542709
0.0418411852101859,0.1213213294661844,200.0,-0.04411623443596087
0.12397408867096237,0.02909526798030561,201.0,-0.12414047343912232
0.09163163242951097,-0.08778893949466446,202.0,-0.08957965320454446
-0.02347928000161632,-0.12244766585390338,203.0,0.025837856013996435
-0.11493852505277126,-0.04496053033232077,204.0,0.1154507024786787
-0.09996247522778362,0.07191816192268177,205.0,0.09819859907614324
0.005709166186557001,0.12101806302721135,206.0,-0.008098435932157172
0.10409152647176537,0.05898746231335662,207.0,-0.10491894246974533
0.10577512590383065,-0.05550895146518152,208.0,-0.10431844880613342
0.011142210057409101,-0.11721044262911202,209.0,-0.008772627124674776
-0.09175918946425445,-0.07099783953593335,210.0,0.09286665794295372
-0.10909801458272483,0.038926395320177665,211.0,0.1079602726273142
-0.026785627744552818,0.11124072918799063,212.0,0.02448277784506875
0.07827882906667975,0.08086482938009946,213.0,-0.07962751729225483
0.11000855264662228,-0.022517845175270487,214.0,-0.1091943119471615
0.040973276327097546,-0.10335624551832133,215.0,-0.03878010870325778
-0.06399146517166476,-0.08851257769775546,216.0,0.06553989591383043
-0.10862870589201457,0.0066068855881872,217.0,0.1081356872682512
-0.053501384121825056,0.09382885416373557,218.0,0.051456116123065054
0.049234671095097396,0.09391478278291464,219.0,-0.05093972019692056
0.1051199193364261,0.008511863001569864,220.0,-0.1049394433073399
0.0642117980045228,-0.08294799916101242,221.0,-0.0623474133856506
-0.03433590870686154,-0.0970923445874991,222.0,0.03615377805475002
-0.09967753465106513,-0.022577049538408805,223.0,0.09979507068297591
-0.07299254331772387,0.07101379544683609,224.0,0.07133642619453429
0.019606457340433033,0.09811019084643667,225.0,-0.021493604880783446
0.09252484330512975,0.03536397026280405,226.0,-0.09292064607323292
0.07977741199209615,-0.05833030368112946,227.0,-0.07835111599903063
-0.005336025376459135,-0.09707339259591605,228.0,0.007250035764607213
-0.08390691758369404,-0.04668700457477172,229.0,0.0845567322392473
-0.08454464385073189,0.045199116465747535,230.0,0.08336379332325804
-0.008211885665672084,0.0941226894697528,231.0,0.006311504035092647
0.07408435787987272,0.05640111416847435,232.0,-0.07496017596051431
0.08731478072491321,-0.03191336826814814,233.0,-0.08638909822651158
0.020803814065549705,-0.08942955015244176,234.0,-0.018954917568243523
-0.06332708830493529,-0.06440242949937533,235.0,0.06439793596565539
-0.08814778519618503,0.018752266202033963,236.0,0.08748123747257049
-0.03223933667567308,0.08319089552036352,237.0,0.030476529996179558
0.05190832398774172,0.07062796480603088,238.0,-0.05314106463917126
0.08713952538872971,-0.005976222565631864,239.0,-0.0867305778849307
0.04235322112033176,-0.0756236114353027,240.0,-0.040707342824584866
-0.0400988227584187,-0.07505451823135965,241.0,0.04145895694826873
-0.08441773422284128,-0.00617734691127074,242.0,0.08425970266383034
-0.05101673694855503,0.06695897503907033,243.0,0.0495144516093067
0.028161521564592035,0.07769682686880858,244.0,-0.029613967996366328
0.08013755591541581,0.017497512423886516,245.0,-0.08021904214752244
0.05813814805356861,-0.05743711294512087,246.0,-0.05680164701903391
-0.016346644299906645,-0.07860505764624738,247.0,0.017856487202241103
-0.07447679433979905,-0.02780257757271566,248.0,0.07478219266189304
-0.06366242402324794,0.047301602178871846,249.0,0.06250923458912735
0.004887353089117571,0.07786172375565975,250.0,-0.006420542694663897
0.06763097724643652,0.03694207229262288,251.0,-0.06814103682774957
0.06757022177801957,-0.03679431536008311,252.0,-0.06661312232977469
0.0060040001742979465,-0.07557812279602144,253.0,-0.00448000555564293
-0.05980834745187479,-0.04479799464006437,254.0,0.060500776132378885
-0.06987620070287974,0.02615060074286385,255.0,0.06912323738305258
-0.01613898075757276,0.0718903969241431,256.0,0.014654640726759344
0.051224887118591605,0.05128531992607443,257.0,-0.052074981901142625
0.07062674435474796,-0.015594875641089523,258.0,-0.07008134300473362
0.025355510656266858,-0.06695531715448455,259.0,-0.023938704488376955
-0.04209947439500251,-0.056351809506643875,260.0,0.04308076425211683
-0.06989716963950507,0.005336698786678751,261.0,0.06955833518992943
-0.03351963004812375,0.0609458936116972,262.0,0.03219523994891189
0.0326492632121296,0.05997716390419426,263.0,-0.033734150417586185
0.06778851006609361,0.004432626389422323,264.0,-0.06765110422843162
0.04052658429886782,-0.054046911150152956,265.0,-0.039316163884640064
-0.023085367207138056,-0.0621715756670012,266.0,0.024245754232876567
-0.06442396330379747,-0.013542879389632431,267.0,0.06447905035540173
-0.04630125368925451,0.04645048548395238,268.0,0.045222783470696866
0.013608917843429666,0.06297374635528767,269.0,-0.014816807915330812
0.059945094841935304,0.02184715682791008,270.0,-0.06018034450657291
0.05079795540039448,-0.03835172901220568,271.0,-0.04986568517518844
-0.004407555105848308,-0.06244843919158521,272.0,0.005635615736010562
-0.054507889165590344,-0.029223502274975388,273.0,0.05490802507042893
-0.05399965834149996,0.029944608100502187,274.0,0.05322403464128253
-0.004347603047778392,0.060683644190001995,275.0,0.003125522857354117
0.04827873763874832,0.03557593381631939,276.0,-0.0488260195735047
0.05591666098227875,-0.02141806492336324,277.0,-0.05530433609559855
0.012504478723886282,-0.05778743598806408,278.0,-0.011312885424914591
-0.04143044837932404,-0.040834883499067526,279.0,0.042105176580268903
-0.05658479035245068,0.012952467335387227,280.0,0.05613870798960066
-0.019932018253641402,0.0538846061822996,281.0,0.018793371109103105
0.03413835799672078,0.0449570739788897,282.0,-0.034919387916483545
0.05606318672231063,-0.004716439870757656,283.0,-0.0557827381167735
0.02652163321320574,-0.049113151790722114,284.0,-0.02545600673944614
-0.026576618339607012,-0.04792486765083287,285.0,0.02744187482412147
-0.054431743147641015,-0.0031358818729160937,286.0,0.05431298631748163
-0.03218810062626026,0.04362069963900381,287.0,0.031212915192694868
0.01891472358237043,0.04974513222170661,288.0,-0.019841704030667644
0.05178827205277393,0.010467142281757012,289.0,-0.05182420608414141
0.03686993553525278,-0.0375609431228064,290.0,-0.03599975763357688
-0.011314334286310793,-0.05044767395594772,291.0,0.012280591201784263
-0.04824547237404095,-0.017158582080504386,292.0,0.048426357944455004
-0.04052925909081864,0.031090163094490315,293.0,0.03977567127839837
0.003926445733533963,0.05008329563685244,294.0,-0.004910040053329734
0.04392777056043726,0.02311137069787611,295.0,-0.04424148748994765
0.04315119422089855,-0.024363898733926852,296.0,-0.04252273332451508
0.0031110619248229895,-0.048721540595049934,297.0,-0.0021311442407590322
-0.03896810702538094,-0.02824745573006965,298.0,0.03940053942791573
-0.04474282868212049,0.017533827376931405,299.0,0.044244989545152644
-0.009675464115945064,0.04644818696840509,300.0,0.008718938569846832
0.03350473658353103,0.032509940348070095,301.0,-0.03404017617735563
0.04533179177662474,-0.010744904590558567,302.0,-0.04496709265625275
0.015660805231384644,-0.0433625577005701,303.0,-0.014745763433474529
-0.027678107131107455,-0.035863008463261604,304.0,0.02829966544816962
-0.04496449617950375,0.004132807505200578,305.0,0.04473260087293677
-0.020979077008857518,0.03957471171813311,306.0,0.020121713297707074
0.021627875494737256,0.03829142550998976,307.0,-0.022317896088173278
0.04370410013711473,0.0021782842592756382,308.0,-0.04360199105015156
0.025560963276401717,-0.03520258033187026,309.0,-0.024775355845927695
-0.015490113152532093,-0.03979964971238711,310.0,0.016230575418078076
-0.0416282477654873,-0.00807754460171995,311.0,0.04165044343656112
-0.029356161165410965,0.03036911029224515,312.0,0.0286541089765756
0.009394747600288477,0.04041059459391196,313.0,-0.010167654486480174
1.0602350714177462,-0.2900038804759286,0.0,-0.5117758185818844
0.37798974145020103,-1.0067878987143457,1.0,-0.3566965294443136
-0.6348162816689664,-0.8446230939806337,2.0,0.6495115503188792
-1.0497176627823983,0.08315973872094595,3.0,1.0445690775667207
-0.5008843533410449,0.916874011649999,4.0,0.48097141524195974
0.49301779578911603,0.8994831964393043,5.0,-0.5092767232883172
1.0184635322704063,0.06367051768586873,6.0,-1.0163409041743594
0.606435130233644,-0.8135488741978353,7.0,-0.5882270754349223
-0.3494499913407777,-0.9328547629376399,8.0,0.3668508424410871
-0.9683159405546292,-0.20065511159038318,9.0,0.9690862216658022
-0.6935054016955648,0.6996949283709314,10.0,0.6772732618130894
0.20713579429526122,0.9453104758730103,11.0,-0.22525816920056008
0.9013950612812796,0.3255814105125271,12.0,-0.9048741156686113
0.7614005492312533,-0.5782408912360149,13.0,-0.7473593859762123
-0.06889659319263049,-0.9378150548472043,14.0,0.0873298998992944
-0.8200387347206572,-0.4366108778372707,15.0,0.8259980585343224
-0.8098563903655188,0.45209949567628416,16.0,0.7981641810425383
-0.06269340576716981,0.9116828056835982,17.0,0.044342171991632595
0.7267422447424464,0.5322946794131334,18.0,-0.7349161973225937
0.8390194849569502,-0.32410918193693683,19.0,-0.8297772338510984
0.18534513827437318,-0.8685305316956909,20.0,-0.16744442614581856
-0.6240984008114833,-0.6115804555057719,21.0,0.6341917699799582
-0.8494202346851211,0.1969806957580822,22.0,0.8426732366823178
-0.29708463163791105,0.8102270349815761,23.0,0.27997227035802097
0.5147391258562305,0.6738106348680497,24.0,-0.5264348540676961
0.8419397425083556,-0.07324939344709125,25.0,-0.8376799061486586
0.39627480202913834,-0.7388404333704953,26.0,-0.38025291364154057
-0.4012796503034632,-0.7187128177638216,27.0,0.4142465551512359
-0.8177714694970517,-0.044766108433850205,28.0,0.815940590517897
-0.4816291306910495,0.6565844916990726,29.0,0.46696006493108233
0.28626629549230015,0.7463828854042361,30.0,-0.3001666278808057
0.7783787718449542,0.15499846726225341,31.0,-0.7788726352847473
0.5522174138979065,-0.5657651163344912,32.0,-0.5391207286705391
-0.1721286994217586,-0.7572616028983259,33.0,0.18662539513704002
-0.7254494215924454,-0.2556590270134812,34.0,0.7281226007738203
-0.6074639313110881,0.46872809163555074,35.0,0.5961144193138701
0.06113719776559179,0.7521055704764671,36.0,-0.07590069282003564
0.6608482116764979,0.34525796658851526,37.0,-0.665519425884526
0.6471385115015117,-0.3678090489645902,38.0,-0.6376652522044784
0.044634073278141985,-0.7319534429130844,39.0,-0.029919576737745812
-0.5865687207881839,-0.4226171970755743,40.0,0.5930266101431247
-0.6713410899852728,0.2652865557695133,41.0,0.6638274865384514
-0.143337935100368,0.6980883797381691,42.0,0.12896884775793982
0.5046852679753597,0.4868761679095329,43.0,-0.5126944437538417
0.6804804527984025,-0.16333909711367778,44.0,-0.6749651957559946
0.23337851770690232,-0.6519977094289564,45.0,-0.21962696368253432
-0.4173060230902467,-0.5374908767966587,46.0,0.4266132544035975
-0.6752479365328181,0.0640065978866694,47.0,0.6717268208215196
-0.31342908152441207,0.5953307901781404,48.0,0.30053877824133046
0.3265281594126753,0.5742264993230695,49.0,-0.33686856247510555
0.6565869134362227,0.03084299616931907,50.0,-0.655015421925448
0.38244332775776646,-0.5298560292920618,51.0,-0.3706262834828497
-0.23439584163006996,-0.5971441597070429,52.0,0.24549894559069863
-0.6256589276482,-0.1195416935436211,53.0,0.6259554841329175
-0.43966034646548574,0.4574179843574863,54.0,0.4290943950717413
0.14286173849826483,0.6065824529449215,55.0,-0.1544573116547382
0.5838073663180193,0.20064373622029286,56.0,-0.5858571527718434
0.48460347222957517,-0.37989541389419595,57.0,-0.47543064656467626
-0.05375263767914255,-0.6031343998097995,58.0,0.06557616953612122
-0.5325195480200103,-0.2729420617026629,59.0,0.5361787756230071
-0.517073425487197,0.2991610753668053,60.0,0.5093991535920661
-0.03126037681006708,0.5876205693627553,61.0,0.019462629090918337
0.4733880916835246,0.33547895176327586,62.0,-0.47848861233353635
0.5371362117933117,-0.21704398642814704,63.0,-0.5310293043994887
0.1106868437091361,-0.5610591387995547,64.0,-0.09915332173436986
-0.408072393617631,-0.3875509898832141,65.0,0.4144265383087728
-0.5451063303939662,0.13529477347900998,66.0,0.540599713873444
-0.1832367189368167,0.5246336779119238,67.0,0.17218660471842895
0.3382609898176966,0.4287085579923128,68.0,-0.3456665222704261
0.5415259067795859,-0.055554632495699585,69.0,-0.5386180432295969
0.2478349411812243,-0.47965944587372994,70.0,-0.23746482099534783
-0.26563551747624803,-0.45875020075201306,71.0,0.2738805955600518
-0.5271404109902746,-0.020671676960396512,72.0,0.525797336553874
-0.30363077692637985,0.42754897244424134,73.0,0.2941119590039834
0.19183691552027946,0.47771227089109775,74.0,-0.20070495911100966
0.5028716543457693,0.0920384901766158,75.0,-0.5030295583113008
0.3500020588774071,-0.36977766527242245,76.0,-0.34147856140891636
-0.11843442119926959,-0.4858543409987346,77.0,0.12770879291513715
-0.4697887722860261,-0.1573773405196391,78.0,0.47135703301777354
-0.3865545289682204,0.30785014126216315,79.0,0.3791417403022551
0.04689783044349568,0.4836409250117439,80.0,-0.05636624496073578
0.42907790075460145,0.2157104045529723,81.0,-0.4319424901065283
0.4131165844007279,-0.24326792458734148,82.0,-0.406900583542745
0.021426603904308575,-0.471720096053106,83.0,-0.011968015826594736
-0.3820112389301663,-0.26625928686134226,84.0,0.3860384044451756
-0.42972980127738003,0.1774990887276448,85.0,0.42476731405418383
-0.08533635765440585,0.45089961623490593,86.0,0.0760793929857026
0.329916163246072,0.3084492373100922,87.0,-0.33495629707416263
0.43663567445168167,-0.11195034673668919,88.0,-0.4329546292148463
0.1437887221594635,-0.42212120879107584,89.0,-0.13490990785720997
-0.27414501787173207,-0.34190898096302974,90.0,0.28003662284742714
-0.43425906363260447,0.047942014797731636,91.0,0.43185970028447884
-0.19591270404023983,0.38643360397676435,92.0,0.18757059609164822
0.2160461566644392,0.3664664196166671,93.0,-0.222619823224309
0.4231888742296046,0.013313809068125071,94.0,-0.42204535179429115
0.24101673957194364,-0.34496497833844925,95.0,-0.23334974482318915
-0.1569367526617497,-0.38214053279202037,96.0,0.164019065086366
-0.40415652688832937,-0.07073159457433975,97.0,0.40421896789861206
-0.27859231057071776,0.29889538321337533,98.0,0.2717170451958212
0.09807782518275751,0.38912986422755896,99.0,-0.10549512183373022
0.3780127823812642,0.1233670860047778,100.0,-0.3792096870650409
0.3083136269183713,-0.24942972383656753,101.0,-0.30232381366427225
-0.040651863294836374,-0.38779802688131887,102.0,0.04823378287502483
-0.34570348896647174,-0.17042827934118154,103.0,0.34794444859788415
-0.33003361124327646,0.19777180654194843,104.0,0.3249995065014169
-0.014256650459794596,0.3786566948701302,105.0,0.006673896286556735
0.30824480821637096,0.21128266363018705,106.0,-0.3114234450244255
0.3437764827668196,-0.14509991968654518,107.0,-0.33974481426951725
0.06567758886623928,-0.362346574606303,108.0,-0.05824826712034076
-0.26669845354636756,-0.24546079686832825,109.0,0.2706955141955944
-0.3497272891947424,0.09254435561688368,110.0,0.34672167586649605
-0.11276825099479926,0.33961685982403,111.0,0.1056345243684606
0.22214744430378233,0.2726563571395611,112.0,-0.22683397508925437
0.3482187772862464,-0.04116721779907628,113.0,-0.3462405946335277
0.15482308036370887,-0.3113036766315939,114.0,-0.14811282081108684
-0.17567283850763482,-0.2927228732308426,115.0,0.18091337292708842
-0.3397160241111999,-0.008055209281016829,116.0,0.33874567160292063
-0.19128002790970955,0.27830801579108955,117.0,0.18510504820814927
0.12833186045775832,0.3056673945902517,118.0,-0.13398755361122172
0.3247992719730727,0.054247318130037914,119.0,-0.32479779322641134
0.22172362574736756,-0.2415736309020186,120.0,-0.21617834065783118
-0.08113778682415898,-0.3116414076077733,121.0,0.08706943599093048
-0.30414542071209616,-0.0966461234226415,122.0,0.30505642298649394
-0.24588490075156674,0.20206535398143766,123.0,0.24104541998821893
0.0350418978883074,0.3109293433251321,124.0,-0.041112794476747816
0.2785086319871781,0.13461022102909614,125.0,-0.28026044851698073
0.26363831375508634,-0.16074824515275601,126.0,-0.2595619600652896
0.009082259252173595,-0.30393505056986114,127.0,-0.0030036945661282566
-0.2487004917219289,-0.16762575258551904,128.0,0.2512085287683162
-0.27499595982677166,0.1185679519229868,129.0,0.2717211972259327
-0.05045211009795667,0.2911666281080563,130.0,0.04448995000941036
0.21557015990246575,0.1953094286826905,131.0,-0.2187393700331569
0.2800993070875011,-0.07643260706112709,132.0,-0.27764605682310134
0.08838667095394175,-0.27322001986351707,133.0,-0.0826553952836695
-0.1799849121779205,-0.2174087204805565,134.0,0.18371233612315338
-0.27920878542476035,0.035196543638788824,135.0,0.2775791006640106
-0.12231448262040928,0.25076177887815443,136.0,0.11691720866554803
0.14281144619266423,0.233799380749002,137.0,-0.1469887675837063
0.27269156206314704,0.004353947386336321,138.0,-0.2718706266915631
0.15177885454748438,-0.22451139896901992,139.0,-0.14680590157890652
-0.10489828830851616,-0.244480500274539,140.0,0.10941434859501928
-0.26100785820117456,-0.04151264632927809,141.0,0.26096527054370955
-0.17644046942353,0.19522359859821398,142.0,0.17196826706577545
0.06705959444811668,0.24956734370514755,143.0,-0.07180281916288361
0.24469616996893528,0.07566310491968264,144.0,-0.24538746873334988
0.19607744894163917,-0.16367092004900746,145.0,-0.19216779161494446
-0.030060593331316967,-0.24928223985338546,146.0,0.03492128551629198
-0.2243577580908757,-0.10628595577605107,147.0,0.22572614539152158
-0.2105830272560235,0.13062697944512924,148.0,0.20728266968631504
-0.005395127484661721,0.2439438250304854,149.0,0.0005226655930669344
0.2006407642909865,0.13296382177347368,150.0,-0.20261897923483582
0.21996101876302288,-0.09685067037365269,151.0,-0.21730160092475068
0.03867634150076919,-0.23395495409400577,152.0,-0.03389189167961243
-0.1742242992185046,-0.15538386522957234,153.0,0.17673659517831244
-0.2243193008317779,0.06307158684464464,154.0,0.22231758466801718
-0.06923280721094775,0.2197896026601528,155.0,0.06462855040573923
0.14580282717322424,0.17333806250897185,156.0,-0.14876700649625735
0.22386155963335866,-0.029976891047634735,157.0,-0.22251995457962054
0.09660174274136075,-0.20197908561404554,158.0,-0.09226082692351506
-0.11607114793031605,-0.18672133092291507,159.0,0.11940060935692914
-0.21887756809140047,-0.0018001911488245426,160.0,0.21818491789702765
-0.120412144677804,0.18109791202355632,161.0,0.11640751981539688
0.08571024633269628,0.19552767109221122,162.0,-0.08931600274384457
0.2097322791643317,0.03169010776847739,163.0,-0.20966487879326645
0.14038698878953426,-0.1577495853128577,164.0,-0.13678051707405672
-0.05537424690768719,-0.1998445188001089,165.0,0.059166874089341265
-0.1968540252702364,-0.059194856223917514,166.0,0.19737683379927323
-0.15634339123973334,0.1325526406808436,167.0,0.1531852346316781
0.02567867447408891,0.1998455254786638,168.0,-0.029570155286321315
0.18072211590924572,0.08389394500494349,169.0,-0.18179012934295635
0.16819084577597676,-0.1061271899204555,170.0,-0.16551912717597206
0.002809816559002568,-0.19578200566931894,171.0,0.0010956159738860494
-0.16185412076982253,-0.10544843176138546,172.0,0.1634138675381079
-0.17592768479903892,0.07908221774162866,173.0,0.17376841380356917
-0.029582120845622506,0.18797330302833334,174.0,0.025742977950838908
0.14079311527175425,0.1236030676754199,175.0,-0.14278423684997085
0.17963593971818576,-0.052003844201854305,176.0,-0.17800318905901868
0.05419368491528375,-0.17679633379274398,177.0,-0.050495051922954115
-0.11809515013410418,-0.13818661479230818,178.0,0.12045202968283153
-0.17947479834164637,0.025444735702222915,179.0,0.17837111282237797
-0.07626978931414836,0.16267456827403964,180.0,0.07277870653906254
0.09431718676648002,0.1491104362544062,181.0,-0.09697058987100104
0.1756728740684792,8.518697904844053e-05,182.0,-0.17508989014285026
0.09550910285071595,-0.1460667072004406,183.0,-0.09228448531775693
-0.07000571672671364,-0.15636548868843173,184.0,0.07288441015991631
-0.16851951330664694,-0.024126630168566088,185.0,0.1684387644294683
-0.11168553728431747,0.12745530097958327,186.0,0.10877744969185997
0.04568625686610932,0.1600178709661539,187.0,-0.04871857373555749
0.15835537391682483,0.0462773201413548,188.0,-0.15874925447033275
0.12464846371023056,-0.1073355466682259,189.0,-0.12209761761396778
-0.021853882814398255,-0.16020310393886775,190.0,0.024969205382308624
-0.14556250875013996,-0.06619686399989111,191.0,0.1463953677066046
-0.1343213816479525,0.0862044801472664,192.0,0.13215885215273523
-0.0010350671334070811,0.15711933138648318,193.0,-0.002095067677886364
0.13055418478242153,0.08361006894228092,194.0,-0.13178351930441443
0.1406991580082618,-0.06455076029729626,195.0,-0.13894631294427556
0.022570017160333213,-0.15101964328419085,196.0,-0.019489593535498284
-0.11376466030155015,-0.09830874218861536,197.0,0.11534237918509722
-0.14384397537691082,0.04284521846954756,198.0,0.14251260602692334
-0.042391839238799016,0.14220372862931827,199.0,0.039420881649130796
0.0956391305027745,0.11015202343822542,200.0,-0.09751285770017853
0.1438801471825031,-0.02153232088978732,201.0,-0.14297278616526513
0.06019716100764579,-0.13100906663635914,202.0,-0.05738971812520054
-0.07662403617160256,-0.11906532855490981,203.0,0.07873842554707577
-0.140987971185411,0.0010226644682785613,204.0,0.14049838012976454
-0.07574128881648742,0.11780186233745944,205.0,0.0731449361940157
0.057157911412211916,0.12503800683918198,206.0,-0.05945594533906619
0.13539680229962361,0.018313401544405722,207.0,-0.13531060950329957
0.0888397671347852,-0.10296792582572906,208.0,-0.08649501657623279
-0.03766292516913367,-0.12811983444933217,209.0,0.04008717149750533
-0.1273775310953069,-0.03615096389694976,210.0,0.12767299746578942
-0.09936862202227274,0.08690368392121166,211.0,0.09730850901318741
0.018537248167734752,0.12841648306530068,212.0,-0.021031052421680574
0.11723465556510908,0.05221450745195658,213.0,-0.11788354579359499
0.10726336034325659,-0.07000749935307395,214.0,-0.10551320756035376
-0.00014835244644134147,-0.1260841156310614,215.0,0.002656944777175846
-0.10529813108548505,-0.06628064190375677,216.0,0.10626666620814074
-0.11251681753869547,0.052671456100907704,217.0,0.11109416899459698
-0.01717267455480561,0.12132326992303719,218.0,0.014701175208485517
0.09191517724584347,0.07817960958729088,219.0,-0.0931650444796598
0.11517596478295716,-0.035273750817865004,220.0,-0.1140906820097029
0.033135744792710496,-0.11437219581413635,221.0,-0.03074944377556739
-0.07744221069041254,-0.0877956146958081,222.0,0.07893160666896132
-0.1153378010621331,0.018171809783912585,223.0,0.1145923099397921
-0.047495281826136306,0.10549981355475635,224.0,0.04523775027827623
0.062237060704695285,0.09506603584744071,225.0,-0.06392174495296846
0.11314446701106601,-0.0016962291254407624,226.0,-0.11273414144844719
0.06005262320759867,-0.09499845835626887,227.0,-0.057962275963396176
-0.0466516094005175,-0.09997960304452859,228.0,0.048485946026347315
-0.10877772520534922,-0.013854386398059748,229.0,0.10869139190071576
-0.07065732883134873,0.08317657128231098,230.0,0.06876694341721008
0.031024981457211425,0.10257363641156934,231.0,-0.03296294855848668
0.10245295606316002,0.028217633399751363,232.0,-0.10267350302713213
0.0792074323408725,-0.07035148822773611,233.0,-0.07754381063557053
-0.015677389922692294,-0.10293045750819098,234.0,0.017673538062462912
-0.09441281967726212,-0.041170538434233406,235.0,0.09491789009949722
-0.08564869203412981,0.05684246793146476,236.0,0.08423246316508204
0.0009047250328472945,0.10117309438988834,237.0,-0.0029150682549866636
0.08492073193785431,0.05253179662114249,238.0,-0.08568348431574065
0.0899729147663866,-0.04296408689922725,239.0,-0.08881847502685912
0.013026047167959803,-0.09746040889577023,240.0,-0.011043221977378656
-0.0742542984440358,-0.06216303244418603,241.0,0.07524421365427032
-0.0922154409235646,0.02902011420352027,242.0,0.09133102395229335
-0.025880629981285513,0.09198177891164445,243.0,0.023964047090694884
0.06269884220352885,0.06996911402740953,244.0,-0.06388255836958838
0.0924518904723167,-0.015297962789609584,245.0,-0.091839758682092
0.03746025867747016,-0.08495146967742258,246.0,-0.03564503999002412
-0.05054115129280571,-0.07589756961834358,247.0,0.05188330784973126
-0.09079427929736052,0.002063796564016618,248.0,0.09045102559931686
-0.04760367376146504,0.07660282672373231,249.0,0.045920834290069656
0.03806356082848837,0.07993717042883913,250.0,-0.039527634081912635
0.0873866214837844,0.010441645412118256,251.0,-0.08730356874697145
0.056188216541322986,-0.06718241892961353,252.0,-0.054664272790466845
-0.02553847014243018,-0.08211575720334273,253.0,0.027087583824598957
-0.08240013692156886,-0.022006464457819744,254.0,0.08256382135215758
-0.06313007583076864,0.056944253725095505,255.0,0.061786768474905024
0.013223381326135443,0.0824973987601284,256.0,-0.014821077120131393
0.076028184684533,0.03245023234482322,257.0,-0.07642090840674944
0.06838373020251838,-0.046144177888415086,258.0,-0.06723786004624213
-0.001356529688611042,-0.0811789791978685,259.0,0.0029674843786251653
-0.06848104119853464,-0.04162582815900616,260.0,0.06908147876849523
-0.07194064398325892,0.03503456700666992,261.0,0.0710040179411571
-0.009846839474657532,0.07828631644891171,262.0,0.008256161700106665
0.05998063843957651,0.04942049078565755,263.0,-0.060764481816599665
0.07382728696996198,-0.023859394795497785,264.0,-0.07310676875886028
0.020197509716682698,-0.0739699184129422,265.0,-0.01865827930259009
-0.050755371504242114,-0.05575611129142642,266.0,0.05169599812128219
-0.07410255752598233,0.012849760436844035,267.0,0.07360021593942684
-0.029534625930010924,0.06840048408834665,268.0,0.02807515175737428
0.04103507711646306,0.06058880352157552,269.0,-0.04210422611925623
0.072854696210645,-0.002219938227275356,270.0,-0.07256804227832109
0.037727314189736905,-0.06176425604966597,271.0,-0.03637263447212845
-0.031046275243378652,-0.06390780367936105,272.0,0.032214717667488936
-0.0701977823820565,-0.007836000537934443,273.0,0.07012008541421834
-0.044675597505517306,0.0542583274499801,274.0,0.04344716102985119
0.02100775527426802,0.06573376034454449,275.0,-0.02224594488278102
0.06626790931115777,0.017146958064861856,276.0,-0.06638858080618067
0.05031062986099944,-0.04608600164225523,277.0,-0.04922606879316772
-0.011126576465305855,-0.06611648520718079,278.0,0.012405269138882416
-0.06121913431978733,-0.025566951983514025,279.0,0.06152416797513865
-0.05459428348058787,0.03745229573215516,280.0,0.05366727702402797
0.0015945398682615144,0.06513224166791413,281.0,-0.0028853707794748717
0.05521929941060634,0.03297662173581302,282.0,-0.055691755020696905
0.05751813538290315,-0.02855967112925375,283.0,-0.056758361772880246
0.00741482395983433,-0.0628806533614206,284.0,-0.006138814668036445
-0.048445814931104385,-0.03928410580267973,285.0,0.0490663337755045
-0.05910190881523765,0.01960406470923555,286.0,0.05851508148109044
-0.01574872023866065,0.05948131761203497,287.0,0.014512620960416556
0.041081494176434336,0.0444253085687293,288.0,-0.04182883358175647
0.059391433012442825,-0.010771283799640707,289.0,-0.05897941526955121
0.023276989954545375,-0.05507020988066366,290.0,-0.022103616357655002
-0.03331052068067821,-0.04836358694151704,291.0,0.03416209576776661
-0.058456190825402786,0.0022338171205458016,292.0,0.058217182192219656
-0.02989343883629643,0.049795964500775926,293.0,0.02880300219004768
0.02531462248682564,0.0510888968900868,294.0,-0.02624704366718654
0.05638652809612358,0.005851897684010128,295.0,-0.05631531427547355
0.0355166015413979,-0.0438161145508785,296.0,-0.03452644932650052
-0.01726951914979941,-0.05261644871217766,297.0,0.01825911468700675
-0.05329060123365322,-0.013347720940395866,298.0,0.053378858966470294
-0.04008995840136078,0.037293369716777346,299.0,0.03921438827014789
0.009341697850831525,0.05298492698885878,300.0,-0.010365011728081068
0.0492911403171811,0.02013555484585896,301.0,-0.049527787713224795
0.04358163219848978,-0.030392005631935393,302.0,-0.04283177879725996
-0.0016855650248100286,-0.05225433677982908,303.0,0.0027198214322961614
-0.044522104301329794,-0.02611857819957826,304.0,0.0448936868731957
-0.045983601421633706,0.023274431638103006,305.0,0.045367394132355236
-0.00555899043730996,0.05050354162963372,306.0,0.0045354634994043685
0.039125302633731006,0.031221976504024543,307.0,-0.03961640510436078
0.04731047415987429,-0.01609799638079043,308.0,-0.04683266249217289
0.012268596819504408,-0.047827561404392184,309.0,-0.01127599105537256
-0.03324705395056819,-0.03539318197522814,310.0,0.03384072795750051
-0.04759787315718825,0.00901208235691512,311.0,0.04726011533407531
-0.018337946835169483,0.04433469890242702,312.0,0.017394649199255485
0.027034947646444225,0.038601647121082085,313.0,-0.027713145717905945
-0.6914379169872628,-0.30176869533901196,0.0,0.36316122533362416
-0.6565723340818556,0.3977856191772755,1.0,0.6464711402411982
-0.024743668534355178,0.7555873877333763,2.0,0.009625053985567456
0.6170971958208323,0.4185210046504373,3.0,-0.6233719648643393
0.6845080477649409,-0.292835179746746,4.0,-0.6764024014188075
0.12750176291655155,-0.7235485543738834,5.0,-0.11267872201058848
-0.5345351889171316,-0.48711379368803653,6.0,0.5424497461669547
-0.6968953546902641,0.1880408822037405,7.0,0.6908338972229785
-0.2216825547869004,0.6786599522844955,8.0,0.20743934637032946
0.4459098167341307,0.5418051060098578,9.0,-0.45520770171509045
0.6943877899361754,-0.08552494499238061,10.0,-0.6903747552670316
0.30587009390442205,-0.6225828402786036,11.0,-0.2924626302162686
-0.35337664923873136,-0.5822921860683572,12.0,0.3637882023853517
-0.6779037622741315,-0.012760339225628692,13.0,0.6759014768372653
-0.37893413180369107,0.5571092854379613,14.0,0.3665864244983358
0.2590452027035514,0.6085787957821546,15.0,-0.27029381836450206
0.6485924504840743,0.10506241368540947,16.0,-0.6485245399371761
0.4400364708660693,-0.48411809828617286,17.0,-0.4289379327982748
-0.1649387182223451,-0.6209572878384503,18.0,0.17674687478796136
-0.6077969923023182,-0.18985246938917177,19.0,0.6095521885893825
-0.4886310039057273,0.4055315699054826,20.0,0.47893461172102747
0.0729580372110843,0.619985853592012,21.0,-0.08505299470213168
0.5570158723316863,0.265843508041238,22.0,-0.5604523087097801
0.5244578109011284,-0.3232738441781513,23.0,-0.5162791156683166
0.015149929993431191,-0.6064616893039015,24.0,-0.003030861386776329
-0.4978633990927,-0.33200243512191946,25.0,0.5028132773534718
-0.5475317790178853,0.23923167655733157,26.0,0.5409487356423162
-0.09781876863144023,0.5813908641635586,27.0,0.085923471228887
0.4320301280797416,0.38755628480855675,28.0,-0.43830464136817765
0.5581262963081454,-0.15521823847704064,29.0,-0.5531798675109031
0.1736839060944569,-0.5459556949930624,30.0,-0.16224127560335255
-0.36124403888440904,-0.4319927918753477,31.0,0.3686384351103342
-0.5567526376116112,0.07294052618434466,32.0,0.5534481150851008
-0.2415986102964942,0.5014804363679185,33.0,0.23081500621496664
0.287233212054095,0.46505562814725493,34.0,-0.29553188672785863
0.5441357127753438,0.006029173070455918,35.0,-0.5424446868793344
0.300644625921681,-0.44939608205283754,36.0,-0.29070098699523483
-0.21169067742789627,-0.48673471110108235,37.0,0.2206721906293846
-0.5211868822683,-0.08027741344592443,38.0,0.5210497824395853
-0.35013754449356094,0.3912050453755822,39.0,0.3411871891641652
0.13624202240905578,0.4972520686939899,40.0,-0.14568394227293474
0.4889745638495577,0.14856908703515415,41.0,-0.4903036848217665
0.3896271057276873,-0.32844644392120814,42.0,-0.3817942224170312
-0.062416258232231,-0.49704380668627035,43.0,0.07209974254353851
-0.44869335673224353,-0.20986215795672614,44.0,0.45137628072710906
-0.41889271921765947,0.2626626593954576,45.0,0.41227153697705465
-0.008379652981952708,0.48673877218063044,46.0,-0.0013343849911459649
0.40163239753172825,0.2633176116908159,47.0,-0.40553571976224
0.4379345758809131,-0.19536777850412357,48.0,-0.4325891926547895
0.07488230550278582,-0.46713453971779145,49.0,-0.06533705774418058
-0.3491436363137137,-0.30830469595307164,50.0,0.3541169003650049
-0.44696078677245316,0.1280184471577242,51.0,0.4429256204701513
-0.13598918512236602,0.439171364246386,52.0,0.12679702970697454
0.29261068259850814,0.34440162071628616,53.0,-0.29849043342735554
0.44637104218606544,-0.061987590228727296,54.0,-0.4436518591192723
0.19077172254948085,-0.403904749112535,55.0,-0.18209904747687883
-0.23341882174126152,-0.37139196758163556,56.0,0.2400326870133626
-0.4367373260276695,-0.001458635526493668,57.0,0.4353127921742321
-0.23848404893293457,0.36247726763818194,58.0,0.23047698730390753
0.17292674333908828,0.389257131393919,59.0,-0.1800974584491155
0.4187822491803924,0.06118037493337891,60.0,-0.4186059422772742
0.2785675257326137,-0.3160902548494493,61.0,-0.27135016324062317
-0.11244045695336108,-0.39816517888760755,62.0,0.11998975514413812
-0.39335558117756464,-0.1161799015967463,63.0,0.3943583958842632
-0.31065120289235704,0.2659759526522515,64.0,0.3043243381036509
0.053189798271194626,0.39845655961287374,65.0,-0.06094209459239247
0.36140956240597727,0.16561363277221075,66.0,-0.3635024367322287
0.3345484331135557,-0.2133706485607001,67.0,-0.3291888835577228
0.0036921473305217933,-0.3906271430628029,68.0,0.004093658856754723
-0.32397356995735505,-0.20880030956499207,69.0,0.327050458794437
-0.35024993493980827,0.15948929642472076,70.0,0.3459103713386816
-0.057186455230346746,0.37530908270299423,71.0,0.04952743873886528
0.282128690015818,0.24522539940093624,72.0,-0.2860697109073815
0.3579136525410577,-0.10550204901629834,73.0,-0.3546229337890673
0.10640243629513665,-0.3532500226433009,74.0,-0.09901859528640894
-0.23698271937218388,-0.27454185122947283,75.0,0.24165739651339432
-0.3578518049751754,0.052513068418102715,76.0,0.3556157778988518
-0.15058828390481652,0.32529116636485655,77.0,0.14361376631799733
0.1896460794951945,0.29656740049992997,78.0,-0.19491661426470158
0.3505155519917479,-0.0015419125207249973,79.0,-0.3493182725551187
0.18913827634349442,-0.29234471980953386,80.0,-0.182691093110752
-0.141209079877158,-0.3112786796479733,81.0,0.1469335798395019
-0.33647772704751566,-0.04649227382987259,82.0,0.3362830536237886
-0.2215965886741549,0.25537120403052876,83.0,0.21577715335472855
0.09272091449765811,0.3188024399061533,84.0,-0.09875651762395493
0.3164141012670189,0.09078360484378267,85.0,-0.31716760590481546
0.24765783401923136,-0.2153571064161515,86.0,-0.24254794537449248
-0.04517071764722356,-0.31940423119311445,87.0,0.051376554314432055
-0.2910836449540239,-0.13064924823692814,88.0,0.2927147852482645
-0.2671645137029892,0.17329330530045775,89.0,0.2628267761113491
-0.0005290555292302409,0.31347491834043045,90.0,-0.005710886445814689
0.2613082464741488,0.16553614662850089,91.0,-0.2637327386937077
0.28010160812870033,-0.13015466172347223,92.0,-0.27657927612819155
0.043556721142980655,-0.3015154338924437,93.0,-0.03741156823719255
-0.22795233258725422,-0.1950247081463516,94.0,0.23107466607388438
-0.28658858491232064,0.08688112543531079,95.0,0.28390581033490997
-0.08319279190133129,0.28412018027182195,96.0,0.0772618883928905
0.19190281045140872,0.2188295676804758,97.0,-0.19561884392561707
0.2868691372188249,-0.04436065122837202,98.0,-0.2850315904441487
0.11882865860818764,-0.26195949753246245,99.0,-0.1132201505830717
-0.15404972050615845,-0.23679757389415426,100.0,0.1582493027053966
-0.2812989931861726,0.003414167620938713,101.0,0.28029482409317197
-0.1499725110493254,0.2357616076881132,102.0,0.14478168976096717
0.11526795231937392,0.24890320449242803,103.0,-0.1198375122544032
0.2703321567005023,0.03521721592003646,104.0,-0.27013325599026955
0.17625253860889664,-0.20629443331525818,105.0,-0.17156065104702592
-0.07640033335941004,-0.2552416527589825,106.0,0.08122538927561915
-0.2545059507093282,-0.07088263339903769,107.0,0.2550694684541605
-0.19741750393895965,0.17434766752620595,108.0,0.19329091829922387
0.03824235468101792,0.2560198615825693,109.0,-0.043209895432401724
0.23442523699731535,0.10302944426513069,110.0,-0.23569531255202156
0.2133348309961737,-0.14071544533545338,111.0,-0.20982455335370742
-0.0015287488483400366,-0.25154580685217487,112.0,0.0065294466824761255
-0.21074618132266112,-0.13120875283733263,113.0,0.21265583710619804
-0.22398639108331642,0.106179933827526,114.0,0.2211279226492302
-0.03307791479212071,0.2422163501249282,115.0,0.028147695225169134
0.18415992057567704,0.15507849633559861,116.0,-0.1866330716644396
0.2294622066569985,-0.07149612136330377,117.0,-0.22727572468584442
0.06499650301995942,-0.2285039909382407,118.0,-0.06023292842706751
-0.15537646984342715,-0.17440418030618007,119.0,0.15833000176013357
-0.22995232221375325,0.037378045356323275,120.0,0.22844316203542722
-0.09373439538531679,0.21094285227861947,121.0,0.08922464292686907
0.12510918270832058,0.1890573834894073,122.0,-0.12845505117796058
0.22573711432582252,-0.00448665494313355,123.0,-0.22489652516175387
0.1188923485647038,-0.1901142288924861,124.0,-0.1147133563515361
-0.09406004860996658,-0.19901219243548832,125.0,0.09770735729736427
-0.21717632879844379,-0.026580539811284082,126.0,0.21698247204646554
-0.14016717833032682,0.1666320178163582,127.0,0.1363846769289842
0.06290607754649608,0.20433975894336007,128.0,-0.06676309280122972
0.2046971420381426,0.055297925697903316,129.0,-0.20511629760239936
0.15735233167916934,-0.1411283342999549,130.0,-0.15402015995710644
-0.03228698570225051,-0.20520120033194006,131.0,0.03626305100339275
-0.18878154626601476,-0.0812182893632904,132.0,0.189769490282546
-0.17033646035341118,0.11423959486984978,133.0,0.1674961630194323
0.0027943566920471,0.20183908344448212,134.0,-0.006801673698747651
0.16995335451232668,0.10397734710411666,135.0,-0.17145687046760547
0.17910014115389958,-0.08659332337288592,136.0,-0.1767808397767219
0.025037587072084724,-0.19456774806132263,137.0,-0.021082339322851806
-0.14876511182770402,-0.12329632423957362,138.0,0.15072359656972914
-0.18371091767142353,0.05879590623534728,139.0,0.18192944187110585
-0.05073950896547851,0.1837627341119157,140.0,0.04691374021453004
0.12578518437284908,0.13898264518646786,141.0,-0.12813231082583226
0.18431686203035363,-0.03142149069447667,142.0,-0.1830781230235807
0.07391272488746352,-0.16984957990665428,143.0,-0.0702867035324424
-0.1015852786106132,-0.15092883022600387,144.0,0.10425067807330421
-0.18113887377398705,0.00500218522865345,145.0,0.18043645856364454
-0.09423319723503136,0.15329225583932146,146.0,0.090869037089302
0.07672861938854324,0.15910972583403435,147.0,-0.07963954806150489
0.17446194606034404,0.019980314343615718,148.0,-0.1742789073341814
0.11145377812149262,-0.13458149002450492,149.0,-0.1084046500256626
-0.05175898897580914,-0.16357822195024285,150.0,0.05484194574447196
-0.16462563693613427,-0.043101585811511633,151.0,0.1649354512127763
-0.12540475817352412,0.11422322959756898,152.0,0.12271432940213933
0.027190799840977938,0.1644596314027104,153.0,-0.03037306524684369
0.15201398577720424,0.06399977713592839,154.0,-0.15278165051455378
0.13599280842060651,-0.09272746445081234,155.0,-0.13369490802033318
-0.0035003428706572707,-0.1619449237087632,156.0,0.006711412562548369
-0.13704511228637706,-0.0823793220103515,157.0,0.13822835154700722
-0.14319843037569793,0.07059761960259134,158.0,0.14131693408228896
-0.018881679429258273,0.1562830175797901,159.0,0.0157087897716926
0.12016072807119345,0.0980130909220752,160.0,-0.12171127590227308
0.14707205304375146,-0.04832069882393139,161.0,-0.14562097733137538
0.03957625772113752,-0.14777234370245798,162.0,-0.0365038550471089
-0.10181577920650636,-0.11074302507449195,163.0,0.1036807101062645
-0.14772893503409992,0.026358336231418478,164.0,0.14671272620675127
-0.05826077376992603,0.13675189188807324,165.0,0.05534549284594084
0.08246842280406039,0.12047932862905911,166.0,-0.08459149947364714
0.14534304504308457,-0.005138884964061702,167.0,-0.1447570461287164
0.07467227790607965,-0.12359195470187413,168.0,-0.07196425979689232
-0.06257052199500263,-0.12719831965211315,169.0,0.06489353196032284
-0.14014010466108218,-0.014949356550043591,170.0,0.13997118025872451
-0.08860936208177803,0.10868477350481923,171.0,0.0861516125423907
0.042558822448767596,0.13093906158524288,172.0,-0.04502287701340091
0.13238998378207498,0.03356370922098992,173.0,-0.13261728095556108
0.09993267221241865,-0.09243528283163716,174.0,-0.09776060256371386
-0.02284695019119234,-0.13179891476480654,175.0,0.025393721497258548
-0.12239864097977306,-0.05041142605733413,176.0,0.12299446279997156
-0.10856412862515691,0.07525213561985121,177.0,0.10670527782212988
0.0038183456418248445,0.12992816135589733,178.0,-0.006391220284392429
0.11049979926640621,0.06525273824939518,179.0,-0.11143056667597302
0.11448494570307671,-0.05753917546398611,180.0,-0.1129588786966268
0.014179776942807452,-0.12552386697917334,181.0,-0.011634646351006556
-0.09704654194309227,-0.07790264638967315,182.0,0.09827381923738915
-0.11773256093097756,0.03968750329952017,183.0,0.11655093512531474
-0.03084138148188932,0.11882314832449069,184.0,0.028374142241096162
0.08240300411930576,0.08823149347794816,185.0,-0.08388456348232487
0.11839659931145609,-0.022068265247962918,186.0,-0.1175633879748787
0.04590543621649886,-0.11009601826746658,187.0,-0.043561731117492744
-0.06693632330838531,-0.09616437900061832,188.0,0.06862722448011477
-0.11661401140287259,0.005026266307239513,189.0,0.11612587034827916
-0.05915860173833047,0.09963797861012177,190.0,0.05697890309902441
0.051008997720809614,0.10167949349151144,191.0,-0.052862659954548905
0.11256353198653113,0.011125508321269129,192.0,-0.11241029372123133
0.07043679251052944,-0.0877625257915571,193.0,-0.06845588015350644
-0.0349717839302154,-0.10480547031183819,194.0,0.0369410288882354
-0.10645961162642514,-0.026110405700044692,195.0,0.10662488949743333
-0.07962564572500776,0.07479372705616424,196.0,0.07787223112891879
0.019157246949105377,0.10561786574193856,197.0,-0.021195293019179648
0.09854597523814203,0.03969161590977918,198.0,-0.099007858880465
0.08665995159240276,-0.06105901396284252,199.0,-0.08515644734887473
-0.0038740558997640046,-0.10423488973601715,200.0,0.0059354465387944505
-0.08908896039434062,-0.051674668024113204,201.0,0.08982078302098476
-0.09152211713293674,0.04688232714383789,202.0,0.09028454793729511
-0.010597902124832314,0.10081251780585856,203.0,0.008556451060337672
0.07837078367981806,0.061908919637634896,204.0,-0.0793419414243813
0.09423975099615821,-0.03257773128032611,205.0,-0.09327779973849137
0.02401153828320002,-0.09553911948841434,206.0,-0.022030384732423317
-0.06668287623542699,-0.07028806826393667,207.0,0.06785967985305855
-0.09488246961693755,0.01844360277058657,208.0,0.09419964976873992
-0.036155677268552906,0.08862974079610633,209.0,0.034271602573218846
0.05431942000360331,0.07674973116489475,210.0,-0.055665959722768846
0.09355803501011752,-0.0047574749509821795,211.0,-0.09315197844631774
0.04685726076087267,-0.08032017708373379,212.0,-0.0451029298898948
-0.041571204447731935,-0.08127415640668538,213.0,0.043050209618031576
-0.09040794167585035,-0.008228392584909011,214.0,0.09027078935533765
-0.0559826473347939,0.0708609690835215,215.0,0.054386184261438555
0.028719910024716532,0.08388214195078049,216.0,-0.030293586380752274
0.08560257445066755,0.020290672625760467,217.0,-0.0857214560198685
0.06343803500406009,-0.060511448691891664,218.0,-0.06202271516576839
-0.01603290982161406,-0.08463225122199651,219.0,0.01766373863789486
-0.07933606077030356,-0.031237827491250175,220.0,0.07969364815723082
-0.06916904890250455,0.04953395270737994,221.0,0.06795310818111043
0.0037586649053337495,0.08361742275339712,222.0,-0.005410150007039427
0.07182093983527588,0.040912153256406625,223.0,-0.07239605926582122
0.07315955110594598,-0.038188312420320836,224.0,-0.07215610842627868
0.007877227540114181,-0.0809610781473936,225.0,-0.006239877064565524
-0.06328276776074558,-0.049191016817030433,226.0,0.06405105434841997
-0.07542974209990995,0.02672671506114041,227.0,0.07464683060457933
-0.01867529093105432,0.07681283672562912,228.0,0.017084552457303503
0.053954772159348664,0.05598730764209192,229.0,-0.05488935127534542
0.07603363375695618,-0.015389019959768727,230.0,-0.07547433360104405
0.028464705103123558,-0.07134394692765088,231.0,-0.026950216674730132
-0.04407266199361603,-0.06124914075821882,232.0,0.04514484200012093
-0.07505598181873012,0.004398598196112546,233.0,0.07471864596496802
-0.037105111639999105,0.06474254387008688,234.0,0.03569323453830202
0.033869689213239455,0.06495886061197695,235.0,-0.03504965080982955
0.07260877174607709,0.006041250130697923,236.0,-0.07248733475252354
0.04448769453547829,-0.05720883964221608,237.0,-0.04320116796596007
-0.023572047951049228,-0.06713140678316548,238.0,0.02482951631129486
-0.06882735541798259,-0.015750261786542166,239.0,0.06891171410522494
-0.0505355564116676,0.04895034807476797,240.0,0.04939324596657305
0.013394685191159328,0.06781211195015192,241.0,-0.014699572220738602
0.06386633758431765,0.024573535042021616,242.0,-0.06414279165383473
0.05520342366532179,-0.040177239093312674,243.0,-0.05422016321599207
-0.0035375841498716453,-0.06707400995533642,244.0,0.004860589545495134
-0.05789531030712222,-0.03238320313216678,245.0,0.05834705045865297
-0.05847672561928475,0.031097909593402473,246.0,0.057663250413041676
-0.005817431570546335,0.06501473724924282,247.0,0.004504270287307849
0.05109453099601153,0.03907946042309707,248.0,-0.05170216185004465
0.0603701028624049,-0.021914848307751054,249.0,-0.059733069874104636
0.014509338385405995,-0.061753114411354657,250.0,-0.013232155075114278
-0.04365063522286201,-0.044590958110700026,251.0,0.04439272038618554
-0.06092540835683366,0.01282086164527848,252.0,0.06046749839907652
-0.022399976334240027,0.05742549590377181,253.0,0.02118265121828382
0.03575246948336211,0.0488745981192543,254.0,-0.03660608638292314
0.06020927150522551,-0.003995716239817322,255.0,-0.05992936625939129
0.02937552751086525,-0.05218197579387332,256.0,-0.02823933273563308
-0.027587121673762153,-0.05191476443785566,257.0,0.02852841430563899
-0.058310300171191515,-0.00439675777492269,258.0,0.058203726176148295
-0.035347413326539213,0.04618253500168434,259.0,0.03431073221272965
0.019336218501147653,0.053722040288679954,260.0,-0.020340936973445127
0.05533599864240111,0.012211070680940746,261.0,-0.055394829378962326
0.04025262620209512,-0.03959321183471441,262.0,-0.03933074759527606
-0.011172549585673725,-0.05433146716042293,263.0,0.012216566252821956
-0.05140948076116356,-0.01932196409012831,264.0,0.051622887305244544
-0.04405352187944407,0.03258237233817546,265.0,0.04325850941327789
0.0032570678888673575,0.05380040779418758,266.0,-0.004316860940989722
0.046666056999517556,0.025625780274411425,267.0,-0.04702069728437043
0.04673710798746961,-0.025317150501410826,268.0,-0.046077742554737795
0.004263694442054689,-0.05220607964875078,269.0,-0.0032105978719191783
-0.04124977223195284,-0.031041312437123034,270.0,0.0417302087538202
-0.048313872667345915,0.01796012082812038,271.0,0.04779566500549264
-0.011259766449171746,0.04964282819957788,272.0,0.010234394316516564
0.03530996749185074,0.03551014886021345,273.0,-0.03589910330708962
0.048816203865642976,-0.010666257412168673,274.0,-0.048441472918273595
0.017619417270848262,-0.04621921067785422,275.0,-0.016641009097839304
-0.028997934242124667,-0.03899653340251585,276.0,0.029677457324280634
-0.048296455281338066,0.0035802246803941923,277.0,0.04806446691101187
-0.02325036630881461,0.04205496060010496,278.0,0.02233608603961667
0.02246372381802833,0.04148677335185955,279.0,-0.02321455024963552
0.046824718878871276,0.003165964411139463,280.0,-0.04673187859562442
0.028080527340242155,-0.03727790176612674,281.0,-0.027245235132179815
-0.01585316789532135,-0.04298823303394067,282.0,0.016655874948493417
-0.04448636635825907,-0.009454896498655475,283.0,0.044526458998475994
-0.03205829858192671,0.03202087743089624,284.0,0.03131438274147417
0.009305158292519157,0.04352795776988428,285.0,-0.010140399180591612
0.04137942303884178,0.015185295555220774,286.0,-0.04154389178564444
0.03515241924891665,-0.02641875622179088,287.0,-0.03450968822666477
-0.0029492263282567773,-0.04315097769536676,288.0,0.00379811925912861
-0.03761183732622569,-0.02027314288207148,289.0,0.03789009410579573
-0.03735142077034078,0.020605571225559387,290.0,0.036817053915399016
-0.003096546479801289,0.04191834458138004,291.0,0.002252061364328359
0.033298707376885825,0.024652380896417157,292.0,-0.03367846649043972
0.03866270742893581,-0.014711842675007893,293.0,-0.03824126208222986
0.008727263178005384,-0.03990495713304419,294.0,-0.007904104365506065
-0.028559523857268145,-0.028275210639716677,295.0,0.02902715070991135
-0.03911130670294966,0.008862127994960431,296.0,0.038804778203420744
-0.013852576966757749,0.03719723131347793,297.0,0.01306624395325199
0.023515483937036317,0.031112000615674193,298.0,-0.02405635089269215
0.038738333961085586,-0.0031728357943297883,299.0,-0.038546264263798424
0.018397681343046025,-0.03389067209891418,300.0,-0.017662022039477213
-0.018286926996219786,-0.03315083144646216,301.0,0.018885768705416608
-0.03759921937036066,-0.0022496671076851354,302.0,0.037518849236287836
-0.022303926522248014,0.030087401790999894,303.0,0.02163095179557784
0.012990937110915573,0.034396706816049116,304.0,-0.01363219811535931
0.03576174692575723,0.007310634186734853,305.0,-0.03578820605037552
0.02552907136624308,-0.02589369768551777,306.0,-0.024928817743173314
-0.007739151365897468,-0.03487046618263227,307.0,0.008407319361095657
-0.03330395642515704,-0.011928189459384612,308.0,0.033430485429838445
-0.028047186920506294,0.021417588631595357,309.0,0.027527627440573424
0.0026358065823173446,0.03460743874112604,310.0,-0.0033157253946232423
0.03031195904072783,0.016034243158826074,311.0,-0.030530156956326288
0.029848233810812964,-0.01676655593334622,312.0,-0.02941523603847201
0.0022239496979555933,-0.03365588107964454,313.0,-0.001546792604346578
-1.2860821894538779,0.6306090105380036,0.0,0.6040908395557854
-0.22559062822790066,1.368246585281005,1.0,0.19761157224221115
1.0192485831018852,0.9082363633953655,2.0,-1.0339302840980447
1.3116541080141082,-0.3693989541056819,3.0,-1.299937550882097
0.4043194823953039,-1.2854852168761584,4.0,-0.3773925354867813
-0.8530857572711676,-1.0133021950279686,5.0,0.8704113060248175
-1.309060349934219,0.1758626836682653,6.0,1.3012038158955523
-0.5644169093912186,1.181399235486576,7.0,0.539028443032119
0.6792494021363983,1.0916408804034077,8.0,-0.698712465100213
1.2799939085062513,0.009979615470583347,9.0,-1.275932393881069
0.7037118499331123,-1.059347395567512,10.0,-0.6802886218351817
-0.5017218813676632,-1.1432156314168447,11.0,0.5228021386985182
-1.2265875874693835,-0.18479633574215115,12.0,1.2261826908109679
-0.820582759353671,0.9228582434326632,13.0,0.7994867056844351
0.3243287149326311,1.1685361285140328,14.0,-0.34650325727949016
1.1513450113788677,0.34567412604920245,15.0,-1.1543920226420483
0.9139585854139425,-0.7755484656023742,16.0,-0.8954832346344099
-0.15066990935450478,-1.1686163309351751,17.0,0.17342402361575804
-1.0570681118468008,-0.49015278627931536,18.0,1.0633040373028146
-0.9833084932317261,0.6210441995739113,19.0,0.967676980055554
-0.01594012651236563,1.1449244878525011,20.0,-0.00689703375699513
0.9467827696722781,0.6162489135136101,21.0,-0.9558950748651651
1.0286212016170668,-0.46290673488151246,22.0,-1.0159858282981027
0.17252335817494246,-1.099326821262348,23.0,-0.15007245137893754
-0.8236642325475088,-0.7224684740632903,24.0,0.8353000836627528
-1.0503749560580509,0.3045638598706224,25.0,1.0408182198216214
-0.3164791039917823,1.0340263945396186,26.0,0.29484856463526055
0.6909638382675546,0.8078086905529452,27.0,-0.7047396249340904
1.0494992943267591,-0.14924792167856915,28.0,-1.0430362746654935
0.4456149526414005,-0.9514986903149005,29.0,-0.425196929188571
-0.5519384577240085,-0.8717498279143034,30.0,0.5674493871885689
-1.027329860278906,-5.853178643655532e-05,31.0,1.0239118383683414
-0.5581675766762132,0.8544253995275327,32.0,0.5393067204363222
0.4097839342864228,0.9142376335888491,33.0,-0.42661349767278145
0.9855575896879801,0.14066886387276434,34.0,-0.9850767545571132
0.6528136072609927,-0.7456278724300808,35.0,-0.6358028288726719
-0.2675736405530949,-0.9356573333279039,36.0,0.28530276613402294
-0.9261736293219879,-0.2702297576001056,37.0,0.9284687117766673
-0.7286709277166193,0.6280016047065179,38.0,0.7137484530574334
0.12820310409456148,0.9368002032284924,39.0,-0.14641882964136377
0.8514113579778909,0.3867496665064285,40.0,-0.8562740236657657
0.7852909175262357,-0.5044530308485667,41.0,-0.7726386272589286
0.005658525036665538,-0.9188238301909504,42.0,0.012644990801915501
-0.7636868574215416,-0.4886182509404169,43.0,0.770868684808329
-0.8226423315495379,0.377839775925527,44.0,0.8123853433125444
-0.1316095764072028,0.8832072365805688,45.0,0.11359564056702354
0.6655391342084407,0.5746169294697412,46.0,-0.6747590014815258
0.8410876294382463,-0.2509153795079372,47.0,-0.8332950588178875
0.2475491276906966,-0.8317020808560258,48.0,-0.23017427631148502
-0.5595713226644506,-0.6439208482261535,49.0,0.5705230295181091
-0.8413526763321695,0.12627935551590086,50.0,0.8360394924936099
-0.3517022191204122,0.7662811551651311,51.0,0.33528260537983967
0.44839400770463805,0.6960927279147294,52.0,-0.46075396331577423
0.8244908170911233,-0.006333292935985502,53.0,-0.8216206915759835
0.4426369701241702,-0.6890853847807223,54.0,-0.4274509082035377
-0.3345716967437358,-0.731069186634562,55.0,0.34800651371982017
-0.7918423823825331,-0.10675646155976604,56.0,0.7913314152999592
-0.5192737216030912,0.6023704945489572,57.0,0.5055582298901684
0.22057334596637349,0.7491402548544623,58.0,-0.23474719130373245
0.7449907162197905,0.21108916343012818,59.0,-0.7467119129509733
0.5808864823082741,-0.5084544464422802,60.0,-0.5688348677885646
-0.10872771104838239,-0.7509228956244975,61.0,0.1233092787407436
-0.6857158218403765,-0.30505286023433276,62.0,0.6895041855032397
-0.6270970980733162,0.4096666723304271,63.0,0.6168575703956852
0.0011841494544789506,0.7373294176811235,64.0,-0.015853134978095484
0.6159467073731563,0.38734035765512764,65.0,-0.6216048076156394
0.6578626862771455,-0.3083000299281835,66.0,-0.6495379697226827
0.10012064595827092,-0.7095317212743913,67.0,-0.08566767195034741
-0.5377134762093948,-0.45695805754808305,68.0,0.5450173533363256
-0.6734569832980135,0.20656630045867097,69.0,0.6671048764320122
-0.19348965086989894,0.6689223465717395,70.0,0.17953405412399925
0.45310015133301174,0.5132279033687323,71.0,-0.46180541615690296
0.6744463387947972,-0.10655592686831139,72.0,-0.6700811552252858
0.27748606645027624,-0.6170733030409051,73.0,-0.2642827115640156
-0.36419915032878636,-0.5557827948066754,74.0,0.37404714429079444
-0.661661156789678,0.010202564489096289,75.0,0.6592559664242522
-0.35094738668979836,0.5556936463677622,76.0,0.33872099697169533
0.2730682408298472,0.5845559452082627,77.0,-0.28379212759311934
0.6361636295423655,0.08074711513620658,78.0,-0.6356532081393947
0.4129930679318557,-0.4865867386493322,79.0,-0.4019354102589853
-0.18169070739711604,-0.5997647509805383,80.0,0.1930213760135624
-0.5992126363369586,-0.1647580590552905,81.0,0.6004970221169916
-0.46302601720276293,0.4116080795516716,82.0,0.45329392109024813
0.09193935293946853,0.6018898206397995,83.0,-0.10361102350395002
0.5522266861742016,0.24052572917943438,84.0,-0.5551752358043979
0.5007282290345292,-0.3326245328128624,85.0,-0.49244243162324175
-0.00554484350904011,-0.5916498718925919,86.0,0.01730027861981176
-0.49674577195652625,-0.3069892099010296,87.0,0.5012016043355133
-0.526051000284186,0.25147569608695075,88.0,0.519295792639185
-0.07593121266166523,0.5699732479208469,89.0,0.06433597367421495
0.4343929753669914,0.3633385975771508,90.0,-0.44017769024837283
0.5392002377141593,-0.16993807497212188,91.0,-0.5340238729627178
0.15111818006172464,-0.5379668290564741,92.0,-0.13990963262703104
-0.3668366178424488,-0.4090168545896891,93.0,0.3737551773257358
-0.5406174429240878,0.08969262654989929,94.0,0.5370332535681229
-0.2188531505669772,0.4968831238020219,95.0,0.20823673549671323
0.29575369561412906,0.44371641263242734,96.0,-0.30359935973636926
0.5309570130949081,-0.012296136312063832,97.0,-0.5289451734723757
0.27819249761981024,-0.44808631452817965,98.0,-0.26834964896727403
-0.2227952676972977,-0.46737090008799553,99.0,0.23135448059483865
-0.5110605337542027,-0.060843212626742194,100.0,0.5105703942354811
-0.32841829778697845,0.39301800928796704,101.0,0.3195041508780802
0.14955438703987448,0.4801424456954635,102.0,-0.15861151718518235
0.4819287615687737,0.12848582529587343,103.0,-0.4828816737196027
0.3690397879940519,-0.3331634134021144,104.0,-0.3611815557961376
-0.07753707894569216,-0.4824050743434087,105.0,0.08687892554946924
-0.4446920015021218,-0.18957608800136166,106.0,0.44698454816262
-0.39979011789883323,0.2700185843749722,107.0,0.3930861298289373
0.008136779555198813,0.47472476026274285,108.0,-0.017556767098133308
0.40057957431250085,0.24325312321226783,109.0,-0.4040871153182718
0.4206187374440148,-0.2050593730236025,110.0,-0.41513812158702923
0.057387447242978396,-0.45783673795623014,111.0,-0.04808545349233584
-0.3508890483375131,-0.28885695757778024,112.0,0.3554694913892917
-0.43167982859869275,0.13971258429886002,113.0,0.4274628063309499
-0.11792869148296364,0.4326206920131257,114.0,0.10892700449555509
0.2969558750575295,0.3259302447483428,115.0,-0.30245358193435934
0.43331724693303203,-0.07532981506697595,116.0,-0.430375998293263
0.17254584875480106,-0.400074453923583,117.0,-0.1640100567669056
-0.24012402247705036,-0.3542157668294965,118.0,0.2463737632665558
-0.4260464825366124,0.01316434504569558,119.0,0.4243665315081595
-0.22047310466713052,0.36128682779445487,120.0,0.21254967741219793
0.1817181454753671,0.3736500111179129,121.0,-0.18854901760441578
0.41053418074000936,0.045648626913629975,122.0,-0.41007624199263387
0.26112530192096106,-0.31741014836622156,123.0,-0.2539397250959363
-0.12301776962106206,-0.3843531813135976,124.0,0.130257004030932
-0.3875757812541942,-0.10010819406031768,125.0,0.3882780039129675
-0.29409932061676164,0.2696331450378242,126.0,0.2877547657630755
0.0652338962461861,0.38661605400086746,127.0,-0.07271047987305879
0.3580718400788028,0.14936027767060045,128.0,-0.35985237976502715
0.3191716758934356,-0.21915464597152212,129.0,-0.3137482015650231
-0.00948836358409983,-0.3808841314287813,130.0,0.01703641516925758
-0.3230035924549977,-0.19270644674295068,131.0,0.3257634401719947
-0.33629260204385575,0.16715860816193445,132.0,0.3318468715668116
-0.04320377677557146,0.3677395703437606,133.0,0.035741931835708285
0.2834082980629271,0.22960905850363866,134.0,-0.2870342934363057
0.34557694803626937,-0.11479090409158649,135.0,-0.34214243952060003
0.09194868528479447,-0.3478813839196875,136.0,-0.08471978606559988
-0.24035488257533325,-0.25969282943365174,137.0,0.2447228394246083
-0.3472922552980631,0.06313823479060399,138.0,0.3448799309600252
-0.13598485454883738,0.32210442000544753,139.0,0.1291223570466657
0.19492035371221408,0.2827430127358664,140.0,-0.19989822784888867
0.3418444243288297,-0.0132094743364769,141.0,-0.34044381876379853
0.1746908904754206,-0.29127761449478845,142.0,-0.1683130269174518
-0.14816742634449512,-0.2987004169349807,143.0,0.15361845870915242
-0.3297614020714876,-0.03408031638640341,144.0,0.3293420829479089
-0.20758999065404643,0.25632200431463026,145.0,0.20179825145082902
0.10112374129880031,0.3076535508799119,146.0,-0.10690951394380394
0.3116753370705204,0.07792303698381131,147.0,-0.3121886868470968
0.23435122122218835,-0.21818896120364056,148.0,-0.22922926581821074
-0.05476300770247858,-0.3098282222489464,149.0,0.06074635555003205
-0.2883036545757615,-0.11762775384204088,150.0,0.2896849183118015
-0.2547877526910861,0.17783907610672028,151.0,0.2504007464881708
0.009988340378451026,0.3055749494013713,152.0,-0.016036067930165765
0.26042949938460025,0.1526279291068372,153.0,-0.2626000414981011
0.2688522677074511,-0.13622208574557537,154.0,-0.2652466337382142
0.0323819966550948,-0.29535456993367365,155.0,-0.026396637553762203
-0.22888198099710563,-0.1824856987122729,156.0,0.2317516929040575
-0.2766297988417588,0.09425818892825288,157.0,0.2738333650862638
-0.07162629075126076,0.279722443649671,158.0,0.06582139856501357
0.1945166343714199,0.20689328430284676,159.0,-0.19798643525437795
0.27832829173221535,-0.0528210516562852,160.0,-0.2763508080420016
0.10712843614663434,-0.2593116530820275,161.0,-0.10161156147510203
-0.1581964811139727,-0.22567167724263246,162.0,0.16216085553562923
-0.2742672179766038,0.01272274832325282,163.0,0.2731012105705811
-0.1383843142837281,0.23481560160984966,164.0,0.1332508867537524
0.12077404131625118,0.23876678033678309,165.0,-0.12512355991887977
0.2648645829373486,0.02529916747712385,166.0,-0.2644865094300884
0.16500552497113766,-0.20697039817466983,167.0,-0.16033761825488546
-0.08307460652100453,-0.24624323378657015,168.0,0.08769837953569767
-0.2506226861687094,-0.060592323597656594,169.0,0.25099435013919014
-0.18672054677218908,0.17653739928352744,170.0,0.18258598715778812
0.04588104057060039,0.24827618580651029,171.0,-0.05066905814734471
0.23211299671282282,0.09259783673243746,172.0,-0.2331831779298453
0.20337345273215557,-0.14428625420009056,173.0,-0.1998252693737046
-0.009920328481604733,-0.24514129496591056,174.0,0.014765646831046975
-0.20996050241758007,-0.12085623464598211,175.0,0.21166675700659415
-0.21492034992953413,0.1109787688483306,176.0,0.2119965580555537
-0.024147954881781897,0.23720327056399593,177.0,0.01934721701388073
0.18482788221124025,0.14501101169142577,178.0,-0.1870984662550361
0.22142374781819793,-0.07735386892793558,179.0,-0.21914744991826607
0.055741133611200755,-0.2249032692442348,180.0,-0.0510800176957954
-0.15739983354903686,-0.1648098831322077,181.0,0.16015570381202632
-0.22304509051519422,0.04411390404853999,182.0,0.22142487493132462
-0.08436080299813048,0.20874547078264866,183.0,0.07992597608429963
0.12836786474434742,0.18010384676784175,184.0,-0.1315247113356932
0.2200357118362949,-0.011912493335335533,185.0,-0.21906632333102005
0.10959805854005784,-0.18928315387359998,186.0,-0.10546653830473054
-0.09841583440602227,-0.1908441986409317,187.0,0.10188610218486105
-0.21272648888829077,-0.018655930065429593,188.0,0.21238974171289912
-0.13113660017356712,0.16710458422308608,189.0,0.1273747504667952
0.0682064885733918,0.19707768266582404,190.0,-0.07190134683887003
0.20151648043390702,0.04706476187315192,191.0,-0.20178238120572226
0.14875377233750064,-0.14281901288768536,192.0,-0.14541657390303678
-0.03836921125589605,-0.1989399814973281,193.0,0.04220043467199716
-0.1868608402250463,-0.0728619867303458,194.0,0.18768888555712668
-0.16231963892113432,0.11704306320552277,195.0,0.15945023409586478
0.009489166844358805,0.19664777762110902,196.0,-0.01337089451730597
0.1692582933461349,0.09567502759182875,197.0,-0.17059890566208255
0.17179422635056793,-0.09038776055325298,198.0,-0.16942373104797903
0.017902025840271712,-0.19048962939223565,199.0,-0.01405168181226421
-0.14923845572262134,-0.1152136970873914,200.0,0.1510345200078654
-0.17722309756291366,0.06344643128255625,201.0,0.17537066880109897
-0.04333398738474772,0.18081591659676008,202.0,0.03959150784162979
0.12734926382438322,0.13127130136530557,203.0,-0.12953772817952264
0.17873144408647224,-0.036783666331295095,204.0,-0.17740458680379775
0.06640357807705748,-0.1680281142107567,205.0,-0.06283879620869598
-0.10414476380212909,-0.14372398155763966,206.0,0.10665826753306656
-0.17651690268128867,0.01092551196627281,207.0,0.1757119956643794
-0.08677918124580895,0.15256765163105138,208.0,0.083454249449183
0.08017348747016458,0.1525284088940653,209.0,-0.08294198199833541
0.17084131691141358,0.01364898430400191,210.0,-0.1705443343805555
0.10420328251836541,-0.13490460809867258,211.0,-0.1011718556347116
-0.05596761737002556,-0.15771797621668873,212.0,0.05891994741317921
-0.16202167264477965,-0.03651477962592298,213.0,0.16220907542556445
-0.11849339177853628,0.11552648376752177,214.0,0.11580003071769006
0.032033115324009084,0.15939765091575464,215.0,-0.035098530505131564
0.15042043994165963,0.05730633535636298,216.0,-0.15106020822273225
0.12954138558672088,-0.0949272703881076,217.0,-0.12722118063381907
-0.008840959135240687,-0.15773767192083124,218.0,0.011950529328207393
-0.13643555232808052,-0.07572158614968072,219.0,0.1374883307557702
-0.1373113754215218,0.0735970264384847,220.0,0.13538978409586636
-0.013180398870783197,0.1529662862547792,221.0,0.010092487641117781
0.12049024837324566,0.09152438698012189,222.0,-0.1219105736508961
0.14183623094804587,-0.05201213934735549,223.0,-0.14032912121569463
0.03365126923906316,-0.14536172880631207,224.0,-0.030646557739574948
-0.10302299019226435,-0.10454547696998391,225.0,0.10476057141400923
-0.14321290734801773,0.030626432843709056,226.0,0.14212679334984632
-0.05224560779888833,0.13524365250902137,227.0,0.04938036082050637
0.08447765943238009,0.11468202679598645,228.0,-0.08647868204048857
0.14159674139071252,-0.009863251075727386,229.0,-0.14092919568226078
0.06869452270766059,-0.12296421522553956,230.0,-0.06601889199914446
-0.0652942139777833,-0.1218958613644304,231.0,0.06750263944665602
-0.13719489230731804,-0.009891376390241263,232.0,0.1369351159456169
-0.08278841489356317,0.10889902460420597,233.0,0.0803457751686739
0.04589996856728072,0.12621047104872526,234.0,-0.04825880363144061
0.1302591106713354,0.02829441262534954,235.0,-0.13038864036232328
0.09437778794934627,-0.09343813334369198,236.0,-0.09220424939297159
-0.02670164032616272,-0.12770694282394926,237.0,0.029154151712481036
-0.1210780214857494,-0.0450502863434523,238.0,0.12157155142889307
-0.10337278849072921,0.0769772650682718,239.0,0.10149688540190445
0.008078276445449792,0.1265189569511149,240.0,-0.010569129575637645
0.10996910671429846,0.05991413906025034,241.0,-0.11079540174949026
0.10974156025955883,-0.059909435832746424,242.0,-0.1081841119050294
0.009624843526485034,-0.12282700538692713,243.0,-0.007148540592210803
-0.09727056781952972,-0.07269385175313982,244.0,0.09839344398834757
-0.11350751452821785,0.042617118619702396,245.0,0.1122816510070853
-0.02610126352146903,0.11685199482895199,246.0,0.023689026613033307
0.08333324079559491,0.08325088087999283,247.0,-0.0847125894482683
0.11474563542963961,-0.025465078566477076,248.0,-0.1138569784154168
0.04108732276625712,-0.10884840033333787,249.0,-0.038784481158474285
-0.06851272507115551,-0.09149995609127479,250.0,0.07010555715403446
-0.11357795155682637,0.008793985578873717,251.0,0.11302493722024946
-0.054365025923987925,0.0990971349197817,252.0,0.05221204423357377
0.05316187391035417,0.09740771207317335,253.0,-0.054923362020978736
0.11016831448341151,0.007085111032592226,254.0,-0.10994264374864195
0.06576381734578485,-0.08789829672210467,255.0,-0.06379575585508758
-0.03762377799042195,-0.10099034441906825,256.0,0.039508275137242824
-0.10471663076172671,-0.021895383719300957,257.0,0.10480383032363126
-0.07516128716737039,0.075563948323875,258.0,0.07340740349111863
0.022225356135833686,0.10231039404028622,259.0,-0.024187371836668983
0.0974526965352717,0.03539786390616022,260.0,-0.09783277277732594
0.08248285709450096,-0.06241107325943289,261.0,-0.08096634905776501
-0.007271648203030169,-0.10147277626468988,262.0,0.00926676455963088
-0.08862978329946758,-0.0473940974110134,263.0,0.08927795040293361
-0.08770051168611996,0.04875484261362174,264.0,0.0864383984210991
-0.006959114702891677,0.09862017936992015,265.0,0.004973402094479648
0.0785181197557803,0.05772782124066678,266.0,-0.07940558287052521
0.09083065652424085,-0.034902310606030745,267.0,-0.08983379215276484
0.02021960768559127,-0.0939279628570211,268.0,-0.01828313671205055
-0.06739840837666593,-0.06628568465152428,269.0,0.06849318272056593
-0.09193119767745198,0.021146642397126825,270.0,0.09120440958164946
-0.03229664232554994,0.08759868835645297,271.0,0.03044592941653365
0.05555550652030575,0.07299705546771063,272.0,-0.056823253654487635
0.09109794720433102,-0.00776196051690374,273.0,-0.0906402888174795
0.043013514562720005,-0.07985641579151731,274.0,-0.041281205444976474
-0.043272391026297735,-0.07783296886579093,275.0,0.04467725429744364
-0.08846046705019514,-0.0050011212957475765,276.0,0.08826557335635743
-0.05223147382847876,0.0709408944735701,277.0,0.05064590498795006
0.03082451253204715,0.08080428994501065,278.0,-0.03232993474151888
0.08417746856966737,0.01691922604182841,279.0,-0.08423400110168272
0.05985033472203191,-0.061101773390241886,280.0,-0.05843520804521565
-0.01847463163640247,-0.08195917323845625,281.0,0.020044139338886366
-0.07843188711809686,-0.02779917037009985,282.0,0.07872405419101401
-0.06580826872537066,0.05059294732028263,283.0,0.06458243934721458
0.006468213872317343,0.08137991177609377,284.0,-0.008066154296125505
0.07142575080756833,0.03748013520813137,285.0,-0.07193388802608919
0.07008082794367826,-0.03966714585359701,286.0,-0.0690582030244689
0.00497055539665242,-0.07917927533389339,287.0,-0.0033783370331372242
-0.06337495977389491,-0.04583505175949715,288.0,0.06407615549685007
-0.07267926544974039,0.02857086122009432,289.0,0.07186880947760123
-0.01564209120842743,0.07549644208940887,290.0,0.014087644291333398
0.05450408734553928,0.052771220371889034,291.0,-0.055372837768667034
0.07364822735592409,-0.017539698354576902,292.0,-0.07305406766550536
0.025374035555076085,-0.07049263010355783,293.0,-0.023886774862712373
-0.045041307573104414,-0.05823019436400432,294.0,0.04605018638252894
-0.07306290014017308,0.006794217178911557,295.0,0.07268452466490871
-0.03402317723383091,0.06434653495710337,296.0,0.032629438124220436
0.03521354492483148,0.06218697397917337,297.0,-0.03633387305323251
0.07102570296737937,0.003463677002843654,298.0,-0.07085824083139655
0.041476667105606255,-0.05724967762003076,299.0,-0.04019934923822726
-0.02524193185590225,-0.06464856703436557,300.0,0.026444433713039284
-0.0676626187752848,-0.013053753503796672,301.0,0.06769719319484545
-0.047652545077259995,0.04940176239619485,302.0,0.0465108467589255
0.015337648706586026,0.06565198241889383,303.0,-0.016593082326802205
0.06311925978015642,0.0218198595631355,304.0,-0.06334340188595501
0.05249960817187342,-0.04100613876738497,305.0,-0.05150885144994382
-0.005698208272396577,-0.06526173027942031,306.0,0.006977958080532434
-0.05755676288837423,-0.029631693999168998,307.0,0.05795487450489245
-0.05599666074234982,0.03226545338331072,308.0,0.05516820552009076
-0.003495765284729338,0.0635669084608737,309.0,0.002219142966074783
0.051147608398747144,0.03638595180228719,310.0,-0.05170146151740208
0.05815119805865566,-0.023377569553973063,311.0,-0.05749244179455562
0.012083226461840837,-0.060677958554313446,312.0,-0.010835513507520614
-0.04407145150218257,-0.04200685302246571,313.0,0.044760712152565676
0.09953514122607994,-1.2832431598245708,0.0,0.027187830592330098
-1.0137134426699241,-0.7566795349464228,1.0,1.0253975703410645
-1.1821724423910727,0.4446148423080887,2.0,1.1693900261577799
-0.27120795969223294,1.2174055807079915,3.0,0.24607882944784998
0.868588774193941,0.8667348461989416,4.0,-0.8829460209913625
1.195171843657137,-0.26594875750633684,5.0,-1.1859016348168057
0.42736749103758226,-1.1341204234975661,6.0,-0.40337600914154503
-0.714250108407548,-0.9527533402779054,7.0,0.7308328056195162
-1.1831067565600435,0.0922784969249768,8.0,1.1773327580281439
-0.5657411787496353,1.0326196208011225,9.0,0.543309033627038
0.5543729739143832,1.0143853641924239,10.0,-0.5727142617083542
1.1476822035890104,0.07315475951656825,11.0,-1.14531824378607
0.6845505390435551,-0.9160282974135631,12.0,-0.6640431480313042
-0.39253149483720545,-1.051797600354143,13.0,0.412155934881292
-1.090979000388472,-0.2274661081077134,14.0,1.09187457244625
-0.7825185591947718,0.7875964967618593,15.0,0.7642409136396505
0.23213160544763506,1.0656396075494117,16.0,-0.2525653499711844
1.0153895515402271,0.3681648467452686,17.0,-1.0193366209131587
0.8588664660838145,-0.650625806671567,18.0,-0.843060447349267
-0.07635157472632896,-1.0570024896506853,19.0,0.0971319110309532
-0.923551048197436,-0.4931821744375686,20.0,0.9302916338301936
-0.913300549705502,0.5083992098034507,21.0,0.90014368501668
-0.0719093752292762,1.027370991109746,22.0,0.05122526255201043
0.8182775775045571,0.6008886970701055,23.0,-0.8275119073216319
0.9459898887803874,-0.36411539767541357,24.0,-0.9355954883594342
0.21007378329736867,-0.9785703763110706,25.0,-0.18990096509321985
-0.7024925879377271,-0.6901019770364852,26.0,0.7138876293414737
-0.9575359613063555,0.220828624255342,27.0,0.9499545535716277
-0.3359196319589581,0.9127094769205591,28.0,0.316638608498242
0.5791630633615694,0.7600845529904954,29.0,-0.5923612334075329
0.9489352306967078,-0.0813949997857677,30.0,-0.9441571907404414
0.44760483937252266,-0.832121288692986,31.0,-0.42955581495028206
-0.45123664506566097,-0.8105330249700599,32.0,0.4658645127021216
-0.9215358774996767,-0.05157405793067671,33.0,0.9194951258971048
-0.5436825979913177,0.7393024685927443,34.0,0.5271609084917495
0.32158280891876867,0.8415589471931478,35.0,-0.33725961276721395
0.8769898976264972,0.17575068489317336,36.0,-0.877568532017484
0.6231077808215902,-0.6368530267776579,37.0,-0.6083605000952369
-0.19293905783103235,-0.853662394212469,38.0,0.20928487701524168
-0.8172018111501188,-0.2891214022243077,39.0,0.8202355220756297
-0.6852348052110377,0.5274174286469091,40.0,0.6724585306363468
0.06786293179550423,0.8476991647123777,41.0,-0.08450636384235932
0.7442752222224535,0.3900097580355383,42.0,-0.7495593373972437
0.7298074950886445,-0.4136282227053678,43.0,-0.7191472886870837
0.05130952725822467,-0.8248426604736749,44.0,-0.03472430889069178
-0.6604584421182533,-0.4770907962621057,45.0,0.6677544396140433
-0.75694161381197,0.2980531936517983,46.0,0.7484910531545791
-0.1624983869535575,0.7865415259072508,47.0,0.14630530312922108
0.5680903358859759,0.5493975341596147,48.0,-0.5771326664511867
0.7671008497003466,-0.18314691020132945,49.0,-0.7609031229438598
0.26390721157189245,-0.7344741565721691,50.0,-0.24841276186682582
-0.4695474809572271,-0.6063197821021465,51.0,0.48005054271884895
-0.7610671239472124,0.07120739713508073,52.0,0.7571170859219658
-0.35404308848813165,0.6705011842208888,53.0,0.3395217144782381
0.3671936360029872,0.6475957756342987,54.0,-0.37885875082579623
0.7399061554296076,0.035661485628923906,55.0,-0.738153246996501
0.4317293152902056,-0.5966170225719377,56.0,-0.4184196858585748
-0.2633324132030901,-0.6732972085471046,57.0,0.27585466272152415
-0.7049292589761588,-0.13558152415806268,58.0,0.7052811800042361
-0.4961109169597984,0.5149015139731394,59.0,0.4842131574758976
0.16016392993042078,0.6838083556695679,60.0,-0.1732387203956015
0.6576523733885341,0.22692520911076486,61.0,-0.6599793907655973
0.5466532984503885,-0.42747265449229965,62.0,-0.5363271652113122
-0.05974608972681974,-0.6798000541663712,63.0,0.07307532794453009
-0.599753313833027,-0.3083342362006769,64.0,0.6038930799113135
-0.5831344598297927,0.33644129611202833,65.0,0.5744984418402188
-0.03603898954888271,0.6621993719281728,66.0,0.022741212147112666
0.5330282214097766,0.3787314541722253,67.0,-0.53879097516245
0.6056313072031233,-0.24386863216022403,68.0,-0.5987626195604725
0.1255130173627197,-0.6321558311045395,69.0,-0.11251531947516658
-0.4593481423831694,-0.43732639887658825,70.0,0.4665221652043569
-0.6145006816602684,0.15172716855653523,71.0,0.6094360987556366
-0.20722379367947893,0.5910050743402807,72.0,0.19477304783705462
0.3806166126161673,0.48361467441201095,73.0,-0.38897381297406775
0.610355799680293,-0.061865771644971645,74.0,-0.6070932623623573
0.27996157739091493,-0.5402308615971324,75.0,-0.2682791554513092
-0.29872905131985705,-0.5173715522340124,76.0,0.30803055717745886
-0.5940388513649854,-0.02402073392980486,77.0,0.5925397703084869
-0.34276957037956163,0.4814262676918038,78.0,0.33204832629856795
0.21553468460385028,0.5386402551361393,79.0,-0.2255363294185464
0.5665905375505307,0.1044170639571057,80.0,-0.5667827054399361
0.394948646671662,-0.41625491626250205,81.0,-0.3853506549838323
-0.13280162590393987,-0.5477154739119143,82.0,0.14325922282619197
-0.5292173436188817,-0.1780078369621202,83.0,0.5309983614632532
-0.43605656563716694,0.34641303646821775,84.0,0.42771161762972715
0.05218563964077288,0.5451227295627925,85.0,-0.06285994898014347
0.4832573473999652,0.24369268506820085,86.0,-0.48649846535497726
0.46590200646305663,-0.273593066201161,87.0,-0.4589068505048019
0.024796991098851733,-0.5315942427220448,88.0,-0.014135684305548457
-0.43014534193312753,-0.3005961119142639,89.0,0.43469561237569204
-0.4845338468126259,0.19944945199013436,90.0,0.47895214495086325
-0.09679218003947393,0.5080420044673387,91.0,0.08635994875044573
0.3713780223223116,0.34807220304412134,92.0,-0.3770686625287656
0.492226180678902,-0.12556721323250142,93.0,-0.48808914067473574
0.16262613158152295,-0.4755287591865005,94.0,-0.15262180669743802
-0.30847994098375514,-0.38570439273627577,95.0,0.31512880447581687
-0.48945962826990475,0.05343374911533971,96.0,0.4867672588837374
-0.2213187142007592,0.43523761124212756,97.0,0.21192084483079715
0.24297087894242564,0.4133005799068745,98.0,-0.25038693823629526
0.47689953398139073,0.015585727222065249,99.0,-0.4756224616834894
0.2720921162924299,-0.38844095371913534,100.0,-0.2634565195342259
-0.1763352143169707,-0.4308839632681267,101.0,0.18432296323838
-0.45537167709144616,-0.0802688388968914,102.0,0.45545345455328556
-0.3143748831459985,0.3364693906628963,103.0,0.3066327988785844
0.1099937946712278,0.4386800314275115,104.0,-0.11835748538814805
0.42583613402180565,0.13955258790628255,105.0,-0.42719596479989796
0.34780152192844,-0.28068128524802505,106.0,-0.3410583749155288
-0.045278739479983565,-0.4371001964432673,107.0,0.05382637770430132
-0.3893599314008222,-0.19254569292823015,108.0,0.39189573116074516
-0.3722079408089845,0.22243351675730993,109.0,0.36654269992051514
-0.016588485459037704,0.426722599167655,110.0,0.00804145427129116
0.3470891165296701,0.23853671624277567,111.0,-0.35068082895247515
0.3876230575852974,-0.1630539707209444,112.0,-0.3830881703957528
0.07451546628656198,-0.40827064146124886,113.0,-0.06614283671390164
-0.30022084721171743,-0.2769980597103544,114.0,0.3047339323115994
-0.3942569715462081,0.10381622078191183,115.0,0.39087884213329244
-0.12755354324725884,0.3825898142688432,116.0,0.11951544187119578
0.24997606745590076,0.30758598910423124,117.0,-0.2552650813245752
0.39248613927367426,-0.045916789572222616,118.0,-0.3902661078665202
0.1749087329900092,-0.35062339206935395,119.0,-0.16734915769577946
-0.1975732906582442,-0.3301369175931233,120.0,0.20348547850471327
-0.3828360303562302,-0.00954469912005429,121.0,0.38175180568236505
-0.21594886898672588,0.3133875540445989,122.0,0.20899369958884695
0.14420395896594382,0.34466024181023236,123.0,-0.15058278760352206
0.3659617625214104,0.06158224160263015,124.0,-0.3659692513592329
0.2502070350873176,-0.27194647133906263,125.0,-0.24396252829457843
-0.09100978817677428,-0.3513280769713219,126.0,0.09769834963905294
-0.3426272277001999,-0.10933689095003474,127.0,0.3436627012959188
-0.277381438249869,0.2273878690619116,128.0,0.27193320937215215
0.0390624433056758,0.35046228039487826,129.0,-0.045906667873813756
0.31368322143989796,0.1520868270972589,130.0,-0.31566575510983824
0.29733193040074435,-0.18079953240549645,131.0,-0.2927444141622246
0.010654177549598373,-0.3425191852510844,132.0,-0.003802553155595745
-0.28004507851093996,-0.18925405160401226,133.0,0.2828791989056066
-0.3100734453026804,0.13324717971918226,134.0,0.3063898188257544
-0.057258842627748094,0.3280724883723733,135.0,0.05053959800509433
0.2426702983127354,0.2204077674954691,136.0,-0.24624877240574383
0.3157666635681636,-0.08575407295126791,137.0,-0.3130092061828225
0.09998493021567649,-0.3077947476516825,138.0,-0.09352701248607043
-0.20253661572822146,-0.24526456848547776,139.0,0.2067433165569349
-0.31470625709364647,0.03928267896690596,140.0,0.31287711421120756
-0.13818934586794468,0.28243794630828545,141.0,0.1321088779773663
0.16062093748221376,0.2636856195419064,142.0,-0.16533372388733994
0.3073070929634956,0.0052813647190183555,143.0,-0.30638940495131284
0.17135840802439237,-0.25281357364609597,144.0,-0.1657570738520915
-0.11787952199380931,-0.2756710613458067,145.0,0.12297307297025079
-0.29408879624055073,-0.047142787887057835,146.0,0.2940481480819033
-0.19911075887053414,0.2197726555805872,147.0,0.19407457604414605
0.07522973341061559,0.2813519141144282,148.0,-0.08057828207183815
0.27565908117697613,0.08560759927537548,149.0,-0.2764452247510014
0.22119741447598198,-0.18418614399999755,150.0,-0.21679589727035084
-0.03353364923887034,-0.2809797910752563,151.0,0.039013566637633446
-0.2526962615776944,-0.12009130297992263,152.0,0.2542450596567582
-0.23749911978669674,0.1469260429060712,153.0,0.23378482642079923
-0.006416252986846238,0.27491475835399865,154.0,0.0009240679926209028
0.22593134382385685,0.15012440944695588,155.0,-0.22816688333765142
0.24802121921833772,-0.10884761228433487,156.0,-0.24502967036784132
0.04390915996280959,-0.26361169612687346,157.0,-0.038517122104126666
-0.19613009105331958,-0.17535528652538337,158.0,0.19896691278415035
-0.2528862918530569,0.07077294888119354,159.0,0.2506362404178309
-0.07832562341655175,0.2476055257059285,160.0,0.07313756410198033
0.16407542495737015,0.19555044749770809,161.0,-0.1674208175390826
0.2523248312047663,-0.0334761976378134,162.0,-0.2508188573905981
0.10914483779031402,-0.22749566905071758,163.0,-0.10425439323256791
-0.13055050344550326,-0.21059241948961985,164.0,0.13430681126291477
-0.24666427298376659,-0.0023294004111190647,165.0,0.24588967365095438
-0.13594948790488742,0.2039301014703894,166.0,0.13143878846591128
0.0963227789861027,0.22047537651843327,167.0,-0.10038967623019174
0.23631669021956364,0.03600246730031176,168.0,-0.23624662727232273
0.1584282095252232,-0.1775893455438786,169.0,-0.15436687939171578
-0.06212930473511109,-0.22529875617363312,170.0,0.0664059913353654
-0.221765483606115,-0.06698234753022156,171.0,0.22236035298308232
-0.17637575179853507,0.149170735213926,172.0,0.1728202212658611
0.028663514631765946,0.22525910717721565,173.0,-0.03305079395038352
0.20355139627556545,0.09479580979504756,174.0,-0.20476037685082119
0.18969097209363506,-0.11937325435808929,175.0,-0.18668409823653295
0.0034363395086038874,-0.22064043665399602,176.0,0.0009658634125976617
-0.18225817677490586,-0.11906158039489398,177.0,0.1840209171913909
-0.19837283025377425,0.08888322473654411,178.0,0.1959438157393989
-0.03359695523380748,0.21180334080050586,179.0,0.029270230006420705
0.15849820231970166,0.1394927424045403,180.0,-0.16074660341605998
0.20251458023710173,-0.058361084931636276,181.0,-0.20067917457033616
0.06131785695108887,-0.19917321086193937,182.0,-0.05715021108332358
-0.1328983570330842,-0.15589707609285477,183.0,0.1355584080439641
-0.20229638225145527,0.028429465635296247,184.0,0.2010573449126156
-0.08617733351754352,0.18322780813464237,185.0,0.0822442647303856
0.10608643752992444,0.16817545356144478,186.0,-0.10908006558545472
0.19797657762143325,0.00033727168371203153,187.0,-0.19732437842348924
0.10783642813704035,-0.16448449743963608,188.0,-0.10420426666579274
-0.07867833161986203,-0.17631843356647098,189.0,0.08192522615490846
-0.1898818817163719,-0.027421905190039148,190.0,0.18979561032500472
-0.1260410128418161,0.143487418602612,191.0,0.12276610628225715
0.05126618586635136,0.1804012305909761,192.0,-0.0546855622928695
0.17839675740314012,0.05237154441103439,193.0,-0.17884521134024436
0.1406220169128418,-0.12079486045698765,194.0,-0.13775016556515016
-0.02440774506406603,-0.18057725516317047,195.0,0.027920015376855928
-0.16395223286949206,-0.07480309477790936,196.0,0.1648951514784211
-0.1514939120996553,0.09696708236488813,197.0,0.14906005170588849
-0.0013829877983669646,0.17707044000281896,198.0,-0.0021453339603898225
0.14701442359898031,0.09440698442442899,199.0,-0.14840383437529928
0.15865158696337966,-0.0725548048808218,200.0,-0.15667971088498822
0.025643658031307474,-0.1701665787741266,201.0,-0.02217197876661331
-0.12807300916689193,-0.1109491786455083,202.0,0.12985465252808892
-0.16216576772289884,0.0480885646675791,203.0,0.1606690761979918
-0.0479699548731161,0.16020391109946328,204.0,0.04462222667995008
0.10762990184773642,0.12427154076431267,205.0,-0.10974470079810679
0.1621771633802497,-0.024069099834453378,206.0,-0.16115842359864177
0.06802045416654502,-0.1475631892108842,207.0,-0.06485754495246313
-0.08618832632244834,-0.13429062836660302,208.0,0.08857386850883525
-0.15888952849418442,0.0009589012343563796,209.0,0.15834162589157894
-0.08551990002888075,0.132657458451551,210.0,0.08259537417324797
0.06424250864211808,0.14099504050134798,211.0,-0.06683450993470993
0.15256184772280662,0.020824966350509178,212.0,-0.15246850614582882
0.10026094967891538,-0.11592177613517801,213.0,-0.09762040396270696
-0.04226814867432125,-0.14444145418543586,214.0,0.04500186958412769
-0.14349985223059603,-0.040916701083733575,215.0,0.14383649849132324
-0.11210443543322103,0.09780308145223737,216.0,0.10978503568587289
0.020713824177392155,0.1447495071517397,217.0,-0.023525413049867855
0.13204707940875365,0.05900621844840123,218.0,-0.13278182623722995
0.12097822489652904,-0.07875041365273415,219.0,-0.11900844109558398
6.552926839887007e-06,-0.14209569810450495,220.0,0.0028211870023042707
-0.11857568433204319,-0.07484221303677915,221.0,0.11967040483984656
-0.12687478416258263,0.0592056571664918,222.0,0.12527431781769674
-0.019520135932360863,0.13670648575498573,223.0,0.01673469622128637
0.1034772042869161,0.0882338465828146,224.0,-0.10488867076069455
0.12984756911593512,-0.0395949712006656,225.0,-0.12862746321399005
0.03750033487111838,-0.12885077364900666,226.0,-0.034811382411175165
-0.08715346693530925,-0.09905110790779756,227.0,0.08883452705347301
-0.13000638647469445,0.020321038259159263,228.0,0.12916930512005095
-0.05367076493273837,0.11883196939920772,229.0,0.051127368787537084
0.07000781865959135,0.10722391480015595,230.0,-0.07190858302935643
0.1275118789191675,-0.001756241543321574,231.0,-0.12705254109932276
0.06780794387123928,-0.10697980460589701,232.0,-0.06545335521361807
-0.05243683284114389,-0.11274004935935142,233.0,0.05450584904599737
-0.12256929747736209,-0.015763144101433174,234.0,0.1224750471559511
-0.07974275639214311,0.09364209577031588,235.0,0.07761386766695855
0.03482263876082904,0.11564203672910438,236.0,-0.03700802882620327
0.11542172933182342,0.031941688572553334,237.0,-0.11567322233567957
0.08936072754264067,-0.07917661720340294,238.0,-0.0874876924496077
-0.017525990994296043,-0.11602309223226208,239.0,0.019776531266546826
-0.10634295049477087,-0.04652843636929159,240.0,0.10691493742332615
-0.09660116890289565,0.06394324469703914,241.0,0.09500718156391641
0.000880177134089129,0.11402227358681616,242.0,-0.003146301964433232
0.0956300705601449,0.05931942053846999,243.0,-0.09649225420259033
0.10145528058618816,-0.04829651397214772,244.0,-0.1001565091160201
0.014814161076781544,-0.10981898309009354,245.0,-0.012579447817475733
-0.08359613123245545,-0.07015907456419175,246.0,0.08471407671573408
-0.10396330845850126,0.0325787210958519,247.0,0.10296897529957011
-0.02929324106474539,0.10362696944099493,248.0,0.027133559814083927
0.07056281185571145,0.07894057766506801,249.0,-0.07189888794097203
0.10421086941389703,-0.017113673629602644,250.0,-0.10352346825453014
0.042333357737342876,-0.09568798032986582,251.0,-0.04028826267210496
-0.056853384066562616,-0.08560518858970893,252.0,0.05836771463692755
-0.10232456789103832,0.002201181702205582,253.0,0.10194020480080068
-0.0537530992773048,0.08626521522809706,254.0,0.051857510658992814
0.04278604435238455,0.09014064036532488,255.0,-0.044437450147246094
0.09846703405727913,0.01188764204120514,256.0,-0.09837587866778251
0.06341457373615665,-0.07563672317026787,257.0,-0.06169833755890995
-0.02866773810954591,-0.09257868333276256,258.0,0.03041465011916822
-0.09283151825342482,-0.024914225129785,259.0,0.09301834940014488
-0.07122367908743538,0.06408888300825526,260.0,0.06971125557195812
0.014788572185812865,0.09299187603763355,261.0,-0.016589899781419074
0.08563617747896253,0.03667549237310393,262.0,-0.08608100670550768
0.07712946695164312,-0.05191009393373344,263.0,-0.0758397467141126
-0.0014168952740841012,-0.0914897330464132,264.0,0.003232834051404773
-0.0771181880536868,-0.04700592881339054,265.0,0.07779694376353209
-0.08112266571409993,0.03938479234607946,266.0,0.08006890991737639
-0.01120489267983829,0.08821434548269198,267.0,0.009412126259562906
0.06752781431535122,0.055778758639005444,268.0,-0.06841306912434494
0.08323344202562555,-0.02678789774633622,269.0,-0.08242334050629112
0.022863759281575285,-0.08333559406035088,270.0,-0.02112927713424549
-0.057122556544772336,-0.06290626756466733,271.0,0.05818428052696379
-0.0835284905659772,0.014379775632347852,272.0,0.08296432988691081
-0.0333786621181647,0.07704607570149472,273.0,0.03173434601323036
0.046161492524267926,0.06833931200272261,274.0,-0.04736781552198352
0.08210755037745834,-0.0024017897318655973,275.0,-0.08178648198606256
0.042602367855805304,-0.06955586360206353,276.0,-0.0410764091113891
-0.03489991653476997,-0.07206607236508217,277.0,0.036217883501816484
-0.0790994520136297,-0.00892750028751818,278.0,0.07901384922147373
-0.050422477790969124,0.06108721701434585,279.0,0.04903901883269047
0.023584367502508155,0.0741101198700297,280.0,-0.024980671925000572
0.07465780321962374,0.019415455890272396,281.0,-0.07479569457142929
0.05676168520968191,-0.05186935126680257,282.0,-0.05554056435078572
-0.012448124750681801,-0.07452787614971847,283.0,0.013889806504473953
-0.06895642193915795,-0.0288977680354751,284.0,0.06930198770821065
-0.06157730405677195,0.04213337088142883,285.0,0.06053390267681126
0.0017072357325714266,0.07340555268496615,286.0,-0.0031623312547927884
0.06218462424653922,0.03724014912058968,287.0,-0.06271874228314533
0.06486012093670339,-0.03210745934097866,288.0,-0.06400531020600025
0.008442874445901215,-0.07085566260629755,289.0,-0.007004740114695401
-0.054542471486418824,-0.0443393158167623,290.0,0.05524329844328539
-0.06663263320011331,0.022012408390322882,291.0,0.06597281563587613
-0.017830176639327476,0.06701320070785191,292.0,0.016437264600854262
0.04623607566074864,0.0501232841016978,293.0,-0.04707964971376658
0.06694674470151189,-0.012057558024723622,294.0,-0.06648398418698453
0.026308173925144375,-0.06203158868645163,295.0,-0.024986179750073507
-0.03747305515018314,-0.05455101054441542,296.0,0.038433906706166164
-0.06588099767474433,0.0024372058209808783,297.0,0.06561323014615472
-0.03375739418412946,0.056078481744526364,298.0,0.03252907471842769
0.028458224436843434,0.05761142520887071,299.0,-0.029509981940982997
0.06353742403883293,0.00667246869374187,300.0,-0.06345873985754566
0.04008624612806549,-0.04933152991589324,301.0,-0.03897112780120681
-0.019389591863903863,-0.05932191127426509,302.0,0.02050557067121022
-0.06003810233515028,-0.0151159320765136,303.0,0.0601390904269271
-0.04523125843455455,0.041974182957045456,304.0,0.04424542825552293
0.010454728891124915,0.05972629451466836,305.0,-0.011608492213654523
0.055521507463797436,0.022760257880882102,306.0,-0.05578965062929597
0.04915673305046871,-0.034191621587687376,307.0,-0.04831271172511288
-0.001827563054290687,-0.058892412071628604,308.0,0.0029934451996498426
-0.05013873952486221,-0.029496513592307295,309.0,0.05055884990187477
-0.05185385383138395,0.026166890473042978,310.0,0.051160548800881084
-0.006334364821073431,0.05690933446581085,311.0,0.005180781365225519
0.04404971550294079,0.03524057880509718,312.0,-0.04460439898514301
0.05333930036425907,-0.018077299846718416,313.0,-0.05280203506587682
0.2403257251778783,-0.6149533735571335,0.0,-0.08310803661272015
-0.3731026048559175,-0.5177536986358091,1.0,0.3821641834151371
-0.6347627636650403,0.03763636851435881,2.0,0.6319011619001671
-0.3134406805778573,0.5477699838016648,3.0,0.3014968033320242
0.28683223643740996,0.5491875572326937,4.0,-0.2968064791653613
0.6141261966148952,0.05067197677805779,5.0,-0.6130906226264362
0.37592298088264475,-0.4840971566954455,6.0,-0.36503824378551764
-0.19975225540673774,-0.567621447585195,7.0,0.21038315625375725
-0.5822012816881222,-0.13280707530466618,8.0,0.5829064574501722
-0.427121055706418,0.4142867552279081,9.0,0.41745515354156326
0.11368084675457359,0.5734375195630235,10.0,-0.12471395315858946
0.5402946915363568,0.2074579614046651,11.0,-0.5426249017768991
0.4666507782866681,-0.34011601119143475,12.0,-0.45832931721422526
-0.030309800227308392,-0.5672522901540975,13.0,0.04149729771384725
-0.48984001190844545,-0.27354222838454206,14.0,0.4936532300592031
-0.49438770316853486,0.26334733931189125,15.0,0.4875016313080474
-0.04882253668777593,0.5498904562340365,16.0,0.037717171014681194
0.43236119447145566,0.330214732319182,17.0,-0.4374935034619151
0.5104544745203617,-0.1856933560524182,18.0,-0.5050602505706897
0.12235360996582949,-0.5223559983888604,19.0,-0.11155145458055737
-0.36943630010732,-0.3768709635214629,20.0,0.3757065009211405
-0.5152039424112681,0.10878494836286057,21.0,0.5113243958984646
-0.18911413331912402,0.4858013212392249,22.0,0.17881722538239775
0.3026622531597232,0.4131453276421679,23.0,-0.3098765564916234
0.5091985803815546,-0.03414286417922463,24.0,-0.5068244057612568
0.24814061416073646,-0.4414951722371474,25.0,-0.23852894935817354
-0.23362126458785518,-0.4389046677991487,26.0,0.2415779653407904
-0.49318683830829824,-0.03684680262377282,27.0,0.49227865562327955
-0.29868296467075506,0.3907900625406649,28.0,0.28991212004774364
0.16384950972500412,0.45423743662416294,29.0,-0.1723435502781706
0.4680770899772113,0.10295296103424029,30.0,-0.46856799716630965
0.34020732939211235,-0.3350898815585515,31.0,-0.33240672125099957
-0.09480856637722855,-0.4594389917755025,32.0,0.10363590229326064
-0.4349098452896938,-0.16311553422700742,33.0,0.4367083816075634
-0.3723943504159362,0.27581835254401776,34.0,0.36566612572454804
0.027860033405778077,0.4549935397291627,35.0,-0.036821724293340796
0.3948288933143245,0.21645706036592882,36.0,-0.39782232965111686
0.39513317113321234,-0.2143889218097761,37.0,-0.38955171809708533
0.035756339215252536,-0.44155329026532997,38.0,-0.02685038087868713
-0.349052025339561,-0.26228990379563777,39.0,0.3531098954837941
-0.40851154867135875,0.15217661047175757,40.0,0.4041236003671597
-0.09494076856645946,0.4199154080438726,41.0,0.0862684269767558
0.2988419578224284,0.30011918559224693,42.0,-0.3038197448175245
0.41280250272199925,-0.09049228691309447,43.0,-0.4096277971476937
0.14874765517408106,-0.39099735831636967,44.0,-0.1404717040496134
-0.2454780349626353,-0.32964162315645484,45.0,0.2512209285516695
-0.4084479740015632,0.03055974224444674,46.0,0.40648042471485857
-0.19639583571247787,0.3558112417126863,47.0,0.1886615077595405
0.19022924101463737,0.3507405406881972,48.0,-0.19657588561356354
0.39603999884517394,0.026504128232555102,49.0,-0.3952493226481919
0.2372748943254779,-0.3154376989547107,50.0,-0.23020794899826225
-0.13432899494137482,-0.3634773750107073,51.0,0.141115152466684
-0.3762999274549644,-0.07970581536813459,52.0,0.3766336694047386
-0.27094763373474406,0.27099994126926163,53.0,0.26465293356707414
0.07895213624171019,0.3680800535937008,54.0,-0.08601419425666529
0.3500562223917769,0.12818821675091852,55.0,-0.35144211381338286
0.29714887951428115,-0.22363842735120876,56.0,-0.29170947436255035
-0.025194442410860694,-0.3649286632932594,57.0,0.032372705247867006
-0.31822137152577473,-0.1712401247877779,58.0,0.3205699536778839
-0.3157808553895587,0.17448666424563192,59.0,0.3112575636318174
-0.025945052822084688,0.3545388590542005,60.0,0.018803344258226662
0.28176843656137895,0.20830219502508102,61.0,-0.2849758811239794
0.3269054233066447,-0.12464855885984255,62.0,-0.3233368895764353
0.07357874397163122,-0.3375434816243189,63.0,-0.06661670933652747
-0.24170773531625997,-0.23896947830227583,64.0,0.2456587928753777
-0.33073352867474554,0.07517769042965111,65.0,0.3281367292028466
-0.1169420168829857,0.31467286243903564,66.0,0.11029078697515571
0.19906412420205796,0.26299066534530663,67.0,-0.2036351333101724
0.3276122282033618,-0.02705881362988133,68.0,-0.3259833874239977
0.1554016370338364,-0.2867342926899996,69.0,-0.14917838502743003
-0.1548553079838339,-0.2802642506162792,70.0,0.15991720007128507
-0.3180097049412691,-0.018808161382917465,71.0,0.3173255807702253
-0.18846097733419875,0.2545911228110573,72.0,0.18276734853351143
0.11007155813131402,0.29083187284748263,73.0,-0.11549279739537982
0.30249869249839,0.061621530426240745,74.0,-0.30271818267349626
0.21576216315442123,-0.21914193897948825,75.0,-0.2106831120002338
-0.06565717022107027,-0.294869132117528,76.0,0.07130657248744232
-0.2817387382115326,-0.1006883813189649,77.0,0.2828047563281423
-0.2370852704822657,0.1813002356574596,78.0,0.23268830474418814
0.022493936235487542,0.2926742171869711,79.0,-0.028243316511586403
0.2564577336012005,0.13543235080949276,80.0,-0.2582993009823606
0.25234476512947374,-0.141974968706996,81.0,-0.24867958894485287
0.018613149438835394,-0.28465470191215286,82.0,-0.012886544590205162
-0.2274331304235982,-0.1653985593979107,83.0,0.22996762871056536
-0.26158341607608065,0.10205233330963737,84.0,0.25868195586759857
-0.05694778968165644,0.2713128858963469,85.0,0.05135910188638848
0.19547324265615526,0.1902557880340658,86.0,-0.19860877194703863
0.2649639538380146,-0.062379065965249836,87.0,-0.2628407442861948
0.09189178739750967,-0.2532300622983351,88.0,-0.08654664799167128
-0.161399009693303,-0.20979601304250486,89.0,0.16503679812240185
-0.2627587748300802,0.02374752141931391,90.0,0.26141167608244875
-0.12293190553713931,0.23105009523793454,91.0,0.11792484106759482
0.1260265647947442,0.2239314625778463,92.0,-0.130063377551769
0.2553380149098575,0.013117275339014911,93.0,-0.25474922715056575
0.1496641929399387,-0.2054626810074288,94.0,-0.14507734937203864
-0.09015091641562563,-0.23268939881136,95.0,0.09448141524147011
-0.24315632963488124,-0.04756845369005225,96.0,0.2432936670634469
-0.17179583559727052,0.17718665193750247,97.0,0.16769802861481234
0.05453100949938825,0.23620486441194105,98.0,-0.05905001755652464
0.22673872541199555,0.07904590211306586,99.0,-0.22755710861423833
0.18914463979393348,-0.1469536600000955,100.0,-0.185590731517931
-0.01987639019459427,-0.23471165939445282,101.0,0.02448102175782882
-0.2066657849774017,-0.10708260730461147,102.0,0.20810890861827927
-0.20163629554826126,0.11549254987778562,103.0,0.1986668913404488
-0.013164348166757258,0.22853183490358434,104.0,0.008572728639387045
0.18355862296371578,0.13130873069932894,105.0,-0.1855607546747469
0.20929960527255512,-0.08351469916954193,106.0,-0.2069410581508052
0.04401320657574241,-0.21806400397654802,107.0,-0.03952722590007854
-0.15806389324693965,-0.15145347124819963,108.0,0.1605517594818344
-0.2122598931898901,0.051700567562842914,109.0,0.21052459785117292
-0.07217042462470317,0.20377077591466633,110.0,0.06787516696251189
0.13083914997923837,0.16734480548729946,111.0,-0.13373386541893517
0.21073083549138918,-0.020687658130947167,112.0,-0.2096177890970955
0.09722008839691311,-0.18616562086081595,113.0,-0.09319180406056574
-0.1025388394384356,-0.17890723380049406,114.0,0.1057578381684239
-0.20500496936155804,-0.008939946636623841,115.0,0.20450057214499098
-0.1188337065041984,0.1657994649143226,116.0,0.1151387756171543
0.07380117085681442,0.1861576948229027,117.0,-0.0772600999382396
0.1954431508362896,0.03666035295913431,118.0,-0.19552221628345934
0.13677179986881055,-0.14324730410448092,119.0,-0.13346595711881362
-0.04523608206311545,-0.18919983775756938,120.0,0.04885062117482006
-0.1824632371153566,-0.0620208484768657,121.0,0.18309017896903582
-0.15088358858694126,0.11909510837018453,122.0,0.14801140963290077
0.01741448093614227,0.18821686472253185,123.0,-0.021102055385959217
0.16652826867331785,0.08464308072442334,124.0,-0.16765843032202993
0.16110489305986728,-0.09392726500450796,125.0,-0.1586995378013928
0.009141092819651838,-0.183463171976265,126.0,-0.005459734344445827
-0.14813442065109508,-0.10422642169817198,127.0,0.14971551157364704
-0.16745439607254595,0.06831478552409981,128.0,0.16553759904450321
-0.033964278368501015,0.17525502997053902,129.0,0.030363645522675786
0.12779898200946374,0.12054955572268294,130.0,-0.1297725858262852
0.1700284372926691,-0.042804471354178086,131.0,-0.16861073098822238
0.056651107009712924,-0.16396054775417507,132.0,-0.05319972854153976
-0.10604860530825144,-0.13347036178908644,133.0,0.10835172459917677
-0.16899453152511215,0.017909202840980798,134.0,0.1680756845418526
-0.07686458467734646,0.14998916750889066,135.0,0.07362396298901897
0.0834080503278129,0.14292419208069776,136.0,-0.08597465465511683
0.16458381687049795,0.005900516323472937,137.0,-0.16415346545716197
0.09433764544256978,-0.1337809302400994,138.0,-0.09136141493403589
-0.06038962170638784,-0.14892067509574838,139.0,0.06315216717413696
-0.15708264869513983,-0.028203660403722103,140.0,0.15712109759197515
-0.10887451081560953,0.11579574426530889,141.0,0.10620780526155199
0.03748347499487204,0.15153919430684606,142.0,-0.04037436609769948
0.14682356011867523,0.048634363090559185,143.0,-0.1473027265455417
0.12035052004080739,-0.09650287459452518,144.0,-0.11802954969621131
-0.015148937712168123,-0.15092321144265147,145.0,0.018101905100517957
-0.13417580975655435,-0.0668861462726536,146.0,0.1350602830127622
-0.128710523878606,0.07637085410458148,147.0,0.12676235869851746
-0.006193037195047696,0.14727361712905854,148.0,0.0032416661550148385
0.11953573299426486,0.08271469470358325,149.0,-0.12078392138802817
0.1339659581978564,-0.05585799713120884,150.0,-0.13240850957620023
0.026166197952380635,-0.14084130076759788,151.0,-0.0232763554217727
-0.10331710447096615,-0.09593920481363684,152.0,0.10488244116647769
-0.13619073377773966,0.035403673331722285,153.0,0.1350329236180733
-0.04444404299072314,0.13191913623277407,154.0,0.04167091958381344
0.08594170712798734,0.10644236326939248,155.0,-0.0877738869533181
0.13551609485124957,-0.015420475015983093,156.0,-0.13475819761985952
0.06075356412437443,-0.12083358040357188,157.0,-0.058146762565413276
-0.06783028759996891,-0.11416903551421068,158.0,0.06987650785979481
-0.13212461101327813,-0.003712614784398549,159.0,0.13175875174442706
-0.0748776837924471,0.10793607794618333,160.0,0.0724805355057593
0.049394059399481244,0.11912376608761366,161.0,-0.05160023922390483
0.12624347515506615,0.02165597283907715,162.0,-0.12625426419848879
0.08665641284668964,-0.09359445844001557,163.0,-0.08450546189265377
-0.031026894802713402,-0.12136721075818449,164.0,0.033338849481002325
-0.11813728414583068,-0.038113950856144205,165.0,0.11850256778329876
-0.09598677984809327,0.07818450125898352,166.0,0.09411143495392689
0.013098324131263403,0.12101163523991218,167.0,-0.015462873170311309
0.10810047921086731,0.052838327490155185,168.0,-0.10879218412817589
0.10282160485205047,-0.06208182999263949,169.0,-0.10124395682441535
0.0040525622081415535,-0.11821562639762918,170.0,-0.001686571976766485
-0.09644961957182553,-0.06563059474941277,171.0,0.0974346685458892
-0.10716720991264224,0.04565428206789193,172.0,0.10590200851670832
-0.020122237477948748,0.11317816936593925,173.0,0.017803009605335887
0.083515656198264,0.07634310018068309,174.0,-0.08475693222791819
0.10908017479054227,-0.029254881084516127,175.0,-0.1081349562776165
0.034846840684225604,-0.10613224796779741,176.0,-0.03261882051031825
-0.06963636280083992,-0.08487908823577274,177.0,0.0710936992525385
-0.10866325945015425,0.013215519694459305,178.0,0.10803861336717784
-0.04800523304109564,0.09733812634903752,179.0,0.04590842262381947
0.05514906884791101,0.09119170408557503,180.0,-0.05678024396385935
0.10606062479683186,0.002158559876189875,181.0,-0.10575058654072986
0.059421007554256895,-0.08707646703136722,182.0,-0.05749041086275282
-0.04038382481330477,-0.09528204056418882,183.0,0.0421455401002134
-0.10145248972238181,-0.01659342185824142,184.0,0.10144504353252971
-0.0689634718181204,0.07564143487557289,185.0,0.06722867388670083
0.025657113489630123,0.09719632368816383,186.0,-0.027505937029733973
0.09504936595095292,0.029850185112065414,187.0,-0.09532704167816086
0.07654764383380971,-0.06333392802749353,188.0,-0.07503252463361594
-0.011266203466344481,-0.09702234415774345,189.0,0.013159461008425619
-0.08708601252429693,-0.04172784008094399,190.0,0.08762655857857238
-0.08213331841028042,0.05045506612121907,191.0,0.08085589941468914
-0.002515777784982012,0.09488525132666238,192.0,0.0006191790382725076
0.07781524920728577,0.052065131463783776,193.0,-0.0785923635609917
0.08572327726112237,-0.037300053194986166,194.0,-0.08469569609661463
0.015443992920989653,-0.09094283230987012,195.0,-0.013582820662548234
-0.06750176285279735,-0.060741522725474874,196.0,0.06848586385165015
-0.08736072906749733,0.02415251831483757,197.0,0.08658933530639529
-0.027305226751319366,0.08538040222650582,198.0,0.025515270513437605
0.056416033102432775,0.06767727629843484,199.0,-0.05757505208951359
0.08712607641459791,-0.011279421187018746,200.0,-0.08661163950715037
0.03792038108854682,-0.07840543214595494,201.0,-0.03623389778858892
-0.04482849401285537,-0.07283269934218455,202.0,0.04612867237389025
-0.08513311455567708,-0.0010734065333732612,203.0,0.084871133142141
-0.04714613043610464,0.0702420392691606,204.0,0.04559139405756529
0.033004036609664944,0.07620661899479253,205.0,-0.03441071077278493
0.08152477240113698,0.012685030576457187,206.0,-0.08150587280859048
0.05487575370974973,-0.06112545942702968,207.0,-0.05347671221199703
-0.021196944322045632,-0.0778341629977636,208.0,0.022675303448234513
-0.07646850901139686,-0.0233624575184687,209.0,0.07667891963746117
-0.06103917306107089,0.05129661534432492,210.0,0.05981521325298344
0.009646339092523413,0.07778393128378264,211.0,-0.011162141635843933
0.07015147928177777,0.03294293274306387,212.0,-0.07057356679752887
0.06560224518818648,-0.040996885562747526,213.0,-0.06456806405915137
0.0014277989602943934,-0.07615465151923911,214.0,9.243800045764805e-05
-0.06277558058114999,-0.04129548958141098,215.0,0.06338843344802267
-0.06856536307877772,0.030463168727918738,216.0,0.06773094200425435
-0.011827990774850883,0.07307141667369307,217.0,0.0103344962890118
0.05455248801876148,0.04832176173264962,218.0,-0.05533253269670118
0.0699614367805519,-0.019923326422241552,219.0,-0.06933211313626955
0.021381964325707114,-0.06868160547733318,220.0,-0.01994402971652952
-0.04569877997445598,-0.053956085344804595,221.0,0.0466204153843585
-0.06985333042896538,0.009592075182714987,222.0,0.06942995948485446
-0.02994469035672995,0.0631505872036002,223.0,0.028588324851979915
0.03643124777296844,0.058164930046925266,224.0,-0.03746748404732891
0.06833083932315236,0.00033261490644462266,225.0,-0.06811003786618526
0.037399745497663506,-0.056657310693308434,226.0,-0.03614778470897053
-0.026962474170645668,-0.06094570958317979,227.0,0.028085562451838283
-0.06550729531595556,-0.009672571301340624,228.0,0.06548175728817131
-0.043660014211111035,0.0493898740721916,229.0,0.04253184051952314
0.01749675492510538,0.062325032367279515,230.0,-0.018678795922776603
0.061515891203095946,0.018271889761142385,231.0,-0.06167476474125206
0.04866775379718105,-0.041541166389261544,232.0,-0.047679103253979276
-0.008226426415578908,-0.06235646015401342,233.0,0.009439946584272225
-0.0565058152304439,-0.025998808330968924,234.0,0.05683512986332382
-0.05239405822639248,0.033304665628466484,235.0,0.05155691285807333
-0.0006713496435925553,0.06111784905740162,236.0,-0.0005471358607173418
0.05063828539383659,0.032746981185563795,237.0,-0.051121417788081366
0.05483776671493087,-0.024870469447311992,238.0,-0.05416032944945557
0.009037305622707421,-0.058708351315971914,239.0,-0.007838925557848327
-0.04408257002165732,-0.03843616137562754,240.0,0.04470073655842375
-0.05602387157540894,0.016421625816485756,241.0,0.05551061948849413
-0.016732265099010196,0.055245158540008756,242.0,0.015577192335238833
0.037012076372600636,0.04301231301385818,243.0,-0.037744840974928105
0.0560014868842438,-0.008130820723238757,244.0,-0.05565329712096081
0.02363880341262764,-0.05086006773174039,245.0,-0.022548007854149912
-0.02960058283801145,-0.046447183846033274,246.0,0.03042636883263089
-0.05484144485505372,0.0001574695104793189,247.0,0.0546557864340578
-0.029662369130874874,0.04569595023985483,248.0,0.028654292216880976
0.022018683015553427,0.04873737832481698,249.0,-0.022915278383206956
0.0526335904838594,0.007354752497950243,250.0,-0.052604774246475146
0.034731875006759214,-0.03990320111536846,251.0,-0.03382220189500282
-0.014430501636402198,-0.04990297912658717,252.0,0.015375547760622839
-0.04948384705900105,-0.014279915445535758,253.0,0.04960332529351277
-0.03879977730701716,0.03363624222358228,254.0,0.03800127838151767
0.00699073330606784,0.049985771443744005,255.0,-0.007962188241200374
0.04551112556137881,0.02051136269497652,256.0,-0.04576783231600663
0.04184167169133024,-0.02705014710141014,257.0,-0.04116411258076623
0.0001579545141399985,-0.04904712929934511,258.0,0.0008186138055109315
-0.04084414990289812,-0.02596275763105487,259.0,0.0412248726965303
-0.043855442015632476,0.02029744911393419,260.0,0.043305559963190514
-0.0068871226784051375,0.047165626554523575,261.0,0.005925600247668576
0.03561826747276803,0.03056865623292184,262.0,-0.036108041015111766
0.04486000540683854,-0.013525187151643032,263.0,-0.04444154860691071
0.013084343965327684,-0.04443443722901137,264.0,-0.012156546708557217
-0.0299723107145404,-0.03428462138770885,265.0,0.030554823346690303
-0.04489370264307188,0.006872235119699116,266.0,0.0446075280792548
-0.018654557166230726,0.040958590276345457,267.0,0.017777390667212678
0.024045570591449603,0.03708690330759729,268.0,-0.024703574439349507
0.04401238723169,-0.0004669530055457019,269.0,-0.043856611618250954
0.02352098912673057,-0.03685214312250527,270.0,-0.022709344733753516
-0.01797493697803912,-0.03897171781807058,271.0,0.0186906532618265
-0.042287269596027265,-0.005574811429743844,272.0,0.04225746726114964
-0.027625651149459904,0.032235336183110294,273.0,0.026892220414779545
0.01189225441585547,0.039954160613930645,274.0,-0.012647765952928415
0.03980257447722981,0.011151350113456707,275.0,-0.039892015429567065
0.030929424449342043,-0.027231787338818005,276.0,-0.030284569113480254
-0.005921934470164128,-0.04006680076424877,277.0,0.0066995581354662576
-0.03665307007257144,-0.016176339773526748,278.0,0.036852991069311405
-0.033411756855178436,0.02196578110077483,279.0,0.03286343378705274
0.00017885830443342433,0.03935800075097595,280.0,-0.0009614910405365482
0.03294152663223681,0.020579701644362226,281.0,-0.03324142781372623
0.0350699995652742,-0.016559702084662717,282.0,-0.0346237389841398
0.005233404770879848,-0.03789001313380304,283.0,-0.004461971891443969
-0.02877616030976561,-0.02430808072569726,284.0,0.029164119878642564
-0.0359184184078123,0.011131656587840752,285.0,0.035577352726200176
-0.010224044944894544,0.035736905559367996,286.0,0.009478849132228684
0.02426811511202608,0.027324957002853607,287.0,-0.024731114606750017
0.03598691867040229,-0.005793319687716833,288.0,-0.03575185842438646
0.014716115745163967,-0.0329823663128181,289.0,-0.014010784899558294
-0.01952903194217673,-0.029610407799371494,290.0,0.020053284871887865
-0.03531952611369505,0.0006480385137322756,291.0,0.03518907869384942
-0.01864729164074281,0.029717441999176197,292.0,0.01799384925961569
0.014668749104640843,0.031160546411564655,293.0,-0.015240026065682886
0.03397266926101915,0.004210784649560095,294.0,-0.033943395536490895
0.021970284164475846,-0.026038257317852562,295.0,-0.021378998241439705
-0.009793173383601026,-0.031986667294125845,296.0,0.010397117251399364
-0.032013309471705324,-0.008701012839939983,297.0,0.03207991291556292
-0.02465292797767292,0.022043764348720404,298.0,0.024132204403810985
0.0050023550596635016,0.03211413227120425,299.0,-0.005624780422500697
0.029516965693135538,0.0127527888816956,300.0,-0.029672508269733815
0.026677954347873033,-0.01783356540622151,301.0,-0.026234274392751382
-0.00038879413867352446,-0.031581035506514595,302.0,0.0010159658011134332
-0.026565680197647677,-0.016309241025117133,303.0,0.026801819062770467
-0.028042474850342447,0.01350584945595,304.0,0.02768037542712298
-0.003964001224048428,0.030436687268678073,305.0,0.0033451151122689156
0.023245970113997507,0.01932688339451939,306.0,-0.023553209101590065
0.028757202669060927,-0.009155477449811333,307.0,-0.02847929729284557
0.00798268947196307,-0.028739957881595342,308.0,-0.007384193333224345
-0.019646807242506992,-0.02177572087342752,309.0,0.020014757162542685
-0.028845442615450006,0.004872246847902328,310.0,0.028652480259424098
-0.011604995214782867,0.02655752368262573,311.0,0.011037873872686045
0.015857665593385226,0.023639073506087384,312.0,-0.016275307533366607
0.02834188387470576,-0.0007393601882430857,313.0,-0.02823284232011965
0.6484760801754174,0.7284107657673433,0.0,-0.36727484013846734
0.9878298695943967,-0.13826252160924368,1.0,-0.9817907102833845
0.4212790759849362,-0.8944210496673172,2.0,-0.4020778984101403
-0.5175279932946438,-0.8214482955597308,3.0,0.5321524432333774
-0.9666588809989459,-0.0021865528475284446,4.0,0.9634851336878808
-0.5269826199483348,0.8028430584877219,5.0,0.5092520478847823
0.3836802202287395,0.8611337274610625,6.0,-0.3995398898317881
0.9270608402046306,0.13441203972916982,7.0,-0.9266501841139257
0.6158126709768853,-0.7002698937835089,8.0,-0.5998276682500936
-0.24982382797085728,-0.8809942807554603,9.0,0.2665242289254799
-0.8709142020400904,-0.2562036352121022,10.0,0.8731140792070632
-0.6869452349717371,0.5894280025470183,11.0,0.6729292512877572
0.11868169617689296,0.8817805416116937,12.0,-0.13583421454662958
0.8003245948063477,0.3656919585295654,13.0,-0.8049382384019566
0.7399642358531537,-0.47305322561428276,14.0,-0.7280876622168836
0.007237066423243465,-0.8645873193354726,15.0,0.00999239135339336
-0.7175687663545115,-0.46136671771386917,16.0,0.7243617770607613
-0.7748462224396319,0.35383460894839014,17.0,0.7652260156320234
-0.12567570334952666,0.8308113340906117,18.0,0.1087242003051686
0.6250383142521774,0.5420865142830877,19.0,-0.6337456190318558
0.7919379807050873,-0.2343624388151716,20.0,-0.7846383963782069
0.23466101254214017,-0.7821052284177646,21.0,-0.21831603788722287
-0.5251843570308167,-0.6070805743738128,22.0,0.5355173864942719
-0.7919279198956771,0.11708131173418568,23.0,0.7869622748123367
-0.3325269645155171,0.7203290519523575,24.0,0.3170856216629947
0.42046421698865727,0.655942841279268,25.0,-0.43211814265293913
0.7758121770390083,-0.004248900467973549,26.0,-0.7731455446862187
0.41793069780764147,-0.6475003531971657,27.0,-0.40365441010825065
-0.31329108177289466,-0.6886189943764812,28.0,0.3259519625333901
-0.744856436790701,-0.10209907704244348,29.0,0.7444091671862304
-0.48986101032015317,0.5657439745042825,30.0,0.4769722820662664
0.20598749505581226,0.7053870703866288,31.0,-0.21933919281429515
0.7005544926474389,0.2001773345639546,32.0,-0.7022064367571303
0.5476396108573008,-0.47724258862229363,33.0,-0.5363197684496779
-0.10074339922453841,-0.7068324536662071,34.0,0.11447413646255511
-0.6445845820785722,-0.2884727428009243,35.0,0.6481798938941769
-0.5909155270230487,0.3841889396133308,36.0,0.5813034291593111
-0.0004206816743594503,0.6938180720986755,37.0,-0.013387765110854377
0.5787645132713648,0.36575925430501643,38.0,-0.5841168982444306
0.6196531817515201,-0.2887406602117132,39.0,-0.6118448684381578
0.09568486929355398,-0.6674506839494673,40.0,-0.08208407526422379
-0.5050065664951987,-0.4311061205416278,41.0,0.5119048435891504
-0.6341147496808961,0.19297843451067165,42.0,0.6281639825333171
-0.18345525906204999,0.6290441689873573,43.0,0.17032663863364272
0.4252731004281547,0.4838796246282251,44.0,-0.4334869464043001
0.6348374853237103,-0.09886816204970006,45.0,-0.6307571162615296
0.26238317740436556,-0.5800807449172644,46.0,-0.24996624383763266
-0.34153372527280756,-0.523738672121663,47.0,0.35081947377126194
-0.6226067769540804,0.00822765978757578,48.0,0.6203708692137824
-0.3313783299868741,0.5221710187274831,49.0,0.3198841740550132
0.255724822433713,0.5506246872092879,50.0,-0.26583119671362454
0.5984257231580474,0.07730168508776669,51.0,-0.5979723376728948
0.38961592934047606,-0.45701375327800414,52.0,-0.37922458135080384
-0.1697120973942735,-0.5647463514222412,53.0,0.18038576400672746
-0.5634820533049607,-0.15627802330042795,54.0,0.5647166050357285
-0.4365380075115565,0.38635618398164845,55.0,0.42739658466205754
0.08525675075453461,0.5665597956044186,56.0,-0.09624759162315755
0.5191132193909271,0.2274767477027992,57.0,-0.5219123021543914
0.4718492256819874,-0.31195566062499597,58.0,-0.4640708566947066
-0.0039857447397158435,-0.5567449127754563,59.0,0.015051756826250373
-0.4667704757090911,-0.2899027481976449,60.0,0.470986050431664
-0.4955075864539514,0.23554331728896288,61.0,0.4891710900922666
-0.0726334686010565,0.5361784995393963,62.0,0.061721724010886936
0.40798273584050154,0.3427972854672043,63.0,-0.41344657589147044
0.5077105345392567,-0.15879039114491456,64.0,-0.5028608146447346
0.14331350335526974,-0.5059049569809446,65.0,-0.13276896600584925
-0.34432095501167354,-0.3856396570870313,66.0,0.3508492432373936
-0.5088769970963978,0.08327772087748014,67.0,0.5055261043831779
-0.20696273642785057,0.46710528906148296,68.0,0.1969784771394567
0.2773637316171322,0.4181439254073657,69.0,-0.28476170674288426
0.49962596543637716,-0.010468859909794903,70.0,-0.4977547656209809
0.26269610868499965,-0.42106512817158726,71.0,-0.25344255974705104
-0.20866475650628497,-0.44025106133076086,72.0,0.21673131153782166
-0.4807522551185475,-0.058312859254217586,73.0,0.4803126341463962
-0.30984109598054377,0.36914249479243266,74.0,0.30146390325622413
0.13972266444701611,0.45211693072306397,75.0,-0.1482548063391967
0.45320010174661335,0.12190307319898452,76.0,-0.454117631988324
0.347939009910102,-0.31273596245631113,77.0,-0.3405575141329942
-0.07195376103667421,-0.45409660989770534,78.0,0.08075084901129181
-0.4180352555137497,-0.17931081083715356,79.0,0.4202122418613746
-0.3767418738136627,0.25325385186506677,80.0,0.3704482153221403
0.006668012288633666,0.44672556294326426,81.0,-0.01553570149051442
0.37641622946536624,0.22972855024396915,82.0,-0.3797350512526651
0.3962051952400238,-0.19208502076539402,83.0,-0.3910640240501337
0.054951404783876744,-0.4306982464629944,84.0,-0.04619757733744706
-0.32956533551735473,-0.272537958829209,85.0,0.33389199906855155
-0.406477020838605,0.1305717507277815,86.0,0.40252578270037626
-0.11186478206196478,0.4068447266799303,87.0,0.10339622134005466
0.27874010966087165,0.30731145148583394,88.0,-0.2839279269502698
0.4078837127752797,-0.06998516014500605,89.0,-0.4051334718529297
0.1631886709766052,-0.3761059002208818,90.0,-0.15516099833205593
-0.22520568484469594,-0.3338097785678791,91.0,0.23109899610650658
-0.4009129268757399,0.011503496386243983,92.0,0.39934967706778834
-0.20820475028012278,0.3395079038554048,93.0,0.20075555758063635
0.17020861822836983,0.35197592395759714,94.0,-0.17664648024541874
0.38619430164647184,0.04380641906691546,95.0,-0.3857807114211216
0.24636481903155472,-0.2981362808778538,96.0,-0.2396119202651703
-0.11495262041280001,-0.36192565220758455,97.0,0.12177238747213742
-0.36447838422902606,-0.09500439874831068,98.0,0.36515591424208665
-0.2772920388982322,0.2531104437089701,99.0,0.27133222584147104
0.060576569505725285,0.36393509215281183,100.0,-0.06761730043991776
0.33661432456557333,0.1412886361939658,101.0,-0.33830565328320794
0.300778618930383,-0.20555893484821924,102.0,-0.2956869168303708
-0.008135124114757671,-0.35842578210038695,103.0,0.015240756266853006
-0.3035268631666412,-0.18200395443810857,104.0,0.3061385532240185
-0.31678019707024047,0.1565959428280192,105.0,0.312609606361372
-0.04141782178800747,0.3459476285748557,106.0,0.03439558265743159
0.2661931216423498,0.21664659199640598,107.0,-0.2696184586901108
0.325407225031951,-0.10729947770399179,108.0,-0.32218892603630434
0.08724267113172458,-0.32716024670998795,109.0,-0.0804417872269722
-0.22561967951856396,-0.24486563064008274,110.0,0.2297416157760017
-0.3269137062770945,0.05869155330530368,111.0,0.3246576957616224
-0.12862454337883164,0.30281315603247105,112.0,0.122170440677489
0.1828203868788367,0.2664612314892457,113.0,-0.18751452342909494
0.3216836702771706,-0.011720662434881457,114.0,-0.32037979177324966
0.16498055087417318,-0.273725301073867,115.0,-0.1589842982605813
-0.13879532122858468,-0.2813799011693211,116.0,0.14393286614698214
-0.3102157899784826,-0.032753232091389806,117.0,0.3098351139777662
-0.19586396697497332,0.24076435263977125,118.0,0.19042085340852305
0.09451124992339373,0.28970705726307816,119.0,-0.0999618934821131
0.2931065634516629,0.07397103182447962,120.0,-0.29360306903250133
0.22096538219859302,-0.2048262234822376,121.0,-0.21615389767323342
-0.05088390784040132,-0.2916572015393574,122.0,0.056518561144577595
-0.27103248539361074,-0.11128406737935803,123.0,0.272344991523145
-0.24011100027854765,0.1668152025004105,124.0,0.23599221778493565
0.008762345018700384,0.28756204012804987,125.0,-0.014455694326462598
0.24473162990513384,0.1441608602159515,126.0,-0.24678592259850252
0.2532582753423936,-0.12762507548076618,127.0,-0.24987562305011785
0.031084457938344544,-0.2778569118143079,128.0,-0.02545162242699517
-0.21498505339922683,-0.17219110721163222,129.0,0.2176961540664181
-0.26048913378381283,0.08812155889265649,130.0,0.25786853935169607
-0.0679785665465026,0.2630658990014491,131.0,0.06251728166103782
0.1825984063433864,0.19508696871875064,132.0,-0.18587292697090876
0.2620010593392049,-0.049126327535113645,133.0,-0.26015144174716476
0.10134157819141362,-0.24378600087210225,134.0,-0.09615292547384108
-0.14838411565557405,-0.21268179094375436,135.0,0.15212264786196514
-0.2580963471182724,0.011402868062671823,136.0,0.2570104257815371
-0.13070058942382975,0.22067074524740554,137.0,0.12587421908037966
0.11314446689692624,0.22492643804499696,138.0,-0.11724395430408041
0.24916985177238576,0.024355660229076065,139.0,-0.24882523800348347
0.15569167009949236,-0.1944136051352971,140.0,-0.15130464339847882
-0.07765587793627347,-0.23188344774733557,141.0,0.08201192457887585
-0.23569556667370792,-0.0575364273638021,142.0,0.23605609885206177
-0.17606091889656872,0.1657315686168194,143.0,0.17217687401458737
0.042654614543448176,0.23371925608464592,144.0,-0.047163686089951445
0.21821237513498346,0.08761471843451718,145.0,-0.21922965623674281
0.1916632195931304,-0.13534918729695353,146.0,-0.18833185904033878
-0.00882415445704393,-0.2306947618491923,147.0,0.013385633717213075
-0.19730931167896987,-0.11415947385822953,148.0,0.19892440611235046
-0.20245885729676918,0.10398339987385263,149.0,0.19971574861400526
-0.023215639082908624,0.2231545193366631,150.0,0.018697575679958722
0.17361066164702355,0.1368366022249684,151.0,-0.17575590760616489
0.20850818807238788,-0.07232939434666422,152.0,-0.20637486361313323
0.05291741952323324,-0.2115148590674438,153.0,-0.04853213222427544
-0.14776121160606406,-0.15541012807815294,154.0,0.15036210535457548
-0.20996458373880922,0.041047735910788724,155.0,0.2084489200893506
-0.07981326591489994,0.19625124051438061,156.0,0.07564221062488413
0.12041194175008413,0.16974127736616293,157.0,-0.12338905132456446
0.2070658957695557,-0.010752948626321507,158.0,-0.20616274880448932
0.10351957412459349,-0.17788513878307036,159.0,-0.09963510606495682
-0.09220642554505769,-0.179785639266766,160.0,0.09547729324457979
-0.20012469814610354,-0.017996301574557533,161.0,0.19981676591682435
-0.12373994836482911,0.15697075908464564,162.0,0.12020438049140492
0.06376817203521566,0.1855885741297958,163.0,-0.06724916765477068
0.1895175787131862,0.04470531613801301,164.0,-0.18977646135234372
0.1402661506870025,-0.1340818592305891,165.0,-0.13713107118359963
-0.03568911334722873,-0.18727906307003842,166.0,0.03929720333334691
-0.17567375223999243,-0.0689496999212666,167.0,0.17646117585175952
-0.15297720222187328,0.10979894186393793,168.0,0.1502830498586336
0.008519404842819163,0.18506221504885007,169.0,-0.012173806289177552
0.15906326627616107,0.09037989840941632,170.0,-0.1603324363715125
0.1618367620804055,-0.08469705538052277,171.0,-0.15961265305918598
0.01724133107795991,-0.17921066201787159,172.0,-0.013617638532144732
-0.1401850633861922,-0.10872394859305676,173.0,0.14188211279179935
-0.16688893752427458,0.05933441619776242,174.0,0.16515273268753952
-0.0411512235104004,0.17005508188427942,175.0,0.037630150350683456
0.1195551509170208,0.12378849158735439,176.0,-0.12162064720942327
0.16825270197467634,-0.03424203594046049,177.0,-0.1670112990118774
0.06283177665149271,-0.15797409283441755,178.0,-0.05947895854475152
-0.09769511264034277,-0.13545812762655637,179.0,0.10006559098091304
-0.16611511545947233,0.00991450598485058,180.0,0.1653649470655203
-0.08197187698706083,0.1433837611545783,181.0,0.07884570529653329
0.0751211760111822,0.14369322308429133,182.0,-0.07773066472633788
0.1607235551221005,0.013197940614361053,183.0,-0.16045127098345136
0.09833019669431488,-0.1267269584473956,184.0,-0.09548105278993878
-0.05233402503680792,-0.14852630426763125,185.0,0.055115533339120115
-0.15237717145802543,-0.03469600275787743,186.0,0.15256047949000284
-0.11173603777636082,0.10846279346771917,187.0,0.10920573484105786
0.029809522521370032,0.15005719362807676,188.0,-0.03269646232113732
0.14141778913234349,0.054236466260492305,189.0,-0.14202642958494402
0.12208869056537051,-0.08905632916882414,190.0,-0.11991012216860504
-0.007990477419726727,-0.1484470605455947,191.0,0.0109179941448867
-0.12822046978320484,-0.07153591791004735,192.0,0.12921729466586032
-0.12935540615765934,0.06896877748425685,193.0,0.12755239670285445
-0.012720436125930086,0.14391157089087844,194.0,0.009814245467043431
0.11318394842963485,0.08637302700127768,195.0,-0.11452607816868784
0.1335681047356471,-0.04864834344327884,196.0,-0.13215545306539095
0.03196653112252667,-0.13671332717400853,197.0,-0.029139530841421624
-0.09672114534926239,-0.09858943136661281,198.0,0.09836117465656116
-0.1348189603392657,0.02852186701877285,199.0,0.13380266436310576
-0.04944168396015309,0.12715379434502877,200.0,0.04674675803492005
0.07924994200078325,0.1080892911513636,201.0,-0.08113716756161585
0.1332550173144367,-0.008987386239435874,202.0,-0.13263266454986436
0.06489361578651633,-0.11556490541305343,203.0,-0.062377882338086194
-0.061184393214161664,-0.11483759699318134,204.0,0.0632660369553275
-0.12907200432025634,-0.009592280832078498,205.0,0.12883331074093968
-0.0781258876917281,0.10230053625505421,206.0,0.07583007647007929
0.042926528969197866,0.11885733955200997,207.0,-0.045148932287372504
0.12250751843647521,0.026894864059101298,208.0,-0.12263499603228474
0.08899864402715865,-0.08772803061834707,209.0,-0.0869566400771607
-0.02485887816329383,-0.12022566426674516,210.0,0.02716864451395816
-0.113833754675712,-0.04264283424905965,211.0,0.11430348665202081
-0.09742816164372076,0.07221994475814363,212.0,0.09566671475460774
0.007337824375067987,0.11906914863865563,213.0,-0.009682889992516236
0.10334995524149726,0.056606442045696106,214.0,-0.10413245682332248
0.1033852837549809,-0.05614616681766757,215.0,-0.10192387994674743
0.009312119697098624,-0.11555834919290221,216.0,-0.006981504539075312
-0.09137474842024264,-0.06860560810145348,217.0,0.09243589076915366
-0.10689283523169414,0.039866549404244736,218.0,0.10574372345608242
-0.024803056174267098,0.10990177155286646,219.0,0.022533450108761927
0.07823853934631207,0.07851069298374973,220.0,-0.07954051412350019
0.10802213121244925,-0.023724175313840495,221.0,-0.10719049568757233
0.03888742499671524,-0.10233941985937678,222.0,-0.03672143448772265
-0.06427610437635278,-0.08624219639596371,223.0,0.06577840696747467
-0.10688870283959502,0.008039356494472516,224.0,0.10637296903107735
-0.05136068972055607,0.09313608122401583,225.0,0.04933633268659997
0.04981952783156823,0.0917694541822689,226.0,-0.05147993815103599
0.10364737264173604,0.006895554402519127,227.0,-0.10343963288466099
0.06206299188938183,-0.08257449722844243,228.0,-0.06021319170905863
-0.035191604822823165,-0.0951084179813803,229.0,0.03696714588890808
-0.09848681759353202,-0.020820481682031072,230.0,0.09857336073177303
-0.07087980039977944,0.07094856792561867,231.0,0.06923201299791397
0.02069981718973256,0.09631861610872318,232.0,-0.022547673270390742
0.09162376026489667,0.033511036373520126,233.0,-0.09198568847826188
0.07774160118084174,-0.058556724667583535,234.0,-0.07631757502825562
-0.006630971695777715,-0.09549940515861119,235.0,0.008509349706850508
-0.08329692785867988,-0.044781001631584716,236.0,0.083910843055576
-0.08262268938678054,0.045695596712115524,237.0,0.08143835555470103
-0.006753429038665875,0.09278562986673615,238.0,0.004884509097680123
0.0737609155153218,0.05448389705158069,239.0,-0.0745996572796466
0.08553914093266324,-0.03265408330847118,240.0,-0.08460462786517228
0.019221031390579374,-0.08834281396302361,241.0,-0.017399028907905123
-0.06328008426795383,-0.06251364372492595,242.0,0.06431350134939
-0.08654605241958004,0.01970792821122308,243.0,0.08586581785949986
-0.030571658847943193,0.08236200713643893,244.0,0.028830897537336572
0.052122615733742564,0.06880436887702383,245.0,-0.05331835343840158
0.08573414818948284,-0.007114877707004516,246.0,-0.08530721875234379
0.040639509360146805,-0.07505441294125073,247.0,-0.03901066179075929
-0.040554835329819475,-0.07332940416802522,248.0,0.04187912186992604
-0.08322586037107335,-0.004889513350885416,249.0,0.08304616762621657
-0.049294525615251966,0.06664591965928039,250.0,0.04780420201800119
0.02883590383087959,0.07609954498618499,251.0,-0.030254319701801813
0.0791709923315552,0.016095379939897875,252.0,-0.07922779293453243
0.05644295854029054,-0.057371651001165216,253.0,-0.05511340217984117
-0.017212963781230616,-0.0771606491730583,254.0,0.018691179507702715
-0.07374207799174319,-0.026321319053820777,255.0,0.07402044442875978
-0.06202715954717082,0.04747064631966471,256.0,0.060876048649319524
0.005916812985159252,0.07659066248625146,257.0,-0.007421282072601551
0.06712954909852621,0.03541642158703097,258.0,-0.06761091694997834
0.06602465066384039,-0.03718077098657232,259.0,-0.06506500472231794
0.004841837626325156,-0.07449616468006073,260.0,-0.0033432420191528006
-0.059536819926643274,-0.04326156570455885,261.0,0.06019957722819415
-0.0684465335151422,0.02673394704276702,262.0,0.0676867198040849
-0.01487547967602622,0.07100853436726265,263.0,0.013412894013158094
0.05117539418584876,0.04976998840115338,264.0,-0.05199549844836494
0.06933530801393359,-0.016351782469220602,265.0,-0.06877914233782112
0.024022269683401216,-0.06627983286140647,266.0,-0.022623343046439467
-0.04226009235633207,-0.05488716565983969,267.0,0.043211701086412896
-0.06876217950189047,0.006241664757430168,268.0,0.06840911364657049
-0.032147826037760244,0.06047850707980166,269.0,0.03083730265055016
0.03300448950583008,0.058590043911596175,270.0,-0.03406059061578301
0.06682393889781471,0.0034066288105145948,271.0,-0.06666932592075857
0.03914636280311042,-0.05378500943893475,272.0,-0.03794574794830856
-0.023616644116840117,-0.06088567620360965,273.0,0.024749673409022073
-0.06363950417128256,-0.01242376532259587,274.0,0.0636749316027266
-0.04494117591514095,0.04638742865857727,275.0,0.043868487180699356
0.014295187844176743,0.06180932548121452,276.0,-0.015477621766037154
0.05934621320416108,0.020663109550328775,277.0,-0.05955989342741455
0.049484509595774176,-0.03847721970073537,278.0,-0.04855411353924203
-0.00522583471056627,-0.061422104591997546,279.0,0.006430747762994904
-0.0540959579140116,-0.028002384412842973,280.0,0.05447316445600304
-0.052756841795526574,0.030245113914892513,281.0,0.05197937437581863
-0.0034216436897186162,0.05980822798851479,282.0,0.002220066168958125
0.04805124750794352,0.03434473934597358,283.0,-0.04857478569263336
0.05476563702953605,-0.021877282074492174,284.0,-0.054148004545869835
0.011495942598892535,-0.05707195363798431,285.0,-0.010321944104692976
-0.04138128505976464,-0.03961923932856187,286.0,0.04203198545088341
-0.055543622988706964,0.01355181361413254,287.0,0.05508907881805852
-0.018866225914238394,0.05333429537547963,288.0,0.017742077206538594
0.03425813642932798,0.043780798358557194,289.0,-0.035015359700778445
0.05514665370954955,-0.0054355652587070175,290.0,-0.0548549448689895
0.025423595137361334,-0.048729585932820105,291.0,-0.024369256180900058
-0.02685306406315302,-0.04680959108470132,292.0,0.0276952063623467
-0.05365122683858821,-0.002318578374616749,293.0,0.05351880332509671
-0.03108202661042396,0.04340196924095083,294.0,0.030114875198012057
0.019333090637731608,0.04870998494959219,295.0,-0.020238079134896475
0.05115172562930428,0.009574000478828268,296.0,-0.05117200462333162
0.035778788942418184,-0.03750189746401001,297.0,-0.03491341763835084
-0.011857849049338622,-0.049509042485785505,298.0,0.012803618167451965
-0.04775745779434861,-0.016212183212729186,299.0,0.047921134159031195
-0.03947436240718145,0.031182703733107636,300.0,0.038722443962450025
0.004576766139836749,0.04925464925768272,301.0,-0.005541705903016371
0.04358956326720464,0.022134064120740947,302.0,-0.04388495733197044
0.04215189095533578,-0.024597315875302707,303.0,-0.04152211094305955
0.002373381999255837,-0.0480133273235392,304.0,-0.0014100129937573425
-0.03877786139752775,-0.027260917876393356,305.0,0.039191294782053715
-0.04381620520365368,0.017895169763224757,306.0,0.04331425933133057
-0.008870515063098841,0.04586779700174775,307.0,0.007928218386490278
0.03345770522914826,0.03153477305963955,308.0,-0.03397389543070135
0.04449246125661315,-0.011219373436702589,309.0,-0.044121113642665175
0.014808875592630305,-0.0429143511879263,310.0,-0.013905588562679594
-0.02776690642611897,-0.03491838256889784,311.0,0.028369371052399533
-0.04422444541609012,0.004704165068946005,312.0,0.04398364309554684
-0.020100229306301398,0.03926010653991497,313.0,0.019252051273063592
0.7140468626502443,-0.5088203418013548,0.0,-0.3258919836324603
-0.007317217369097378,-0.8433304080856204,1.0,0.02407522060199785
-0.7077367397323185,-0.4380662908185895,2.0,0.7140987929061404
-0.7500604962258659,0.35792857192680383,3.0,0.7404413116759662
-0.10879390881060713,0.8123525638150378,4.0,0.09226592351779972
0.6188058134095852,0.5183239194131134,5.0,-0.627060983431646
0.7687220927764223,-0.241693625892207,6.0,-0.7613538848571357
0.21593059367599532,-0.7666570634251899,7.0,-0.19995537807739328
-0.5224685188056516,-0.583366010888637,8.0,0.5323386650902651
-0.7706626158273853,0.127312099620851,9.0,0.7655641528301147
-0.3124365169775684,0.7080303537590451,10.0,0.29730678497172924
0.42111548174098967,0.6327558199761554,11.0,-0.4323058158845272
0.7568163584422749,-0.01700235530493699,12.0,-0.7539591534973386
0.3969680239856535,-0.6384178426476486,13.0,-0.3829422476549105
-0.31710011923665665,-0.6664003723395726,14.0,0.32930616993212425
-0.7283842769884864,-0.08722924431661061,15.0,0.7276959193587759
-0.4685032445822408,0.5598750759453871,16.0,0.45580239146344737
0.2126929424780459,0.6845323358315716,17.0,-0.22560731175492843
0.6867940367673238,0.18361679557249433,18.0,-0.6881622224682834
0.5263441368274,-0.4745195178006692,19.0,-0.5151493599580098
-0.11004020710972576,-0.687686324558936,20.0,0.1233589926443468
-0.6336577735882544,-0.2706567656465175,21.0,0.6369349126334828
-0.5701118254846959,0.38448387972817466,22.0,0.5605630977197273
0.011127498664784841,0.6766704418943689,23.0,-0.02455627099016311
0.5707285633475663,0.3471232922108364,24.0,-0.5757368363380261
0.5997357207820254,-0.2918718574823065,25.0,-0.5919313861664638
0.08225129366992237,-0.652533918456329,26.0,-0.06899205470032754
-0.49985656017517294,-0.4120769448022543,27.0,0.5063932952221869
-0.6154370009219903,0.19871703573871635,28.0,0.6094341988381909
-0.16851929773177662,0.616531730649039,29.0,0.15568938630066975
0.42294571451515073,0.464867150510741,30.0,-0.43078895648781923
0.6177071225049223,-0.10694561190310814,31.0,-0.6135230251417159
0.24633609079631125,-0.5700870951903338,32.0,-0.23417144016713076
-0.34191191763700834,-0.505128603608061,33.0,0.3508260652642786
-0.6072820854724748,0.01834347476399878,34.0,0.6048958760846853
-0.31461119141541816,0.5147527261089176,35.0,0.30332046506204635
0.2586433407678176,0.5327720824857838,36.0,-0.268384732998454
0.5851132232100313,0.06547194606120632,37.0,-0.5844687317935778
0.37251168223443365,-0.45217171423577146,38.0,-0.3622736181018313
-0.17496364766499267,-0.5479701863611482,39.0,0.18528598862208812
-0.5523353142392489,-0.14307476518877926,40.0,0.5533442187329821
-0.41946415054006847,0.3840388468089359,41.0,0.4104256685912888
0.0925986614780875,0.5511385776879894,42.0,-0.1032581830769036
0.5102328200250889,0.21324848652611084,43.0,-0.5127783149991268
0.4551512379817803,-0.3120631282452299,44.0,-0.4474263050675359
-0.013146962668413129,-0.5429133734929832,45.0,0.023907235176756636
-0.46020504468104106,-0.2749985505444083,46.0,0.464145875673512
-0.47950318357585175,0.23793219438244528,47.0,0.4731724146106661
-0.06194521295963075,0.5241253697221252,48.0,0.05130889975532016
0.4037309879398765,0.3275596370986561,49.0,-0.40890574809740454
0.4926848235594896,-0.1632792336702138,50.0,-0.48779578423784775
0.13140451600941222,-0.4957718072554321,51.0,-0.12110126512859865
-0.34233462407473403,-0.37039788068302604,52.0,0.3485662104372142
-0.49507857706495234,0.08965294207407243,53.0,0.4916467411043847
-0.19414631281244543,0.45898639697572047,54.0,0.18436627622482132
0.2775512881240553,0.40320824934413163,55.0,-0.28465141762283097
0.4872639974195574,-0.018490946082042325,56.0,-0.4852743007467188
0.2492857548114324,-0.41500831490830736,57.0,-0.2401973697407911
-0.21089578857462032,-0.425907422206893,58.0,0.21866947842135886
-0.4699945049605715,-0.04890296762886576,59.0,0.46940343046755095
-0.2961441400734306,0.3651508579877574,60.0,0.2878919678817238
0.14383279448733685,0.438622572610345,61.0,-0.1520827179046394
0.4441719387099092,0.11137757444468932,62.0,-0.4449100582830727
0.33425071171744025,-0.31077041769633384,63.0,-0.32695388823085897
-0.07774996688063197,-0.44167652342160973,64.0,0.08628060284701061
-0.41081957149760884,-0.16794874095292733,65.0,0.41279446698938876
-0.3633401224132843,0.25323638407798527,66.0,0.35709141559955165
0.013934221013490974,0.4355697877072447,67.0,-0.02255572562053776
0.3710542268355802,0.21780970966093632,68.0,-0.3741537085045199
0.38334586890733613,-0.19390253804073554,69.0,-0.37821132770163884
0.04644857998239568,-0.4209600414030498,70.0,-0.03791684308603854
-0.32605811693995845,-0.2603371772990143,71.0,0.3301536565787702
-0.3943900647913055,0.1340804271012358,72.0,0.39040923178443876
-0.10237028695568894,0.3986395950163422,73.0,0.09409660897879035
0.27705099090078583,0.2950932880498322,74.0,-0.28200128732779883
0.3967699727602267,-0.07501515054967406,75.0,-0.39395662358946026
0.15295335544422287,-0.36951143906990347,76.0,-0.14509097866423765
-0.22526314138926704,-0.321823739062287,77.0,0.23091773807859262
-0.3909417589797958,0.017863906204325375,78.0,0.38928512270950827
-0.19747992268192474,0.33456443353504894,79.0,0.19016480017710558
0.17190976889614726,0.34045226318227856,80.0,-0.17811264713540054
0.3775019617393386,0.03632242574983291,81.0,-0.376968369401988
0.2353971083880827,-0.29484819570306214,82.0,-0.22874614586202074
-0.11816714582615616,-0.35107181208598964,83.0,0.1247602217488894
-0.3571671843914298,-0.0866144641556782,84.0,0.35770208722629715
-0.2663186514409864,0.25144821478738866,85.0,0.260428438821772
0.06515096040876824,0.3539328112867053,86.0,-0.07197742037738791
0.3307525289936516,0.1322161531298685,87.0,-0.3322828238066261
0.29002306253064547,-0.20546168617396277,88.0,-0.28496909261891923
-0.013897153925273062,-0.34942889640639296,89.0,0.02080456984129203
-0.2991492826058943,-0.17247318802597555,90.0,0.3015858790715728
-0.306448533255687,0.15797451489466013,91.0,0.3022848949491619
-0.03465450421383552,0.33808056748810583,92.0,0.027811330213203533
0.26330235358233317,0.20687806776427523,93.0,-0.266542917185707
0.3156848940933942,-0.11003988793765629,94.0,-0.31244441879104423
0.0796739289304018,-0.3205172150324768,95.0,-0.07303043248787028
-0.22418793131900583,-0.23507186723893153,96.0,0.2281197359212575
-0.3179629566623192,0.06265875983064162,97.0,0.31565778847783843
-0.12045121427037728,0.2974579781368945,98.0,0.11413088281877343
0.1827918108010717,0.2568428847627192,99.0,-0.18729463642995686
0.3136416093620326,-0.016762536961430763,100.0,-0.3122641628700464
0.1564040728177652,-0.26969189205894234,101.0,-0.15051662989671616
-0.140088784071272,-0.27212237404169454,102.0,0.14503779836770647
-0.30319305967258453,-0.026801815241384308,103.0,0.30271732314031696
-0.18708224635888443,0.23805777034387451,104.0,0.18172222159885815
0.09702345562417805,0.28097761726658266,105.0,-0.10229202129349746
0.28718663118667226,0.06728408047323137,106.0,-0.28756976866645706
0.21216897447327188,-0.20342424613279758,107.0,-0.20741466587189908
-0.05449278898069898,-0.28360263504211686,108.0,0.05995514445879979
-0.26627152907703794,-0.1040404152582941,109.0,0.26745573137170475
-0.23147966251603633,0.1666703693023397,110.0,0.22739248926605282
0.013330638595405743,0.2803068597160437,111.0,-0.018864404795297662
0.24115898458952098,0.13654024879762486,112.0,-0.24307351695300045
0.24495793917700356,-0.12866712168257272,113.0,-0.24158217546534147
0.025705533929398627,-0.27150212107254973,114.0,-0.020217061646463086
-0.2126041778706383,-0.1643704772563541,115.0,0.21516757133994216
-0.2526693358174026,0.09026017283337948,116.0,0.2500322088217378
-0.06194561636059551,0.25768830735583653,117.0,0.05661142509415823
0.18138831969287725,0.18723702474573237,118.0,-0.18451065311975323
0.25479285463099266,-0.05225415484832602,119.0,-0.25290498351275215
0.09481538777768143,-0.2394380703937756,120.0,-0.08973497993810503
-0.14830124724697727,-0.20496389260472925,121.0,0.15188646833554087
-0.2516107200620103,0.015398687544612016,122.0,0.2504668671688665
-0.12384261283003097,0.21738094155621987,123.0,0.11910453479891461
0.11412485803184141,0.21748986258677133,124.0,-0.11807309390521395
0.24349662771501804,0.01962366367509724,125.0,-0.2430767285335298
0.14866070690481267,-0.19218721590922694,126.0,-0.14434138620396997
-0.07961766995742256,-0.22486305762840914,127.0,0.08382748087004926
-0.23090281725012296,-0.05220736492537542,128.0,0.23117325192787494
-0.16901003912241627,0.16455194582918484,129.0,0.16517293577460804
0.045500756092442966,0.22723359558793585,130.0,-0.04987128976381913
0.21434630066141183,0.08183174324883954,131.0,-0.21526136717058358
0.1847369842211564,-0.1351793632406445,132.0,-0.1814320552652897
-0.012445260063604602,-0.22484459641931617,133.0,0.01687826860626615
-0.19439457521519296,-0.10806663417201282,134.0,0.19589812245417879
-0.195790873708617,0.10476802233860674,135.0,0.1930543435240581
-0.018938346031299017,0.21802182156667418,136.0,0.014536659610563524
0.1716511416300437,0.1305758596071581,137.0,-0.17367831993323132
0.20221903062438132,-0.0739969230049077,138.0,-0.2000734539256678
0.04810914419933011,-0.2071622359464096,139.0,-0.04382647755170263
-0.14674113337247427,-0.14911859171726202,140.0,0.14922021999103668
-0.20416010049921338,0.04351284003083378,141.0,0.20261469967593837
-0.0746027212526851,0.1927217878885852,142.0,0.07051924428503956
0.12029734286941093,0.16354869811787118,143.0,-0.12315160092991079
0.2018359133677622,-0.013919045623584925,144.0,-0.20088716733378884
0.09803615877336397,-0.17520270111134467,145.0,-0.09422332153181501
-0.0929469057223707,-0.17381219929071545,146.0,0.09609643690363642
-0.195542127890306,-0.0142344265795262,147.0,0.19517458581797756
-0.1181110750403363,0.15514056560184888,148.0,0.11463066236088684
0.06529887542145378,0.1799429998563848,149.0,-0.0686624290394007
0.18563791878832192,0.04045886774850807,150.0,-0.18582520908209327
0.13461477049727746,-0.13309150166147823,151.0,-0.13151820827988006
-0.03793288940651599,-0.182057081046917,152.0,0.04142959365059207
-0.1725349730443581,-0.06433326196554942,153.0,0.17324097566373964
-0.1474195639055286,0.10961965391208625,154.0,0.14474747647008623
0.011389093430547403,0.18034536210423296,155.0,-0.01494007807363501
0.15668605891645965,0.08550890673860445,156.0,-0.15786620769210696
0.15648043804984135,-0.08528525039539922,157.0,-0.15426245095183658
0.013840544133689594,-0.17506545330517467,158.0,-0.010310660231953733
-0.1385734251284208,-0.10371229372320226,159.0,0.14017610601534197
-0.16183114132269197,0.060633436712432265,160.0,0.1600859193448025
-0.037319432337751944,0.16653253288820896,161.0,0.03388121131326943
0.11869727606349408,0.11874629238210276,162.0,-0.12066528730679531
0.16357891439597208,-0.03618406715901565,163.0,-0.16231442024900256
0.05867201213501955,-0.15510958444612677,164.0,-0.055390042661155464
-0.09756455292748065,-0.1304897113383751,165.0,0.09983659383645462
-0.16189802929788982,0.012422604755157884,166.0,0.16111198491497175
-0.07758784029727854,0.14119723058107275,167.0,0.0745197718446769
0.07567823123222274,0.1388953408188575,168.0,-0.0781903876205238
0.1570223414578196,0.010207749333055044,169.0,-0.15670287070202743
0.09382411117388977,-0.12522339309782463,170.0,-0.09101988563958753
-0.053527322199617686,-0.14398660445573078,171.0,0.056214518473716585
-0.14923706367623116,-0.031312608501219,172.0,0.14936349282634323
-0.10720665597888146,0.10763300012782515,173.0,0.10470794082061315
0.03157774044489451,0.14585296952627022,174.0,-0.0343751307489408
0.1388699746326384,0.05055157902151261,175.0,-0.139413765177536
0.11762948794421434,-0.08887794678803192,176.0,-0.11546931061145162
-0.01026417322453901,-0.1446442812804267,177.0,0.013108446899602888
-0.12628227366330444,-0.06764203868622698,178.0,0.12720806072926832
-0.1250529872721217,0.06940749879089957,179.0,0.12325556664655353
-0.010016941714122242,0.14056419924173488,180.0,0.0071863619168847925
0.11185928840432445,0.08236152044037826,181.0,-0.11312599754430275
0.12950084201300063,-0.04965930838137969,182.0,-0.12808160881524588
0.02891325142482199,-0.1338629212708523,183.0,-0.02615313650346021
-0.09600123285691285,-0.09454873376396784,184.0,0.09756324792370062
-0.1310558795346332,0.030051189660253996,185.0,0.13002167427628028
-0.04612108663447617,0.12482938484755259,186.0,0.04348346838373707
0.07911420090147635,0.10410328236214565,187.0,-0.08092255627934059
0.1298549379694835,-0.010973776344566921,188.0,-0.129204372084886
0.06138880266697112,-0.11378313462681397,189.0,-0.05892019144210364
-0.06160156472333806,-0.11098415982635969,190.0,0.06360513625134519
-0.1260829378521428,-0.007215840097262866,191.0,0.12580690116354884
-0.07451886772798397,0.1010660411011953,192.0,0.07225962805926363
0.04385592950908949,0.11520712502693954,193.0,-0.04600259995003263
0.1199663210955264,0.024199419640375253,194.0,-0.12004861676791909
0.08536872902714898,-0.08703404746669058,195.0,-0.08335261658908105
-0.02625177564471271,-0.11684107585580807,196.0,0.028489552480239558
-0.11176602758757637,-0.03970178355234846,197.0,0.11218411423540027
-0.0938505102955869,0.07204911090266192,198.0,0.09210437025163713
0.009138898021792177,0.11600355340228637,199.0,-0.011416963616354761
0.101770179177668,0.053493903297005194,200.0,-0.1024959987907044
0.0999296149049526,-0.05647149084224597,201.0,-0.09847323836655084
0.007163270536473826,-0.11285551863750648,202.0,-0.004893593824659773
-0.09028663688643751,-0.06539487094956088,203.0,0.0912875067378336
-0.10362232673059206,0.04065252086774877,204.0,0.10246845904074577
-0.022370387766098745,0.10759555020526473,205.0,0.02015477220036914
0.07763559009376371,0.07527277618434032,206.0,-0.07887513676555505
0.10499251591943999,-0.02492798307254157,207.0,-0.10414700775049533
0.03623694141379213,-0.10045361503748693,208.0,-0.03411730001331041
-0.06414232656408964,-0.08304453567532409,209.0,0.06558144064092247
-0.10414756868720088,0.0096121845570242,210.0,0.10360965856423511
-0.04855898119315382,0.09168456336415352,211.0,0.046572834225908216
0.050130319821483735,0.08867473938572557,212.0,-0.05172811063145523
0.10123366911378691,0.005007184358055555,213.0,-0.10099638396298373
0.05917584635482462,-0.08156149646653103,214.0,-0.057355814062507934
-0.035914755982762434,-0.09217359446267642,215.0,0.03762948696615698
-0.09643056663278564,-0.018673351150501408,216.0,0.09648122533540524
-0.06797091222611058,0.07036914947188139,217.0,0.06634433674691277
0.02179660610819388,0.09359406110589973,218.0,-0.023586592918833985
0.08994596558485078,0.031163882836107368,219.0,-0.09026676929721932
0.07487139766770935,-0.05839742289434374,220.0,-0.07346009432376323
-0.008057332858100525,-0.09302828571667938,221.0,0.009881788100344555
-0.08200967294982547,-0.042293210042343224,222.0,0.08257836513001673
-0.0798472920513806,0.04593518581563823,223.0,0.07866742752460638
-0.0050456978274227,0.0906034447931001,224.0,0.0032258872970003516
0.07286763736388335,0.05191425435747375,225.0,-0.07365821602249863
0.08290947485687607,-0.03326446091781829,226.0,-0.0819715673409549
0.01728304776556832,-0.08647711841443022,227.0,-0.01550462285350801
-0.06277600698751294,-0.05991917807932245,228.0,0.06375947163549389
-0.0841071131500576,0.020655087395791624,229.0,0.08341614737353949
-0.028456246469604745,0.08083231480319221,230.0,0.026752966756108318
0.05199532597790483,0.06623929222260866,231.0,-0.05314044205860461
0.0835244319253169,-0.008359942465848286,232.0,-0.0830800800159102
0.038400024232903146,-0.07387226747528518,233.0,-0.03680215498679161
-0.04078497952649533,-0.07084417367495643,234.0,0.042059043767536664
-0.08127695951878991,-0.0033892138744998773,235.0,0.08107389705331698
-0.046983739929221426,0.06581512403772284,236.0,0.045517640063871094
0.029397985963444742,0.07374005551272671,237.0,-0.030767577029188475
0.07750735502281968,0.014385222621359356,238.0,-0.0775356602921263
0.05411202138666596,-0.056888640963089765,239.0,-0.05279983485989154
-0.018076221635851573,-0.07496756554217082,240.0,0.019507921668448294
-0.07238092690626553,-0.02444830632386652,241.0,0.07262655042847464
-0.05972465116747522,0.0473249918906888,242.0,0.05858410207676159
0.007046150473612552,0.07459889701593346,243.0,-0.00850722454446437
0.06608095196594377,0.03342813082905748,244.0,-0.06652624260823826
0.06379574402080909,-0.037355788432196536,245.0,-0.06284003352194072
0.0034848842955130382,-0.0727345021348218,246.0,-0.002025862191468164
-0.05880390144040493,-0.04120514814089867,247.0,0.05942817515258943
-0.06633227398730988,0.02720740237361366,248.0,0.06557007520451959
-0.013331763599400014,0.06949940337310977,249.0,0.011904347626310458
0.050754676784006414,0.04769123494695698,250.0,-0.05153481389488103
0.06737201898455811,-0.017096666858670215,251.0,-0.06680756430817729
0.022334063248032172,-0.06503921990404776,252.0,-0.020965443662648436
-0.042141951433777004,-0.05282965484338934,253.0,0.0430530086996209
-0.06698099859983757,0.007227021913281048,254.0,0.06661425221583878
-0.03035787853037495,0.059516006531863584,255.0,0.029072466348184327
0.03317370713590101,0.056594384411435356,256.0,-0.034189531234207655
0.06525048671380011,0.00221484317297245,257.0,-0.06507739389303854
0.0372970032005819,-0.05310400067674234,258.0,-0.03611609557414304
-0.024053044283940648,-0.05898885389789624,259.0,0.02514687419029566
-0.06229368447236015,-0.011061811255618469,260.0,0.062306488079358714
-0.04307347647265853,0.04598536926549136,261.0,0.04201500488613265
0.01497433552115347,0.06004416220273004,262.0,-0.016119382165879076
0.058242141051850424,0.019168596378780767,263.0,-0.05842975492110391
0.04763752370313946,-0.038346042033359194,264.0,-0.04671588528260776
-0.006119780844996104,-0.05981683309112142,265.0,0.007289773584059703
-0.053242009699464195,-0.026413427258446878,266.0,0.05359043797387775
-0.05096692727700147,0.030371710947232518,267.0,0.05019289780554357
-0.002343589105464583,0.0583861849816281,268.0,0.001173898387999625
0.047450224786644624,0.03269915448476643,269.0,-0.047943016013413456
0.0530658736741852,-0.02224406744017783,270.0,-0.05244659932412153
0.010266426732000249,-0.0558513903070247,271.0,-0.009120809673487766
-0.041030682226526,-0.03795379248513867,272.0,0.04164940695035417
-0.053963330669982774,0.01413734013523578,273.0,0.053502394036098445
-0.01751907513570212,0.05232830233299739,274.0,0.01641942940989089
0.03415050074237209,0.042130518142372925,275.0,-0.03487524151411608
0.053711015036735456,-0.006215185975592119,276.0,-0.053408569799609
0.02399305838814728,-0.04794612751265283,277.0,-0.022959071480577638
-0.026976435317143353,-0.04520715773814309,278.0,0.027786278430302
-0.052381015927194845,-0.0013720225914277961,279.0,0.05223398341209792
-0.02960205423631012,0.04284402005040212,280.0,0.02865093175030132
0.019671506905252732,0.047185202453998105,281.0,-0.0205450257574585
0.0500631423268064,0.008489482267613896,282.0,-0.050065462355703055
0.03428235959906689,-0.03716767246526966,283.0,-0.033428619860857954
-0.012391904357476429,-0.048088399907056045,284.0,0.013307625093946195
-0.04686206459154225,-0.015019793863120072,285.0,0.0470049923645204
-0.0379928689254888,0.03106597172754782,286.0,0.037248204205147725
0.005284205715387691,0.047960975055917385,287.0,-0.0062210467175368225
0.04289432019834884,0.020864336430463336,288.0,-0.0431667604859793
0.0407145942237806,-0.024687785158125745,289.0,-0.040087797513501215
0.0015170432099199692,-0.04686553824392673,290.0,-0.0005793654075698235
-0.03828525251303252,-0.02594417946234235,291.0,0.03867412218999843
-0.04244976321360251,0.01817893390215597,292.0,0.041946718236242006
-0.007891364534433443,0.044880741145439086,293.0,0.006971969199548386
0.03316594873584704,0.030200541502131122,294.0,-0.033656558632217774
0.043220538511751116,-0.011679404607013583,295.0,-0.04284426948031798
0.013733979333881399,-0.04209874296991147,296.0,-0.012850500484773326
-0.027670239348859933,-0.033594812254575265,297.0,0.028246686528011766
-0.043067405969758624,0.005320842141878397,298.0,0.042818182605493436
-0.0189570244062771,0.03862254950599204,299.0,0.01812533866460006
0.02193181650889954,0.03610816316684345,300.0,-0.022577378386279615
0.04204728420859008,0.0007756420145461213,301.0,-0.041922776664497105
0.023490354142955576,-0.034563286529151784,302.0,-0.02272436017751924
-0.016081523065517366,-0.03774077836554204,303.0,0.016779045246131455
-0.04023141003501216,-0.006501319528205186,304.0,0.04022688766751865
-0.02728193536099616,0.0300374668491331,305.0,0.026593386402510768
0.010244857403573726,0.03851074369968709,306.0,-0.010977127715318738
0.037703055797777975,0.011761335393533738,307.0,-0.037811623190288544
0.03029785077103394,-0.02516430695047804,308.0,-0.029696240514998553
-0.004539732288486959,-0.03845263639464008,309.0,0.00528983420908874
-0.03455513489521269,-0.016475829179363084,310.0,0.034767998164024046
-0.03252193380120721,0.020063144912111346,311.0,0.03201443490997071
-0.0009254814971535224,0.03761586143595338,312.0,0.00017384200842133352
0.03088775064704834,0.020580686018143533,313.0,-0.031194506849739137
-0.20693740986114723,0.9156247173369448,0.0,0.0484347141650221
0.6437970911265901,0.6493746017679702,1.0,-0.6545770057493211
0.8916612831867556,-0.1934597587324044,2.0,-0.8848437643842524
0.3229712084530507,-0.843505630691088,3.0,-0.3051104435068236
-0.528446772178471,-0.7128678111555686,4.0,0.5408741198163047
-0.8819800312890244,0.0640803605145146,5.0,0.8777693964111379
-0.4256791207663193,0.7673139498361997,6.0,0.4089927424107559
0.40906635710701683,0.7581651242130962,7.0,-0.4227924507388331
0.8549248195156869,0.0590678375431386,8.0,-0.8532548915549001
0.5137483075666985,-0.6799536592110047,9.0,-0.498507293212741
-0.2883185050359464,-0.7854049285289229,10.0,0.3029885496336915
-0.8120576787157243,-0.17384311834120703,11.0,0.8128144614944713
-0.5862401065252842,0.5838519057872443,12.0,0.5726702572055803
0.16873862489216004,0.7950848071028057,13.0,-0.18399928896183915
0.7551712579125074,0.2783987774665808,14.0,-0.7581980393146254
0.6425873324112912,-0.4814722747895067,15.0,-0.6308673112956908
-0.05269072061217355,-0.7880305005667895,16.0,0.06819723703697378
-0.6862389351651995,-0.37120350135375235,17.0,0.6913419619371147
-0.682584179390363,0.37526256318240303,18.0,0.6728446232209784
-0.05767070623353015,0.7653600028197711,19.0,0.04224802705362907
0.6073641580716297,0.45105414428030677,20.0,-0.6143187334930328
0.7063693616157747,-0.2676059156953864,21.0,-0.6986930206526021
0.16043227432857995,-0.728443803709059,22.0,-0.14540221727968206
-0.520730089090111,-0.5170810869948069,23.0,0.5292869448739895
-0.7144032287711671,0.1607761213642389,24.0,0.7088260725040627
-0.2539465953010643,0.6788623117225325,25.0,0.23959197787009612
0.42855056204477304,0.5687465000051419,26.0,-0.4384423589042702
0.7074396728615318,-0.056897737480661736,27.0,-0.7039528827618327
0.3368502881639094,-0.6183614868555426,28.0,-0.3234237207063434
-0.33302327090599665,-0.6058359600491866,29.0,0.34397108808705557
-0.6864937009475196,-0.0420884291754281,30.0,0.685046458070446
-0.4080751685201208,0.5488076902235345,31.0,0.3957956757841552
0.2362860128971318,0.6284439773325395,32.0,-0.24800569533382777
0.6528055857262016,0.13445409376031947,33.0,-0.6533085501828299
0.466852782437101,-0.4721427143050988,34.0,-0.45590330490256487
-0.14037669798724642,-0.6369540824910441,35.0,0.15258494028377978
-0.6078025223561849,-0.21870626699230122,36.0,0.6101318935977292
-0.5127125803561068,0.3903398978927222,37.0,0.5032383549657826
0.04719771876148043,0.6320141950866976,38.0,-0.05961777759064424
0.5530587165774242,0.2936039170923621,39.0,-0.5570607580890382
0.5454741385515335,-0.3053621551199204,40.0,-0.5375819405579935
0.041514848612381326,-0.6145080493761604,41.0,-0.02914790823615121
-0.49025480720975445,-0.3581685370852078,42.0,0.4957507165461428
-0.5652339329840892,0.21912266070443942,43.0,0.5589921441846559
-0.12421686726996228,0.5855234881025101,44.0,0.1121514713944527
0.4211374870600841,0.4116887574666156,45.0,-0.42792849206470307
0.5723472517856927,-0.13344883630723836,46.0,-0.5677867056305661
0.1995763667048874,-0.5463184515443256,47.0,-0.18804034134401904
-0.34748013191571675,-0.4537192571951873,48.0,0.3553526963034487
-0.5674058973449375,0.05005017821261892,49.0,0.5645214384906119
-0.2664882768419102,0.4982854877570561,50.0,0.2556854140929557
0.27104517964689756,0.48407432719673055,51.0,-0.27977620571100814
0.5512123766837316,0.02950964304971826,52.0,-0.549965061666677
0.3240836893525474,-0.4429155919171357,53.0,-0.3141910022884739
-0.19354892263575513,-0.5028165287002108,54.0,0.20291084543423377
-0.5247513095484774,-0.10383609247996473,55.0,0.525071166486324
-0.3717337765647923,0.3817621492767437,56.0,0.3628994586233397
0.11662928904368186,0.510240962727749,57.0,-0.12639496477701267
0.48915879774708354,0.17172228304129344,58.0,-0.4909480563843649
0.40904859938138977,-0.31640570902508214,59.0,-0.4013906887240348
-0.04181709412694352,-0.506855726252446,60.0,0.05176439527412896
-0.44569049742750483,-0.23216259361950153,61.0,0.44882719644291386
-0.4358711260923072,0.24842025709876037,62.0,0.4294768610457758
-0.029488855787311967,0.4933591745792813,63.0,0.019572814953941475
0.3956891191801535,0.28436140057861437,64.0,-0.40003099542039594
0.45226686262283355,-0.17934158659451221,65.0,-0.4471927010641352
0.09604252468950485,-0.47061463837891654,66.0,-0.08635759662413062
-0.340552050269559,-0.3277370298912008,67.0,0.34594061438986135
-0.458509560687943,0.11063828691347782,68.0,0.4547818243154576
-0.15676709217695853,0.43962325780959016,69.0,0.14749679045049646
0.2816997503836943,0.36192112779750263,70.0,-0.2879644551521557
0.45506352292613406,-0.0436857891583492,71.0,-0.4526796169219514
0.21076699952898956,-0.4014955958812083,72.0,-0.2020757180231661
-0.22054551862349842,-0.3867537295964905,73.0,0.2275079297155158
-0.44256306306821985,-0.020256182333388828,74.0,0.4414932128384995
-0.25733560776446646,0.3574226794805736,75.0,0.24936639066612032
0.15846716675821598,0.40227437738159516,76.0,-0.1659450510702501
0.421789704559061,0.08006249208583421,77.0,-0.4219791441179623
0.295958567470047,-0.3086470903582894,78.0,-0.2888314433404432
-0.09678106384502548,-0.40870969746037406,79.0,0.10459231698458832
-0.39364771306996904,-0.13475763869872814,80.0,0.3950192542585454
-0.32631308159054184,0.25643469112008405,81.0,0.32012396254466613
0.03671894199712225,0.40645789628161577,82.0,-0.04468528443492964
0.35913855754939544,0.18352688063145634,83.0,-0.3615954656574982
0.34826331534992105,-0.20204752428107847,84.0,-0.34308345082355196
0.020592225771069908,-0.3960706696437272,85.0,-0.012641845586471578
-0.319334881621339,-0.22572344453006182,86.0,0.32276398108554843
-0.36185227102997947,0.14671836724944154,87.0,0.3577282349481112
-0.07414704528000038,0.3782330437553119,88.0,0.06637339299225498
0.27535454321753594,0.2608718976290053,89.0,-0.27962947683169287
0.36729049872839953,-0.09162736430764401,90.0,-0.36424467927239784
0.12307506873980421,-0.35374167858096484,91.0,-0.1156259534294879
-0.22833524645305567,-0.28866783902643617,92.0,0.23331981286656922
-0.3649420569555674,0.03788108989611377,93.0,0.362973609699241
-0.1666506392931895,0.3234821642886666,94.0,0.15965866186193722
0.17941024719377888,0.30897413048394634,95.0,-0.18496174425904455
0.3553081687611593,0.013505672576563932,96.0,-0.3543943868064157
0.20429921749181168,-0.28840583118280483,97.0,-0.19787995947363246
-0.12968556389024147,-0.3218139449313215,98.0,0.13565806952338721
-0.33900903999483956,-0.061625223953687414,99.0,0.33910708895709285
-0.23560026591431915,0.24950657309538507,100.0,0.22985092990408157
0.080219069505021,0.3273609593789409,101.0,-0.08646659697026965
0.31676431651114956,0.10568917405797879,102.0,-0.31781327782051544
0.2602868336966584,-0.20779815481881347,103.0,-0.25528533674467013
-0.03200178021671723,-0.3259270579909052,104.0,0.03838125097675393
-0.2893726570426078,-0.1450375279946603,105.0,0.2912958200497334
-0.2782420416067407,0.16429243691436085,106.0,0.2740465536410319
-0.014058406478501711,0.31794794041191493,107.0,0.0076844221847938154
0.25769088868836776,0.17914463200006822,108.0,-0.2603982304683348
0.28949271964838136,-0.11997890733745048,109.0,-0.2861416303948512
0.05715033617440998,-0.30396705003497754,110.0,-0.05091115323756917
-0.22261319326171203,-0.20762204079464386,111.0,0.22600398475130123
-0.2942004924170013,0.0758058600633324,112.0,0.29171278253646726
-0.0965704609729142,0.28461824691601145,113.0,0.0905851219743839
0.18505074600831292,0.23021842740154772,114.0,-0.18901622411511554
0.29265064214496667,-0.03266350758955733,115.0,-0.291026627499487
0.1317308817596628,-0.2606076508412559,116.0,-0.12610633409028127
-0.14591219446002587,-0.24681670949836718,117.0,0.15033824195737192
-0.28523910535772695,-0.008630741846538115,118.0,0.28446151754009535
-0.1621645700635456,0.23269507215014446,119.0,0.15699419519187185
0.10608532552047747,0.2574286128430878,120.0,-0.11085510376922444
0.27245797629343455,0.04734466896562317,121.0,-0.2724933378608006
0.18752782754578354,-0.2016754319818405,122.0,-0.18289033183867293
-0.06642022444092535,-0.2621869315962802,123.0,0.07141670814209689
-0.25487989887752943,-0.08284117433840082,124.0,0.25568014815798024
-0.2076000939654284,0.16836055043725248,125.0,0.2035587625658268
0.027714181319060827,0.26133577707220673,126.0,-0.0328225494503015
0.2331417294145597,0.11458569639549443,127.0,-0.23464604730735417
0.22228126193954428,-0.13356165162404482,128.0,-0.21888356973245038
0.009301449674802434,-0.2552191303850241,129.0,-0.004191606991492125
-0.20792784473632434,-0.142151112026125,130.0,0.21006463458782612
-0.2315866983035805,0.09807289964985116,131.0,0.228864265087301
-0.04397228480432577,0.24426803057982382,132.0,0.038964977664758954
0.179953455933055,0.16522016669959644,133.0,-0.18264242730976418
0.23564020688496137,-0.06265624037173331,134.0,-0.23360907761403252
0.07572973724582303,-0.2289867382809506,135.0,-0.07092083329707857
-0.14994826670858352,-0.1835855285552654,136.0,0.15310257463324442
-0.23466519569613178,0.028027781149628922,137.0,0.23332642116732236
-0.10409758461105033,0.20993821592211165,138.0,0.09957333346993433
0.11864078864737886,0.19714760372964274,139.0,-0.12216918156315384
0.22897433275552137,0.005154103953089739,140.0,-0.22831482142794132
0.1286962754949391,-0.18772925966250525,141.0,-0.1245321147084115
-0.08674359413471552,-0.2059102877288469,142.0,0.09055252640404757
-0.21895798893234095,-0.03629880208737862,143.0,0.21895159676962117
-0.14924501913048274,0.16299560565999224,144.0,0.14550466956997174
0.05493975225205943,0.2099748594499271,145.0,-0.05893542028801879
0.20507177350340253,0.06489152742502988,146.0,-0.20568059581045078
0.16556174475295596,-0.13638731510424093,147.0,-0.16229659698288115
-0.02387065462406452,-0.2095322501983616,148.0,0.02796091969398659
-0.18782346876073897,-0.0904993750755119,149.0,0.18899929597860785
-0.17756105555845567,0.10855471901625613,150.0,0.17480984271234526
-0.005874602128836969,0.20485393956845738,151.0,0.0017784369337152384
0.16775966439117657,0.11277535715180143,152.0,-0.16944556269437652
0.18525033565501245,-0.08013517607133966,153.0,-0.18303908279131156
0.033768152041772685,-0.19628174331122655,154.0,-0.02974973832180927
-0.14545238094237029,-0.13146045640992407,155.0,0.14758435822293525
-0.18872419674455032,0.05174086541827286,156.0,0.18706643160857217
-0.05935052977288874,0.18421676541002527,157.0,0.055487066325645845
0.12148595506348617,0.14638377114242393,158.0,-0.12399467344786669
0.1881574741659541,-0.023947802491989245,159.0,-0.18705467984843563
0.0822360318892663,-0.1691077877310948,160.0,-0.07859707041761088
-0.09644443800455772,-0.15746085953633068,161.0,0.09925693536456393
-0.18379699922465914,-0.0027137700050877678,162.0,0.18323928542469953
-0.10211626576266422,0.15143936613258774,163.0,0.09876274166173149
0.07089973377453329,0.1646904220224777,164.0,-0.07394111869388445
0.1759523864070596,0.02776750060815375,165.0,-0.17591935291647812
0.11876191944276777,-0.1317198922291471,166.0,-0.11574541426823466
-0.04540067513042646,-0.16814948587867473,167.0,0.048595762402947745
-0.16498608021843095,-0.050797478767537346,168.0,0.1654478438713317
-0.13202282011443764,0.11046986561252942,169.0,0.12938505723837299
0.02046320495556451,0.16798727724496798,170.0,-0.023738061815473943
0.1513029071884485,0.07145317385248665,171.0,-0.15222126187123264
0.14182637961518713,-0.08821060279245008,172.0,-0.13959894975070544
0.0034382016543632607,-0.16441798162085144,173.0,-0.0001548248217735082
-0.13533937435288299,-0.08945275682987891,174.0,0.13666905273245017
-0.14817455255825587,0.06545358706267962,175.0,0.14637886134639122
-0.025877772392546093,0.15771260481152247,176.0,0.022653149227377933
0.11755294662356434,0.10458483124691255,177.0,-0.11924295200987901
0.15113945554628516,-0.04269063857131189,178.0,-0.149786881339116
0.046484260888969224,-0.14819015224204485,179.0,-0.043380552384071486
-0.09841152235342987,-0.11670863094820585,180.0,0.10040649952496317
-0.1508578145442184,0.02038505675153457,181.0,0.14995006093515845
-0.06494532179352382,0.13620834572946508,182.0,0.062018609799211755
0.0783833096010992,0.12575276979631073,183.0,-0.08062492444247372
0.14752442158374157,0.0010361413673017073,184.0,-0.14705404617419918
0.08101043314230819,-0.12215409345213903,185.0,-0.07830993379323387
-0.057927285657117404,-0.13171265314854538,186.0,0.06035558503840063
-0.14138479156913164,-0.02118879292977674,187.0,0.1413358899532182
-0.09449239117158088,0.10643392131132016,188.0,0.09205985375369541
0.037484399899945814,0.13464668166934732,189.0,-0.04003912529109366
0.13272721511324156,0.03973690674411334,190.0,-0.13307623713146177
0.10526743031197114,-0.08946456254082011,191.0,-0.1031367229995505
-0.017469655610242506,-0.13467139501368286,192.0,0.02009148640630412
-0.12187440420587362,-0.056396691387845185,193.0,0.12259107816327039
-0.11327404598570118,0.0716638877376214,194.0,0.11147092598922902
-0.0017348194026078113,0.13195571588656915,195.0,-0.0008968859633122495
0.10917492433694054,0.07093928709338934,196.0,-0.11022326410199887
0.1185106196917533,-0.05344233995484601,197.0,-0.11705268175196654
0.019785630015758216,-0.12671446393382607,198.0,-0.01719814887969122
-0.09499459976421669,-0.08319222133845693,199.0,0.096333969439754
-0.12103196442940278,0.03519501963780827,200.0,0.11992875831970021
-0.036382842163301836,0.1192013139000623,201.0,0.03388963415347279
0.07970806828966503,0.09303963286296117,202.0,-0.08129427944852018
0.12094492359408482,-0.01729454253615592,203.0,-0.12019822839962169
0.05127355193472839,-0.10970137363470164,204.0,-0.04891983399583112
-0.0636906485970347,-0.10042133127750745,205.0,0.06547706587163665
-0.11840316797690863,8.477083361692339e-05,206.0,0.11800740844086818
-0.06425429032371816,0.0985235550333706,207.0,0.062079809214364845
0.047310667351046096,0.1053307791993946,208.0,-0.04924929940502337
0.1136013433855248,0.01612450586018742,209.0,-0.1135441315825475
0.07517228252584836,-0.08599290513337736,210.0,-0.07321082500644227
-0.03092237533552592,-0.10781210070235858,211.0,0.03296492987868958
-0.1067687257291739,-0.031061886793431262,212.0,0.10703150975049996
-0.08392560287937406,0.07244305565386348,213.0,0.08220465563884734
0.014859562399504471,0.10795623362537463,214.0,-0.016958445884939083
0.09816254129414848,0.04449764424050574,215.0,-0.09872134151963474
0.09046228661067965,-0.058208937645018444,216.0,-0.08900284412820259
0.0005700396246209599,-0.1058963538532095,217.0,0.0015392052682037388
-0.08806110756003033,-0.05624596886739795,218.0,0.08888732044231923
-0.09477847720070275,0.043619893977232815,219.0,0.09359499283563631
-0.015089498085089583,0.10180270702659208,220.0,0.013013393109721078
0.0767569445099834,0.06616619112282347,221.0,-0.07781819359112485
0.09691570321237163,-0.028993306580286926,222.0,-0.0960161761767789
0.028456518175646258,-0.09587698730363452,223.0,-0.02645384712182626
-0.06454999825591493,-0.0741630134459198,224.0,0.06581101235850081
-0.09695739065927962,0.014628838065374808,225.0,0.09634357918956629
-0.04046635358781273,0.08834640387530376,226.0,0.038573570416490996
0.051741108256030004,0.0801858061736457,227.0,-0.0531646074058343
0.09502472636584584,-0.0008033690654084963,228.0,-0.0946924754097991
0.0509537839968455,-0.07945757409429803,229.0,-0.04920298485056644
-0.0386258368030796,-0.08422703599344047,230.0,0.04017340741373644
-0.09127199424545213,-0.012233306257436669,231.0,0.09121166433107636
-0.05979417350649997,0.06947037751604893,232.0,0.05821269771630208
0.02548876518249925,0.08631990941992415,233.0,-0.0271217073292937
0.08588151004241101,0.024261983144091073,234.0,-0.0860784927136805
0.06690364204673592,-0.05865189812535077,235.0,-0.06551379311840515
-0.012598345328693911,-0.08653532493647427,236.0,0.01427847650496139
-0.07905828093888533,-0.03509672304731523,237.0,0.07949358523441537
-0.07223839789604242,0.04727057281622371,238.0,0.07105728316378127
0.00020237933701178294,0.08497823604908777,239.0,-0.0018927808794423628
0.07102451466253408,0.04458669798543001,240.0,-0.07167540857177253
0.07579329375590185,-0.03559065312221103,241.0,-0.07483277905448275
0.011475817794116997,-0.08178353352677925,242.0,-0.00981012345280162
-0.062014098533321016,-0.05261721340882111,243.0,0.06285478918298902
-0.07759968096079004,0.02386707459240439,244.0,0.0768664545385347
-0.022240533936790974,0.07711155857617724,245.0,0.020631984932346012
0.05226716248550564,0.0591099366159524,246.0,-0.053269498967333656
0.07772264633831762,-0.012340814420799817,247.0,-0.07721838435030898
0.03192603277023725,-0.07114335969638574,248.0,-0.030404015963870074
-0.04202483175198196,-0.0640223723384288,249.0,0.043159014978185854
-0.07625772386804204,0.0012348033118957102,250.0,0.07597934816810407
-0.040398178878918355,0.06407580460700317,251.0,0.03898860987847672
0.03152426488607295,0.06734664000209109,252.0,-0.032759549627128445
0.07332717860271999,0.009249557548926743,253.0,-0.07326719621582256
0.04755532551158275,-0.056116655103355395,254.0,-0.04628032374852757
-0.020994061420963547,-0.06910761819970922,255.0,0.022299436702886005
-0.06907596333929679,-0.018935238820760314,256.0,0.0692228759536496
-0.05332848988523155,0.04747970716561814,257.0,0.05220614982045242
0.010650111039961434,0.06936053096363977,258.0,-0.011994946322443426
0.06366744933062125,0.027671764132627674,259.0,-0.06400622040356692
0.05768085395885167,-0.03838009136231845,260.0,-0.0567251114732617
-0.0006919429658473152,-0.06818805743588266,261.0,0.002046588953191278
-0.05727903102570838,-0.035336724154575415,262.0,0.05779159764811737
-0.060606640111724196,0.029029819794217093,263.0,0.05982723125386363
-0.00870037931498968,0.06569705147470656,264.0,0.007364044808964923
0.05009770156558481,0.041836631667221194,265.0,-0.050763518068146565
0.06212942099561594,-0.019633655787418408,266.0,-0.06153192854919599
0.017368786596093245,-0.06201496062978085,267.0,-0.016076875628884754
-0.04231569072351512,-0.04710713861671843,268.0,0.04311229111993605
-0.06229993088623805,0.010385371542827176,269.0,0.061885912694177266
-0.025179137922888745,0.05728603482476403,270.0,0.023955338415838738
0.0341262503689649,0.051112647895606954,271.0,-0.03502981710126359
0.06119345207728645,-0.0014644472611992365,272.0,-0.06096064375257142
0.03202255528493902,-0.05166741410120407,273.0,-0.03088779042857901
-0.025719664579574596,-0.053845362993837055,274.0,0.02670559162991821
-0.058906854220270956,-0.006966746832528063,275.0,0.0588494377886091
-0.0378161667827778,0.04532518203483764,276.0,0.03678833050466901
0.017279552465211144,0.0553238275836934,277.0,-0.018322991710360698
0.05555536703505295,0.014765256375194186,278.0,-0.0556642962058901
0.04250327760257712,-0.03843046708911557,279.0,-0.04159704705033601
-0.008979521851246203,-0.05559101444488811,280.0,0.010055902524400313
-0.051269167555146225,-0.021809319586350573,281.0,0.05153253970810304
-0.046052998643198756,0.03115566840480647,282.0,0.04527972301116064
0.0009802214461073016,0.054712028841781016,283.0,-0.0020657337064070025
0.0461898621171904,0.027999609505224704,284.0,-0.04659332671761947
0.048459371932483425,-0.023670875539552154,285.0,-0.04782703544568438
0.006573171759634215,-0.052771495513695144,286.0,-0.005501136894955211
-0.04046694077370595,-0.03325994760499416,287.0,0.04099413379023819
-0.04974003992485799,0.0161405436780266,288.0,0.04925329541608845
-0.01355300410712289,0.049870700847190766,289.0,0.012515464872039847
0.03425427784537724,0.037537505055535936,290.0,-0.034887271819317514
0.04993451230640429,-0.008720477054779234,291.0,-0.0495947805920787
0.01985072101605739,-0.04612456261001766,292.0,-0.01886677006392088
-0.027706747097843685,-0.040802517378154664,293.0,0.028426506799193382
-0.04910208899653147,0.001555163992394068,294.0,0.048907718197880645
-0.025377962529200777,0.04165849891808333,295.0,0.02446449076310489
0.020977013708509542,0.04304754663370087,296.0,-0.02176384778740846
0.04731950160991292,0.0052245027215088585,297.0,-0.04726597968879085
0.030067184338111435,-0.03660526598314572,298.0,-0.029238665602294468
-0.014212557973018887,-0.04428633249938988,299.0,0.015046557652816234
-0.04467833774232793,-0.01150309619574276,300.0,0.044758550830066766
-0.0338718192935138,0.031101830773289877,301.0,0.033140156762195144
0.007552977787942695,0.04455227954212349,302.0,-0.008414434432282777
0.04128231311276741,0.017182102329508057,303.0,-0.04148684171116773
0.03676600287556601,-0.025286340156713653,304.0,-0.036140436670208054
-0.0011276085372770705,-0.043896632640781884,305.0,0.0019974028305556196
-0.03724445590126074,-0.022180938472643012,306.0,0.037561900726082315
-0.03874389360041013,0.01929524255209203,307.0,0.03823096794745677
-0.004946509694588205,0.042386395826644545,308.0,0.004086553217103918
0.03268426566083256,0.02643754807301094,309.0,-0.033101594774927745
0.03981862577371802,-0.013260611744165887,310.0,-0.039422212904425595
0.010566296467208513,-0.04010205181049547,311.0,-0.009733094731842334
-0.027724906066447192,-0.02990858390972564,312.0,0.02822781500221234
-0.040020937300600974,0.007307715519571552,313.0,0.0397423143026288
-0.2941186207156879,0.8026461586512437,0.0,0.0987127190826631
0.49842050709316627,0.660027914395633,1.0,-0.5098962698988768
0.8215725893113283,-0.06693565539912738,2.0,-0.8175061834523214
0.39047874563290924,-0.7185753351419429,3.0,-0.3748794252475368
-0.38751720157336844,-0.7032191828209111,4.0,0.400221586138792
-0.7973652471229654,-0.0480527372690559,5.0,0.7956676889098432
-0.47328571831140803,0.6378811696719313,6.0,0.45901661923469117
0.27519105838212454,0.7295930821821387,7.0,-0.2887941329646493
0.7583507782330152,0.15536742838702267,8.0,-0.7589186417384683
0.5416446807190347,-0.5489130088019308,9.0,-0.528918542512738
-0.16380943161196454,-0.7395925861829722,10.0,0.17798220059726366
-0.7061849607070666,-0.2532727282187419,11.0,0.7088747688054844
-0.595006731623011,0.4539621312277359,12.0,0.583992524049165
0.05558260176548625,0.7339678949834502,13.0,-0.07000364228028189
0.6426946203608721,0.34032539437990506,14.0,-0.6473280951733112
0.6331599432139025,-0.3553080587402896,15.0,-0.6239819786745404
0.0474720297815453,-0.713743286117329,16.0,-0.033110471757901716
-0.5698305156439497,-0.4153869537626975,17.0,0.57620023100031
-0.6562140474990806,0.2551728798712638,18.0,0.6489520534067011
-0.14355973838002328,0.6801803216627269,19.0,0.1295462849115936
0.48962044574612285,0.47762910847538975,20.0,-0.4974957432926391
0.6645794725584406,-0.15567940160275184,21.0,-0.6592695662640872
0.23113200962029304,-0.6347383721563478,22.0,-0.21773139496314986
-0.4041235226170878,-0.526532518606137,23.0,0.4132565558942189
-0.6589414840624296,0.058813757324602256,24.0,0.6555779779509276
-0.30890369492421427,0.5790334163774443,25.0,0.296352772466818
0.3153864691358333,0.5618793722708815,26.0,-0.32551824524859774
0.640230243010772,0.03360702799113213,27.0,-0.638768194707984
0.37586381172642175,-0.5147960553402883,28.0,-0.36436836050912774
-0.22540271424608216,-0.5837402558566379,29.0,0.23626901039223436
-0.6095876264798037,-0.11996214442349662,30.0,0.6099460389117463
-0.4312801387004918,0.4438296401684383,31.0,0.42101248790012286
0.13607495410016462,0.5924559234241542,32.0,-0.14741199591169873
0.5683316746873629,0.19884853453735418,33.0,-0.5703972430647938
0.47469787392058405,-0.3679693588168406,34.0,-0.4657953459808384
-0.049181738800030766,-0.5886146330952143,35.0,0.06073153888430993
-0.5179195256850432,-0.26909674791508353,36.0,0.5215508233568102
-0.5059327289965805,0.28904305789842405,37.0,0.4984968853904509
-0.0336514701366993,0.5730257695162668,38.0,0.022136202243611125
0.4599096795875151,0.32978112128155185,39.0,-0.46494167207195014
0.5250589236582557,-0.20883449537886956,40.0,-0.5191555818825094
0.1109764433058022,-0.5466905051484442,41.0,-0.09972789467527665
-0.39592439885557323,-0.3802244076301345,42.0,0.402173175132802
-0.5323926219299402,0.129049629944602,43.0,0.52805259847339
-0.18154131638059864,0.5107702695213737,44.0,0.17077272801274496
0.32761300141459576,0.4199970834675443,45.0,-0.33488061360204685
0.5284714122326089,-0.051286455810599096,46.0,-0.5256919341285917
0.24430461517666538,-0.4665537953784754,47.0,-0.23420704842716328
-0.25661674116001415,-0.44891165818879486,48.0,0.26469604782873496
-0.5140304791318303,-0.022991210001021,49.0,0.5127771964526103
-0.2984441850356098,0.4154234948069596,50.0,0.2891839274435251
0.18453589766957512,0.46701239237201736,51.0,-0.19321531208684184
0.489976144015237,0.09247568497027098,52.0,-0.4901856673815085
0.34336113967096077,-0.3588218882141603,53.0,-0.3350777657091178
-0.11289961579919754,-0.474560901466365,54.0,0.12196766806463644
-0.45735746605210703,-0.15603292422344206,55.0,0.4589403469753439
-0.37867903920836116,0.298218765842419,56.0,0.37148412725922925
0.04313894842537979,0.4720181772823655,57.0,-0.05238857955166959
0.41733659397647205,0.2127154729227082,58.0,-0.42018066163077183
0.40423859196718215,-0.23507970703326803,59.0,-0.39821508540123507
0.02343653594451884,-0.46002360154283234,60.0,-0.014204019727639405
-0.3711585444269845,-0.26177086949017436,61.0,0.3751325102307232
-0.4200882484160172,0.17083651842839886,62.0,0.4152904362593124
-0.0856583125403751,0.4393715534872096,63.0,0.07662968589532304
0.3201210548878447,0.30264559368406857,64.0,-0.3250782959883389
0.4264711178237761,-0.1068600805864911,65.0,-0.42292519932404526
0.14251445209417363,-0.41098622739569407,66.0,-0.13386146605694205
-0.26554512001870767,-0.33498473867840384,67.0,0.27132755431404365
-0.4238086878456977,0.04443601500772498,68.0,0.42151387545212177
-0.1931610820938284,0.37589527644238546,69.0,0.18503784590307853
0.2087467708095765,0.3586276628300686,70.0,-0.21518873936347743
0.4126818643387289,0.015256497796801438,71.0,-0.4116119713079668
0.23692976263911963,-0.3352028872590371,72.0,-0.22947063683167873
-0.15101059814118276,-0.37359994369274874,73.0,0.1579426756038066
-0.393809873077058,-0.07116250189412893,74.0,0.3939153251943843
-0.2733308648044473,0.29006286597264397,75.0,0.26664887866024917
0.09356545764355202,0.3801020132576417,76.0,-0.10081811737047114
0.36802757697900274,0.12236548739745251,77.0,-0.36923778278123165
0.3020531155948127,-0.2416522824268716,78.0,-0.2962389105771582
-0.037562722939732576,-0.3784948988281818,79.0,0.04496979073255997
-0.33626176244198247,-0.16809796801797144,80.0,0.33848777285951953
-0.32295954199011756,0.19114617610583085,81.0,0.3180808320403644
-0.015942618845264166,0.36928352808680515,82.0,0.008540780311468987
0.2995069371097324,0.20774841177907427,83.0,-0.3026443235805354
0.33608010626864243,-0.13969377636373514,84.0,-0.3321816358316215
0.06600781035045933,-0.3530980797456523,85.0,-0.058761435493772385
-0.2588011597498728,-0.240864596310804,86.0,0.2627330395482755
-0.3416013750778478,0.08839663240821777,87.0,0.338705346726688
-0.11181496207055729,0.33067387288962746,88.0,0.10486237451006242
0.21520239194497803,0.2671535287008343,89.0,-0.21980253062188398
0.3398536051044877,-0.03828898661542485,90.0,-0.3379605407200102
0.1526804148940557,-0.30283028912321946,91.0,-0.14614590784790854
-0.16976582216957867,-0.2864781315966237,92.0,0.17490174551700322
-0.3312956584418383,-0.009679340296253336,93.0,0.3303856511837262
-0.1880608274254034,0.2704492125279373,94.0,0.18205295289707102
0.12352256680966883,0.298850951275826,95.0,-0.12905861850233125
0.3164981808346554,0.05465735043076625,96.0,-0.3165324896837866
0.2175560550206477,-0.23445345400084916,97.0,-0.2121663327595079
-0.077460101117619,-0.3044251890775168,98.0,0.08326038701048144
-0.29612548608561534,-0.09590442135721661,99.0,0.29704842057803615
-0.24090894881876992,0.19578559969018597,100.0,0.23621099686869193
0.03250471735498558,0.3034833944731183,101.0,-0.03843588315401769
0.2709165904063585,0.13279894115762775,102.0,-0.27265763032735324
0.25800225822139045,-0.15538768901215444,103.0,-0.2540513381872396
0.010493751163851534,-0.2964241859127265,104.0,-0.004559955644965752
-0.2416658319407738,-0.16484402016713612,105.0,0.24414192518592864
-0.26885286850048795,0.11418208724738255,106.0,0.2656858306309713
-0.0507747613998413,0.2837473843728805,107.0,0.04495917112147085
0.20920349377926842,0.1916703334812081,108.0,-0.21232147527243908
0.27360364591995984,-0.0730538721641752,109.0,-0.27123925183944064
0.08767732868917845,-0.26603795439746836,110.0,-0.082091337667278
-0.17437682435082055,-0.2130362035099241,111.0,0.1780358997737201
-0.2725131955528727,0.03283500472012757,112.0,0.27095279008592665
-0.1206476720526291,0.24394914868527648,113.0,0.1153915176203002
0.13803181805945025,0.22882508162746007,114.0,-0.14212605810343906
0.2659438616555817,0.00570949811735888,115.0,-0.26517235975133124
0.1492442339629971,-0.2181852454128748,116.0,-0.14440560785298928
-0.1009960824382811,-0.23904063159997094,117.0,0.10541687623876445
-0.254348316993173,-0.04189322380832139,118.0,0.2543354673273783
-0.17314012537820375,0.18948425309883887,119.0,0.16879312084349424
0.06406307699591046,0.24379965444717433,120.0,-0.06870149722663407
0.2382550960362612,0.07511774696583831,121.0,-0.2389569794790701
0.19212309625353693,-0.15860093664896907,122.0,-0.1883274930686414
-0.027977964425066452,-0.2433231243367501,123.0,0.032727001096677366
-0.21825342775982426,-0.10487967618727889,124.0,0.2196141465563095
-0.20609317623775025,0.1262904910954718,125.0,0.20289405844711034
-0.006574731964291325,0.23792562782927684,126.0,0.0018181067872274914
0.19497771730332655,0.130775357704348,127.0,-0.19693122950519074
0.2150581692145397,-0.09329315735566099,128.0,-0.2124858640239377
0.03898151875007461,-0.22800351424049084,129.0,-0.034314487458017295
-0.16909201255363127,-0.15250327664511384,130.0,0.17156406593576007
-0.2191272183039261,0.06032003803655692,131.0,0.21719753865517977
-0.06870827319802882,0.21402207317755303,132.0,0.06422053655497778
0.1412747724480498,0.16986424115159798,133.0,-0.14418489278314253
0.21850268456658206,-0.0280403318791847,134.0,-0.21721745277856488
0.09530648408642116,-0.19650205668695117,135.0,-0.09107887258753111
-0.11220422920976567,-0.18275947472498916,136.0,0.11546771929780458
-0.2134706027846287,-0.002929836146358389,137.0,0.21281842824129046
-0.11841738792238687,0.17600585829311904,138.0,0.11452073442398333
0.08254460763120812,0.19118677741130316,139.0,-0.0860745158018196
0.20438999129435198,0.03203685484416949,140.0,-0.20434727156881535
0.13777403899015028,-0.15312365000138828,141.0,-0.1342683203238347
-0.05293343176771312,-0.19523494636422384,142.0,0.056642451598641064
-0.19168130002277917,-0.05879724564476135,143.0,0.19221341206538892
-0.1532013914547267,0.12845976165865663,144.0,0.1501351408220851
0.023970113872615478,0.19507667062534767,145.0,-0.027772380489908127
0.17581428185959372,0.08280341140917358,146.0,-0.17687692795397641
0.16461450762005467,-0.10261956557542071,147.0,-0.16202449394765395
0.0037940170192719115,-0.19096013348272795,148.0,1.873543343092199e-05
-0.15729556761935123,-0.10372750716852189,149.0,0.15883623972027333
-0.1720150379064193,0.07619710372642835,150.0,0.16992620313463908
-0.02986412789928544,0.18319956846486637,151.0,0.02611904420020128
0.13665621455657714,0.12132346344591476,152.0,-0.1386157403338653
0.17548614478480282,-0.049763665924056066,153.0,-0.17391178534811735
0.053808655649926394,-0.1721650219776294,154.0,-0.05020346767457398
-0.11443948321276283,-0.13542722859538592,155.0,0.11675361759814797
-0.17518606452226496,0.02385749588141098,156.0,0.17412823910725675
-0.07526439964456423,0.15827157699346348,157.0,0.07186428298618208
0.09118907789336504,0.14595532894526522,158.0,-0.093790105112984
0.17134051700764216,0.001025231159024892,159.0,-0.17079065911856517
0.09393992741761287,-0.14196828834894593,160.0,-0.09080209138754056
-0.06743806294082796,-0.15290187399403474,161.0,0.07025637584086669
-0.16423418510945356,-0.024438049784175214,162.0,0.16417389605658603
-0.10961732237966133,0.12372707147853414,163.0,0.1067903104023888
0.04369864086965453,0.15633415811948922,164.0,-0.04666426673449395
0.15420149104547223,0.04599038977026779,165.0,-0.15460348672093482
0.12215233458414708,-0.10403177327822352,166.0,-0.1196755415812345
-0.020452950065439374,-0.1563870299866999,167.0,0.023496995014755523
-0.14161689829344526,-0.06535226443627834,168.0,0.14244608152308574
-0.13147302447836115,0.08336763677000626,169.0,0.12937642841898078
-0.0018549901701133107,0.15325621593417027,170.0,-0.0012009971601389946
0.12688496391351523,0.082257453818005,171.0,-0.12809959326278963
0.13757701498402075,-0.06221135090213284,172.0,-0.13588111559276853
0.02282609022239865,-0.14719079404248797,173.0,-0.019821008797942102
-0.1104303581335494,-0.09650520557797686,174.0,0.11198328377804413
-0.14052748883924504,0.04102185377679632,175.0,0.13924344264186836
-0.042111690366299415,0.13848502140862717,176.0,0.03921566780862404
0.09268805608601599,0.10796050537822038,177.0,-0.09452799370690754
0.14044808567852038,-0.02023203247389832,178.0,-0.13957802320523216
0.059417715016218134,-0.1274697185101205,179.0,-0.05668329967656316
-0.0740938911520032,-0.11655299452536655,180.0,0.07616670573379267
-0.13751686670833504,0.00024143606634302595,181.0,0.13705437479605223
-0.0745074749166137,0.11450341167680372,182.0,0.07198086819317162
0.055075640980526266,0.12227463567752196,183.0,-0.0573256138225859
0.13195952402421435,0.018589908973763863,184.0,-0.13189027379389712
0.08720313901970084,-0.09996342790184652,185.0,-0.08492362532957362
-0.03604479645554669,-0.1251762469949969,186.0,0.03841585060835137
-0.12404201666703465,-0.03594651939364375,187.0,0.12434451592036644
-0.09738592358662376,0.0842371258819137,188.0,0.09538547421016584
0.017389141242047455,0.1253630411206491,189.0,-0.019826002866386097
0.1140628165709801,0.05156127747818831,190.0,-0.11470926405917493
0.10499506936926468,-0.06771343369663535,191.0,-0.10329811810109273
0.0005337543757738719,-0.12298931767206013,192.0,0.00191552138293416
-0.10234494482354671,-0.06521804711321563,193.0,0.10330216308075818
-0.1100256982514467,0.05077484737682457,194.0,0.10864908341389971
-0.01740204628572944,0.11825246648550462,195.0,0.014990892823425889
0.0892279724158096,0.07675310063473217,196.0,-0.0904583956104904
0.11252565819651573,-0.03379002625530175,197.0,-0.1114787225066555
0.032934081698300595,-0.11138644371318174,198.0,-0.03060786861706251
-0.07506015024000554,-0.08605539669952131,199.0,0.07652284374952183
-0.11259147958533416,0.01710710094231918,200.0,0.11187631665231484
-0.0468917868541518,0.10265488415530921,201.0,0.04469287824412464
0.06019082086811199,0.09306577043685163,202.0,-0.061842509991725525
0.11036357693349054,-0.001047788528266702,203.0,-0.10997541083407861
0.0590829711344851,-0.09234401109295946,204.0,-0.05704867486925641
-0.04496325003142147,-0.09777511569577027,205.0,0.04675933638874974
-0.10602083752110093,-0.014097612310281851,206.0,0.10594851998287157
-0.06936256381694779,0.08075549961455246,207.0,0.06752466723452581
0.029707999153327717,0.10022165505364704,208.0,-0.03160354481400347
0.09977474269535856,0.028074295752944026,209.0,-0.10000135092761954
0.07763282048179708,-0.0681994412903679,210.0,-0.07601726538362628
-0.01473694221655337,-0.10048740623300594,211.0,0.01668760342327047
-0.09186316862207164,-0.04066606414548965,212.0,0.09236668577406987
-0.0838425548732708,0.054987547377478366,213.0,0.08246925033633848
0.0003380111269914614,0.09869396359032903,214.0,-0.0023009055590222233
0.08254401123424243,0.051697476673479015,215.0,-0.08329807082986536
0.08798546859171609,-0.041426714898102554,216.0,-0.08686823737506448
0.013229265981159664,-0.09499772036059945,217.0,-0.011294772172184761
-0.07208877527176198,-0.0610350439924065,218.0,0.07306345075490418
-0.0900976651255014,0.027813065312514568,219.0,0.08924431698174379
-0.02573738893413682,0.0895846613952666,220.0,0.023868985652249833
0.06077625988978967,0.06858750007697502,221.0,-0.06193888059470472
0.0902544462828236,-0.01442654950647708,222.0,-0.08966696929357916
0.03699364726481324,-0.0826648573117929,223.0,-0.03522548537296839
-0.04888646363451695,-0.0743051994991235,224.0,0.050202439047869474
-0.08856649796748518,0.0015261958376450863,225.0,0.0882413571371966
-0.04684201357260447,0.074466789421559,226.0,0.045204216427775085
0.03669481997224304,0.0781787033243007,227.0,-0.038128455040260106
0.08517557843437375,0.010653939562356718,228.0,-0.08510410922423636
0.055164180560735,-0.06523163071076812,229.0,-0.05368246590771727
-0.024466861359897323,-0.08023662963707531,230.0,0.025982146779069196
-0.08024982569043175,-0.02190807876352889,231.0,0.08041870895954265
-0.06187977052785498,0.05520760174699914,232.0,0.060575184013575596
0.012453395423123915,0.08054285523680478,233.0,-0.014014758299619873
0.07397880165865568,0.032061260364612404,234.0,-0.07437060561222668
0.06694576124590094,-0.04464451193826064,235.0,-0.06583452047362176
-0.0008862615262104047,-0.07919316320062814,236.0,0.002459263444995405
-0.06656838922689212,-0.04097110325153034,237.0,0.06716216344739505
-0.0703551855348145,0.03378858637045658,238.0,0.06944863139297357
-0.010025279762466916,0.07631143676567952,239.0,0.008473308394664134
0.05823565453280454,0.048528805023096595,240.0,-0.05900756097901815
0.07213517327885452,-0.022877666804468275,241.0,-0.07143982328764838
0.020097487735181968,-0.07204550335991354,242.0,-0.018596886262589457
-0.04920378100060665,-0.05465939934740066,243.0,0.05012774698893441
-0.07234441399926347,0.012136862645839228,244.0,0.07186211064789327
-0.029174392311174118,0.06656273367967179,245.0,0.027752688488465113
0.03969717398286758,0.05932131017142801,246.0,-0.040745552590563394
0.07107012533379499,-0.0017747141336032363,247.0,-0.07079827086044803
0.03712934892821506,-0.06004549958518819,248.0,-0.03581086279426781
-0.029936825634132774,-0.06250525279836101,249.0,0.031081049659969565
-0.06842461785205428,-0.008020084047954748,250.0,0.06835648565745106
-0.043865906460519806,0.052686591413096846,251.0,0.04267144251927854
0.02013601913108722,0.0642325422179241,252.0,-0.0213472356893021
0.06454154957916435,0.01708136473568489,253.0,-0.06466666147720085
0.0493180105175106,-0.04468469027252498,254.0,-0.04826463934361574
-0.010496439845034549,-0.0645528776141457,255.0,0.011746113814000286
-0.05957196447342614,-0.025267555902590208,256.0,0.05987652227247828
-0.05344957669311058,0.0362399842073409,257.0,0.05255050519667095
0.001204748858736818,0.0635416786142145,258.0,-0.0024652247242006736
0.053680208009137725,0.03246312764724611,259.0,-0.0541475674823981
0.056253479136117016,-0.02755000900503797,260.0,-0.05551800696270325
0.007570338409137787,-0.06129705355838716,261.0,-0.006325325318974305
-0.047039810090476156,-0.038579425271180676,262.0,0.04765098522715502
-0.05775000906113309,0.01880578515987004,263.0,0.05718356699602141
-0.01568043847218687,0.05793648288016645,264.0,0.014475308811460093
0.03982942093245416,0.04355490725234876,265.0,-0.04056360645120282
0.05798486541927405,-0.010188312309988637,266.0,-0.05758913024117142
0.022999333567140436,-0.053593301640638205,267.0,-0.021856274690464847
-0.032228879480590084,-0.0473548179311091,268.0,0.033063979914070285
-0.057026745839315794,0.001865471627380648,269.0,0.05679982483404232
-0.02942424784555797,0.048413064452142,270.0,0.028362892617809325
0.02441548661156518,0.049970334485244114,271.0,-0.025328640820126702
0.0549646101133175,0.006010624597425386,272.0,-0.054901287439037945
0.03487657248311774,-0.04254987357018952,273.0,-0.03391374874780983
-0.016560546985123124,-0.05141723615818162,274.0,0.017528637696839662
-0.051904690951580644,-0.013305808314265262,275.0,0.051996727242735824
-0.03930205705171037,0.03616274697844299,276.0,0.038451608736646097
0.008826234234180838,0.05173415062710437,277.0,-0.009826373120785312
0.047967327520252234,0.019905539438335278,278.0,-0.048203803536540774
0.04267049434468787,-0.02941209800373181,279.0,-0.04194317367325288
-0.0013628244193421386,-0.050980437802200636,280.0,0.0023728042678728897
-0.04328369648156908,-0.02571609232823749,281.0,0.043651391247767485
-0.04497493456426631,0.022456391563568344,282.0,0.04437836342344896
-0.005693667432151591,0.04923377521083763,283.0,0.004694960733005356
0.03799251298997669,0.030665249843709712,284.0,-0.038476306727118215
0.04623047226078239,-0.015449034765614884,285.0,-0.045769169483108135
0.0122234231086353,-0.046587511453185085,286.0,-0.011255644806610482
-0.032236770489076055,-0.03470251954366767,287.0,0.032820062699258426
-0.04647265557611853,0.00853555145055189,288.0,0.04614812574327885
-0.018124314853418463,0.043147855061687335,289.0,0.01720534654031696
0.026160583355955797,0.03779889545597735,290.0,-0.026825716674439802
0.045755572139448156,-0.0018510816069171668,291.0,-0.045566450518513664
0.023312952232101638,-0.03903096552280532,292.0,-0.022458641456822234
-0.01990619061800058,-0.039946196727688,293.0,0.02063487147624693
-0.0441496693747514,-0.004481762403964022,294.0,0.044091916769930566
-0.027725286954526168,0.03436001132125846,295.0,0.026949243368790884
0.013611172300620306,0.04115602124707416,296.0,-0.014384880031839825
0.041739369017456236,0.010354659991826456,297.0,-0.041806509668052876
0.03131678909316055,-0.029262256761215157,298.0,-0.030630237982281414
-0.007405922637255145,-0.04145835794110642,299.0,0.008206299375788234
-0.0386205363405945,-0.015674953078870374,300.0,0.03880393151986812
-0.03406221607395452,0.02386623513690924,301.0,0.03347390891115584
0.0014114165731535734,0.04089990584840553,302.0,-0.002220631136333334
0.034897864022543856,0.020366618470470457,303.0,-0.03518701369389707
0.03595500285299593,-0.01829906071603639,304.0,-0.035471183375468396
0.004262702092200099,-0.03954215123081247,305.0,-0.0034616222237352293
-0.030682228834250275,-0.024370845278359563,306.0,0.031065093595580365
-0.037006307742000186,0.012683926121381181,307.0,0.03663073100438429
-0.009519690771376392,0.03745925592211072,308.0,0.008742564270494343
0.026088076488644234,0.027646228652577886,309.0,-0.026551412076138148
0.037243753342156766,-0.007137825212220374,310.0,-0.03697775427559097
0.01427692433627966,-0.03473581085315659,311.0,-0.01353816150351704
-0.021230886199249756,-0.03016859822659765,312.0,0.02176058301552701
-0.03670990594876739,0.0017695346454520144,313.0,0.03655251314824191
0.7902108425555734,-1.1858006502775187,0.0,-0.3233541674357454
-0.5282684432603797,-1.2615703468667765,1.0,0.5516156178856702
-1.3397769002720694,-0.2250501183889042,2.0,1.3397963380809401
-0.9156671442610775,0.9958004183051133,3.0,0.892803071874051
0.3335425487044772,1.2860362717438936,4.0,-0.3580246895251604
1.2544048092502629,0.3998939041526717,5.0,-1.2581877929618128
1.0151945575104333,-0.8327102724194968,6.0,-0.9952447449851004
-0.14337300311954995,-1.282921944819227,7.0,0.16842609589785895
-1.1484922567110738,-0.5564225191376304,8.0,1.1557426759705003
-1.0882788699216384,0.6621820558663283,9.0,1.0714793442177584
-0.03863785728065305,1.2538968542504032,10.0,0.013556593198396083
1.0253894805747708,0.6925190693922445,11.0,-1.0357579482816386
1.134973615561231,-0.4881171391913641,12.0,-1.1214825878143324
0.20926341174181037,-1.2010602391247804,13.0,-0.18466572087413868
-0.8886012316841223,-0.8066054875820988,14.0,0.9016952924403088
-1.155865923186644,0.3142616243833052,15.0,1.1457651026432485
-0.36569649817135735,1.126873368288626,16.0,0.34205448842073993
0.7417064958818748,0.8976432489795788,17.0,-0.7571011158705399
1.152033501057728,-0.14413919860911895,18.0,-1.1453308883917162
0.5055820779647003,-1.0340883999716137,19.0,-0.48332092712190744
-0.5882813813155131,-0.9651230725140894,20.0,0.6055294898782537
-1.12499414932844,-0.01900757827335342,21.0,1.1216281663764154
-0.6270388032708716,0.925675468182135,22.0,0.6065308447246576
0.4318265549625138,1.0090444578037268,23.0,-0.45046942047034355
1.0766492619979373,0.17226684947306614,24.0,-1.076494056094635
0.7286696943332167,-0.8047495820583611,25.0,-0.7102299219549424
-0.2757004392494847,-1.0298860662511737,26.0,0.2952776778898919
-1.009222817501915,-0.3130974241011919,27.0,1.0120945641333816
-0.8095623439286747,0.6744988357927656,28.0,0.7934453449056611
0.1230591919738828,1.0285680817954128,29.0,-0.14311822727526402
0.9251973614776056,0.4393588741314042,30.0,-0.9308613789308118
0.8692792546420299,-0.5381153128773752,31.0,-0.8556775494820701
0.023195704809361565,-1.0064077838956476,32.0,-0.0030908921206951323
-0.8272484588501885,-0.5493317279152671,33.0,0.835426942873202
-0.9078390801151381,0.3987299330383637,34.0,0.8968828216375713
-0.16046162410808784,0.9650696315959528,35.0,0.14072259254248043
0.7181790374970072,0.6417279262879672,36.0,-0.7285592225570209
0.9256896814986977,-0.25935233734108554,37.0,-0.9174476397916272
0.28647032238130904,-0.9065111935124266,38.0,-0.2674772238729778
-0.6008549651253051,-0.7156918956700337,39.0,0.6130975214347906
-0.9236740237312461,0.12281674068550408,40.0,0.9181557621536834
-0.399314598208671,0.8329262653363181,41.0,0.3814102755447757
0.47814309778725467,0.7707927627639644,42.0,-0.4918905795913253
0.9029900222245419,0.008265494567576415,43.0,-0.9001491508384033
0.497466055587952,-0.7466864955184834,44.0,-0.48095124237115927
-0.35285291606763025,-0.8070083850570536,45.0,0.3677380863855523
-0.8651455088962047,-0.1315459906877131,46.0,0.8648838864132291
-0.5797841286158908,0.650282793230958,47.0,0.5649137851767905
0.22768272702026254,0.8247019985288502,48.0,-0.24333659672438446
0.8119095176797274,0.24497180096080928,49.0,-0.8140822612274947
0.645516692905454,-0.5462677229336282,50.0,-0.6324974865363653
-0.10517126011245664,-0.8245923874442947,51.0,0.12123069448368606
-0.7452610946064405,-0.3468099580547124,52.0,0.7496822483815035
-0.6942927412547271,0.43719999967133993,53.0,0.6832816553672633
-0.012344672501240283,0.8077185601645277,54.0,-0.0037700907448345866
0.6673368177201141,0.4356640850431659,55.0,-0.6737855268671883
0.726107734672121,-0.3255920916227262,56.0,-0.7172117694254582
0.12276594342764623,-0.775399969345796,57.0,-0.10692681623570455
-0.5803781693002136,-0.5104831934873361,58.0,0.5886052040311174
-0.741302353243435,0.21386181460999187,59.0,0.7345792601673592
-0.22425996050538807,0.7291933450435563,60.0,0.2090025545004487
0.48667983934090364,0.5705629446292393,61.0,-0.49641431620944365
0.7405354633699914,-0.10428867056909874,62.0,-0.7359954388290543
0.3152824163484726,-0.670847215902214,63.0,-0.3008831605797818
-0.38853995746003783,-0.6155397869614659,64.0,0.39949610961409476
-0.7247521879837264,-0.0010244582961022042,65.0,0.7223604352000426
-0.39459190814545675,0.6022551780156112,66.0,0.3812936805866529
0.2882131531208652,0.6453785042504012,67.0,-0.3000970089832272
0.6951480143091833,0.10018379250027853,68.0,-0.6948280712576529
0.4612575455800879,-0.5254089348081439,69.0,-0.4492666873287948
-0.18786723412190132,-0.6603538110080615,70.0,0.20038307400503386
-0.6531298999057623,-0.1915309938600962,71.0,0.6547676207972533
-0.5146598004831191,0.44235207634956863,72.0,0.5041440469266286
0.08954415371828693,0.6610267163735885,73.0,-0.10240062598754818
0.6002753428239451,0.27366318182150795,74.0,-0.6037234141397813
0.5544849745060413,-0.3551354950788649,75.0,-0.5455722921338382
0.004874189523259446,-0.6482164417814259,76.0,0.008041602697364536
-0.5382903668693958,-0.3454465886175456,77.0,0.5433732349687115
-0.5807137689908146,0.2657752493989457,78.0,0.5734920687655187
-0.09369490500808801,0.6229687224829072,79.0,0.08098592936156723
0.46896733965181775,0.40602394598260566,80.0,-0.4754864257667987
0.5936045329636541,-0.176213589560702,81.0,-0.5881222150361134
0.17543753323618555,-0.5865213481953199,82.0,-0.16318180585895847
-0.3941434910550357,-0.45481581823816064,83.0,0.4018825708740681
-0.5936718398777454,0.0882837543365611,84.0,0.5899391101529874
-0.24885178443450104,0.5402678044935836,85.0,0.23727216777226223
0.31566093499220654,0.4915162071729656,86.0,-0.324391563837344
0.5816611008447259,-0.0036790348568477294,87.0,-0.5796519876735825
0.31292956296874513,-0.48571986501306286,88.0,-0.3022221901968203
-0.23532891998112393,-0.5160828516909142,89.0,0.2448157905848669
-0.5585199614891063,-0.0760735137100188,90.0,0.5581749506974156
-0.36691136575204947,0.4244699563649576,91.0,0.35724320840027635
0.15488894649293303,0.528722728465326,92.0,-0.16489507433547324
0.5253672514650113,0.14963444864988573,93.0,-0.5265964501205674
0.41028725215217327,-0.35815407442363834,94.0,-0.40179442247305824
-0.07598329357122595,-0.5298733279597218,95.0,0.08627493435766076
-0.4834602606633152,-0.21586825565415135,96.0,0.4861469944436636
-0.4427926818025056,0.288415974088036,97.0,0.43557946161731365
0.00012739628840088588,0.5201803326475807,98.0,-0.010478611156499729
0.43416110509317757,0.2738545670982559,99.0,-0.4381658508402511
0.46439960383781914,-0.21687328666540162,100.0,-0.45853817730839325
0.07131358842757819,-0.5004723609328385,101.0,-0.061116792305734025
-0.3789029195035718,-0.3228943513550575,102.0,0.384067473464951
-0.4753032553176613,0.1450861417278826,103.0,0.4708341100832225
-0.13714379490231865,0.4717334613095663,104.0,0.12729980780664396
0.3191565744107167,0.36251124012842917,105.0,-0.32530835766857086
0.47590518720926545,-0.07452878576293981,106.0,-0.47283813680893144
0.19635111153317514,-0.43507404719281145,107.0,-0.18703959494640932
-0.2563985639030851,-0.3924482499515611,108.0,0.2633549694364265
-0.46679308283811494,0.006564600319258762,109.0,0.46510885344311653
-0.24811706415942097,0.3917009543575829,110.0,0.23949638748288177
0.19208064914263692,0.41266023275115676,111.0,-0.19965333968938737
0.44871796605163117,0.057575170241072615,112.0,-0.44837028237381976
0.29182218566217755,-0.3428872810536754,113.0,-0.2840274452465291
-0.12760177271028367,-0.4233024577381667,114.0,0.13560084488210555
-0.42256941464874426,-0.11680876477863145,115.0,0.42348751353215736
-0.32704702544839126,0.2899426368465366,116.0,0.3201886523138714
0.06428268275945319,0.4247157821409948,117.0,-0.07252062051095881
0.38934939935003715,0.17021720106128874,118.0,-0.39144089501781554
0.35356903220144054,-0.23418438146173143,119.0,-0.34773198248395504
-0.0033436252658629387,-0.4174089110303931,120.0,0.01163897457627766
-0.3501453604150611,-0.21705348656327839,121.0,0.3532993826191075
-0.371355613619235,0.17691038092558675,122.0,0.36659912426972335
-0.054114620602368727,0.4020382765537384,123.0,0.04593391433331623
0.30610311387181627,0.256747794934144,124.0,-0.3101936392292545
0.38055373692622074,-0.11937374672846612,125.0,-0.37691161871573214
0.10712617297883982,-0.3793860844313908,126.0,-0.0992198130560018
-0.25840014831540986,-0.2889087377994924,127.0,0.2632894458277274
-0.38147648311415955,0.06275995628461567,128.0,0.3789579136942724
-0.1548718356432332,0.35033708093687205,129.0,0.14738464530585638
0.20821983262195018,0.3133209334177328,130.0,-0.2137619466529822
0.37458700577320214,-0.008166681337682946,131.0,-0.3731777775413129
0.1966872165662526,-0.3158545873875415,132.0,-0.18974706011306908
-0.15672700609476684,-0.3299391372958364,133.0,0.1627712037901291
-0.36048037190424853,-0.043413423135511275,134.0,0.36014454281017444
-0.23206722525223472,0.27695633221556715,135.0,0.2257833951439947
0.10504536698522807,0.33887925435220306,136.0,-0.11143948208648335
0.3398637773787911,0.0911067918890901,137.0,-0.34054566763128413
0.2606670682947279,-0.234690583934187,138.0,-0.25512914389870384
-0.05423701453225163,-0.3404065970253015,139.0,0.06083062561638042
-0.3135356340783484,-0.13416978077377628,140.0,0.31516210799979044
-0.2822999268255152,0.19011305288702984,141.0,0.2775771005457578
0.005284435184401535,0.33492178852037774,142.0,-0.011931823332621272
0.28236401974852604,0.17199622499161127,143.0,-0.2848469897642962
0.29693155632482404,-0.14426498678207056,144.0,-0.2930724136091106
0.04092484296861042,-0.3229447350299211,145.0,-0.03436200438706932
-0.2472649659681644,-0.20412176113055,146.0,0.25050405486549643
-0.3046720978496388,0.09815283598409053,147.0,0.3017048291124398
-0.08361077084035157,0.3050971053558264,148.0,0.07726103336790663
0.20918103524140053,0.2302250135396927,149.0,-0.21306633333919772
0.3057654296182003,-0.05272981071857169,150.0,-0.3036984446158243
0.12211038393341661,-0.28208376118693007,151.0,-0.1160904787916503
-0.16906060607555287,-0.2501258035239068,152.0,0.17347546170139685
-0.30057641875718616,0.008879595100933502,153.0,0.2993993274863467
-0.15588446726751065,0.254673576811682,154.0,0.1502976196357314
0.12783824611594788,0.26378059115625196,155.0,-0.1326620306951387
0.2895764547710942,0.03259757638800431,156.0,-0.28926137359394793
0.18452131534865412,-0.22368007391197292,157.0,-0.17945593149586506
-0.08641650914641824,-0.2712754035722539,158.0,0.09152730214842086
-0.27332765901958156,-0.0709963343807063,159.0,0.2738307965122271
-0.2077376798808015,0.18994227605902067,160.0,0.2032664121395518
0.04564944324942425,0.2728165399480928,161.0,-0.05092658705269704
0.2524661684544469,0.10571499594478756,162.0,-0.253729642436805
0.22537704971844857,-0.15430615949718035,163.0,-0.2215562363170158
-0.0063280458873693655,-0.26871937167958365,164.0,0.01165452617213042
-0.22768488750331478,-0.136261763411447,165.0,0.2296387228308494
-0.23740545340070404,0.11760704274633063,166.0,0.23427492271349284
-0.0308321516593655,0.25939557647174377,167.0,0.025567538237664666
0.19971608986578612,0.16225832736027554,168.0,-0.2022803458269183
0.24390501390879218,-0.08065321851144128,169.0,-0.24148823588275178
0.06520124199352267,-0.2453391571754201,170.0,-0.060101964548520403
-0.1693142328079841,-0.18344095165340815,171.0,0.17240120931225233
-0.24506551763096698,0.044211088447905916,172.0,0.24337007909409009
-0.0962427663410397,0.22711160049038476,173.0,0.0914029058037849
0.13723932110419268,0.19965916508521286,174.0,-0.1407557942010386
0.24117428464912322,-0.008992015592633046,175.0,-0.24019265997003791
0.12351918305109466,-0.20532652746824037,176.0,-0.11902206547270588
-0.10424112696166148,-0.2108722256364851,177.0,0.10809056651812574
-0.23260464528908018,-0.024358938171742395,178.0,0.23231522951451963
-0.1466950058543204,0.18063417759010672,179.0,0.142612134031007
0.07104453701589798,0.2171435589574586,180.0,-0.07512926248936264
0.21980333846387504,0.055272270337672624,181.0,-0.22017170663737184
0.1655376837559065,-0.15370605167355333,182.0,-0.1619279715352792
-0.0383362587744186,-0.21863340216109686,183.0,0.04255949283755264
-0.20327715089304757,-0.08326122010654594,184.0,0.2042575047700107
-0.17991633618511865,0.1252200166928638,185.0,0.17682564339737208
0.006753077705931106,0.2155899070520643,186.0,-0.01102086190944207
0.18357911313805717,0.10792684965102037,187.0,-0.18511587496136628
0.18979849402603585,-0.09584614855199042,188.0,-0.18725945399008528
0.023128186499776486,-0.20833897345063504,189.0,-0.018905244953084793
-0.16129455900856005,-0.12896104332002611,190.0,0.1633240713666502
-0.19524502893903548,0.06623355776549933,191.0,0.19327715501727757
-0.05079891918322995,0.19727309333459167,192.0,0.04670409524764496
0.13702733982062765,0.14614748503786787,193.0,-0.13947963083677684
0.19640347960639154,-0.03699840874690927,194.0,-0.19501353238791036
0.075825082992789,-0.18283949029298682,195.0,-0.07193419640507848
-0.11138646486415746,-0.1593607117596738,196.0,0.11418703901366206
-0.19350000398905343,0.00871330685899438,197.0,0.19268259645580105
-0.097851702312761,0.16552783655072684,198.0,0.09423200972376658
0.08497341496578664,0.16856337427633974,199.0,-0.08804503160714072
0.1868302012848458,0.018101810579851524,200.0,-0.18656861579473208
0.11660547857742776,-0.1458578219752739,201.0,-0.11331480435908259
-0.05837034796659172,-0.17380186547422974,202.0,0.06163475212757369
-0.1767490560750188,-0.04298718165757956,203.0,0.17701624421034157
-0.13189559212923951,0.1243668365077244,204.0,0.1289817016334356
0.03212938405113787,0.17520050003423468,205.0,-0.035508957052188955
0.16366026029533548,0.06554906618538123,206.0,-0.16441999459222145
0.14361277992044827,-0.10159800992843845,207.0,-0.14111299381555967
-0.006763125957688782,-0.17295444830199863,208.0,0.0101824269705722
-0.1480051664346572,-0.08546390879866861,209.0,0.14921331172529237
-0.15172680822301443,0.07808883139549277,210.0,0.14966785171604755
-0.017263465043933675,0.1673216405914056,211.0,0.013876291506194488
0.1302516181070146,0.10248083219562776,212.0,-0.13185748965126634
0.1562824852143061,-0.05436054644855831,213.0,-0.15468056154414397
0.03953975113376214,-0.15861386652927348,214.0,-0.03625172261055021
-0.11088289230276252,-0.11642250705079883,215.0,0.11283066803420838
-0.15739437956588523,0.030908501846921288,216.0,0.15625545321243664
-0.05971460596186995,0.1471872973410017,217.0,0.05658682077830032
0.09038697170815889,0.12718447544678385,218.0,-0.09261712672116201
0.15524042780546074,-0.008193579410956386,219.0,-0.154560699442654
0.07750009019469577,-0.13343265744001595,220.0,-0.07458682954974094
-0.06924634605171916,-0.134733031643953,221.0,0.07169707885769774
-0.15005462517861828,-0.013365170332625131,222.0,0.14982117754530627
-0.09267362791360889,0.11776526563483332,223.0,0.09002164890551494
0.047928519089985154,0.13910178730316292,224.0,-0.05053714111689658
0.1421190020367269,0.033396614755552,225.0,-0.14231059363557308
0.10507872690563233,-0.10061515608919158,226.0,-0.10272674975224709
-0.026877373208826532,-0.14038706763012646,227.0,0.02958163542487277
-0.13175509054336687,-0.05158229671998124,228.0,0.1323430724174031
-0.1146243129941612,0.08241747531120669,229.0,0.11260270157136959
0.006505517323744383,0.13874230015624192,230.0,-0.009244850663502335
0.11931508493133379,0.06765984379328308,231.0,-0.12026441470449623
0.12128277266005161,-0.06360333440294533,232.0,-0.119613403595464
0.012812283554858576,-0.13437156894137148,233.0,-0.010095634167503198
-0.10517289293957024,-0.08142503827210289,234.0,0.1064432198339113
-0.1250868189857134,0.044591276105999944,235.0,0.12378313098931344
-0.030744526452923138,0.1275225138960726,236.0,0.028104491352521632
0.08971526676352361,0.09273258390406623,237.0,-0.09126206139295573
0.12612531318709028,-0.025779494383536827,238.0,-0.12519252512007212
0.04700719317124655,-0.1184787577739409,239.0,-0.044493003849145965
-0.07333318926755375,-0.10149562961175564,240.0,0.07510889262135084
-0.12453818753725994,0.007538920953003292,241.0,0.1239736709576587
-0.06136676136319015,0.10755204236074747,242.0,0.059022222834894875
0.05641367578174934,0.10768413229194106,243.0,-0.05836884291357293
0.12051062527032715,0.009792731111332581,244.0,-0.12030441488150789
0.07364201327380877,-0.09507425073012332,245.0,-0.07150492918287489
-0.03933213401683774,-0.11132215959489153,246.0,0.041416549487368476
-0.11426665910512496,-0.02591590129983959,247.0,0.11440208269573283
-0.08370467537295133,0.08138948445255818,248.0,0.08180642863188786
0.022445404979303873,0.11248424927039334,249.0,-0.02460914900963347
0.10606235243919176,0.040573052311135144,250.0,-0.10651676054361556
0.09147894395681959,-0.06684635369118244,251.0,-0.08984423239436698
-0.006085586762608637,-0.11129095406550406,252.0,0.008280033287169433
-0.09617872619761875,-0.053551460616885,253.0,0.09692430083005639
-0.0969399712425191,0.05179062459162963,254.0,0.09558669460671763
-0.009445278764642852,0.10790371021230485,255.0,0.0072665484782352685
0.08491459000277007,0.064684933092167,256.0,-0.08591921141214917
0.10011140328163029,-0.03655835269633749,257.0,-0.0990506950830923
0.023879598562431475,-0.10251917326131153,258.0,-0.021759980392576303
-0.072579429036798,-0.07385447733940578,259.0,0.0738075794750128
-0.1010620749846209,0.02146961373230498,260.0,0.10029847009820837
-0.03698766459575451,0.09536316747787024,261.0,0.03496682501630821
0.05948648802097473,0.08098797300517546,262.0,-0.06090017198830469
0.0999019785588583,-0.0068229244876702455,263.0,-0.09943370526726075
0.04858011939673376,-0.08668439436387662,264.0,-0.04669340592288962
-0.0459461814910709,-0.08605890895193133,265.0,0.047505842783849075
-0.09677762966745646,-0.007109572942188627,266.0,0.09659701296213556
-0.05850945739172923,0.07674804228802716,267.0,0.05678743119612181
0.032259945388806485,0.0890842663689176,268.0,-0.03392536248311033
0.09186696062622017,0.020086110051057288,269.0,-0.09196092208292113
0.06667058761219338,-0.0658294329519449,270.0,-0.06513868070524842
-0.018714629315882764,-0.0901216406118677,271.0,0.020445772140826046
-0.08537387204427142,-0.031898440201224704,272.0,0.08572451048313413
-0.07300050100551947,0.054207831764649106,273.0,0.07167879769804764
0.00557751201535309,0.08926570464121017,274.0,-0.007335344936842056
0.07752257360801977,0.042374121791909566,275.0,-0.07810781002377955
0.0774771012561436,-0.0421605384656909,276.0,-0.07638024110863229
0.006907994838181685,-0.08664412432704768,277.0,-0.005160777020712937
-0.06855184138524797,-0.0513779402617278,278.0,0.06934611128907298
-0.08011727160915877,0.02995736186158289,279.0,0.07925446876933288
-0.018525907246969932,0.08241304061709791,280.0,0.016824221357596286
0.05870931330600069,0.058812490155022226,281.0,-0.05968428963609527
0.08097426150517549,-0.017855568679222972,282.0,-0.08034943326212175
0.02909046431945557,-0.07675223567540998,283.0,-0.02746626775385494
-0.048245936615815076,-0.06461795432767162,284.0,0.0493712667336476
-0.08013448578828027,0.006095381656779503,285.0,0.07974648136708683
-0.03844814622750938,0.06986009970663422,286.0,0.03692995934657002
0.037410671379115974,0.0687711315381549,287.0,-0.03865471234393229
0.07771383579406864,0.0051039135531854435,288.0,-0.07755675490144744
0.0464789189266496,-0.06194851243863649,289.0,-0.04509144516440418
-0.026445542841919606,-0.07128377597150772,290.0,0.027776080107758394
-0.07385360576887971,-0.015547208944904772,291.0,0.07391719518417968
-0.05309672535397003,0.05323774833394097,292.0,0.05186057107853109
0.015581122963166001,0.07220032253641544,293.0,-0.01696605884670223
0.06871613987029546,0.025066134278832267,294.0,-0.06898625547062112
0.05824925699544316,-0.04395150776571065,295.0,-0.05718075101094733
-0.005032508018719271,-0.07159507996872302,296.0,0.0064405076987881366
-0.06248030455249575,-0.03352092431732203,297.0,0.0629394255651566
-0.061917052376478876,0.03431216787936765,298.0,0.06102816293238177
-0.005004154803376498,0.06956897982072587,299.0,0.0036030704223304066
0.05533688858809528,0.040801595551109814,300.0,-0.05596467056960264
0.06411198000767558,-0.02453633693445534,301.0,-0.06341032532689482
0.014354553144841584,-0.06624597331811903,302.0,-0.012988476668640767
-0.047484028495190886,-0.046828448696354594,303.0,0.048257881535444525
-0.06487517248618603,0.014830784869138205,304.0,0.0643641191515259
-0.022868483088728533,0.06176916987262344,305.0,0.02156315914447208
0.039122750927970705,0.051551926006489016,306.0,-0.040018429850406136
0.06427448573124811,-0.0053888109425646175,307.0,-0.06395332781163612
0.030421500047561865,-0.05629681083018199,308.0,-0.029199938423919644
-0.03045271587859107,-0.054951863873505466,309.0,0.03144490973534732
-0.062401562682132615,-0.003612903123411254,310.0,0.062265773254586654
-0.03691594961675773,0.04999816993548203,311.0,0.03579811655483
0.021668235570893455,0.05703619113514734,312.0,-0.022731144483742957
0.05936858421144881,0.01201691877554794,313.0,-0.05941012994723061
0.2173088174833017,1.3419761536577675,0.0,-0.18883766515781053
1.2481301080655676,0.5324608641653705,1.0,-1.2545720707162977
1.1224131796746473,-0.7576731302385431,2.0,-1.103599765643749
-0.022505514914972564,-1.3325789838942903,3.0,0.0489490619727595
-1.1242673640758631,-0.6831036665438772,4.0,1.1341193763418893
-1.1808339433982429,0.5753151341706098,5.0,1.1654550335586322
-0.16141104470860568,1.285127523874668,6.0,0.13529967027991474
0.9847524212864415,0.8110807199944253,7.0,-0.9976155266408782
1.211836689432527,-0.3918760543201294,8.0,-1.2000050508352404
0.33133435214714696,-1.2143024366637813,9.0,-0.3060668605026884
-0.833334254379649,-0.9151091715383619,10.0,0.8487714899596432
-1.2163875834929314,0.21114964089236965,11.0,1.2081372715747722
-0.48462340260767256,1.1229053403569544,12.0,0.4606645412943877
0.673785603090513,0.9944679435505255,13.0,-0.6913330999856249
1.1959345052154722,-0.03665354294035028,14.0,-1.1912247549856263
0.6191292997578056,-1.0139930940186885,15.0,-0.596890136546302
-0.5098248580764893,-1.0489796838208303,16.0,0.5290028424029908
-1.1523495482765547,-0.12842615487057896,17.0,1.1510699605993384
-0.7332103019165038,0.8908007630599107,18.0,0.7130429905515878
0.3450436011541507,1.0789827084487813,19.0,-0.3653670779524909
1.0878662413596687,0.28128042219839444,20.0,-1.089843083434417
0.8257356774873106,-0.7566654463930095,21.0,-0.8079297264545909
-0.1828409443082882,-1.0852940909700322,22.0,0.20382986544617454
-1.0050130742058925,-0.41951245528362047,23.0,1.0100165012183893
-0.8960789429210457,0.6149524643858945,24.0,0.8808589755842894
0.026365606960070644,1.0691651640129167,25.0,-0.04755434629339361
0.9065448958737359,0.5411624170515555,26.0,-0.9142968933003592
0.9441012390480186,-0.4689852713256448,27.0,-0.9316262038649498
0.12153354111154563,-1.0322307803550141,28.0,-0.10058755768342809
-0.795373704346702,-0.6447218494138995,29.0,0.8055565474127474
-0.9701257581692743,0.3219803009368405,30.0,0.960489520598321
-0.2583479583359792,0.9764537287340234,31.0,0.23805659422339864
0.674500270537936,0.7291380660956648,32.0,-0.6867652986640421
0.974904263173211,-0.1769877827909211,33.0,-0.9681374867723778
0.38194063101758613,-0.9040657170533045,34.0,-0.36267845089402173
-0.5469479387348242,-0.793809020134962,35.0,0.5609244481731801
-0.9595768401379173,0.036839385567485894,36.0,0.955650043519957
-0.49056789992348765,0.8175063231659258,37.0,0.47266672392071607
0.4156998231071643,0.8385693051523232,38.0,-0.43100389002836137
0.9256260970238702,0.09589664556332478,39.0,-0.9244537560190922
0.582892015727823,-0.719361273220957,40.0,-0.5666366601107209
-0.28364047980800544,-0.8636680914255512,41.0,0.29988353843668436
-0.874827063400687,-0.2189523814431804,42.0,0.8762726141292173
-0.6579847078688612,0.6123013420265649,43.0,0.6436099297198905
0.1535029803046698,0.8697399151879561,44.0,-0.170299995916261
0.809194060501974,0.33038884513421074,45.0,-0.8130756491376184
0.7153222175733261,-0.4990230818556207,46.0,-0.7030108555127951
-0.027822147821718834,-0.8577693314333255,47.0,0.04479924196655771
-0.730925798601997,-0.4286162902389823,48.0,0.7370226174058669
-0.7547723931546723,0.382192478674242,49.0,0.7446546722554409
-0.09110545093628003,0.8290505064840898,50.0,0.07430404616980468
0.6423499215590693,0.5124061956351589,51.0,-0.6504089681762693
0.7765745722990988,-0.2643925112345835,52.0,-0.7687285195364493
0.2012543384886729,-0.7851428668145757,53.0,-0.1849600995215278
-0.5458681585759669,-0.5808952150747032,54.0,0.55561125647829
-0.7813130805473458,0.14807545229295282,55.0,0.7757659776647
-0.30089553382937434,0.7278239358115393,56.0,0.28541031863704325
0.44390316332183594,0.6335814698321737,57.0,-0.4550340854064916
0.7698852567252349,-0.03552060589404271,58.0,-0.7666160405480462
0.38861444991476685,-0.6590404814435458,59.0,-0.374206083668423
-0.33884802333981184,-0.6703137057080599,60.0,0.3510595677916606
-0.743464974349043,-0.07120197631047709,61.0,0.7424074805576638
-0.4633213547237019,0.5808590667636132,62.0,0.4502201646647386
0.23301931111520338,0.6912739504617533,63.0,-0.24600018841059668
0.7034626632030487,0.17026140996068306,64.0,-0.704509598471992
0.5242546161957815,-0.495417043727919,65.0,-0.5126509309399879
-0.1286144254034524,-0.6969544028913397,66.0,0.14205582738252787
-0.6514828479864727,-0.26008928658347197,67.0,0.6544903672884905
-0.5709770852863578,0.40487496120502897,68.0,0.5610196932491393
0.027673840566772436,0.6881293595160223,69.0,-0.04127557648222202
0.5892802122054228,0.33939628655338616,70.0,-0.5940729729432553
0.6033660903050222,-0.31137127274642185,71.0,-0.5951616327490389
0.06795125412580576,-0.6658230388043407,72.0,-0.05447515415123727
-0.5187151667676219,-0.4071821484677346,73.0,0.5250917291764708
-0.6215976180828684,0.21698013134678062,74.0,0.6152108747015358
-0.15662558096878965,0.631274196248216,75.0,0.14354187803407137
0.44170985577173205,0.46273917907042855,76.0,-0.44944829959071675
0.6261253422256235,-0.12367294979424903,77.0,-0.6215803514785596
0.23695045846579657,-0.5858984368310666,78.0,-0.22450239812287942
-0.3602054687875328,-0.5056496085087033,79.0,0.3690690993766757
-0.6176552250593011,0.03328428910643111,80.0,0.6149371678622787
-0.3077784694902606,0.5312491254732316,81.0,0.29618220404361406
0.2761216517276229,0.5357772031320679,82.0,-0.2858646743675364
0.5971164675833105,0.05251748323265859,83.0,-0.596174231586333
0.3682221650120485,-0.4689777721076871,84.0,-0.3576639351901789
-0.19131871960185895,-0.5532536408264784,85.0,0.20169176842547376
-0.565629610927796,-0.13225444625236726,86.0,0.5663789435957886
-0.4176569737149937,0.4007947276713614,87.0,0.40829106281255245
0.10756327650447184,0.5584602309898792,88.0,-0.11831869407941564
0.5244726039527264,0.20465809278134683,89.0,-0.5267997560318527
0.4557185957519545,-0.32843097227266166,90.0,-0.4476660528650214
-0.026497743634293157,-0.5520056220362276,91.0,0.03739451834086749
-0.47504564555025686,-0.2686829330968679,92.0,0.47881140226093133
-0.48229525486211344,0.253601709085598,93.0,0.4756433683944447
-0.05038581249739651,0.5347001834809056,94.0,0.03957753178345458
0.4188355880449714,0.32351477061968503,95.0,-0.4238795834350023
0.4975152658531126,-0.17797239924290054,96.0,-0.49231775431000824
0.12176726981158638,-0.5075277772844868,97.0,-0.1112621489317045
-0.3573806512170997,-0.36857379161887555,98.0,0.36352586144123206
-0.5017304431130036,0.10312778635853698,99.0,0.49800831753106384
-0.18651528610341883,0.47161564460758226,100.0,0.17650932405490705
0.2922361465072495,0.40351270809696943,101.0,-0.29929346022629894
0.49549592979005624,-0.030544366558668823,102.0,-0.49323897114798715
0.24369931465003553,-0.42820313017157274,103.0,-0.2343669444204874
-0.224941849677044,-0.4282102797051325,104.0,0.2327146181343226
-0.4795470663196616,-0.038433336724284506,105.0,0.4787158520701594
-0.2925968362958457,0.3786099480031793,106.0,0.28408863314385135
0.15699158950351952,0.4427606155449004,107.0,-0.16528006492154773
0.45477394116228986,0.10261243224221922,108.0,-0.4553023476908989
0.332695939499306,-0.3242046606834742,109.0,-0.3251369479138913
-0.08980554196201393,-0.44745871919735397,110.0,0.09841112049586875
-0.4221942763183604,-0.16096709163969408,111.0,0.4239923787177402
-0.36369346678168846,0.26637400073812295,112.0,0.3571821441172601
0.024705635824438604,0.44278278974215257,113.0,-0.03343483015797455
0.38292529605074227,0.2126496838146269,114.0,-0.3858825830968085
0.3854890234682004,-0.20649360906991931,115.0,-0.3800967858283158
0.037105611319604846,-0.42937382764660786,116.0,-0.028437534782199125
-0.33815521016356526,-0.2569976366800175,117.0,0.34214403075233796
-0.39817521153323343,0.14590070303388686,118.0,0.3939465560668737
-0.09456259595727592,0.4080131172527183,119.0,0.08612836974846744
0.289114914258238,0.2935361355888527,120.0,-0.2939940717286571
0.40202450700707404,-0.0858691176600021,121.0,-0.3989776745609965
0.146750327692587,-0.3795981674819558,122.0,-0.13870786912564464
-0.23705046989245784,-0.32197684599490073,123.0,0.24266888252276742
-0.3974732432958292,0.027587089434647494,124.0,0.39560137647927524
-0.1929142673397868,0.3451176898632513,125.0,0.18540432955056724
0.18319687892408312,0.3422129178588443,126.0,-0.1893972282998732
0.3851031947010177,0.027861925238809038,127.0,-0.38437593895942906
0.23246632882639212,-0.305626178844232,128.0,-0.2256106376938169
-0.12875361005101824,-0.35431058993477604,129.0,0.13537590381239334
-0.3656212744475948,-0.07951518351125009,130.0,0.36598676378326467
-0.26498714624114156,0.26221863453364896,131.0,0.2588870327799772
0.0748622732495235,0.35849776269638617,132.0,-0.08174725474113104
0.3398378699253724,0.12654320658776974,133.0,-0.34122503447956154
0.2902247774207503,-0.2160059336708578,134.0,-0.28496030461217403
-0.022586771085543793,-0.3551499488409121,135.0,0.029579115481735696
-0.30864433512523975,-0.1682588890128442,136.0,0.3109654649459423
-0.30809007796159776,0.1680913119782998,137.0,0.30371965098277026
-0.027103813659339854,0.3447740398267384,138.0,0.020152569323136083
0.2729901471112455,0.20412318187599032,139.0,-0.2761436450458124
0.318649033639423,-0.11954837147883479,140.0,-0.3152094732677164
0.07334940536550358,-0.3279903457876565,141.0,-0.06657824234771403
-0.23386021068636717,-0.2337474338724993,142.0,0.23773346739794157
-0.3221123843090945,0.07140097125880457,143.0,0.3196194350366501
-0.11541007975154184,0.30551337464615336,144.0,0.10894622316975189
0.19225276420054954,0.25689253723761546,145.0,-0.19672508972061797
0.3188229080460635,-0.024605300975997224,146.0,-0.31727214525578984
0.1526741154204697,-0.2781318147647266,147.0,-0.14663113136643563
-0.14915830084604506,-0.2734650819936066,148.0,0.15410384975210883
-0.3092407604020796,-0.01996562541072444,149.0,0.3086088549125622
-0.18466296912398425,0.24668817463169068,150.0,0.17913925038831116
0.10553987500235286,0.28351077094806804,151.0,-0.11083050609998063
0.2939272802074795,0.0615348812654018,152.0,-0.29417357365938984
0.2110332527063992,-0.2120585136434143,153.0,-0.20611090128684756
-0.062315113502162824,-0.28720538889015684,154.0,0.06782312966044618
-0.27352768057976284,-0.09943183275610029,155.0,0.2745960215201072
-0.231575846129503,0.17513267091327084,156.0,0.22731995213904024
0.020340198387304134,0.28484365208576523,157.0,-0.02594091778898855
0.2487530420900848,0.13309958822674578,158.0,-0.25057383023058266
0.24621233139947274,-0.1367953652128956,159.0,-0.24267063995476248
0.019603967896525853,-0.27682628829455,160.0,-0.014029851566969287
-0.22036201495069146,-0.1620997004577425,161.0,0.2228543999016057
-0.2549889759412534,0.09790849970520876,162.0,0.25219192621370884
-0.05682326058873794,0.26364571312060386,163.0,0.051387564733363644
0.18914261931033183,0.186114186159535,164.0,-0.19221680007371025
0.2580685304959626,-0.05929496119410266,165.0,-0.2560296444592901
0.09071939621746757,-0.24587067575582044,166.0,-0.08552461129860883
-0.15589450809080654,-0.20494497785861682,167.0,0.15945408068026246
-0.2557201356282637,0.02172415634902225,168.0,0.2544367282281545
-0.12079651915529348,0.22413024640949927,169.0,0.1159342673962005
0.12141202616762171,0.2185109688500124,170.0,-0.12535632880647213
0.24830765227168258,0.01410052208401874,171.0,-0.24776182985847695
0.14666532142147096,-0.19909750942603402,172.0,-0.14221512630723368
-0.08646836406240595,-0.2268428514844426,173.0,0.0906947724008908
-0.23627674542267169,-0.04755215656620751,174.0,0.23643665535298056
-0.16804475559435203,0.17147331087929346,175.0,0.16407312909561683
0.051801064690749105,0.23007598227540232,176.0,-0.05620719327632459
0.22014105628681166,0.07808860147546004,177.0,-0.2209623476525384
0.1847614461631577,-0.14197038801443781,178.0,-0.18132129374343262
-0.018099099134065134,-0.22844153384584184,179.0,0.022584869820528042
-0.20046779719315114,-0.10525857255794469,180.0,0.201895250674987
-0.19674694532344977,0.11129818107588896,181.0,0.19387728232606816
-0.014008317083861854,0.22225621343244478,182.0,0.00953877411004056
0.1778630958633346,0.1287055338147211,183.0,-0.1798323797104602
0.20403301455796066,-0.08014859668004554,184.0,-0.201758981608917
0.043961041119531495,-0.21191084053043666,185.0,-0.03959768260948515
-0.15295740170094857,-0.14816943103900374,186.0,0.15539691077992607
-0.20674514293544355,0.04918295686427265,187.0,0.20507830263209534
-0.07127537254192055,0.197858082426016,188.0,0.06710075698782708
0.1263912472968958,0.16348636214903114,189.0,-0.1292239829699049
0.20509453663829552,-0.019020330195012036,190.0,-0.20403342911151373
0.09554943919549452,-0.1805996460927265,191.0,-0.09163747859400315
-0.09880163404776099,-0.17458631117262993,192.0,0.10194708426696786
-0.19936883166502734,-0.009772598227815732,193.0,0.19889976263970244
-0.11646660518753087,0.16067321860167794,194.0,0.11288156534720248
0.07080928243167191,0.18148910473382257,195.0,-0.07418526380214938
0.18992179294955872,0.03669000146390822,196.0,-0.19001982473569956
0.13379694687055146,-0.13863943629845157,197.0,-0.13059270212045018
-0.04300695589239957,-0.184298776792707,198.0,0.0465313824545463
-0.17716226842366697,-0.06129365416177285,199.0,0.1777923818659343
-0.14739687931240955,0.1150691460926484,200.0,0.14461642195559107
0.015949033278969644,0.18319654894428694,201.0,-0.019541580301936368
0.16154266606410336,0.08321790839689022,202.0,-0.16266105986171786
0.15720704855818007,-0.09053120092915354,203.0,-0.15488224821313137
0.009857530793113842,-0.1784326496669808,204.0,-0.006273895729948659
-0.14354721605796883,-0.10217290365631071,205.0,0.14510270902994052
-0.16324863354347652,0.06558100654904198,206.0,0.161400236712389
-0.03396075463673179,0.17031720651577895,207.0,0.03045839668244954
0.12368026932473805,0.11794604852045691,208.0,-0.12561577110646593
0.16561822548579822,-0.04075000872535747,209.0,-0.16425608137094072
0.05596962054424346,-0.1592104504827463,210.0,-0.052615037612004645
-0.10245486826286695,-0.1304018445559269,211.0,0.1047088845361803
-0.16448147173832894,0.01653628001341917,212.0,0.16360496653817577
-0.07555847705854273,0.14551247180461013,213.0,0.07241128906949071
0.08038180631660723,0.13948015254296384,214.0,-0.08288994595040372
0.16006568532985904,0.006603666567796679,215.0,-0.15966436404045373
0.09246985545390178,-0.129652761686712,216.0,-0.08958199232694114
-0.05795937040339713,-0.14519302701097525,217.0,0.060655823741494336
-0.15265163073214635,-0.028261741880254848,218.0,0.15270598288843337
-0.10651573549406163,0.11207976511127204,219.0,0.10393082882306538
0.035663935054081664,0.14762026683627347,220.0,-0.038482894963217384
0.14256470088893886,0.04808376041602669,221.0,-0.1430470847185048
0.11757732503164361,-0.09325065655983934,222.0,-0.11533030396186965
-0.013941549962965106,-0.14690384716499663,223.0,0.016818550073868094
-0.13016570039882375,-0.06577350463602513,224.0,0.1310413785320253
-0.12560344447847135,0.0736215336102028,225.0,0.12372033210652049
-0.006799365811210661,0.14324141105168714,226.0,0.003926218062539483
0.11584144523980179,0.081095373664824,227.0,-0.11706970441577765
0.13060763024955904,-0.05363820351614923,228.0,-0.12910553301209998
0.026194138854044112,-0.13687900793896263,229.0,-0.023383053339748744
-0.09999538090258833,-0.09387564491288872,230.0,0.10153070800593494
-0.13266409069223853,0.03372771561998861,231.0,0.1315513697207168
-0.043926710592814645,0.12810327052340423,232.0,0.04123124508166903
0.08303840866948471,0.1040024037439715,233.0,-0.08483169589992755
0.13190266357495273,-0.014290768378248664,234.0,-0.1311792739333601
0.05973323420289101,-0.11723322182135741,235.0,-0.05720147601684135
-0.06538009449293901,-0.11142422018545504,236.0,0.06737984746074968
-0.12850293583522177,-0.004304905506524459,237.0,0.12816091696510676
-0.07340440016156499,0.1046119005982473,238.0,0.07107830674704503
0.047420416987140335,0.11614767256099497,239.0,-0.04957394099238059
0.12268769396584997,0.02173009827504374,240.0,-0.12271179255860004
0.084786517189949,-0.09059798606140125,241.0,-0.08270141976242665
-0.029542190966939545,-0.11823383556001754,242.0,0.0317967326069072
-0.11471587722631539,-0.037698579036397756,243.0,0.11508428214234603
-0.09378139907918183,0.07555759219660597,244.0,0.09196566993634643
0.012104281283690524,0.11779386447645224,245.0,-0.014408104773669175
0.10487520595049125,0.05197041236764323,246.0,-0.10556037371373922
0.10034512924259728,-0.05985638875667533,247.0,-0.09882000998283
0.004564301047999391,-0.11498381805983354,248.0,-0.0022609209317900336
-0.09347465379742612,-0.06435414209377502,249.0,0.09444420260096391
-0.10448579347661927,0.04385219012260917,250.0,0.10326537824633844
-0.020169351739913844,0.10999886961115597,251.0,0.017913235432612876
0.08083692613297047,0.07470786192089712,252.0,-0.08205457618417657
0.10626028712840418,-0.02788813551875255,253.0,-0.1053516522097932
0.03445542978518749,-0.10306705968480427,254.0,-0.03228970985843731
-0.06729109716026628,-0.08293921597282754,255.0,0.0687176355423192
-0.10577031550859409,0.01228656484549312,256.0,0.10517378409019947
-0.04720879523193571,0.09444274414909276,257.0,0.045172253925604075
0.05316554630060622,0.08900439153770374,258.0,-0.054759795298232605
0.10315771587472064,0.002656325826753056,259.0,-0.1028672447481557
0.05825932775628907,-0.0843998885997653,260.0,-0.0563858615680151
-0.038781320058029735,-0.0929061831990745,261.0,0.040501089053139455
-0.09859923563562507,-0.016674985809276774,262.0,0.0986029088527619
-0.06748144636824968,0.07322535445308957,263.0,0.06579966118715232
0.024446029595973116,0.09469122180203747,264.0,-0.026249032128448785
0.09230090464525316,0.029538125929605696,265.0,-0.09258151786704572
0.0747940697150369,-0.061212313750393516,266.0,-0.07332700713606026
-0.010448376940063456,-0.09444647324760518,267.0,0.012293096314227175
-0.08449213968076995,-0.041051427266364585,268.0,0.08502785805160798
-0.08015967366036147,0.04865391910886405,269.0,0.07892466640159058
-0.00294661547505288,0.09229512084550573,270.0,0.0011001266494949091
0.0754197166047901,0.051059340236959266,271.0,-0.0761847884915294
0.08358251787730296,-0.03583734270090837,272.0,-0.08259116972547977
0.015501615852663029,-0.08839195086821332,273.0,-0.013691014599028009
-0.06534174051163201,-0.05944599042200616,274.0,0.06630724933674587
-0.08510612591525177,0.023038284006602974,275.0,0.08436440935493814
-0.027010197322183488,0.08291836408705872,276.0,0.025270217805950512
0.054521736610450344,0.06613522472308893,277.0,-0.05565637327044848
0.08481011346571399,-0.01051603074209817,278.0,-0.08431857615166553
0.03729923649596391,-0.07607713652711964,279.0,-0.03566115381367682
-0.04322297499402045,-0.07108984697844,280.0,0.044493813955856984
-0.08280646729184665,-0.001490858799587172,281.0,0.08256053682834943
-0.04623049501718257,0.0680870506006281,282.0,0.04472169056349368
0.031703131095803264,0.07431010578504832,283.0,-0.03307639417154798
0.07923538249184922,0.012768200370980518,284.0,-0.07922575759492931
0.0537013995120973,-0.05917751336039501,285.0,-0.052345030846277264
-0.020209370882225717,-0.07583150882953052,286.0,0.021651163865361728
-0.0742607684787965,-0.02312912042568789,287.0,0.0744738835351925
-0.059645050765321166,0.04958327207745316,288.0,0.05845982660883174
0.008973936003162913,0.07572204740155908,289.0,-0.01045094476786558
0.0680655343689653,0.032416266310146546,290.0,-0.06848408366947906
0.06402950681802352,-0.03953932894954739,291.0,-0.06302956563625957
0.0017897104253302835,-0.07407892188617185,292.0,-0.000309576161182587
-0.0608467625108867,-0.04050328734643029,293.0,0.06145027002064599
-0.06685639685285989,0.029276146769483327,294.0,0.06605128545704826
-0.011890131667428994,0.0710248638922099,295.0,0.010437156960565186
0.052810874830326274,0.04729559914384961,296.0,-0.053576295257137356
0.06815893302850565,-0.019015226116183975,297.0,-0.06755367980918438
0.021160528100484317,-0.06670415330825988,298.0,-0.019762681970560067
-0.04416889071663754,-0.05273045733636329,299.0,0.04507122782916109
-0.06799939575984536,0.008965122384008359,300.0,0.06759467155189258
-0.029460694839969166,0.061278429057425206,301.0,0.02814319630983015
0.03513186756487363,0.056776379461715897,302.0,-0.036144796180456566
0.06646617425244758,0.0006820419579934428,303.0,-0.06625853245569097
0.03667832447616241,-0.054922390765524895,304.0,-0.03546328981427309
-0.025906606067120544,-0.05943196470169722,305.0,0.027003084847333526
-0.06367044838107393,-0.009753527782960583,306.0,0.06365263483813814
-0.04272966656514546,0.04781948511564226,307.0,0.04163584017354654
0.01669169218119797,0.06072417055361905,308.0,-0.01784455530547263
0.059742600282811066,0.018098363684885196,309.0,-0.05990392254949607
0.047559567921128684,-0.04015766551187523,310.0,-0.04660213747290608
-0.007673936668813424,-0.06070611310757532,311.0,0.008856453582994084
-0.05482844438622539,-0.02558914878893908,312.0,0.05515518942517155
-0.05114092894992451,0.032125307022871745,313.0,0.05033142363013894
1.17899383617464,-0.7429398363250961,0.0,-0.5439162921389207
0.06910937612085523,-1.3412188261372808,1.0,-0.04218898023880091
-1.0817056034891237,-0.7638523867525676,2.0,1.0933061782772295
-1.2250963898009597,0.4973879554329863,3.0,1.2111209228892865
-0.25048799872958816,1.2809002396771145,4.0,0.2241642793657017
0.9328317969892994,0.882941914817425,5.0,-0.947297750672399
1.243598070694676,-0.3108456162488904,6.0,-1.2332732365649364
0.4162095157442238,-1.1980433238437498,7.0,-0.39098309822763744
-0.7736557483077141,-0.9771388937415848,8.0,0.7905260049508889
-1.2357299404811914,0.128844664170501,9.0,1.2290531298014
-0.5638152738658827,1.0956457566809301,10.0,0.5401353123987052
0.6080147434205468,1.045977170068129,11.0,-0.6268061792323676
1.2031876798185457,0.045177826522980746,12.0,-1.2000822415368044
0.6913582397888378,-0.9769280637554434,13.0,-0.6696162799715932
-0.4396540867541571,-1.0895334835113994,14.0,0.45987263984864524
-1.1480700442569527,-0.2081472075056845,15.0,1.1483911563883458
-0.7974128046281614,0.8452551413246068,16.0,0.7779381750504133
0.27215628559284005,1.1083942905840334,17.0,-0.2933076412289082
1.07281270639361,0.35739268270543967,18.0,-1.0763542913827366
0.881073412627115,-0.7040594134205225,19.0,-0.8641301502034027
-0.10887766944167902,-1.1036141536207988,20.0,0.1304773281444871
-0.9801190985254487,-0.4906781085578066,21.0,0.9866215817082219
-0.9419426928570122,0.5567670905345129,22.0,0.9277279751226775
-0.04710669959510536,1.0766670326785661,23.0,0.02552413985612345
0.8728898370026734,0.6062221606094004,24.0,-0.8820485412777218
0.980109946585681,-0.40672884903235285,25.0,-0.9687539750777552
0.1930491878361804,-1.0293918842439482,26.0,-0.17192167842816408
-0.7541522462492617,-0.7027080755768222,27.0,0.7656262151761917
-0.9961209894816662,0.25715608370319054,28.0,0.9876882420724489
-0.32656640358148314,0.9639340047111986,29.0,0.30629713673366976
0.6269914099901559,0.7792833778049496,30.0,-0.6404124549230611
0.9909404654599705,-0.11106370538604193,31.0,-0.9854322124510656
0.4456664588450697,-0.882683559393781,32.0,-0.4266176917213399
-0.4944840630309366,-0.8355501789510241,33.0,0.5094658372358923
-0.9659078370496639,-0.02877973409660839,34.0,0.9632657962590472
-0.5487666810668869,0.7882127111722775,35.0,0.531254752034081
0.3596365026813034,0.8715467971526492,36.0,-0.3757834163205809
0.9226883156040318,0.15989400204610704,37.0,-0.9227993057783493
0.6347019707319094,-0.6832127090093176,38.0,-0.6189935397576701
-0.22532754849688902,-0.8877215750238417,39.0,0.24224335242941264
-0.8632200240176529,-0.2801208375802966,40.0,0.8659214637911472
-0.7027241796587821,0.5704322181658028,41.0,0.6890336980136497
0.09425741643580303,0.8848998832748278,42.0,-0.11155329954630533
0.7896586859592934,0.38764909626782196,43.0,-0.794744777279916
0.7524930455179663,-0.4526180740504382,44.0,-0.7409814346528628
0.031096797198951753,-0.8642453778761136,45.0,-0.013794733496863554
-0.7043211105781653,-0.48103137078177427,46.0,0.7115495409821843
-0.7840593586804462,0.33245952351181773,47.0,0.7748338547317662
-0.14851850158551963,0.8272166333675636,48.0,0.13156250742127729
0.6096286922404556,0.5591922459392312,49.0,-0.6187276894482757
0.7978411561043478,-0.21253688450416974,50.0,-0.7909562553105628
0.25608152185521443,-0.7755203035792909,51.0,-0.23979629552924486
-0.5080520735259245,-0.6214285074108744,52.0,0.5187276483667597
-0.7945938325029646,0.09527541098208969,53.0,0.7900532541895713
-0.35217236122069856,0.7110619646110311,54.0,0.33685004996737766
0.4020580291881419,0.6674017684372149,55.0,-0.4140012485761002
0.7753751309047036,0.017095001806077814,56.0,-0.7731346988577223
0.435504807397007,-0.6358957748033169,57.0,-0.421400961307572
-0.29405952201614555,-0.6971241060511044,58.0,0.30695366231204
-0.7415060228295893,-0.12257379222915088,59.0,0.7414773529725502
-0.5051270320828994,0.5521740444104647,60.0,0.4924575379671531
0.18636976164657726,0.7109374060319296,61.0,-0.19989720388500776
0.694528513073275,0.21941706444119358,62.0,-0.6965833854923944
0.5604214762831684,-0.46209774588926333,63.0,-0.5493604767629706
-0.08116096756673434,-0.7094872030503397,64.0,0.09500970934589403
-0.636161406363792,-0.30615810876699123,65.0,0.6401366929092794
-0.601097943924086,0.3678689165496668,66.0,0.591776726703836
-0.0195715989622411,0.6936918686180791,67.0,0.00570192504346978
0.5682550542022012,0.38162108964767516,68.0,-0.5739580690937529
0.6271804397426467,-0.2716458114023257,69.0,-0.6196872631509531
0.1140399093795996,-0.6647080444237763,70.0,-0.10043260440667556
-0.49274606163748425,-0.44492802065081966,71.0,0.49996020161883203
-0.6389883834462923,0.17550155814767154,72.0,0.6333691872684818
-0.2006874645424121,0.6238932427239161,73.0,0.18760399535710126
0.411612877484791,0.4954992756175805,74.0,-0.4201034199572726
0.6371129097110437,-0.08138695123391382,75.0,-0.6333728453046225
0.2782074676560841,-0.5727665394024437,76.0,-0.2658834206599292
-0.32683311974748247,-0.5330480019778696,77.0,0.33635305175752056
-0.6223890222082168,-0.008902099359754945,78.0,0.620494723066953
-0.34555486043733535,0.5129682701993166,79.0,0.33419665738265325
0.24034340311019947,0.5575689049648475,80.0,-0.2506391608450903
0.5958644094351119,0.0937520736569597,81.0,-0.5957469129044326
0.40195233509533435,-0.4462196078598213,82.0,-0.3917347332869678
-0.15400233982413697,-0.5693219586503215,83.0,0.1648193470970849
-0.5587657509761578,-0.17175403596379313,84.0,0.5603239737774159
-0.4468905506799629,0.37428284925983574,85.0,0.43795493274701225
0.06955728167018402,0.568811670525031,86.0,-0.08064518645987728
0.5124633456053678,0.24172037580932393,87.0,-0.5155680102318885
0.4801228869084486,-0.2989231788447272,88.0,-0.4725763289473814
0.011384738459882334,-0.5567625802834606,89.0,-0.0002672183352347979
-0.45843487835377406,-0.3026960726465791,90.0,0.46293278422655376
-0.501655160279905,0.22187260006487353,91.0,0.49557025199217536
-0.08738151893926684,0.5340917104228363,92.0,0.07646221679879994
0.3982291135917857,0.35396457412337823,93.0,-0.40394764603208566
0.5117308050053667,-0.14479664211706073,94.0,-0.507146181696665
0.15717542194634304,-0.5018787064699187,95.0,-0.14666487176326765
-0.33343025684680033,-0.3950484820520092,96.0,0.3401820283108209
-0.510812084252849,0.06926435749120885,97.0,0.507733618415997
-0.2197082032035402,0.4613344086704507,98.0,0.20979636518954903
0.2656236712230269,0.4257053345019053,99.0,-0.2732111927029843
0.4995579450105522,0.003277971128242685,100.0,-0.4979605348481979
0.27413092282410295,-0.4137685856769703,101.0,-0.2649845181327687
-0.19636356679879,-0.4459188553795995,102.0,0.20458385262749013
-0.4787991624174566,-0.07152909587193168,103.0,0.47862904616597396
-0.3198090221533399,0.36055753526903905,104.0,0.3115694954345402
0.12714320523853825,0.4558861134149282,105.0,-0.13579222152259596
0.4495114369262821,0.13435082235694923,106.0,-0.4506889552915992
0.3563227448618415,-0.30311221878841194,107.0,-0.3491048595428148
-0.05936807912492107,-0.4560010899324951,108.0,0.06824495443897155
-0.41278711066772605,-0.19078166284282078,109.0,0.4152098350943548
-0.38346316485622256,0.2428475462912294,110.0,0.3773542228704366
-0.0056675617431765956,0.4468351987438305,111.0,-0.003243364809074889
0.3698061586614078,0.24004610042142188,112.0,-0.37335230050822704
0.40122415763088776,-0.18115337008411447,113.0,-0.39628382310074206
0.06680055458964937,-0.42911533184233086,114.0,-0.05803879064000872
-0.3218070870852767,-0.28155953141893647,115.0,0.326339102012331
-0.40979071458344246,0.11936767709125273,116.0,0.4060514098688532
-0.12301484620743475,0.40370002149451867,117.0,0.1145717554811429
0.27005833588835937,0.3149290371719768,118.0,-0.2754266387804091
0.4095240509270521,-0.058752397217025076,119.0,-0.4069918836548325
0.17345359050292705,-0.371554313237297,120.0,-0.16548233089953568
-0.21583073799125982,-0.3399502123602667,121.0,0.22187744642731821
-0.4009439968020378,0.0004721673712154706,122.0,0.39960016809938587
-0.21742730357235143,0.3337239358853805,123.0,0.21006251764573797
0.16037153366956278,0.3566003440493277,124.0,-0.1669341621409276
0.3847091879313454,0.054423689069310055,125.0,-0.38451182519993615
0.2544181400431862,-0.29130933482031285,126.0,-0.24777429488474279
-0.10488037805007573,-0.36502829268641557,127.0,0.11179541066077381
-0.3615955868478322,-0.10501578811226098,128.0,0.36248193907959536
-0.2840804295882366,0.2454401046350299,129.0,0.27825066371698487
0.05048771361079649,0.3655414729137073,130.0,-0.05759398967677548
0.33247386874964185,0.15052581654490332,131.0,-0.3343627986241923
0.30623768049121786,-0.19725031786679031,132.0,-0.30129315167723464
0.001764190181444962,-0.3585903678770393,133.0,0.005377664405805116
-0.29828619803009493,-0.1903241459828614,134.0,0.30108090282485206
-0.3208763169484256,0.14785519940068964,135.0,0.31686603506248245
-0.05093729980087504,0.3447510356173412,136.0,0.04390719000459925
0.26002290328654043,0.22393397955194946,137.0,-0.26361379593645634
0.3281364676899167,-0.09832954257409293,138.0,-0.32508758773166097
0.09621082520487512,-0.32470608026154457,139.0,-0.08942893139979591
-0.21869953110504292,-0.25103214879146113,140.0,0.22296721349206933
-0.3283001649794693,0.04968820452857625,141.0,0.3262187075255872
-0.13689108537220065,0.29922456442660145,142.0,0.13048088306450267
0.17533472324399485,0.27144673964762484,143.0,-0.18015298587412465
0.3217773448104473,-0.002868956409044776,144.0,-0.32064930434150274
0.17241821416770653,-0.26914133303664806,145.0,-0.1664884287310489
-0.13092931920042977,-0.2851517804989831,146.0,0.13616810472006163
-0.30909006107458153,-0.041282099931801985,147.0,0.3088828570488229
-0.20236975415426803,0.23533620334327043,148.0,0.19701300854869236
0.08644703781143379,0.29225927134252017,149.0,-0.09197531020287614
0.2908553387668317,0.08202240158935614,150.0,-0.291519559969894
0.22646124649272278,-0.19871345217603018,151.0,-0.22175311522448046
-0.04279703883327734,-0.29300887109114027,152.0,0.048485505425591435
-0.2677670942150068,-0.11872199724815818,153.0,0.2692384838297876
-0.24454397986668247,0.1601820003020643,154.0,0.2405424447763968
0.0008186096802425987,0.287755589102767,155.0,-0.0065422491835676055
0.24057754437364273,0.15086980117347493,156.0,-0.24277917137867713
0.256600109660076,-0.12063665630979686,157.0,-0.2533454052022932
0.0387318349945348,-0.2769558474955411,158.0,-0.03309147854585054
-0.21007851303537892,-0.1780770655047595,159.0,0.21292307491998952
-0.26273539979846694,0.08094073977876037,160.0,0.2602502282778274
-0.07519131116256744,0.26115229259413775,161.0,0.06974410157989164
0.17708302015808922,0.20007816222528368,162.0,-0.18047522247438996
0.26316987331622,-0.04191035682160199,163.0,-0.2614599641604946
0.1079983082449663,-0.24095773725578395,164.0,-0.1028437831397061
-0.1424075122574645,-0.21672881557591825,165.0,0.1462464721361692
-0.2582266835849872,0.004300551577114398,166.0,0.2572816652431296
-0.13669829978778192,0.217038611272007,167.0,0.13192424752169543
0.10685505793151269,0.22800196933687122,168.0,-0.11103668128750313
0.2483195361616755,0.031206493940991037,169.0,-0.24811408468860346
0.16094675737235,-0.19009828508077586,170.0,-0.1566281158352753
-0.0711997940822681,-0.2339815107640764,171.0,0.07561907969259596
-0.23393900147628718,-0.06401109093472301,172.0,0.2344342263324376
-0.18050975186391058,0.16086061332905494,173.0,0.17670783273792956
0.03617286633319332,0.23485410364113132,174.0,-0.04072609418333484
0.21563806132529262,0.09360343629041978,175.0,-0.2167830863909559
0.19526227027264315,-0.13005402017465112,176.0,-0.19202430560064515
-0.002450062571667313,-0.23089940666301675,177.0,0.007036828706376008
-0.19401722774634492,-0.1195687464440559,178.0,0.19575092402847327
-0.20518441549132832,0.09839641845346345,179.0,0.20254341700292694
-0.02935870747381629,0.22247897012241905,180.0,0.024833642040932996
0.16970956182996166,0.14159015976149963,181.0,-0.17196238778804662
0.2103556894912398,-0.06658122086554405,182.0,-0.20833060533588596
0.05871798016163202,-0.21002411368717772,183.0,-0.05434305325880559
-0.14336590298346902,-0.1594494783563781,184.0,0.14606180877637306
-0.2109475878555341,0.03526466409116663,185.0,0.20954373623343633
-0.08517329281958623,0.19402309114786007,186.0,0.08102873853268203
0.11564059679941566,0.17302586007958629,187.0,-0.11869895000498759
0.20721475460297525,-0.0050546271807211385,188.0,-0.20642450934920892
0.10835570949924764,-0.1750078447038763,189.0,-0.10451240411462684
-0.087177982759274,-0.18229260665610583,190.0,0.0905154751498441
-0.19948496103777086,-0.023498915389359026,191.0,0.1992886605451189
-0.12798434372431117,0.15354064208267618,192.0,0.12450290920051899
0.058599872336740126,0.18731222416340101,193.0,-0.06213237003166894
0.1881481809195153,0.04991170702401404,194.0,-0.18851522890660782
0.1438669435711028,-0.13020087509031456,195.0,-0.1407971117720809
-0.03049421449526938,-0.1882299569225273,196.0,0.03413851716211766
-0.17364503676919765,-0.07377123073182668,197.0,0.17453516133492594
-0.1558986400228837,0.10557227868467245,198.0,0.15327887545785332
0.003405109953008245,0.18526601521219133,199.0,-0.007080588575379132
0.15645488891304252,0.0947409211261091,200.0,-0.15781952505305258
0.16405899101661361,-0.08023080602042917,201.0,-0.16191636470730006
0.02217570124067082,-0.17870673094405656,202.0,-0.018545614269249444
-0.13708383031508273,-0.11256258643075015,203.0,0.13886759059128603
-0.1684074805515666,0.05473336786308888,204.0,0.16675778296576313
-0.045815791489848726,0.16889488360625435,205.0,0.04230228164836064
0.11605283684660234,0.12705709547303218,206.0,-0.11819503516738786
0.1690776543693858,-0.029607615053633407,207.0,-0.16792573120133147
0.06714738629679988,-0.1562194415470288,208.0,-0.06381512259271763
-0.09388630494089509,-0.13812341673099698,209.0,0.09632249936781662
-0.16627009087429792,0.005342911085861879,210.0,0.16561038186713178
-0.08587107897403208,0.14110496128802724,211.0,0.08277727819272648
0.07110118719545827,0.1457361249478082,212.0,-0.07376470928927362
0.1602444180815485,0.01761739091033193,213.0,-0.160061676107437
0.10175793856049624,-0.12400088037937108,214.0,-0.09895163557110703
-0.04819691206057698,-0.14994151526555888,215.0,0.05102035244844455
-0.1513105945087609,-0.038882285671078404,216.0,0.15158075978503124
-0.11465006164362114,0.10537092775914352,217.0,0.11217158860248891
0.025646246966495527,0.15085248500173773,218.0,-0.02856286946651146
0.1398196742044912,0.05811801957993204,219.0,-0.1405108768319626
0.12445964748408433,-0.08568286014636932,220.0,-0.12234032036449682
-0.003887235773703124,-0.14864235892944302,221.0,0.006832295474083344
-0.12615427377676744,-0.07505154448853538,222.0,0.1272279367367353
-0.1311667012495653,0.0653987142226966,223.0,0.12942870799790734
-0.016683688040777,0.1435378451686019,224.0,0.013771743959116456
0.11071895265782856,0.08947253577160572,225.0,-0.11213096698564677
0.13481549196197778,-0.04496574281732127,226.0,-0.13347197281242332
0.035717340866318704,-0.13581131558145892,227.0,-0.0328958071577147
-0.0939307073044325,-0.1012340171856832,228.0,0.09563265133557278
-0.13550990971647067,0.024808179602149594,229.0,0.13456521684244166
-0.052916139053697235,0.12577260701126416,230.0,0.05023713511553042
0.07620976602802039,0.11025166095646292,231.0,-0.07815014135180154
0.13340788069868292,-0.005319951538340223,232.0,-0.13285800147495452
0.06803714623775997,-0.11376053801491644,233.0,-0.06554685749295859
-0.05797085416264311,-0.11650185447815896,234.0,0.06009631217509491
-0.12871500845748926,-0.013141567903602741,235.0,0.12854813419694341
-0.08089383177876451,0.1001343301914881,236.0,0.0786319159215542
0.039615079829731135,0.12001864477177585,237.0,-0.041871614487588166
0.12167761581669699,0.03026069831300826,238.0,-0.12187483594339954
0.09135657961775062,-0.08526511413544345,239.0,-0.08935574019936644
-0.021522569186629776,-0.1208896881999173,240.0,0.023856653670419267
-0.11257536384369543,-0.04576744464757622,241.0,0.11311146407878878
-0.09935200996698303,0.06952768783887356,242.0,0.09763773624733678
0.0040459572970886655,0.11925134574232626,243.0,-0.006405604734326456
0.10171362262111448,0.059440327896695885,244.0,-0.10255796489110104
0.10486119676609755,-0.0532926804594,245.0,-0.10345166543892059
0.01249518282087652,-0.11528307334380307,246.0,-0.010159451723000743
-0.08941576343897917,-0.07110806417846817,247.0,0.0905332248518062
-0.10791688146302429,0.036919257220724075,248.0,0.10682301282850984
-0.027818914302687913,0.10920126247521728,249.0,0.02555321097587146
0.07601553374521648,0.0806501251827809,250.0,-0.0773674820965032
0.1085997982353992,-0.020748482300554094,251.0,-0.10782545668212785
0.04168447872369332,-0.1012526881956868,252.0,-0.03953080505096164
-0.061849665113691145,-0.08799623370736712,253.0,0.06339494895676305
-0.10703423713599833,0.0050974363739349215,254.0,0.10657656345094693
-0.053894794609867805,0.09170772082732005,255.0,0.051890428010167994
0.047250850999377786,0.09312486656230262,256.0,-0.04894678329503334
0.10338297977898993,0.009745835498232783,257.0,-0.10323284085042679
0.06429792214269481,-0.08085345306948602,258.0,-0.06247493255284155
-0.032541215564683985,-0.09606085309694136,259.0,0.034344531277936616
-0.09784174710564397,-0.023526491240900838,260.0,0.09798428703632937
-0.0727875244730819,0.06898688725828495,261.0,0.07117242536766044
0.01802637781047847,0.09687217085780155,262.0,-0.019894147496510098
0.09063330056538434,0.03602614116385183,263.0,-0.0910485760815951
0.0793023746951202,-0.0564083178265172,264.0,-0.07791590743798996
-0.003990197068039442,-0.09566605030242291,265.0,0.005880680430537175
-0.08200133686615498,-0.04706516676001131,266.0,0.082665019190378
-0.08382497408321915,0.0434150321842873,267.0,0.08268202222951611
-0.009309732961147357,0.09258450802973159,268.0,0.007436307405107451
0.07220431248457426,0.05650411593727665,269.0,-0.07308843752761932
0.08637936145106366,-0.030295439588944664,270.0,-0.08548898917702111
0.02164579356718141,-0.08779943265233611,271.0,-0.019826534266793525
-0.061509327623726025,-0.06424420009204797,272.0,0.06258307642381836
-0.08702820529110061,0.01732372248702839,273.0,0.08639381194113335
-0.032823224744365775,0.08150734930729726,274.0,0.031091977485099564
0.05018619054498881,0.070226935219246,275.0,-0.05141668231943633
0.08586927960236725,-0.004755088683545683,276.0,-0.08548886044677069
0.04268217268757412,-0.07392398799876412,277.0,-0.04106902223699721
-0.038501772489682735,-0.07443298420568895,278.0,0.0398548534376629
-0.08303143097267765,-0.0071783140894448455,279.0,0.08289793268876185
-0.05109890812769222,0.06527877766644835,280.0,0.04962978539415696
0.026714751077713532,0.07688027037189309,281.0,-0.028155763136734555
0.07867014856384821,0.01827077669046065,282.0,-0.07877190669393287
0.05798623901422797,-0.05580938228514243,283.0,-0.05668263556467389
-0.01507082646910681,-0.07762144306781497,284.0,0.016565341557359253
-0.07296285022295897,-0.028345672627272597,285.0,0.07328409493833624
-0.06329315606944805,0.0457563876721331,286.0,0.06217194556074515
0.0037984800508465044,0.07674078460132297,287.0,-0.005312986875065581
0.06610399712247515,0.03725735665336495,288.0,-0.06662541302912081
0.06700376309684264,-0.035358238286500795,289.0,-0.06607712702401507
0.006894669685243683,-0.07435065394071803,290.0,-0.005392137465108637
-0.05830014627360151,-0.044892322700576734,291.0,0.058999471727140436
-0.06913555545208085,0.024846512437397064,292.0,0.06841100865076641
-0.016824874736907743,0.07058756649505236,293.0,0.015364178346715246
0.04976504515310148,0.051169640730954896,294.0,-0.05061769659348316
0.06973711964901652,-0.014441612286640731,295.0,-0.06921762922384828
0.02583460455800438,-0.06560801089561746,296.0,-0.024443015381792124
-0.04071486575676375,-0.05604070561539675,297.0,0.04169457290793134
-0.06888533459673589,0.004348932147182558,298.0,0.06856952441515429
-0.033794223136523284,0.059584103172928976,299.0,0.032496018890469484
0.031363666889997095,0.05948834321096285,300.0,-0.03244310527238184
0.06668216041179925,0.005244444847153362,301.0,-0.06656459202238899
0.040603001086806846,-0.05269917618360369,302.0,-0.03941914639627928
-0.021919163692248004,-0.06152532925128237,303.0,0.023070571741683754
-0.06325110413269165,-0.014172485287379764,304.0,0.06332262394372624
-0.04618948089772859,0.04514339776086271,305.0,0.04513739385639856
0.01257887254287259,0.06219238536804459,306.0,-0.013774641680027594
0.058733453032714225,0.0222923564441933,307.0,-0.05898159483130001
0.050511225577720704,-0.03710950503411251,308.0,-0.04960463003157341
-0.00352668789313203,-0.0615557234500206,309.0,0.0047399151194236
-0.0532843656723913,-0.029485980104497385,310.0,0.0536937970750169
-0.053553991716852885,0.02878873490769037,311.0,0.05280285328449055
-0.005070064508633551,0.05970421458565593,312.0,0.0038650705464125107
0.04706890847635123,0.035660992460920214,313.0,-0.0476219096721079
0.051852292507423146,1.150345110082076,0.0,-0.09478252574983692
0.9912607942528289,0.5646912116155528,1.0,-0.9991990632471137
1.0097597899882487,-0.5270538451645418,2.0,-0.9959106580319066
0.10874555933090273,-1.1174233153236388,3.0,-0.08614679752961041
-0.8734144474498798,-0.6789536471927499,4.0,0.8840187693116408
-1.0410895745829503,0.36886008725376285,5.0,1.0302842410649693
-0.25777924797090446,1.0601660497453453,6.0,0.2358238933801582
0.7446673927771764,0.7727533647632595,7.0,-0.7575668374685857
1.04942112495588,-0.21237692250765106,8.0,-1.0417020922448923
0.3928911635565748,-0.984681479865477,9.0,-0.37198827611007845
-0.608272901802628,-0.8453743171083378,10.0,0.6230714622516187
-1.035924306533377,0.060687295830638144,11.0,1.031268832519128
-0.5121441344282897,0.893566290047107,12.0,0.4926575471364031
0.4674503242325886,0.8965728910939549,13.0,-0.48373643071640937
1.0021448034924871,0.08340287581402428,14.0,-1.000469163658721
0.6140363409982847,-0.7895838418247658,15.0,-0.5962798941060898
-0.3253215880788497,-0.9265553498670833,16.0,0.3426773850471132
-0.9499507965819439,-0.21740563742635888,17.0,0.9511155381384864
-0.6975065068983679,0.6755982660025295,18.0,0.681740576339529
0.18485337913512576,0.935947439110883,19.0,-0.20286358963402806
0.881476187234402,0.3391830794543521,20.0,-0.885292210676642
0.7619298280296161,-0.5545103434791809,21.0,-0.7483591434076814
-0.04880584498232966,-0.9257572318380238,22.0,0.06706606641134483
-0.7990617238089942,-0.44697043364083366,23.0,0.8052970200323201
-0.8071052616918787,0.4291963746920685,24.0,0.7958779830690133
-0.08031151317587233,0.8973323611428714,25.0,0.06218721757722534
0.7051953495119067,0.5393902349073698,26.0,-0.7135822172843864
0.8332349374571327,-0.30245110691224153,27.0,-0.8244429364221656
0.20027628236000763,-0.8523128375356712,28.0,-0.1826486096793628
-0.6024530305277975,-0.6154577815238016,29.0,0.6126955995586159
-0.84089656732325,0.17693564382731286,30.0,0.8345768364878245
-0.30918161863969423,0.7925806675948533,31.0,0.2923801602600795
0.4934412398370067,0.6745782892622854,32.0,-0.50522312863856
0.8310098239619866,-0.05513110668373844,33.0,-0.8271469205061973
0.40545665130603514,-0.7202074848734508,34.0,-0.389775001117334
-0.38074217006584127,-0.7165362811198628,35.0,0.3937341150146473
-0.8047977221328221,-0.060701345514498906,36.0,0.8033271354837448
-0.48787886575802786,0.6374013739012349,37.0,0.47357074536036603
0.2668626307070952,0.7414778805668566,38.0,-0.2807299328210955
0.7637440796822729,0.1685536939621407,39.0,-0.7645564010165116
0.5555786803826012,-0.5464540157697142,40.0,-0.5428551008651611
-0.1541874544804997,-0.7498867817085206,41.0,0.1685971030727318
-0.7095481515960842,-0.26669715749768785,42.0,0.712493913672152
-0.6080365789299501,0.44968921152768404,43.0,0.5970640365849156
0.0449380978649954,0.7425547533079143,44.0,-0.0595654450121097
0.644077524387711,0.3537010911030253,45.0,-0.6489725742389324
0.6450732902401685,-0.3494137500833566,46.0,-0.6359729726925228
0.05886302469787384,-0.7205475948832307,47.0,-0.04432814845884536
-0.5693203301693699,-0.42844472033288117,48.0,0.5759515943548584
-0.6668336199371803,0.24787148333118902,49.0,0.6596815799966462
-0.1554220814598297,0.6851675021176986,50.0,0.14126990205126033
0.48733779189680654,0.4901218902218418,51.0,-0.4954692941963265
0.6737646326023606,-0.14720135575105153,52.0,-0.6685928699442876
0.24319699478204648,-0.637912816100257,53.0,-0.22969305337767032
-0.4002180456388021,-0.5382391388903831,54.0,0.40959704010317954
-0.6665889571623265,0.04940001178511122,55.0,0.6633873329721098
-0.3209141429660096,0.5804361273736153,56.0,0.30829533293030287
0.31003210466814174,0.5726075237686659,57.0,-0.3203951925710202
0.6462740424090545,0.043710525103275444,58.0,-0.6449929395401623
0.38757862957567335,-0.5145016826798898,59.0,-0.376050046832786
-0.21879273624855938,-0.5933287304953967,60.0,0.22987184347175893
-0.6139982237809924,-0.13050973969583934,61.0,0.6145518549098897
-0.442478285993168,0.4419430012750708,62.0,0.43221090951604535
0.12841691786127704,0.600776079961145,63.0,-0.13994501927256098
0.5711144772382971,0.20959984820884958,64.0,-0.5733847359986557
0.48518169075184814,-0.3646215506093081,65.0,-0.47631089199946713
-0.04069242798791221,-0.5955711168848217,66.0,0.05240891712298523
-0.5191127321007438,-0.2798212556176616,67.0,0.5229534772503486
-0.5155305943654683,0.2843872601368397,68.0,0.5081554577122934
-0.04275098984991067,0.5785565133765014,69.0,0.03109537435529719
0.45958159325112224,0.3402622685222778,70.0,-0.46482325352390413
0.5336272295161028,-0.2030415692827503,71.0,-0.5278106502647236
0.12046556965261725,-0.5507660531758022,72.0,-0.10910433525869956
-0.39417028559568557,-0.39026320054472624,73.0,0.4006246729084928
-0.5398170625403796,0.12230361352110586,74.0,0.5355865752406709
-0.1912043701311163,0.5133924770330028,75.0,0.18035143874652604
0.32455158181366917,0.4294151133157245,76.0,-0.33201680280355583
0.53466760249331,-0.043780053524406504,77.0,-0.5320168801939115
0.25393493993767924,-0.4677539677553069,78.0,-0.24378143773759603
-0.25238641011094387,-0.4575535310552732,79.0,0.2606517703850675
-0.5189439283606615,-0.031061051155507613,80.0,0.5178348832268643
-0.3078478247891232,0.41526003576506626,81.0,0.2985595226027843
0.1792907639511333,0.47474754929663937,82.0,-0.1881415657324964
0.49358162326886507,0.10091202805207283,83.0,-0.49394703082508024
0.35236004384865854,-0.357377533903038,84.0,-0.34407546228373886
-0.10680545269879424,-0.481284827483213,85.0,0.11602759449821393
-0.45965781716244786,-0.16464284707245952,86.0,0.46140438029210223
-0.38711375763134515,0.29559748514262213,87.0,0.3799429367659743
0.03636914294591488,0.47765301036566554,88.0,-0.04575343924187014
0.4183610370386804,0.22131375801716896,89.0,-0.42137280181800435
0.41197043454898924,-0.23140335053434796,90.0,-0.4059943545074607
0.030704952826056117,-0.46451816402264073,91.0,-0.02135880344261959
-0.3709605473693145,-0.27018332222631253,92.0,0.37510258077429054
-0.4270008968745452,0.16624129887605893,93.0,0.42227152316949734
-0.09324847854595734,0.4427008389270529,94.0,0.08412833700535527
0.31877583395448256,0.31071194322955964,95.0,-0.32389807339066046
0.4324716885356305,-0.10149296619443415,96.0,-0.42901260487097787
0.15025326085394855,-0.41315038508085394,97.0,-0.1415314513595614
-0.26314684349486056,-0.34256108671071356,98.0,0.26908802985570746
-0.428828256189491,0.03845111406140578,99.0,0.4266358376413538
-0.20088248506468068,0.37691814338855223,100.0,0.19271319514324065
0.20540554014147527,0.3655884566869533,101.0,-0.21199714953850618
0.4166754712236628,0.021701487007317888,102.0,-0.4157205424716413
0.24447773519204719,-0.33513012394777275,103.0,-0.23699493601753857
-0.1468492808124895,-0.3798394615001093,104.0,0.1539193750896642
-0.39675604367922185,-0.07790970741512443,105.0,0.3969859603144917
-0.28056199571363366,0.2889597568067076,106.0,0.2738778947052434
0.08871644485446875,0.38553535925066473,107.0,-0.09609336730496854
0.369927389880125,0.12926008453224808,108.0,-0.37126847582324163
0.3088387891945983,-0.2396012651647092,109.0,-0.3030428153584841
-0.0321646824103767,-0.38305851714769595,110.0,0.03968053255126086
-0.33713751428510175,-0.17499115070063603,111.0,0.3394977850033373
-0.32918769234018136,0.18824416630480567,112.0,0.32434600396932134
-0.021747928621686004,0.3729352526416718,113.0,0.014254099029184508
0.29940045348529465,0.21450006850155245,114.0,-0.3026725529789112
0.3416565325755193,-0.136049353185497,115.0,-0.33781202690071066
0.07207860319125851,-0.35581674614575204,116.0,-0.06475792163546407
-0.25777180726750293,-0.24734565338572448,117.0,0.26183608664613806
-0.3464506171700082,0.08412715109512775,118.0,0.3436234125323055
-0.11801230937026849,0.3324585258444616,119.0,0.11100358086662876
0.2133248493231279,0.2732479325758866,120.0,-0.21805251611331983
0.3439193867760455,-0.03351768063481669,121.0,-0.3421077399983001
0.1588709047486936,-0.30369902498416673,122.0,-0.15229850642110548
-0.16712766970834514,-0.29208445092354385,123.0,0.17238393972151156
-0.33454091481354825,-0.01482620790138306,124.0,0.3337225297690081
-0.19411895670248372,0.27043770176262527,125.0,0.1880911484116357
0.12022175384884509,0.3038835882949879,126.0,-0.12586894135797472
0.3189046934006256,0.060053231414311514,127.0,-0.3190383713831125
0.2233663212769198,-0.2336131922886224,128.0,-0.2179739824219032
-0.07360235009248434,-0.3088151984331657,129.0,0.07950283706537414
-0.2976931557148155,-0.10142507262321021,130.0,0.2987207341407048
-0.2463676169995994,0.19418193901187625,131.0,0.24168341036681945
0.02820092093848947,0.3071789156664896,132.0,-0.03421995197644023
0.2716623841685017,0.13832481738074415,133.0,-0.27351090738946954
0.26301878514993304,-0.1530977015902847,134.0,-0.25909673994766735
0.015130086492761636,-0.29939050309900367,135.0,-0.009121830200045089
-0.24162244417107806,-0.17026243153445683,136.0,0.24420650873030011
-0.27335097611398884,0.11129231551379654,137.0,0.27022647425915963
-0.055629976072654276,0.2859666339866009,138.0,0.04975406325753856
0.2084177652548612,0.19687733834895624,139.0,-0.2116419817304062
0.27752204188106944,-0.06965801715383801,140.0,-0.27521218433323325
0.09263993057678212,-0.2675085070622303,141.0,-0.08700815875083451
-0.1729079658161353,-0.21793821291992282,142.0,0.17666948039396155
-0.2758059471154285,0.029031603490461966,143.0,0.27431027067660746
-0.12561047777573758,0.24468469694665587,144.0,0.12032316851922548
0.13594948562445172,0.23334015983045797,145.0,-0.14014050663541833
0.26858043537404663,0.009819358165907288,146.0,-0.2678819449667026
0.154106297870806,-0.21821363297940155,147.0,-0.1492509247947356
-0.0983783526184225,-0.2430994838386573,148.0,0.10288863036866408
-0.2563133029278537,-0.046208109373102046,149.0,0.25637977998289746
-0.17780842932880908,0.1888460844556622,150.0,0.17345858723797652
0.06099436842200301,0.24734630012220055,151.0,-0.06571358060210669
0.23954764043698656,0.07953796194111087,152.0,-0.2403331847040302
0.196513979759208,-0.1573480081122959,153.0,-0.19272869611734952
-0.02454695159706965,-0.246315260186826,154.0,0.029366951249837348
-0.21888640274306695,-0.1093091881219721,155.0,0.22033316257071223
-0.2101334930085706,0.12448408561502894,156.0,0.2069568757712359
-0.010277169986026517,0.24033469179051045,157.0,0.005460281650228188
0.19497665972623832,0.13512353755991677,158.0,-0.1970167046470725
0.21868616251193454,-0.09100224568050375,159.0,-0.21614737190071925
0.04286427503107783,-0.22981446611807252,160.0,-0.038148282928480715
-0.16849386710713934,-0.15668642734305724,161.0,0.17105115635606266
-0.2222931136763358,0.057619428282227325,162.0,0.22040663960491846
-0.07268187913726383,0.2152329130817328,163.0,0.06815682160149814
0.14012647593344316,0.17380689612281147,164.0,-0.14311887727459463
0.22116900437056736,-0.025008808134870664,165.0,-0.21993522608108682
0.09928483362387022,-0.19712310629843868,166.0,-0.09503162232872675
-0.11056117404057093,-0.186395453444688,167.0,0.11390248891625376
-0.21561221229662056,-0.006211347675081774,168.0,0.2150182123876903
-0.12231929294905487,0.17605883338794273,169.0,0.11840859881655133
0.08046902284313022,0.194459990604781,170.0,-0.0840709762894136
0.2059938911061677,0.03548705646352346,171.0,-0.20601449258399748
0.14152459415657215,-0.15264055525402193,172.0,-0.13801600642423972
-0.05049271926761628,-0.1980999490845664,173.0,0.0542668761741584
-0.19274618371845567,-0.062336143242964215,174.0,0.19334517599076817
-0.15673313172009806,0.12748164055047903,175.0,0.15367459135965864
0.02123517637076489,0.19749896663730476,176.0,-0.02509474940451742
0.1763498816384806,0.08635386546574988,177.0,-0.17748139951396041
0.1678683470696208,-0.10119513927133075,178.0,-0.16529585010285563
0.006750421902827385,-0.1929162392457045,179.0,-0.0028889031707231283
-0.15732181352327249,-0.10721663538316856,180.0,0.15893183226050892
-0.17494098348132453,0.07438133306804637,181.0,0.17287854451068854
-0.03296897540424135,0.18467684941285945,182.0,0.02918416003499666
0.1362022352555595,0.12468387510103575,183.0,-0.13823014449553
0.17804378351661007,-0.04761627026295581,184.0,-0.17650364505944488
0.05699015461381447,-0.17316131768638515,185.0,-0.053354551507966
-0.11354247789835183,-0.13859807534669422,186.0,0.11592269787727469
-0.17734482755280903,0.021441461390035166,187.0,0.17632789660479228
-0.07845338075569175,0.15879463515291356,188.0,0.07503224153723842
0.0898930897291153,0.1488831613603514,189.0,-0.09255669443919937
0.1730797280235751,0.003645122747949203,190.0,-0.17257621774165113
0.09707109729916054,-0.14203503018665964,191.0,-0.09392151185658656
-0.06579268474840952,-0.1555412977303668,192.0,0.06866899862755932
-0.16554290476113717,-0.02719664327694757,193.0,0.16553315626954979
-0.1126303658126127,0.12336271338964408,194.0,0.10980057650482634
0.0417576833207533,0.15864828806463566,195.0,-0.044775820541628486
0.15507817239536778,0.0488235033903095,196.0,-0.15553362951119676
0.12499285129576311,-0.10326883090025003,197.0,-0.1225217870362378
-0.018273101649291815,-0.15834774489071363,198.0,0.02136342004437214
-0.1420688713063099,-0.06819793846879682,199.0,0.14295317945550862
-0.1340932910778761,0.08224483860354972,200.0,0.13201031796903537
-0.004215483671001317,0.15484421997327816,201.0,0.0011200386492941916
0.12692776942867456,0.08505708134685867,202.0,-0.1281979691698147
0.13993656673191188,-0.060772488839740124,203.0,-0.13826144771150814
0.02530870102745156,-0.1483954953055629,204.0,-0.022271383240050763
-0.11008695363045523,-0.09920452918405431,205.0,0.11169473900338574
-0.1425935199101027,0.039314597592352424,206.0,0.14133657205595013
-0.04465881545995184,0.13930424043963385,207.0,0.04173801295460439
0.0919879168624433,0.11051046733453355,208.0,-0.09388092919477113
0.14219567034705535,-0.01830673448228931,209.0,-0.14135810513179684
0.06197379382670534,-0.12790924273080984,210.0,-0.0592221247026075
-0.07307203128582675,-0.11891043172896909,211.0,0.07519516007709767
-0.13892900738867325,-0.001850049163371753,212.0,0.13850343631015705
-0.07702000036685651,0.11457641372690695,213.0,0.07448357864120889
0.05377157865829322,0.1244028142264435,214.0,-0.05606824267397108
0.13302703526871054,0.020795366723543457,215.0,-0.1329981209411885
0.08962354759706931,-0.0996897676517005,216.0,-0.08734142410383984
-0.03450148795084895,-0.1270452348767212,217.0,0.03691487162366662
-0.1247632570368361,-0.03821445771533517,218.0,0.12510848803043262
-0.09967035337466687,0.08364255708754376,219.0,0.0976741328742644
0.01565190705015005,0.12694992085960047,220.0,-0.018126129643949787
0.11444328269081469,0.05384193234841135,221.0,-0.11513384915376394
0.10710497831382008,-0.06682873698539975,222.0,-0.10541861034032672
0.0024182889498769325,-0.12427824393140408,223.0,6.29087240744397e-05
-0.10239674390264424,-0.06746429390989232,224.0,0.10339849028893414
-0.11192833822612319,0.04963491148732964,225.0,0.11056807580575388
-0.019386975381192592,0.11923457648111772,226.0,0.01694967154103222
0.08896919104043637,0.078921258853197,227.0,-0.09024362207627583
0.11419440362356363,-0.03243289923082961,228.0,-0.11316892092945524
0.034973189210391165,-0.11205963083321614,229.0,-0.0326267930281534
-0.07451413831578527,-0.08810591775894751,230.0,0.07601945464400288
-0.11400601239845258,0.015573032324316255,231.0,0.11331666969321634
-0.048940446211318094,0.10302344735563708,232.0,0.04672738475517281
0.05938541021667448,0.0949638013965669,233.0,-0.06107755092887003
0.11150993248675575,0.0006217174460600161,234.0,-0.11115117438632655
0.06109896034850181,-0.09241819443358872,235.0,-0.059056478158444614
-0.04392992733902172,-0.09949093464333955,236.0,0.04576359779136563
-0.10689131860820597,-0.015860713890892553,237.0,0.10685118980336111
-0.07130678416370217,0.08055093769959644,238.0,0.06946648757691666
0.028481052750351957,0.10173097678272071,239.0,-0.030410717615122276
0.10036771110849439,0.029889684311716555,240.0,-0.10062847221513664
0.07946990980826923,-0.06773652736982355,241.0,-0.07785745249204133
-0.013352601564768977,-0.1017715595478295,242.0,0.015333424945922422
-0.09218272562127111,-0.04249377326644342,243.0,0.09272155080313732
-0.08554138919373559,0.054290741466349324,244.0,0.08417629705603336
-0.0011664030596632903,0.09973994410692695,245.0,-0.0008223135171992607
0.08259957989517541,0.05349961682733627,246.0,-0.08338931730890252
0.08951954827719956,-0.04052380947752794,247.0,-0.08841517920061381
0.014816164316637978,-0.09579812498117492,248.0,-0.012860460820803624
-0.07189459892034857,-0.0627764521871993,249.0,0.0729045748577515
-0.09144538455293998,0.02673442601723544,250.0,0.09060901591954228
-0.02736969350125076,0.09013751267917676,251.0,0.025484855745718446
0.06035083171123481,0.07023629622341816,252.0,-0.06154767954008308
0.09139924824653778,-0.013204347698260802,253.0,-0.09083228303087279
0.03863551592206585,-0.08297332772716007,254.0,-0.036855750928007705
-0.04825190306550145,-0.0758332436080826,255.0,0.04960039866568289
-0.0894969164234802,0.00019364914527197907,256.0,0.08919519675752582
-0.04845949694739631,0.07453883691619687,257.0,0.04681488269895007
0.03587621165829005,0.07956195001279476,258.0,-0.03734009798304551
0.08588517521111824,0.012063303754668783,259.0,-0.0858393907855762
0.05672580228706495,-0.06507955817831146,260.0,-0.05524191646105667
-0.023491572302355095,-0.08145537871303729,261.0,0.025034356929099916
-0.08073702862819808,-0.0233611232364294,262.0,0.08093320610082953
-0.06335702339744995,0.054847553780214414,263.0,0.06205468523993243
0.011350385473709394,0.08158189931841135,264.0,-0.012936096495109808
0.07424665320971707,0.03352588928855073,265.0,-0.07466671194976786
0.06831351407891001,-0.044095922756374195,266.0,-0.06720863809273152
0.00031459836021888144,-0.0800418353637404,267.0,0.001279288950567295
-0.0666242158438927,-0.042416854307447335,268.0,0.06724657484643716
-0.07159199769435177,0.0330735929920916,269.0,0.0706955555985711
-0.011293868103332303,0.07696356307269647,270.0,0.009724697209291325
0.058090668182261676,0.049927373818225845,271.0,-0.058890888830037576
0.07322351581120573,-0.02202050142517585,272.0,-0.07254160124311809
0.02140405972195005,-0.07249926677439905,273.0,-0.019890079745659567
-0.04887262485868953,-0.05598508940362231,274.0,0.04982407437008271
-0.07327079833989703,0.011163237788928138,275.0,0.0728047870000779
-0.030490162824901024,0.06682045729512782,276.0,0.029058951094756008
0.03919742480367122,0.060551403668295534,277.0,-0.04027194566938747
0.07182514234448105,-0.0007112135000125058,278.0,-0.07157193876867719
0.0384270220846973,-0.06011335827552769,279.0,-0.03710286660568957
-0.029288465434545996,-0.06362029914562511,280.0,0.030457036880069226
-0.06900289161707593,-0.009146596973656426,281.0,0.06895525251233404
-0.045120144029026615,0.05257426193750633,282.0,0.04392374106819176
0.019360888723979314,0.06521656337404026,283.0,-0.020594267208182207
0.06494161186435465,0.018244309329473116,284.0,-0.06508853497417243
0.050505833246057175,-0.04440495053512211,285.0,-0.04945407557660736
-0.009617686391883385,-0.0653934908228929,286.0,0.010887013335727919
-0.059796057021527065,-0.026441158526452797,287.0,0.06012322379536087
-0.054550694285367976,0.03580827278298476,288.0,0.053656549118977215
0.00024627902575834,0.06423013887256436,289.0,-0.0015236453217871287
0.05373402089489362,0.03362289883950598,290.0,-0.05422428082549856
0.057250546323837546,-0.026983956203426064,291.0,-0.056523020190142464
0.008584388896039755,-0.061828219626699904,292.0,-0.0073254305598690825
-0.046932165180398284,-0.03970258302968786,293.0,0.04756604953164156
-0.05862880686796486,0.018124726822729975,294.0,0.05807299309125786
-0.016726209040363812,0.058308711978040086,295.0,0.015510191423073576
0.03957191008392082,0.044620740941214085,296.0,-0.04032816285040784
0.0587344082859118,-0.009412797235379897,297.0,-0.05835161128410987
0.024053708050989567,-0.053808279123466196,298.0,-0.022902861904300284
-0.03183546747439603,-0.04834498886768061,299.0,0.03269158176960118
-0.05763931674878811,0.0010167730101844769,300.0,0.057427246153094455
-0.030465281273313338,0.04847557571873485,301.0,0.02939921727004205
0.023902088947224804,0.05086911078132524,302.0,-0.024834837594733088
0.055435727194956166,0.006910984006374271,303.0,-0.055388753775432696
0.035883869189717116,-0.042467526204630034,304.0,-0.0349193316631171
-0.015944592589671746,-0.052211660867915566,305.0,0.016930542465594736
-0.05223301023326781,-0.014236508471906044,306.0,0.052342474826462725
-0.04025709526220909,0.03594565167540156,307.0,0.039407788581011585
0.008126222856673927,0.052414143666018743,308.0,-0.009142223467025687
0.04815448752520413,0.020845884812658623,309.0,-0.04840905359435377
0.043556893744139215,-0.029072517166861475,310.0,-0.042833380626043985
-0.0005978880222365805,-0.05153883342108503,311.0,0.0016215258792878426
-0.04333411121696555,-0.026646396436315577,312.0,0.04372015133309353
-0.04577866473242925,0.02200836460637616,313.0,0.045188334375157804
-1.078138414448175,-0.6154821686851375,0.0,0.574948286272986
-1.144850199689372,0.5438422893994677,1.0,1.130217364558711
-0.16812628695784587,1.2386233034758465,2.0,0.14291800115892483
0.942296325846056,0.792173833834256,3.0,-0.9549244858509759
1.1729936676455786,-0.3665218321666708,4.0,-1.1617958589017379
0.3313902238262548,-1.1686425438269263,5.0,-0.30703118250662964
-0.7952005968512655,-0.8911081958295081,6.0,0.8102871281542273
-1.1756417862568533,0.19207337589844498,7.0,1.16790670510632
-0.4784065789469508,1.0789692383588396,8.0,0.45534274130656915
0.6404982284384834,0.9661576679666739,9.0,-0.6575931360444953
1.1542254315206528,-0.023877609333233796,10.0,-1.1499087408576418
0.6071315121532546,-0.9725739716414378,11.0,-0.5857565248358398
-0.4817785409762121,-1.0171868381901317,12.0,0.5004171891053938
-1.11058157611421,-0.13500882227850286,13.0,1.1095719974356382
-0.7160122190783418,0.8525944269149083,14.0,0.6966624566127094
0.32250353351431,1.0445567062785592,15.0,-0.34221694799935753
1.0468922797267313,0.2818966125480371,16.0,-1.049017754683155
0.8039899164659715,-0.7222618406689235,17.0,-0.7869409753335649
-0.165944888097973,-1.0490884330395316,18.0,0.18626954705151633
-0.9656202139218932,-0.414497097040476,19.0,0.9706549431912825
-0.8704926062052283,0.5848298374830629,20.0,0.8559572391836356
0.015128513341212556,1.0320198418095328,21.0,-0.03561545676947664
0.8694422346422994,0.53094546867063,22.0,-0.8771143998778402
0.915418360495496,-0.4435069538735853,23.0,-0.9035458094140641
0.12721268391696353,-0.9949559790069767,24.0,-0.10698957116175078
-0.7611824670579861,-0.6298140207081765,25.0,0.7711824390823546
-0.9391100200951913,0.3013940086484451,26.0,0.9299866791379874
-0.2586773175076615,0.9398150852138696,27.0,0.23911396975879629
0.6437462920813659,0.7101157288026128,28.0,-0.6557351300706182
0.9423223203055126,-0.161427311297066,29.0,-0.9359736388837168
0.3772250551780773,-0.8687713428988288,30.0,-0.3586809310153638
-0.5200565246251133,-0.7712986617876372,31.0,0.5336745764814599
-0.9261825542569516,0.026328523464178577,32.0,0.9225760685650539
-0.4811970888233458,0.784195752894822,33.0,0.46398998457103213
0.3929929539754172,0.8132318690293829,34.0,-0.40786837707876444
0.8921459498886829,0.10143819421758238,35.0,-0.8911953157579622
0.5693276531684421,-0.6885964510614923,36.0,-0.5537296657581708
-0.26533628011704197,-0.8361835277085863,37.0,0.28109331379893077
-0.8419469760165437,-0.21970130265304422,38.0,0.8435168627350583
-0.6407468799304558,0.5845597115757251,39.0,0.6269815343071194
0.13971733023564564,0.8407922452261988,40.0,-0.15598416618796018
0.7775478049005337,0.32660900819886374,41.0,-0.7814595003299013
0.6949754339953599,-0.4746927967422804,42.0,-0.6832159656681019
-0.018572280740867093,-0.8280324989988325,43.0,0.03498839470221504
-0.7010851450751869,-0.42064830400579845,44.0,0.7071227166437438
-0.7319115192772558,0.36156970811489997,45.0,0.7222802796756445
-0.0958955542273575,0.7991752579431347,46.0,0.07967272724288432
0.6148166206677737,0.5006560122173348,47.0,-0.6227334745676383
0.7518109628906698,-0.24768077328470806,48.0,-0.744379894234354
0.20174697306436573,-0.7557448671284176,49.0,-0.18603611753168992
-0.5210678141547753,-0.5658220682822351,50.0,0.5305934961492187
-0.7552611857725605,0.13538687027079166,51.0,0.7500532935104779
-0.2973309455591318,0.6994732900954604,52.0,0.28242177471344054
0.4221810109680017,0.6156854323680039,53.0,-0.43302809642629836
0.7431499451662724,-0.026878950426201254,54.0,-0.740141679946216
0.3813014098302466,-0.6322527933403151,55.0,-0.3674504606202528
-0.3204665892769571,-0.6501231403937604,56.0,0.3323375171084386
-0.7166297891473496,-0.07585662547684835,57.0,0.7157542369046257
-0.4526268886239574,0.5560881259905162,58.0,0.44005423628730445
0.2181578895413548,0.6693331168806201,59.0,-0.2307516043097252
0.6770791958279833,0.17106657151960858,60.0,-0.6782299640511277
0.510593147565419,-0.4730491966427322,61.0,-0.4994800530926824
-0.1173702790528758,-0.6738114624558827,62.0,0.13038855734971655
-0.6260613806621204,-0.2572527618269077,63.0,0.6290970612544577
-0.5547992465045622,0.3852251808707735,64.0,0.5452867305098105
0.020064999716409005,0.6643249997101426,65.0,-0.03321835051980582
0.5652817454294676,0.3331878401587568,66.0,-0.5700308298228157
0.5851474490207884,-0.2946809094511027,67.0,-0.5773357670756235
0.07198174421788701,-0.6418799119026892,68.0,-0.0589687003966316
-0.4965449134054708,-0.3979244135442597,69.0,0.5028110336244929
-0.601827552980325,0.20341629146650664,70.0,0.5957765305819126
-0.15720413492757015,0.6076873398784255,71.0,0.14458788715448478
0.4217122486366706,0.4507980166138448,72.0,-0.4292796187397377
0.6052962857248562,-0.11332942080442776,73.0,-0.6010264560264934
0.23426633474393666,-0.5631268140263782,74.0,-0.22228036526721895
-0.34266069510433156,-0.4914241491066984,75.0,0.35129963066201364
-0.5962524703664823,0.026183901888072736,76.0,0.593746944781279
-0.30207626148098093,0.5097083910814271,77.0,0.2909276369707822
0.26124369604318226,0.5196897919569304,78.0,-0.270716094856544
0.5756087145296953,0.05641918653813027,79.0,-0.5748157054839694
0.3597936040409649,-0.44903434125511815,80.0,-0.34966030258159336
-0.17925486710106994,-0.5357398960466816,81.0,0.18931954194797262
-0.544460399853045,-0.1330643894659439,82.0,0.5452963064033285
-0.40683225069494855,0.3827611910927542,83.0,0.3978612360452957
0.09839500178553127,0.5399594111879154,84.0,-0.10881276535629147
0.5040527601349745,0.20253985333019447,85.0,-0.5064057209143508
0.44285740603241036,-0.3125628733143121,86.0,-0.43516344480306196
-0.020242886184636488,-0.5329514805451016,87.0,0.030781299218734515
-0.4557468289988034,-0.2638501159195378,88.0,0.4594806430176346
-0.4677777645233219,0.2400956686339445,89.0,0.46144296706463195
-0.05376970530108813,0.5155124672890387,90.0,0.04333199963052592
0.40098501546893384,0.3162237504832707,91.0,-0.40594332960664503
0.4817331877476003,-0.16696554821629628,92.0,-0.47680723993738267
0.12237856816071793,-0.4886045058672038,93.0,-0.11224798767097116
-0.34125702925261264,-0.35911600823582773,94.0,0.3472676917433129
-0.4850783977591623,0.09469844115821746,95.0,0.48157943874343345
-0.18450302071413327,0.4533262803000408,96.0,0.1748677160576445
0.2780668283752985,0.3922066967867227,97.0,-0.28494631008052884
0.47836325023187276,-0.024713861356827904,98.0,-0.4762793406485556
0.23925719553012878,-0.41088272706434265,99.0,-0.23028428737523837
-0.21290120185285413,-0.4153936150822696,100.0,0.22045899145188563
-0.46231018777116983,-0.041697765493202144,101.0,0.4616013042094123
-0.2859567111419459,0.36255434137631715,102.0,0.2777901159551502
0.1472005311506882,0.42878193714834356,103.0,-0.1552434163804564
0.4377894961613123,0.10339382912759015,104.0,-0.4383899806472345
0.3241208574012096,-0.3096667342201337,105.0,-0.31687971177428026
-0.08233219820189497,-0.4326699964715346,106.0,0.09066835270744117
-0.40579299473496455,-0.15939416507410126,107.0,0.4076143829273504
-0.35347051128972695,0.2535610446704781,108.0,0.34724819200242923
0.019567026689837574,0.42753196974714414,109.0,-0.02800983068842605
0.3674067871412602,0.20889152917811182,110.0,-0.3703409356631218
0.3739220742162122,-0.19556575945624072,111.0,-0.36878579926893945
0.0399409409100114,-0.4139979927394439,112.0,-0.031569408353214756
-0.3237836814266378,-0.2512579452774358,113.0,0.3277061133080669
-0.38557778579227187,0.13697043094913264,114.0,0.3815687706921561
-0.09517111349308602,0.39283226220150486,115.0,0.08703696248201859
0.27611585960794127,0.2860470372564794,116.0,-0.2808892470993002
0.3887128221038439,-0.07900171754619878,117.0,-0.38584695588888845
0.14524933655365374,-0.36490968650055494,118.0,-0.13750417581605
-0.2256083380559355,-0.31299253190159665,119.0,0.23108604397685306
-0.38375962813055836,0.022802098492668565,120.0,0.38202862511651237
-0.1894571429773306,0.3311916443473739,121.0,0.18223584093314427
0.17345371240011462,0.33200318600197243,122.0,-0.17948331459321842
0.3712899640316636,0.030588459703535242,123.0,-0.3706629401528648
0.22723729873181334,-0.29270139658924665,124.0,-0.2206562154120975
-0.120808625789353,-0.34315444910456616,125.0,0.12723535397992564
-0.3519951635760713,-0.08024768428330442,126.0,0.3524205805343768
-0.2581957464355734,0.25049967134678885,127.0,0.2523514447919345
0.06877233873764345,0.34667722158710085,128.0,-0.07544235900229623
0.3266651103381392,0.12538289951355558,129.0,-0.32807302659985393
0.28210011704737104,-0.20566090895048655,130.0,-0.27706855194220237
-0.01836771401565417,-0.34294410584345497,131.0,0.025131202935070596
-0.29616643391385267,-0.1653396010208799,132.0,0.2984709989057313
-0.2988750398030096,0.15925061138491847,133.0,0.29471121335649536
-0.029475137323013854,0.33245357619552923,134.0,0.02276117910001818
0.2614204150262351,0.19960672065942459,135.0,-0.26452254163812317
0.30859453224169237,-0.11230419258719426,136.0,-0.3053325953898776
0.07393237114551104,-0.3158125106879466,137.0,-0.06740160797990585
-0.22338106584003303,-0.22781866756343597,138.0,0.22717121649907177
-0.31147179513621814,0.06580767234002388,139.0,0.309125567345961
-0.11429697711742531,0.2937175354319881,140.0,0.1080715635338872
0.18301382108589084,0.24975429161473606,141.0,-0.18737484412552477
0.3078467710049311,-0.02068049904598801,142.0,-0.3064106432249387
0.1499863540420375,-0.2669356300700515,143.0,-0.1441751206239117
-0.14127523780409543,-0.2653329696301083,144.0,0.14608519351001242
-0.2981718494798574,-0.022239273242780633,145.0,0.29762202964705176
-0.18054691380723892,0.2362844318362868,146.0,0.17524392972322944
0.09909405783815653,0.27460806142774535,147.0,-0.10422897729704172
0.2829961181745904,0.062207289170082836,148.0,-0.2832921739943193
0.20565579334508385,-0.20261265634258188,149.0,-0.20093931280258964
-0.057353938869718436,-0.2777580220300474,150.0,0.06269046342844142
-0.2629485640620713,-0.09858257422322908,151.0,0.2640352143738847
-0.2251198082023867,0.16678102649632695,152.0,0.2210515999007645
0.016878108043480885,0.27507548725963055,153.0,-0.022295962643479328
0.2387206281309601,0.13083455047179587,154.0,-0.24052973194978872
0.23887182964079925,-0.1296440678262431,155.0,-0.23549688055889903
0.021583861665342548,-0.2669546727255026,156.0,-0.016199601903519323
-0.21104850578697407,-0.15854739849033211,157.0,0.21350119705554962
-0.2469648089909346,0.09203309000822182,158.0,0.24431138673099095
-0.05736700701717602,0.2538774407007792,159.0,0.05212389101558357
0.18069556778115095,0.1814218312988647,160.0,-0.18370448393190159
0.24956370780684273,-0.054740631635707415,161.0,-0.24764375934661637
0.08989957127483174,-0.23639839584072098,162.0,-0.08489601420430232
-0.14843525217003897,-0.1992743949544798,163.0,0.15190680570710116
-0.24693561990244034,0.018506599383765754,164.0,0.2457454790567707
-0.1187092046953035,0.2151293694200238,165.0,0.11403301831329787
0.11503474782125644,0.2120344540553886,166.0,-0.11887139221810339
0.2394383914649354,0.01599371520401377,167.0,-0.23895976268853084
0.1434267821887562,-0.19072364325994523,168.0,-0.13915400641328374
-0.08123975521403035,-0.21973905828666956,169.0,0.0853421993770219
-0.2275080581551594,-0.04815960693486637,170.0,0.227709240585812
-0.16378789926643444,0.16386024935972604,171.0,0.15998194121054424
0.047760571733440324,0.2225259178110215,172.0,-0.05202990098377144
0.21164542359296018,0.07747283056694171,173.0,-0.212482736450033
0.17963215105879782,-0.13522866013762888,174.0,-0.17634323113197223
-0.015259707323922617,-0.22062474050276204,175.0,0.01959937320774277
-0.19240210219690213,-0.10350333881207124,176.0,0.19382147081919238
-0.19090033817108418,0.105514157905022,177.0,0.18816523662790616
-0.015658806745810022,0.21434720260845228,178.0,0.011341160647934806
0.17036634143326648,0.12591289240918804,179.0,-0.17230500234492394
0.19762977693539976,-0.07538414157495968,180.0,-0.1954718685298966
0.04445829716664509,-0.20407583639421564,181.0,-0.0402492010146524
-0.14614892466828777,-0.14445659276734912,182.0,0.14853720806242005
-0.1999479198310196,0.04547559451914068,183.0,0.1983774790960361
-0.0706764408543627,0.19025212385287102,184.0,0.06665517799082865
0.1203694366381743,0.15898242698749002,185.0,-0.12313258551741979
0.19806451422917856,-0.016383900832752235,186.0,-0.1970792694098542
0.09393033787860941,-0.17336408485695218,187.0,-0.09016775438122182
-0.09364314975321439,-0.16942895026638807,188.0,0.0967031365972193
-0.19226254405957902,-0.011346841062394447,189.0,0.19184845395510414
-0.1139196736555871,0.15393364163229706,190.0,0.1104772288137483
0.06656876178832973,0.1758212612889204,191.0,-0.06984606594110515
0.18288820950454626,0.03723189767254359,192.0,-0.1830204344380527
0.13042801736428802,-0.13250402955945587,193.0,-0.12735708036204038
-0.03971718477070788,-0.17826545186922485,194.0,0.04313249668845512
-0.17034020453518617,-0.06085230182070134,195.0,0.17098424039852933
-0.14332233871682484,0.10962750764482582,196.0,0.1406637314858742
0.01362155185963468,0.17694173257764803,197.0,-0.017097373818274753
0.15505855125405002,0.08185954368901946,198.0,-0.15617149406685085
0.15255085666584023,-0.08585360115567361,199.0,-0.15033463787055223
0.011231425471206726,-0.17209645126930784,200.0,-0.007769308735029873
-0.13751324394153006,-0.09997855571099848,201.0,0.1390451516048144
-0.15813936094252853,0.061718084549482605,202.0,0.15638484144995043
-0.03440865280650235,0.16403323131401817,203.0,0.031029855858904498
0.1181929448459331,0.11500902996503616,204.0,-0.1200882627345734
0.16018617017336628,-0.03773288565211377,205.0,-0.15890214621081333
0.055536338669840625,-0.15310346102313668,206.0,-0.05230472747834558
-0.09759395860947527,-0.1268251383836772,207.0,0.09979297629367986
-0.15885590851713383,0.01437706276499695,208.0,0.1580410950987162
-0.07430414317833291,0.13969636548383005,209.0,0.07127687097458563
0.07620969334231996,0.13537375448198566,210.0,-0.07865000099610775
0.1543722961973025,0.007911024273483391,211.0,-0.15401594034243146
0.09046779461688974,-0.12422888703831687,212.0,-0.08769453043161526
-0.05452079434572106,-0.140671300035837,213.0,0.05713870924113115
-0.14701015798252268,-0.02874025937739999,214.0,0.1470928087835756
-0.10385020993747396,0.10713559136310884,215.0,0.10137256427524798
0.03298611197300094,0.14279936091963857,216.0,-0.03571804779081825
0.13708685769030388,0.0477719734889831,217.0,-0.13758126843397597
0.11434118351923632,-0.08885880294855895,218.0,-0.11219233137335756
-0.012034638748074714,-0.14189923294732598,219.0,0.014818393185650203
-0.12495336634514773,-0.06472377816900104,220.0,0.1258255026498487
-0.12189573389756216,0.06983915724403697,221.0,0.12010023128204914
-0.007941476720438437,0.13816557095517643,222.0,0.005165537475789045
0.11098516698167672,0.07937203129827486,223.0,-0.11219529427309652
0.12653122024008004,-0.05050673735504961,224.0,-0.12510500669850502
0.02659275965378526,-0.1318393225147039,225.0,-0.023880637666078564
-0.09557319058436821,-0.09155296440240865,226.0,0.09707701417305481
-0.12832335885928203,0.03127294151323165,227.0,0.12727393506937124
-0.0436170316074604,0.12320013165056079,228.0,0.04102016971552144
0.07911496569590196,0.10116252661334008,229.0,-0.08086479720501076
0.12740128483499508,-0.01252320416173236,230.0,-0.12672805150107908
0.058762801866813284,-0.11255839792097228,231.0,-0.05632730294667064
-0.0620061492507583,-0.10815502317812989,232.0,0.06395207413718691
-0.1239418147921084,-0.005389331015639501,233.0,0.12363655653932497
-0.07183143045363938,0.10024717243367218,234.0,0.06959743075121337
0.04463258867951682,0.1125406464054356,235.0,-0.04672361104032942
0.1181630740385781,0.02214911288009193,236.0,-0.11821057002338879
0.08267809028827039,-0.0866140651131303,237.0,-0.08067929059532519
-0.027363045786390795,-0.11438201376482175,238.0,0.029548188489924715
-0.11031765469204771,-0.03748241131264221,239.0,0.11069639613133689
-0.0912115788704254,0.07201332715376908,240.0,0.08947493388853679
0.010542691843403087,0.11378984136598547,241.0,-0.012772032210548803
0.10068547125852832,0.05116044888378905,242.0,-0.1013684650571331
0.09739305030762474,-0.05679825948465646,243.0,-0.09593861330383996
0.005512538713813111,-0.11091789116233572,244.0,-0.0032869149858670565
-0.08956647658575145,-0.06300143589894523,245.0,0.09052211370509482
-0.10123375635333229,0.041314082657552126,246.0,0.10007467322371677
-0.020520671154876238,0.10595733693837799,247.0,0.018343812467607745
0.07727339446561031,0.07287153129336303,248.0,-0.0784663616013731
0.102791900108487,-0.025891386299319308,249.0,-0.1019345442705832
0.03423744761096448,-0.09913069751269724,250.0,-0.03215078716566851
-0.06412461572082494,-0.08068477238724159,251.0,0.06551682922600797
-0.1021687180504244,0.010840257602957454,252.0,0.10161295521879772
-0.04645909834400968,0.09068548574676517,253.0,0.04449982200421393
0.050437392734962304,0.08640203497872326,254.0,-0.051988934499280076
0.09950391501180864,0.003554831271722278,255.0,-0.09924348490810736
0.05702412818019832,-0.08088771907691211,256.0,-0.05522466552896253
-0.03652145345581999,-0.09002910139324051,257.0,0.03819148959333635
-0.0949705826344461,-0.017039317103115167,258.0,0.09499358305943253
-0.06581413912759379,0.07001543161633653,259.0,0.06420178089764791
0.022673140322597686,0.09161392772967511,260.0,-0.02442080498309275
0.08876973472678569,0.029391981165856826,261.0,-0.08905919218776262
0.07275372857567529,-0.058352319687315496,262.0,-0.07135037087275878
-0.009170162750556344,-0.09124321251766276,263.0,0.010955391113628976
-0.08112459297505803,-0.04042750655553741,264.0,0.08165910322242953
-0.07780951898113188,0.046181642250301275,265.0,0.07663153211817035
-0.003732965833562861,0.08903837725510032,266.0,0.0019486693679221512
0.0722747537638224,0.049998156413457104,267.0,-0.07302917513929322
0.08098838935257098,-0.033780485439709323,268.0,-0.08004660670686697
0.015808753468549226,-0.08515107482363289,269.0,-0.014061623737788229
-0.062470361665032545,-0.057994590114541396,270.0,0.0634165440836347
-0.0823349909858138,0.021414486650167264,271.0,0.08163481111509999
-0.02685978279348635,0.07975834462657272,272.0,0.025183188583220995
0.05196640770713378,0.06434585101953733,273.0,-0.0530739403715216
0.08192863965695098,-0.009333098713268373,274.0,-0.08147023300267359
0.03672097472312639,-0.07305753355689143,275.0,-0.03514490701804103
-0.04101726111968431,-0.06901857428519703,276.0,0.042254222670701294
-0.07987968379211516,-0.0022345409705655517,277.0,0.07965829367470835
-0.045261062599633896,0.06526109973054792,278.0,0.043811721332246874
0.02987153217052912,0.07201547626444413,279.0,-0.031205227873633418
0.07632545299505347,0.013083087560856951,280.0,-0.07633177928875956
0.05238329281769054,-0.056591411494212526,281.0,-0.05108277478660973
-0.018767351294079956,-0.07337319805561325,282.0,0.020165023023463735
-0.07142589376961558,-0.023033779519452888,283.0,0.07164654663860962
-0.05802538272024912,0.047275647760102214,284.0,0.0568914711330825
0.007928136281152855,0.07315958467065573,285.0,-0.009357632448552464
0.06535899941436944,0.03193652618023044,286.0,-0.06577700980186195
0.06215877987442365,-0.03754089748488558,287.0,-0.06120483387534875
0.0024410948051053435,-0.07147048802575712,288.0,-0.0010107006719694417
-0.058316139022873394,-0.039671290638613396,289.0,0.05891151220646287
-0.06478727847691197,0.027609546362325835,290.0,0.06402221908520941
-0.012156821779688885,0.06842618650514759,291.0,0.010754673398714748
0.050497386464230076,0.046148780873146444,292.0,-0.05124768491061086
0.06594505846638389,-0.017695027828991128,293.0,-0.06537344559700638
0.021059502839056065,-0.06416751624690432,294.0,-0.019712472266677876
-0.04210694434448593,-0.05131047532821294,295.0,0.04298788630280853
-0.06569422084238576,0.007998003583703922,296.0,0.06531641453678859
-0.029015422937750727,0.05885180962043245,297.0,0.027747696334755774
0.033348750485347634,0.05512802119578769,298.0,-0.03433481123005292
0.06412189865624361,0.0012969737115484797,299.0,-0.06393429634148458
0.035917909258103925,-0.05264873472747981,300.0,-0.03475065140527221
-0.02442234564683546,-0.05760205416524352,301.0,0.025487348985958613
-0.06133702714168185,-0.010024275755259777,302.0,0.061332367664487124
-0.04168792591033484,0.04573612630702835,303.0,0.040639025709173875
0.015519071322681995,0.058760497335878153,304.0,-0.016636759908293663
0.05746685852456321,0.018039465093741755,305.0,-0.05763458288813795
0.04627407191889892,-0.03829589333595406,306.0,-0.04535796933895983
-0.006818655715988559,-0.0586564042205328,307.0,0.00796322979415353
-0.05265330726245018,-0.025220998638093642,308.0,0.05297996542734041
-0.04965201728584938,0.030510082090340618,309.0,0.0488796105338531
-0.0015137652761851158,0.057365416259498675,310.0,0.0003671497967504267
0.0470492099196661,0.03147136634932615,311.0,-0.04751890271232906
0.051823421324503106,-0.022557165684025937,312.0,-0.05120205145230341
0.009330156814861679,-0.054982909002649676,313.0,-0.008204938736848279
0.7026117346025507,-0.4052547757969571,0.0,-0.3263883063356887
0.07250545213040234,-0.7795217888058718,1.0,-0.05675157864335645
-0.611122916487656,-0.4708510878512051,2.0,0.6184589429983844
-0.7249319897803157,0.2603058223233434,3.0,0.7173391407451881
-0.1766087633717956,0.740038110825324,4.0,0.16129413946801896
0.5216173490291306,0.5366417922438643,5.0,-0.5305605117348705
0.7312087129777739,-0.15121214843083874,6.0,-0.725765948234253
0.2710576922441825,-0.6878028527253496,7.0,-0.25646820757340094
-0.4267155014247989,-0.5876868978215352,8.0,0.4369903215284271
-0.7222485504659079,0.045396235607394475,9.0,0.7189413540623415
-0.35449355937124727,0.6246209719014075,10.0,0.3408837067495857
0.32866174688524175,0.6238069636081112,11.0,-0.3399817049139864
0.6991210616047989,0.05518070899139582,12.0,-0.6978923296416142
0.42586079288082157,-0.5524149461501082,13.0,-0.41345032081309796
-0.22963386013443624,-0.645136544630109,14.0,0.24170786614551354
-0.6631216552277931,-0.14877824040992416,15.0,0.6638753373683557
-0.48441074506926457,0.4731788303684187,16.0,0.4733822118444167
0.1317026041171027,0.6521031696264759,17.0,-0.14424118406244968
0.6157320911052241,0.2338992169556947,18.0,-0.6183374121161325
0.5296990445621921,-0.3889335330438845,19.0,-0.5201962711639535
-0.03679584660368675,-0.6454015844878034,20.0,0.04951693556421499
-0.5585794916095428,-0.30930608025972195,21.0,0.5628756332940354
-0.5615769142868029,0.3016841510897056,22.0,0.5537043152402082
-0.05333232730951192,0.6259640609657524,23.0,0.04069807994748709
0.4933947839636861,0.37403090784197207,24.0,-0.4991959054561018
0.5801769832350873,-0.2133801108820943,25.0,-0.5739997378726632
0.1371271695519218,-0.5949276036561132,26.0,-0.12483166245514099
-0.4219714514364698,-0.42737939639332506,27.0,0.4290719260490128
-0.585894201235605,0.1258787627330843,28.0,0.5814392129566971
-0.21325328113469885,0.5535989028324029,29.0,0.20152685421762628
0.3461254144135176,0.46892904820948766,30.0,-0.35430516391878664
0.5793625300686943,-0.04091296810344924,31.0,-0.5766201081936209
0.2806089976632192,-0.503417877191792,32.0,-0.2696570029082668
-0.26765679148555976,-0.4985219352433379,33.0,0.2766866036696347
-0.5614281309489494,-0.03993689375027143,34.0,0.5603543188818008
-0.33833518339714447,0.44592063010042926,35.0,0.3283352635796932
0.1883142087752688,0.5162525037157404,36.0,-0.1979609310893063
0.5331197977249036,0.11526618773248343,37.0,-0.533639262436432
0.3858185806249461,-0.38270260689055036,38.0,-0.3769186700647331
-0.10976223498336433,-0.522450956130567,39.0,0.11979374587791858
-0.49561739752387446,-0.18386435590114297,40.0,0.49762678889960943
-0.4226899633069013,0.3153826908098556,41.0,0.4150070092588054
0.03355242243386776,0.5176628062232501,42.0,-0.04374229221753734
0.4502190767349935,0.2447282356796271,43.0,-0.4535907611027276
0.44881743511373867,-0.2455689131786426,44.0,-0.44243682383499766
0.038901666909910294,-0.5026252455263954,45.0,-0.028769902400067604
-0.39830797119782674,-0.29707038445934253,46.0,0.4028940413117743
-0.46429529093410776,0.17482638113878624,47.0,0.4592709490635896
-0.10634517460324931,0.4782409878870784,48.0,0.09647419189110829
0.3413191265191719,0.3403225320922179,49.0,-0.3469555903453103
0.46942892674955594,-0.10464794613944506,50.0,-0.46578405661120853
0.1676982249176978,-0.44555027076030973,51.0,-0.1582735937727786
-0.2807072890573166,-0.37413437478582123,52.0,0.28721834175695404
-0.4647163349058232,0.03642805009670097,53.0,0.4624447318632847
-0.2220676972052247,0.40570169005833695,54.0,0.21325510273503906
0.2179161719385022,0.3983680062261667,55.0,-0.22511845931921431
0.45082675998157956,0.028559903907781625,56.0,-0.44989465115641153
0.26875451445951665,-0.35992252964685306,57.0,-0.2606975453909552
-0.15434973527567716,-0.4130883532567709,58.0,0.16205652249782737
-0.42857711470648957,-0.0891824014066131,59.0,0.42892545130207865
-0.3072565609556027,0.30948921835716875,60.0,0.3000750761135851
0.0913459473957793,0.4185500433097892,61.0,-0.09937111366821211
0.3989067660273638,0.14446072353948125,62.0,-0.4004538962210674
0.3372674241714249,-0.25569850793562554,63.0,-0.3310564967063001
-0.030153416238306394,-0.41518117847901037,64.0,0.038315204393014335
-0.36285129903977564,-0.19358183768981574,65.0,0.3654959449193712
-0.35867122975307203,0.1998399161300371,66.0,0.35350065694323723
-0.028088800948905028,0.40356452638095075,67.0,0.01996434198927921
0.32151585190005705,0.23590528416534556,68.0,-0.32514031219326306
0.3715339020938514,-0.14316992169127157,69.0,-0.3674482577581878
0.08236798407486592,-0.384416660780474,70.0,-0.07444391606246298
-0.2760485890176168,-0.2709661520332962,71.0,0.2805220893279087
-0.3760912364259802,0.08688833408976027,72.0,0.3731104332787076
-0.1318109896518743,0.3585655956157294,73.0,0.12423680280084864
0.22761484397832885,0.2984743113372007,74.0,-0.2327969578008704
0.37273421069833607,-0.032117191894919794,75.0,-0.37085453151468756
0.17569388052098853,-0.32692745504061566,76.0,-0.16860324351368167
-0.17737241907927223,-0.31831013532234925,77.0,0.1831164858967263
-0.3619919967103252,-0.02011752827424329,78.0,0.36118754602791636
-0.21344796022044135,0.29048271010825505,79.0,0.20695692302102192
0.12644847647829213,0.33051700407678586,80.0,-0.13260494759003705
0.3445131500071593,0.06890118389822286,81.0,-0.3447376723491479
0.24466229864711236,-0.25025249063231947,82.0,-0.23886795830628027
-0.07591839825890284,-0.3352909294855892,83.0,0.0823380465042256
-0.3210454671580108,-0.11344258500715632,84.0,0.32223447345429435
-0.26908290197516466,0.20727544961791425,85.0,0.26406253159763315
0.026786930694764354,0.3329676801478468,86.0,-0.03332386671744486
0.2924149976862777,0.15308289612351006,87.0,-0.2944881386970244
0.28660873913730534,-0.16258561861584392,88.0,-0.2824193707543966
0.020028136818809262,-0.3240078137013994,89.0,-0.013513691845039588
-0.25950468673753957,-0.18730132796394988,90.0,0.26236831082402406
-0.2972848887418943,0.11719164667210402,91.0,0.29396333213942705
-0.06370957383510413,0.3089800428316781,92.0,0.0573488012271306
0.22323310435583718,0.2157176900921691,93.0,-0.22678293684371062
0.3012931134969427,-0.07205776453717783,94.0,-0.2988563852283703
0.10355147363071317,-0.28854337030626304,95.0,-0.09746478990461771
-0.18453368892956565,-0.2380919354108639,96.0,0.18865757148956636
-0.2989402036491507,0.02808676081507866,97.0,0.2973863336199299
-0.13896712698128688,0.26342842805990463,98.0,0.13326236170807818
0.14433489701186855,0.25432088093824706,99.0,-0.1489155278493351
0.29064445643216386,0.013894800882421343,100.0,-0.2899536336639642
0.16949401315988372,-0.23441844620949753,101.0,-0.16426494892953017
-0.10354161044633525,-0.26443233600294547,102.0,0.1084592295229711
-0.2769206750560127,-0.05314895362813293,103.0,0.2770566895755875
-0.19479597453059405,0.20233026060262338,104.0,0.19012125762961796
0.06301810572094857,0.2685769082582191,105.0,-0.06815307359745171
0.2583640785442422,0.08903617651690052,106.0,-0.25927601282672724
0.21466269452506598,-0.167995742925605,107.0,-0.21060511689435457
-0.023572840943311368,-0.26701778939860077,108.0,0.028808064988391224
-0.23563351308850589,-0.12102266822235877,109.0,0.237257634121419
-0.22900664665768883,0.13224400643836565,110.0,0.22561279211194066
-0.014054736009603688,0.26011884597045826,111.0,0.00883156849782546
0.20943434704537656,0.14868504684485723,112.0,-0.21169614884983187
0.23785772390571147,-0.09588470406737964,113.0,-0.23515796459778207
0.04920520757483321,-0.24833135618981808,114.0,-0.0440996235095685
-0.18050141588097168,-0.17171253034606454,115.0,0.18331776218651577
-0.24135579276724153,0.05969269492734311,116.0,0.23936461557125607
-0.08130793716669474,0.23217974136496922,117.0,0.076416926634124
0.1495823610211913,0.1899066999434068,118.0,-0.15286367868414835
0.2397414442904429,-0.024394311433271476,119.0,-0.23845808125374873
0.10988750460937252,-0.21224664066886764,120.0,-0.10529804542607796
-0.1174216785235818,-0.20317899203421758,121.0,0.12107415412431557
-0.23334523518012135,-0.009344586907944208,122.0,0.23275456751388626
-0.1345678302831803,0.18915767105109163,123.0,0.1303557021062457
0.0847457606528679,0.21154610193886175,124.0,-0.08867349541227199
0.22257572572766807,0.040928634112065154,125.0,-0.2226494270212092
0.15507403870623052,-0.16356620057952215,126.0,-0.15130293395306554
-0.05224917676311011,-0.21512351454804277,127.0,0.05635625837808578
-0.20790662791704614,-0.06984096107619284,128.0,0.20860450939356665
-0.17123215529498492,0.13613844411009893,129.0,0.16795308766981362
0.020582400334999525,0.21411740252886327,130.0,-0.02477485443505456
0.1898633769085836,0.09564913638484399,131.0,-0.19113489559717894
0.1829667686567891,-0.10753916563834814,132.0,-0.18021777398214228
0.00965885244119715,-0.20881515193026132,133.0,-0.005471263894370609
-0.16900943259022655,-0.11800904385269387,134.0,0.170795322252508
-0.19029682443698615,0.07841824278909809,135.0,0.18810294285262708
-0.0379425495536722,0.19957478781276683,136.0,0.03384471058863123
0.14593260551562068,0.1366667380973781,137.0,-0.1481665900084607
0.19332974507536135,-0.04939831648881621,138.0,-0.19170326858039827
0.06380745498377281,-0.18681357902161014,139.0,-0.05987748103718729
-0.1212316839125542,-0.15145835815401576,140.0,0.12384223334073144
-0.19225409255602255,0.02106371380660721,141.0,0.19119505740714324
-0.08686838650852415,0.17099610166379542,142.0,0.08317642988062784
0.09550361620936089,0.1623082139793787,143.0,-0.09841570765940777
0.18733100822554244,0.006049204892375065,144.0,-0.1868279079188532
0.10681962052688611,-0.15262203557652593,145.0,-0.10342690735873183
-0.06933147741076474,-0.16922519116489912,146.0,0.07246832418688037
-0.17888467499471838,-0.03146016110637001,147.0,0.17891536648348771
-0.12343648257105921,0.1322139575324477,148.0,0.12039458744331835
0.04327341841582852,0.1722976449193548,149.0,-0.04655813444664314
0.16729205283612308,0.05475146017063365,150.0,-0.16782482630121684
0.13657519681247868,-0.11030537963472864,151.0,-0.1339255558814055
-0.01785276578518435,-0.17168697514636685,152.0,0.021209935124158058
-0.152972138657326,-0.07557284175264647,153.0,0.15396691954854755
-0.14617109901153316,0.08742926189827624,154.0,0.14394475769511028
-0.006450593688044429,0.16762009009359177,155.0,0.003093468663825788
0.13637499668121564,0.09364467639371807,156.0,-0.13778464787915376
0.1522353445616698,-0.06410720503436954,157.0,-0.15045293124584386
0.029207443203677373,-0.16038097657264425,158.0,-0.025918637283299795
-0.11797079579868969,-0.10875953940433933,159.0,0.11974248758383939
-0.15485026621876988,0.040839503624999496,160.0,0.15352217935659876
-0.050045014595619,0.1503016002252837,161.0,0.046887437076126304
0.09823907644653865,0.12078222459915688,162.0,-0.10031569246440053
0.15416355456673142,-0.01809621187998836,163.0,-0.15329034693943316
0.06865128239615734,-0.13775235992064783,164.0,-0.06568151009315168
-0.07765845193472466,-0.12964828844856377,165.0,0.0799800004642652
-0.15038144813569673,-0.003690655285877864,166.0,0.1499543889774351
-0.08477777244547621,0.12313231638824133,167.0,0.08204526780611475
0.056696928377643056,0.1353612398378841,168.0,-0.059201929894494715
0.1437611293459991,0.024133693356730157,169.0,-0.14376292254216985
0.09824091443094528,-0.10685940696509182,170.0,-0.09578743387208648
-0.03580300407835881,-0.13798851146306473,171.0,0.03842982827175115
-0.1346025271785818,-0.04289538935983925,172.0,0.1350081618422539
-0.10892199564313403,0.08936084627812056,173.0,0.10678118907234982
0.015397683995119477,0.1376563657483597,174.0,-0.018085811988473588
0.12323972783913054,0.05969208076333152,175.0,-0.12401743625684652
0.11676579834779333,-0.07106389726517878,176.0,-0.11496299687624618
0.004132481589869261,-0.13454390093826518,177.0,-0.0014412911280158036
-0.11003219093491395,-0.0742965886127614,178.0,0.11114448814693277
-0.12177802514727824,0.052387178667685566,179.0,0.12033021035287139
-0.02244125226444546,0.1288763316703827,180.0,0.019801911238542247
0.09535596113621667,0.08653954856012884,181.0,-0.09676074025430338
0.12402163527654529,-0.033732654541408086,182.0,-0.12293758007111413
0.03922739187650684,-0.12091772293967337,183.0,-0.03669055985459253
-0.0795950543229426,-0.09630948854354691,184.0,0.08124671206183126
-0.12361222976850426,0.01547842898559644,185.0,0.12289279800946774
-0.05423817424520496,0.11096335706311171,186.0,0.05184947577895886
0.06313318324416141,0.10355172452698083,187.0,-0.06498375101792256
0.12071263473502093,0.002027554260555231,188.0,-0.12035122424342193
0.06727169811729808,-0.09933191025863829,189.0,-0.06507108804354574
-0.0463459712028254,-0.10826616558972375,190.0,0.04834622845704621
-0.11552683962716398,-0.01847283191169037,191.0,0.11550995125141354
-0.07817803363115876,0.08635760903823703,192.0,0.07619931464764876
0.02959378370370471,0.11050413652002201,193.0,-0.03169433187388396
0.10829345132172379,0.03358470980879616,194.0,-0.1086013651323062
0.0868592450192348,-0.07238252711438908,195.0,-0.08512973847641311
-0.013215287867502336,-0.11036433975115058,196.0,0.015367565415917647
-0.09927882536119689,-0.04713349301240358,197.0,0.09988636398541105
-0.09326835453005317,0.05774917130327503,198.0,0.0918087222119425
-0.0024781717817317444,0.10798808888747564,199.0,0.0003209504631350446
0.0887700328455281,0.05893465326968293,200.0,-0.0896473913431086
0.09740733030015736,-0.04279349038273102,201.0,-0.09623154202730619
0.01720731431229285,-0.10355395318018278,202.0,-0.015089310796717534
-0.07706781558618103,-0.06884995165584024,203.0,0.07818143711176874
-0.09932419593942614,0.027838424460301242,204.0,0.09843963515976074
-0.03072873517551486,0.09727195617719661,205.0,0.028690741653001617
0.06447967348452117,0.07678755440330375,206.0,-0.0657931502624852
0.09910937176262517,-0.013188094567879935,207.0,-0.09851706894666859
0.04283776730122471,-0.08937747249870065,208.0,-0.04091657316213394
-0.05131321702359206,-0.08270119819538062,209.0,0.05278819683666412
-0.09689136682483912,-0.0008772866287217601,210.0,0.09658634847678797
-0.05337038773130152,0.08012496444531943,211.0,0.051598264447425546
0.037869904631598804,0.08658847725535712,212.0,-0.03946698406515403
0.0928319471825962,0.014105721493578235,213.0,-0.09280368663524659
0.06220418659761874,-0.06978169515158564,214.0,-0.0606084944865113
-0.024439269873753035,-0.088488338210902,215.0,0.02611885692130382
-0.08712090915107643,-0.02627690944517265,216.0,0.08735386404914866
-0.06925843334209172,0.05862154751309391,217.0,0.06786135111455094
0.011293727354730429,0.08847787981923198,218.0,-0.013016857625297168
0.07997058686238488,0.037204881547437604,219.0,-0.08044480735478268
0.07449329140458448,-0.04691906843816533,220.0,-0.0733116668465602
0.001315970731962317,-0.08666856312184178,221.0,0.00041312189579180425
-0.07161022130352449,-0.04673978343550794,222.0,0.07230201245672213
-0.07790824693972528,0.03494384643055237,223.0,0.07695356471029008
-0.013164572893476964,0.08320194344074566,224.0,0.011465031497991662
0.06228031342364891,0.054768819912020435,225.0,-0.06316293522707177
0.07953982929088113,-0.022955317440563477,226.0,-0.07881828967049798
0.02405542446806382,-0.07824503886520855,227.0,-0.022418278729144578
-0.05222707708510406,-0.06121639082337805,228.0,0.053271465622453454
-0.07945871082725696,0.011198079683009884,229.0,0.07897141135467352
-0.033822801847212966,0.07198545059371919,230.0,0.03227771447309971
0.04169709885993707,0.06604346254858208,231.0,-0.04287259274594269
0.07776628127082827,0.0001022169306005849,232.0,-0.07750949158181096
0.04233348168601746,-0.06462634882477489,233.0,-0.0409065156760189
-0.030932301235470295,-0.06924623239772769,234.0,0.032207358237951456
-0.07459079678795767,-0.010742356607453887,235.0,0.07455631563871963
-0.049487557737924535,0.05638143400377719,236.0,0.04820085594223235
0.02016529399832955,0.07085415426166278,237.0,-0.02150818384254731
0.07008320692942514,0.020544384224592746,238.0,-0.07025878935775778
0.05521853251600936,-0.04746997733928778,239.0,-0.054090095585328825
-0.009615185734926455,-0.07092740286485964,240.0,0.010994646385768872
-0.06441276305141132,-0.02935775352184592,241.0,0.06478260490304993
-0.0594927241473415,0.038112036838663516,242.0,0.05853628565788069
-0.0005160861607634615,0.06955386088682623,243.0,-0.0008697600418323959
0.0577625102591394,0.037060792750938584,244.0,-0.058307776884627786
0.06230804036393938,-0.028523935938185238,245.0,-0.061533035997969124
0.010046862527179335,-0.06684571801436516,246.0,-0.008683188044682905
-0.050324761341357736,-0.04356149772069034,247.0,0.05102414713851675
-0.06369218142004596,0.018914081391186825,248.0,0.0631038073526316
-0.018818276115587434,0.0629357736924444,249.0,0.01750321664963004
0.04229664579575846,0.04879767527864485,250.0,-0.043126951420917395
0.06370034174159923,-0.009479185713199244,251.0,-0.06329969585023873
0.026696155342110606,-0.057973536023767924,252.0,-0.0254536255170245
-0.03387582009652693,-0.05273647213858465,253.0,0.03481253457679214
-0.0624124862434447,0.0004009474528128554,254.0,0.06219678444556473
-0.03357231491225763,0.05212120802943113,255.0,0.032423361561554724
0.025256417058790132,0.055373334431502906,256.0,-0.02627429268098079
0.05993028147809406,0.008156769856734816,257.0,-0.05989314042162429
0.03936524277494976,-0.04554964946160166,258.0,-0.038327783897244457
-0.016625302758057577,-0.056730452292599376,259.0,0.01769891146216486
-0.05637376413152248,-0.016050231731503835,260.0,0.0565055406249954
-0.044020204589733394,0.03843439772091315,261.0,0.04310884714059816
0.008158699220992185,0.05685475110776366,262.0,-0.009262960259713328
0.051877829918014574,0.02315758379110997,263.0,-0.05216600689255429
0.047508797503963515,-0.030951825363376533,264.0,-0.04673473313946356
-1.922027456748941e-05,-0.055815496673874976,265.0,0.0011298900811128679
-0.046588624742220607,-0.029380055840890033,266.0,0.047018233185660945
-0.049827994384891196,0.02327550439119825,267.0,0.04919897073631406
-0.007646643221898225,0.053701585463529884,268.0,0.006552526720953744
0.0406599172166756,0.03464262634650682,269.0,-0.04121398340438155
0.05099872761875899,-0.015572839228728506,270.0,-0.05051909128534171
0.014710563786287939,-0.05061859344268357,271.0,-0.013654288795167877
-0.03424952739644597,-0.038894165211268636,272.0,0.03490953484911862
-0.0510640680931655,0.008002021214961706,273.0,0.0507348743016995
-0.021063929491426697,0.04668565752367107,274.0,0.020064774863428995
0.027515881089642005,0.04210708233339789,275.0,-0.028262237004979263
0.05008705997333306,-0.0007093478288571972,276.0,-0.04990624279131423
0.026618904775125508,-0.04203226282481206,277.0,-0.025693864934027942
-0.02061475250945004,-0.04427651787224509,278.0,0.021427248922124935
-0.04814827535372442,-0.006173060071287748,279.0,0.04811087146859677
-0.03130900692272822,0.03679500656328549,280.0,0.030472579263919435
0.013696250547590013,0.04541911738070708,281.0,-0.014554511144133433
0.04534315483179156,0.01252911974608209,282.0,-0.04544157322529612
0.035089214702718294,-0.031114405758094626,283.0,-0.03435325016004909
-0.006902095775119782,-0.045571440890449066,284.0,0.0077860001116598215
-0.04177920055833081,-0.018260213483996188,285.0,0.042003529918729736
-0.03793563419120433,0.02513181111661749,286.0,0.03730925033046641
0.00036322662045822,0.04478805962326697,287.0,-0.0012533044331292098
0.03757308744341037,0.02328617720908987,288.0,-0.03791143286557816
0.03984475436906318,-0.018986483686939774,289.0,-0.03933430913308361
0.005802235759541574,-0.04313939722902044,290.0,-0.0049244464309838865
-0.032847756036544586,-0.027545856205710602,291.0,0.03328659645653858
-0.040832331521255795,0.012812884252333817,292.0,0.040441454629712624
-0.011490643413554187,0.0407093743324174,293.0,0.01064227946505996
0.02772954727348459,0.030997241867095054,294.0,-0.02825410516073032
0.04093194674431064,-0.0067382182070125154,295.0,-0.04066162475187299
0.01661408673888842,-0.037592915748710216,296.0,-0.015810688636320805
-0.02234543492513822,-0.03361721108582554,297.0,0.022940049999597874
-0.04019328493615461,0.0008802709677149453,298.0,0.0400419950936747
-0.021101265861129308,0.03389337906418975,299.0,0.020356554546394935
0.01682040634548239,0.03540089672684034,300.0,-0.017468905484302327
0.03868018648989899,0.004654438974941409,301.0,-0.03864407384465784
0.024897973459129193,-0.029719961458192865,302.0,-0.024223677254267186
-0.011275036152704221,-0.03636072347039671,303.0,0.011961092185789717
-0.03646852455300234,-0.009772170299939958,304.0,0.03654161616788323
-0.027967201843276408,0.025185138774228236,305.0,0.02737293396001499
0.0058232909545565155,0.03652514812140191,306.0,-0.006530763698107747
0.033643961182504505,0.014393121286892553,307.0,-0.033818410955716735
0.03028889399110037,-0.02040218704642065,308.0,-0.029782080191397605
-0.0005705963106171519,-0.035937147215251056,309.0,0.0012838499379883364
-0.03029963508429586,-0.01845224104813024,310.0,0.03056599240843583
-0.03185936433795027,0.015482832086560257,311.0,0.03144521929581605
-0.004387810025869799,0.034652497395813796,312.0,0.0036836183534667832
0.026533831947521333,0.021899693515123556,313.0,-0.026881327355408394
1.037908568663302,-0.46414822119380084,0.0,-0.49020204093449316
0.21945927104418708,-1.0806138618703869,1.0,-0.1972245405881834
-0.7825492873576384,-0.7516508080162027,2.0,0.7949027095971933
-1.0523911268203234,0.2549982202143908,3.0,1.0438140413279065
-0.3589370918497851,1.0095988308761443,4.0,0.3376513535599296
0.6475127680780881,0.8302569417042016,5.0,-0.6618798921243935
1.0446267053345908,-0.10128587027338432,6.0,-1.039134352210575
0.4829922769503203,-0.9221861239841045,7.0,-0.463033176189499
-0.5071710178093493,-0.8873996051102608,8.0,0.5231423755419973
-1.016068780617789,-0.04553492615296251,9.0,1.013593222774684
-0.5899999304365332,0.8211084713153988,10.0,0.5716961389961139
0.36468726638742205,0.9231665632134786,11.0,-0.38184460827122346
0.9685090844689106,0.18287945351210533,12.0,-0.9689249854403729
0.6787764964843307,-0.7092173794992679,13.0,-0.6624038800404697
-0.22308409560542264,-0.9380752100761026,14.0,0.24100940845971974
-0.9040214652869119,-0.3085062471811556,15.0,0.907151981006391
-0.7485781289240787,0.5894182205894327,16.0,0.7343572116569969
0.08519015650475457,0.9330370264083349,17.0,-0.10347415131116311
0.8249032808509212,0.4205426911036908,18.0,-0.8305266558838875
0.7990902129227988,-0.46460800559004756,19.0,-0.7871849153236826
0.046406066217397145,-0.9093160920102181,20.0,-0.0281561382315626
-0.7336156583747531,-0.517501623076449,21.0,0.7414723514256261
-0.8304087671486007,0.3376169518168681,22.0,0.8209263685383889
-0.16939491273465504,0.8684828430837833,23.0,0.15154823558095443
0.6327239027944132,0.59828913364048,24.0,-0.6425240657476267
0.8430145775049595,-0.211154811563542,25.0,-0.836006832707756
0.28177628456718157,-0.8123642918182684,26.0,-0.26467234131971606
-0.5248392566352612,-0.6622039128071022,27.0,0.5362703944311109
-0.8377410117845846,0.08776277636657892,28.0,0.8332063320305146
-0.3818822952308794,0.7429919267066992,29.0,0.3658256932505638
0.412563117239607,0.7089286501207631,30.0,-0.4252977622699716
0.8157365378245848,0.030228389655512777,31.0,-0.8136231295513111
0.4683918452720463,-0.6625484882625334,32.0,-0.4536481520915725
-0.2984347027618494,-0.7385141257423479,33.0,0.31213794685447604
-0.7784230159145726,-0.14073349865557638,34.0,0.7786328578467175
-0.5403372955468198,0.5733147681068046,35.0,0.5271299112474631
0.18488303046212204,0.7513567417511163,36.0,-0.19921976956481457
0.7274508597970422,0.24194104645934633,37.0,-0.7298443885999542
0.5971035631864197,-0.4776175120669246,38.0,-0.5856116325178445
-0.07418393283745821,-0.7481703326466108,39.0,0.08882569378654837
-0.6646521605567481,-0.332334116927715,40.0,0.6690535285037164
-0.6384200999028486,0.377779422544004,41.0,0.6287774460588569
-0.031577307582352554,0.7299531615233636,42.0,0.016946072711665483
0.5919928453997543,0.41070407759823346,43.0,-0.5981956098097185
0.6643463302809208,-0.2760721547511208,44.0,-0.6566413725187098
0.1305372720444361,-0.6979510535165027,45.0,-0.11621352101587323
-0.511524900522867,-0.4761572078661863,46.0,0.5192980041132317
-0.6752512270740498,0.1746730884375397,47.0,0.6695278265581475
-0.2210793835321296,0.6536176412594664,48.0,0.20733652701481753
0.4253396260346689,0.5281145364780995,49.0,-0.43443352961765325
0.671787780336765,-0.0756265344108914,50.0,-0.6680469429504151
0.3018524098420744,-0.5985726990674525,51.0,-0.2889361220472242
-0.3355228135298291,-0.5663052871016871,52.0,0.3456756474556738
-0.6548631770017144,-0.01919009342211675,53.0,0.6530655285862388
-0.3717824925304734,0.5345595245514075,54.0,0.35990732992224855
0.24411264595066356,0.5907544375127223,55.0,-0.25505625409461163
0.6256055471946461,0.10809474167068178,56.0,-0.6256744858934684
0.43007883410729125,-0.4634022899112236,57.0,-0.4194256839003388
-0.15306101743697836,-0.601764988217501,58.0,0.1645267770672182
-0.58532815354001,-0.1896235502315352,59.0,0.5871535757033838
-0.4762332971267771,0.3869642320646105,60.0,0.4669476591378402
0.06419886067827267,0.5998956092305359,61.0,-0.07592317289104422
0.535491900685424,0.2625479177579365,62.0,-0.5389343911561997
0.5100142778716507,-0.3071074830935164,63.0,-0.5022053661389622
0.020794046436449734,-0.5859343887842313,64.0,-0.009064688193990422
-0.4776670253509351,-0.32588578860925893,65.0,0.4825623998661058
-0.5314553126499258,0.22565526245328982,66.0,0.5251959473515979
-0.1004144416515167,0.5608694448754745,67.0,0.08891888348685817
0.4134947937752295,0.37890726824139076,68.0,-0.41965888059369905
0.5408389551788435,-0.1443570623430801,69.0,-0.536166201026789
0.17335587229403707,-0.5258571800481115,70.0,-0.16231429596282876
-0.34464998512712114,-0.42113478311792685,71.0,0.3518835347030583
-0.5386765283488684,0.06485735999098075,72.0,0.5355930230004249
-0.23852380467306078,0.4821889622934611,73.0,0.22813433643930486
0.27280487812556764,0.45233809959187715,74.0,-0.28089849351897234
0.5256844024347668,0.011331712206840705,75.0,-0.5241603077240561
0.29504554355744694,-0.43125700137057466,76.0,-0.28548150910448544
-0.1995953857698854,-0.47252460245506317,77.0,0.20833437230950602
-0.5027574844925984,-0.08285341334415108,78.0,0.5027329845249938
-0.34227506222703175,0.3745201614099719,79.0,0.33368290582413473
0.12658990183748392,0.48192530692496244,80.0,-0.13575894210708317
0.4709406205244431,0.14852493817022555,81.0,-0.4723288839820666
0.3797929412485524,-0.3134704088170068,82.0,-0.372290812812269
-0.055261334829562206,-0.48097713702417316,83.0,0.06464890406951723
-0.43139861358594306,-0.2073513438156524,84.0,0.4340891329631963
-0.40740170206712323,0.24960054086102024,85.0,0.401078701957662
-0.013037287482916573,0.4703020482033769,86.0,0.003634840241374948
0.3853855482110377,0.2585348447346547,87.0,-0.389247766115286
0.4251168985039405,-0.18437377670731225,88.0,-0.42003295711220856
0.07709335469257926,-0.45068360259010715,89.0,-0.06786812329904801
-0.3342140854321364,-0.3014795565569939,90.0,0.33910121748030875
-0.43315439438215764,0.11919572089054253,91.0,0.4293407519890284
-0.13585115861344657,0.4230416216244816,92.0,0.1269804460178972
0.2792253545875165,0.33579185740361867,93.0,-0.2849783197008923
0.43191430813172704,-0.05538913127715428,94.0,-0.429374550324155
0.18842422705056033,-0.3884055435621342,95.0,-0.1800678006631068
-0.22176001950356686,-0.3612766145369595,96.0,0.22821139141008723
-0.4219621450086412,-0.0058281586330100055,97.0,0.42067374023953014
-0.2341034973770044,0.34788710312317533,98.0,0.22640136090019136
0.16313103911899518,0.37792959387194686,99.0,-0.1701089374625589
0.40400766444302116,0.06336189774328538,100.0,-0.403923943222326
0.2723614059546308,-0.3026529284055125,101.0,-0.2654321029306897
-0.10459857787016927,-0.3859264290170859,102.0,0.1119304233074811
-0.3788820442087358,-0.11625647541248924,103.0,0.3799345539543615
-0.3028520480703331,0.2538976172050511,104.0,0.2967915006792754
0.04734745091894237,0.3856085745506546,105.0,-0.05486351575268472
0.3475139050361734,0.16370628291831224,106.0,-0.3496150708143231
0.3254076339704036,-0.20281781240016228,107.0,-0.32028850952578486
0.007532584674695449,-0.377466704839638,108.0,4.109366514293278e-06
-0.3109047496433454,-0.2050633625343523,109.0,0.31395076887053314
-0.3400315287688566,0.15058774547536014,110.0,0.3359031160641207
-0.0590634577309326,0.36212204479697047,111.0,0.05166061747783224
0.2701043498091352,0.23984140484604496,112.0,-0.2739782484192174
0.3468882167240312,-0.09833666008297715,113.0,-0.343776785054216
0.10639217092932694,-0.34030613270760696,114.0,-0.0992659487462183
-0.22618658509333242,-0.26771622567011444,115.0,0.2307613636090665
-0.34629057310133904,0.047128465319154766,116.0,0.34420017854779755
-0.14880086537456813,0.3128395180170776,117.0,0.14208008572689168
0.1802261982948624,0.28852291788940065,118.0,-0.18536799858354241
0.338684859281643,0.002056097321914696,119.0,-0.33759855581614884
0.18571355059585107,-0.2806098893513657,120.0,-0.1795112898866394
-0.1332768870101825,-0.3022499297675553,121.0,0.13884811411389059
-0.3246338788732774,-0.04833455701136691,122.0,0.32451528607488495
-0.21669955729478346,0.24455011078144198,123.0,0.21111176120700903
0.0863510990582996,0.30903036916664733,124.0,-0.09221343722284003
0.30479874449435246,0.09093493848160938,125.0,-0.30559391922707635
0.24147383347191193,-0.20561661837605008,126.0,-0.2365783632361433
-0.04040184346857747,-0.3091308720739174,127.0,0.04641911119123959
-0.2799197069616375,-0.1292050277356871,128.0,0.2815592632451076
-0.25989426173662405,0.16476859543302066,129.0,0.25575036374197335
-0.003693230416853279,0.3029384036736572,130.0,-0.0023475649895554618
0.2507964913841133,0.1626186624533306,131.0,-0.25319791089082816
0.2719562258338327,-0.12294830457708794,132.0,-0.2686044107158919
0.04514529401092184,-0.2909453808038082,133.0,-0.039205199052044226
-0.2182685688022681,-0.19077909242728439,134.0,0.22133864388747565
-0.277784697086824,0.08106290936099464,135.0,0.2752470069061223
-0.08326521019706591,0.27373351613271085,136.0,0.07754076128380388
0.18319576836303755,0.21341951231318781,137.0,-0.18683312022298518
0.2776241461314381,-0.039968068340366925,138.0,-0.2759047816070685
0.11747174345362474,-0.2519567870742804,139.0,-0.1120668064544958
-0.14643960450962398,-0.23040092052967587,140.0,0.15053722088018417
-0.271826611762367,0.00045353206673842683,141.0,0.27091288583595424
-0.14729709734996674,0.22632392679325014,142.0,0.14230299120654114
0.10884565731552276,0.2417075035675846,143.0,-0.11329339696098256
0.26083827686940353,0.036769080713667524,144.0,-0.26070185620311753
0.17238982243435583,-0.19758082122942347,145.0,-0.16788419258993256
-0.07122730298192509,-0.24743978369106082,146.0,0.0759143179679421
-0.24518491142317309,-0.07107620595397518,147.0,0.2457833038125761
-0.19251518850911767,0.16649317562426755,148.0,0.18856122403444198
0.034351046761144775,0.24780579964262361,149.0,-0.0391680780411692
0.22545654454953953,0.10193988847551141,150.0,-0.22673478768059724
0.20755316138442426,-0.13382978738505968,151.0,-0.2041991517078172
0.001076336712303875,-0.24311061426929062,152.0,0.0037651702899428596
-0.2022917223271135,-0.12893295171858693,153.0,0.20418422780499185
-0.2174941647639093,0.10034673017267473,154.0,0.21477338524721487
-0.034418699397709175,0.23374445989584824,155.0,0.029652608829506266
0.17636169559917214,0.1517318167898847,156.0,-0.17879420170245838
0.2224328424408784,-0.06677271781234992,157.0,-0.2203637519746366
0.06511934488481325,-0.22016984187645794,158.0,-0.06052121181802955
-0.1483548634646468,-0.170117050366934,159.0,0.15124645057925407
-0.2225600641227757,0.03379587699009701,160.0,0.22114679255199624
-0.09270772360927672,0.2029079232855445,161.0,0.08836128401046167
0.11896177394764869,0.1839717625778376,162.0,-0.12222689804006343
0.21815343975295942,-0.0020521157100772403,163.0,-0.2173865383432381
0.11680398611052789,-0.18252450951839208,164.0,-0.11278298058979341
-0.08886095445501214,-0.19327801264738576,165.0,0.09241145617479532
-0.20956662210827884,-0.027884768853560504,166.0,0.20942404646938861
-0.13712142646540737,0.15961594114734237,167.0,0.1334886826205542
0.05870581187967945,0.1981114114303876,168.0,-0.062452861853386915
0.1972176858020997,0.055511143217848585,169.0,-0.19766597774175323
0.1534668890696003,-0.1347951872886577,170.0,-0.15027367921874174
-0.029112806484895896,-0.1986341356119068,171.0,0.03296875095195509
-0.1815768728271049,-0.08039969449766163,172.0,0.1825725055134579
-0.16573924909914006,0.10867841063624886,173.0,0.16302492042991834
0.0006510659100472022,0.19508658814858226,174.0,-0.004531140965694513
0.1631539907594728,0.10220367654999798,175.0,-0.16464484032354829
0.17392610973648368,-0.08187224993566833,176.0,-0.17171797852655477
0.026166433337070444,-0.18777795339813472,177.0,-0.02234254610151934
-0.14248574014777635,-0.12065927027177945,178.0,0.14441264643375099
-0.1780988871807373,0.05496203676800357,179.0,0.1764123838630658
-0.050890028833667444,0.17707590339636883,180.0,0.047196827695569765
0.12012323294675813,0.1355861198706184,181.0,-0.12242161247609344
0.17840647729147951,-0.028501131880783737,182.0,-0.17724552480763162
0.07313883037260077,-0.16339571406848657,183.0,-0.06964381726764668
-0.09661994472103491,-0.14688614042476428,184.0,0.0992214200230955
-0.17506771527346554,0.003001532746956387,185.0,0.17442531943277154
-0.09260446154356797,0.14718904709252556,186.0,0.08936717664336596
0.07252032038665451,0.1545407216562437,187.0,-0.0753543316083069
0.1683628520453724,0.021074130654584605,188.0,-0.16822187953717752
0.10905310863250917,-0.1289326450414576,189.0,-0.10612438306982663
-0.04834922716837737,-0.15860647818480256,190.0,0.05134459421631529
-0.15862427791045672,-0.04331912989062714,191.0,0.1589583952188036
-0.12232593374274857,0.10911717477228515,192.0,0.11974736298132373
0.02460241994089308,0.15920971734006462,193.0,-0.02768882626490346
0.14622672602527403,0.06338765468341792,194.0,-0.14700147077926842
0.13233793899603039,-0.08823643733268285,195.0,-0.13014157470349286
-0.001738153913744676,-0.15653981172935635,196.0,0.004847526319248369
-0.13157718520299005,-0.08099829841939715,197.0,0.1327511404618093
-0.13907539511551667,0.06677714249075747,198.0,0.13728364908186066
-0.01982995157455509,0.15084167513288518,199.0,0.01676218909253749
0.11510474413221825,0.09593603083300282,200.0,-0.11663078572788865
0.1425919702922486,-0.04520942297242411,201.0,-0.14121772000098223
0.039738725875687615,-0.14240754696944358,202.0,-0.036772542444062084
-0.09725057755416416,-0.1080527058449457,203.0,0.0990771648675063
-0.14300371375592053,0.023978238251248646,204.0,0.1420505957160909
-0.057679895310541296,0.13156829268630005,205.0,0.05486970180683309
0.07845826979271514,0.11726617953235728,206.0,-0.0805307511833079
0.14048306277120934,-0.0034957909175091506,207.0,-0.13994593670998914
0.07340315590343655,-0.11868442519729464,208.0,-0.070797022031176
-0.05916465279206679,-0.12355813710957941,209.0,0.06142655827814043
-0.1352520518169194,-0.015864949105427184,210.0,0.13511761634297798
-0.08671788818367013,0.10413704621988228,211.0,0.08435693411048342
0.03979131503569388,0.12697074829558833,212.0,-0.04218561067464183
0.1275749085212224,0.0337755453086442,213.0,-0.12782244691549388
0.09749355825843715,-0.08831889641143433,214.0,-0.09541152302153535
-0.02073691496964583,-0.12760228732074094,215.0,0.023207195659599097
-0.11775022264977404,-0.0499561809309091,216.0,0.11835245603810184
-0.10565887350573136,0.07162568999200113,217.0,0.10388185866876815
0.0023704084094235776,0.1256018669485356,218.0,-0.004862008438831153
0.10610287227766915,0.06417851849170354,219.0,-0.10702689658029785
0.11119978258408358,-0.05444789352272425,220.0,-0.10974616615454
0.014974725554534767,-0.12116344520740337,221.0,-0.012513722008017439
-0.09297588549163012,-0.07626734580993139,222.0,0.0941841682140069
-0.11415642773673752,0.03716309017803392,223.0,0.1130369401781927
-0.0310052008669168,0.11451926907796667,224.0,0.02862306401101182
0.07872240689396849,0.08610104570097123,225.0,-0.08017382000247306
0.11461917238810045,-0.020129050711036392,226.0,-0.1138371237413904
0.045471548713211164,-0.1059329212679952,227.0,-0.0432121337225852
-0.06369792619076299,-0.09361094830326366,228.0,0.06534879196485696
-0.11272383867419072,0.003677610880443022,229.0,0.1122754833697091
-0.05817063951096307,0.09569213460398222,230.0,0.05607275171078237
0.048252911656975615,0.09877964427719886,231.0,-0.050058039490509174
0.10864629777625502,0.011890567104536481,232.0,-0.10852132169824581
0.06894711558214307,-0.08410153371359072,233.0,-0.06704401530382792
-0.03272597472128773,-0.10163835369658102,234.0,0.03463966831479412
-0.10259656076943778,-0.026310294060361145,235.0,0.10277867354723805
-0.0776937688058973,0.07147545585360328,236.0,0.07601281785169396
0.01743767375963762,0.10226345913681448,237.0,-0.019414689943743554
0.0948125192548403,0.0393551814712894,238.0,-0.09528013360738115
0.08435091701053617,-0.058130992284237334,239.0,-0.08291336567183144
-0.0026850458915559875,-0.10077232214308854,240.0,0.00468148839587193
-0.08555348347331342,-0.0508399862148777,241.0,0.08628046272010331
-0.08890485009657402,0.04438137887119026,242.0,0.08772576087132812
-0.011263064403644068,0.09731850989610889,243.0,0.009288930623355812
0.0750936611168909,0.060621981924254345,244.0,-0.07605011568353817
0.09138543166831892,-0.030529850000326555,245.0,-0.09047373326783045
0.024169831247195572,-0.09208656350347982,246.0,-0.02225685705911591
-0.06371571291961081,-0.0686013857807553,247.0,0.06486882678519504
-0.09186295413150346,0.01686405382311358,248.0,0.09122161709206986
-0.035833399318816114,0.08528644101273912,249.0,0.03401692922617154
0.05170451162312335,0.07472088706412167,250.0,-0.05301938015664691
0.09044435469285839,-0.0036511097263118575,251.0,-0.09007067793796109
0.046088952673081475,-0.07714776710707402,252.0,-0.044400310170731316
-0.03934121940394309,-0.07896433935812776,253.0,0.04078168088754851
-0.08726890643900696,-0.008866628852674807,254.0,0.08715490250285274
-0.05480990976873628,0.0679140176919342,255.0,0.0532759944492717
0.026897785670140874,0.08135469171481552,256.0,-0.02842722996529566
0.0825035026987154,0.020475061165006747,257.0,-0.08263636803110128
0.06190827129179456,-0.0578367614379989,258.0,-0.06055126938874722
-0.014631952651130454,-0.08195124517267185,259.0,0.016214091891124244
-0.07633765428069841,-0.030991048233182036,260.0,0.07670031011312309
-0.06733416303578245,0.04717007207952775,261.0,0.06617137068336422
0.002782840785528017,0.0808463297144903,262.0,-0.0043824286319722044
0.06897831805423064,0.04026433446716875,263.0,-0.06955000671819009
0.07107463001233784,-0.03616521516706009,264.0,-0.07011838625348883
0.008432830073070512,-0.07816150299964586,265.0,-0.00684934224199428
-0.06064467187094848,-0.04817868859034003,266.0,0.06140159321041765
-0.07315174992247833,0.025065701352469452,267.0,0.07240947443486921
-0.01882384380636482,0.0740433760313314,268.0,0.017287723450265455
0.051562945220616475,0.05465228613495441,269.0,-0.05247891782191802
0.07362014399426609,-0.01410278546790468,270.0,-0.07309447267011515
0.02822689177196639,-0.06865917238167024,271.0,-0.026766622113078425
-0.041961407509495716,-0.05963736989565222,272.0,0.04300853985381506
-0.07256397090618148,0.0034914769772324133,273.0,0.07225298082960618
-0.03650826897752244,0.06219212680833788,274.0,0.03514913184926277
0.032065606710732365,0.06311923729475569,275.0,-0.03321496402127654
0.07009349503668329,0.006572886840100212,276.0,-0.06999100907617437
0.04356486939689314,-0.05483682619824917,277.0,-0.042328617495292035
-0.022093940642828925,-0.06511461445232058,278.0,0.02331619411701437
-0.06634132362439289,-0.01591746804916576,279.0,0.06643728380989704
-0.04932450100035588,0.04679459095361452,280.0,0.048229120997282035
0.012253631576939417,0.06566948574479078,281.0,-0.01351967782327039
0.06145840864884017,0.02439413298593887,282.0,-0.06173930673356816
0.05374555370857383,-0.038268988398691174,283.0,-0.052805119754061394
-0.002737162553599611,-0.06485645470418828,284.0,0.004018702370139696
-0.05560990844733899,-0.0318810263420782,285.0,0.056059261567786844
-0.05681606470624182,0.029461561767109394,286.0,0.05604068003581177
-0.006280779000573762,0.0627717172250599,287.0,0.005010711907245981
0.04897100140294558,0.0382835191317862,288.0,-0.04956986053632293
0.05855223522013402,-0.020567849079826603,289.0,-0.05794805792229879
0.014645817738261726,-0.059531731215692926,290.0,-0.013412385933848463
-0.04172273963607298,-0.04353454772298482,291.0,0.04245021860423404
-0.05899646087166065,0.011773755999924945,292.0,0.05856580839194508
-0.022225847201244764,0.05526966810362245,293.0,0.021052002807925227
0.03404802469797681,0.0475943724994945,294.0,-0.034881837762719484
0.058214943989901485,-0.003252335819119677,295.0,-0.057956469660372045
0.02891241976871032,-0.05013173106918284,296.0,-0.027818566389271465
-0.026127780007778222,-0.05044979486041481,297.0,0.027044776623477013
-0.05629496079073827,-0.004838981644506683,298.0,0.05620389459981089
-0.03462157448673581,0.04427342264816007,299.0,0.03362530064936621
0.018137386420743428,0.05211288002550777,300.0,-0.01911407243339134
0.0533418591013755,0.012360682021401274,301.0,-0.05341030406658278
0.03929411867772812,-0.03785584056133665,302.0,-0.03841000405745056
-0.010243438097864575,-0.05261924040180296,303.0,0.01125647358078942
-0.049475863382470335,-0.019192960525974204,304.0,0.04969313826020311
-0.04289538941179401,0.03104207546314422,305.0,0.04213488352976143
0.0026008660030558467,0.05202594001533195,306.0,-0.0036275309636105493
0.04482876324961186,0.02523701075522619,307.0,-0.045181781913617436
0.045414529981778445,-0.023993777936796266,308.0,-0.044785901630421364
0.004649533878465238,-0.05040908469513146,309.0,-0.003630913520379052
-0.039540559627619334,-0.030415811367547757,310.0,0.0400142372648158
-0.04686332434101258,0.016867954700114894,311.0,0.04637167864436145
-0.011383140898596357,0.04786116532110985,312.0,0.01039281341127362
0.03375613921560225,0.034674423883195096,313.0,-0.03433381551582373
0.5481715207114005,-0.4711650427455516,0.0,-0.24536171096175285
-0.07289993594378896,-0.6898848909454806,1.0,0.08638608440510731
-0.6153152432909559,-0.3027051753722859,2.0,0.6192911968854048
-0.586891341523462,0.3523491730318473,3.0,0.5779262514923311
-0.02480482888540968,0.673702179825665,4.0,0.011315534329022214
0.5487305417157421,0.3754458394479687,5.0,-0.5543756505358562
0.6114200713135253,-0.2586590657785576,6.0,-0.6042377862936377
0.11631522936649945,-0.6447600892534194,7.0,-0.10309731784778509
-0.47486332326862857,-0.4363145815691133,8.0,0.4819655727879471
-0.6220852684055825,0.165164425158294,9.0,0.6167280395721344
-0.20013085429099647,0.6043902932658096,10.0,0.18743734820933888
0.3956400037410148,0.4847648172570515,11.0,-0.40397009080052476
0.6194773728034878,-0.07375536655689685,12.0,-0.6159478727346737
0.2749951663105669,-0.5540793324609841,13.0,-0.2630536878050499
-0.3129837458423444,-0.5205343608134377,14.0,0.32230074904087663
-0.6044223887566558,-0.013830483057814535,15.0,0.6026859619567478
-0.33990685534577025,0.49542936193794795,16.0,0.3289164761011418
0.22877553526960132,0.5436341955699523,17.0,-0.23883249142854057
0.5779513672523867,0.09603444484231949,18.0,-0.5779389087946176
0.39412533999934496,-0.43011883372506526,19.0,-0.3842541951658715
-0.14481838132815625,-0.5543323423828652,20.0,0.15536766008578506
-0.5412674954591141,-0.17149806743485818,21.0,0.5428788626236819
-0.43717064587969395,0.3598639171551177,22.0,0.42855431613548267
0.062805188233751,0.5531334399119587,23.0,-0.07360356721768435
0.4957116018173844,0.2390790948634658,24.0,-0.4988194582993267
0.46881799077251557,-0.286381398846387,25.0,-0.461558640702317
0.015709263233242392,-0.5407547017070532,26.0,-0.004895908439634944
-0.44272687060316623,-0.2978621075632365,27.0,0.4471808599151139
-0.4890874950367702,0.21135373066641067,28.0,0.4832537413056062
-0.08933189325106121,0.5180989500867684,29.0,0.0787243572983598
0.38382352963715327,0.34716393029930126,30.0,-0.3894546736581675
0.49822951038026897,-0.1363968114455094,31.0,-0.49385697988300903
0.15685023874992018,-0.4862254454816318,32.0,-0.1466522722559438
-0.32054423088694933,-0.3865340017605626,33.0,0.32716945098671374
-0.4967061205646793,0.06303099849625016,34.0,0.49379864701936144
-0.2172465942431654,0.4463192328984226,35.0,0.20764175247032945
0.25443078770219746,0.41574999171687177,36.0,-0.2618574493532483
0.48516941320894513,0.007344249581555107,37.0,-0.4837008106767822
0.2697073681714751,-0.3996597152945928,38.0,-0.2608564539565078
-0.18699286617817043,-0.43480903163843954,39.0,0.1950232532577184
-0.46443715263683055,-0.0734717945638716,40.0,0.46435349630183104
-0.31362774309719776,0.3475891380403995,41.0,0.3056668614341293
0.11967915360481361,0.44391499258163275,42.0,-0.12811478548396815
0.4354664998867792,0.1342540982463955,43.0,-0.43668883816775234
0.34861181845198896,-0.29148163061115034,44.0,-0.34165104667253643
-0.05385144612447671,-0.44346229927350933,45.0,0.06249715889857815
-0.39932642809219954,-0.18876624984748458,46.0,0.4017538458091305
-0.37446849601018956,0.23271340269030993,47.0,0.3685911607582956
-0.009237987396727104,0.43401681130085734,48.0,0.0005702648068306448
0.35716947022520473,0.23626472384940145,49.0,-0.36068242007722406
0.39120343969375126,-0.1726346336093354,50.0,-0.386465980063658
0.06846549570103841,-0.4162943310418901,51.0,-0.05995332960439942
-0.3102034126796816,-0.27619193880051296,52.0,0.31466723165444743
-0.3990075018436722,0.11254352822538227,53.0,0.3954398873276131
-0.12285140790569875,0.39113731365473164,54.0,0.11465886023877381
0.2596635135450002,0.3081767688940652,55.0,-0.264932041971693
0.3982420571219947,-0.05366294072656791,56.0,-0.3958487195589487
0.17157157333198403,-0.35949035750051733,57.0,-0.16384665139298704
-0.2067857800408684,-0.332031233611197,58.0,0.2127050037058395
-0.3894217224097285,-0.002880107753679695,59.0,0.3881829530475196
-0.21396506632952877,0.322375044499497,60.0,0.20683764754828637
0.15278178691737246,0.3477436553264055,61.0,-0.15919342682555543
0.3731949663719972,0.05607176966374805,62.0,-0.3730687225435376
0.24953812272818815,-0.2808646799756474,63.0,-0.24311836901412032
-0.09881545822598826,-0.3554686297265579,64.0,0.10556043804841236
-0.3503231259502059,-0.10502539999756366,65.0,0.3512471867652038
-0.27796444731058906,0.23605945158504366,66.0,0.2723417127165964
0.04598217033715381,0.3555141986323528,67.0,-0.052903898146297035
0.3216583493181709,0.14899218122359947,68.0,-0.32355275620279816
0.29908209738732616,-0.18906248814146487,69.0,-0.2943243225787112
0.004709533970613061,-0.34832664902197147,70.0,0.0022378743920589694
-0.2881209764172895,-0.18736832632440026,71.0,0.2908906922775528
-0.31288720524898256,0.140957252850214,72.0,0.3090407827408548
-0.05235340050727068,0.33447338565387713,73.0,0.04552310383381247
0.2506768498593748,0.21969891272617795,74.0,-0.25421457005507936
0.3195248512576233,-0.0927866530173227,75.0,-0.31661493674886587
0.09615793828872868,-0.31462433781128096,76.0,-0.08957684815155909
-0.21031502170414568,-0.2456784653456999,77.0,0.21450407082194006
-0.31927743913501544,0.04553419114260382,78.0,0.3173086766260548
-0.13545583362951086,0.28953236368468394,79.0,0.12924328389597395
0.16802628645805584,0.26514846621270405,80.0,-0.17274353697291925
0.3125509553323264,-0.00010742186534268283,81.0,-0.31150857718360997
0.16971029047754577,-0.26001310930258187,82.0,-0.16397117015911122
-0.12478292877601495,-0.2780920203000298,83.0,0.12990168096636667
-0.2998595151603511,-0.042676083066331416,84.0,0.29971077288328135
-0.19851834704272261,0.22692476340426718,85.0,0.19334180826034997
0.08152002701936478,0.2846259516573112,86.0,-0.08691279382095629
0.2818086097531424,0.08210012241317316,87.0,-0.2825044871735184
0.22161127735237754,-0.19114812606158674,88.0,-0.21706983860154502
-0.039118602313252274,-0.28499064024506676,89.0,0.044659748007958855
-0.259077470246652,-0.1175585282210212,90.0,0.2605546277540728
-0.2388522393275634,0.15356737814355634,91.0,0.2350012792602628
-0.0016091516547966577,0.27953793773945884,92.0,-0.0039590359326902025
0.23240095925997412,0.14856108625397227,93.0,-0.2345838561440869
0.2502313775637436,-0.11505190192107481,94.0,-0.2471090068420509
0.03993237887107128,-0.26871751994872173,95.0,-0.03445197025392477
-0.20255138549885324,-0.17473675337618302,96.0,0.20535452683663705
-0.2558586286422537,0.07643946133200588,97.0,0.2534859204510015
-0.07521168844286902,0.25306204445100133,98.0,0.0699254077594863
0.170320615813927,0.19583426386024602,99.0,-0.17365087095757945
0.25595450909269135,-0.03852100480648407,100.0,-0.2543360627375453
0.10690683204710723,-0.2331714848971402,101.0,-0.10191088679630741
-0.13650283119713605,-0.2117202643483914,102.0,0.14026177253973232
-0.25083919084230866,0.00202730524280062,103.0,0.24996399757288507
-0.13458191791280494,0.20969700853479162,104.0,0.1299610080489104
0.1018782399255903,0.2223751593175939,105.0,-0.10596445319755357
0.24092018606547203,0.03238239813663113,106.0,-0.24076276191429144
0.15790819875628134,-0.18332475145479407,107.0,-0.15373446420469422
-0.06719802335583631,-0.22788688487370076,108.0,0.07150934412252646
-0.22667897288152272,-0.06412964162713947,109.0,0.22720071992907576
-0.1766645182499673,0.15475982749574305,110.0,0.17299680316076524
0.03317074875774926,0.22844285814814375,111.0,-0.03760638393117188
0.20865689558843464,0.0927237978643558,112.0,-0.2098076506667658
0.19073554330087614,-0.12471088242686085,113.0,-0.18761897355977705
-0.00045044009066864027,-0.22432037227543153,114.0,0.004912938002723105
-0.18744066844173532,-0.11776693903683161,115.0,0.1891603968629564
-0.20010794703513113,0.09387547579285144,116.0,0.1975738113802855
-0.030373547212043075,0.21587572282107603,117.0,0.025976509421541533
0.16364780089124586,0.1389565315591594,118.0,-0.16586839230839437
0.20486473946083186,-0.0629265395259461,119.0,-0.20293065894385556
0.05878474658025259,-0.20353236068205927,120.0,-0.05453878397565601
-0.137912245271837,-0.15608603368731078,121.0,0.14055936920014667
-0.2051779689832701,0.032500126024544856,122.0,0.2038483345354538
-0.0843458395119434,0.18776836910003333,123.0,0.08032850875003716
0.11087054589141332,0.16904350604483287,124.0,-0.11386552567807587
0.20130003808364388,-0.003184619785935733,125.0,-0.20056669167528857
0.10670294055316357,-0.16910355884140102,126.0,-0.10298263181735573
-0.08314874201754195,-0.17780837903825625,127.0,0.08641040807208997
-0.19355389048822252,-0.02448845322330348,128.0,0.19339702184155155
-0.12558793587487116,0.14808646623931415,129.0,0.12222301576612526
0.0553502472267985,0.18244655024054535,130.0,-0.05879673302950153
0.18232233512107512,0.05005192458480509,131.0,-0.18271156318679307
0.14081894123423697,-0.12528152418855298,132.0,-0.1378571494361651
-0.02804489476822412,-0.18310400870730403,133.0,0.031595342461913506
-0.16803677424013136,-0.07310873683025243,134.0,0.16893238068256614
-0.1522989795249156,0.10125665693875852,135.0,0.14977707673567653
0.0017593038334600285,0.17999920167966046,136.0,-0.005335449973773165
0.15116559970194735,0.09333593587128652,137.0,-0.15251988045337658
0.160013008495377,-0.07657152630299965,138.0,-0.15795666815321893
0.023031314258789383,-0.17341437215733732,139.0,-0.01950369806462099
-0.13220251267917452,-0.110486923810275,140.0,0.13396121320037624
-0.16402345516444566,0.05176663039602958,141.0,0.16244738697130118
-0.04590982717182893,0.1636861034514813,142.0,0.04249965958643201
0.111655008842662,0.12439202762184014,143.0,-0.1137588090246322
0.16446443471852557,-0.027353426964626254,144.0,-0.16337272395210925
0.06652228295182676,-0.1511953092037791,145.0,-0.06329208045227658
-0.09003325356115599,-0.134957470215189,146.0,0.09241926917523222
-0.16153484807663407,0.00380562251477895,147.0,0.1609214912221852
-0.08458142938051463,0.13635690474890508,148.0,0.0815864076294609
0.06783955066251426,0.14216285784176794,149.0,-0.07044281986140669
0.1554905638066354,0.018448263492739786,150.0,-0.15534017818200913
0.09986867183433223,-0.11960938844233375,151.0,-0.09715604786666922
-0.04555858437492409,-0.146057321351288,152.0,0.0483135098814963
-0.1466358967204608,-0.03903098240304062,153.0,0.14692457953024227
-0.1122345207653178,0.10140455009157459,154.0,0.1098430184905104
0.023648587881450207,0.14675446816877427,155.0,-0.02649030811305922
0.13531459741527466,0.057621243089047286,156.0,-0.136010908059564
0.12159760766036755,-0.08219750839932434,157.0,-0.11955716489480163
-0.0025335641405833977,-0.14442631691762223,158.0,0.005399229523543048
-0.12190056449602685,-0.07395698767301971,159.0,0.12296660297844014
-0.12794237285770685,0.062437260877987386,160.0,0.1262740441096286
-0.017403344093119357,0.13929639729351578,161.0,0.014573410055312153
0.10678848452444029,0.0878372717963858,162.0,-0.10818103843039363
0.13131554959089997,-0.04255790858704839,163.0,-0.13003159517682306
0.03582526713170776,-0.13163220413537624,164.0,-0.0330865389414263
-0.09038459426845591,-0.09912279246144157,165.0,0.09205632699186922
-0.13182158587028434,0.02297069486679293,166.0,0.13092573469803453
-0.05244576489204833,0.12173719677175054,167.0,0.04984863151951818
0.0730977460077579,0.10773513146887614,168.0,-0.07499839965968147
0.12961715916739203,-0.0040569725815434166,169.0,-0.12910502972763588
0.06703171573637903,-0.10994253284180404,170.0,-0.06462075196395807
-0.05533093996100241,-0.11365480463634121,171.0,0.057408527639657425
-0.12490494829400549,-0.013837811167326311,172.0,0.12476461008575815
-0.07940495268682336,0.0965987201713512,173.0,0.07721835113762336
0.037473468845565745,0.11691822601872967,174.0,-0.03967543263771384
0.11792683240127254,0.030409049772262275,175.0,-0.1181394881939576
0.08944268668365311,-0.08206736126063881,176.0,-0.08751185272612913
-0.019893798686361715,-0.11761371205732662,177.0,0.02216811184578317
-0.10895668877990518,-0.04539679385804782,178.0,0.10949745679948032
-0.09707677891616444,0.06671315289198079,179.0,0.09542608719865127
0.002933287788348976,0.11587666283625807,180.0,-0.005229481926226909
0.0982929593041538,0.05858843750991244,181.0,-0.09913173361630646
0.10229194405034453,-0.050896288712157026,182.0,-0.10093865220592829
0.01309917719431988,-0.11188406637119877,183.0,-0.010829076433263377
-0.08625115017669657,-0.0698202851943229,184.0,0.0873535172138111
-0.10512298315585066,0.0349653958389301,185.0,0.10407729527865464
-0.02793157240811668,0.10584847712590437,186.0,0.02573221488207919
0.07315642139926305,0.078978032687642,187.0,-0.07448461072237664
0.10565115911510907,-0.019251118048274757,188.0,-0.1049164289946673
0.04133212251189544,-0.09801162184080198,189.0,-0.03924411909402521
-0.0593364114594717,-0.08599621547500293,190.0,0.06085025942456357
-0.10399983816959213,0.004060438393764312,191.0,0.10357290001226029
-0.05311167064400222,0.08863778442182571,192.0,0.051171002489333456
0.045114429467790755,0.0908566959675397,193.0,-0.046772335444865004
0.10032952898253723,0.010328186336315825,194.0,-0.10020114146849088
0.06312504359654109,-0.07800711729451351,195.0,-0.06136259996930411
-0.03080313180467619,-0.09358627627982119,196.0,0.03256298793691263
-0.09483245519981576,-0.02366882764605567,197.0,0.09498784324446476
-0.07127144294642836,0.06640901954004665,198.0,0.0697126895208821
0.0166987836668491,0.0942535360426773,199.0,-0.018518860801339382
0.08772679905941846,0.03575119273717835,200.0,-0.08814627657132076
0.0774939109122693,-0.05413571259955667,201.0,-0.076158687696221
-0.0030761881597575437,-0.09296500469424353,202.0,0.004915962482459971
-0.0792507522799324,-0.04640282619258147,203.0,0.0799104085320354
-0.08177793568421794,0.041476132698973,204.0,0.08068038112548852
-0.009815652806233423,0.08986078485430378,205.0,0.007994745788688501
0.06965650644453145,0.05549041390527858,206.0,-0.07052893839537104
0.084149274704907,-0.02871024576628689,207.0,-0.08329787017546944
0.021757100183976644,-0.08510974776072595,208.0,-0.01999099541918195
-0.05920430862784712,-0.06292021501467976,209.0,0.06025938162269921
-0.08467108571465412,0.01610387586063383,210.0,0.08406881245879576
-0.03256063485897787,0.07890442340424625,211.0,0.030882060035428913
0.04815669936319656,0.0686376638462554,212.0,-0.04936231909059875
0.08344046422253111,-0.0039041223881245563,213.0,-0.08308506302668157
0.04207280090285527,-0.07145570706568963,214.0,-0.04051079760886811
-0.03677303952001547,-0.0726261982855241,215.0,0.03809591886891554
-0.08058449239146089,-0.007664574978770988,216.0,0.080468814712582
-0.050175342881820045,0.06298750060652325,217.0,0.04875489061766134
0.025304420579296355,0.07490538346416341,218.0,-0.026710826097571597
0.07625590814833245,0.018403681365871463,219.0,-0.07636834623379542
0.05678556102414119,-0.05373140129777281,220.0,-0.05552730572563492
-0.013989039494709898,-0.07552840995639955,221.0,0.015445503454172352
-0.07062850471735098,-0.028143095931061762,222.0,0.07095348736804732
-0.061855922571490925,0.04392154343783157,223.0,0.06077600907932596
0.003048105150377385,0.07457905379314082,224.0,-0.004522090740480822
0.06389236984006405,0.036742955514216004,225.0,-0.06441090991134504
0.06537298053502785,-0.033789688772930156,226.0,-0.06448298636315616
0.007317671287843166,-0.07216819146280663,227.0,-0.0058571624367722425
-0.05624907084296135,-0.04409471827535434,228.0,0.05693935033544574
-0.06735566218022358,0.0235606510823793,229.0,0.066662628032488
-0.016930964751484937,0.0684299666922143,230.0,0.015512851714187328
0.04790688663255108,0.05012154721210263,231.0,-0.04874486528358032
0.06785299875342611,-0.01344812852319792,232.0,-0.06735954953266886
0.02564008081490742,-0.06351770724647332,233.0,-0.024290736302366688
-0.03907618085699824,-0.054778026528265016,234.0,0.040036214487166634
-0.06694137516265887,0.003651004750242562,235.0,0.06664592374144541
-0.03332054825134172,0.05759968935022992,236.0,0.03206341052964107
0.02996500211428122,0.058049255473917594,237.0,-0.031020457585137218
0.06472138350445845,0.0056498332596403855,238.0,-0.06461840829372192
0.0398760651789861,-0.05085484474722804,239.0,-0.03873133226974416
-0.020774987467865727,-0.059949374339627715,240.0,0.021898841940117854
-0.061314367500087605,-0.014294126050678792,241.0,0.06139475387270493
-0.045238817198339096,0.04346850104877852,242.0,0.044223224787715947
0.011697634921162577,0.06051958565193774,243.0,-0.012863048140890274
0.056858746120577244,0.022144299799339018,244.0,-0.057110181027294205
0.04936919762288065,-0.035628240065604146,245.0,-0.04849588032070171
-0.0029109991748644723,-0.059825740212544734,246.0,0.00409184871929643
-0.051506204029935755,-0.02908694318896614,247.0,0.05191361268446822
-0.05225497031244438,0.02751995148569046,248.0,0.05153340423046906
-0.005423146781086007,0.05795556241774418,249.0,0.004251776028078788
0.04541783408137071,0.0350337068597243,250.0,-0.0459638473830435
0.05390992459588355,-0.019324150782410524,251.0,-0.05334594767658355
0.013161653641285073,-0.055015592296402266,252.0,-0.01202303307242518
-0.03876031311284344,-0.039921640767325295,253.0,0.03942575451064759
-0.05437207921771561,0.011212620852104269,254.0,0.05396798437229922
-0.020181822603333222,0.05112792295668329,255.0,0.019097202315927937
0.031702186879606326,0.0437129953230966,256.0,-0.03246656764370616
0.05370149809975255,-0.0033454268310139507,257.0,-0.053456193021340234
0.02638270987738167,-0.04642681170972784,258.0,-0.025371004199180106
-0.024410333325294038,-0.04639452158659723,259.0,0.02525234566303443
-0.05197778494700427,-0.004131656927902905,260.0,0.051887011465915844
-0.031685912772446756,0.0410552411499856,261.0,0.030763451605570515
0.017046665736095725,0.047976313916586716,262.0,-0.017944663849295828
0.049297326355326326,0.011089279390314871,263.0,-0.04935393140733485
0.036035851562701615,-0.03516150304742744,264.0,-0.035216198770936756
-0.009765128859749705,-0.04849024526348108,265.0,0.010697588862122603
-0.0457703541367419,-0.01741618716842048,266.0,0.0459646038279235
-0.03939957076456385,0.028895873200080364,267.0,0.03869340939195564
0.0027090320214275387,0.047988050649375794,268.0,-0.0036549825924837506
0.04151789713695368,0.02302043327277209,269.0,-0.04183782500803739
0.04176609185360709,-0.02240743957694684,270.0,-0.04118117461810754
0.003991246149369155,-0.046539118301608555,271.0,-0.003051829427117604
-0.03666869097459435,-0.027830122817480152,272.0,0.03710047138988811
-0.04314535670785244,0.01584113933344459,273.0,0.04268651897540635
-0.010220156340531117,0.04422805038915829,274.0,0.009305998867558188
0.03135611100253062,0.031793707478199075,275.0,-0.031884448606083436
0.043566807099974764,-0.00933505279718607,276.0,-0.04323603843568952
0.015878465012574783,-0.04115205638857757,277.0,-0.015006687983275362
-0.025715189516473422,-0.03487984899289869,278.0,0.026323715899923966
-0.04307765032366628,0.0030179944942672343,279.0,0.042874219754513596
-0.020884322458474606,0.03741824184057524,280.0,0.02007018807089877
0.019879772968841514,0.0370768795786126,281.0,-0.02055144206261312
0.04174086450603442,0.002992567088496538,282.0,-0.04166149381931197
0.025173915111339457,-0.033140853730589774,283.0,-0.02443062442335834
-0.013979868851335255,-0.03839189371176617,284.0,0.014697343071911131
-0.03963299933359652,-0.008592237841370184,285.0,0.0396720780890184
-0.028701713044762687,0.028438541042665536,286.0,0.02804025752220808
0.008139225160027222,0.0388495112114416,287.0,-0.00888524499944282
0.036841828835001394,0.013691059811663,288.0,-0.036991664288463594
0.0314403312063019,-0.023431685318305983,289.0,-0.03086939785423114
-0.002473178127336288,-0.038490355923910376,290.0,0.0032309086311144153
-0.03346391257383024,-0.018214500076523567,291.0,0.03371500739673631
-0.03338002970079488,0.018239851434695593,292.0,0.032905958588138814
-0.0029132036288153354,0.0373692975108211,293.0,0.002159855196087017
0.029602120185849932,0.022104068313302302,294.0,-0.02994347071304148
0.034527884306851664,-0.012979403447262935,295.0,-0.034154676296969784
0.007926658056250821,-0.035553505895692304,296.0,-0.0071927581391074275
-0.025363171741438793,-0.025317572130213097,297.0,0.025782579486561524
-0.03490666330071861,0.0077613243733132276,298.0,0.03463603490615319
-0.012486938875763827,0.03312036884739685,299.0,0.011786280972332884
0.02085524303582625,0.02782902605961911,300.0,-0.02133963236556879
0.034553450534071564,-0.0026892723814047476,301.0,-0.03438493203628998
0.01652768965418204,-0.03015532302293255,302.0,-0.015872587914400552
-0.016185680729785133,-0.029628236233933333,303.0,0.016721415877930055
-0.033518057546652935,-0.0021421008474939787,304.0,0.03344912986547201
-0.01999698448300779,0.0267496476218553,305.0,0.019398109412981472
0.011458867413126586,0.03072008807779163,306.0,-0.012032062424813632
0.031861269293939294,0.006648550653402564,307.0,-0.03188753456618774
0.022857543681701984,-0.022998267702430807,308.0,-0.022323800844866373
-0.006774271280657573,-0.031123568798400603,309.0,0.007371086995678587
-0.029652968857825843,-0.010757346711541757,310.0,0.02976834929311648
-0.025086639063698384,0.01899761127289951,311.0,0.024625090741488276
0.0022247093353542653,0.030870559999005166,312.0,-0.0028316321245333217
0.026970186327523397,0.014408081682474733,313.0,-0.027167145649909328
-0.6040001286193909,-1.0015095428597087,0.0,0.36143578213683414
-1.1899410889464954,-0.04153327352056202,1.0,1.186807211365704
-0.6811203590589319,0.9678299958804643,2.0,0.6595935256595808
0.43762367031481586,1.0762267496296778,3.0,-0.4575841758058796
1.1358624720593642,0.20282777157978105,4.0,-1.1361183564699844
0.7863416984970079,-0.8379033529710361,5.0,-0.7670502173690169
-0.2720358115049861,-1.0953142455316478,6.0,0.2929272739459132
-1.061831923321073,-0.3506040883867889,7.0,1.0652749611631156
-0.869442769051039,0.6985017302094204,8.0,0.8526488144788552
0.11055836152941585,1.0910136186504478,9.0,-0.1319016746447499
0.9705169896328351,0.482643979726865,10.0,-0.9768915508712395
0.9300216413458862,-0.5530120643432684,11.0,-0.9159213249577164
0.04376391508024184,-1.0647743535803469,12.0,-0.022429146348978968
-0.8647814027063745,-0.5971784300461669,13.0,0.8737871225772492
-0.9681578500973287,0.4047478711910618,14.0,0.9568810795267424
-0.1882090893333835,1.0184077125778037,15.0,0.16731627494776358
0.7476154114373459,0.6928974697341733,16.0,-0.7589159044287014
0.9843827382453239,-0.2568861309009013,17.0,-0.9759944304843284
0.32041462602425397,-0.9540288297321854,18.0,-0.300362947625904
-0.6220675982929428,-0.7689500845937114,19.0,0.6352993972543736
-0.9796423392131849,0.11241062559457449,20.0,0.9741448850878109
-0.4384045036213561,0.8739959971494482,21.0,0.4195527892588491
0.4911794800129927,0.8249347963258649,22.0,-0.5059610054795993
0.955253986740816,0.025937493958840818,23.0,-0.9525908435262385
0.5406068938838657,-0.7808485414738949,24.0,-0.5232686701610029
-0.3579240605728643,-0.8608816488821055,25.0,0.37386443612669795
-0.9128579000409407,-0.15570132824860028,26.0,0.91291817345352
-0.6258625913948231,0.6772446363105572,27.0,0.6103023451025397
0.2251493559590634,0.8772264675295919,28.0,-0.24185689930373122
0.8543650215561255,0.2747416440575001,29.0,-0.8569888863148024
0.693424560253775,-0.5659003190549705,30.0,-0.6798552150806159
-0.09552774981761848,-0.8747783641515577,31.0,0.11261798576256532
-0.7819023864263469,-0.38126188284469786,32.0,0.7868871863062765
-0.7429491244446708,0.4495308822698102,33.0,0.7315307133273252
-0.028488129581175022,0.8546815429712237,34.0,0.011385069354751809
0.6977572784874861,0.4738247434197057,35.0,-0.7048641422320229
0.7744794676841066,-0.3307956933104278,36.0,-0.7653189581664005
0.144702493457122,-0.8183725154125556,37.0,-0.12793519863510516
-0.6043213792256223,-0.5513604923234278,38.0,0.6132821877210037
-0.7884222261918672,0.2122473648148393,39.0,0.78157443520214
-0.251206093409925,0.7675338616161438,40.0,0.23509602458167245
0.5040360459986402,0.6131673146401875,41.0,-0.514560588555536
0.7855180526779798,-0.09628605645643828,42.0,-0.7809875686750319
0.3463983649919068,-0.7040456801173774,43.0,-0.3312348956462591
-0.3993397666958494,-0.65890416163519,44.0,0.41112292988117916
-0.7668071013063414,-0.014880461448792959,45.0,0.7645511160374043
-0.4290020037103846,0.6299358477363087,46.0,0.41503840355028465
0.2926187327594254,0.6885766776329597,47.0,-0.30534757367725096
0.7335904313826899,0.11927050579674803,48.0,-0.7335223706895994
0.4980701177133419,-0.5473301705845981,49.0,-0.4855205041658858
-0.18616135421659885,-0.7025168953911062,50.0,0.19952192110710476
-0.6873883524155329,-0.21515561796676352,51.0,0.6893821857116569
-0.5529862439869865,0.45840344636124297,52.0,0.5420235075230373
0.08211741223330246,0.7013574758193475,53.0,-0.0958011883909815
0.6298967358507759,0.30108097064984574,54.0,-0.6337918371009721
0.5934576433325465,-0.3653323801647079,55.0,-0.5842123320840364
0.017537590121700964,-0.6860013336709999,56.0,-0.0038277282341508956
-0.5629423004257603,-0.3758790211491453,57.0,0.5685487296483305
-0.619502401902735,0.2702512034822696,58.0,0.6120625323940088
-0.11103245658650117,0.6575875356609745,59.0,0.0975768599107174
0.48843784032309867,0.4386765267657569,60.0,-0.49554191370953377
0.6314309623053966,-0.17521074155834926,61.0,-0.6258427062168922
0.1968244224782437,-0.6174543816527485,62.0,-0.18388194433052896
-0.4083383100273204,-0.48889516615294254,63.0,0.41670832858654
-0.6298227842923612,0.08214156081406965,64.0,0.6260919662726574
-0.2736172286955168,0.5671005838163614,65.0,0.2614212121188819
0.32459860914214783,0.5262461263608028,66.0,-0.33399062012843456
0.6154988933404264,0.007178291776466228,67.0,-0.6135932221727788
0.34037312973050726,-0.5081454440628638,68.0,-0.3291281473561722
-0.23913382674477832,-0.5507191170713084,69.0,0.24929729878328089
-0.5894911149032394,-0.09115056864943516,70.0,0.5893430599408669
-0.3963189447271409,0.4422888980050732,71.0,0.3861983136248734
0.15378261059715098,0.5625663599881774,72.0,-0.16446591211317918
0.5530088130608627,0.16837885618429416,73.0,-0.5545190298532873
0.4409463754244079,-0.3712722458441245,74.0,-0.4320904523532848
-0.07027422423536707,-0.56228217162943,75.0,0.08122980521904744
-0.5074039553704972,-0.23768522113697704,76.0,0.5104451588270126
-0.47400691838928416,0.2968403288368815,77.0,0.4665221646743406
-0.009800252833419783,0.5505788113901392,78.0,-0.00118893616564697
0.4541353119055958,0.2981214441959232,79.0,-0.45855649216224176
0.49550178981847703,-0.22070583641561448,80.0,-0.48946058005211346
0.08501223737086715,-0.5283593035716163,81.0,-0.07421489618694155
-0.39473256702592946,-0.3489749274139822,82.0,0.4003634423145197
-0.5056673582642207,0.14451634580495532,83.0,0.5011084934047925
-0.15411523395567056,0.49668796234666335,84.0,0.14371816508156443
0.3307610788572987,0.38976946553936687,85.0,-0.3374166810122603
0.5049566431522616,-0.06982460535723517,86.0,-0.501886516564311
0.2160595822981798,-0.4567593528960745,87.0,-0.20625093177354198
-0.2637879654846628,-0.42026116466195806,88.0,0.2712732571036408
-0.494017484486423,-0.0019375229142512551,89.0,0.4924118391839208
-0.27000234249593547,0.40986641105664784,90.0,0.26094733230791256
0.19535013033745952,0.440429873780226,91.0,-0.2034645578485278
0.4736680215803575,0.0694811447410909,92.0,-0.4734742285036622
0.31531240032754976,-0.35736841886905873,93.0,-0.30715130311028516
-0.12692476413862389,-0.45046656486035513,94.0,0.13546665790439616
-0.4448701362412884,-0.131678221399745,95.0,0.44600991689028047
-0.3515709671166383,0.3006594957328043,96.0,0.34441770621693596
0.059902779126311305,0.4507571539949052,97.0,-0.06867352000593935
0.40870151906061486,0.18757514431940847,98.0,-0.41107403123404773
0.378567732198832,-0.2411382159690162,99.0,-0.3725090991613972
0.004434454918029058,-0.4418632999606814,100.0,0.004373426308875994
-0.36632700711251687,-0.236401971597556,101.0,0.3698122098489298
-0.39629299941584295,0.18017890511464268,102.0,0.39138846884538725
-0.06493479197350462,0.42450074671847,103.0,0.0562710683946277
0.31896981842569877,0.27757739120103236,104.0,-0.3234320314511069
0.4049262014370806,-0.11910510096315247,105.0,-0.40120831221548564
0.12059121677475468,-0.3995157933555402,106.0,-0.11223945898076959
-0.26788327427446823,-0.31070955876955697,107.0,0.27317484823679294
-0.40482123644394147,0.05916559303745156,108.0,0.4022964985678337
-0.17055387377939865,0.3678604790756429,109.0,0.1626657727473682
0.21432355599411107,0.3355930332269491,110.0,-0.22028857238800048
0.3964891104511792,-0.0015133776491690898,111.0,-0.395139388435259
0.2141381993009345,-0.3305670627549781,112.0,-0.20684718233945854
-0.159523990147761,-0.3522020997691853,113.0,0.16600191395005987
-0.3805783951941715,-0.05281221323315016,114.0,0.3803627121526891
-0.25082921834946076,0.2887223571819675,115.0,0.24424879904091978
0.1046712960300701,0.3606808264101376,116.0,-0.11150050951438395
0.35785402624201273,0.1029000306713429,117.0,-0.3587107274584085
0.28028214214083785,-0.24344244843398144,118.0,-0.27450477138249774
-0.05088416430936794,-0.3613302465377863,119.0,0.057905317086207886
-0.3291749691991663,-0.14797817494982546,120.0,0.3310241802456537
-0.3023194695543886,0.1958482921217336,121.0,0.29741588188249873
-0.0008055332778829222,0.3545930955310026,122.0,-0.006253584576118576
0.2954712741389091,0.18742158526549146,123.0,-0.2982175863998268
0.3169248550840954,-0.14704263176087112,124.0,-0.3129438947336957
0.04946867424288103,-0.3410365543046869,125.0,-0.042517370902401264
-0.2577210205632357,-0.22075620101166427,126.0,0.2612563363006005
-0.3242340563019032,0.09808863171140297,127.0,0.3212029586028607
-0.09429179823179204,0.32133346681333647,128.0,0.08758340671700393
0.21692762815894095,0.24765980967865156,129.0,-0.22113409796658406
0.3245233150200198,-0.04999055940063751,130.0,-0.3224484108879531
0.13458691558295452,-0.2962425023820527,131.0,-0.1282437253976862
-0.17409797350250927,-0.2679597570822832,132.0,0.17885096102610493
-0.3181955579064728,0.0036767903745227315,133.0,0.31706336246252337
-0.16979819284930406,0.26658772777318024,134.0,0.16392794442905867
0.1302217108425296,0.28162774921436823,135.0,-0.13539272288020487
0.30576482419157486,0.04001465344952243,136.0,-0.30554346500070867
0.19950556118681104,-0.23323803882655203,137.0,-0.19420010194107273
-0.08625214741450116,-0.2887720208050362,138.0,0.09171167182279172
-0.28783934042156073,-0.08034788572679835,139.0,0.288480276523491
-0.22342535341976869,0.1970868781721237,140.0,0.2187596952719066
0.04308897171793743,0.28962718322518377,141.0,-0.04870917077599346
0.2651036652757113,0.11669817426430085,142.0,-0.26654364511293505
0.24140812986259363,-0.1590326348573473,143.0,-0.2374399040754878
-0.0015630781206471796,-0.2845420933465377,144.0,0.007220290988221578
-0.2383003217417833,-0.1485581737401602,145.0,0.240463526250808
-0.25343390083084655,0.11996008481077597,146.0,0.2502031980719403
-0.03757632565232161,0.2739661053337132,147.0,0.031999311158555366
0.20821132006940324,0.1755414080377439,148.0,-0.2110116365670013
0.2596049946111754,-0.08072318899301878,149.0,-0.25713457107039855
0.07367219888149283,-0.25843407915094274,150.0,-0.06828413795919308
-0.17563995364908178,-0.19738309154101352,151.0,0.17898332665082048
-0.2601368530596224,0.042129520022073375,152.0,0.25843267711418366
-0.10616766339005505,0.2385505230847386,153.0,0.10106713488048369
0.141393222159122,0.21393842765406582,154.0,-0.1451800288360304
0.2553470627133873,-0.004926539169478328,155.0,-0.254399171189114
0.1346114963464582,-0.21497324322257738,156.0,-0.12988549045876568
-0.10626520293014464,-0.22517856606432732,157.0,0.1103926034594388
-0.24564294725746968,-0.030210104930575576,158.0,0.24542657584156344
-0.1586611543676634,0.18839686113884785,159.0,0.15438397833651404
0.07102165350129219,0.23118443731609667,160.0,-0.07538586997186514
0.23150805747141476,0.06268613561298347,161.0,-0.2319850063214613
0.17808341118446855,-0.1595365426812792,162.0,-0.17431591660418688
-0.03638608682297111,-0.23213871370174394,163.0,0.04088456850486491
-0.21348789763000475,-0.09199599587450341,164.0,0.21460809070837722
-0.1927527348754573,0.12911225648821995,165.0,0.18954186369439657
0.0030275165491789307,0.22831616908563376,166.0,-0.007560954108784407
0.19217522312051255,0.11772796378530154,167.0,-0.19387841825893523
0.20264756931063238,-0.09783385153910237,168.0,-0.20002620915743494
0.02844997560224978,-0.22007272696207428,169.0,-0.0239758191065656
-0.16819523326469868,-0.139567061580083,170.0,0.17041283940226262
-0.20784471748230404,0.0663872095351703,171.0,0.20583185125539546
-0.057515744350987635,0.20783349587999095,172.0,0.053188412267507895
0.14219096659740377,0.1572958277494521,173.0,-0.14484792498986002
0.20851205149281096,-0.03542169115018576,174.0,-0.2071131810342402
0.08371909653811153,-0.19208009454069835,175.0,-0.07961804796605645
-0.1148091838431569,-0.1707930608776783,176.0,0.11782587125973826
-0.20489979491155544,0.005539056120957148,177.0,0.2041076141858015
-0.10669380129607302,0.17333756571866546,178.0,0.10288926583202185
0.08668699730216498,0.18003067889160998,179.0,-0.08998111122249047
0.1973306379399788,0.022716003308145966,180.0,-0.19712592749700017
0.12616061976866091,-0.1521611690953873,181.0,-0.12271270665739353
-0.05843947511031649,-0.18506886734686714,182.0,0.06192786362621244
-0.1861889543946846,-0.048863617010136556,183.0,0.18654166603933325
-0.14192791826390086,0.12912332866573298,184.0,0.13888598325849655
0.03064841570619467,0.18604971506451187,185.0,-0.03424881813285638
0.17190939212025297,0.07249472165074988,186.0,-0.17277989065086
0.15389046398163908,-0.1048009911793582,187.0,-0.15129273177764496
-0.003852452662940542,-0.18318955464689515,188.0,0.00748512066137394
-0.15496510536911234,-0.09327525677154475,189.0,0.15630553298424124
-0.162026533647028,0.07976362878554535,190.0,0.15989996868883916
-0.021461386341100196,0.17677023907384157,191.0,0.017872213146911536
0.1358558893290731,0.11094859110007703,192.0,-0.13761161780828748
0.1663934921033927,-0.05456209236817708,193.0,-0.16475390592659087
0.044864579421239205,-0.16712959375327982,194.0,-0.04138936486755729
-0.11509646381757832,-0.1253362328041227,195.0,0.11720759983128506
-0.1671220198898393,0.02971849273207358,196.0,0.16597439904021546
-0.0659924186728766,0.15465128623150076,197.0,0.06269520540527831
0.09320513574266241,0.13633690918047342,198.0,-0.09560804558216562
0.16440918588045547,-0.005717255580459657,199.0,-0.1637482208954461
0.0845477113814109,-0.13975435350602028,200.0,-0.08148519229283516
-0.07069304885633154,-0.14392412945202723,201.0,0.0733218704416598
-0.1585105731324701,-0.01700253614874553,202.0,0.15832136611830672
-0.10030289256334142,0.12288261987458228,203.0,0.09752368578883022
0.04805420523820845,0.1481423685780723,204.0,-0.05084231739385145
0.1497316732250478,0.0380534318156521,205.0,-0.14999059923754285
0.1131005983903852,-0.10449422691518828,206.0,-0.11064472874575314
-0.025756416510889765,-0.14910202999763433,207.0,0.028637838117891584
-0.13841876671088052,-0.057104486237096186,208.0,0.13909446246465798
-0.12285277846552435,0.08505148200743148,209.0,0.1207513638563884
0.0042333146782286305,0.14697336086347393,210.0,-0.007144009326802009
0.12494950508082855,0.07388469984401853,211.0,-0.12600395746302331
0.12953845009621573,-0.06501121330545472,212.0,-0.12781358733916467
0.016122476637061713,-0.14197950452058056,213.0,-0.013243411523435333
-0.10972340316860511,-0.08818503932280418,214.0,0.11111310960713237
-0.13320021932233328,0.04481579783023382,215.0,0.13186506008608176
-0.03496493924924601,0.13438888177173341,216.0,0.03217421627413064
0.09315244057700559,0.09985908031109957,217.0,-0.09482961347955593
0.1339397112729961,-0.024885005953133588,218.0,-0.13299871552362388
0.051998983654616644,-0.12450709496857462,219.0,-0.049348216029468026
-0.07565195692536944,-0.1088223393220307,220.0,0.07756574512570912
-0.13191206630564736,0.005608780594757307,221.0,0.13136141776523563
-0.06698348472041651,0.11266854737152159,222.0,0.06451843351917563
0.05763200898039561,0.115050384817586,223.0,-0.059729710359975874
0.12731966826974936,0.012658956437360258,224.0,-0.12714783400290813
0.07973304305900686,-0.0992279648057439,225.0,-0.07749302732857302
-0.03948933855139067,-0.11857583694511585,226.0,0.041717579689508
-0.12040527716757563,-0.02960540482106172,227.0,0.1205936915219766
-0.09011851047472176,0.08455199773646442,228.0,0.08813598271644948
0.021600078939095237,0.11948438167585808,229.0,-0.023905939717265845
0.11144474056557196,0.044962852738641354,230.0,-0.11196859231455976
0.09806634077167035,-0.06901106987725322,231.0,-0.09636662679785198
-0.00431330526472907,-0.11790993780640927,232.0,0.0066453687599694194
-0.10073945652361226,-0.0585114958624796,233.0,0.10156855719203224
-0.10355684753138825,0.05297162475783136,234.0,0.10215804641367447
-0.012054489290835314,0.1140291244507564,235.0,0.009745178625132078
0.0886087558019334,0.0700811178309875,236.0,-0.08970846678756257
0.10662146794689606,-0.0367889047659891,237.0,-0.10553450476875205
0.027223932916029554,-0.10805518227945213,238.0,-0.024983016928780202
-0.07538236297766952,-0.07955166433879168,239.0,0.07671455918791446
-0.10733914624421319,0.020800378514599024,240.0,0.10656796768692138
-0.04095629526562998,0.10023150394723175,241.0,0.03882536681760161
0.06139308520184684,0.08685276359617959,242.0,-0.06291713348070917
0.10583196151667831,-0.005319912452844272,243.0,-0.10537386198201454
0.05305597599518791,-0.09082492804655745,244.0,-0.05107196883564091
-0.04696986403649497,-0.09196226426941723,245.0,0.048643595622530275
-0.10226013289538946,-0.009367238081592691,246.0,0.10210619693070552
-0.0633719711944792,0.08011894674656392,247.0,0.06156668012605532
0.03243131053977698,0.09490387785500705,248.0,-0.034211968122795366
0.09681653990195987,0.02300856421784292,249.0,-0.0969521851569004
0.07179834741812696,-0.06840697028693561,250.0,-0.07019808092206654
-0.018079826940756754,-0.0957440255907243,251.0,0.01992496853616972
-0.08972089766249725,-0.03538753208356962,252.0,0.0901265014799417
-0.07827377146553342,0.05598578200284407,253.0,0.07689913613697329
0.004196400297104033,0.09458800035558687,254.0,-0.006064744070083533
0.08121372554691114,0.046325891660418256,255.0,-0.0818653175742351
0.08278016046239013,-0.04314930589758667,256.0,-0.08164597396407888
0.00896386511061656,-0.09157556151022056,257.0,-0.007111668814408986
-0.07155024392960697,-0.05568507256335363,258.0,0.07242024681883404
-0.08534053092812127,0.030182795316612623,259.0,0.08445585774951098
-0.02117542880646259,0.08687608529245268,260.0,0.019376109688432203
0.06099432738545134,0.06336669152979066,261.0,-0.06205232771794002
0.08601613722245154,-0.017357536391168008,262.0,-0.08538443936452239
0.03224517951011024,-0.08068339528285985,263.0,-0.030532252881129568
-0.04981263401461877,-0.06931221302730983,264.0,0.05102616600990845
-0.0849029989528294,0.0049261439951427816,265.0,0.08452239178108233
-0.04201447411402648,0.07321039670891483,266.0,0.04041774645129288
0.03826902003751221,0.07350181920088186,267.0,-0.03960434536487589
0.08212792355264813,0.0068814886188822005,268.0,-0.08199152549070238
0.05036035690443243,-0.06468363513967508,269.0,-0.04890553563059466
-0.026619336643088982,-0.0759525581875327,270.0,0.028042204700889153
-0.07784413432218605,-0.017861542195422783,271.0,0.07794049780896002
-0.05719598196849072,0.055337894639678996,272.0,0.05590439132325039
0.015106692651858633,0.07671585048210548,273.0,-0.016583066989381764
0.07222661582546648,0.027838898330493078,274.0,-0.07254022603845996
0.06247027659954631,-0.045410942946594764,275.0,-0.06135867920369846
-0.003957252214848778,-0.075874441454478,276.0,0.0054539902969935605
-0.06546728776846782,-0.036669029630599995,277.0,0.06597911502361359
-0.06616689674691205,0.03513852198402112,278.0,0.06524741833068125
-0.006623378143006064,0.07353889425174948,279.0,0.005137902938865055
0.05777011550107354,0.04423915763599656,280.0,-0.05845820696926466
0.06830253698248799,-0.024749671305294985,281.0,-0.06758268980339296
0.016453133975279418,-0.06984372117824386,282.0,-0.015008477416289731
-0.0493462602763302,-0.05046869760052322,283.0,0.05018635669186446
-0.06892466694616509,0.014462460191638701,284.0,0.06840746567247578
-0.025375824765532295,0.06494325328749044,285.0,0.02399899125310745
0.04040936558598767,0.05530902261201769,286.0,-0.041375528948537216
0.06810877370556888,-0.004480191407623263,287.0,-0.06779293602273766
0.03326280375714542,-0.059007347435935296,288.0,-0.031977845690231085
-0.031171067514624617,-0.05874259148939399,289.0,0.032236306380021666
-0.06595519488850005,-0.0050118736451742335,290.0,0.06583541781578739
-0.04001398035352287,0.05221702757350628,291.0,0.038841680861462224
0.02183680737711583,0.06078149524411441,292.0,-0.02297368715843868
0.06258563082749195,0.01384923213626911,293.0,-0.06265293271563202
0.04555819278411845,-0.04476015274903846,294.0,-0.04451583342551999
-0.012602014198627979,-0.061465485527928736,295.0,0.013783240938064732
-0.05813942534554844,-0.0218902765876159,296.0,0.05838154277498616
-0.04985297071226523,0.03682719837876887,297.0,0.04895418391723874
0.003648713140131928,0.06085955533158436,298.0,-0.004847680425925198
0.05276970429790655,0.029017841571781777,299.0,-0.053171532608273925
0.05288372813988675,-0.028607229982821787,300.0,-0.05213843246215884
0.004857395957760815,-0.05905114721327062,301.0,-0.00366610590841171
-0.04663945868798117,-0.03514016323376931,302.0,0.04718352463810166
-0.05466243620074607,0.020284140067558798,303.0,0.05407685087266745
-0.012769357873452873,0.056147067526503364,304.0,0.011609526487386564
0.03991765524703863,0.04019126631625139,305.0,-0.04058461032228976
0.055225833124009034,-0.012033209363871977,306.0,-0.054802567001334415
0.01996085918504142,-0.05227018652774699,307.0,-0.018854243158657365
-0.03277545198142681,-0.044130804156588786,308.0,0.03354457511214999
-0.05463323472701806,0.004018043470018981,309.0,0.05437144348178579
-0.026327595153916895,0.04755600394651262,310.0,0.02529360187535544
0.025382589542913846,0.04694338676593492,311.0,-0.026232288461558277
0.052964013230987525,0.0036120746600349155,312.0,-0.05285961762126168
0.03178810939360051,-0.04214915770198224,313.0,-0.030843539048250497
-0.4451192458790895,-1.0248917171650795,0.0,0.2835413959440891
-1.1165272679979377,-0.1818208663648968,1.0,1.1164294649083533
-0.7583071196636358,0.8328853664386643,2.0,0.7392088023869342
0.28307866761447714,1.0693543818423248,3.0,-0.3034167731312287
1.0461676126189512,0.32774732650535543,4.0,-1.0492079330690163
0.8418587704876614,-0.6975111723970212,5.0,-0.8251763339129287
-0.12471733051090693,-1.0675496177852777,6.0,0.14554658348332028
-0.9586283776039629,-0.45850995036192,7.0,0.9645622373228419
-0.9034229879835048,0.5558345420730709,8.0,0.8893550303648801
-0.026958267302167924,1.0441380797763955,9.0,0.006090095419334363
0.8566904009380016,0.5723323545098408,10.0,-0.8652286101937662
0.9430281245839051,-0.4111039268726435,11.0,-0.9317085053153684
0.16925268740186986,-1.0008541933552464,12.0,-0.1487722809481129
-0.743265419505956,-0.6678861350409676,13.0,0.7540826622800506
-0.9611474864428546,0.26644071520940726,14.0,0.9526463737172394
-0.29981825632046816,0.9397355437543282,15.0,0.2801195650820243
0.6213292270899387,0.7442917964099555,16.0,-0.6340727812010832
0.9586637952248929,-0.12478314913055844,17.0,-0.9529899480366205
0.41668256038637475,-0.8630637807470776,18.0,-0.398120693738353
-0.49385742214961925,-0.8011104962688131,19.0,0.508155928945172
-0.9368273927664238,-0.011162768176564697,20.0,0.9339315589640299
-0.5182667073385745,0.7733040011331263,21.0,0.5011529739034276
0.363764901332994,0.8383273090192755,22.0,-0.3792370037023457
0.8972094030314226,0.13896478266847145,23.0,-0.8969886993161206
0.6033945210100966,-0.6730439303584701,24.0,-0.5879926480042108
-0.23385011116716212,-0.8563268423804278,25.0,0.2501127918662388
-0.8416510976202308,-0.25649791483562556,26.0,0.8439542252263817
-0.6712930100956525,0.5649341518950662,27.0,0.6578165505591593
0.10674491464598274,0.8558621482097001,28.0,-0.1234213827983377
0.7722107157260099,0.3619697833616514,29.0,-0.7768438570400027
0.7215846096273142,-0.4516305389808245,30.0,-0.7101955210877586
0.015129234655701965,-0.8380179503816312,31.0,0.0015977570372521788
-0.6911089683585321,-0.4539376896493824,32.0,0.6978422048954686
-0.7542718320717327,0.3357399312905923,33.0,0.7450801873335555
-0.12959828693013686,0.8041692685475114,34.0,0.11316390831642098
0.6006744117953501,0.5313175955577942,35.0,-0.6092485026432448
0.7697150822447762,-0.2197699723984775,36.0,-0.7627798522538867
0.23476540439195434,-0.7559365474094617,37.0,-0.21894084157752847
-0.5032898088732928,-0.5933852838626232,38.0,0.5134231707528802
-0.7686044853532682,0.10608388593397355,39.0,0.7639353157839842
-0.3290333956844017,0.6951384075966266,40.0,0.3141049764773801
0.4013405114995547,0.6397701330820279,41.0,-0.41273624673612286
0.7519266497747298,0.003139177410482752,42.0,-0.7494865373356809
0.4111197495841149,-0.6237431176041658,43.0,-0.3973389015481166
-0.2971657964747101,-0.6704420633811454,44.0,0.3095186231579289
-0.7209273355332431,-0.10593773997727096,45.0,0.7206360971663358
-0.4800643932314099,0.5438198482408807,46.0,0.4676445625709902
0.19301397237450585,0.6856923167353193,47.0,-0.20601692145751527
0.6770710261554405,0.20059521347938036,48.0,-0.6788094443967415
0.5352304407895694,-0.45749071364107524,49.0,-0.5243449631337938
-0.09100195091939914,-0.6861088213116964,50.0,0.10435270762003179
-0.6219984064692471,-0.2856605498084497,51.0,0.6256129272859623
-0.5762983255124414,0.3668845284265809,52.0,0.5670792364638124
-0.006920154920175334,0.6725469564990357,53.0,-0.006486626330510781
0.5574827331123572,0.3599622886644349,54.0,-0.5627905884986453
0.6032538198829986,-0.27409312156687793,55.0,-0.5957915747981851
0.09899897881175071,-0.6460965810141381,56.0,-0.08581210338599543
-0.48538604957266784,-0.4226161008449597,57.0,0.4921806759832023
-0.6163705434008238,0.1811309465381905,58.0,0.6107145991499643
-0.1837021034769825,0.6080462122901565,59.0,0.17099052286118577
0.40761614531506246,0.4730260525614727,60.0,-0.4156727705086624
0.6161876347903644,-0.08989861727016157,61.0,-0.6123478314668476
0.2597363599964162,-0.559845251564352,62.0,-0.24773092391079277
-0.3260850910296432,-0.5108799307277861,63.0,0.33516636588962617
-0.6034833243358422,0.002150882867915649,64.0,0.6014319922294233
-0.3260601956010897,0.5030651367428914,65.0,0.3149639485232786
0.24267010152735605,0.5361390701572961,66.0,-0.2525316596996835
0.579245182587986,0.08053056605322573,67.0,-0.5789198893337735
0.3818902038387108,-0.4393602755591586,68.0,-0.37187587472697625
-0.15917738670369827,-0.5490232097477996,69.0,0.16957322318339296
-0.5446378440788324,-0.15675918772524555,70.0,0.545944688828995
-0.4267020242604675,0.3704295663636284,71.0,0.41791027902251865
0.07730955175976907,0.5499909751391887,72.0,-0.08799712158079342
0.5009690095253339,0.22536042419619845,73.0,-0.5037863652909621
0.46022592122405664,-0.29797925491583305,74.0,-0.4527643690532726
0.001362996996137498,-0.5397166394820411,75.0,0.00938195263222863
-0.4496545182235595,-0.2853832445696325,76.0,0.45383712017448563
-0.4824374415957449,0.22368780479690903,77.0,0.47638037148345247
-0.07542629248296855,0.519063851704824,78.0,0.06484583588698911
0.39218325514074215,0.3361064699140867,79.0,-0.3975665315698776
0.49354362793808915,-0.14917337864482544,80.0,-0.48893243819847665
0.14364245386578642,-0.4890570431938518,81.0,-0.1334320968066105
-0.3300826160528092,-0.37704005509851285,82.0,0.33648715978830873
-0.4939653264085208,0.07596443953882953,83.0,0.49080959812142794
-0.2049646081707219,0.4508512296172948,84.0,0.19531045645966277
0.26488520060105347,0.40792159516877174,85.0,-0.2721212817479404
0.48431617661799636,-0.005473888739833677,86.0,-0.48259533165973134
0.25854705820577384,-0.40570091552466003,87.0,-0.24961306756446644
-0.1980973391577679,-0.4287084054202364,88.0,0.20596936498215784
-0.4653789039825252,-0.06102294016668952,89.0,0.46504437988037245
-0.3037507668253097,0.35492878639184683,90.0,0.295676698267516
0.13116998681014855,0.4395655940104032,91.0,-0.13948082113935667
0.4380795538254681,0.12240620774849664,92.0,-0.43905742110504364
0.3401443187538981,-0.2998948372324334,93.0,-0.33304430510883165
-0.0654724385718116,-0.4408506030667564,94.0,0.0740275010413538
-0.4034603111217682,-0.1777252887999825,95.0,0.4056542541471547
-0.367500603774403,0.24196654021591157,96.0,0.36146232091705255
0.0022692361077749925,0.43309473835336565,97.0,-0.010880310708113183
0.36265154104327024,0.226208251933675,98.0,-0.3659461205580125
0.3857895379060977,-0.18249059751735075,99.0,-0.38087396233474374
0.057299450214389924,-0.41698223851881877,100.0,-0.04881075782352973
-0.3168436643228507,-0.26726715284001,101.0,0.32110777893176595
-0.3951672013393106,0.12276676157450483,102.0,0.39140892488284407
-0.11223376734351467,0.3933274528999786,103.0,0.10403297360912139
0.2672594490569484,0.3004992773534468,104.0,-0.2723499136645796
0.39596182271172503,-0.06402413480037339,105.0,-0.39336988552274454
0.16168634315970168,-0.3630507021895663,106.0,-0.1539234703046527
-0.21512725822570306,-0.32568454490857185,107.0,0.22089241984149577
-0.3886570784335107,0.007400286376621212,108.0,0.3872162731434676
-0.20497064057092376,0.3271533896185523,109.0,0.19777806774850387
0.16165574136719565,0.3427793487964806,110.0,-0.1679390565634692
0.3738732030797999,0.04607655320249315,111.0,-0.37354579615265515
0.24156555403436994,-0.286692912489757,112.0,-0.23505635244654516
-0.10801040102676328,-0.35190716600255584,113.0,0.11465390452275459
-0.35234642250178244,-0.09550203694163734,114.0,0.35307423348223826
-0.27111637384250875,0.2427578959402231,115.0,0.26538313149995135
0.05529240139572158,0.3533463157288742,116.0,-0.06214000156581162
0.32490722562404245,0.14010687958354195,117.0,-0.3266140011505658
0.2934323100870312,-0.1964442338633665,118.0,-0.2885464415984934
-0.004519919555347323,-0.3475152816162094,119.0,0.011420463914235401
-0.2924579844670115,-0.17926463798613623,120.0,0.2950520016002922
-0.308480827007154,0.14883237726718207,121.0,0.30449235418828213
-0.0433877294642456,0.3349560380622591,122.0,0.0365776677474558
0.2559504155159994,0.21249613327589387,123.0,-0.25932724808262153
0.31637908869940085,-0.10096625933356362,124.0,-0.3133168690457892
0.08762303247954938,-0.3163158359785706,125.0,-0.08103668746707093
-0.21636335006784432,-0.2394706204073238,126.0,0.22040873226347027
-0.31738285838758695,0.05383419048790694,127.0,0.3152552306841098
-0.12750019056276868,0.2923279081436331,128.0,0.12125848740823231
0.17468124766943866,0.26000387075838793,129.0,-0.1792739710177317
0.3118732253133014,-0.008351997311501769,130.0,-0.3106690349559336
0.16246197876678478,-0.26379154948536915,131.0,-0.1566717911487442
-0.13187384636857818,-0.27405338652873873,132.0,0.1368886291752977
-0.30034155570557114,-0.03465138245277305,133.0,0.3000315167708865
-0.1920835914270446,0.2315520138226955,134.0,0.18683638623988655
0.08887729744848123,0.2817110113016347,135.0,-0.09418756999141908
0.28337307731918043,0.0744456988639991,136.0,-0.2839114240687045
0.216073570380864,-0.1964806466152319,137.0,-0.2114444447000828
-0.0465770818790817,-0.2831932386912889,138.0,0.05205763559789911
-0.2616295109748413,-0.11040849451121784,139.0,0.26295588835044625
-0.23427196710349923,0.1594556440388238,140.0,0.23031907416065783
0.005792952172031968,0.27882955023301337,141.0,-0.011322406899523518
0.2358311578401081,0.14203148673383917,142.0,-0.2378726985844168
0.24664593722378533,-0.12134379323512384,143.0,-0.24341029041546336
0.03273391205774156,-0.26904913446766376,144.0,-0.027270862409184415
-0.2067388384559147,-0.16892425607893558,145.0,0.20941237374318716
-0.25328300654489044,0.08298350796362375,146.0,0.2507886434477817
-0.06835140250921376,0.25436635160042076,147.0,0.0630619985748275
0.17513605946739003,0.19081532285171496,148.0,-0.1783504103116572
0.2543822811270784,-0.045169429239483444,149.0,-0.2526367632146477
0.10050455769557187,-0.23536531240669517,150.0,-0.09548626328626006
-0.14181175749236435,-0.20755074197042636,151.0,0.14547005562647694
-0.2502438999308082,0.00863881301285882,152.0,0.2492391182812339
-0.12874119238750636,0.21268393660253931,153.0,0.12408028162524745
0.10754393747364756,0.21909038922585922,154.0,-0.11154592677753566
0.24125704687813326,0.025940122331934157,155.0,-0.24097029966692204
0.15271510895472884,-0.1869978452138732,156.0,-0.1484855632626464
-0.07308448618846672,-0.22550214891745474,157.0,0.07732875899608943
-0.2278868500365851,-0.05797776579906502,158.0,0.2282821540717774
-0.17218696611269727,0.1590044242103139,159.0,0.16844968544769898
0.039145401342774375,0.22695424329371522,160.0,-0.0435315279380491
0.2106604991795456,0.08697052757989016,161.0,-0.2116900951764271
0.18702292382796556,-0.1294073735445675,162.0,-0.18382524989924154
-0.0063866338864564005,-0.2237059680126726,163.0,0.010817148095555729
-0.19015290958300596,-0.11250607160268988,164.0,0.19175891928066027
-0.19719122144865373,0.09890202757122782,165.0,0.19456676445187643
-0.024594303133544805,0.21609711487180291,166.0,0.020212094254680457
0.16697225005425909,0.13426638743938207,167.0,-0.16908844262964254
0.20275687901369172,-0.06816170047777612,168.0,-0.20072563372559443
0.053270850721762485,-0.20453637337592862,169.0,-0.04902325966335108
-0.14174563743069335,-0.1520287649190874,170.0,0.1442992629203453
-0.20387473880348253,0.03782527474326586,171.0,0.20244347082730021
-0.07919398107401555,0.1894890065006527,172.0,0.075159556014502
0.11510527880014369,0.16566477376334784,173.0,-0.11801892733681735
0.20078108531007827,-0.008486212662436043,174.0,-0.19994396388380858
0.10199681486127389,-0.17146409356895811,175.0,-0.09824519430954026
-0.08767531720977553,-0.1751373851735795,176.0,0.09086876475966871
-0.19378409684667858,-0.019316868453268105,177.0,0.19352354698453025
-0.1213972988842585,0.1510016249061973,178.0,0.11798831422646233
0.06005960742810074,0.18049640211692386,179.0,-0.06345161127625981
0.18325339103214197,0.04510795677712981,180.0,-0.18354113489577126
0.1371990025956624,-0.128659719374457,181.0,-0.1341820323634585
-0.032830616215131926,-0.1818723897427316,182.0,0.03634062660653914
-0.1696089295435379,-0.06847968125891349,183.0,0.17040718484360867
-0.1492901268389776,0.10500221760063141,184.0,0.14670370117465192
0.00651960736134218,0.17946931671885977,185.0,-0.01006936537006356
0.153309545105742,0.08909759942909254,186.0,-0.15457234701600292
0.15764084907655945,-0.08058688134896866,187.0,-0.1555124978654636
0.01839176370657163,-0.1735561322189719,188.0,-0.01487676794963283
-0.13484134605592465,-0.10670275227594506,189.0,0.13651595856234827
-0.16229915597518538,0.05595440374116564,190.0,0.16064548954654803
-0.04147835689064049,0.16445751185153207,191.0,0.03806758714127126
0.11470624144090326,0.12111253515198796,192.0,-0.1167346242120202
0.1633853361956328,-0.03161840661410564,193.0,-0.1622123434067175
0.06237690274473869,-0.15254400913659102,194.0,-0.05913365775143564
-0.09341081300523085,-0.13221996506389047,195.0,0.09573111071853671
-0.16108532341578458,0.008056570963185933,196.0,0.1603888683965452
-0.08078978759970944,0.13822184744901614,197.0,0.07777027275227846
0.0714557401907069,0.13999145263554227,198.0,-0.07400376271759074
0.15564309193440018,0.014296985124895717,199.0,-0.1554095878210656
0.09648728294960408,-0.1219225809774993,200.0,-0.09373988025579004
-0.04932596101725571,-0.1444632111388585,201.0,0.0520366248930626
-0.14735231468752422,-0.035057998680297076,202.0,0.1475595503359823
-0.10930826435691454,0.10409284260305532,203.0,0.10687300404621007
0.02748172609931859,0.145736454996687,204.0,-0.03029043021718733
0.13654749629092863,0.053896973672700604,205.0,-0.13716559024698072
0.11915949321915903,-0.08518438214328086,206.0,-0.11706772597519143
-0.006350675729411598,-0.14397155590665558,207.0,0.009194587111510388
-0.12359479201731788,-0.07054269293909933,208.0,0.12458724693144192
-0.12601355969677033,0.06564458065590154,209.0,0.12428782450275774
-0.01367895841333079,0.13938133614260584,210.0,0.010859729684084413
0.10888271772208913,0.08478434031444951,211.0,-0.11020754791372149
0.129905606607029,-0.045907605998145445,212.0,-0.1285596855007947
0.03226395415863312,-0.1322236856810504,213.0,-0.029525308285473922
-0.09281294601030668,-0.09647227074054777,214.0,0.09442385099011401
-0.13092897190460617,0.026386352176897415,215.0,0.1299681196435778
-0.049110458164273334,0.12279369268382447,216.0,0.046503401078026585
0.0757913708105891,0.10551749142653555,217.0,-0.07763892821737534
0.1292299013488036,-0.007465280783300193,218.0,-0.12865123512841167
0.06397708730268116,-0.11141547572732755,219.0,-0.06154697832045329
-0.05821960645419805,-0.1118899396754638,220.0,0.06025245901267684
-0.12500149303962693,-0.01050574243052542,221.0,0.12479452501881763
-0.07667678229513904,0.09843390126367514,222.0,0.07446274043452543
0.04048706884789911,0.11561566247930681,223.0,-0.04265308155554273
0.1184770417114652,0.02721654843307962,224.0,-0.11862433519771422
0.08707744855765993,-0.0842063614479336,225.0,-0.0851119203385195
-0.022963765895559807,-0.1167730192000558,226.0,0.025211131638989553
-0.10992295310386829,-0.04240066138904125,227.0,0.11040088185116863
-0.09510144185231917,0.06909477603934483,228.0,0.09340992997367431
0.0059939024937711504,0.1154880414581454,229.0,-0.008272176609097348
0.09963139755403061,0.055838173763931784,230.0,-0.10041098672598961
0.1007239764781978,-0.0534579679927779,231.0,-0.0993249255202077
0.010109617273639786,-0.11192909367897765,232.0,-0.007848570398039448
-0.08791286740912686,-0.06735750688729898,233.0,0.08896069434821165
-0.10397055112258836,0.037644546044062685,234.0,0.10287538345258869
-0.025069731176420484,0.10630098361855034,235.0,0.022870893583942647
0.07508879522730227,0.07683608607404656,236.0,-0.07636792822766428
0.10491350193266946,-0.021986409518725963,237.0,-0.10412679433807648
0.03864876647572225,-0.09883867467922133,238.0,-0.03655323544367456
-0.06148437935861975,-0.08419997978430623,239.0,0.0629553331358211
-0.10366780373816704,0.006792971227902525,240.0,0.10318759299932856
-0.050650979858254154,0.08980075108466062,241.0,0.04869535829148633
0.047421750742804886,0.08942257049035225,242.0,-0.04904343819587868
0.10038624860419244,0.007653825871599337,243.0,-0.10020445228276709
0.06092409669349507,-0.0794627832118656,244.0,-0.059140010424186956
-0.03321360002685375,-0.09252234067155735,245.0,0.03494426115294241
-0.09525413603456945,-0.021103643126842916,246.0,0.09535707321008326
-0.06935987658339658,0.06811073383120143,247.0,0.06777362100528532
0.019157367807522255,0.0935598704970122,248.0,-0.020955458205256725
0.08848361125579939,0.033340997096914585,249.0,-0.0888526067990409
0.07589375040672748,-0.056034536976000346,250.0,-0.07452606609911518
-0.005530083364029102,-0.0926341541644422,251.0,0.0073551066096211315
-0.08030778722410709,-0.044187612255901856,252.0,0.08091984245285525
-0.08050359031176942,0.04352196998187875,253.0,0.07936956470380112
-0.00741608091409371,0.08987834949260723,254.0,0.005602810677855438
0.07097478249746421,0.05350387994880593,255.0,-0.07180329470906778
0.08320768816649649,-0.030852926253898266,256.0,-0.08231677790184434
0.019457490668553193,-0.08545508021687155,257.0,-0.0176921673763044
-0.060741801130249934,-0.0611894459758245,258.0,0.06175731453033642
-0.08406202967646752,0.01829418190542033,259.0,0.08341819619528336
-0.03040193593304662,0.07955141257841686,260.0,0.028717670602000783
0.0498693725467807,0.06718296559929483,261.0,-0.05104034347396605
0.08315696062665046,-0.0060947339443766235,262.0,-0.08275890961342745
0.04009071029459701,-0.07237362734145154,263.0,-0.0385170371451847
-0.03861585922691295,-0.07146107944173724,264.0,0.03990941927655235
-0.08061334844926964,-0.005518228465352035,265.0,0.08045486222794283
-0.04839988757715853,0.06414190547832946,266.0,0.046962371662226526
0.02723232831060574,0.07403667647473061,267.0,-0.02861502996177552
0.0765783465738232,0.016342674598006507,268.0,-0.07664869727729323
0.05524081681476762,-0.05508504063328548,269.0,-0.05396076522175639
-0.015957870229921907,-0.07495652094306554,270.0,0.017396400827801653
-0.07122087083627754,-0.026204375963152227,271.0,0.07150530124355149
-0.06055987097083438,0.04543528434353836,272.0,0.059454147441863406
0.005015433545533073,0.07429832852878619,273.0,-0.00647728496091203
0.06472689671682076,0.034958830696951264,274.0,-0.06520715503732631
0.0643374979725236,-0.03542342112423949,275.0,-0.06341843868971127
0.005391769362345579,-0.07216738329454037,276.0,-0.003937686432212845
-0.057294683485298765,-0.04249247130398311,277.0,0.05794959807233116
-0.06658663399032388,0.025274160194699927,278.0,0.06586206034592815
-0.015083245891409688,0.06869279095395286,279.0,0.013666052253112418
0.049130026642484656,0.04872317292100418,280.0,-0.04993610662268791
0.06735054837360087,-0.015201919129300481,281.0,-0.06682387081911914
0.023903570987599383,-0.06402346584830466,282.0,-0.022549941328348054
-0.04044163356540695,-0.053600092500103724,283.0,0.04137368165857247
-0.06670019716967943,0.005407062361255793,284.0,0.06637060272738154
-0.03172408836690147,0.05832394875487031,285.0,0.030457851193538173
0.03143670923224248,0.057102881145838134,286.0,-0.03246843358760694
0.06473116766858109,0.003927355447559469,287.0,-0.06459388241905861
0.038443968241215876,-0.05177015043607996,288.0,-0.03728578700363586
-0.022316829570466833,-0.05924032213083156,289.0,0.023421442235087436
-0.06156029993224281,-0.01263830433847108,290.0,0.06160691677395033
-0.04399063751045225,0.044545111821456505,291.0,0.04295777466637077
0.013274169606377699,0.06004845573590543,292.0,-0.01442496023055552
0.05732207283065518,0.020584928619188925,293.0,-0.05754093404391883
0.04831961021629002,-0.03683486608389554,294.0,-0.04742577420464109
-0.004488142466064854,-0.0595882589363956,295.0,0.00565901701974441
-0.05216484179995636,-0.027650120264851828,296.0,0.05254146544363788
-0.05141375663193742,0.02882448083339966,297.0,0.050669030039756854
-0.0038775063421056214,0.05794295304947088,298.0,0.002711530758645747
0.04624701347416895,0.033741517710205414,299.0,-0.04676455238996364
0.053282058544436316,-0.020694350433166746,300.0,-0.05269290420027651
0.011677116780462857,-0.05521501576552502,301.0,-0.010539468540405987
-0.03973323866729062,-0.03879194318187094,302.0,0.040372960857220155
-0.05395790596644896,0.012616799279093552,303.0,0.05352724629713574
-0.0187850235070379,0.05152297554798185,304.0,0.017697190498911046
0.03279070006443455,0.042759302373232486,305.0,-0.03353247942802645
0.053496996624189545,-0.004753047016292887,306.0,-0.05322436039538228
0.025096947262855284,-0.04699806627148622,307.0,-0.024078152873259415
-0.02558556460767767,-0.04562597981316989,308.0,0.0264083714537312
-0.05197490407429149,-0.0027494236634461808,309.0,0.0518566336059092
-0.030530870279985998,0.041780818275655905,310.0,0.029597814301574148
0.0182796631370994,0.047397771593857274,311.0,-0.019162044507220928
0.049484383206944794,0.009759066553802521,312.0,-0.04951389432738525
0.03502740795452986,-0.036017658868207625,313.0,-0.0341940739082525
1.0479709181060592,0.21051232573865208,0.0,-0.5356351075272198
0.7889153990543305,-0.7330425048364603,1.0,-0.771702093075331
-0.18313093274881384,-1.0422283690027623,2.0,0.20326187671204754
-0.9692321551279656,-0.39659007672526947,3.0,0.9738985116038912
-0.8575114129784317,0.5972649726105783,4.0,0.8427717899206488
0.03255797572884893,1.0277721995937357,5.0,-0.05290238146424486
0.875366490770284,0.5142118615550745,6.0,-0.8826859383401858
0.904672597872518,-0.45724730469955954,7.0,-0.8925623768166308
0.10990846057833209,-0.9932550117596592,8.0,-0.08977678961427593
-0.7691638915651855,-0.6145258214298399,9.0,0.7788330629565937
-0.9306880545667865,0.31608411341509657,10.0,0.921300409316323
-0.2418429739861882,0.9405470804837225,11.0,0.22232108797278327
0.6535027582140396,0.6964996954906533,12.0,-0.6651881640937729
0.9362601108020857,-0.17671309258672274,13.0,-0.9296274172636235
0.36117560548782396,-0.871779728624055,14.0,-0.34262503036596337
-0.5312862345310593,-0.7595343386143943,15.0,0.5446328001991152
-0.9224659727928303,0.041864408825126875,16.0,0.9185626911071557
-0.46621323878202126,0.7892867777226261,17.0,0.44895469229380536
0.405381722238739,0.8034506841590141,18.0,-0.42002126618866154
0.8907139857326849,0.08598273929272926,19.0,-0.8894605524572943
0.5556520893428807,-0.6955452900256964,20.0,-0.5399613347430221
-0.27856464507172723,-0.8284689223632148,21.0,0.2941241303643133
-0.8426957067696993,-0.2046359280424287,22.0,0.8439632991324
-0.6285815479343868,0.5931168481841209,23.0,0.6146864034489746
0.15346735845709966,0.8351807711961629,24.0,-0.1695767623228417
0.7803350090557994,0.3122173977034376,25.0,-0.7839510335986183
0.6844798038782666,-0.4845905355774649,26.0,-0.6725583014285247
-0.0325339441932714,-0.824515805878428,27.0,0.04883360804018577
-0.7057354248916877,-0.4071839179212078,28.0,0.7114895766909995
-0.7232018157991735,0.3725286778946929,29.0,0.7133814795081106
-0.08201853319999962,0.7977028778620434,30.0,0.06587119259365726
0.6211269014518991,0.48833869252626894,31.0,-0.6287776374549331
0.7449603201470505,-0.2594162886780982,32.0,-0.7373185140930357
0.1882318967888734,-0.7562276938999198,33.0,-0.1725564141947422
-0.528813086183274,-0.5548355252757531,34.0,0.5380943568892638
-0.7503006691944832,0.14761503130793996,35.0,0.7448659450703113
-0.2844316062823053,0.7017876415825376,36.0,0.2695193115440786
0.43112018314318146,0.6061756124827178,37.0,-0.4417482706750936
0.7400703695985208,-0.0393223707337631,38.0,-0.736824728637925
0.3692442972004625,-0.6362449404555764,39.0,-0.3553540326817184
-0.3303483289553273,-0.6421974571419627,40.0,0.34202864625442475
-0.7153842496681986,-0.06346355650075242,41.0,0.7142662195934376
-0.44160817331342084,0.5615791690438354,42.0,0.42896292147252824
0.22872633057013256,0.6630605102520218,43.0,-0.24116004569272598
0.6775862183319374,0.15897297247178532,44.0,-0.6784946352798169
0.5007764571813454,-0.4798401696336438,45.0,-0.48956089386124724
-0.12837048959909392,-0.6692232373362115,46.0,0.1412608505783025
-0.6282085920367156,-0.24568715313271983,47.0,0.6310069694923844
-0.5463142328836633,0.3931022666392553,48.0,0.536673202170263
0.031248112672183383,0.6614163808986023,49.0,-0.04430636174457825
0.5689299584230949,0.32235469595693733,50.0,-0.5734513201202182
0.5780891299588286,-0.3034206531655781,51.0,-0.5701270179556961
0.060853822946302684,-0.6406122423712182,52.0,-0.04790304211651386
-0.5015325189582571,-0.3880014034288648,53.0,0.5075845704353701
-0.5962563966851828,0.21279070651308574,54.0,0.5900373645930742
-0.14635451142219363,0.6079908401039039,55.0,0.1337683339722301
0.4278598084377294,0.4419339531565375,56.0,-0.4352303223486814
0.6012389930225859,-0.1231108895001265,57.0,-0.596788014742239
0.22389946236675753,-0.5649038136031798,58.0,-0.21191263372830782
-0.34977562931149137,-0.4837376418018144,59.0,0.3582379225168644
-0.5937033981178571,0.036149783295213456,60.0,0.5910080344202903
-0.29237486894155024,0.512836939385049,61.0,0.2811962744516605
0.269124965284219,0.5132685938262682,62.0,-0.2784433509835249
0.5745318739665516,0.04648231835291672,63.0,-0.5735447042535426
0.3509162441963909,-0.4533721016499123,64.0,-0.34072616675259876
-0.18769755386676687,-0.5306409158552414,65.0,0.19763265933972873
-0.5447919557114267,-0.12335694140496567,66.0,0.5454335796145156
-0.3989114837863633,0.3881495229700452,67.0,0.38985960291966965
0.10719470389691454,0.5362093522605227,68.0,-0.11750855352937295
0.5057039505934571,0.19324589554883115,69.0,-0.5078664651789871
0.4359986173605684,-0.3188310080021678,70.0,-0.42820274724908736
-0.029199843923748504,-0.530548056700796,71.0,0.03966061780501795
-0.4586072225303712,-0.25513458957677926,72.0,0.4621580766950045
-0.4620586036626022,0.24706488878199845,73.0,0.4556041527136359
-0.04484681682432105,0.5144261375547501,74.0,0.03446042661633508
0.40492601874805906,0.30823022714643683,75.0,-0.40971214444684295
0.47720360450824073,-0.17445328545282163,76.0,-0.472143725483658
0.11366923903987093,-0.4887806624793639,77.0,-0.10356413963830274
-0.34613556015330116,-0.3519650143833872,78.0,0.35198768031872774
-0.4817612394142883,0.1025222134403464,79.0,0.47811762682939557
-0.17617194497308186,0.45468781909577827,80.0,0.16653727327197027
0.2837290697442353,0.3859946045764552,81.0,-0.29046608499114057
0.47625537517746447,-0.032694979271783164,82.0,-0.47401965606271035
0.2314517832240879,-0.4133329257181091,83.0,-0.22245609406130046
-0.21918635500938666,-0.41019208896785714,84.0,0.22661971532152908
-0.4613840428945365,-0.033730785399937735,85.0,0.4605196980794064
-0.27880509686470795,0.3659799690160065,86.0,0.27059413355058737
0.15394449279057798,0.42463791522896005,87.0,-0.1618824661505966
0.4379950988332071,0.09560219635586925,88.0,-0.4384398447819447
0.3177304167931425,-0.31394131570488454,89.0,-0.3104254754169608
-0.08937109038445153,-0.42960617581333693,90.0,0.09762284753366629
-0.4070602555520536,-0.15192613479117434,91.0,0.40872881148906776
-0.34792688613416184,0.258548204134294,92.0,0.34162377233309393
0.026740516671204657,0.4255477564569833,93.0,-0.03511995963240366
0.3696481063351198,0.20188014139947336,94.0,-0.37243526794440457
0.36928869633409006,-0.20112257050027282,95.0,-0.36405726124236926
0.032786586278044975,-0.41307087040365953,96.0,-0.024457314859452073
-0.3268967501963333,-0.24481920515413758,97.0,0.3306806895287201
-0.3818958803702259,0.14295070495886408,98.0,0.37778011145562646
-0.08818028546150686,0.39291952649374257,99.0,0.08006766494329409
0.2799865974686633,0.28027854779005684,100.0,-0.2846323087690497
0.38600186246809914,-0.08525916685926532,101.0,-0.3830204950956236
0.1385546918697576,-0.3659504893570509,102.0,-0.13081110035026655
-0.23011389854288516,-0.3079725805473246,103.0,0.23547671142006205
-0.3820182064272286,0.02919331737233577,104.0,0.3801658133863074
-0.18317758926975913,0.3331092881067771,105.0,0.17593902570786052
0.1784654920167094,0.32779027730470683,106.0,-0.1843945765810051
0.3704970358850073,0.024201246305887436,107.0,-0.3697455448872193
0.22147637684786128,-0.29540581688203404,108.0,-0.21486064895724633
-0.12619521481471196,-0.339787266897529,109.0,0.13253700796438256
-0.35211161963202614,-0.07399414655839903,110.0,0.35241220299327153
-0.253040419514132,0.2538900472451927,111.0,0.2471458071594329
0.0744023572655844,0.3441749965065358,112.0,-0.08100384503102298
0.32763562369467625,0.11938243754581968,113.0,-0.32892090009517133
0.27761996726904226,-0.20962833988258683,114.0,-0.27252436085905646
-0.02411248222924783,-0.3413073570812112,115.0,0.03082427979942265
-0.29792152979862346,-0.1596995145083216,116.0,0.3001080151670807
-0.295121865412606,0.16368080248145872,117.0,0.2908823691504972
-0.023739139296167684,0.331665190609166,118.0,0.017059960724560286
0.2638787076856452,0.19442073131875612,119.0,-0.266869450853235
0.30560232972883317,-0.11708009335554131,120.0,-0.30225531071874795
0.06832129157193972,-0.3158391176759762,121.0,-0.06180867386992889
-0.2264516074081532,-0.22316580373353184,122.0,0.23013894616919564
-0.3092571045066231,0.07081201771778012,123.0,0.30681866075237
-0.10891765971768651,0.29451113238756044,124.0,0.10269435706560331
0.18659850814056245,0.24569813665015539,125.0,-0.19086688265363555
0.30640935597547475,-0.025798206838920368,126.0,-0.30487616935909884
0.144934706852632,-0.26843541076184146,127.0,-0.13911044068121187
-0.14527122330618497,-0.2619212681855622,128.0,0.1499999862776477
-0.29749567925910647,-0.01711888893385638,129.0,0.2968462137316664
-0.17590659544298207,0.23841876871346757,130.0,0.17057658188086022
0.10339611908633393,0.2718726707991255,131.0,-0.10846228577222977
0.2830506132983719,0.05718852283449927,132.0,-0.28324661381114036
0.20149722489700428,-0.2053011874841562,133.0,-0.19674108298361428
-0.06185675587254625,-0.27571518944719936,134.0,0.06713764147001283
-0.26369006556881586,-0.09376158000091284,135.0,0.2646783097447669
-0.22149951190358746,0.1699367986658519,136.0,0.2173805525976856
0.021478411188205076,0.2737264285085997,137.0,-0.026854108536850663
0.2400940471903829,0.12629786062270054,138.0,-0.24180829939273937
0.23583208872103498,-0.13317568877899075,139.0,-0.23239697698815565
0.016985310715238656,-0.2662864227849484,140.0,-0.011629654212338691
-0.21298910972309187,-0.1543707238320008,141.0,0.21535222599259468
-0.2445336369332538,0.09584684573903643,142.0,0.2418124120576315
-0.052863631771155564,0.25386394325139966,143.0,0.047635772623612904
0.1831308582223755,0.1776691515879164,144.0,-0.18605699048587318
0.24775510961340483,-0.05874252754762041,145.0,-0.24576154246270318
0.08557741899270618,-0.23700179557767964,146.0,-0.08057623931186544
-0.15128689176344287,-0.19599734082700354,147.0,0.15468374070340088
-0.24575012305051636,0.022604288294934688,148.0,0.2444823834019936
-0.11464562591325983,0.21630146907511366,149.0,0.10995963914670018
0.11822049349722748,0.20927197611731735,150.0,-0.12199156143233511
0.2388638200489992,0.011889150836802281,151.0,-0.2383054223491548
0.13968936401818896,-0.19240748610929218,152.0,-0.13539551858227902
-0.08467535830095797,-0.21751737336222973,153.0,0.0887221562536164
-0.22752052030846268,-0.044132046333591884,154.0,0.2276415124171969
-0.160433659381671,0.16599178772335688,155.0,0.1565964471771239
0.051361608208421186,0.22085871730120749,156.0,-0.05558577494170269
0.21221047968592394,0.07359970210166447,157.0,-0.2129688362774733
0.17670699358498637,-0.13773847092908964,158.0,-0.173377863768423
-0.01894330504423232,-0.21951364135275306,159.0,0.023248600098936673
-0.19347607952584897,-0.09985442092744656,160.0,0.19481925988968168
-0.18843876728660985,0.1083291676010302,161.0,0.18565583944449862
-0.011972372959552734,0.2137824175838852,162.0,0.0076782354253839
0.17189776013032218,0.12254933996410464,163.0,-0.17376438911492278
0.19565485900549198,-0.07842932497305416,164.0,-0.19344292413074213
0.04084416734087808,-0.2040370372621377,165.0,-0.03664787193884439
-0.14807999935525124,-0.14143019546298347,166.0,0.1504016300960742
-0.1984714803692827,0.04867561426067299,167.0,0.19684227285764888
-0.06720390867962772,0.1907094686780273,168.0,0.06318510198455224
0.12263761887265431,0.15633510145014948,169.0,-0.1253405366932292
0.19708755200596548,-0.019664657796362867,170.0,-0.1960402713579328
0.09066178187523928,-0.17427937896363813,171.0,-0.08689186243204972
-0.09618267752108596,-0.167192462508478,172.0,0.09918970591869927
-0.19177584128940275,-0.008056772838654774,173.0,0.19129789836658811
-0.11090969122456697,0.1552616008352222,174.0,0.10745083777015635
0.06931218411858978,0.1740171717758177,175.0,-0.0725444559842453
0.18287311428373104,0.03399997399927274,176.0,-0.18294107386418604
0.1277227675197983,-0.13419361401636817,177.0,-0.12462721130865773
-0.04259683191373489,-0.17690527134629278,178.0,0.04597549198884068
-0.17076955958545534,-0.05774086764125608,179.0,0.17135024861709638
-0.1409590947153829,0.11162329509083066,180.0,0.13826863653324528
0.01657092429849041,0.17602727321438263,181.0,-0.020018732247527316
0.1558977415630024,0.07892486273882143,182.0,-0.15694949092588825
0.15055776540728896,-0.08809716929631423,183.0,-0.14830353284877806
0.008276372699493896,-0.1716203546044601,184.0,-0.004833565418557034
-0.1387213350690457,-0.09727002036495513,185.0,0.14019532181596905
-0.15653540199466495,0.06414937396416284,186.0,0.15473783794698395
-0.03150835050349526,0.16397965196807632,187.0,0.02814027265392885
0.11972388346560629,0.11256855684988763,188.0,-0.12156554039266104
0.1589813036284373,-0.04029151662438696,189.0,-0.15765037273139318
0.05274658490352023,-0.1534488832022686,190.0,-0.0495173847102387
-0.09939780724408585,-0.12468675122945985,191.0,0.10154826720027987
-0.15805139767637913,0.017003581940685658,192.0,0.1571869938670805
-0.07167523824874864,0.1404105279353699,193.0,0.06864250373476613
0.07823387218998047,0.13356335179217707,194.0,-0.08063141572920429
0.15396118833954697,0.005273988668298285,195.0,-0.1535537234815317
0.08804383821131485,-0.12527579133033248,196.0,-0.0852578080061616
-0.05671130452740704,-0.13920660153870257,197.0,0.0592927812664977
-0.14697790423285256,-0.026146951928263107,198.0,0.14700905531293418
-0.1016685653244223,0.10847456812972063,199.0,0.09917153490304025
0.035288716404972144,0.14169002347842333,200.0,-0.03799091271112859
0.13741205128133574,0.0452725904773732,201.0,-0.13785564174368664
0.11243210995102776,-0.09044561103945012,202.0,-0.11025803400044311
-0.014395979090219944,-0.1411471237032321,203.0,0.01715690740514031
-0.12560857736145406,-0.06236368243283115,204.0,0.1264315668421015
-0.12028218490188539,0.07162709150749881,205.0,0.1184564724787951
-0.005572846034159623,0.13776518299127885,206.0,0.002812757888821238
0.11193785099156135,0.07719111111812005,207.0,-0.1131014070123261
0.12522880224232472,-0.0524477220219792,208.0,-0.12376829766074383
0.024265436504236456,-0.13177831628777795,209.0,-0.021562274405359655
-0.09678664837630567,-0.08958514106524415,210.0,0.09824727342795533
-0.12734044164025268,0.0333185877829497,211.0,0.12625358066327386
-0.04137594364059819,0.12345998385447748,212.0,0.03878136951347713
0.08054933162440665,0.09943541201035667,213.0,-0.08226001949104722
0.12673925273527412,-0.014625812565215793,214.0,-0.12602638068395516
0.05664850649090306,-0.11311513832874619,215.0,-0.05420896523739824
-0.06361938642454437,-0.10668972566336206,216.0,0.065530782529645
-0.12359544535764092,-0.0032758406451752903,217.0,0.12324928123832357
-0.06987954448356613,0.10107218860921525,218.0,0.06763562319854116
0.04638147035332926,0.11135172022963213,219.0,-0.04844301229381419
0.11812102898496163,0.02006835852739211,220.0,-0.11812725769264312
0.080918853286831,-0.08767495467354836,221.0,-0.07890479692868317
-0.029204103800302694,-0.11347754475167529,222.0,0.031365120024609214
-0.11056306666133385,-0.03547480506207866,223.0,0.11090103975556521
-0.08966955128142613,0.07327477747978026,224.0,0.08791293553372347
0.012433114739237552,0.113171659153992,225.0,-0.014643861464478936
0.10119660885653696,0.049262561713522765,226.0,-0.10184013333529175
0.09608694467053794,-0.05822293538941897,227.0,-0.09460850349428188
0.0036140732343202665,-0.1105818963255203,228.0,-0.0014014543595577966
-0.09031746961561875,-0.061245477587295385,229.0,0.091235663519941
-0.10017639728222072,0.04286350349663057,230.0,0.09898999965890054
-0.018653242537137092,0.10589392964245013,231.0,0.016483860886944215
0.07823500110219926,0.07128494931125384,232.0,-0.0793931946583358
0.10199030635046502,-0.027526775298070336,233.0,-0.10110307399930563
0.032437228261479996,-0.09932529307565095,234.0,-0.03035268688397437
-0.0652650135807068,-0.07928997100539954,235.0,0.06662567490089817
-0.10162429784541153,0.01252334774576605,236.0,0.1010368533112264
-0.044758787246993684,0.09111910155790284,237.0,0.0427965409314484
0.05172297636159864,0.08521621330171289,238.0,-0.05324664144632216
0.0992127641821862,0.0018610486511163454,239.0,-0.09891959665668772
0.0554524881404545,-0.08153761678149893,240.0,-0.05364532323638774
-0.03791762162702474,-0.08906420668853368,241.0,0.03956380950249014
-0.094923873359519,-0.015369912918169124,242.0,0.09491380793901188
-0.0643956410164519,0.07085579828681288,243.0,0.06277128049202232
0.02414505776074359,0.09087671828670103,244.0,-0.025873153007148347
0.08895418181407326,0.027779488149215284,245.0,-0.08921093662643406
0.07150830358397516,-0.05935497185701091,246.0,-0.07008913806283573
-0.01068348223443439,-0.09073542237991154,247.0,0.012453568854168054
-0.08152298363230302,-0.03890140541892129,248.0,0.08202579838521645
-0.07675241762813961,0.0473167371596734,249.0,0.07555536053986338
-0.0022114333354947887,0.08875697354244334,250.0,0.00043780083598593533
0.07286652639918348,0.04858445400343754,251.0,-0.0735908454066218
0.08013014390126781,-0.03501722460941742,252.0,-0.07916660646213255
0.014310431245784686,-0.08508859701925346,253.0,-0.012569531585434612
-0.06323221908862921,-0.056715492786120134,254.0,0.06415041171242676
-0.0816814760070842,0.022721797918881584,255.0,0.08095745556189994
-0.025413792133910883,0.0799033141546323,256.0,0.02373912560101603
0.052872950259249214,0.06321953432567948,257.0,-0.053955051933469826
0.0814812237951577,-0.01068028412273013,258.0,-0.08099749712254317
0.035353676700992445,-0.07339492122798633,259.0,-0.0337754456264807
-0.04204162568855301,-0.06805904805724156,260.0,0.043256083257402766
-0.0796354643342687,-0.0008772026308917491,261.0,0.07938787587052808
-0.04399568268512544,0.06577283817782875,262.0,0.042540369244350694
0.030986023760415,0.0712325422721707,263.0,-0.03230042972074
0.07627756365082061,0.011743793163726188,264.0,-0.07625739724323423
0.051239631119546776,-0.057256939557850835,265.0,-0.04992967538113638
-0.01994405473257338,-0.07277249571682375,266.0,0.021325856091548856
-0.07156387513903263,-0.021738716901004845,267.0,0.07175829690346458
-0.05701961076773091,0.04807247388844388,268.0,0.05587318970072641
0.009139496781374563,0.07274271875293528,269.0,-0.010556665594347037
0.06566922095804031,0.03070945852772733,270.0,-0.06606178009313443
0.061303323031995656,-0.03844516958595119,271.0,-0.06033422908501059
0.001221732221149166,-0.0712352309683697,272.0,0.00019992195877421848
-0.058782260953308726,-0.03853321439418106,273.0,0.05935343495026158
-0.0640907813962393,0.028596616140502407,274.0,0.063308397320791
-0.010954722571678276,0.0683667469007199,275.0,0.009557757903288014
0.051100849839555824,0.04511765982973433,276.0,-0.05182862041449618
0.06541242944256645,-0.018739998450535977,277.0,-0.06482179426702248
0.019898110017476052,-0.06427486416954298,278.0,-0.0185528085896966
-0.04282747775459156,-0.05040105188894178,279.0,0.04368792400014771
-0.06532674957728442,0.0090762505034752,280.0,0.06492870908150625
-0.02791598641000078,0.05911404887353498,281.0,0.02664670039449854
0.034164882059166415,0.054351704141401676,282.0,-0.03513277774864338
0.06391744075892726,0.00020931779176655563,283.0,-0.06370887446852903
0.03489918136324514,-0.053051511707704314,284.0,-0.03372729876700495
-0.02531190965769651,-0.056966880756704696,285.0,0.026361312313751342
-0.06129024772714822,-0.008949879571132288,286.0,0.061264363354594474
-0.040765925480180154,0.04626306503675612,287.0,0.039709607773993974
0.016459699402935478,0.058271166194326006,288.0,-0.01756451962804141
0.0575695265147958,0.01699940757940093,289.0,-0.05771621193101218
0.0454619176733043,-0.038929046292683726,290.0,-0.04453591832178673
-0.0077882435868106585,-0.0583143741937377,291.0,0.008922784226293307
-0.052894631451627844,-0.024234432804601073,292.0,0.05320085367952636
-0.04895982991294887,0.03123038674391128,293.0,0.04817539278521958
-0.0005366236262381666,0.05716906542138138,294.0,-0.0006028323035140587
0.04741620753646055,0.030555241906844756,295.0,-0.04786644791296823
0.051258292237436213,-0.02334489712417332,296.0,-0.050623127311227555
0.008365774437285008,-0.054927747050439304,297.0,-0.007244863770574546
-0.041292469094599875,-0.03588652177034447,298.0,0.0418691836453388
-0.05238040893523771,0.015443833035169233,299.0,0.051898741288848596
-0.01556884747825228,0.05169982975139868,300.0,0.01448819921741177
0.0346855412040593,0.040177470266812926,301.0,-0.03536963539850571
0.0523718633794778,-0.007688793683031173,302.0,-0.05204455020693027
0.022035806235780275,-0.047608418109544734,303.0,-0.021015053956822335
-0.02775793464344678,-0.04340140206271596,304.0,0.028529242037328498
-0.05129867401377216,0.00022899761065738045,305.0,0.05112338332126707
-0.027677993351732016,0.042787009446513154,306.0,0.026734409093042283
0.02066921827852892,0.04555488689405964,307.0,-0.02150697308374805
0.04924466744365169,0.006801031122442049,308.0,-0.0492161112016559
0.03242868871569152,-0.037376173519460855,309.0,-0.03157696922344341
-0.01357294506666175,-0.04665646506155045,310.0,0.014456239390126524
-0.04630873650042885,-0.013283343156832994,311.0,0.04641895033794635
-0.036243188895919445,0.03152028174015234,312.0,0.03549530669429812
0.006613879428617355,0.04674499089088319,313.0,-0.007522096772822409
-0.690467565665704,-0.5638212582605795,0.0,0.3783734750887957
-0.8749071502057097,0.25885217072055766,1.0,0.8668440776405553
-0.2592990257798318,0.8640106579233978,2.0,0.2412421242709245
0.5801495363011905,0.6707093168945777,3.0,-0.5915658473091029
0.8748872768135582,-0.12928624020016932,4.0,-0.8694026449256992
0.36741134855246993,-0.7957563499637443,5.0,-0.3503528920435328
-0.46445681979064224,-0.7246819475048124,6.0,0.4773322429530169
-0.8570750614423502,0.004636212333305467,7.0,0.8541302602421976
-0.46175527018888657,0.7152927327258359,8.0,0.4459840494747014
0.34605537755326865,0.7607728406600245,9.0,-0.36004307982056116
0.8228689151147269,0.11284905453035787,10.0,-0.8223759278853332
0.5412138287567122,-0.6249672939291608,11.0,-0.5269756369021672
-0.22751100769507882,-0.7792893293686445,12.0,0.24226173241664095
-0.7739192322877289,-0.2211973826082947,13.0,0.7757453028968216
-0.605037848349306,0.5271913844498755,14.0,0.5925329857312867
0.11124299474144389,0.7808782780368723,15.0,-0.12641230600325404
0.7120801506784948,0.3187372723093801,16.0,-0.716053088999769
0.6528397576704529,-0.4243874570505718,17.0,-0.6422216075467563
0.0005165616006842666,-0.7664931537401601,18.0,0.014738445440456438
-0.6393599766388347,-0.4041143871378955,19.0,0.6452739570199212
-0.6845804142648022,0.3189391518964746,20.0,0.6759550554990257
-0.10575724219824945,0.7373567794147219,21.0,0.09073178697514894
0.5578713620421673,0.4763006281132215,22.0,-0.5654930681772696
0.7005496096829268,-0.21314507823740003,23.0,-0.6939764141002227
0.20271828682104023,-0.6949207779619382,24.0,-0.18821460378605437
-0.4697822604584699,-0.5345960447022019,25.0,0.47885723151768617
-0.7013410200616493,0.1091770169977635,26.0,0.6968341649483514
-0.2899098655648935,0.6408227247996187,27.0,0.2761925456713449
0.3772686146906964,0.578623960568812,28.0,-0.3875276519174242
0.6878224350497304,-0.009043136898929105,29.0,-0.6853532467398257
0.3661276013296786,-0.5768420137432364,30.0,-0.35342983386166205
-0.28246963708919565,-0.6083198084117138,31.0,0.2936351370478546
-0.6611021455322378,-0.08544331973946218,32.0,0.6606021780190904
-0.43046044102125697,0.5048554087487978,33.0,0.41898109967051095
0.18744644116355566,0.6239142673221449,34.0,-0.19923853110144107
0.6224923974558007,0.1726895631786518,35.0,-0.6238571406109952
0.48229210273258544,-0.426793203802128,36.0,-0.4721936992796161
-0.09414467067980441,-0.625911377409787,37.0,0.10628703274738249
-0.573470825889598,-0.2513428123358269,38.0,0.5765639312060589
-0.5212964435771087,0.34459684716112077,39.0,0.5127039402722416
0.004361653498750171,0.6150623693047906,40.0,-0.016586937494518228
0.5156407712998938,0.3203038306945327,41.0,-0.5202986790771121
0.5474271964171987,-0.26017880651389214,42.0,-0.5404276512065472
0.08028151531819505,-0.5923359903379862,43.0,-0.06822677680260847
-0.4506913502224535,-0.3787345173435333,44.0,0.4567282007077364
-0.5609026121526339,0.17538536081644074,45.0,0.5555456154639928
-0.15836268041868648,0.5588861349245838,46.0,0.14671372543658245
0.38035810672018017,0.42605974495934895,47.0,-0.38757081878778993
0.5621856165920804,-0.09196290511447269,48.0,-0.558484464701309
0.22867596467634058,-0.5160175944775821,49.0,-0.21764607923870194
-0.3063850110761726,-0.46196374238394095,50.0,0.3145584153950734
-0.5519601466883878,0.01152824906351435,51.0,0.5498936849056948
-0.2902436993140755,0.4651507329406547,52.0,0.2800211579549655
0.23048850013777322,0.48638141306625565,53.0,-0.23940041925845146
0.5311043699090406,0.06445671935761843,54.0,-0.530619429092172
0.3423230179588599,-0.4077858689378516,55.0,-0.33306871115484415
-0.1543241717642707,-0.4994850608463246,56.0,0.16375034689484452
-0.5006615129195573,-0.13470574385842038,57.0,0.501675855206972
-0.38440729126603707,0.34546810602361033,58.0,0.3762530479610496
0.07945665618524675,0.5016670605090964,59.0,-0.08917542938634837
0.4618090320902445,0.19812413178542154,60.0,-0.46421471628914107
0.4162226733976613,-0.2797533002213165,61.0,-0.40927027227149887
-0.007333092018394584,-0.4935190617131362,62.0,0.01712976283016171
-0.4158268494027095,-0.25381986223602604,63.0,0.4194939231474945
-0.43772011525616233,0.21217579077410842,64.0,0.4320409647357029
-0.06073946352613169,0.4758083511263585,65.0,0.05106867666706205
0.3640653542026631,0.30110992533837144,66.0,-0.36884577876343805
0.4490632709042349,-0.14421844771947356,67.0,-0.4446987254818195
0.1236124599317064,-0.4494520190097139,68.0,-0.11425691104071212
-0.30791383521695553,-0.3395220414838873,69.0,0.31364554958602436
-0.45061278229290913,0.07728551054077604,70.0,0.4475750516612255
-0.18030998193942693,0.4154895835097372,71.0,0.1714415865878699
0.248769959809343,0.3687919945975877,72.0,-0.2552809933000083
0.4429074728267455,-0.012678607764336491,73.0,-0.4411810708186416
0.2300385442645698,-0.3750547192434035,74.0,-0.2218092986880546
-0.18801086022089206,-0.38885688910012095,75.0,0.19512340710971465
-0.4266430122675844,-0.04842374002685723,76.0,0.4261866846956606
-0.2721926056436806,0.32934671732384885,77.0,0.2647326554472118
0.1269663212610232,0.39984470508823017,78.0,-0.13450069681561733
0.4026486341488552,0.10498291975269136,79.0,-0.4033976984479091
0.3063559393540503,-0.27960227291277145,80.0,-0.29977220508658114
-0.06689449238012576,-0.402060579735357,81.0,0.07467289672056038
-0.3718624926357489,-0.1561132016198083,82.0,0.37373151774242497
-0.33229907363211764,0.22706815501293887,83.0,0.326674428753132
0.008960471084392914,0.3959702845722208,84.0,-0.01681049552083036
0.3353062392570967,0.20109084990699716,85.0,-0.33819199140931483
0.3499730829190462,-0.1729752629656925,86.0,-0.3453660687072649
0.04578197394967555,-0.3821813979864125,87.0,-0.03802415441955864
-0.29405938199976683,-0.2393594085365583,88.0,0.2978439610583339
-0.3595000687186457,0.11851451653834832,89.0,0.35594512065319367
-0.09640535118675177,0.36142269007563593,90.0,0.08889214587243982
0.2492339609257317,0.27053127669670773,91.0,-0.2537880523366029
0.36116071645036285,-0.06481496317008423,92.0,-0.35866886767243356
0.1421199557916768,-0.334522243230686,93.0,-0.13498992339954607
-0.20195003692747496,-0.2943857585201312,94.0,0.2071362064507304
-0.35537935164750695,0.012924418514997926,95.0,0.3539393714139681
-0.18228190661146718,0.3023848270586858,96.0,0.17565774382753307
0.15331244477916486,0.3108638318198962,97.0,-0.1589884064872163
0.34270694505520455,0.03620711351196321,98.0,-0.34228686369768707
0.21639774935089137,-0.26596903121945387,99.0,-0.21038471916248455
-0.10438920965420122,-0.3200599333432987,100.0,0.11041100228957518
-0.32380253171803813,-0.08174106584783153,101.0,0.324351498584559
-0.2441257322912987,0.22626463534735575,102.0,0.23881053840257294
0.05619196920241201,0.3222111013601742,103.0,-0.06241698163299364
0.29941351431887525,0.1229608735216442,104.0,-0.30086393151971547
0.2652739223831435,-0.18427066250299606,105.0,-0.2607240266392595
-0.009658682568829121,-0.3176838503010451,106.0,0.015948475594377842
-0.27035531633670085,-0.15927944233836033,107.0,0.27262518883669623
-0.279795384029468,0.14097452269914795,108.0,0.27605875493354676
-0.03436115516222442,0.30695917646449616,109.0,0.028138276181721433
0.23749083670208057,0.19024354943775787,110.0,-0.24048627836419048
0.2877806896700204,-0.09733260719989006,111.0,-0.2848859620008985
0.07511863829296032,-0.2906161085863443,112.0,-0.0690853377974679
-0.20171013536232948,-0.21553526490294614,113.0,0.20532797089203095
-0.28944806987000454,0.054252643780622056,114.0,0.28740508821533955
-0.11197482392222798,0.2693142225609933,115.0,0.10624276727432574
0.16391074946523737,0.2349705389866348,116.0,-0.16804115375326847
0.285131540705908,-0.012578069258043223,117.0,-0.283932253497965
0.14440732306208376,-0.24377553625376996,118.0,-0.1390755460283917
-0.12497900376731337,-0.2484951487495602,119.0,0.1295081227726591
-0.2752673677073027,-0.026925380354196615,120.0,0.2748870331670956
-0.17201413743851235,0.21476618872980927,121.0,0.1671677674856216
0.0857726374773184,0.25617824032450703,122.0,-0.09058513842340257
0.26037923852302775,0.06358071847871988,123.0,-0.2607778998220713
0.19451482434220185,-0.18307828906241483,124.0,-0.19022415926628441
-0.047105024207876135,-0.25820373816350217,125.0,0.052086527340691746
-0.24106252106882894,-0.0968083081949958,126.0,0.24218670502841405
-0.21174912144079122,0.14951229400526692,127.0,0.20806906326097177
0.009731213195176705,0.25485992020454085,128.0,-0.014770562543937604
0.217967980572415,0.12613198172014436,129.0,-0.21975257233487616
0.22367320744153296,-0.11486024213358273,130.0,-0.2206430423798937
0.025664030381241976,-0.24652747778712938,131.0,-0.020672694045843487
-0.19178531819080008,-0.1511826991585495,132.0,0.19415556348715696
-0.2303538123326086,0.07989013556220184,133.0,0.2279973212022246
-0.05847605916069822,0.2336663913961937,134.0,0.05363145381542658
0.16322687638315792,0.17169981541055507,135.0,-0.16610046324439035
0.2319604222200169,-0.04533172005635619,136.0,-0.23028629973468198
0.08818797524976826,-0.21680195811641773,137.0,-0.08358008576271447
-0.13301183272899023,-0.18753006876327574,138.0,0.13630100567682712
-0.22875584826059175,0.011863871303610385,139.0,0.22775840474733097
-0.11437603278524139,0.19651030437235475,140.0,0.11008478937522853
0.10185117521369005,0.19862444441321667,141.0,-0.10546483704191104
0.2210854467682489,0.01989624964956513,142.0,-0.22074556156542127
0.13671283134582046,-0.17340370857143322,143.0,-0.13280706949422738
-0.0704337190456628,-0.2050331004642983,144.0,0.07427947816601291
-0.20936528828502254,-0.049402154267842585,145.0,0.20965158077923268
-0.15496836391584942,0.1481160432288152,146.0,0.15150507049608394
0.0394133887416688,0.20689857242932158,147.0,-0.043399513626456304
0.19406957744240244,0.07618502539034774,148.0,-0.19493975925285678
0.16900902302858517,-0.12128862569469864,149.0,-0.16603286731266334
-0.009397950454418923,-0.2044474946943411,150.0,0.013435196839436808
-0.17571762309903435,-0.09985872882782174,151.0,0.17711999335991102
-0.1787947042085501,0.09355674145812093,152.0,0.1763378467022661
-0.019060660750706872,0.19798109368083122,153.0,0.015057379659826897
0.15486064994657778,0.12012285149688717,154.0,-0.15673569494174117
0.18437417642798842,-0.065537074948495,155.0,-0.18245634324344717
0.045474314828005825,-0.18786471758610243,156.0,-0.04158443996924374
-0.13206872904212147,-0.13676381922695108,157.0,0.13435078758285174
-0.18587891465448,0.037816250619386454,158.0,0.18450772044214117
-0.06942489864861782,0.17451667175257896,159.0,0.06572093821847369
0.1079180861488688,0.14965418333751804,160.0,-0.11053704299582232
0.18351560948454168,-0.010940652709207077,161.0,-0.18268710788236156
0.09056874213752533,-0.15839662716994315,162.0,-0.08711520064660028
-0.08297902400677978,-0.15875019713742436,163.0,0.08586199526046182
-0.17755758324315654,-0.01459234373998003,164.0,0.177257020399093
-0.10863927262605806,0.13999386271668127,165.0,0.10549180510301515
0.05780466841817643,0.16408783122268933,166.0,-0.060877645068685426
0.16833535081145232,0.038341634446459466,167.0,-0.1685380948271719
0.12344794661615409,-0.11981558995345615,168.0,-0.1206527420460287
-0.03292071905568798,-0.16577739953136295,169.0,0.036110137704108425
-0.1562265669640508,-0.0599280801348713,170.0,0.1568991841124128
-0.13488354032189548,0.09837559311218845,171.0,0.13247693351144305
0.008816354930572227,0.1639969863543878,172.0,-0.012050567973931892
0.14164560039449464,0.0790386089279306,173.0,-0.14274704767468885
0.14290990899471173,-0.07618339696514917,174.0,-0.1409182154566462
0.014063587755665375,-0.15898487781045484,175.0,-0.010852966519760004
-0.1250329682127304,-0.09542873615143332,176.0,0.12651587121435526
-0.14756234977423568,0.053734152137254465,177.0,0.14600191399929136
-0.03532508038703194,0.1510312096900165,178.0,0.032201974847263365
0.10684485392182412,0.10892354246757649,179.0,-0.10865683904089721
0.14894272336170375,-0.031499401794250204,180.0,-0.147820167070286
0.054629956902443925,-0.14046904716996467,181.0,-0.05165278841099116
-0.08754291719631419,-0.1194171802230156,182.0,0.08962796794231717
-0.1472135060120928,0.009918866166598178,183.0,0.146526159691824
-0.07169953825135017,0.12766511090528884,184.0,0.06892035789162615
0.06758458571825722,0.12687100376169838,185.0,-0.06988439412484143
0.1425909551092168,0.010606647278174758,186.0,-0.1423274533868258
0.08631683592778405,-0.11301035870420598,187.0,-0.08378063687193953
-0.04741399844320229,-0.13131044186236898,188.0,0.049869284384533585
-0.1353375789435835,-0.02972112937399879,189.0,0.13547859814189853
-0.09832737251533874,0.09691062274779047,190.0,0.09607158597139759
0.027453746556018233,0.13282074916241748,191.0,-0.030005520002523434
0.12575410436309253,0.047118000937773005,192.0,-0.12627321896240315
0.1076386830938197,-0.07977748953958905,193.0,-0.10569285740306342
-0.00809753363563614,-0.13154178825804927,194.0,0.010688277501770815
-0.11417113490048988,-0.06254346941331305,195.0,0.11503576856110899
-0.11421858446856564,0.06201959393383916,196.0,0.1126042432123435
-0.010296149223986348,0.127662005052165,197.0,0.007721395071727949
0.10094068706022329,0.07579861646270336,198.0,-0.10211313335774588
0.11809231917939532,-0.04403448019103799,199.0,-0.11682299075667861
0.027409263807393832,-0.12141176686111901,200.0,-0.024901933673422624
-0.0864277839955207,-0.08674024795129062,201.0,0.08786627204866324
-0.11933869790220433,0.026201162569613606,202.0,0.11842010599192775
-0.042968337261857135,0.11305623588015848,203.0,0.04057549887747307
0.07100227420177163,0.09528056111185228,204.0,-0.0726620549056977
0.11808537702826885,-0.008873496019059651,205.0,-0.11751577869233874
0.05674742871664722,-0.10288795000585417,206.0,-0.054511080263161885
-0.055031028514081516,-0.10138570453932183,207.0,0.05686545808876453
-0.1145034178294322,-0.007625555374822651,208.0,0.11427407378248255
-0.06856995643212974,0.09121927894977111,209.0,0.0665264676071213
0.03887065207608616,0.10507332477967406,210.0,-0.040832251046723084
0.10880127970230805,0.023008687905130415,211.0,-0.10889703948731465
0.07830941467563504,-0.07837491633331098,212.0,-0.07648911478222248
-0.022860829514811016,-0.10640920842631639,213.0,0.024902297018418104
-0.10121840261385077,-0.03702802474159342,214.0,0.10161838609039356
-0.08588903040147303,0.06468455836455125,215.0,0.08431594327465049
0.0073184017926378655,0.10550314069108845,216.0,-0.00939356718398808
0.09201853319188716,0.049477861218871835,217.0,-0.09269688886833154
0.09128042845858425,-0.05047590713312601,218.0,-0.08997215106874887
0.00746774740787765,-0.10250411030736603,219.0,-0.005403051353775751
-0.08148294512383611,-0.06019639255220262,220.0,0.08240966543514895
-0.09450139021176507,0.036068121917838744,221.0,0.09346910904854677
-0.02124093890895748,0.09759499635471992,222.0,0.01922809439268605
0.06990369790250098,0.06906644810082227,223.0,-0.07104547153611654
0.09561280395718247,-0.0217658256044867,224.0,-0.09486144083537681
0.033780042946640255,-0.09098687523519904,225.0,-0.03185696769796055
-0.057577068789723754,-0.07601527509983823,226.0,0.05889815056837576
-0.0947149162210376,0.00785375578471706,227.0,0.09424339300658054
-0.044901906281803884,0.08291308570726057,228.0,0.04310248414182982
0.04479728149149374,0.08101343161382005,229.0,-0.04626036109738614
0.09194300089603814,0.005407868221384837,230.0,-0.0917446108430989
0.054462865598888896,-0.07362318677221254,231.0,-0.05281649230477817
-0.031850641811920676,-0.08407286310185579,232.0,0.03341769375219433
-0.08746256819946367,-0.017787209885307825,233.0,0.08752544013737704
-0.062359369623161076,0.06337693753779211,234.0,0.06089061632300122
0.019010175854790663,0.08524424925600574,235.0,-0.02064327447456507
0.08146423769198212,0.029083877687416174,236.0,-0.08177187821437722
0.06852774920808287,-0.05243842021714372,237.0,-0.06725614369348452
-0.006530850555149936,-0.08461371756922674,238.0,0.008192935557565506
-0.07415839919357475,-0.03913116947451979,239.0,0.07469029728015449
-0.07294318968713755,0.04107041745405278,240.0,0.0718831129386769
-0.005354560166324542,0.08229902735109107,241.0,0.003698980381233591
0.06576978253503381,0.04779750094027379,242.0,-0.0665020606731
0.07561797284693121,-0.029529143517923045,243.0,-0.07477866627998989
0.01643891714991631,-0.07844533263961335,244.0,-0.014823135008813493
-0.05653205189469313,-0.0549870366888781,245.0,0.05743814775071264
-0.07659906681037759,0.018059415918110916,246.0,0.07598474362754304
-0.02654343595074753,0.07322063470679217,247.0,0.024997995673648188
0.04668253322928088,0.06063955748553347,248.0,-0.047733896226569324
0.07596515082179835,-0.006890339989321509,249.0,-0.07557520314505388
0.03551967171534669,-0.06681103472136624,250.0,-0.03407190814932334
-0.03645717428188279,-0.06472961087431943,251.0,0.03762396204967461
-0.073823168352736,-0.003768435657855451,252.0,0.07365246034436587
-0.04325077141992064,0.059415894758318086,253.0,0.04192444100098662
0.02608582612635841,0.06726500417186934,254.0,-0.02733758666374146
0.07030450610005642,0.013729849908997796,255.0,-0.07034374210334976
0.04965201066780681,-0.05124301090848594,256.0,-0.0484670166514679
-0.01578792348759111,-0.06828470878346984,257.0,0.017094250000141212
-0.06556089837439116,-0.02283191821038616,258.0,0.06579705421819775
-0.054670645792725035,0.04250389595282039,259.0,0.053642857852608215
0.005768628468458909,0.06785625274546886,260.0,-0.007099775149843265
0.059760156167688934,0.030939566673407748,261.0,-0.06017696118448216
0.058285124149244937,-0.03340926116219101,262.0,-0.05742629051657972
0.0037845108740001054,-0.06607268432818794,263.0,-0.0024570623625456978
-0.053081817972186404,-0.03794581205862707,264.0,0.05366027497260475
-0.060503706027856693,0.024164777517705835,265.0,0.05982145456926508
-0.012704349127805955,0.06304919343292703,266.0,0.011407381133262708
0.04571281536151901,0.043772301733939305,267.0,-0.04643174578074373
0.06136256048657517,-0.014967186288150879,268.0,-0.06086048351964057
0.020846354779849686,-0.05891947942601628,269.0,-0.019604470052257336
-0.037843240627881795,-0.04836923989747815,270.0,0.03867984228974112
-0.06092340446280102,0.006000817722558241,271.0,0.06060122070733878
-0.02809023277378886,0.05383195404752832,272.0,0.02692548102420582
0.029662296609962478,0.05171473730659789,273.0,-0.03059270202991602
0.059270759778628064,0.002565435105650396,274.0,-0.059124545658224684
0.03434095965530643,-0.047945866224102705,275.0,-0.03327253778583162
-0.02135450047430657,-0.05381363131083169,276.0,0.022354324316786224
-0.05650890607888126,-0.01058065226299254,277.0,0.05653138762950415
-0.03952924446012358,0.04142743214805327,278.0,0.0385732722703885
0.013096203868647648,0.054695831034212036,279.0,-0.014141069054485339
0.052758609380685835,0.017913909698543326,280.0,-0.05293950530040614
0.04361143941339932,-0.034446049022641076,281.0,-0.042780810951846895
-0.005052481796440593,-0.05441424901546699,282.0,0.006118514803612855
-0.04815370583685206,-0.0244557775140326,283.0,0.04848011172119488
-0.04656893429717195,0.027170664605872252,284.0,0.045873243474872684
-0.0026255679858032403,0.053042385455686854,285.0,0.0015612809055734825
0.04283761862433935,0.030119293832323868,286.0,-0.04329442217404153
0.0484070768720478,-0.019766367316581997,287.0,-0.04785261452589527
0.009803084030434759,-0.05067163443573001,288.0,-0.008762086723717727
-0.03695988269200237,-0.0348404249965243,289.0,0.03753019964574899
-0.04915366891014152,0.012391253408750233,290.0,0.048743487215613404
-0.01636323848823415,0.047408383080451005,291.0,0.015365346517331631
0.030672747589754048,0.038578032654041014,292.0,-0.03133836830814869
0.04885709314147174,-0.005193618794236236,293.0,-0.048591132142507105
0.022208562963767838,-0.04337097472542241,294.0,-0.021271561244081832
-0.024127922923865123,-0.04131337711156606,295.0,0.0248697599215306
-0.047584130701994014,-0.00169048627906173,296.0,0.047459400766655516
-0.02726180342546886,0.03868660576899333,297.0,0.0264012027705195
0.017473524323612,0.043049194067475136,298.0,-0.01827205159361245
0.045417531495914265,0.008139311091696563,299.0,-0.045428344730739076
0.03146631420892695,-0.033488223183609826,300.0,-0.03069516830445391
-0.010851270355439467,-0.04380838834371424,301.0,0.011686946027653147
-0.042453401275506224,-0.014047047884938012,302.0,0.042591644340636226
-0.03478600994123421,0.02791148574655504,303.0,0.03411479295040943
0.00439397277990241,0.043632393488014974,304.0,-0.005247637487800008
0.03879846925368135,0.01932505533826165,305.0,-0.03905390961944297
0.03720490210887715,-0.02209184708203981,306.0,-0.03664144586815139
0.001776645888268221,-0.042579250067426896,307.0,-0.0009234016183216204
-0.034567298777963176,-0.023902661665270372,308.0,0.03492791624655857
-0.03872625388289706,0.016161812746055375,309.0,0.038275742494728836
-0.007551782191101014,0.04072145811907764,310.0,0.006716287197285585
0.029879501111153103,0.02772755547563375,311.0,-0.030331836389518602
0.03937139262153824,-0.010248417004223333,312.0,-0.03903641121189608
0.01283701223003145,-0.03814366058685662,313.0,-0.01203522521231272
-1.0556199587983626,0.15406491113212128,0.0,0.5176150193725978
-0.4888448778418628,0.931405045833071,1.0,0.46868284086292455
0.5116846834815083,0.8971226403462864,2.0,-0.5278345080519203
1.0266348244083867,0.04690157395889405,3.0,-1.0241512967993058
0.5968806290750492,-0.8291767522407834,4.0,-0.578393377539646
-0.3676821831946196,-0.9331386915953721,5.0,0.385028003634455
-0.9784579046365154,-0.1856404716808463,6.0,0.9788956382070894
-0.6864854811397257,0.7160379345282647,7.0,0.6699514777431065
0.22458779783479055,0.9480791119239624,8.0,-0.24270718464034335
0.9131866665562883,0.31252428018458733,9.0,-0.9163666376528523
0.756910378274897,-0.594924994846916,10.0,-0.7425521440532101
-0.08525890336483635,-0.9428673915449065,11.0,0.10373829458183048
-0.8331440953319597,-0.4256628171490673,12.0,0.8388419340688325
-0.807839969172652,0.46876551067356387,13.0,0.7958228156481006
-0.04769010760831493,0.9187830959901205,14.0,0.029247511747921284
0.7408183160838315,0.5235555278928355,15.0,-0.7487715103475928
0.8393737636270437,-0.34041920750865984,16.0,-0.8298057623168464
0.1719268472265401,-0.8774151060333071,17.0,-0.15389399032511242
-0.6388023732780892,-0.6050993135796684,18.0,0.648717828942108
-0.8519999490693725,0.21262374903365966,19.0,0.8449330669208085
-0.2854319459183664,0.8206112898393036,20.0,0.2681517197437616
0.5297353832372828,0.6695878200689831,21.0,-0.541297166081553
0.8465628269653391,-0.08794616670295963,22.0,-0.8419951367247965
0.38652189366803763,-0.7504258386814524,23.0,-0.3703019144857461
-0.41624617665018426,-0.7167026991677558,24.0,0.4291232679508328
-0.8242249029045357,-0.03125941181737535,25.0,0.8221037608683649
-0.47386372038494706,0.6690654733785392,26.0,0.45897212693001566
0.30090043227607244,0.746497487503977,27.0,-0.31475433953212895
0.7864247127405449,0.14288724245934026,28.0,-0.7866507829211892
0.5464816920570863,-0.5788356812721335,29.0,-0.5331439911075098
-0.18615217372939846,-0.7593748608101614,30.0,0.20064425017941645
-0.7348314908287231,-0.2451083267419646,31.0,0.7372634844018457
-0.6037563514664587,0.48208807539995846,32.0,0.5921533141679453
0.07430036171946387,0.7560581120064065,33.0,-0.08909870273796638
0.6712977862231205,0.3363914936216489,34.0,-0.6757577782093743
0.6454163687943238,-0.3811698811260672,35.0,-0.6356829593280244
0.03254883216191759,-0.7375577695429189,36.0,-0.017763031402668883
-0.5978111100281637,-0.41551719640236795,37.0,0.6040902914634083
-0.6715237865786031,0.2783764536772082,38.0,0.663749084843196
-0.13251363369489907,0.7051343179289451,39.0,0.1180403572307992
0.5164456537247317,0.48158416834555406,40.0,-0.5243103769704782
0.6824533437950768,-0.17590761577997216,41.0,-0.6766814057884182
0.2239618697601472,-0.6602580056307807,42.0,-0.2100772757828745
-0.42931505629236266,-0.5340092174944888,43.0,0.4385130334638693
-0.6788666443752555,0.07582848094061401,44.0,0.6750982281689968
-0.30552962791734745,0.6045667273863083,45.0,0.29248181976429866
0.33852711967503746,0.5725205644268019,46.0,-0.34879363920818307
0.6616819957594526,0.01996470207805523,47.0,-0.659877067556189
0.3761333734359683,-0.5398229496644482,48.0,-0.36413898744121875
-0.2461412801268279,-0.5971452344631972,49.0,0.25720531399278657
-0.6320407830675459,-0.10977328133763675,50.0,0.6321217069438558
-0.4349756583497606,0.46787061104499705,51.0,0.4242172903793512
0.15412953989730602,0.6081911069917878,52.0,-0.16571962362683101
0.5912712645210509,0.19211924184538876,53.0,-0.593126571167882
0.4815446795955054,-0.39059287554105676,54.0,-0.4721691537658826
-0.06434145231540432,-0.6062242981345533,55.0,0.07619123147166396
-0.5408506746215967,-0.2657624165984135,56.0,0.5443392987151741
-0.5156080534240766,0.3098715484079348,57.0,0.5077255191712384
-0.021526363644702205,0.5920426085140231,58.0,0.009673013921826512
0.4823665043817674,0.32971185797094127,59.0,-0.4873223771150714
0.537201269518158,-0.2275488830255229,60.0,-0.5308850971402853
0.10195582307803482,-0.5666458052909767,61.0,-0.09034018471621941
-0.4174777940175474,-0.38323147824793263,62.0,0.42371467670486773
-0.5466113694671433,0.1453924163828646,63.0,0.5418987997661693
-0.17562785301747377,0.5312035272366399,64.0,0.16447232219412689
0.3478772246077646,0.42584017832638654,65.0,-0.355193671018221
0.5443564596589244,-0.06506337197010936,66.0,-0.5412499505529913
0.24143763024988749,-0.4870216040108123,67.0,-0.23094229410708156
-0.27525473317395777,-0.4573067829513039,68.0,0.28343907217347947
-0.5311617178410796,-0.011910935048156102,69.0,0.5296309199733731
-0.2985045743291983,0.4355075669958558,70.0,0.28884444077099947
0.20126330246176166,0.47764018793717805,71.0,-0.2100985384419371
0.5079325855239014,0.08416036222801598,72.0,-0.5079168700557748
0.3461771979814694,-0.37813610020879435,73.0,-0.3375000968544309
-0.12748749454823227,-0.48707519859366,74.0,0.13675603076751253
-0.47572585532332384,-0.15049065284216068,75.0,0.47713731034654566
-0.3840330157365858,0.31641513744222693,76.0,0.3764581749868656
0.05541520845200428,0.4860545982994324,77.0,-0.06490330753570778
0.4357193638598883,0.20989748194364916,78.0,-0.4384461711954199
0.41187380043107313,-0.2518532575183602,79.0,-0.4054910868852027
0.013586951609903135,-0.4752080314524763,80.0,-0.0040850454209226394
-0.38918098780709504,-0.261575821608899,81.0,0.3930910893612888
-0.4297165549745724,0.18592896517732604,82.0,0.42458635648235543
-0.07829440662468272,0.45532831579371796,83.0,0.06897274761671679
0.3374376142304622,0.3049247074790379,84.0,-0.3423825764800992
0.43778063252016064,-0.12006237255500679,85.0,-0.43393434650576834
0.1376412374263308,-0.4273458155660929,86.0,-0.1286789131675256
-0.28184471779716425,-0.33954757746495506,87.0,0.2876637042681776
-0.43647149128859986,0.055589717395027605,88.0,0.4339125744591682
-0.19073262378050693,0.39230150963734706,89.0,0.1822909844240908
0.22375712825503347,0.36524843358452075,90.0,-0.23028089291356996
0.4263616104242285,0.006258928954016307,91.0,-0.4250671356077042
0.2368530792551636,-0.3513193783277119,92.0,-0.22907348893820012
-0.1645015133975009,-0.3820241482345175,93.0,0.17155633251918906
-0.40816912034533104,-0.0643784961390631,94.0,0.4080917792621627
-0.2754705592302742,0.3055787102160902,95.0,0.26847268489862325
0.1053510372550461,0.3900532959037481,96.0,-0.11276250338677157
0.3827347153034434,0.11780411028503857,97.0,-0.3838052005697008
0.30623659882726345,-0.256286896810127,98.0,-0.3001172399889604
-0.04750258224077329,-0.38968193981020816,99.0,0.055099191124477476
-0.350997417741423,-0.16572255323859947,100.0,0.3531271135735567
-0.3289827091525379,0.20465323997298002,101.0,0.3238151608610451
-0.007943150805799843,0.3814068398666586,102.0,0.0003266812398780572
0.31396975422198015,0.2074799700961935,103.0,-0.3170536631429455
0.3437133230472475,-0.15186424583350705,104.0,-0.33954725401594554
0.0599984275463228,-0.36585657366140206,105.0,-0.05251815801663784
-0.2727128820672735,-0.24258588674321485,106.0,0.27663271434563014
-0.3505956347540545,0.0990608210880789,107.0,0.3474574530825629
-0.10780199007499754,0.34377107595339185,108.0,0.10060212298880461
0.22831217545552535,0.27071367058357204,109.0,-0.232939528967952
0.349946721026504,-0.047317724689882046,110.0,-0.3478403917039464
0.15062920780901806,-0.31598010490690726,111.0,-0.14383984504058117
-0.18185374074914018,-0.29169763222173944,112.0,0.18705330132933878
-0.34221836392890326,-0.0023744385055346484,113.0,0.34112663517910796
-0.1878988585042092,0.2833811355224129,114.0,0.18163417652828778
0.13440228457242148,0.3055270226594426,115.0,-0.14003498056311486
0.327980017844466,0.04912446395607728,116.0,-0.3278660075614699
0.21917659772933093,-0.24691716322539276,117.0,-0.21353345291707224
-0.08698070598099568,-0.31233722888281124,118.0,0.09290675549876087
-0.30790037518243374,-0.09215288417010914,119.0,0.30870946422181117
-0.2441752390859846,0.20755487427726219,120.0,0.23923220648008364
0.04055172737514096,0.3123985100582634,121.0,-0.04663352256163239
0.282727987307117,0.13080131449437343,122.0,-0.2843899632577057
0.26275202520265933,-0.1662636056168533,123.0,-0.258568865075993
0.0039981809788938475,-0.30610264664428777,124.0,0.002106598113240099
-0.2532713898409191,-0.16453879205703112,125.0,0.25570278308928535
-0.2749031202492239,0.12399547607594513,126.0,0.2715206583844193
-0.04587238944502125,0.2939478954926092,127.0,0.03987012421511199
0.2203791654168993,0.19296515404906955,128.0,-0.2234857187955029
0.28075559778947984,-0.08166702484547622,129.0,-0.27819599782126236
0.08437507899796491,-0.27652265557406036,130.0,-0.07859143204575036
-0.18492035300820386,-0.21581155905197422,131.0,0.18859956702032693
-0.2805572327833155,0.04014264285448793,132.0,0.27882463223187504
-0.11891952207096086,0.2544882516237672,133.0,0.11345939014709594
0.14776558208735463,0.23293830718507463,134.0,-0.1519092795437968
0.2746644332256241,-0.00022002962444200858,135.0,-0.2737459091071316
0.14903366245715835,-0.22856123722130292,136.0,-0.14398925393749942
-0.10976927309885212,-0.24433016071057376,137.0,0.11426612987208276
-0.2635286652079699,-0.03738214657665301,138.0,0.26339549038914845
-0.17436303807120052,0.1994956052118274,139.0,0.16981273653180154
0.07175320415559762,0.25008940582840944,140.0,-0.07649119655942282
0.2476817352270181,0.07203426262192225,141.0,-0.2482908830409499
0.19467114186755596,-0.1680652726707256,142.0,-0.19067871700810604
-0.034491698617723617,-0.2504269283134443,143.0,0.03936042249059163
-0.22772029561758148,-0.1032033602456324,144.0,0.22901614768226095
-0.20983736276540654,0.13504718064420357,145.0,0.2064515245051267
-0.0013013595833499738,0.24565160016362173,146.0,-0.0035914622109700645
0.20428993348124272,0.13045835605063075,147.0,-0.20620614415273464
0.21985268938700114,-0.10120531658254606,148.0,-0.2171069742132535
0.034983525232144416,-0.2361582914727739,149.0,-0.030167519314261426
-0.17806919096602633,-0.15347287617253458,150.0,0.18053066138729243
-0.22481339427072133,0.06727593068568974,151.0,0.22272636680344896
-0.0659926976437043,0.22241483140483362,152.0,0.06134698235228969
0.14975384589119103,0.1720257962787164,153.0,-0.15267876110337628
0.22491294461764472,-0.03395417730308381,154.0,-0.2234886919355522
0.09385387379306598,-0.20494824465644546,155.0,-0.08946301695403655
-0.12004175725729495,-0.18599960954987227,156.0,0.12334364127103939
-0.22043240736981967,0.0018823700871629934,157.0,0.2196612989934587
-0.1181837367766423,0.1843305855236077,158.0,0.11412219804613974
0.08961855095786489,0.19537678232499486,159.0,-0.09320829694378197
0.21172963144557305,0.02836000420967974,160.0,-0.21158931405069137
0.13869311234569984,-0.16116468111475227,161.0,-0.13502431749883262
-0.05914438788786929,-0.20023428871856336,162.0,0.06293222364457868
-0.19922749835688136,-0.05626441261065748,163.0,0.19968409131843964
-0.1551873677046889,0.13607007895491963,164.0,0.15196306124341738
0.029242020525871992,0.20073654141287958,165.0,-0.033139373017983254
0.18340153442150897,0.08139948645639897,166.0,-0.18441099017682344
0.16756486429671605,-0.10966947287711692,167.0,-0.16482473733201525
-0.00048630586090530166,-0.1971269557990575,168.0,0.004407532788432145
-0.16476717369118504,-0.10341530090130002,169.0,0.16627676565820426
-0.17581360937050966,0.08257585541881912,170.0,0.17358519431672992
-0.0266046968603012,0.1897183986237975,171.0,0.022740735936803702
0.1438669509836734,0.1220457487834295,172.0,-0.14581685134332042
0.1800062793242872,-0.05538061570983244,173.0,-0.17830509801165037
0.051576954804097935,-0.17888278035842448,174.0,-0.047845510394397134
-0.1212578895579356,-0.13710907156273425,175.0,0.12358279957861082
-0.1802938108622644,0.028642769856288275,176.0,0.1791237582950273
-0.07404596708337426,0.16504005282684567,177.0,0.0705152123218604
0.09749932860728946,0.14850664385355802,178.0,-0.10013012529497087
0.17689777371131812,-0.002879476902553635,179.0,-0.1762517159443131
0.09370053552965493,-0.14864687049491154,180.0,-0.09043059182008803
-0.07314141252262002,-0.15622013797452308,181.0,0.07600677715601745
-0.17010175097826277,-0.021442041608689538,182.0,0.16996231248372495
-0.11030482503836636,0.13018516561453744,183.0,0.10734700819917745
0.04871443749300732,0.16030722052356208,184.0,-0.05174243397512837
0.16024196024493775,0.04391109587686445,185.0,-0.160582473719953
0.12369877119128969,-0.11015087459865576,186.0,-0.12109506058932129
-0.02471922218574894,-0.16089595398939271,187.0,0.027838796037402552
-0.14769735036573745,-0.06417858831990017,188.0,0.14848294020417888
-0.13379692311309205,0.08904303610404112,189.0,0.13157965159710702
0.0016186387095752908,0.15817809267315067,190.0,-0.0047610108379332605
0.13287940591207714,0.0819605266860636,191.0,-0.13406817552070474
0.14058583622086823,-0.06735346089857805,192.0,-0.13877759430467074
0.020169591464944427,-0.1524014736578321,193.0,-0.01706965844292696
-0.11622188364682993,-0.09704000846264979,194.0,0.11776617641038996
-0.14412015234067485,0.04555715030969479,195.0,0.14273389610553125
-0.04027876377618059,0.14386171027868297,196.0,0.03728184498584655
0.09817069372705854,0.10926772524738976,197.0,-0.10001839768849809
0.14451752335567183,-0.02410361453034457,198.0,-0.14355687201420836
0.05839767763287191,-0.1328933976528971,199.0,-0.055558725469923576
-0.07917412300332893,-0.11856106301539861,200.0,0.08126999017870319
-0.14195254897643547,0.0034092149472592093,201.0,0.1414122550021158
-0.07427373332706945,0.11986103754583984,202.0,0.07164128727626375
0.05967357933241273,0.12490189834902114,203.0,-0.06196053197412767
0.13664990934038942,0.016149373400706907,204.0,-0.13651648155060472
0.08771465676930289,-0.10514988348893133,205.0,-0.08533022966491464
-0.0400950148045862,-0.12833321139202733,206.0,0.04251541280890753
-0.12887687899940148,-0.03424051150452155,207.0,0.12912933701289686
-0.09858889687767909,0.0891568969862689,208.0,0.0964865398130671
0.020841162783410742,0.12895465332313708,209.0,-0.023338008727189496
0.11893541057156083,0.05058171858085103,210.0,-0.11954614764550654
0.10682476483743314,-0.07228199227328598,211.0,-0.10503080917087862
-0.002284699248665516,-0.12691721938143005,212.0,0.004802760178164306
-0.10715397412101707,-0.06494255442753998,213.0,0.10808970450733105
-0.11240840600441622,0.05491973088809492,214.0,0.1109413773930254
-0.01523758629979475,0.12241718787248443,215.0,0.012750758293136183
0.09387933246225008,0.07714627551992329,216.0,-0.09510209909430398
0.11538071368160811,-0.03745160877697239,217.0,-0.11425140987386923
0.03142955061710247,-0.11568949117046164,218.0,-0.02902271389625212
-0.07946842339451156,-0.08707030257807682,219.0,0.080936641896572
-0.11583330915693724,0.020239058292350967,220.0,0.11504503042626059
-0.04603935263527066,0.10700068661451657,221.0,0.04375679923082812
0.06428050773878138,0.09464555931004835,222.0,-0.06595002340843821
0.11390372413727047,-0.0036172657770436323,223.0,-0.1134526427798471
0.05886199546094405,-0.09664169355814607,224.0,-0.05674291035662658
-0.04866972739174452,-0.09985476151721934,225.0,0.050494862904807564
-0.10976993000731587,-0.012110117022996261,226.0,0.10964558329105079
-0.06974076761966286,0.08492045790432635,227.0,0.06781872921686902
0.03297820087389693,0.10272975248455962,228.0,-0.034912773942972
0.10364436321558276,0.0266753122104689,229.0,-0.10383025256576371
0.0785676183374581,-0.07215469753793093,230.0,-0.07687024203865134
-0.017529765493603282,-0.10334799438846036,231.0,0.019528057531887494
-0.09576759764265548,-0.03984977268612799,232.0,0.09624187569073357
-0.08528252130406615,0.0586648714881554,233.0,0.08383124512739946
0.002624455743340438,0.10182833622973662,234.0,-0.0046421146876061276
0.08640181320161264,0.05144654572676925,235.0,-0.08713803960753864
0.08987189876385275,-0.044767502785726804,236.0,-0.08868190707818469
0.011466212648078464,-0.09832618649606148,237.0,-0.009471349882621341
-0.07582420537303076,-0.06132165297080723,238.0,0.07679215204426347
-0.09236619270762465,0.03076897021703856,239.0,0.09144647159657907
-0.024503104011907174,0.09302822339793386,240.0,0.02257028149356806
0.06432047315144677,0.06937451602510812,241.0,-0.06548695960445473
0.0928366822314911,-0.01695986793248845,242.0,-0.09219019769415898
0.036282440624234955,-0.08614677719128384,243.0,-0.03444735524737022
-0.052178513279432216,-0.07554747461568238,244.0,0.053508253399997194
-0.09139165569132018,0.0036100145544037954,245.0,0.09101564390181577
-0.04663788806067401,0.07791401793585405,246.0,0.044932170111331854
0.03968243700298695,0.079824459928486,247.0,-0.041138879319562796
0.08817205307747408,0.009035824534435397,248.0,-0.0880584102749653
0.055441757585847684,-0.06857607822917225,249.0,-0.053892564264847315
-0.02710701225356454,-0.0822288993196691,250.0,0.02865315701111648
-0.08334669808737108,-0.020761456253809915,251.0,0.08348245636428389
-0.06260535254327021,0.058387234235007454,252.0,0.06123507613393364
0.014712619517015404,0.08282093977089534,253.0,-0.016311797285799706
0.0771072407603617,0.03138199284987424,254.0,-0.07747511507013619
0.06807850155028677,-0.0476042599583032,255.0,-0.06690459148992699
-0.002740794062416675,-0.08169408623271532,256.0,0.004357392286614137
-0.0696629303873838,-0.04074578907089815,257.0,0.07024192149932679
-0.0718483353487771,0.036481059500168556,258.0,0.07088323119047724
-0.00858958895382895,0.07897135729956667,259.0,0.006989463214957942
0.06123533488824552,0.04873559044299137,260.0,-0.06200137276789013
0.07393737623410997,-0.025263670274354097,261.0,-0.07318854640327307
0.01908544635914121,-0.07480106451077048,262.0,-0.01753337725649534
-0.052053117171569,-0.05526891523429854,263.0,0.05297972934828494
-0.07440101895200968,0.014185717206705722,264.0,0.07387109834933842
-0.028581911891375236,0.0693523230369893,265.0,0.0271066668799462
0.04234697139761461,0.06029770696548222,266.0,-0.043405961269282894
0.07332448973507565,-0.0034643841072781734,267.0,-0.07301150763016215
0.03694404603182419,-0.06281040069861774,268.0,-0.035571154828656776
-0.03234481281853764,-0.06380730701403922,269.0,0.03350693352165684
-0.07081937571703951,-0.0067030459683124766,270.0,0.07071706404029601
-0.04406783761372398,0.05537200932279888,271.0,0.042819261523980266
0.02226730425808215,0.06581480780244535,272.0,-0.023502914654343343
0.0670198203289224,0.01614204414143637,273.0,-0.0671179914094499
0.04988051807935403,-0.04724063756197085,274.0,-0.04877441115465054
-0.012323790609048112,-0.06636685613458884,275.0,0.013603481088244399
-0.062078481507020916,-0.024703060186999082,276.0,0.06236346352981578
-0.05434022202254492,0.03862201768017565,277.0,0.05339078356028735
0.002708700271849515,0.06553698337764718,278.0,-0.004003877403570902
0.05616234872764323,0.03226310944958167,279.0,-0.056617466692426496
0.05743503898985178,-0.029719810702681475,280.0,-0.056652455053957454
0.0064015404707192585,-0.06342254434270213,281.0,-0.00511811993314841
-0.049448512163221985,-0.03872672705287142,282.0,0.05005460191297058
-0.05918151127529373,0.020731584967948018,283.0,0.05857198124402614
-0.014851047257963039,0.06014134990840213,284.0,0.013604800932378834
0.042119972795170206,0.0440263068416899,285.0,-0.042855915735233
0.05962264052336887,-0.011845152783664624,286.0,-0.05918848317290564
0.022506451766439714,-0.05582807970904262,287.0,-0.021320561012696318
-0.03436157631244037,-0.04812185399369416,288.0,0.03520484273906884
-0.05882547228692568,0.003235318838076158,289.0,0.058565304620388135
-0.02925830292938658,0.050630560654009844,290.0,0.028153371615301064
0.026356146283640806,0.05100019047703038,291.0,-0.02728333577053873
0.05687833224328889,0.00493891748132632,292.0,-0.056787313192723836
0.03502190012516532,-0.04470599477917829,293.0,-0.03401568568616259
-0.018280883641682788,-0.05267366137753858,294.0,0.01926825166605653
-0.05388779056442921,-0.012536675395924297,295.0,0.05395792083107144
-0.039737574468826066,0.038217216099529286,296.0,0.0388447925190747
0.010304090199529997,0.05317839747312017,297.0,-0.01132805109816927
0.049975432011049904,0.01943700283033121,298.0,-0.05019590067653956
0.043370444625894525,-0.031329050902338465,299.0,-0.042602646813352275
-0.002582263964261501,-0.05257219523338329,300.0,0.0036198613682297473
-0.045274508754327106,-0.02554017578419686,301.0,0.04563207688968906
-0.045909682716063355,0.02420484948123844,302.0,0.04527520603999101
-0.0047423963267259495,0.05093207964061488,303.0,0.003713059251276886
0.03992655082977758,0.030768490296818295,304.0,-0.04040596214547852
0.04736733376700639,-0.01700324986532529,305.0,-0.04687131822585424
0.011544050525829573,-0.04835161787061106,306.0,-0.01054342744166336
-0.034078005627338315,-0.035066560446716,307.0,0.03466241423862124
-0.04777673872757213,0.009875225852309447,308.0,0.04742120896034602
-0.017714823768059745,0.044938052976556626,309.0,0.01676159322268684
0.02787697307290918,0.03840114509180939,310.0,-0.0285483786831512
0.047190616200068015,-0.0029614628262204096,311.0,-0.046974621733621
0.023165954218604724,-0.04080932635370885,312.0,-0.02227674313376872
-0.02147009732876057,-0.04076053431772393,313.0,0.022209778547553558
-1.094406853632767,0.5053964944269684,0.0,0.515928736754061
-0.2180547023714162,1.147862631903525,1.0,0.19448638961811482
0.8394316295325056,0.7859001339977029,2.0,-0.8522772993361971
1.1118748205856328,-0.28427079789717924,3.0,-1.1025172327500172
0.36682482463481597,-1.0744897514421636,4.0,-0.34422149859384854
-0.6973792386803547,-0.8709931141514754,5.0,0.7123910495734048
-1.1057121690108869,0.12130677824887526,6.0,1.0996180916111602
-0.4994707485967247,0.9835367508977588,7.0,0.47823592034375306
0.5494160027262208,0.9334163652685986,8.0,-0.5661624975436025
1.0774203753029008,0.03463409876901524,9.0,-1.0745236979245736
0.6142337153147207,-0.8778772232418547,10.0,-0.59471956469625
-0.3988954258671272,-0.9732205025237267,11.0,0.4169349934680233
-1.0288635402299013,-0.18078929612184158,12.0,1.0290369735545983
-0.7098210924341609,0.7605165184713464,13.0,0.6923242947149671
0.24902773074080564,0.9909132221136481,14.0,-0.2679181788391438
0.9622093591637689,0.3147561760291162,15.0,-0.9652705865674938
0.7854055187076449,-0.6345229477246428,16.0,-0.7701644431102772
-0.1028229128324486,-0.9874223573812776,17.0,0.12213049516817953
-0.8798673554144557,-0.4345199060257604,18.0,0.8855859454726589
-0.8406146356277171,0.5029617132512754,19.0,0.8278078928475402
-0.03695881663594339,0.9640525416140078,20.0,0.017651070603624808
0.7844257922667964,0.5384718526978216,21.0,-0.7925306872672483
0.8755121631752429,-0.36883274922964615,22.0,-0.8652584528526802
0.16784862171044074,-0.9224367312289651,23.0,-0.14893340337751915
-0.6785886237521367,-0.625418642954641,24.0,0.6887760183714203
-0.8905712086452285,0.23501350987838732,25.0,0.8829303941958274
-0.2877022846343666,0.8644838745765967,26.0,0.2695414335832408
0.5651137641972055,0.6945822520292744,27.0,-0.577055191379125
0.8866408037068189,-0.10420758033251265,28.0,-0.8816161211707507
0.39472491075952393,-0.792324015138936,29.0,-0.37764385231740083
-0.4467538552275643,-0.7455916389801159,30.0,0.46010430275007896
-0.8649067446253036,-0.02110018365336863,31.0,0.8624480345742817
-0.48748709020535386,0.7082520950248885,32.0,0.47177033753039777
0.32620058946866515,0.778466592046414,33.0,-0.3406064803341202
0.8268478638375875,0.13868145501285234,34.0,-0.8268557010298719
0.564932685089579,-0.6146716773796124,35.0,-0.5508204352675583
-0.20603351616585763,-0.7935945660744809,36.0,0.22114039844118027
-0.7741888882891632,-0.24659481612243794,37.0,0.7765194728023369
-0.6263785716420767,0.5140397370053768,38.0,0.6140644013130553
0.0886741089103721,0.7917013912061468,39.0,-0.10413391553885154
0.7088510420735439,0.3432085351408831,40.0,-0.7133217080946891
0.671506810958043,-0.4088135798376519,41.0,-0.6611364543097747
0.023654276797029437,-0.773816805467394,42.0,-0.008176520817220756
-0.6329015293816113,-0.4272157175535962,43.0,0.6392967236463937
-0.700349848543681,0.30140084685574664,44.0,0.692021019489944
-0.12896008475723558,0.7412358136898215,45.0,0.11378021205656619
0.5485029903847745,0.4976419688025008,46.0,-0.5565805713263094
0.7132694496383379,-0.1941134396270744,47.0,-0.707032650991238
0.22551056349768167,-0.6954769017040833,48.0,-0.21091995568208788
-0.4578639595967983,-0.5538458482791297,49.0,0.4673616704141531
-0.7109301635275067,0.0891260761718693,50.0,0.7067904092300655
-0.3118519354407651,0.6382381387822856,51.0,0.2981130208753402
0.3631912759147248,0.5955125252460444,52.0,-0.37383324978520205
0.6942681751374843,0.011559949608273001,53.0,-0.6921875373550159
0.38682271772690485,-0.5713521840982427,54.0,-0.37416532035985495
-0.2666452985687567,-0.6226411616010898,55.0,0.2781484618258173
-0.6644564460332917,-0.10614737090706983,56.0,0.6643573272658911
-0.4495603225893302,0.4967411761119847,57.0,0.4381788865156111
0.17029867639791157,0.6355266434153001,58.0,-0.18237892539088363
0.622867069872228,0.19306761929884897,59.0,-0.6246360913181039
0.499501194410215,-0.41637242915756906,60.0,-0.48955288962050564
-0.07609930207425168,-0.6347363618905557,61.0,0.08847734126341378
-0.5710317701471116,-0.27099940800140443,62.0,0.5745241613466956
-0.5363748570651469,0.33221579127200085,63.0,0.5279785535897771
-0.014162038997929711,0.621082804267126,64.0,0.0017552967162393074
0.5106014518026373,0.33888120370803465,65.0,-0.5156458230953403
0.5601923472584983,-0.24620343378014553,66.0,-0.5534284279990476
0.0988789405464154,-0.5955927561366426,67.0,-0.08669749562901174
-0.44330568446415664,-0.3959176892378105,68.0,0.44970906290060425
-0.5712295960275129,0.16019274882272116,69.0,0.5661405632415658
-0.17665130919391456,0.5594739388635998,70.0,0.1649297881535411
0.3709129452934524,0.44158043551439485,71.0,-0.3784659562412779
0.570006390598642,-0.07593292842680954,72.0,-0.5665982074834571
0.24630182489655403,-0.5140799100110862,73.0,-0.23525183670757094
-0.2951923858170676,-0.4756031064284211,74.0,0.30367446639258167
-0.5572616018511365,-0.0049643095613643995,75.0,0.5555056991335852
-0.3068869120263311,0.4608740417833185,76.0,0.2966940848489591
0.2178778115659135,0.4979716124881751,77.0,-0.22706234800533187
0.5339253986870242,0.08104949479806722,78.0,-0.533761266681024
0.35770231764227883,-0.40139336378467977,79.0,-0.3485240365122272
-0.14063447824590677,-0.508909707672607,80.0,0.1502937671626403
-0.5010891898818765,-0.15105543528026594,81.0,0.502427469202116
-0.39828349755221265,0.3372130133653198,82.0,0.3902473482280594
0.06502921571878033,0.5088605877869196,83.0,-0.07493915860034756
0.45997403708164863,0.21391237449308653,84.0,-0.4627000161149922
0.4284011046839707,-0.269911981179696,85.0,-0.42160401417692533
0.007495706383721836,-0.49846509742791506,86.0,0.002448744619759635
-0.4118982703970967,-0.2687582504212979,87.0,0.41587569471155383
-0.4480519567431313,0.20104077320013153,88.0,0.4425600074372582
-0.07564465778558571,0.4785371862863556,89.0,0.06586995897746195
0.35824501166844974,0.31494413302176394,90.0,-0.36332010971803497
0.45744593012337004,-0.13209153527103668,91.0,-0.45329481203976046
0.13828645854577665,-0.450037274143298,92.0,-0.12887042462684933
-0.30043027129064953,-0.3520350103538461,93.0,0.30643590194638276
-0.45698928385824605,0.06447110440440162,94.0,0.4541853387036737
-0.19446780820812132,0.41404418805262355,95.0,0.1855810559101398
0.23987223404582536,0.3798061782528074,96.0,-0.2466320645038106
0.4472649606708879,0.0005226355389936765,97.0,-0.44578676197229866
0.2434223151768066,-0.37172632560186464,98.0,-0.23521476073120662
-0.17796228936683867,-0.3982355630022273,99.0,0.18529491669427994
-0.4290104417999254,-0.06172080533607183,100.0,0.42881084776992706
-0.2845751989007014,0.32431267580462164,101.0,0.2771742145389486
0.11603829363208708,0.40749236999175975,102.0,-0.12376122941041623
0.40309374844822327,0.11809979047781777,103.0,-0.40410235830055524
0.31754382122917507,-0.27306429529296045,104.0,-0.3110529575404655
-0.055360478300820595,-0.40792250318182194,105.0,0.06329392329806588
-0.3704881858704068,-0.16879359993180354,106.0,0.3726141261330726
-0.34213427902278054,0.21924679341458364,107.0,0.33663254620173055
-0.002909660211247775,0.40003123996861595,108.0,-0.005060684118122771
0.33224641697813395,0.21310229943255876,109.0,-0.33538138191856637
0.35833435669319846,-0.1641043270799733,110.0,-0.35387604674767426
0.057727233220292704,-0.3844636736418902,111.0,-0.04988423965298194
-0.28947443180124854,-0.2504965763848502,112.0,0.29349590132969533
-0.3663031939851798,0.1088355463321089,113.0,0.36291821601852775
-0.10817842006483512,0.3619834512029824,114.0,0.10061487210741127
0.24330594828000882,0.28061856881616815,115.0,-0.24808050754867028
0.36635807042703944,-0.054571866258232016,116.0,-0.3640527622947838
0.1534914206266471,-0.3334503382447381,117.0,-0.1463448724339697
-0.19487773990753926,-0.3032791590835189,118.0,0.2002644271691209
-0.3589587431403809,0.0023583716746622407,119.0,0.3577171152332707
-0.1930438816059417,0.299797135486967,120.0,0.18643539584145635
0.1453063380345876,0.31845199325245765,121.0,-0.1511599510264297
0.34468979902864116,0.04686241037464206,122.0,-0.34447515972045745
0.22636685086741049,-0.2620064541958442,123.0,-0.22039949691446403
-0.09566650261206008,-0.3262645384641525,124.0,0.10184079863544693
-0.32424149590010454,-0.09226370727852817,125.0,0.32499840337537067
-0.2531453816228085,0.2210878310485742,126.0,0.2479031872016063
0.046971796248635164,0.3269865326604919,127.0,-0.05332252704959822
0.29838957017712087,0.13314457478619562,128.0,-0.3000460519352585
0.27321596926062536,-0.17805562811438969,129.0,-0.26876332036899997
-0.00015753418168223997,-0.32101621343447795,130.0,0.006545263531066159
-0.2679744820446525,-0.16893682517162015,131.0,0.27044446135218336
-0.28656105740486737,0.1339081217011251,132.0,0.2829425326766055
-0.04393368143661166,0.30886473541782317,133.0,0.03764102211117032
0.23388055291231627,0.19920885192471316,134.0,-0.23706642080310064
0.29330089561394174,-0.08960813612583524,135.0,-0.29054151316846033
0.08456369923244252,-0.29113919861739396,136.0,-0.07848855389033516
-0.1970154257643212,-0.22366645391426437,137.0,0.20081069779891644
-0.29368306854649495,0.04606552631079203,138.0,0.29178891628467996
-0.12110774842853948,0.2685247137621092,139.0,0.11536100663885385
0.15829024733024458,0.2421508169982428,140.0,-0.16258224614944763
0.28807004515382095,-0.004121757808089321,141.0,-0.28702925935163587
0.15306054269019623,-0.2417659254977371,142.0,-0.14773995722795766
-0.11860093309700734,-0.25463385966910324,143.0,0.12327344070805824
-0.27692511642862205,-0.03546322428021831,144.0,0.2767091684437757
-0.18003959843073752,0.21164840078299718,145.0,0.1752285622052603
0.0788108331352964,0.2612111909009332,146.0,-0.0837466607474413
0.2607971015520072,0.07202170372058836,147.0,-0.2613623485298465
0.2017858623056795,-0.1789802688608766,148.0,-0.19755254856498206
-0.039735069706720964,-0.2620929624763578,149.0,0.04481849765826856
-0.24030420520878026,-0.10498640220144143,150.0,0.24159365787624634
-0.2181617918343129,0.14457447156255077,151.0,0.21455865397718224
0.0021267678372164697,0.257592924455956,152.0,-0.007245813553068414
0.21611740381378933,0.1338961676175067,153.0,-0.21806266276488406
0.22914707650346589,-0.10923194939416417,154.0,-0.22621069673359764
0.0333346513378914,-0.248116011020511,155.0,-0.028286173471662318
-0.18894372597517486,-0.15839917269423853,156.0,0.19146703725528222
-0.23483222378536445,0.07372605087298298,157.0,0.23258349336710366
-0.06605299649299155,0.23414479475003266,158.0,0.06117365310974843
0.15950977339639552,0.1782537038851277,159.0,-0.16252615463267117
0.23541026485525957,-0.038788410960880065,160.0,-0.23385487299463292
0.09552258455309848,-0.21622515073165932,161.0,-0.09090176234617178
-0.12854580336768626,-0.19332666482928257,162.0,0.13196519309576965
-0.23116685819849556,0.005096500245673902,163.0,0.23029606163532607
-0.12133325451028781,0.19495146807481828,164.0,0.11704987688162347
0.09677066387350426,0.20358995789909878,165.0,-0.10050004899369719
0.2224690856799432,0.026736999200559636,166.0,-0.22226072698997165
0.1431731465257593,-0.17095173596012495,167.0,-0.1392946777725955
-0.06487783805406637,-0.20911494100072084,168.0,0.06882331742673581
-0.20975324508698195,-0.0561728815892891,169.0,0.21017298450069852
-0.1608293199357201,0.14487281484981324,170.0,0.1574110604836601
0.033522817245601286,0.2100651844543748,171.0,-0.03759156317324
0.1935119458626823,0.08275210488308246,172.0,-0.1945146691138941
0.17418632344453452,-0.11736618163076862,173.0,-0.17127099351462935
-0.003311982036567032,-0.20668777426042914,174.0,0.007414065684407667
-0.174280811055839,-0.10610045844108462,175.0,0.1758121743752951
-0.1832228658398578,0.08907441100660371,176.0,0.18084046921671648
-0.02520687034246446,0.1993034232776486,177.0,0.021156818786107756
0.1526250788763701,0.125931233536946,178.0,-0.15462315172246222
0.18800676555795842,-0.060618625205548504,179.0,-0.18617471991830356
0.051552255515917154,-0.18829566085553756,180.0,-0.04763357607995511
-0.12912638220083933,-0.14204595873989076,181.0,0.13152334862575124
-0.18868838204718255,0.03258711086170929,182.0,0.1874118976766718
-0.07531493265548289,0.17409937444842435,183.0,0.07159967311315546
0.10436996454409235,0.15433329789614944,184.0,-0.10709384517615911
0.18549275093594775,-0.005525266609421875,185.0,-0.1847654356652622
0.0961620205029887,-0.15718897399018097,186.0,-0.09271389572867814
-0.07893256708144028,-0.16276624012530916,187.0,0.08190892550441517
-0.17871065844518527,-0.020072991657551775,188.0,0.17851532332840778
-0.11383932069016534,0.13806644171247737,189.0,0.1107129020924677
0.05337119399675227,0.16739773844744055,190.0,-0.056524793728973954
0.16868889834783998,0.04377227794972058,191.0,-0.16899853600759954
0.1281719055024642,-0.11724951712048043,192.0,-0.12541204362322242
-0.02821293349757682,-0.16835497608701275,193.0,0.0314693147464154
-0.1558199572345991,-0.06520118256670482,194.0,0.15659886292015354
-0.13906305920378106,0.09526024954967655,195.0,0.13670453764477605
0.003945980040792519,0.16583245698360444,196.0,-0.007232928838638991
0.140531371160268,0.08405610015641177,197.0,-0.14173637540802558
0.146491690334676,-0.07261412971668699,198.0,-0.14455910457938023
0.018988029593899614,-0.16008412950843073,199.0,-0.015739143484180818
-0.12327498927314093,-0.10010345583742426,200.0,0.12485677060074821
-0.15050835665647855,0.049809987588590315,201.0,0.14901620715622876
-0.04020028702592421,0.15141475987600844,202.0,0.037053323007155
0.10451636820104147,0.113180377399024,203.0,-0.10642081447504587
0.15123006437931694,-0.02732081740163303,204.0,-0.15018304953147366
0.0593596433908099,-0.14017077439329456,205.0,-0.056372669087640936
-0.08472450527688125,-0.12319389040087808,206.0,0.08689409323398088
-0.1488340188278062,0.005585662437690708,207.0,0.14822751024629743
-0.07619598643282152,0.12673078773015342,208.0,0.0734204339956266
0.06436209967739877,0.13011873856251985,209.0,-0.06673726348453486
0.14355051470717006,0.014997337109337039,210.0,-0.14337119450470107
0.09050217956559298,-0.111496028131736,211.0,-0.08798218606172054
-0.04387650880119715,-0.13399395382818097,212.0,0.04639697045764765
-0.13565516067365643,-0.03407665951748684,213.0,0.13588179835859618
-0.10213460720844389,0.09488086030696528,214.0,0.09990654179294983
0.023691543328171177,0.1349183186783287,215.0,-0.026297580075827498
0.12546063511341982,0.05135183595383459,216.0,-0.12606498017068984
0.11101239647153423,-0.07730359305131232,217.0,-0.10910457307695964
-0.004200218991770941,-0.13304487748666272,218.0,0.006833845625432433
-0.11330816810153135,-0.06657658833522824,219.0,0.11425593336757273
-0.11711540810272038,0.05917774197674114,220.0,0.1155479786890519
-0.014241443235750875,0.12857466392965838,221.0,0.011635396250507801
0.09955893872744902,0.07956068232016701,222.0,-0.10081084927080972
0.12048110922890083,-0.04090389854461578,223.0,-0.11926612924849998
0.03131950350773041,-0.12174981767443739,224.0,-0.028792431965804707
-0.08458556767725185,-0.09017053257042301,225.0,0.0860984500391624
-0.12120045661344143,0.022862335461351496,226.0,0.12034211133009347
-0.04676603741273576,0.11284626590425315,227.0,0.044364737844097835
0.0687638725495828,0.09832862063500224,228.0,-0.07049175984075881
0.11941293177924854,-0.005406455946120395,229.0,-0.1189079094724908
0.06036190530375931,-0.10216614386645786,230.0,-0.05812789106445143
-0.052465038285629276,-0.10401180644279497,231.0,0.05436026773928973
-0.11530087836486852,-0.011142829043678318,232.0,0.11513887427423884
-0.07193836816732717,0.09003012379240734,233.0,0.06990733280691525
0.03604833777699483,0.10724863217601366,234.0,-0.0380626188766988
0.1090832975155437,0.026501735312767782,235.0,-0.10924763066214908
0.08137758434122386,-0.07676981354049747,236.0,-0.07957901458426966
-0.019854518660205298,-0.10811573203791745,237.0,0.02193995183260765
-0.10100925906043988,-0.04042721495024923,238.0,0.10147758282773318
-0.08861204215288544,0.06272037549830099,239.0,0.08706897965427285
0.00419995200181841,0.10673347300144556,240.0,-0.0063099800330904815
0.09135108485470167,0.05271952715314429,241.0,-0.0920961714158651
0.0936230019845964,-0.048213503034165855,242.0,-0.09235195003909111
0.010628382490541885,-0.1032609599815879,243.0,-0.008538105744793564
-0.08039745619194938,-0.06322377855472704,244.0,0.0813880345303615
-0.09643803713736639,0.03357087652158634,245.0,0.09544900579876586
-0.024377021455711308,0.09789054403001661,246.0,0.02234785791847098
0.06844658989078685,0.07183046174191225,247.0,-0.06964821724876419
0.09712777598940082,-0.01909820409984539,248.0,-0.09642445662280748
0.03682922098890627,-0.09084197418590853,249.0,-0.0348988809291223
-0.05579961784111513,-0.0784750393500996,250.0,0.057175564925836045
-0.09580195822025521,0.005079934317682236,251.0,0.09538201639870232
-0.04780722641495657,0.08235633267476779,252.0,0.04600921415004837
0.042754292808810206,0.08313663777534765,253.0,-0.044266423951850944
0.09260492525510487,0.008225290932697416,254.0,-0.09246039915194601
0.057173616915417336,-0.07268988941863667,255.0,-0.055536794333920086
-0.029599129510577697,-0.08583592892336518,256.0,0.031208760174319394
-0.08771066959313625,-0.020588393824131426,257.0,0.08782845962435376
-0.0648317515388186,0.06210800554358416,258.0,0.06338002146035505
0.01660807476994781,0.08663229036108569,259.0,-0.018276790278953237
0.08131756939564175,0.031812797913200394,260.0,-0.08168000383949847
0.07072535985435736,-0.050879207021790954,261.0,-0.06947746868637077
-0.004035784341692622,-0.08562034365075218,262.0,0.005726205446432986
-0.07364293375107973,-0.04173653338812422,263.0,0.07422839441715644
-0.07483733538654175,0.03926953907129861,264.0,0.07380679214550913
-0.00788643286468216,0.08292597748140258,265.0,0.0062099500649301365
0.06491748058104621,0.05023351588518115,266.0,-0.06570107230603912
0.07718780279628133,-0.027537299783410712,267.0,-0.07638290936208238
0.018953959542225264,-0.07870196648308882,268.0,-0.017324699731420187
-0.05537986341850264,-0.05721402099269579,269.0,0.05633411122178515
-0.07783154041198839,0.01592823800140003,270.0,0.07725552592395203
-0.028991477105166648,0.07312329837369157,271.0,0.02743982619443676
0.045271355526765096,0.06262439163177656,272.0,-0.046366913634743635
0.0768548480728235,-0.004671286079985029,273.0,-0.07650609866905644
0.037854825102028436,-0.06638232146102191,274.0,-0.03640782105129442
-0.03483079031109464,-0.06644602893848733,275.0,0.036037147938769304
-0.07437195628854783,-0.0060251168357708385,276.0,0.07424432996294489
-0.04543211864931535,0.05868382165148487,277.0,0.04411309653768493
0.024289845999760216,0.06869372889691559,278.0,-0.025576015726251414
0.07052107645832434,0.015976070624138944,279.0,-0.07060429167563624
0.05164414436885254,-0.05024013319517559,280.0,-0.05047247744326123
-0.01386875044620264,-0.06941343665335376,281.0,0.015203926195517387
-0.0654601933823813,-0.025022603888262065,282.0,0.0657402792518712
-0.05644406879292524,0.04126638064056304,283.0,0.055435005173202004
0.0037724689423155947,0.0686794980955633,284.0,-0.005126641957277078
0.059362700646353204,0.03303339715261682,285.0,-0.059822495913955734
0.0598165052064044,-0.0319759411266533,286.0,-0.05898109799754962
0.00581257555305888,-0.06659149387212152,287.0,-0.004468052822675997
-0.05241297679643134,-0.039905843322323546,288.0,0.05303266466342594
-0.06177599526617652,0.022576206469754577,289.0,0.06112112205791841
-0.01472121407178887,0.06327074455852619,290.0,0.013413124604546023
0.04480199572535531,0.045566462432197787,291.0,-0.04555966153010651
0.06236497035953612,-0.013264713776921372,292.0,-0.06189343651271212
0.022811653114781272,-0.05885657719857218,293.0,-0.02156447918905794
-0.03672305855317099,-0.04997069985386793,294.0,0.03759525764265543
-0.061651264461141796,0.0042257018203289975,295.0,0.06136198320051864
-0.029966997173590165,0.05350244304919361,296.0,0.02880255642741924
0.02836772673262551,0.05310214796943401,297.0,-0.029330050380867688
0.05972525519086366,0.004372861584935085,298.0,-0.059613496368216536
0.03609617621077661,-0.047371974151458794,299.0,-0.035033333090279915
-0.01992202737349825,-0.05497124071611291,300.0,0.020949655350304824
-0.056696712869735426,-0.012381748171552548,301.0,0.05675441133938792
-0.04113429388834733,0.04063506249142857,302.0,0.04018874796285245
0.011562992109401576,0.05561347824984443,303.0,-0.0126312214398374
0.05269143866290985,0.019672412925323714,304.0,-0.052907552526113566
0.04504242319497161,-0.033464040178012716,305.0,-0.04422657416591931
-0.0034555804756689398,-0.055087245198489156,306.0,0.004540321021555445
-0.04784777246585856,-0.026138403940904366,307.0,0.048208680994173865
-0.0478068858095603,0.026030032442694133,308.0,0.047129773494216376
-0.004249972021276189,0.05347129054450608,309.0,0.0031717433034179204
0.04231304914214778,0.031696240843304586,310.0,-0.042802979975905577
0.04943805992236545,-0.018499547569350086,311.0,-0.04890537606622083
0.011420351940159527,-0.05086194009683785,312.0,-0.010370184898125176
-0.03624007819376139,-0.03628577485791956,313.0,0.03684155342194701
-1.1820413546009172,0.3292205246934232,0.0,0.5702183972429964
-0.4164876642300416,1.1255638674320483,1.0,0.3927026691567137
0.71302033585717,0.9391978786663119,2.0,-0.7293373710354434
1.1711265871700403,-0.09839484469250537,3.0,-1.1652707454466398
0.5541285889289322,-1.0258766743071848,4.0,-0.5318692784247664
-0.5550547525017426,-1.0011756088676584,5.0,0.5731308957749076
-1.1370290177214606,-0.06563059756034995,6.0,1.1345507825866523
-0.6724840364131837,0.9111304824604566,7.0,0.6521142724482565
0.3949996384446736,1.039182079585486,8.0,-0.414364813865169
1.081792185543145,0.21876914344474363,9.0,-1.0825452629666446
0.7702699866870156,-0.7845359732486906,10.0,-0.7520940118718855
-0.23623188705224252,-1.053840290875625,11.0,0.25641717736709535
-1.0077705547967881,-0.3585402573718155,12.0,1.011551451659987
-0.8466955386768854,0.6493578241480891,13.0,0.8309552605230142
0.08190555428701077,1.0462118201129411,14.0,-0.10245267032226724
0.9175635224579439,0.48287972637070964,15.0,-0.9241190162221247
0.9014502786049448,-0.5088451670983302,16.0,-0.8883239797118081
0.06509931159318331,-1.0177496908251826,17.0,-0.04462932915659357
-0.8139482878792564,-0.5901573974089369,18.0,0.822983472653846
-0.9346826117975384,0.36616641280309226,19.0,0.9242850291589172
-0.20221928762807853,0.9702460249815794,20.0,0.18223826636198037
0.6998130155727164,0.6791850538398464,21.0,-0.7109997273745089
0.9469700248660482,-0.2243495122804734,22.0,-0.9393537169515411
0.32724127235196127,-0.9057758471746361,23.0,-0.3081271123412477
-0.5780916334737678,-0.749214845038082,24.0,0.591077061242985
-0.9392823530077719,0.08622855398539742,25.0,0.9344402518215252
-0.4383270948216075,0.8266384077042471,26.0,0.4204180586981826
0.4517014975201883,0.7999288513007632,27.0,-0.46611679394170324
0.9129392068483666,0.045602586340152684,28.0,-0.9108082340533177
0.5340290651710404,-0.7352973624266179,29.0,-0.5176192068170421
-0.32348502340540675,-0.8314205124858329,30.0,0.33895374042294646
-0.8695627648025609,-0.1688290111368157,31.0,0.8700283763990905
-0.6132966779496888,0.6343210925690546,32.0,0.59863243653339
0.19615624157214487,0.8441687719118455,33.0,-0.21230242923852227
0.8110271609555868,0.2814456351006289,34.0,-0.8139286740096202
0.6754748471328127,-0.5263243701389397,35.0,-0.6627528078814726
-0.0722530757063062,-0.8390058856120162,36.0,0.08870889926494152
-0.739405696078452,-0.38177992264269767,37.0,0.7445422436209415
-0.7202942018577703,0.41391247697670996,38.0,0.7096600011655468
-0.045904018017303545,0.8170799205404344,39.0,0.02949126968440685
0.6569170721727826,0.4685065378103115,40.0,-0.6640540285782065
0.7478541025991287,-0.29962877107335806,41.0,-0.7394024330965338
0.15624658016180545,-0.7798130137350967,42.0,-0.14020820181030513
-0.5658718008948121,-0.5406540797003462,43.0,0.5747475196589524
-0.7585991471291781,0.18590656579817344,44.0,0.7523747985534376
-0.256985541307698,0.7288564882276956,45.0,0.24162592063335653
0.46861986568066777,0.5976042272844795,46.0,-0.47895257437361727
0.7532900232120943,-0.07502604955474557,47.0,-0.7492898775893128
0.34663133782441,-0.6660439216033517,48.0,-0.3322233317578571
-0.3675006290132369,-0.6390837530806733,49.0,0.3789953320225836
-0.7329696300516801,-0.030923171496043955,50.0,0.7311455150386977
-0.4240067648273921,0.5933432409331174,51.0,0.41078798636548897
0.26479587287219203,0.6651499833833463,52.0,-0.2771511210972183
0.6989254330426155,0.13007347330043106,53.0,-0.6991877254204557
0.48825272787013413,-0.5128088750739074,54.0,-0.4764227659375439
-0.1626867449702986,-0.6761703824049057,55.0,0.17560114252919867
-0.6526490368114354,-0.22080427050757523,56.0,0.654870899157495
-0.5388271899384371,0.42653493412441595,57.0,0.528545764488792
0.06321525895031212,0.6727970177448129,58.0,-0.07639358988496936
0.5957939607468614,0.3017605895979425,59.0,-0.5998160882474013
0.5754977314376855,-0.33661030845786255,60.0,-0.5668837668496481
0.031749133648788765,-0.6559367245963882,61.0,-0.018590261147448106
-0.5301325804616152,-0.371865158370725,62.0,0.5357683316139539
-0.5983282464388542,0.24507648874283916,63.0,0.5914598285755914
-0.12053751515204865,0.626717825979952,64.0,0.1076645936910281
0.45751315948473675,0.4303241434916405,65.0,-0.46455394398643296
0.6076603872333076,-0.1538888063522631,66.0,-0.6025755535784442
0.20170376609307078,-0.5864542864077735,67.0,-0.18936195327348304
-0.37981783982125583,-0.47662678931855246,68.0,0.3880386390876814
-0.6040904404126359,0.06488168326704347,69.0,0.600788738698241
-0.27404100170327994,0.5366081774925224,70.0,0.26245037654557435
0.2989223899291226,0.5105393205129433,71.0,-0.3080872902407153
0.5884423708161696,0.02026163527104774,72.0,-0.586887109689402
0.3365921856479406,-0.4787513171785235,73.0,-0.3259447330774043
-0.2166584264170442,-0.5320935664965118,74.0,0.2265260514278622
-0.5617378047456855,-0.10003451083384518,75.0,0.5618589103996598
-0.3886550442368845,0.41452691090443916,76.0,0.37911238655832985
0.13477873374173802,0.541570846486131,77.0,-0.14510747172146288
0.5251637411733213,0.17312726911108967,78.0,-0.5268611265540903
0.42978151307896545,-0.34561197472821575,79.0,-0.4214733910751714
-0.054926206820863015,-0.5394817188552172,80.0,0.06547913827326501
-0.4800387799450623,-0.23844236583193318,81.0,0.48318612816228707
-0.45977204584002257,0.2736812591173249,82.0,0.45279553673306105
-0.021393162773852805,0.5265422475240706,83.0,0.010843719885442749
0.42777864019569584,0.29510435518109,84.0,-0.4322275010687146
0.47866520006082464,-0.20037331973104894,85.0,-0.4730846453287449
0.09283294311510526,-0.5036474709061686,86.0,-0.0825013407066294
-0.3698617115981967,-0.34246476065060455,87.0,0.3754458097851887
-0.4867229868817222,0.12725930021863646,88.0,0.48257059005974584
-0.15822435368671034,0.47184277591099083,89.0,0.1483080303407311
0.3077953371557512,0.38010204612262205,90.0,-0.3143349919257421
0.4844125293229573,-0.05581490399451994,91.0,-0.4816895726142692
0.21658969048485546,-0.43229388120021345,92.0,-0.20726614089023265
-0.24308347067694133,-0.40781697311157117,93.0,0.25039003093489387
-0.4723846171283224,-0.012604060681900009,94.0,0.47106323604516626
-0.267151083179164,0.38625612117009306,95.0,0.2585754096782228
0.17719628666251194,0.4256237072799644,96.0,-0.1850764901375962
0.4514497750548827,0.07678227304922652,97.0,-0.45147522249877353
0.30933467806948733,-0.33504369608617857,98.0,-0.3016377402071335
-0.11154224697972659,-0.4337371026461176,99.0,0.11980241933602614
-0.42255247613866914,-0.13566143574089085,100.0,0.4238458013707023
-0.34277042814633146,0.279999515734313,101.0,0.3360575930334786
0.047443049361519996,0.4325566446929767,102.0,-0.0558930671530844
0.3867441324163625,0.1883526541570335,103.0,-0.3892051962717666
0.3672877503469703,-0.22246621534458666,104.0,-0.3616382342628541
0.01388820059544803,-0.4226475735137458,105.0,-0.005431249972137897
-0.3451554836143829,-0.23414464959630926,106.0,0.3486662290553749
-0.3829073790059432,0.16375886500067577,107.0,0.37837415919961703
-0.07136533771680015,0.40471973513478465,108.0,0.06307385586517278
0.2989689804251827,0.27250788173146134,109.0,-0.30339687704600826
0.3898298027013186,-0.10513982895082319,110.0,-0.3864400679796502
0.12404383529501153,-0.37960472343917673,111.0,-0.1160768186186456
-0.24939172435625356,-0.30309473480678945,112.0,0.25459330665676183
-0.38842071863618644,0.047796160932100096,113.0,0.3861768181990342
-0.1711317665366659,0.34823187712733517,114.0,0.16363235322151143
0.1976294820901672,0.32573599300193573,115.0,-0.20345390409429176
0.37919397407009175,0.007180152442532728,116.0,-0.3780748162780041
0.21199702408027718,-0.31160368656687626,117.0,-0.2050905064533759
-0.14486224027820357,-0.3404338927476998,118.0,0.15115477325169407
-0.3627924880812434,-0.05880886428189541,119.0,0.3627553345063625
-0.24617086866692214,0.27077114507431427,120.0,0.23996318425743082
0.09222170822752544,0.3473520926397,121.0,-0.0988271136728
0.33996765928996203,0.1062348965099899,122.0,-0.3409502545432556
0.2733479485640864,-0.22680954917061805,123.0,-0.2679246526763093
-0.04077111259675656,-0.3468029444469246,124.0,0.047536829187578844
-0.31155776652084577,-0.14873844122052032,125.0,0.3134807409844523
-0.29338299487498626,0.18079521384067376,126.0,0.28880870752909266
-0.008512438439733148,0.33923248127021116,127.0,0.0017333479658102058
0.27846586033867116,0.18574172264308686,128.0,-0.281235341043667
0.3062844535257554,-0.13378352307702096,129.0,-0.30260276438807826
0.05475281251451937,-0.32520356110497656,130.0,-0.04809900045849441
-0.241637624750314,-0.21681247666678893,131.0,0.2451479891799481
-0.31220536183739034,0.08678868435561926,132.0,0.3094391684048557
-0.09718679151597007,0.3053776160560918,133.0,0.09078628777842795
0.20203966105972815,0.24166426830913093,134.0,-0.20617636954527938
0.31143181569806266,-0.040765499569450914,135.0,-0.30958406262570776
0.13517301834036405,-0.28049545959104777,136.0,-0.1291412451446189
-0.1606386109558231,-0.26015382481699223,137.0,0.16528105548356528
-0.30436940220353287,-0.0034065942663877302,138.0,0.3034241833791211
-0.16819794421074533,0.25135759702909544,139.0,0.16263610285425875
0.11838149455567526,0.2722756124354798,140.0,-0.12340580509190208
0.2915279921811758,0.04493702213787504,141.0,-0.2914519720074783
0.19587883027898204,-0.21880446864329148,142.0,-0.1908726710571726
-0.076177592535472,-0.27815392765905445,143.0,0.08145934626761081
-0.27350529740093804,-0.08313497486451299,144.0,0.2742494037911659
-0.2179639140096074,0.18369703111529037,145.0,0.2135828920200543
0.034882150910491634,0.2780328085583981,146.0,-0.0402989349533589
0.250969598826483,0.11741764889967324,147.0,-0.25247093765605827
0.23432990207163495,-0.1468980525742565,148.0,-0.23062671359134757
0.004717866265592749,-0.27226409831556697,149.0,0.0007159177213411638
-0.2246420454550644,-0.1473158096584637,150.0,0.22682598463882458
-0.24497699642017318,0.10925446008713008,151.0,0.24198748312289298
-0.041915805781402145,0.2612940113399096,152.0,0.03657652440836462
0.19527890876008852,0.17247672109189496,153.0,-0.19806127968861498
0.2500216983834937,-0.07158103732700649,154.0,-0.24776509992658505
0.07609502027537746,-0.24564856238564128,155.0,-0.07095332867258275
-0.16365415623191631,-0.1926645353028525,156.0,0.16694352096010195
-0.24968766650518276,0.0346457253491389,157.0,0.24816719605866094
-0.10673616810666861,0.2259182212278285,158.0,0.10188513151212164
0.13054267985418652,0.20775828219573578,159.0,-0.1342426141040516
0.2442949274155618,0.00084326792907638,160.0,-0.24349863962203497
0.13342210910623764,-0.20274215009216992,161.0,-0.12894346170399348
-0.09670448247528543,-0.21774763980996098,162.0,0.10071582709991408
-0.23424775507429074,-0.03424839270759414,163.0,0.2341496717585019
-0.15584043664324382,0.1767923687153121,164.0,0.15180357912024336
0.06287008790973865,0.22272670060269395,165.0,-0.06709312486144245
0.2200215424446976,0.06501160901366737,166.0,-0.22058299816630564
0.17378373215958803,-0.1487581733025918,167.0,-0.1702450384780521
-0.029727400235203982,-0.22288597716938385,168.0,0.034063913184596284
-0.20214899128059316,-0.09266110585356563,169.0,0.20332015856284483
-0.18714766962908122,0.11933111148585404,170.0,0.18415009910654964
-0.002089804853314216,0.21850291251801957,171.0,-0.002265379558611391
0.18120594060834988,0.11681587534244628,172.0,-0.18292749335804548
0.19592713370350595,-0.08919078648169806,173.0,-0.19350013851319334
0.03201161761231455,-0.20993117498683336,174.0,-0.027727425028230696
-0.15779714316603666,-0.13718817369949093,175.0,0.16000201640641795
-0.20021054616869136,0.05899173087717979,176.0,0.19837025893453478
-0.059539865837950165,0.1975890263027818,177.0,0.05540966295377217
0.13254228210979144,0.15358394211605153,178.0,-0.1351574866289315
0.2001726204393697,-0.02935155471467818,179.0,-0.1989223017996361
0.08425406904705948,-0.18194705332866884,180.0,-0.08035288846436603
-0.10606249838828531,-0.16590129774502832,181.0,0.10901095019850052
-0.19606578299613903,0.0008405347108544903,182.0,0.19539650489490973
-0.10581546581580346,0.16351555006629623,183.0,0.10220931271147649
0.07896767305312294,0.17412723788901444,184.0,-0.0821699995887265
0.18821051386697082,0.02602722758024867,185.0,-0.18810205094753554
0.12396914457816642,-0.1428318269086469,186.0,-0.12071418000418097
-0.05184467919418892,-0.17833272847259904,187.0,0.055220966871517285
-0.17698486555899257,-0.05080099020236359,188.0,0.1774067644117188
-0.13854434499399787,0.12044770948347536,189.0,0.13568631694752767
0.02524678596605131,0.178666370782333,190.0,-0.028718236976836703
0.16281342144832187,0.07309884823280904,191.0,-0.16372621560907727
0.14945303029512194,-0.09691747029577771,192.0,-0.1470269497035591
0.0003156368857709526,-0.17534685807514167,193.0,0.0031748330405291514
-0.14615595083618182,-0.0926114922263084,194.0,0.14751248833634092
-0.15668686033553014,0.07278641341187289,195.0,0.1547169142807711
-0.024383000682013635,0.1686544459455911,196.0,0.020945608760408324
0.12749600907008093,0.10910427133376449,197.0,-0.12924285898453583
0.16031272004370206,-0.048580306320556155,198.0,-0.15881241017527906
0.04655288768713306,-0.15892166736296315,199.0,-0.04323539258897113
-0.10732971778052094,-0.12241761786435344,200.0,0.10940862256689457
-0.16046697834644325,0.024795824570413294,201.0,0.15943946855588453
-0.06648490612393024,0.14652352520249928,202.0,0.06334779697588361
0.08615494293215888,0.13246592007814764,203.0,-0.08850428435489978
0.15734866825806346,-0.0018921445413941362,204.0,-0.1567873223556928
0.08390400096718027,-0.13186739216399893,205.0,-0.08100057558562412
-0.06446106761987958,-0.1392349565023318,206.0,0.06701731565683128
-0.15121178966504228,-0.019716211524754834,207.0,0.15110087705920017
-0.09860224310966607,0.11538284053471223,208.0,0.09597794281560115
0.04271953297587625,0.14277802772284562,209.0,-0.04541864922919289
0.14235694244274374,0.03966520564313722,210.0,-0.14267248768626498
0.11043914912519351,-0.09751161272425195,211.0,-0.10813109208395295
-0.021375294835880278,-0.14321094017593938,212.0,0.024154064552780324
-0.13112249906867196,-0.05764574793343934,213.0,0.13183324961549286
-0.11934061069653244,0.0786979283534283,214.0,0.11737732170957159
0.0008393165896778664,0.14070601081380918,215.0,-0.0036365863617560112
0.11787552308172147,0.07340678297616858,216.0,-0.11894400868793092
0.12529653644848612,-0.05937930543292967,217.0,-0.12369786725262885
0.018517809446027014,-0.13548527159809434,218.0,-0.015760007984358115
-0.10300263288901847,-0.08675701612594164,219.0,0.10438628977537126
-0.12835732913029924,0.03997805237243919,220.0,0.12713455973252455
-0.036371048123642356,0.1278130586264486,221.0,0.0337065048150547
0.08690099991536643,0.09756532387461075,222.0,-0.08855333305527471
0.12862933761856957,-0.020893564790140234,223.0,-0.12778544606145698
0.052444879002074715,-0.11798817245107437,224.0,-0.04992235452413944
-0.06996965635189399,-0.10575991655309663,225.0,0.07184141402777795
-0.12626943593988432,0.002495536922652447,226.0,0.1257995212025007
-0.06651601638261198,0.10633579400537024,227.0,0.06417854342583657
0.05260127125766581,0.11132634305943093,228.0,-0.05464160728233254
0.12147889040368745,0.014881827560228045,229.0,-0.12137073091995569
0.0784149085895866,-0.09319933478472396,230.0,-0.07629925022920397
-0.03517453499750967,-0.11430444562776956,231.0,0.03733213568044985
-0.11449668103314281,-0.030944545796088227,232.0,0.11473140956989594
-0.08802605709456585,0.07893239086167278,233.0,0.08616232421529285
0.01804727147503556,0.11478438771723946,234.0,-0.020271426467982565
0.10559244490227433,0.045442492489906686,235.0,-0.1061453192954296
0.0952872177207056,-0.063890958328583,236.0,-0.09369864401304086
-0.0015503758610674332,-0.11290188978331873,237.0,0.003791974372251844
-0.09505920691659671,-0.05817193290841259,238.0,0.09590045540807043
-0.100187565275809,0.04842605326578368,239.0,0.09889043520509608
-0.014017346960885748,0.10883281595578737,240.0,0.011804910500706547
0.08320605825727823,0.06897696487086033,241.0,-0.08430177789479978
0.10276491930704165,-0.03287686277299619,242.0,-0.10176864161074616
0.028393390709795352,-0.10278725951990228,243.0,-0.026253414673829134
-0.07035093444284819,-0.07774990394396615,244.0,0.0716640211819932
-0.10310214207608354,0.017564535432093437,245.0,0.10240945881927238
-0.04135477270636817,0.09500327667840924,246.0,0.039326560262868335
0.05681363408729805,0.08443066555012327,247.0,-0.058304723832722435
0.10132283021900311,-0.0027867002534002344,248.0,-0.10093014926312632
0.05272026723008762,-0.0857404165195447,249.0,-0.0508385596558783
-0.042909206322316505,-0.08900521497063413,250.0,0.044537607131302226
-0.09758642884665979,-0.01118721684419871,251.0,0.09748426578189455
-0.062351659560612734,0.07527319064692974,252.0,0.06064619533519021
0.028941819901287868,0.09150317104937565,253.0,-0.030666416906226096
0.09208290108975802,0.024119830210270962,254.0,-0.09225641526848068
0.07015405222971624,-0.06388461880049677,255.0,-0.06864925355240054
-0.015199210624552387,-0.09199466161784284,256.0,0.016979326859039093
-0.08502708738848319,-0.03580875654360299,257.0,0.08545669567820921
-0.07607527245016275,0.05185997731211624,258.0,0.07479005813670135
0.0019477863355674657,0.09058653817221714,259.0,-0.0037439845218184553
0.07665288731562382,0.046088692595305236,260.0,-0.07731493856233923
0.08010444511662303,-0.03948086572827865,261.0,-0.07905216631928856
0.010571549251005665,-0.08741806410263622,262.0,-0.00879673681752055
-0.06720739259839019,-0.05483261774012774,263.0,0.06807488554831323
-0.08226980899432847,0.027019693744279316,264.0,0.08145830190139268
-0.02214681081576419,0.08265619482603799,265.0,0.02042823494587863
0.05694509350376061,0.06195214792150239,266.0,-0.05798842105011571
0.08263586458320196,-0.014734676098079047,267.0,-0.08206761221227628
0.032597558725915084,-0.07649056958080085,268.0,-0.030966896935634702
-0.046122272145852516,-0.06739708319209034,269.0,0.047309975233333704
-0.08129995058458014,0.0028654076366273207,270.0,0.08097234402732643
-0.041776731747363,0.06912833353180543,271.0,0.040262028796702945
0.03499168585895708,0.07115420501345604,272.0,-0.03629120114860725
0.07838835187406926,0.008370925237634885,273.0,-0.07829403988713488
0.04957169417652775,-0.0607889053765703,274.0,-0.04819700324942378
-0.023797631873959304,-0.07324539146558952,275.0,0.025176018325581417
-0.07405204541973756,-0.018782656747970625,276.0,0.07417936010672287
-0.055904521843858704,0.051698800042193245,277.0,0.05468964780483133
0.012771471467652876,0.07372512842151156,278.0,-0.014196102292711107
0.06846219174979475,0.02820605364557402,279.0,-0.06879563724585018
0.060731565496929436,-0.04208660856170561,280.0,-0.05969190950132718
-0.0021276778573272137,-0.07267750248112534,281.0,0.0035668857835438605
-0.06180547848253022,-0.03650701856041036,282.0,0.06232626903326568
-0.06404234252525084,0.03217822807582569,283.0,0.0631888452418277
-0.007939542281783044,0.07021276700160711,284.0,0.006515876838678811
0.05427941923727126,0.04358209142069459,285.0,-0.054966052852905324
0.0658578186812461,-0.02219242440604563,286.0,-0.06519699753929686
0.017259018369601767,-0.06646357592603826,287.0,-0.01587894486178798
-0.04608770613571669,-0.04935876945152587,288.0,0.046916560080759416
-0.0662281502676801,0.012336798080613345,289.0,0.06576222449426568
-0.025684755678929205,0.061580981352763915,290.0,0.024373803510521243
0.037435707293838036,0.053795178927063224,291.0,-0.03838164202981855
0.06522996413106728,-0.0028042123611589365,292.0,-0.06495705992413117
0.03309743845566769,-0.05573029000526201,293.0,-0.03187824452142232
-0.02852619243301377,-0.05687914310347427,294.0,0.029563151239451503
-0.06296325769673623,-0.006230270988009552,295.0,0.06287768469415113
-0.03940530290587673,0.049086871091357544,296.0,0.03829731964683041
0.019555360258444083,0.058626700452508194,297.0,-0.020656952588434946
0.05954800421984699,0.01461191543592269,298.0,-0.059640593489389285
0.04454439899096807,-0.04183200364254576,299.0,-0.043563684217942655
-0.010709230826674026,-0.05908013534406044,300.0,0.011849288479222168
-0.055120549461820406,-0.022208273074498727,301.0,0.055379042555532935
-0.04847827129964223,0.03414884549089597,302.0,0.04763735929715664
0.00216045501915346,0.0583055896225137,303.0,-0.0033135514012305745
0.049829885223172186,0.028910580362073897,304.0,-0.05023936340946694
0.051197099317329416,-0.026218598783489568,305.0,-0.05050495111440064
0.00593441827953278,-0.05639032805959739,306.0,-0.004792494213995795
-0.04383388269316305,-0.0346345908913713,307.0,0.04437722529776807
-0.05271634606066031,0.01821693857478667,308.0,0.052178375271252735
-0.01343718837305314,0.053439733455682426,309.0,0.012329010505299082
0.037295564562648216,0.039320861030283094,310.0,-0.037953925400988145
0.05307497119166319,-0.01031076181169193,311.0,-0.052693140497875
0.020229744970415985,-0.049574108247646895,312.0,-0.019175886249259595
-0.03037948946068099,-0.04293451448805449,313.0,0.031132780617861774
-1.1720595080357332,0.7207055840858834,0.0,0.5417872751523467
-0.08362588801273116,1.3239122902197753,1.0,0.05700157962442498
1.0593768495459748,0.7668113983661096,2.0,-1.0711106241067063
1.2154351239205126,-0.4772581596458758,3.0,-1.2018923967729804
0.2620376801899957,-1.262263071249906,4.0,-0.23604640231973284
-0.9110044201635823,-0.8827325415958875,5.0,0.9255388537582343
-1.2315651628519004,0.29280150437229313,6.0,1.2216394565371387
-0.4247302435527086,1.1785320565352715,7.0,0.3998637432264318
0.7527444769038721,0.9739499062962353,8.0,-0.7696208698412782
1.2217082302076374,-0.11313175744018023,9.0,-1.2153907753206243
0.5693101455810732,-1.0757081151357188,10.0,-0.5460086569278277
-0.5883915220508482,-1.0400469454023387,11.0,0.6071302563487752
-1.1875781601661193,-0.05837571707679401,12.0,1.1847873132018965
-0.6938917125876578,0.9569943707841666,13.0,0.672538003214333
0.42164300323964604,1.0811422680463814,14.0,-0.44175451530518606
1.1312826492033063,0.21870812569322662,15.0,-1.1318697968837779
0.7971058110666949,-0.8257305793820785,16.0,-0.778020743901876
-0.25602976661227544,-1.097856062208628,17.0,0.2770250831970211
-1.055257452906301,-0.3652554053827539,18.0,1.0590139347001737
-0.8780976122384423,0.6853172480458358,19.0,0.8615372248547454
0.09485394841541778,1.0912682716264095,20.0,-0.11625459699708518
0.9621977427842678,0.495839853968722,21.0,-0.9688625915344445
0.9365140268222363,-0.5391429375551893,22.0,-0.9226680992660719
0.05886486497718823,-1.0628698577557554,23.0,-0.037517736511765154
-0.8549881845340639,-0.6087352415995578,24.0,0.8642564801218056
-0.9724816671494373,0.39051604134202056,25.0,0.9614737207242519
-0.20243459513333226,1.014508540717338,26.0,0.18157202893598734
0.7366332342887884,0.7026756271926626,27.0,-0.7481648647337008
0.9865763364686523,-0.24260216780954635,28.0,-0.9784649801610009
0.33352635060459407,-0.9483304442691579,29.0,-0.31354443183526703
-0.6101890577932154,-0.7768543000736522,30.0,0.6236176858822712
-0.9797851593891215,0.09836807318969354,31.0,0.9745666780752094
-0.4502006416687471,0.8667190701634722,32.0,0.43145447863432995
0.4786983626252191,0.8309134433996237,33.0,-0.4936404037347686
0.9534625522018928,0.03946709623817546,34.0,-0.9510746116800226
0.5509241487733992,-0.7722329985561884,35.0,-0.5337230370236962
-0.34512929920605534,-0.8649252699135812,36.0,0.36119272707594186
-0.909281287294049,-0.16847268659339776,37.0,0.9096076157495584
-0.6345772537531467,0.6675436557085301,38.0,0.6191810535396886
0.21231943628577019,0.8793655103047257,39.0,-0.22911224766987426
0.8491799326080949,0.28653917065956325,40.0,-0.8520558264374006
0.7004527185842224,-0.5553744107462788,41.0,-0.6870694486988682
-0.0829256548186748,-0.8750802387190796,42.0,0.10006384072576702
-0.7753079462261991,-0.3919023505890251,43.0,0.780526440234231
-0.7482460540753689,0.438442162731279,44.0,0.737030680165402
-0.04061936537060397,0.8532470981391818,45.0,0.023504475231871935
0.6899696793031863,0.4831591278262354,46.0,-0.6972882170950823
0.7780382583174691,-0.31940246102527714,47.0,-0.7690926307608098
0.15614356508852395,-0.8153320403587185,48.0,-0.13939869753312684
-0.5955684897921073,-0.5592750106076039,49.0,0.604715929566414
-0.7902717203088443,0.20079906932850222,50.0,0.7836455959695123
-0.2617645038524516,0.7630427215868237,51.0,0.24570866836095662
0.4945520971280884,0.6195836875162116,52.0,-0.5052358908570603
0.785720176858562,-0.08501874038174151,53.0,-0.7814132408188542
0.35591077897457923,-0.6982796962848276,54.0,-0.34083039379389835
-0.3893602169816703,-0.6637791378009252,55.0,0.40127360686796565
-0.7654536800958749,-0.025748182318635626,56.0,0.763418468014793
-0.4373358713939877,0.6230865300792182,57.0,0.4234808363158693
0.2823754083076919,0.6919008735462162,58.0,-0.29520449315168007
0.7307995786379176,0.12954087384759672,59.0,-0.7309451878518645
0.5051245776914123,-0.5395999093039422,60.0,-0.49270531824778807
-0.17587794529521233,-0.7043130138075434,61.0,0.189308480632272
-0.6833005381290157,-0.22465454108159644,62.0,0.6854970060856171
-0.5586923292192792,0.45000076204378125,63.0,0.5478778158398628
0.07200539764293802,0.7016779755023547,64.0,-0.08572920685200769
0.6246706273454533,0.30966018473132406,65.0,-0.6287538494587963
0.5977778264166834,-0.356467325875498,66.0,-0.5886945520561354
0.027282532973051776,-0.6849256296279017,67.0,-0.013561644320385646
-0.5567504756413337,-0.38341760141513526,68.0,0.5625275311364591
-0.6224295274063596,0.2611310034507053,69.0,0.6151614086221086
-0.12023351117859599,0.6552188141873159,70.0,0.10679442909304449
0.48146246782636054,0.44508175500559105,71.0,-0.4887172214947291
0.6329866235678401,-0.16603574138058963,72.0,-0.6275757732757794
0.20532613090879098,-0.6139161173923987,73.0,-0.19242576894804853
-0.40076688554449746,-0.4941027738118428,74.0,0.4092657354163959
-0.6300552100601622,0.07310155339499524,75.0,0.6265035154957579
-0.2812874095614051,0.5625328470268723,76.0,0.2691567632871883
0.31661983203222926,0.5302199448580575,77.0,-0.3261174775695236
0.6144804157634013,0.01590731169950177,78.0,-0.6127518426597924
0.34710421092169935,-0.5027010854065758,79.0,-0.33594516924656287
-0.23093369212878515,-0.5534501769834538,80.0,0.24117880443053852
-0.5873152947668304,-0.09940918035328206,81.0,0.5873388285978473
-0.4020287180997169,0.4361296955922339,82.0,0.3920116523002559
0.14554078406303372,0.5640714895138021,83.0,-0.15628146846898394
0.5497873006829033,0.17602649007082805,84.0,-0.5514604280518672
0.4455781916713764,-0.36456509508790286,85.0,-0.43684032581356225
-0.062160756394013125,-0.5626021520000468,86.0,0.07314970847830116
-0.5032631663993581,-0.24460191984028629,87.0,0.5064557943127975
-0.4775293507460866,0.2897535501176923,88.0,0.4701739011588893
-0.01762782491303097,0.5497761525434658,89.0,0.006628556968139021
0.44921299640675133,0.3042091019180562,90.0,-0.4537717042221709
0.4979078043754976,-0.21340566878978395,91.0,-0.49200386088816855
0.09241136542610316,-0.5265157074401347,92.0,-0.08162608600736587
-0.3891743478494709,-0.35415801266893504,93.0,0.3949268660488703
-0.5069730364935154,0.1371636872336246,94.0,0.5025561446567004
-0.16096038480355918,0.4939015435450697,95.0,0.15059598371877952
0.3247170314781713,0.39399524269064845,96.0,-0.3314768429667095
0.5051995087067617,-0.06257205139707539,97.0,-0.5022729003316353
0.22224380005417013,-0.45314168746121375,98.0,-0.21248655894249152
-0.25740930645975785,-0.4234994389355549,99.0,0.26498026967319704
-0.49325449134668453,-0.008948299112359615,100.0,0.4917909005819567
-0.2754383419901412,0.40553948327670186,101.0,0.26645134584413366
0.1887860754046156,0.4426722926895955,102.0,-0.19696697393153662
0.47197326418758623,0.07612163771596459,103.0,-0.4719172580993915
0.31993319678150695,-0.3524615342318982,104.0,-0.3118543679841482
-0.12031960997845874,-0.451725516083997,105.0,0.12890854044581762
-0.44233234437833074,-0.13783494010360053,106.0,0.44360309067108955
-0.35533005628015246,0.2953062247510735,107.0,0.3482708148892358
0.05339325511297277,0.45106430562194916,108.0,-0.06219177351129229
0.4054214009654345,0.19315104593287752,109.0,-0.407915791096346
0.38143884346251894,-0.2354734292411878,110.0,-0.37548338451897645
0.010721526839748466,-0.44126783362007743,111.0,-0.0019045706495854353
-0.3624145036983106,-0.24131747732083597,112.0,0.3660105471718536
-0.39826945178855316,0.1743359546091311,113.0,0.3934746184159152
-0.07088449963522532,0.4230673374115282,114.0,0.06222949906397157
0.31454132962820447,0.2817709877061089,115.0,-0.31910173464396313
0.4060198986136475,-0.11321319633771948,116.0,-0.40241561879110777
0.12610220130228816,-0.39732239182877815,117.0,-0.11777575060471279
-0.26305891556029065,-0.31413799721003416,118.0,0.2684347723384939
-0.4050613424194127,0.05334741499640583,119.0,0.4026515877212687
-0.17553960175195765,0.3649959533357007,120.0,0.16769191142578854
0.20922449907094673,0.3382311451944679,121.0,-0.21525898496527612
0.3959204512204561,0.004117036926001294,122.0,-0.39468466762532944
0.2185278593048263,-0.32712875489512544,123.0,-0.21129065521804602
-0.15426993705773032,-0.354042256247043,124.0,0.1608019668316299
-0.3792596349949133,-0.058151287194316836,125.0,0.37915458917403166
-0.25456824556557894,0.2848136101413491,126.0,0.2480531663707533
0.09937813023047656,0.36173207151791925,127.0,-0.10624588044960914
0.3558556685620386,0.10785614403325094,128.0,-0.3568176479004732
0.2833323819585288,-0.2391701547421493,129.0,-0.27762987836796094
-0.045661816206518144,-0.3616171426237647,130.0,0.05270605940134454
-0.32657723340889516,-0.1524728319307711,131.0,0.3285245344170573
-0.3046589979056397,0.19132051320107146,132.0,0.29983772699092887
-0.00585497541988776,0.35415431991058827,133.0,-0.0012122164450523165
0.2923618981770084,0.19139024644422103,134.0,-0.2951975358870501
0.3185474791430479,-0.14236633209731953,135.0,-0.3146541771469197
0.05425258388732869,-0.3399232906478334,136.0,-0.04730751266522781
-0.2541930386708925,-0.22414878317808612,137.0,0.25780760904495353
-0.32514852431861224,0.0933675672860762,138.0,0.32220833270092547
-0.09872834340418375,0.3196076358549339,139.0,0.0920395302639701
0.21307717031235468,0.25044086256420156,140.0,-0.21735179853779873
0.3247522682976008,-0.045323354344578015,141.0,-0.32276947998860367
0.1386060945472457,-0.2939748772972628,142.0,-0.1322946535811939
-0.17002213003528852,-0.2701083321931484,143.0,0.17483143974248466
-0.31777426125277464,-0.0008447699978961221,144.0,0.31673344746778337
-0.17334256886712193,0.26385597926321125,145.0,0.1675148860191321
0.12601650189095584,0.28313698136530213,146.0,-0.13123154368306106
0.3047397135661407,0.044307091113102715,147.0,-0.3046071860999673
0.20253069894009157,-0.2301247537674364,148.0,-0.19727712602378503
-0.08201063237884772,-0.2896484475957795,149.0,0.08750171448864724
-0.2862664279616362,-0.08433724394667136,150.0,0.28699198768682305
-0.22589996559458075,0.19367759366331908,151.0,0.2212939164673164
0.03889952903577421,0.2898898315610142,152.0,-0.044538898236401725
0.2630468424455327,0.12032096725480626,153.0,-0.2645657617860121
0.2433139477919121,-0.1554139267565048,154.0,-0.2394113916514319
0.002492119580006764,-0.2842213651477068,155.0,0.0031722073827974984
-0.23582960104864306,-0.15176206806115602,156.0,0.23806478648281532
-0.2547652878965806,0.1162177464569393,157.0,0.2516046268745903
-0.04142262138562658,0.27310249679015797,158.0,0.03584999144104428
0.20540105468412587,0.17828563749255108,159.0,-0.20826533481334383
0.26036832524870884,-0.07694053190821837,160.0,-0.25797063641190704
0.07724353200421247,-0.25707676926468287,161.0,-0.07187059547325111
-0.17256707242711172,-0.1996386126574945,162.0,0.175965557762488
-0.2603496836449596,0.038385824047301176,163.0,0.2587192992625721
-0.10940741253405971,0.23675586781720742,164.0,0.10433181521799478
0.13813551506158367,0.21568782769378209,165.0,-0.14196797735611486
0.2550371233151972,-0.001295674854239759,166.0,-0.25416251789014493
0.13747308128623795,-0.21280321137068242,167.0,-0.1327807352388559
-0.1028996887809985,-0.22641573984252192,168.0,0.10706291038213786
-0.2448469851918879,-0.033660863698340704,169.0,0.2447019333510396
-0.16110839862053644,0.18591744714477637,170.0,0.15687241818355457
0.06762305848233875,0.2319140528684971,171.0,-0.07201310566783803
0.23027056480975674,0.06589709566683907,172.0,-0.23081553073123698
0.18009067190283704,-0.15681618999895217,173.0,-0.17637063198496714
-0.033025458202273934,-0.23237548996236582,174.0,0.03753983668862357
-0.21185975529745954,-0.09491581734511909,175.0,0.21304347193200013
-0.19430481094109728,0.12622032295753358,176.0,0.19114632385580782
-0.00022900803841678993,0.22808399121351478,177.0,-0.004310647611274893
0.19021229401956508,0.12031421779502782,178.0,-0.19197348893571844
0.2037394024167754,-0.0948391455333708,179.0,-0.20117400333426683
0.031542227350720216,-0.21940362676457104,180.0,-0.027071094298538184
-0.16595693600497433,-0.14178657422773522,181.0,0.16822616021947984
-0.20848090433838737,0.06335662253153976,182.0,0.20652622971144846
-0.060390399401657045,0.2067665259243836,183.0,0.05607473261959747
0.13973885996887694,0.1591248158348331,184.0,-0.14244037656773942
0.20870618807199603,-0.03241894891883798,185.0,-0.2073664263434022
0.08633036186414655,-0.1906601250438994,186.0,-0.08224887993946786
-0.11220559019613338,-0.17221706873358653,187.0,0.11525928085657361
-0.20467367585885435,0.0026236070238266906,188.0,0.20394026542725005
-0.10900390748172838,0.17161403318119944,189.0,0.10522598192441862
0.08399369056604597,0.18104432919065944,190.0,-0.08731694016084937
0.196713335858247,0.025489948284143776,191.0,-0.19656588170954425
0.12814012190676205,-0.1501868049398331,192.0,-0.12472491060100122
-0.05571645637001263,-0.18567544178450224,193.0,0.059225978599566215
-0.18521580472935925,-0.051447881797793554,194.0,0.1856231823556647
-0.14355581002611933,0.126952894901005,195.0,0.14055164886961485
0.02795279613961472,0.18626058335338813,196.0,-0.031566366498684134
0.17062090978581387,0.07484779346334694,197.0,-0.17154252303415163
0.1551541134216194,-0.10249004839640058,198.0,-0.1525981634904168
-0.0012374603062034843,-0.1830234722698217,199.0,0.004875526536870373
-0.15340585912601706,-0.09536274235265416,200.0,0.15479301743093699
-0.16292145242349815,0.07736735965754374,201.0,0.1608395949597788
-0.02394726301143846,0.1762525357200253,202.0,0.02036011860282988
0.13407335926456146,0.11274350160609015,203.0,-0.1358707393004431
0.16692295251761136,-0.052134201350847315,204.0,-0.16532991944237246
0.047178301638686054,-0.16629127530984708,205.0,-0.0437120691111223
-0.1131399061509126,-0.12681910150520828,206.0,0.11528706326254343
-0.16729653638873607,0.027310199904614224,207.0,0.16619625996855408
-0.06809695533906993,0.15352807362836735,208.0,0.06481508973550251
0.09112447761590528,0.13749574932205716,209.0,-0.09355737338827191
0.1642458794635835,-0.00337639960795999,210.0,-0.16363204125932207
0.08641244234704197,-0.1383856816392065,211.0,-0.08337095371339809
-0.06853783384223866,-0.14475424244215412,212.0,0.07119034780047814
-0.15803243840861872,-0.019232274042171732,213.0,0.15788919473470545
-0.10190385803759432,0.12131061929268126,214.0,0.09915060585061718
0.04587260805801166,0.1486460151179602,215.0,-0.04867800367849465
0.14896676869441597,0.04013317412715628,216.0,-0.14926962755552475
0.11442059836721699,-0.10276270998384407,217.0,-0.1119947928175874
-0.023594342970217702,-0.14928797882586511,218.0,0.02648666084791723
-0.13739934921187902,-0.05900067013066598,219.0,0.13811617206090823
-0.12388132887901218,0.08320495390992028,220.0,0.12181323710834781
0.0021336001639927086,0.14685633141831653,221.0,-0.005048954241267528
0.12371112925677168,0.07556945025094325,222.0,-0.12480322993033352
0.1302716049400748,-0.06309392654750376,223.0,-0.12858245626926543
0.018120759537554695,-0.14157952103351695,224.0,-0.015243003395599974
-0.10830400630646699,-0.08963640463637124,225.0,0.1097273191295161
-0.1336402701570252,0.042870866945289715,226.0,0.13234235064432012
-0.03682705628003904,0.13373055708667517,227.0,0.03404323648199342
0.09159143228269631,0.10106113388385317,228.0,-0.09329772155707759
0.13409477737226433,-0.022953596907279994,229.0,-0.1331917007543163
0.053694992673336495,-0.12361886274469297,230.0,-0.051056256252704976
-0.07398933186810405,-0.10976515251639368,231.0,0.07592741573524492
-0.13179559014673098,0.0037293870270073415,232.0,0.13128272937894195
-0.06848856559201684,0.1115818612910096,233.0,0.06604013029853015
0.05590749940776242,0.1157298796379982,234.0,-0.05802446235876196
0.12694983214040084,0.01445114047628926,235.0,-0.1268148934075592
0.08102770416636848,-0.09797648299502859,236.0,-0.07880828411916653
-0.03774162149524382,-0.11899352826173154,237.0,0.03998399152962025
-0.11980435734874637,-0.031279008493984156,238.0,0.12002807657532542
-0.09118867483138628,0.0831707698487591,239.0,0.0892300718918302
0.01986605105120987,0.11964702071185608,240.0,-0.022180919599870952
0.11063841585974038,0.04649074379686674,241.0,-0.11119535641982883
0.0989033169967124,-0.06753574321475019,242.0,-0.09723017651945311
-0.0026274360921922824,-0.117829069889779,243.0,0.004963501262753786
-0.09975608785064166,-0.0598710856266077,244.0,0.10061551736060999
-0.1041571929818821,0.051437684470844805,245.0,0.1027869193382884
-0.013660717005336402,0.11372057501801922,246.0,0.011352200613064592
0.08747865319896943,0.07125455600367363,247.0,-0.08860547695534356
0.10698675307185802,-0.035230961597280674,248.0,-0.10592957736152049
0.028722489593807708,-0.10753848576307146,249.0,-0.026486868380762307
-0.07413705564439976,-0.08052592610307358,250.0,0.07549278442302403
-0.10747563070497927,0.019251515805913527,251.0,0.10673482041398678
-0.04232297346228487,0.0995292904881466,252.0,0.040201470515166884
0.060064609259628796,0.08761963350067732,253.0,-0.0616083397928098
0.10575019379914795,-0.003811102243265335,254.0,-0.10532239187491386
0.054270660148988153,-0.08996228296138602,255.0,-0.05229977696570361
-0.045590081455364216,-0.09251822323901499,256.0,0.0472794689078658
-0.1019744860127151,-0.010807642013759347,257.0,0.10185016492298557
-0.0644188084449428,0.07912275736295649,258.0,0.06262985752981953
0.031031271269968956,0.09524990126619505,259.0,-0.03282347440040648
0.09634469635238876,0.02435525053993838,260.0,-0.09650871119751481
0.07266582178184146,-0.06730527416674341,261.0,-0.07108459199354676
-0.01668918470566643,-0.09588530169797368,262.0,0.018541766081912187
-0.08908329707247117,-0.03661856951345417,263.0,0.08951552073312372
-0.07895468548873454,0.05480712972853831,264.0,0.07760123921794801
0.0028428908043874692,0.09453357943343554,265.0,-0.004714656382558968
0.0804329884063109,0.047422978167115035,266.0,-0.08110901103136413
0.0832715301115242,-0.04192215053304332,267.0,-0.0821601287339186
0.010254876562690467,-0.0913379468817713,268.0,-0.008403112041723768
-0.07065058453155557,-0.0566336962434312,269.0,0.07154245939411157
-0.08564340090877338,0.02893491940647891,270.0,0.08478255256134454
-0.022381325167724685,0.08647077794631125,271.0,0.02058605820841032
0.06000096853898153,0.06415620503139835,272.0,-0.06107798638988679
0.08613532511657057,-0.016115525966067315,273.0,-0.08552794670175158
0.03334639191965325,-0.08012840404286282,274.0,-0.03164084458538913
-0.048751235330582114,-0.0699358250425144,275.0,0.049980709840687226
-0.08484677752330105,0.00371491754329413,276.0,0.08449046099262873
-0.04299470237990643,0.07252572592484105,277.0,0.041408337310005414
0.03716513062482768,0.07395650802910597,278.0,-0.03851317829804385
0.08190765127737334,0.008039089834960683,279.0,-0.08179502270756758
0.05120671066529093,-0.06389076162743974,280.0,-0.04976485079373306
-0.025497881924874427,-0.07623891366620508,281.0,0.026930180939931103
-0.07747384468676152,-0.01894509771741021,282.0,0.07759300344096329
-0.057899044285267,0.05445924513506919,283.0,0.0566225988992591
0.013991503751615616,0.07683785167091808,284.0,-0.01547401752608639
0.0717225761291598,0.02883068283983159,285.0,-0.07205760050800934
0.06302409320126673,-0.04446938267021763,286.0,-0.06192938971866294
-0.0028706450049807474,-0.07583917833614004,287.0,0.004370297822822028
-0.06484753819193186,-0.03755421649418757,288.0,0.06537904341828264
-0.06656889547884731,0.034156864071985815,289.0,0.06566761420697519
-0.007660968661120572,0.07335624236952723,290.0,0.006175674910586723
0.057053998959704824,0.045005951644664435,291.0,-0.05775973310100525
0.06855338315964218,-0.02375021586772101,292.0,-0.06785259036735818
0.017423459745921566,-0.06952597856827046,293.0,-0.015981896831401693
-0.04855395315776764,-0.05110839832413668,294.0,0.04940941665708555
-0.06902806128650715,0.013466570648258541,295.0,0.06853033419113032
-0.026263068450673187,0.06450474928571635,296.0,0.024892008262098336
0.03956141886414008,0.05581602112335677,297.0,-0.040540493704987156
0.0680712002965463,-0.0035079145461306555,298.0,-0.06777483607000905
0.03405375887624566,-0.05846403295371579,299.0,-0.03277698034197467
-0.030287966968756568,-0.05911430440372057,300.0,0.0313635421159722
-0.06578562722253793,-0.005942138706971703,301.0,0.06568492687406213
-0.040698167833062286,0.05158605625401547,302.0,0.03953614760015881
0.020938560747739938,0.06101824106621095,303.0,-0.022083141362233237
0.06229520432701464,0.014721012199765335,304.0,-0.062380821327877846
0.0461279152496751,-0.044059462053953335,305.0,-0.04509760353806076
-0.011707772107927611,-0.061570309181499666,306.0,0.01289406108862419
-0.05774108498922332,-0.022689247249302186,307.0,0.05800042777901752
-0.050303307044540536,0.036075099129355415,308.0,0.04941798827584644
0.0027764295203761605,0.060838007457160274,309.0,-0.003977871159044043
0.05227783596469658,0.029731993417569484,310.0,-0.0526955130150936
0.05321247188415318,-0.02782201221076183,311.0,-0.052481707982284694
0.005691259322355774,-0.05891102535742744,312.0,-0.004499982425221309
-0.0460695126649489,-0.03575991127253854,313.0,0.046627808570462795
-0.9156686237255949,1.0103752167346047,0.0,0.39647587434558984
0.30833568911224585,1.2701296624561824,1.0,-0.33258518101521917
1.2274365397821578,0.4124816399974762,2.0,-1.2315597771683067
1.0110479728480335,-0.8036505667994442,3.0,-0.9916902520457554
-0.12137532023989016,-1.2641684095420953,4.0,0.14612842913064528
-1.1208916731072534,-0.5648417266369543,5.0,1.128401496409276
-1.0803101190188298,0.6347918545733133,6.0,1.0640821827764657
-0.05716586142300941,1.232843595344849,7.0,0.03244189382824447
0.9977547479343815,0.6968412744934005,8.0,-1.008301202596144
1.1235673528890555,-0.4628562810872261,9.0,-1.1106169812870774
0.22414697207128814,-1.1782693642563606,10.0,-0.19995328595193596
-0.8614963752075055,-0.8069813759164224,11.0,0.8746881272856066
-1.1414543149625263,0.2915198627156135,12.0,1.1318540227729663
-0.37684514801079194,1.1029095902374177,13.0,0.3536429145241682
0.715651917851981,0.8942949913096682,14.0,-0.7310666227324653
1.1350846689595497,-0.1242323556593572,15.0,-1.1288346139473775
0.5129865797943975,-1.0095073997666755,16.0,-0.49118994936943106
-0.5637458175322978,-0.9583356432442838,17.0,0.5809405155161734
-1.106000555930435,-0.035839728994154774,18.0,1.1030327493890162
-0.6307666061838507,0.9010131196022098,19.0,0.6107370237835391
0.40922055039352484,0.9991561817575753,20.0,-0.42774187616129833
1.0561162775398314,0.18586103101385087,21.0,-1.0562999355900857
0.7288590963716811,-0.7805122064900544,22.0,-0.7109010197358251
-0.25537138711695,-1.0172786309186093,23.0,0.27476539627103
-0.987657689960882,-0.3233657219925007,24.0,0.9908055503462915
-0.8064155534501871,0.6511546256389905,25.0,0.7907735796965298
0.10528794612604317,1.0136562493089625,26.0,-0.12510938125569915
0.9030987907837034,0.4462861356247544,27.0,-0.9089742104633736
0.8630545559492562,-0.5160870298972237,28.0,-0.8499119329572397
0.03819666696575786,-0.9896290294613413,29.0,-0.01837582650789482
-0.8050969521028285,-0.5529716328477702,30.0,0.8134215958225666
-0.8988423148485029,0.37838895587278043,31.0,0.8883207870562049
-0.17254854104950665,0.9468739233950271,32.0,0.15313137783455166
0.6964281958565339,0.6421978868414624,33.0,-0.7068901249093179
0.9142652588907134,-0.2410141007163047,34.0,-0.9064261729326286
0.29556707059467113,-0.8873511136927581,35.0,-0.2769249834853432
-0.5799238253308089,-0.713166956953708,36.0,0.5921857986948159
-0.9101956699933579,0.10673757800630734,37.0,0.90504224432364
-0.4054103014638997,0.8132476531494864,38.0,0.38787729720121844
0.4584096226425,0.7654986864581664,39.0,-0.47211742929632317
0.8878514723975929,0.021890122745836793,40.0,-0.8853321169545628
0.5006115064333171,-0.7269197724953047,41.0,-0.48447958414043146
-0.3346486993752236,-0.7992141043581538,42.0,0.3494393505146842
-0.8487513338248219,-0.14258192698643812,43.0,0.8487638910719023
-0.580087164046674,0.6308351071062285,44.0,0.5656028228697163
0.2112889499314641,0.8147116344597933,45.0,-0.226798572632409
0.7946662648030309,0.25334534965831934,46.0,-0.797063032233983
0.6431366791599686,-0.527516022416028,47.0,-0.6304985546680464
-0.09081590825571495,-0.8127370144470597,48.0,0.10668719742502275
-0.7275689044688566,-0.35250586290048347,49.0,0.7321622909206549
-0.6894343317866533,0.41948512669717,50.0,0.6787919434710221
-0.0244883479368483,0.7943479030475178,51.0,0.008599245153924073
0.649581659002339,0.43872243629039576,52.0,-0.6561503228283783
0.71901407057665,-0.30921395199095647,53.0,-0.7104676412132116
0.13257976179775244,-0.7608742044508744,54.0,-0.1169970361180267
-0.5629248142747979,-0.510995389405951,55.0,0.5712201304766362
-0.7322478768962916,0.19907566241878227,56.0,0.7258491650274759
-0.23168000821510062,0.7138751663127154,57.0,0.21670273984573385
0.46986567949903285,0.568666844697312,58.0,-0.47961838513214117
0.729818513960576,-0.09130251715835702,59.0,-0.7255725835645185
0.320297186463181,-0.6550943117770699,60.0,-0.3061947247163699
-0.37266973615979554,-0.6114142023822433,61.0,0.3835966084768705
-0.7126875422363157,-0.0120513236851999,62.0,0.7105553790155652
-0.397239482493128,0.5864132482503859,63.0,0.3842476991397653
0.2735546689814986,0.6392371764388578,64.0,-0.28536509858536896
0.6820595272913345,0.10914120500338409,65.0,-0.6819613990661862
0.46162193241648747,-0.5098053577785222,66.0,-0.44994037409325643
-0.17464804601678813,-0.6524390303305216,67.0,0.1870503774549892
-0.6393433897668921,-0.19835729274698732,68.0,0.6411628392973214
-0.512866551380973,0.4272903177692608,69.0,0.5026564966150467
0.07794929605200764,0.6516027318731522,70.0,-0.09065682043424783
0.5861118499692171,0.2783436398941269,71.0,-0.5897002021683806
0.5506962115866543,-0.3408903286647741,72.0,-0.5420796192642718
0.014703493621161216,-0.637562808094474,73.0,-0.001966995587275311
-0.5240599028587571,-0.34801097853618207,74.0,0.5292411647759265
-0.5751227579736984,0.2525888394018405,75.0,0.5681820767335172
-0.10166156451590092,0.611373722915373,76.0,0.08915681563160471
0.45496322444001724,0.406543343278285,77.0,-0.46153925548190256
0.5864299388570692,-0.1642924646445454,78.0,-0.5812087311428545
0.18148799382796707,-0.5742756232844407,79.0,-0.16945582025481243
-0.38063735947972843,-0.45339875048302336,80.0,0.3883931909817631
-0.5851518006198945,0.07779668244369653,81.0,0.5816561212612816
-0.2529745822907141,0.5276583036726596,82.0,0.24163217430694106
0.30289847509454276,0.4883042657042863,83.0,-0.3116076623541522
0.572047250027797,0.005244210189227494,84.0,-0.5702477073703002
0.315153106767744,-0.47302422557328555,85.0,-0.3046909779890486
-0.22352638721442702,-0.5112458864359024,86.0,0.23295628324732337
-0.5480715246975283,-0.08334252071023951,87.0,0.5479059426140245
-0.36730103689948235,0.4119513991515228,88.0,0.35788070313185816
0.1442304795293698,0.5224537478730035,89.0,-0.1541473278469324
0.514345332009899,0.1551977155161055,90.0,-0.5157219236604688
0.40894192192679046,-0.34605688998637585,91.0,-0.40069430495064173
-0.066619039616464,-0.5223832249385104,92.0,0.07679279298967667
-0.47212241990053766,-0.21971197097079787,93.0,0.4749233788916135
-0.43984075020901714,0.27696165670295814,94.0,0.43286529674403246
-0.007827563110591502,0.5116925539055698,95.0,-0.0023812200490636037
0.42275633039560184,0.2760006960857625,96.0,-0.42684174199282
0.45999466858228594,-0.20625735712515553,97.0,-0.4543591606994776
0.0777795358515324,-0.49121763143120795,98.0,-0.06774538960178988
-0.3676670596538349,-0.32339810567099087,99.0,0.37287903386390986
-0.4696195205301345,0.1354756834084364,100.0,0.4653605411027038
-0.14207593890986298,0.46194466791513356,101.0,0.13241033445487632
0.30830830802933173,0.3614580188484315,102.0,-0.3144752375719814
0.46913272044712406,-0.06606070254013469,103.0,-0.4662567260258685
0.19973846370074144,-0.42498137631419436,104.0,-0.19061651836328408
-0.24613595186460704,-0.38995014474047296,105.0,0.2530768011625967
-0.45913302566889624,-0.0006554102715503052,106.0,0.4576179695891817
-0.24998069402979986,0.3815273676651688,107.0,0.24155627012866498
0.18257830708813125,0.40885219368197706,108.0,-0.19010684323816612
0.44037779832606105,0.063472949370727,109.0,-0.44017523899181094
0.29221292532051063,-0.33284440161078815,110.0,-0.28461673870579934
-0.11900868505020983,-0.4183382175009438,111.0,0.12693756810591678
-0.41375836565271773,-0.12134136389871097,112.0,0.4147959888652423
-0.3260427024612899,0.2802271054183894,113.0,0.3193810119554469
0.05672066526822358,0.41876363560568164,114.0,-0.06486532283739355
0.3802740906102212,0.17337193784853322,115.0,-0.3824585705299313
0.3512713146617203,-0.2249747297272553,116.0,-0.3456251852283279
0.0030935702349997652,-0.4106474444221035,117.0,0.005088649682832569
-0.34100575528446,-0.21884644028549533,118.0,0.3442258761189132
-0.36788655405124193,0.1683644550826921,119.0,0.36331167526836045
-0.05936157865586192,0.39465213603594174,120.0,0.05131039423062089
0.2970888384073772,0.2572218044846597,121.0,-0.3012187981531217
0.37605210287885754,-0.11162670183916923,122.0,-0.3725791340688346
0.11114549473380644,-0.3715618678600594,123.0,-0.10338146026236783
-0.2496872366514702,-0.28813097207839655,124.0,0.2545900550963584
-0.37609396149258045,0.05592282891375866,125.0,0.37372936582011085
-0.1576532679138607,0.34225942916639224,126.0,0.1503175663893544
0.19996793831151377,0.311380108378278,127.0,-0.20549889391240223
0.36848436545854424,-0.002325535837930659,128.0,-0.36721168755698985
0.1982462795213735,-0.30770254300338057,129.0,-0.19146316062415153
-0.14907710899871204,-0.32694245683250167,130.0,0.15508713305508487
-0.3538236651353196,-0.048197790736182744,131.0,0.3536052004480054
-0.23244339584204954,0.26890002417507064,132.0,0.22631863506130445
0.09811799348833097,0.3349491533286359,133.0,-0.1044569550689517
0.3328206548948937,0.09479861884722773,134.0,-0.3335994539689997
0.2599215822323811,-0.2268882865654101,135.0,-0.25454140545405957
-0.048130977389510964,-0.33567736420606986,136.0,0.054650798560159364
-0.3062718423410988,-0.13675760714991353,137.0,0.30797398980341867
-0.2805132660405371,0.182708657257398,138.0,0.275943734361279
7.608836582578444e-05,0.3295361450817895,139.0,-0.006633636248193353
0.2750401408788675,0.17349171143785508,140.0,-0.27757724674853823
0.29420069130537124,-0.13738591185091215,141.0,-0.29048753178347736
0.04518184927082532,-0.3170504408244758,142.0,-0.03872213943146713
-0.24003345256731615,-0.20455810529719828,143.0,0.24330529287189984
-0.30110755523318267,0.09190839641077114,144.0,0.2982764150526147
-0.08688525918693676,0.29884366033600546,145.0,0.08064906763444707
0.20218358322891977,0.22965502068293342,146.0,-0.20608082752093734
0.30148825484681036,-0.04721004792800493,147.0,-0.2995453490645923
0.124392975015059,-0.27561926353207744,148.0,-0.11849411702065549
-0.16242589929129236,-0.24861967069167712,149.0,0.1668328645365237
-0.2957151016820275,0.004154568402503778,150.0,0.29464821846437184
-0.15718650123738026,0.24814179253303675,151.0,0.15172530327968684
0.12168009690652958,0.26142346669815364,152.0,-0.12647747019791641
0.2842638828910583,0.03647805100210927,153.0,-0.28404370497733267
0.1848734145782904,-0.21721776521895497,154.0,-0.17993545942641062
-0.08083240969260716,-0.26816478469277005,155.0,0.08589988622783568
-0.26769815870990543,-0.07400251851659378,156.0,0.26827985581076247
-0.2071880032518917,0.1836768277519986,157.0,0.20284324798566955
0.040719533177935634,0.2690595706619339,158.0,-0.04593832078774146
0.24665268923682065,0.10783666439938513,159.0,-0.24797773320315242
0.22398929191830272,-0.14835353430728684,160.0,-0.2202915551060114
-0.0021144929214276438,-0.2644301019252219,161.0,0.007369639983124954
-0.2218163782938657,-0.13750727577336946,162.0,0.22381453116692637
-0.2352566447617892,0.11207008804950291,163.0,0.23224345173012917
-0.034285369467997207,0.25469224038891103,164.0,0.029102859796545644
0.1939151093829776,0.16265337569825095,165.0,-0.19650653382271288
0.24108317715463465,-0.07562033839234872,166.0,-0.2387759456416673
0.06786817140828459,-0.24034152478427626,167.0,-0.06285947118506274
-0.16369482910365812,-0.18302702862453488,168.0,0.1667922711491121
-0.24166723751874888,0.039755286845145205,169.0,0.2400717801109697
-0.09811495709518013,0.22193845236041024,170.0,0.09337181163032782
0.13190520767149902,0.19849179990065566,171.0,-0.13541620322717385
0.2373022450102561,-0.005170308375951338,172.0,-0.23640955969979624
0.12460484041601116,-0.20009329657473846,173.0,-0.12020825132381799
-0.09928417524290353,-0.20901903728068152,174.0,0.10311323403155118
-0.22836518545809187,-0.027505751720362376,175.0,0.22815250146070526
-0.14701785381734067,0.17545079658125282,176.0,0.1430370572656224
0.06654359754407664,0.2146821768961556,177.0,-0.07059432142362723
0.21530407766400164,0.05771949292118966,178.0,-0.21573612036329062
0.1651355787810048,-0.14867503736909052,179.0,-0.16162732252779227
-0.03435631578607866,-0.21564930454450215,180.0,0.03853341217084444
-0.19862472493640856,-0.0849998210010397,181.0,0.199655161467545
-0.17883967427498845,0.12043481695645633,182.0,0.1758477907990469
0.0033447349988726775,0.2121742251846015,183.0,-0.007555890540842242
0.17887706293080902,0.1089627360228812,184.0,-0.1804500884823175
0.1881084555198972,-0.09138976987895939,185.0,-0.18566372268136955
0.02592889729742072,-0.2045863091437753,186.0,-0.021771312732569714
-0.1566414049642713,-0.12931407017062121,187.0,0.15869342934233602
-0.19301170619307956,0.06217748515058033,188.0,0.19113198151273497
-0.05297042280884,0.19327939278409048,189.0,0.048947846643759424
0.1325148705181373,0.14585023913287412,190.0,-0.13497626483291725
0.19370393245663334,-0.03340182277911094,191.0,-0.19239454235133466
0.07735985747481111,-0.17870001442996344,192.0,-0.07354623877896552
-0.10709826227859276,-0.15845710743781397,193.0,0.10989512672548121
-0.19041628675025749,0.005622596656689738,194.0,0.18967064795873687
-0.09875561355297972,0.16133526352674954,195.0,0.09521634515063312
0.0809836324897319,0.16710710065078882,196.0,-0.08403954804579866
0.18344740307014584,0.020653245915773777,197.0,-0.1832478501091001
0.11689688140089699,-0.141700512679083,198.0,-0.11368796818469987
-0.054742751352768675,-0.17185472526229859,199.0,0.05798048069932338
-0.17315339351656245,-0.04497885583648553,200.0,0.17347218334068734
-0.13160422968471588,0.12032728889516175,201.0,0.128771696296745
0.02891665947051456,0.17283068011143587,202.0,-0.032259765502225674
0.159937258404699,0.06697307039455952,203.0,-0.16073772151740107
0.1427785155584747,-0.09775152260568853,204.0,-0.14035805154384273
-0.004006453690208265,-0.1702347611294693,205.0,0.007380807495821762
-0.14423795946790563,-0.0863243400978074,206.0,0.14547576554334632
-0.15039822539849726,0.07450239144978277,207.0,0.14841506121788667
-0.019534578084899015,0.1643277739794493,208.0,0.016199424002954904
0.12651939800299544,0.10279301102301665,209.0,-0.12814390361071765
0.15451539157455157,-0.051091951086898596,210.0,-0.15298439455613133
0.04130739171049462,-0.15542267684796002,211.0,-0.03807698506139448
-0.1072595276563404,-0.11621201203695045,212.0,0.10921517389589873
-0.15525025122777963,0.028005718090649973,213.0,0.1541762266967048
-0.06097214366949643,0.14387517835980518,214.0,0.05790608460300786
0.08693981543460613,0.12648602580429463,215.0,-0.08916754414978995
0.15278482894529535,-0.005694341005598319,216.0,-0.1521630084579597
0.07825165524962048,-0.130074013567463,217.0,-0.0754027305634717
-0.06603524500355992,-0.13358924874042186,218.0,0.06847390369151163
-0.14735563651468317,-0.015433534408478278,219.0,0.14717233237250762
-0.09293340050318882,0.11443111452952945,220.0,0.0903469068419472
0.04500503400790064,0.13756186764025463,221.0,-0.047592741506136405
0.1392456896484097,0.035017130181868306,222.0,-0.13947909269592462
0.10487006352611124,-0.0973718815282372,223.0,-0.10258332232884346
-0.02428421262241821,-0.1385053993766063,224.0,0.0269596600847119
-0.12877604381895705,-0.05274808605143885,225.0,0.12939713995618649
-0.11397873703848352,0.07932574692988296,226.0,0.11202079993241666
0.004276184456078628,0.13657705465963657,227.0,-0.006979848926419452
0.11629704935409407,0.06837367833685735,228.0,-0.11727062921027195
0.12023885769056201,-0.06071720655862062,229.0,-0.118630397234595
0.014653636102096648,-0.13198329732130962,230.0,-0.011978385111751505
-0.10217951999557118,-0.08169871982457548,231.0,0.10346525580319926
-0.12368899365329172,0.04195747376177235,232.0,0.1224423708575531
-0.03218304337841264,0.12497277696540836,233.0,0.029588960578767753
0.08680599957503396,0.09258617883165426,234.0,-0.0883595634301166
0.12442261666531595,-0.023436889644371794,235.0,-0.12354211361901989
0.048037077169215237,-0.11582881521205994,236.0,-0.045572194272808994
-0.07056229871201693,-0.10095657944832667,237.0,0.07233649706743242
-0.12258300366540589,0.005518199797863305,238.0,0.12206520692722403
-0.061990863532712305,0.10486162434799595,239.0,0.059697787429108945
0.053829457936164116,0.10678626613557479,240.0,-0.055775358307791
0.1183574223901669,0.011469216199509746,241.0,-0.1181917405639506
0.07387127148913432,-0.09240043222363228,242.0,-0.07178663362146294
-0.03697627585511301,-0.1101046341071623,243.0,0.0390443032808354
-0.11197076088921301,-0.027234100634997288,244.0,0.1121400580437044
-0.08355742089135396,0.07878567902107364,245.0,0.08171148022632774
0.020352521424806792,0.11099044205316234,246.0,-0.022493504138112116
0.10367876290477752,0.041527021230021374,247.0,-0.10416008820922647
0.09098009803951172,-0.0643614404101378,248.0,-0.08939649676372487
-0.0042829285323493635,-0.10956733563688655,249.0,0.00644907453912727
-0.09376102964758702,-0.05414300838215237,250.0,0.09452642278005408
-0.09612015453289076,0.04946821800646435,251.0,0.09481582254830298
-0.010937950528415568,0.10599871876952231,252.0,0.00879216180576639
0.08251394390324808,0.06492313454195979,253.0,-0.08353129543900058
0.09900598113496366,-0.0344362223701164,254.0,-0.0979911826305354
0.025049978036386717,-0.10048211495353222,255.0,-0.022967002235397965
-0.07024366490213498,-0.07375506520872634,256.0,0.07147761098209006
-0.0997101618952865,0.019579256471833756,257.0,0.09898867477419822
-0.03783071738795473,0.09324316306993895,258.0,0.03584926023045748
0.057259332302465354,0.08057263022702685,259.0,-0.058672163387575374
0.09834542431499474,-0.0051892890568100425,260.0,-0.09791484109173863
0.04909776148110763,-0.0845293910117529,261.0,-0.04725220995183167
-0.04386660532655231,-0.08535448115622103,262.0,0.0454191697389824
-0.09506000891686665,-0.00846821190333108,263.0,0.09491214588945657
-0.05871011138313792,0.07460390673295153,264.0,0.05703008587011178
0.030361648933708085,0.08812191524268524,265.0,-0.032014233108763265
0.09003258620509275,0.02115813502593787,266.0,-0.09015398627633817
0.06656863254960046,-0.06373913983418115,267.0,-0.06507866200737823
-0.01702566330594242,-0.08893595878390968,268.0,0.018738832209781592
-0.08346685075184962,-0.03267873939374409,269.0,0.08383936421916746
-0.07261563303526272,0.052210758026236675,270.0,0.07133495261592629
0.004120036266015262,0.08789381233280777,271.0,-0.005855419207651952
0.07558592115907202,0.04286381422673735,272.0,-0.07618734812011627
0.07683362340656141,-0.040291872013924965,273.0,-0.0757760915420632
0.008117819058647084,-0.08512476720381927,274.0,-0.006396810025285429
-0.06662667109420449,-0.05158399017079766,275.0,0.06743144881439692
-0.07924333123050206,0.028247629865946963,276.0,0.07841746089436305
-0.01947789657795186,0.08078570711928602,277.0,0.01780542634593943
0.05683411070957115,0.05874722494016143,278.0,-0.057814029354819226
0.07990105393156849,-0.01633028812870571,279.0,-0.07931015079695115
0.029780272291421935,-0.07505631064406056,280.0,-0.028187528960662706
-0.046455929782173645,-0.06429850151873057,281.0,0.04758086030693661
-0.07889544238476857,0.0047748321643049235,282.0,0.07853784084339221
-0.038877011746625834,0.06813406940616436,283.0,0.03739174567364237
0.035737304137944306,0.0682187909148053,284.0,-0.036975922816660026
0.07634381381160646,0.006204797197485734,285.0,-0.0762132003536493
0.04665331581091263,-0.06022923415036338,286.0,-0.04529947542022631
-0.024916055655195998,-0.07052334339422582,287.0,0.026236550719220056
-0.07238809637876359,-0.016418829259905454,288.0,0.07247390867005762
-0.053027925810841224,0.05155979561536222,289.0,0.05182539193722385
0.01421824369243729,0.07125938205135292,290.0,-0.01558899074074055
0.06719050942637433,0.025704115465748703,291.0,-0.06747839855798801
0.05795282293069818,-0.04234660028571188,292.0,-0.056917241359834
-0.0038542524781321184,-0.0705032804307662,293.0,0.005244446743601708
-0.06092908257737553,-0.03392589716783693,294.0,0.06140142540729254
-0.061412269082857664,0.032808692499597565,295.0,0.06055497897724648
-0.005984574845276542,0.06835731164839132,296.0,0.004604339717918932
0.05379311424331986,0.04097889305715613,297.0,-0.054429562493359986
0.06342124710648937,-0.023158964463463223,298.0,-0.06274930118671115
0.01512871890084328,-0.06494606008252783,299.0,-0.013785934224361807
-0.04597866542105109,-0.046787723752637796,300.0,0.046756718220528834
-0.06402336699836725,0.013600184712463763,301.0,0.06353963772749803
-0.023432660853171423,0.06041258826385655,302.0,0.0221524553023765
0.037684178372471795,0.051306703517904305,303.0,-0.03857976523940661
0.06328831185479322,-0.004321463750930413,304.0,-0.06299167645761103
0.03077644429469971,-0.0549144511790294,305.0,-0.0295812104267959
-0.02910630202222128,-0.05451904019671303,306.0,0.030094363816646798
-0.061308902274331,-0.004504796704296633,307.0,0.06119449823676471
-0.03706662628496563,0.04861964793502212,308.0,0.035975724457845935
0.020435996938283057,0.056435494101455354,309.0,-0.021491053091597656
0.0581978611447988,0.012725436994197661,310.0,-0.05825740289341267
0.04223663377348623,-0.04170259676688881,311.0,-0.04126617497578217
-0.011854982830908013,-0.057092554638691666,312.0,0.012951674112971594
-0.05408436206067952,-0.020208533915849827,313.0,0.05430650881849273
