q,p,q_dot,p_dot
-0.06386027445464897,1.4133389507164873,1.41276274736011,-0.035062345276815066
0.07741600028136206,1.4098327161888058,1.407487686009813,-0.10538984435099152
0.21763726274731365,1.392260981846289,1.389949880925289,-0.24502735052674973
0.35540597646641986,1.3608272460834558,1.3585730753098373,-0.381940075088707
0.48935187780928113,1.3158729668285476,1.3136981128771088,-0.5147668425427354
0.6181455990418416,1.2578738775749088,1.25579989067637,-0.6421899817596255
0.7405118559445552,1.1874349704766225,1.1854823509812218,-0.7629483916306945
0.855242069238086,1.1052841992487699,1.1034721950958848,-0.8758500159541005
0.9612062949637321,1.0122649672858024,1.0106113843794406,-0.9797836042118951
1.0573643461139741,0.9093274784063908,0.9078485057634511,-1.0737296422721314
1.1427759961164223,0.7975190388313761,0.7962290902185198,-1.1567703455677714
1.216610164157678,0.6779734092928366,0.6768849828997847,-1.2280986168768264
1.2781529926963793,0.5518993154560108,0.5510228729698863,-1.2870258813586792
1.3268147387516553,0.4205682330211007,0.41991209927009776,-1.3329887228829422
1.3621354125503988,0.2853015708794223,0.2848718550064411,-1.3655542578042312
1.3837891097529436,0.14745738146025444,0.14725792037031504,-1.384424195066027
1.3915869966244618,0.00841673186621688,0.00844905646760874,-1.3894375447316791
1.3854789210464653,-0.13043012748608138,-0.13016680295544591,-1.380571950607356
1.3655536360333727,-0.2676976582552543,-0.2672064237559113,-1.3579436364041175
1.332037636295283,-0.4020188547669049,-0.401305069011032,-1.3218059687466395
1.2852926222311662,-0.5320588520045823,-0.531130084434055,-1.2725466541358232
1.225811619408472,-0.6565281855940696,-0.6553941364076377,-1.2106836005735981
1.1542137949496387,-0.7741955721193019,-0.7728679711910191,-1.1368594878258813
1.0712380251702682,-0.8839000831592458,-0.8823925688992706,-1.0518351031018573
0.9777352811697846,-0.9845625927396734,-0.9828905721466924,-0.956481511137266
0.8746599107409297,-1.075196385386699,-1.0733768767265188,-0.851771139166479
0.7630599058244808,-1.1549168205729692,-1.1529682802882213,-0.7387678679382781
0.6440662546832855,-1.2229499589743547,-1.2208920945846162,-0.6186162296696951
0.5188814869075575,-1.2786400665069082,-1.27649363739483,-0.49252982254489486
0.3887675272043195,-1.3214559234833336,-1.3192425315793972,-0.36177905896715656
0.25503298059167806,-1.3509958783003395,-1.3487377507758036,-0.2276783711882735
0.1190199770491588,-1.3669915977209883,-1.3647113638740531,-0.09157300310889904
-0.017909292183132596,-1.3693104789221193,-1.3670309434959398,0.04517447908326977
-0.1543862116500292,-1.3579567019043344,-1.3557006171067365,0.1811978222291566
-0.2890494156044799,-1.333070914476288,-1.330860752979388,0.31514073107275387
-0.4205583622459068,-1.2949285556897836,-1.2927862868733737,0.4456703864764744
-0.5476066729791547,-1.2439368371809931,-1.2418837088466916,0.5714907022958682
-0.6689351040152451,-1.18063041523061,-1.1786867429547576,0.6913551891099623
-0.7833440215701062,-1.1056657993590007,-1.1038507655715573,0.804079297190966
-0.8897052571295566,-1.0198145557924168,-1.0181460205680009,0.9085521165502519
-0.9869732256837064,-0.9239553760489503,-0.9224497014753136,1.0037473185590329
-1.0741951974246193,-0.8190650920806102,-0.817736981930402,1.0887332314431597
-1.1505206220697868,-0.7062087297603183,-0.7050710860359999,1.1626819508122803
-1.2152094146318193,-0.5865287019181541,-0.5855924996682127,1.2248773962127908
-1.2676391220034293,-0.46123325051776015,-0.4605074321372815,1.274722235392578
-1.3073109010592756,-0.3315842548396385,-0.3310756448713992,1.3117436094240413
-1.3338542509777092,-0.1988845286329519,-0.19859776987845357,1.3355976039347828
-1.3470304550349663,-0.06446473405268194,-0.06440224558830532,1.3460724243209634
-1.3467347000953702,0.0703299562312408,0.07016799875770308,1.3430902458387295
-1.3329968552834257,0.20415331511506393,0.2037689767552875,1.3267077227542734
-1.3059809047443127,0.3356715007820955,0.3350690621976127,1.2971151541496362
-1.2659830428439032,0.4635763459449912,0.4627622562521827,1.2546343173947387
-1.2134284534938762,0.5865983642610433,0.5855811723255167,1.1997149935734301
-1.1488668083787998,0.7035193446596772,0.7023096095688852,1.1329302221590947
-1.0729665315800991,0.8131844086928622,0.8117945903422191,1.0549703348450334
-0.986507890310356,0.9145134116286839,0.9129577425529811,0.9666358305212991
-0.8903749830695029,1.006511574797122,1.0048059145641186,0.8688291648331681
-0.7855467073975323,1.0882792445953176,1.086440918249743,0.7625455384440083
-0.6730867994195543,1.1590206824859237,1.1570683046883123,0.6488627779515987
-0.5541330464598698,1.2180518001856373,1.2160050868300114,0.5289304122764249
-0.429885782053552,1.2648067649412087,1.2626863341569807,0.4039580551654176
-0.30159577962847367,1.2988434112187208,1.2966705757643486,0.27520321115969804
-0.17055166690068221,1.3198474071731483,1.317643960311086,0.1439586278951943
-0.03806698756625643,1.3276351367977597,1.3254231338008704,0.011539321887923393
0.0945329598594919,1.322155271550733,1.3199568090300418,-0.12073059203912995
0.22592437423975195,1.3034890183899337,1.3013260136507048,-0.2515311358307615
0.35479816258963287,1.2718490443845807,1.2697430170128536,-0.37955963553868766
0.47987297764232273,1.2275770912821962,1.2255489491377343,-0.5035436896281864
0.5999079524171798,1.1711403064589434,1.1692101382018287,-0.6222538092043672
0.7137150052826885,1.1031263294413227,1.101313205650044,-0.7345156046428181
0.8201705935471886,1.0242371855303798,1.0225589703794606,-0.8392213978878327
0.9182267993585806,0.9352820498637562,0.9337552252195991,-0.9353411456554017
1.0069216385911084,0.8371689563992994,0.8358084600652538,-1.0219325658858502
1.0853884913716314,0.7308955366865861,0.7297146163835388,-1.098150367958951
1.1528645618678162,0.6175388828075092,0.6165489673161195,-1.1632544963291684
1.2086982848348553,0.4982446374207524,0.49745522613721227,-1.2166173072667077
1.2523556070952586,0.3742154213541677,0.37363399332511205,-1.2577296092001866
1.2834250834998777,0.24669871558071507,0.24633065888643224,-1.2862055086387454
1.301621738872545,0.11697431962641858,0.11682288177647937,-1.3017860156892715
1.3067896598551736,-0.013658487557139267,-0.01359222776265212,-1.304341375658238
1.2989032933200146,-0.14389395550522904,-0.14361109441085596,-1.2938721060100604
1.2780674409730024,-0.2724329087591514,-0.2719367025647601,-1.2705087309179413
1.2445159528070626,-0.3979957016888173,-0.3972915296318502,-1.2345102186591965
1.1986091350466324,-0.5193349524909907,-0.5184302589107759,-1.1862611400441432
1.1408299010249074,-0.635247929697646,-0.6341521456022792,-1.1262675787975966
1.0717787059261765,-0.7445884682505101,-0.743312913210129,-1.0551518372078543
0.9921673183828816,-0.8462782971392169,-0.8448360625243334,-0.9736459922968743
0.9028114934213098,-0.9393176667098849,-0.937723481477305,-0.8825843691282376
0.8046226220874206,-1.0227951709648644,-1.0210652513659983,-0.7828950085460012
0.6985984431481101,-1.0958966684190852,-1.094048553162944,-0.675590216519738
0.5858129114548318,-1.157913214268812,-1.155965586813776,-0.5617562912637419
0.46740532578535493,-1.2082479266718336,-1.206220426446039,-0.4425425323145349
0.344568826165624,-1.246421720731719,-1.2443347451885094,-0.3191496427089058
0.21853837674765303,-1.2720778552136147,-1.2699523547160452,-0.19281764124077894
0.09057835522241495,-1.2849852489798748,-1.282842516576084,-0.0648134064319894
-0.03803012656756376,-1.2850405365000126,-1.2829019946980513,0.0635820227150874
-0.1660020437171953,-1.2722688444368573,-1.2701558311133103,0.1910862619372733
-0.29206129279022586,-1.246823284112558,-1.2447568396936903,0.31642838475346324
-0.41495341165593336,-1.2089831674861646,-1.2069838255233083,0.43836158555901505
-0.5334580578948875,-1.159150967000755,-1.1572385502236797,0.555675576652338
-0.6464011217006693,-1.097848052155697,-1.0960414760285802,0.6672085959819574
-0.7526663531006036,-1.0257092478043635,-1.0240263335301947,0.771858906534314
-0.8512063884067083,-0.9434762708488342,-0.9419335696702719,0.8685956735950162
-0.941053067034658,-0.8519901130853602,-0.8506027436128305,0.9564691125526831
-1.0213269371292744,-0.7521824483382976,-0.7509639485030939,1.0346198074109296
-1.0912458567352767,-0.6450661516031743,-0.6440283466843733,1.1022871086511565
-1.150132606466149,-0.5317250266080663,-0.5308779146181863,1.1588165284603824
-1.197421439658914,-0.4133028459110978,-0.41265450144997384,1.2036660615108385
-1.2326635067561438,-0.2909918143058986,-0.2905483118055574,1.236411370345966
-1.2555311020200255,-0.16602057184190458,-0.16578592892983912,1.2567497858824075
-1.2658206925421116,-0.039641857129417105,-0.03961799863539395,1.2645030854638264
-1.2634547017471043,0.08688004525086072,0.08669330232642602,1.259619023178893
-1.2484820320768264,0.2122819475063615,0.21188688795432342,1.2421715996618694
-1.2210773241562396,0.33531436518323465,0.3347153485802812,1.2123600712010647
-1.1815389623607702,0.45475396174657445,0.45395737479386855,1.1705067105641664
-1.1302858491974659,0.5694157072960679,0.5684298960190115,1.1170533443861985
-1.0678529831569679,0.6781646306238142,0.6769998131499388,1.0525567041267758
-0.9948858865674781,0.7799270481214231,0.7785952089457931,0.9776826393722765
-0.9121339413678092,0.8737011584982695,0.8722159253288347,0.8931992535172539
-0.8204427015017112,0.9585668988248739,0.956943403271846,0.7999690324955
-0.72074526071344,1.0336949649973695,1.0319496885294621,0.6989400471411766
-0.6140527637958187,1.0983549082531092,1.0965055149877028,0.5911363188461871
-0.5014441577158995,1.1519222287666069,1.1499873867891708,0.4776474463524827
-0.3840552864379846,1.1938843975236058,1.1918835905428042,0.35961759869761356
-0.2630674396073386,1.2238457485061296,1.221799079744043,0.2382339854489668
-0.13969547048917597,1.2415311946133991,1.2394591849036913,0.11471492035742936
-0.015175602626600308,1.2467887325776155,1.2447121146985325,-0.009702401612201594
0.10924695245053058,1.2395907142909588,1.2375302255939862,-0.13377429129559526
0.23233044249219692,1.2200338743184964,1.2180100497255013,-0.2562629924171145
0.35284896239563085,1.188338115807536,1.1863710832420018,-0.3759490246284336
0.4696046591405973,1.1448440693928097,1.142953349682529,-0.49164331946121687
0.5814396323321367,1.0900094519152925,1.0882137651545778,-0.6021990284703638
0.6872474121715129,1.024404263698737,1.0227213439902132,-0.7065228863576212
0.7859839011301794,0.9487048746437683,0.9471512950521715,-0.8035860165415881
0.8766776711819472,0.8636870603904193,0.8622780698352356,-0.8924340724303131
0.9584395150972265,0.7702180601577057,0.768967433848961,-0.9721966144968858
1.0304711579517394,0.6692477374910422,0.6681676423739147,-1.0420956310855067
1.0920730435720094,0.5617989339406043,0.560899810462141,-1.1014531196074753
1.1426511200441676,0.4489571135695471,0.4482475749150283,-1.149697654330819
1.181722558555015,0.3318594030744405,0.3313461528440653,-1.186369877230762
1.2089203506129806,0.21168313812339468,0.21137090723446383,-1.2111268592453306
1.2239967400019078,0.08963403122537436,0.08952553463117963,-1.2237452906597146
1.2268254575392166,-0.03306592000854823,-0.0329700063906313,-1.2241234711137732
1.2174027387237816,-0.1551906629973803,-0.1548917049586973,-1.2122820817672866
1.195847116547477,-0.27552233636200557,-0.27502372369038186,-1.1883637343487037
1.1623979939857052,-0.39286340986712104,-0.3921705184671187,-1.1526313040324345
1.1174130128540534,-0.5060485971684925,-0.5051687314325715,-1.1054650652152889
1.061364247699191,-0.6139564229101788,-0.6128987389554202,-1.0473586611736267
0.9948332650629693,-0.7155203294032179,-0.7142957399781386,-0.9789139501608568
0.9185050997035632,-0.8097392129423502,-0.8083602749895114,-0.900834781634508
0.833161210065067,-0.8956872857301195,-0.8941680717615735,-0.8139197668745046
0.7396714853512485,-0.9725231663172511,-0.9708791209190842,-0.7190541181632248
0.6389853858812502,-1.0394981093627644,-1.0377458922906968,-0.6172006398468532
0.5321223068931091,-1.0959632942866218,-1.094120611745672,-0.5093899628971965
0.42016126353211575,-1.1413761019422037,-1.139461527758135,-0.39671012196086153
0.3042300013414821,-1.175305318678794,-1.1733381071665332,-0.2802955802481544
0.1854936420988091,-1.1974352179918346,-1.1954351104053609,-0.16131581291497388
0.06514297926040989,-1.2075684812617888,-1.2055555077702629,-0.040963563776940104
-0.055617459455243504,-1.2056279307472226,-1.2036222099228826,0.07955710677378991
-0.17558146272416664,-1.1916570599070309,-1.189678597731388,0.199042862929939
-0.2935531790015211,-1.1658193581612348,-1.1638878485566129,0.31630310333968903
-0.4083590324354892,-1.128396439239093,-1.126531068113486,0.43017181987014985
-0.5188593926242183,-1.0797849941872049,-1.0780042489417656,0.5395191871953875
-0.6239598822238424,-1.0204926018000156,-1.018814088189277,0.6432627680629655
-0.7226222102620737,-0.9511324405746118,-0.9495727087327599,0.7403782231594797
-0.8138744239703943,-0.8724169571681196,-0.8709913385200602,0.8299094196627615
-0.8968204779660858,-0.7851505566420595,-0.7838730133049565,0.9109778387812212
-0.9706490266313856,-0.6902213894118754,-0.6891043775654837,0.9827911897782066
-1.0346413534791825,-0.5885923186864181,-0.5876466672483627,1.0446511460844525
-1.0881783600810582,-0.48129116019498486,-0.4805259659811789,1.0959601280329359
-1.1307465466754183,-0.36940029307983097,-0.3688228334636723,1.1362270664181056
-1.1619429267737926,-0.2540457469113637,-0.25366141081853755,1.1650720913856576
-1.1814788288391258,-0.13638587480269945,-0.13619811269374393,1.182230101997201
-1.1891825493125414,-0.017599726511923496,-0.017610019813882882,1.1875531830755335
-1.1850008328019024,0.10112476181240726,0.10091691155900473,1.1810118475100364
-1.1689991670007405,0.2186026429900838,0.21819970519993848,1.1626950939684846
-1.1413608917619147,0.3336637806061042,0.3330701670622249,1.1328092818052915
-1.1023851335882955,0.4451644993511421,0.4443865162870164,1.0916758367610315
-1.0524835885045114,0.5519989479583105,0.5510447293259318,1.0397278126893177
-0.9921761877231091,0.6531100618890057,0.6519894845165364,0.9775053459165944
-0.9220856916012041,0.7475000171416294,0.7462245986637706,0.905650049821049
-0.842931267990355,0.8342400718532155,0.8328228524674508,0.8248984076989446
-0.755521121107714,0.9124796986814183,0.9109351079428651,0.736074231870637
-0.660744246401782,0.9814549182273429,0.9797986282414595,0.6400802661623273
-0.5595613954594221,1.0404957519138838,1.0387445184198365,0.5378890172968731
-0.45299534271781466,1.0890327216867175,1.087204214641922,0.43053290825231794
-0.3421205525310376,1.1266023335643474,1.1247149589417422,0.31909385322857364
-0.22805235092946619,1.1528514923324322,1.1509242069273895,0.2046923594378791
-0.11193571114555971,1.1675408054519232,1.1655929265610245,0.08847626544652543
0.005066234382738742,1.1705467454217373,1.1685977573031356,-0.028390770795643228
0.12178384031506743,1.1618626512927945,1.1599320103470916,-0.1447409188287696
0.23705263645215707,1.1415985616559834,1.1397055022742375,-0.259413840934809
0.34972494076991495,1.1099798831058327,1.1081432261213313,-0.37126825929192364
0.45868128167642336,1.0673449097975987,1.0655828754487047,-0.4791933097679102
0.5628415158596559,1.0141412211522507,1.0124712484137106,-0.5821195694487985
0.6611755313591655,0.950920995907839,0.9493595699812996,-0.6790296484812536
0.7527134298559158,0.878335291456,0.8768977811256501,-0.7689682413749682
0.8365550875842955,0.7971273476328453,0.7958278540896352,-0.8510515385159212
0.9118790006738429,0.7081249837528157,0.706976202373511,-0.9244759052262791
0.9779503280589977,0.6122321665875895,0.6112452630222931,-0.9885257432023459
1.0341280532783015,0.5104198351123466,0.5096043368889042,-1.0425804574943758
1.0798711954367786,0.4037160750887143,0.4030797797849772,-1.086120461272711
1.114744009235297,0.29319574285780436,0.2927446437250103,-1.1187321603649374
1.1384201241817806,0.17996964301572685,0.17970787276086475,-1.140111869849281
1.1506855837874699,0.06517336888794817,0.0651031621397602,-1.1500686257426482
1.1514407566097327,-0.050044082132802814,-0.04992240733686093,-1.1485258659261754
1.1407011023200977,-0.16453180429728692,-0.16421984585621163,-1.1355219657892386
1.1185967874384903,-0.27714847529065056,-0.27664972726213155,-1.1112096255330361
1.0853711568676714,-0.38677372940389415,-0.38609354333920987,-1.075854117544257
1.0413780787706484,-0.492319298799502,-0.4914648266147331,-1.0298304136104377
0.9870781915447248,-0.5927398121259817,-0.5917199311167565,-0.9736192228904433
0.9230340925472971,-0.6870431433775906,-0.6858683641613494,-0.9078019823637751
0.8499045187124549,-0.7743002085987367,-0.772982566937685,-0.8330548518558789
0.7684375791597601,-0.8536541137487664,-0.8522070473655574,-0.7501417755679224
0.6794631092393434,-0.9243285637123212,-0.9227667753576907,-0.6599066812332627
0.5838842240882219,-0.985635449995419,-0.9839747581625174,-0.5632648964901249
0.4826681576068399,-1.0369815430103462,-1.0352387218103003,-0.46119386971285814
0.37683647972616185,-1.0778742239379906,-1.076066833756611,-0.35472328931327235
0.26745479085551765,-1.1079262008730006,-1.1060724115176361,-0.24492470134030775
0.1556219974226346,-1.1268591642060521,-1.1249775723226436,-0.13290073001385072
0.0424592763909889,-1.1345063468757708,-1.1326157894702584,-0.01977400958350306
-0.0709011604714171,-1.1308139661227528,-1.1289333320556856,0.09332406143229943
-0.18332739002014822,-1.115841534589311,-1.1139895759295773,0.2052646310202766
-0.29369907565733255,-1.0897610399186974,-1.0879561850397765,0.31493265642898005
-0.40091862702810355,-1.052855003303515,-1.0511151735838231,0.42123800658268484
-0.5039221103740972,-1.0055134386021605,-1.0038558705525484,0.5231262936522829
-0.6016898011386133,-0.9482297445730583,-0.946670819155852,0.6195893262067997
-0.6932562742052676,-0.8815955733608005,-0.8801506541894111,0.7096750803615304
-0.7777199319764955,-0.8062947285007522,-0.8049780105177418,0.7924970903573869
-0.8542518763088159,-0.7230961552893231,-0.7219205254119732,0.8672431659970287
-0.9221040370588901,-0.6328460953013465,-0.631823006401866,0.9331833512683946
-0.9806164775891891,-0.5364594850356442,-0.5355988444874965,0.9896770462313689
-1.0292238059563894,-0.4349106860550727,-0.43422075992859577,1.0361792227506108
-1.0674606295749083,-0.32922364048552205,-0.3287109743179517,1.07224567384183
-1.0949660008199797,-0.2204615512867067,-0.2201309081843117,1.0975372461649135
-1.1114868112117706,-0.10971619125253931,-0.10957050790809775,1.1118230154483002
-1.1168801024015993,0.0019030518029533676,0.0018626907741070564,1.1149823752602834
-1.1111142730569492,0.1132802837995174,0.11305465298533712,1.1070060204490633
-1.0942691718045319,0.22330425589276603,0.22289597763812674,1.0879958176440052
-1.0665350775293239,0.3308794473283185,0.33029296186774304,1.0581635663335505
-1.0282105794309833,0.43493696915947616,0.4341784866639914,1.0178286651034776
-0.9796993801965256,0.534445180349014,0.5335226154018469,0.9674147085180487
-0.9215060563506139,0.6284199108630859,0.627342800053361,0.9074450507489457
-0.8542308201858534,0.7159341904988031,0.7147135939895616,0.8385373822992664
-0.7785633375527016,0.7961273873229392,0.7947757754079604,0.761397375927711
-0.6952756651042613,0.8682136656843453,0.8667447914962284,0.6768114670572073
-0.6052143792534559,0.9314896807343807,0.9299184404019162,0.585638842460659
-0.5092919770238781,0.9853414341764771,0.9836837158524788,0.4888027187724664
-0.4084776360829601,1.029250224488874,1.0275227477777251,0.3872809992997789
-0.30378742746833304,1.062797634036433,1.0610177814428579,0.2820964036360418
-0.19627407979438852,1.0856695052160823,1.083855147314075,0.1743061696538717
-0.08701639800551801,1.0976588679672072,1.0958281840465018,0.06499143152267517
0.022891557014911863,1.0986677915206173,1.096839087509756,-0.044753619576355375
0.1323514194964332,1.0887081440519362,1.0868996695414135,-0.15383268340920186
0.24027149092319455,1.067901254838777,1.0661310210319144,-0.2611582978258886
0.3455776237028161,1.0364764844867584,1.0347620848938262,-0.3656626758060383
0.4472239079019598,0.9947687196775693,0.9931271553374654,-0.46630832446095005
0.5442030547703092,0.9432148195945684,0.941662330559527,-0.5620983404325169
0.6355563740138652,0.8823490515910659,0.8809009563441883,-0.6520862795701265
0.7203832460391468,0.8127975636805431,0.8114681080726749,-0.7353855032197454
0.7978499956284002,0.7352719509471168,0.7340741681424262,-0.8111779088798637
0.8671980796676321,0.6505619819045704,0.6495075647106385,-0.8787219593071771
0.9277515085705279,0.5595275590856814,0.5586267459174837,-0.9373599313296651
0.9789234288511288,0.46308999563863734,0.46235147122789755,-0.986524313571383
1.0202218028161074,0.3622226963714048,0.3616535081826089,-1.0257432909284971
1.0512541304876506,0.2579413374529379,0.25754682860896105,-1.0546452628774154
1.0717311685378996,0.1512936437959217,0.15107740314998508,-1.0729623524452288
1.0814696111176476,0.04334886696389215,0.04331269678178762,-1.0805328728332453
1.0803937078942571,-0.06481293077072738,-0.06466902923067952,-1.0773027291555026
1.0685358052715117,-0.1721116788672084,-0.17178950176830798,-1.063325743428044
1.0460358075405956,-0.2774780794563362,-0.276981198863534,-1.0387629017165152
1.013139565498805,-0.3798642592105115,-0.3791979838868903,-1.0038805331099812
0.9701962107632175,-0.4782541860783324,-0.47742550502480274,-0.9590474408325778
0.9176544644938444,-0.571673747377027,-0.5706912567132411,-0.9047310162228125
0.8560579594205693,-0.6592003893228949,-0.6580742032724296,-0.8414923764012783
0.7860396238393584,-0.7399722226572827,-0.7387138695574708,-0.7699805761124856
0.7083151855090751,-0.813196504545392,-0.8118188089497219,-0.6909259533657974
0.623675862049414,-0.8781574133304422,-0.8766743654080622,-0.6051326770277499
0.5329803124274627,-0.934223039950942,-0.9326496535122993,-0.5134705723480698
0.4371459313469542,-0.9808515278000561,-0.9792036883885119,-0.41686630745695397
0.3371395747497603,-1.0175963014423328,-1.0158906060281032,-0.3162940300841316
0.2339678101413335,-1.0441103338168825,-1.0423639237096964,-0.2127655490592406
0.128666790007821,-1.060149411254181,-1.0583797999165223,-0.10732015950849161
0.02229185015802903,-1.0655743657185808,-1.0637992632085917,-0.0010142140211066852
-0.08409306263389739,-1.0603522540584023,-1.0585893898605052,0.10508945560982474
-0.18942602781407203,-1.0445564745966158,-1.04282342061273,0.20993216018432181
-0.2926577467564434,-1.018365822021538,-1.0166798174888985,0.31246991232011134
-0.39276199131185174,-0.9820624921325936,-0.9804402722114272,0.41168381783091845
-0.48874580119872885,-0.9360290584553542,-0.93448668819125,0.5065901958705976
-0.5796593289501017,-0.880744452958474,-0.8792971682650388,0.5962503273685499
-0.6646052348517366,-0.8167789929816442,-0.8154410502168391,0.6797797351934987
-0.7427475389934696,-0.7447885059197743,-0.7435730415407482,0.7563569043497526
-0.8133198431598863,-0.6655076121116937,-0.6644265137883398,0.8252313562821584
-0.8756328417511375,-0.5797422346633426,-0.5788060251144078,0.8857309979853203
-0.9290810481827678,-0.48836141251462967,-0.48757914720042983,0.9372686740094566
-0.9731486711912235,-0.3922884998614513,-0.3916676795267082,0.9793478575554643
-1.0074145840881095,-0.2924918410035368,-0.2920383399136378,1.0115674255725688
-1.031556339173951,-0.18997501474693754,-0.18969302530257748,1.0336254720252287
-1.045353189148625,-0.08576674659849104,-0.08565874084882075,1.045322123188176
-1.0486880873437152,0.019089409890697653,0.019022701486022253,1.0465613288621773
-1.0415486488514205,0.12354551917394448,0.12330511155627999,1.0373516136772722
-1.0240270650324592,0.22655973262615212,0.2261483725197322,1.0178057830619527
-0.9963189743474741,0.327106675786335,0.32652881082123053,0.9881395889018039
-0.9587213028682131,0.4241876504065129,0.42344938132538146,0.948669370285104
-0.9116290980823978,0.5168405498433558,0.5159495663028085,0.8998086949324826
-0.8555313896076514,0.6041493893930094,0.6031148900333222,0.8420640368316462
-0.7910061200757333,0.685253357209685,0.6840859548217987,0.7760295351467483
-0.7187141986432917,0.7593552964223591,0.7580669091888786,0.7023808885537375
-0.6393927382379576,0.8257295349204326,0.8243332648441171,0.6218684476736386
-0.5538475456744683,0.8837289859570868,0.8822389857152418,0.5353095761542798
-0.46294494109490925,0.9327914501512885,0.9312227797291095,0.44358035811249363
-0.36760298972864636,0.9724450575795855,0.9708135321333894,0.34760673601535175
-0.26878223466823137,1.0023127973543589,1.0006348278406836,0.24835516859740725
-0.16747602416050963,1.022116091299067,1.0204085194753953,0.14682290302322598
-0.06470053077315228,1.031677377959004,1.0299573074138815,0.04402795916547797
0.03851543732226667,1.0309216831321626,1.0292063080394345,-0.05900107345206296
0.14114073083473463,1.0198771632685915,1.0181835965795976,-0.16123532382873118
0.24215215663818618,0.9986746183664164,0.9970197211561924,-0.2616559099150151
0.34054467506597313,0.9675459812855884,0.9659461949541859,-0.35926408881371164
0.43534139562902335,0.926821800603674,0.9252929836018028,-0.4530911856783004
0.5256032717863337,0.8769277441499284,0.8754850148496409,-0.5422082026435721
0.6104383985989515,0.8183801600749596,0.8170377473415125,-0.6257350125144934
0.6890108212546362,0.7517807416470297,0.7505518445880721,-0.7028490462744785
0.760548767516566,0.6778103508200639,0.6767070090937483,-0.7727933887083782
0.8243522230733858,0.597222063905354,0.5962550398609118,-0.8348842025150349
0.8797997754887483,0.5108335103170569,0.5100121841204541,-0.8885174081455194
0.9263546598974767,0.41951858227625016,0.41885086104189007,-0.9331745541784888
0.9635699476971263,0.32419859948135915,0.3236908412889655,-0.9684278212535702
0.9910928281552698,0.22583301802553613,0.22548997155076245,-0.9939441113462446
1.0086679420072788,0.12540977721211022,0.12523453754239466,-1.009488183394037
1.0161397356637487,0.023935381346728707,0.02392936239094645,-1.0149248058798759
1.0134538144854681,-0.077575183963865,-0.07741226022961456,-1.01021990685135
1.0006572836178258,-0.17810860002354129,-0.17777869740029262,-0.9954407118994215
0.9778980750054096,-0.2766633263437493,-0.27617007143939554,-0.9707548707408494
0.9454232693299467,-0.3722595741717112,-0.3716082168791418,-0.9364285831444293
0.9035764316295812,-0.4639490429726352,-0.4631464008235936,-0.8928237449055987
0.852793989165228,-0.5508243231528309,-0.5498787101352964,-0.8403941443158491
0.793600689602522,-0.632027871835805,-0.6309490124164985,-0.7796807489901803
0.7266041866819283,-0.706760472950867,-0.7055594021905204,-0.7113061319144753
0.6524888091644179,-0.7742890982187001,-0.7729780490051086,-0.6359680940709367
0.5720085768809066,-0.8339540917650543,-0.8325463703148289,-0.5544325489030394
0.4859795351014521,-0.885175607999308,-0.8836854588949405,-0.4675257411205552
0.39527148510191845,-0.9274592399891654,-0.9259017021193663,-0.37612587884376214
0.3007991946775788,-0.9604007837680604,-0.9587915386271462,-0.28115426378395314
0.20351317737648922,-0.983690092745956,-0.9820453066223293,-0.1835660089995722
0.10439013335311295,-0.9971139855679748,-0.9954501472086807,-0.084340437703877
0.004423147934753078,-1.0005581802867314,-0.998891935667543,0.015528740402236951
-0.09538825378039563,-0.9940082374875274,-0.9923562233440966,0.11504337677106513
-0.19404809673406626,-0.9775495049325184,-0.9759281827161953,0.21321085608077717
-0.2905738903236347,-0.951366066271372,-0.9497915581864055,0.30905399315295734
-0.38400640837134736,-0.9157387063019269,-0.9142266350564965,0.40162075607719006
-0.473419217334934,-0.871041915055934,-0.8696072489191575,0.48999371883690856
-0.5579278581551789,-0.8177399625345452,-0.8163968672355287,0.5732991496237377
-0.6366985907820397,-0.7563820851311864,-0.7551437840646558,0.6507156448516305
-0.70895661496811,-0.6875968335642191,-0.68647547768169,0.7214822235965035
-0.7739936863183777,-0.6120856404118857,-0.6110921890773086,0.7849058027429173
-0.8311750527835717,-0.5306156730156356,-0.529759786993248,0.8403679794611632
-0.8799456437170273,-0.4440120445196531,-0.4433019921379644,0.8873310546979651
-0.9198354512111646,-0.3531494620760426,-0.3525920394780502,0.925343239072402
-0.9504640516126374,-0.2589433967051727,-0.2585438629528325,0.9540429908473153
-0.9715442238017311,-0.16234086390657954,-0.16210289155760393,0.9731624444099313
-0.9828846299241581,-0.06431090782318642,-0.0642365494425684,0.9825298968568554
-0.9843915336902448,0.03416511546479155,0.034075444556089796,0.9820713297450481
-0.9760695410129402,0.1321033581258232,0.13185088072524498,0.9718109527468494
-0.9580213575451958,0.22852730601416144,0.22811486755905608,0.9518707657369352
-0.930446567501129,0.3224775112732102,0.3219095481964718,0.9224691456428044
-0.8936394479059014,0.4130211351427223,0.41230362741094484,0.8839184741138963
-0.84798584201894,0.4992612060959895,0.498401614435357,0.8366218316051477
-0.79395912501883,0.5803455014637519,0.5793526899308182,0.7810687927384277
-0.7321153040327764,0.655474964643675,0.6543591093433709,0.7178303667079672
-0.6630873031501558,0.7239115748053453,0.722684059694807,0.6475531349402464
-0.587578492093815,0.7849855916317243,0.7836588924758225,0.5709526461287318
-0.5063555246549913,0.8381021040310916,0.83668966169197,0.48880613605616907
-0.42024055975542096,0.8827468188429581,0.881262903189311,0.4019446462212689
-0.33010294401712914,0.9184910332753454,0.9169505990887644,0.31124462114077933
-0.23685043993766808,0.944995743071114,0.9434142794036734,0.21761906924163688
-0.14142008813639445,0.9620148471236728,0.9604082216235688,0.12200837644420703
-0.04476879561295434,0.9693974183599554,0.9677817181293411,0.025370864826572692
0.05213625548947378,0.9670890200889873,0.9654803906689587,-0.07132680888054521
0.14832728252083743,0.9551320565838464,0.9535465406781537,-0.16711931880888597
0.24284556362510454,0.9336651563272101,0.9321185338745238,-0.26105230287175263
0.3347509892957422,0.9029215960094958,0.9014292271978698,-0.3521918669995433
0.4231314090646785,0.8632267829273015,0.8618034557124238,-0.4396338660805471
0.507111680438227,0.8149948227933864,0.8136546064331857,-0.5225128694136683
0.5858623303513156,0.7587242090445678,0.7574803151001752,-0.6000107218130507
0.658607743458262,0.6949926784307763,0.6938573306066881,-0.6713646157186032
0.7246337964726532,0.6244512859008472,0.6234356000055302,-0.7358745947156015
0.783294863459368,0.547817759487656,0.5469316346924807,-0.792910414701975
0.8340201234111494,0.4658692029604522,0.46512122542024137,-0.8419176955009366
0.8763191085434163,0.37943422038746866,0.3788315801595926,-0.8824233029326334
0.9097864394430679,0.2893845423739255,0.2889329644388211,-0.9140399091606413
0.9341057014311805,0.1966262385553404,0.19632992859878962,-0.9364696874350056
0.9490524251628258,0.10209060488692441,0.10195221035578073,-0.9495071060815865
0.9544961435023367,0.006724817339023085,0.006745404128593591,-0.9530407956486888
0.9504015059885446,-0.08851755424281335,-0.08833850926825149,-0.9470544724255027
0.9368284416486864,-0.18268607714607746,-0.18235067775663416,-0.9316269109996637
0.9139313704372177,-0.2748429364427461,-0.2743548428856257,-0.9069309680274349
0.8819574730715612,-0.36407227075156445,-0.36343666010575926,-0.8732316688568872
0.8412440384160659,-0.44948927021412355,-0.4487127816838571,-0.8308833779756669
0.7922149167347898,-0.5302489463466978,-0.5293396120696342,-0.7803260833566217
0.735376116002139,-0.6055544868854479,-0.6045216489753874,-0.7220808335608475
0.6713105869397124,-0.6746651130588673,-0.6735193277383367,-0.6567443748362045
0.6006722504544717,-0.7369033618526888,-0.7356562916582715,-0.5849830433404946
0.524179328608058,-0.7916617217269662,-0.7903260168870929,-0.5075259749435368
0.4426070470770531,-0.8384085568413961,-0.8369977270323578,-0.4251577017490743
0.3567797832015865,-0.8766932620767811,-0.8752215398563667,-0.33871021046120886
0.26756273910577977,-0.9061505989336379,-0.9046327962317721,-0.2490545429411456
0.17585322395523206,-0.9265041706650102,-0.9249555297781277,-0.15709202371005038
0.08257163315015423,-0.937569003675648,-0.9360050442631492,-0.06374520270734374
-0.011347784897397784,-0.939253211206479,-0.9376895748240541,0.03005139572013149
-0.10496628181465661,-0.9315587245316217,-0.9300110182587926,0.12336062487010246
-0.19734998854915634,-0.9145810862324585,-0.9130647269565217,0.2152520752269932
-0.28757922720596096,-0.8885083094862231,-0.8870383703955832,0.30481134805517784
-0.374757662628273,-0.8536188166214229,-0.852209877436626,0.3911491506490622
-0.45802120269328617,-0.8102784793564106,-0.808944481785864,0.4734101228103338
-0.5365465589854458,-0.7589367920593562,-0.7576909019124484,0.5507813069864309
-0.6095593830757758,-0.7001222179591244,-0.6989766952793974,0.6225001782355871
-0.6763418980413253,-0.6344367564122387,-0.633402834911202,0.6878621547458363
-0.7362399500580162,-0.5625497870099572,-0.561637563986484,0.7462275149779631
-0.7886694108386221,-0.4851912534166461,-0.48440959123935534,0.7970276535729193
-0.8331218683058873,-0.4031442562953733,-0.40250069640871966,0.839770614901077
-0.869169550120366,-0.3172371304364307,-0.31673782072358214,0.8740458504616845
-0.8964694324506037,-0.2283350862030364,-0.22798472240392054,0.8995281541967596
-0.9147664946011501,-0.13733149959707877,-0.13713328133842628,0.9159807380813317
-0.923896088718289,-0.04513893858677006,-0.04509454043370609,0.9232574190072842
-0.9237854026878913,0.04731998420437809,0.04721042641627926,0.92130389690827
-0.9144540034350331,0.13912184079488393,0.1388597282410614,0.9101581131833588
-0.896013457039679,0.22935160684104988,0.22893986065094019,0.8899496876793939
-0.8686660313048451,0.3171117783307627,0.3165548073930913,0.8608984416929616
-0.8327024955610608,0.4015312951796422,0.4008349491617663,0.823312023560962
-0.7884990414724918,0.4817741830429551,0.48094569112270336,0.777582662333591
-0.7365133573365201,0.5570478276463604,0.5560957235963365,0.724183083675057
-0.6772798967532245,0.6266107997779665,0.6255448341775316,0.6636616304329707
-0.6114043905010138,0.6897801537329545,0.6886111942098766,0.5966366381699495
-0.5395576579112492,0.7459381274119564,0.7446780479333056,0.5237901232875064
-0.4624687809143527,0.7945381783904558,0.7931997387297407,0.4458608481191828
-0.38091771016530107,0.835110297035793,0.833707013639087,0.3636368334596124
-0.2957273781865353,0.8672655450823783,0.8658115546395884,0.2779473943711591
-0.2077553992373834,0.8906997759100248,0.8892096930076645,0.189654779716657
-0.11788543958500235,0.9051965010257097,0.9036852713138396,0.09964549966158309
-0.027018344974615485,0.9106288758423414,0.9091116261904688,0.008821428335238357
0.06393688565309141,0.9069607866927574,0.9054526738359614,-0.0819092290894452
0.15407218979257678,0.8942470300244524,0.8927630892139651,-0.17164101446277447
0.24248950349588444,0.8726325838002025,0.8711875789691629,-0.2594802491672449
0.3283097055864094,0.8423509801910034,0.8409592571274718,-0.3445539309999557
0.4106813549213788,0.8037217976002113,0.8023971415876104,-0.4260184068936651
0.48878913390393147,0.7571472988122704,0.755902798148898,-0.5030677353558155
0.5618619145511584,0.7031082505290482,0.7019561672772558,-0.5749416557743198
0.6291803673593827,0.6421589676574064,0.6411106168985142,-0.6409330858287887
0.6900840379308613,0.5749216333632905,0.5739872721460981,-0.7003950731127434
0.7439778217886023,0.5020799530348578,0.501268680106941,-0.7527471326687559
0.7903377739522495,0.4243722068295393,0.4236918741307094,-0.7974809084040096
0.8287161966147442,0.3425837713540558,0.34204090813184873,-0.8341651032267979
0.8587459555786192,0.2575391861841797,0.2571389364637794,-0.8624496301541731
0.8801439839075,0.1700938453232212,0.16983991932905895,-0.8820689445115706
0.892713939444431,0.08112539728186559,0.08102003726807028,-0.8928445256006105
0.8963479913611141,-0.008475059796900915,-0.008431098994927111,-0.8946864847621996
0.8910277196454456,-0.09781189967057434,-0.09761935519887854,-0.8875942855296721
0.8768241203213384,-0.18599391690283534,-0.1856550075499458,-0.8716565704581105
0.8538967181354564,-0.27214321376219647,-0.2716616148515494,-0.8470500981423748
0.8224917973510285,-0.3554039365313103,-0.3547847403251819,-0.8140378028126527
0.78293977007042,-0.434950774324727,-0.4342004363638313,-0.7729659976289122
0.7356517100782622,-0.5099971360570927,-0.5091234079995732,-0.7242607513010132
0.6811150884705054,-0.5798029245849297,-0.578814774242114,-0.6684234758536056
0.6198887552298394,-0.6436818312278139,-0.6425893506204494,-0.6060257711534622
0.5525972183464155,-0.7010080788156221,-0.6998223811924409,-0.5377035791446777
0.47992427899135126,-0.7512225470567494,-0.7499556539249732,-0.46415070752114485
0.40260608756142086,-0.7938382203198511,-0.7925029396356206,-0.3861117887413429
0.32142369106422713,-0.828444904805018,-0.827054701557199,-0.3043747457942647
0.23719514724998106,-0.854713169478704,-0.8532820299727375,-0.21976284090607312
0.15076728506967962,-0.8723974729862326,-0.8709397641957756,-0.13312638738862514
0.06300719441082593,-0.881338446956429,-0.8798687723561185,-0.04533420803217003
-0.02520646940154409,-0.8814643145926666,-0.8799973679182868,0.042735074191533884
-0.11299227917283143,-0.8727914321181223,-0.871341850518026,0.1302018258471932
-0.1994748395051493,-0.855423949423228,-0.854006167468005,0.2161941852782795
-0.28379351266643243,-0.8295525950624664,-0.8281807010685153,0.29985674972696774
-0.36511097971885237,-0.7954525994778344,-0.7941401955739016,0.38035908080957137
-0.44262155178121276,-0.7534807789005521,-0.7522408462269444,0.4569039438115752
-0.5155591489642413,-0.7040718107155194,-0.7029165810913118,0.5287351990920647
-0.5832048679994751,-0.6477337390821392,-0.646674574408041,0.5951452675228597
-0.6448940638458495,-0.5850427572109475,-0.5840900377965907,0.6554820962963154
-0.7000228755587933,-0.5166373198228761,-0.5158003427350877,0.7091555565689073
-0.748054132392867,-0.443211645897166,-0.4424985343237675,0.7556432102168548
-0.7885225824235468,-0.36550867777950513,-0.36492630229172485,0.7944953894026565
-0.821039392851212,-0.2843125680166347,-0.28386648049193997,0.825339539622303
-0.8452958785219348,-0.20044076985504453,-0.2001351506948046,0.8478837843542472
-0.8610664229901729,-0.11473581114578525,-0.11457343028803413,0.861919677284024
-0.8682105645795416,-0.028056834398239732,-0.02803902648713774,0.867324116255915
-0.8666742282876004,0.05872901210539774,0.05860235817383985,0.8640604015220767
-0.8564900929447736,0.14475524590617564,0.14448568298648046,0.8521784294356878
-0.8377770916903043,0.2291646979925353,0.22875520230906388,0.8318140213822892
-0.8107390524829609,0.3111180501826335,0.3105729887779396,0.8031873963751248
-0.7756624939347164,0.3898021772675603,0.3891272616330499,0.7666008042717634
-0.7329136001563509,0.4644382110369862,0.4636404374164588,0.7224353449139498
-0.6829344064514247,0.5342892462503502,0.5333768232387459,0.6711470065667338
-0.6262382355086017,0.598667612350333,0.5976498765358806,0.6132619647603138
-0.5634044311442485,0.656941639202413,0.6558289597179853,0.5493711899376846
-0.4950724435650046,0.7085418503378699,0.7073455232965425,0.4801244191138332
-0.42193532648494003,0.7529665230251796,0.7516986569138603,0.4062235529902558
-0.34473271218223256,0.789786560935921,0.78845995412914,0.32841554558051933
-0.264243335659112,0.8186496321412835,0.8172776437735955,0.24748485833448297
-0.18127718342751345,0.8392835326028176,0.8378799481016009,0.16424555495162585
-0.09666734603879182,0.8514987431316087,0.8500776357635177,0.07953311650882089
-0.011261656274809915,0.8551901559045818,0.8537657457256518,-0.005803940840036215
0.07408580310633855,0.8503379549636014,0.8489244665857021,-0.09091256152864491
0.1585232370423305,0.8370076435988528,0.8356191641951477,-0.1749436745795374
0.2412096359453681,0.815349220047694,0.813999559013529,-0.2570606608013998
0.3213231488450363,0.7855955114385729,0.7842980631052987,-0.33644767877913484
0.39806924856642784,0.748059684291867,0.7468272950582674,-0.41231776683141874
0.4706886078566898,0.7031319580722891,0.7019767992706019,-0.48392064051207884
0.5384646084205482,0.6512755561894512,0.6502090039438426,-0.5505501084316095
0.6007304086454583,0.5930219363859672,0.5920544596483723,-0.6115510331386115
0.6568755003502227,0.5289653495617289,0.5281064074265918,-0.666325768489347
0.7063516901307767,0.45975678268809783,0.4590147319925014,-0.7143400102953426
0.748678446748723,0.3860973475026604,0.3854793616132163,-0.7551280030216728
0.78344756245342,0.30873118208376327,0.30824318165896536,-0.7882970518516398
0.810327083080516,0.22843793713233243,0.22808453352731572,-0.8135312964669753
0.8290644691588831,0.1460249227903682,0.1458093746437511,-0.830594710350311
0.8394889580092663,0.06231899506227024,0.06224317847223382,-0.8393332972196322
0.8415131048533299,-0.021841736653558274,-0.021777344093562023,-0.839676464273918
0.8351334891905539,-0.10561629779251334,-0.10541261896677645,-0.8316375601879341
0.8204305810599746,-0.1881692486911451,-0.18782859495157012,-0.8153135741547612
0.7975677702002398,-0.2686790126234656,-0.26820505794425464,-0.7908840006564088
0.7667895694711236,-0.34634604882242687,-0.34574379040506475,-0.7586088829608972
0.7284190121192269,-0.42040078921564505,-0.41967649496461534,-0.718826056515835
0.6828542704782006,-0.49011126012559386,-0.4892724035453344,-0.6719476213528353
0.63056453141016,-0.5547903134862121,-0.5538454966740919,-0.6184556802540433
0.5720851711433822,-0.6138023961764025,-0.612761261704356,-0.5588973866888342
0.5080122790692888,-0.6665697908239789,-0.6654429234105697,-0.4938793533292718
0.43899658646126827,-0.7125782668422569,-0.7113770858169346,-0.4240614782341795
0.3657368619059019,-0.7513820864708148,-0.750118730122217,-0.3501502514907129
0.28897284043682486,-0.7826083171403995,-0.7812955201193034,-0.27289161016231744
0.2094777578820412,-0.8059604085032783,-0.8046113735178021,-0.19306341376524483
0.12805056573326443,-0.8212209998934484,-0.819849264988607,-0.1114676161392264
0.0455079048843198,-0.8282539317311236,-0.8268732344863022,-0.028922212456822805
-0.03732408116399602,-0.827005442384813,-0.8256295823910326,0.053746957796864114
-0.1196180115938867,-0.8175045401717508,-0.8161472411644594,0.13571446976625934
-0.2005535293968879,-0.7998625484315611,-0.798537321456196,0.2161635515273247
-0.2793254758851259,-0.7742718298662858,-0.7729918388403835,0.29429421955859236
-0.3551518971649646,-0.7410037045198427,-0.7397816355283887,0.3693312303809526
-0.42728180299080365,-0.7004055837900953,-0.699253519411839,0.4405317693628469
-0.4950026010473324,-0.6528973506472733,-0.6518266505560227,0.5071928004685822
-0.5576471331020082,-0.5989670236963789,-0.5979882127165681,0.5686580042644129
-0.614600243590646,-0.5391657497943907,-0.5382884145137473,0.6243242357523495
-0.6653048160047577,-0.47410217654590897,-0.47333487149977205,0.673647438530526
-0.7092672178906004,-0.4044362620882855,-0.4037864264329466,0.7161479573334386
-0.746062101291347,-0.33087258507922124,-0.3303464705651449,0.7514151971258417
-0.7753365120036294,-0.25415322266311713,-0.2537558336043366,0.7791115835503638
-0.7968132680122143,-0.17505026836914847,-0.17478531418421872,0.7989757865929559
-0.8102935748404732,-0.09435806534452595,-0.09422792611745279,0.810825176760086
-0.8156588532357049,-0.012885233017131263,-0.012890938396135643,0.8145574907852474
-0.8128717625197003,0.06855343281252355,0.06841221119442631,0.8101516918166431
-0.8019764109968196,0.14914510534619738,0.14887004788026348,0.7976680171097729
-0.7830977529436476,0.22808703623447812,0.22768115586173476,0.7772472143726425
-0.7564401798244726,0.3045945482207259,0.30406215769531564,0.7491089760064212
-0.7222853214045845,0.37790883143576237,0.3772554976793574,0.7135495884736478
-0.6809890802886012,0.4473044659154555,0.44653695194417753,0.6709388218252249
-0.632977931015749,0.5120965958008074,0.5112227908291384,0.621716091952148
-0.5787445221227735,0.5716476843058851,0.570676522748868,0.5663859353222694
-0.5188426264659753,0.6253737828652612,0.6243151530696545,0.5055128427454697
-0.4538814915088426,0.672750252854979,0.671614896491042,0.43971550501575807
-0.38451964716776693,0.7133168838684129,0.7121162870048683,0.36966052904322255
-0.31145823410786894,0.7466823586636235,0.7454286356300557,0.2960556882578208
-0.23543392004175578,0.772528021519977,0.7712337927302552,0.2196427755876773
-0.1572114755618179,0.790610913781159,0.7892891787491724,0.14119013114500922
-0.07757608429192132,0.8007660477489789,0.7994300545742579,0.06148491985637161
0.002674535353033703,0.8029078977524333,0.8015710103850682,-0.01867476338127172
0.08273811778509231,0.7970310950727245,0.7957066596871363,-0.09848788187006186
0.16181586729046096,0.783210321378421,0.7819115331915771,-0.17715845868445823
0.23912042442340772,0.7615994033358329,0.7603391751983675,-0.2539035117523236
0.31388370233013446,0.7324296190279562,0.7312204530964742,-0.3279608433711928
0.3853645150427026,0.6960072346615943,0.6948610984265227,-0.3985966066979446
0.452855922015439,0.6527102976883673,0.6516385055864767,-0.4651125741313661
0.5156922161599979,0.6029847198353211,0.6019978216174943,-0.5268530356325052
0.5732554863389379,0.5473396905618663,0.5464473675165521,-0.583211258865077
0.6249816896633084,0.4863424680623057,0.4855534381152238,-0.63363544754885
0.6703661739619826,0.42061260105209625,0.41993453367148215,-0.6776341395535795
0.7089685963976048,0.3508156401515898,0.3502550818886868,-0.7147809919710829
0.74041719033972,0.27765640265787966,0.27721871404500054,-0.7447189066275012
0.7644123392066049,0.20187185882608955,0.20156116323912288,-0.7671634561734115
0.7807294229875446,0.12422371142319735,0.12404285639521229,-0.7819055779514857
0.7892209104856474,0.045490743235792386,0.04544127458299574,-0.7888135102152092
0.7898176779041437,-0.03353899061984449,-0.033456841627123035,-0.7878339528857325
0.7825295421602227,-0.11207604734135414,-0.11186336366066751,-0.7789924428099207
0.7674450051720102,-0.18933747918182867,-0.18899664456303367,-0.7623929413432989
0.744730213247616,-0.2645546356100139,-0.26408930820247645,-0.73821663994844
0.7146271435315149,-0.3369808071715167,-0.33639588046335156,-0.7067199972929983
0.6774510371549457,-0.40589863506861357,-0.4052001865731758,-0.6682320289761464
0.6335871062168797,-0.470627212966746,-0.46982244119318506,-0.6231508784301004
0.5834865489163087,-0.5305288107546337,-0.5296259611148746,-0.5719397046603932
0.5276619139939048,-0.5850151538988246,-0.5840234343127915,-0.5151219292376102
0.4666818620537504,-0.6335531966021557,-0.6324826836640923,-0.45327589126377243
0.40116537726108636,-0.6756703321515791,-0.6745318688130408,-0.38702896484861027
0.33177548829114223,-0.7109589895718778,-0.7097640753796391,-0.31705119888721434
0.25921256218515853,-0.739080571929022,-0.7378412469282527,-0.24404854357908456
0.18420723890549168,-0.7597686982876947,-0.7584974217623716,-0.16875573212527029
0.10751307783268423,-0.772831718354076,-0.7715412436245657,-0.09192888934479615
0.029898990180578528,-0.7781544761566539,-0.7768577226924598,-0.014337941534862675
-0.04785846670580775,-0.7756993066610486,-0.7744092307910128,0.06324109626576979
-0.12498285597762403,-0.7655062569034999,-0.764235722415903,0.14003387837935755
-0.20070561118898833,-0.7476925309851771,-0.7464541809106229,0.2152754544280544
-0.2742736921597486,-0.7224511660178891,-0.7212572968716493,0.2882178860553164
-0.3449570705633182,-0.6900489537741138,-0.6889113935082525,0.3581376786204632
-0.4120559708613991,-0.6508236302937964,-0.6497536211706919,0.42434295405538447
-0.4749077947974566,-0.6051803629630369,-0.604188450508823,0.48618029380307626
-0.5328936609631637,-0.5535875715331812,-0.5526835006677133,0.5430411841933338
-0.5854444949309993,-0.49657212612437013,-0.49576474549011984,0.5943680007141607
-0.6320466100611877,-0.434713971390349,-0.4340111468188146,0.6396594723670681
-0.6722467242947622,-0.3686402316509565,-0.36804876961207045,0.6784755726016078
-0.7056563639836018,-0.29901885687002744,-0.2985444386487257,0.7104417891550487
-0.7319556120245073,-0.22655187381994674,-0.2261990010555004,0.735252731417965
-0.7508961641947018,-0.15196831058643442,-0.1517402626954395,0.7526750406417752
-0.7623036645635952,-0.07601686569159169,-0.0759156695758667,0.7625495753323743
-0.7660792981098752,0.0005416044800404602,0.0005151921628177014,0.7647928514641363
-0.7622006261310317,0.07694170460123557,0.07678820245229867,0.7593977246273882
-0.7507216576194155,0.1524211494055181,0.15214234356053236,0.7464333088150001
-0.7317721574189252,0.2262283663642356,0.22582729013211567,0.726044134183928
-0.7055561995929923,0.2976299762423037,0.2971108773358283,0.6984485537192
-0.6723499819517595,0.3659180771080756,0.3652863728181782,0.663936416205216
-0.6324989250293567,0.4304172594833469,0.4296794802686099,0.6228660301979455
-0.5864140858980376,0.4904912831476647,0.489655005225233,0.5756604507192761
-0.5345679239843101,0.5455493496272021,0.5446231172599453,0.5228031270917651
-0.4774894624460485,0.5950519085660178,0.5940451468422377,0.4648329566321707
-0.4157588946158625,0.6385159409536363,0.63743885994892,0.4023387947633228
-0.3500016904562645,0.6755196675186823,0.6743831588137436,0.33595347742875536
-0.2808822628531138,0.7057066364393874,0.7045221630420992,0.26634741645088056
-0.20909725784784464,0.7287891508088584,0.7275686315924115,0.1942218326150852
-0.1353685365346315,0.7445510029624044,0.7433066927840556,0.12030169474878116
-0.0604359192910335,0.7528494897586147,0.7515938564642746,0.04532843586272539
0.014950234758223425,0.7536166901349495,0.7523622896834733,-0.029947480494769696
0.09003653864566116,0.7468599936596607,0.7456193446173899,-0.10477406917122067
0.16407410368170142,0.7326618763007053,0.7314473349595408,-0.17840533252856505
0.23632600563756934,0.7111789271539477,0.710002564518959,-0.25010869479314635
0.30607461658549323,0.6826401373420761,0.6815136192128115,-0.31917228757903704
0.37262872948013165,0.6473444696381403,0.6462789409736416,-0.3849120141601481
0.43533040478022156,0.6056577345100465,0.6046637092242046,-0.4466783224202131
0.4935614713249726,0.5580088051540977,0.5570960624298738,-0.5038626194567403
0.5467496172661963,0.5048852106186984,0.5040626987631893,-0.5559032645265951
0.5943740110776105,0.44682815224877864,0.44610390103432873,-0.6022910813565169
0.635970397473062,0.384426994347395,0.3838080366962038,-0.6425743357557628
0.6711356184168512,0.3183132850976261,0.31780558887299915,-0.6763631299149728
0.6995315152476619,0.24915436836440044,0.24876277892938115,-0.7033331706936033
0.7208881742027274,0.1776466509589054,0.17737484505407908,-0.7232288755336536
0.7350064842584777,0.10450859325766972,0.10435904463617862,-0.7358657863207742
0.7417599831299632,0.030473493694750563,0.03044745083355116,-0.7411322684792685
0.7410959744251879,-0.04371786043818401,-0.04362038435218596,-0.7389904797724353
0.733035906259526,-0.1173246022597365,-0.11710482699306246,-0.7294766005943811
0.7176750090265754,-0.18961318055706025,-0.18927354419098152,-0.7127003249311736
0.6951811974213297,-0.25986466724597124,-0.25940879940620165,-0.6888436185506006
0.6657932491453351,-0.3273819042671804,-0.32681458751323056,-0.6581587582771758
0.6298182799186836,-0.3914964189014064,-0.3908235386852049,-0.6209656733636254
0.5876285414082941,-0.45157503893990547,-0.4508035226553342,-0.577648616888165
0.5396575753876167,-0.5070261422790394,-0.5061638880331761,-0.5286522017423784
0.4863957638016589,-0.5573054792883811,-0.5563612751256736,-0.47447684204694085
0.428385320362482,-0.6019215106884276,-0.6009049450927875,-0.415673646684267
0.3662147747831014,-0.6404402086252345,-0.6393615732119436,-0.35283881701606123
0.30051300572009326,-0.6724892740916398,-0.6713594594745693,-0.28660760569417687
0.2319428828881875,-0.6977617297640699,-0.6965921156522775,-0.21764789774465665
0.16119458258963776,-0.7160188536405712,-0.7148211942725635,-0.1466534787508028
0.0889786440336748,-0.7270924255142305,-0.7258787315822887,-0.07433705795481971
0.01601883627318003,-0.7308862652315351,-0.7296686834826177,-0.0014231164097849858
-0.056955092662848754,-0.7273770487961875,-0.726167740514845,0.07135934808177646
-0.12921471182978897,-0.7166143956151798,-0.7154254152046574,0.1432841066184043
-0.20004017570378024,-0.6987202274725066,-0.6975634023450498,0.2136349426551265
-0.26872739229879894,-0.6738874070841545,-0.672774220056779,0.28171278104627606
-0.33459501971513606,-0.6423776712632514,-0.6413191466286408,0.34684263174452057
-0.3969912216245271,-0.6045188807352504,-0.6035254751366587,0.4083802792162866
-0.4553001147424678,-0.5607016154199941,-0.5597831146106865,0.46571865131066204
-0.5089478445466644,-0.511375150473118,-0.5105405729785478,0.5182938046493637
-0.5574082293381774,-0.45704285449012133,-0.45630036312053646,0.5655904675600939
-0.6002079171707717,-0.3982570569610992,-0.3976138790428452,0.6071470861098884
-0.6369310051467464,-0.33561343726814363,-0.3350757943718258,0.6425603238625701
-0.6672230760451369,-0.26974499218858516,-0.2693180400368167,0.6714889715371669
-0.6907946131541097,-0.20131564296071025,-0.20100342209488364,0.6936572287211388
-0.7074237604641136,-0.1310135464443574,-0.13081894412136752,0.7088573261360595
-0.7169584019783832,-0.05954417773349834,-0.05946890141031669,0.7169514635986892
-0.7193175407461769,0.012376746275380476,0.012332183627756788,0.7178730457005752
-0.7144919652528319,0.08403043140661672,0.08386671403688595,0.7116272042751162
-0.7025441979387997,0.15470218713040373,0.1544211872850132,0.6982906038623473
-0.6836077277958292,0.2236885521790862,0.2232933090403405,0.6780105335448039
-0.6578855361307316,0.2903042938393645,0.2897989808577889,0.6510032956466939
-0.6256479316242715,0.353889211308425,0.35327909227844456,0.61755190878406
-0.5872297176750427,0.4138146755961765,0.41310604993600786,0.5780031495625365
-0.5430267216370699,0.4694898412209323,0.4686899790247481,0.5327639637745953
-0.4934917218700931,0.5203674683510956,0.5194845358816319,0.4822972841765605
-0.4391298144607435,0.5659492980562444,0.5649922744412458,0.42711729777807184
-0.38049326698184394,0.60579092790671,0.6047695138881373,0.3677842109837548
-0.31817591168311604,0.6395061402529953,0.6384306599153211,0.3048985658424852
-0.2528071349987797,0.666770641075207,0.6656519375484519,0.23909516503577866
-0.18504552417342565,0.6873251732601511,0.6861744994498257,0.17103666702476705
-0.11557223510881456,0.7009779744801604,0.699806879925803,0.10140691594677509
-0.04508414818826503,0.7076065564495061,0.7064267714481177,0.03090407336995782
0.02571311918080898,0.707158789154152,0.7059821073106928,-0.03976637914150927
0.09611227327387355,0.6996532806212042,0.6984914410025465,-0.10989869654705886
0.1654114073813183,0.6851790498447402,0.6840436199124902,-0.17879391538043743
0.23292099725637158,0.6638944975451168,0.6627967580359552,-0.24576681703295244
0.29797075898850933,0.6360256864381497,0.6349765193359448,-0.31015273992700876
0.35991630112356054,0.601863949559715,0.6008737302716068,-0.3713141728853697
0.4181455050428307,0.5617628518610758,0.5608413466658374,-0.42864706432006683
0.472084570456728,0.5161345366957016,0.5152908064764347,-0.4815867848320757
0.5212036663381177,0.46544549489466064,0.4646878061056714,-0.5296136843987675
0.5650221316778623,0.41021179981594813,0.40954754355676193,-0.5722581894871261
0.60311317504947,0.3509938569972354,0.3504294769858429,-0.6091053901358828
0.6351080270750309,0.28839072178877156,0.28793165193555403,-0.6397990722380847
0.6606995054365808,0.22303404254961845,0.22268465473509358,-0.6640451558829025
0.6796449580220496,0.15558169061219107,0.15534525317039694,-0.6816145066251533
0.6917685560706602,0.08671114122458778,0.08658978852449983,-0.6923450928712228
0.6969629157269496,0.017112672037946506,0.017107385444419254,-0.696143469155957
0.6951900331595441,-0.05251755260660363,-0.05240695222467506,-0.692985571850811
0.6864815252820146,-0.12148444233221568,-0.12125929049528028,-0.6829168207339121
0.670938175060488,-0.18910091675338606,-0.188763689730006,-0.6660515267967623
0.6487287873360134,-0.25469474769156814,-0.2542490355018012,-0.6425716135827843
0.6200883679601278,-0.3176152394699429,-0.31706570782573995,-0.6127246661944141
0.5853156457708654,-0.37723968093045096,-0.37659202251470403,-0.576821328784621
0.544769963457187,-0.4329795052268671,-0.43224038081890626,-0.5352320778127118
0.4988675696070841,-0.4842860964929933,-0.48346306654859006,-0.4883834045206076
0.44807735014746897,-0.5306561861309886,-0.5297576335187004,-0.4367534459140124
0.39291604290334403,-0.5716367856757958,-0.5706718303586344,-0.38086710896145015
0.3339429840757421,-0.6068296079232787,-0.6058080144534056,-0.3212907376920926
0.2717544400126629,-0.6358949332142143,-0.6348270119783691,-0.2586263773370895
0.20697758168006825,-0.6585548833906966,-0.6574513866045923,-0.19350569357299952
0.14026416269174444,-0.6745960719288142,-0.6734680854291399,-0.12658360825264836
0.07228396459424023,-0.6838716050412262,-0.6827304369637458,-0.05853171571600424
0.003718075298995261,-0.6863024150720151,-0.6851594825331733,0.009968454164252516
-0.06474793191239442,-0.6818779142083757,-0.6807446291254996,0.07823225865004779
-0.13243085052610468,-0.6706559633420055,-0.6695436185335343,0.14557878224519427
-0.19865665561910129,-0.6527621577593369,-0.6516818144614335,0.21133762593195993
-0.2627672134183914,-0.6283884381556135,-0.6273508160750537,0.2748555778705397
-0.32412681883411204,-0.5977910421852289,-0.5968064131812112,0.3355030992136354
-0.3821284960546336,-0.5612878183128864,-0.560365904761185,0.39268056066567414
-0.43619999978634905,-0.5192549300520941,-0.5184048088972095,0.4458241680340086
-0.48580945783407553,-0.4721229847060847,-0.4713529981478526,0.4944115182461725
-0.5304705994159196,-0.4203726264028596,-0.4196903000950655,0.5379667311127247
-0.5697475178530886,-0.36452963848353975,-0.3639416080468133,0.5760651064606706
-0.6032589210252822,-0.3051596051107255,-0.30467155167604676,0.6083372610983909
-0.630681828188298,-0.24286218626386155,-0.242478781672385,0.6344727053591213
-0.6517546773597592,-0.17826506403890122,-0.1779899262257839,0.654222824641283
-0.6662798134334548,-0.11201762133560494,-0.11185328032245756,0.6674032373743286
-0.6741253334242507,-0.04478441656403547,-0.04473229137885226,0.6738955071203807
-0.6752262717092252,0.022761480088471193,0.0227010933558891,0.6736481930099939
-0.6695851147530729,0.08994522203796333,0.08977315094792493,0.6666772293521478
-0.6572716415196402,0.15609692595890076,0.15581511121619818,0.6530656319670727
-0.6384220925098333,0.2205583484313779,0.22016982228978466,0.6329625355193444
-0.6132376770616833,0.28268943306276967,0.2821982868771966,0.6065815727978765
-0.581982435134394,0.3418746629909532,0.34128600426257316,0.5741986134325988
-0.5449804762091687,0.39752915574928943,0.3968490551139914,0.536148885902219
-0.5026126241115957,0.449104440171397,0.44833986888012656,0.49282351279006764
-0.45531250243314336,0.49609385830730296,0.49525261684188915,0.4446654950453352
-0.40356210074321786,0.538037539180464,0.5371281777349531,0.39216518643461346
-0.3478868668861527,0.5745268955942257,0.5735586272312959,0.3358553043738416
-0.2888503752969587,0.6052086000552324,0.6041912074202824,0.27630552786912843
-0.22704862540209622,0.6297880011680513,0.6287317377036529,0.2141167373110081
-0.1631040277562281,0.648031947517434,0.6469474341761012,0.1499149543356476
-0.09765913856687597,0.6597709920351809,0.6586691105302275,0.0843450428423198
-0.031370205650182593,0.6649009560858979,0.6637927397523582,0.018064234518397893
0.03509940938359567,0.6633838389388604,0.6622803622995013,-0.04826445615065511
0.10108586680971768,0.6552480648557669,0.6541603329961756,-0.11397886143672431
0.1659314759828308,0.6405880666515156,0.639526905509768,-0.17842426822657798
0.22899124791167128,0.6195632112104513,0.6185391598739609,-0.24095993826719952
0.289639307957623,0.5923960789980757,0.59141928507864,-0.30096547589099243
0.34727510492739927,0.5593701160322528,0.5584502351581855,-0.35784697996515014
0.4013293549892601,0.5208266830050456,0.5199727834245393,-0.4110429190890477
0.45126966161230714,0.4771615322144433,0.47638200545292414,-0.4600296719489816
0.4966057560798449,0.4288207486152493,0.428123227065946,-0.5043266781963374
0.5368943070254963,0.3762961965751758,0.375687478831519,-0.5435011492133281
0.5717432518461487,0.3201205187725837,0.319606503432876,-0.5771722926246861
0.6008156077120715,0.2608617380502386,0.2604473666378654,-0.6050150093582757
0.6238327251737218,0.19911751690092855,0.19880672645187614,-0.6267630274062241
0.6405769530024468,0.13550913256899377,0.13530481834053643,-0.6422114421312969
0.6508936888418291,0.07067522847466919,0.0705792171273123,-0.6512186389486453
0.6546927964279092,0.005265404779264706,0.005278438278706332,-0.6537075804240691
0.6519493764975703,-0.060066287610144646,-0.05994455723194014,-0.6496664462119123
0.6427038849815212,-0.12466788446311775,-0.12443888945688153,-0.6391486207386025
0.627061598606194,-0.18789601175786516,-0.18756225219435707,-0.6222720300567055
0.6051914345426498,-0.24912229047445886,-0.24868730715604026,-0.5992178357900719
0.577324137174986,-0.30773957891587955,-0.30720791595396757,-0.5702285004909181
0.5437498513518563,-0.3631679905726425,-0.362545148025204,-0.535605244975812
0.5048151075699452,-0.41486062791104195,-0.41415300497276986,-0.4957049242354422
0.4609192503573023,-0.4623089754197309,-0.4615238047508277,-0.45093635426356027
0.41251034661977964,-0.505047898763754,-0.5041931726305301,-0.4017561275665893
0.36008061583119627,-0.5426602009330488,-0.5417445899139536,-0.348663960143768
0.3041614286369889,-0.5747806907925076,-0.5738134558758801,-0.2921976173189511
0.24531792465602026,-0.601099724396839,-0.6000906233610048,-0.23292746991424362
0.18414330396478795,-0.6213661847753563,-0.6203253737969786,-0.17145073584261317
0.12125284989662453,-0.6353898715653616,-0.6343278030476426,-0.10838546522662251
0.05727774335525943,-0.6430432778206808,-0.6419705954690937,-0.044364329594375196
-0.007141269197194214,-0.6442627374842367,-0.6431901696819645,0.019971722461644692
-0.07136029058113348,-0.6390489333283519,-0.63798718587977,0.08397987956873298
-0.13473870637314822,-0.6274667615704901,-0.6264264108845424,0.14702188763605406
-0.19664557275804195,-0.6096445558011411,-0.6086359435792721,0.20847041160011903
-0.25646589508900264,-0.5857726792504663,-0.584805809728175,0.2677152754692741
-0.31360673470367695,-0.5561015007072863,-0.5551859414690338,0.32416951862385135
-0.3675030833828094,-0.520938775525696,-0.5200835628768435,0.37727520828773675
-0.41762344727904566,-0.4806464590497389,-0.4798600088805563,0.4265089506394573
-0.46347508515892066,-0.43563698539780454,-0.43492701041807025,0.4713870461551914
-0.5046088493626597,-0.3863690498187006,-0.3857424839771717,0.5114702384359262
-0.540623581954355,-0.3333429377106193,-0.3328058685382279,0.546368009928167
-0.5711700230703053,-0.2770954478330672,-0.27665305737031576,0.5757423825671638
-0.5959541934284182,-0.21819446119718652,-0.2178509760779268,0.5993111863931195
-0.6147402182858906,-0.1572332105544433,-0.1569918617256788,0.6168507645778476
-0.6273525657735539,-0.094824308281617,-0.09468730074277454,0.6281980889879435
-0.6336776784344456,-0.03159359275685462,-0.03156208559993767,0.6332522663431078
-0.6336649828935415,0.03182614498700456,0.03175204805743903,0.6319754211561621
-0.6273272688229578,0.09480149147437782,0.09462274106756874,0.6243929478843089
-0.6147404346800277,0.15670473456386635,0.15642332400777226,0.6105931310362391
-0.5960426040214033,0.21692011768162564,0.216539061042752,0.5907261382898856
-0.5714326224714773,0.2748499622218435,0.2743732621802658,0.565002397922749
-0.5411679515853501,0.32992059726617545,0.3293532031869656,0.5336903779833188
-0.5055619818340842,0.38158803781850725,0.38093579445709014,0.4971137905635903
-0.4649807926939321,0.4293433553788935,0.42861294275165135,0.45564825022961025
-0.4198393932837539,0.4727176878644293,0.47191655290205525,0.40971742105437997
-0.37059748211352106,0.5112868395897695,0.5104231202719395,0.35978869173341393
-0.317754769229366,0.5446754262111121,0.5437578689551622,0.3063684228967978
-0.2618459083224886,0.5725605241691291,0.571598395310225,0.24999681491092884
-0.203435090167321,0.5946747891932979,0.5936777814522212,0.19124244815728553
-0.14311035203204436,0.6108090138005862,0.609787148682116,0.1306965509390806
-0.0814776604308978,0.620814099381114,0.6197776264854288,0.06896705277625093
-0.019154826734958615,0.6246024243558363,0.6235617186147064,0.006672482875937358
0.04323468329204349,0.6221485959563015,0.6211140538231658,-0.05556422500914093
0.10506798402967454,0.6134895793540082,0.6124715149870735,-0.11712195930912828
0.1657289862894582,0.5987242040944758,0.5977327465684752,-0.17738762673597586
0.2246145333433696,0.578012054006813,0.5770570465773519,-0.2357622559666167
0.2811403956049286,0.5515717529011525,0.5506626553236811,-0.2916669481700268
0.3347470644081058,0.5196786643728076,0.5188244592445181,-0.34454861528778885
0.38490528745383223,0.4826620298435947,0.48187113389533076,-0.3938854492145999
0.43112129118717196,0.44090157452988765,0.44018175574359886,-0.4391920678247274
0.472941638602552,0.3948236162786492,0.3941819176460451,-0.4800242871240587
0.509957674716381,0.3448967171050759,0.34433938777523543,-0.5159834726406411
0.5418095161575991,0.29162692175052096,0.2911593562389625,-0.5467204274601786
0.5681895459641735,0.2355526316130402,0.23517931766290912,-0.571938779023086
0.5888453796901809,0.17723916594590375,0.17696364154451638,-0.5913978318789325
0.6035822742730768,0.11727306523725368,0.11709788519860764,-0.6049148589891575
0.6122649567299024,0.05625619414807224,0.0561829065758257,-0.6123668098299518
0.6148188555882419,-0.005200296728736682,-0.0051711638824347705,-0.6136914194102076
0.6112307239534155,-0.0664820897339693,-0.06635103190012093,-0.608887708331018
0.6015486492082177,-0.12697783839494028,-0.12674636739777256,-0.5980158701134538
0.585881450473861,-0.18608526375666007,-0.18575589069223908,-0.5811965481418324
0.5643974710697699,-0.24321714802330677,-0.2427933561980744,-0.5586095106608308
0.5373227792342461,-0.2978071658888262,-0.2972933741078654,-0.5304917382542585
0.5049387962481968,-0.3493154956741585,-0.3487170122648947,-0.4971349440689088
0.46757937678126715,-0.397234154702608,-0.3965571227516196,-0.4588825526706253
0.4256273716978729,-0.44109200620828354,-0.4403433405749002,-0.41612616876881087
0.3795107086662871,-0.48045938845637015,-0.47964670520890595,-0.36930157207810205
0.3296980306560917,-0.514952320623904,-0.5140838596173752,-0.31888427924097906
0.27669393674281206,-0.544236244304566,-0.5433207856866169,-0.26538471797608765
0.22103387351876833,-0.5680292642191215,-0.5670760397101943,-0.20934306239782097
0.1632787288007732,-0.5861048567841302,-0.5851234566267192,-0.15132378173501826
0.10400918219342448,-0.5982940205661251,-0.5972942970818956,-0.09190995743582009
0.04381986938439408,-0.6044868482712942,-0.603478816994612,-0.031697425845406135
-0.016686581205497923,-0.6046335057352064,-0.6036272451151138,0.028711194728778255
-0.07690557963862868,-0.5987446093255385,-0.5977501600003544,0.08871253271308499
-0.13623661320556882,-0.5868909991925894,-0.5859182638425555,0.14770848743733966
-0.1940892324071398,-0.5692029118380706,-0.5682615566159713,0.20511218865579772
-0.2498889245287631,-0.5458685614614298,-0.5449679199805055,0.2603538320622151
-0.3030828164032409,-0.5171321454256276,-0.5162811262587699,0.3128863327989498
-0.3531451497805171,-0.48329129490163986,-0.4824982935082811,0.3621907408919206
-0.39958247510489714,-0.44469399724724346,-0.44396681319736203,0.40778136503166057
-0.4419385124199895,-0.40173502189530774,-0.40108078220748855,0.4492105541403052
-0.47979863154639485,-0.3548518864191824,-0.3542769757646247,0.48607308967855756
-0.5127939075729144,-0.30452040395959623,-0.30403040241547247,0.5180101456291819
-0.5406047120294893,-0.25124985729334604,-0.2508494862519822,0.5447127774928421
-0.5629638048233109,-0.1955778484610278,-0.19527092521792522,0.565924906410948
-0.5796588970730744,-0.13806487601115644,-0.1378542774684538,0.5814457696387679
-0.5905346603170016,-0.07928869453327421,-0.07917633036228222,0.5911318139737456
-0.5954941631455308,-0.019838513216407314,-0.01982530872840227,0.5948980143539337
-0.5944997220626821,0.03969090833751255,0.039605019460657864,0.5927186056118205
-0.5875731592533993,0.09870520790595681,0.09852128096858925,0.584627221252545
-0.5747954658689642,0.15661635258802153,0.15633641937096265,0.5707164390566092
-0.5563058753792067,0.21284849571727865,0.21247554224623932,0.5511367392267402
-0.5323003574197164,0.2668437004333696,0.26638163526679637,0.526094886652918
-0.5030295483258475,0.31806747304786226,0.317521086419722,0.4958517545936081
-0.468796140135772,0.3660140513520912,0.36538896559567796,0.4607196126126317
-0.42995175520671186,0.4102113955703886,0.40951400733542864,0.42105890691303216
-0.38689333866868625,0.45022583273469763,0.449463247590928,0.37727456621983124
-0.34005910568852626,0.48566630881435485,0.48484626890954424,0.329811871033141
-0.2899240848867774,0.5161882069413258,0.5153190124497157,0.2791519283558272
-0.2369953031985831,0.5414966944855203,0.5405871196431667,0.22580679785382918
-0.18180666095814405,0.5613495665120917,0.5604087710880339,0.17031431879469594
-0.12491354898097633,0.5755595582444595,0.5745969953405001,0.1132326899980729
-0.06688726189004401,0.5839961045117062,0.5830214256184112,0.05513485739281565
-0.008309263857294077,0.5865865297230226,0.5856094879853739,-0.003397234413218264
0.05023463570703078,0.5833166576290626,0.5823470102903296,-0.0617784688999623
0.10816013820077186,0.5742308359430301,0.5732782469428571,-0.1194264044210952
0.16489028509560222,0.5594313767448436,0.5585053204434833,-0.17576708260835128
0.21986120228946854,0.5390774194213599,0.5381870864081756,-0.2302407404932072
0.27252770237723734,0.5133832286462021,0.512537434569262,-0.28230736952186725
0.32236868920332096,0.48261594551698644,0.48182304383698443,-0.33145206628067997
0.3688923111446342,0.4470928153900661,0.4463606149222604,-0.3771901219396609
0.41164081218777304,0.40717792112905427,0.40651360918639967,-0.41907180013411455
0.45019503298191416,0.3632784553632432,0.3626885272564623,-0.4566867562159907
0.4841785176390655,0.3158405698858561,0.315330765472214,-0.4896680544803769
0.513261186076357,0.26534484446716783,0.2649200923661976,-0.517695744070172
0.537162536112305,0.2123014210718217,0.21196579109029445,-0.5404999587492876
0.5556543442944158,0.1572448527173103,0.15700151694171105,-0.5578635105529192
0.5685628395006472,0.10072871896123788,0.10057992188850395,-0.5696239524378521
0.5757703286721166,0.04332006222973988,0.043267100216854426,-0.5756750904057226
0.5772162595440181,-0.014406299119906651,-0.0143630889014007,-0.5759679311035505
0.5728977108918365,-0.07187352399097022,-0.07173476500411724,-0.57051105657356
0.5628693065431947,-0.12850851043461867,-0.1282757786343719,-0.5593704235539896
0.5472425551649621,-0.18374760870176815,-0.1834234149013364,-0.5426685904850166
0.5261846235629274,-0.237042228531622,-0.2366299914724443,-0.5205833810790506
0.49991655687047326,-0.28786428491757826,-0.287368295330383,-0.4933459989198863
0.4687109644968508,-0.33571142831559925,-0.33513680434963056,-0.4612386130091814
0.43288919600054715,-0.38011200751941454,-0.3794646420013367,-0.4245914394150241
0.39281803609658345,-0.42062971619860406,-0.41991621626444126,-0.38377934916138307
0.3489059527476589,-0.45686787735169115,-0.4560954970693276,-0.3392180371633474
0.3015989366827179,-0.48847332363127355,-0.48764989029993683,-0.2913597913251467
0.25137597468767153,-0.5151398356167205,-0.514273670492173,-0.24068890483249644
0.19874420258428332,-0.5366111045977728,-0.5357109388450573,-0.1877167781440342
0.14423378691866007,-0.5526831912455273,-0.5517580779684297,-0.1329767601931059
0.08839258699059739,-0.563206456636394,-0.5622656798689707,-0.07701878081387059
0.031780650944865936,-0.5680869474083015,-0.5671399289830032,-0.020403828386510448
-0.02503539880600327,-0.5672872223136961,-0.5663434275404768,0.036301671866634244
-0.08148803456322945,-0.5608266130349746,-0.5598954561344912,0.09253152262173436
-0.13701449003290153,-0.5487809177893492,-0.5478716680254504,0.14772540560118896
-0.19106236816831954,-0.5312815319147368,-0.5304032213612287,0.20133446274748334
-0.2430951343051473,-0.5085140252398526,-0.5076753590988909,0.25282675185354875
-0.29259743998809773,-0.48071618154402707,-0.47992545190678665,0.30169252244417577
-0.3390802246865046,-0.4481755207510174,-0.44744052465401085,0.3474492596052539
-0.3820855449188999,-0.4112263296229763,-0.4105542922096153,0.3896464458787019
-0.4211910831284277,-0.37024623157527703,-0.36964373511941456,0.4278699942546002
-0.4560142919427828,-0.32565233077205624,-0.3251252502602617,0.46174630866897187
-0.48621613318048,-0.27789696984148266,-0.2774504157439381,0.4909459322208348
-0.5115043750915704,-0.22746314432788928,-0.22710141311479554,0.5151867475169116
-0.5316364158034391,-0.17485962033810032,-0.17458615322003157,0.5342366980939859
-0.5464216057355767,-0.1206158047090921,-0.120433154996753,0.5479160047116791
-0.5557230468027897,-0.06527641939576449,-0.06518622878766478,0.5560988554017843
-0.5594588514931097,-0.009396033628735248,-0.009399017645623231,0.5587145534571422
-0.5576028503319144,0.04646649129566395,0.04637054860231915,0.5557481129836928
-0.5501847417726459,0.10175358896800331,0.10156583099943717,0.5472402971742735
-0.5372896841320269,0.15591455073051866,0.1556370350745956,0.5332871000369258
-0.5190573347577268,0.20841100897538847,0.20804668504177504,0.5140386778613794
-0.4956803471236719,0.25872228630279454,0.258274964101069,0.4896977421902272
-0.46740234193751296,0.3063505574134339,0.3058248678033129,0.4605174314110036
-0.43451537356300934,0.35082577258499525,0.35022711941243595,0.4267986832554091
-0.39735691805502577,0.39171029406451574,0.39104479867792835,0.3888871354310125
-0.3563064138274237,0.42860319967119775,0.42787763838630977,0.3471695862638058
-0.3117813903777638,0.4611442113172769,0.4603659464696361,0.3020700515606528
-0.26423322453349646,0.4890172099833283,0.4881941152688569,0.25404545785667587
-0.21414256732399242,0.5119533028886121,0.5110936837490435,0.20358101576294307
-0.16201448778368774,0.5297334131359169,0.5288459229941945,0.15118532023594755
-0.10837338272515351,0.5421903669358016,0.5412839201247134,0.09738522722096299
-0.05375770375874506,0.5492104585801095,0.5482941408411354,0.04272055825696397
0.0012854454430735677,0.5507344785871944,0.5498174560369693,-0.012261313756894432
0.05620578744864882,0.5467581958287306,0.5458496233051439,-0.0670109433525512
0.11045537010410235,0.5373322899166841,0.5364412196209012,-0.12098230102523366
0.16349403137282906,0.5225617356236839,0.5216970269686197,-0.17363821670254187
0.2147947754978263,0.5026046465761758,0.5017748781401872,-0.2244557239055675
0.2638490070008665,0.4776705908425704,0.47688397530174603,-0.272931251456294
0.3101715705581755,0.44801839628491696,0.4472826991677689,-0.31858561121446194
0.3533055468344203,0.413953468599678,0.41327593166768734,-0.36096873246507094
0.392826756891713,0.3758246497919028,0.375211919800707,-0.3996640962052736
0.4283479307945617,0.3340206493586233,0.33347871290129283,-0.4342928256697287
0.45952249947197155,0.28896608465795703,0.2885002097276407,-0.4645173929492742
0.4860479727400898,0.24111717076876846,0.2407318556109339,-0.4900449054731007
0.5076688705941583,0.1909571035633369,0.1906560333138113,-0.5106299403885951
0.5241791794028521,0.13899118269104943,0.1387771942165955,-0.5260768994499424
0.5354243094374774,0.0857417236733484,0.08561677894989184,-0.53624186186882
0.5413025351928304,0.031742810317285444,0.03170797859409602,-0.5410339176343069
0.5417659051562966,-0.022465059853512978,-0.02240961094307603,-0.5404159690326977
0.5368206130042152,-0.07634038348925411,-0.07619538779953028,-0.5344049934279409
0.5265268275963906,-0.12934605853910117,-0.1291131422858971,-0.5230717657566812
0.5109979845470358,-0.18095473664059036,-0.18063640038584794,-0.5065400445878994
0.490399547519221,-0.23065406745668104,-0.2302536594017146,-0.4849852309423694
0.4649472526666929,-0.27795178282906424,-0.27747346370028847,-0.4586325143133724
0.4349048547791633,-0.3223805703193555,-0.3218292702138026,-0.42775452541880116
0.4005813986239324,-0.3635026879128245,-0.36288405555026465,-0.39266852009974096
0.36232804366911037,-0.4009142743393037,-0.40023461924269865,-0.35373312341172
0.32053447477539265,-0.43424931259516847,-0.43351554079071986,-0.31134466728682864
0.2756249355109664,-0.46318320779666944,-0.46240275168822953,-0.2659331591350589
0.22805392443774675,-0.48743594442218025,-0.48661668755163867,-0.21795792236237954
0.17830159800063866,-0.5067747922691453,-0.5059249897240277,-0.16790295297604813
0.1268689264929412,-0.5210165350173899,-0.5201447302888299,-0.11627203919330809
0.07427265194287268,-0.530029200107807,-0.5291441392358843,-0.0635836932415218
0.02104009864576433,-0.5337332736656942,-0.5328438175344907,-0.010365946314154773
-0.032296111564025475,-0.5321023893706379,-0.5312174250323805,0.042848941088892145
-0.08520338636071176,-0.5251634854479158,-0.524291837362756,0.09552980046775905
-0.13715447903657668,-0.5129964292770861,-0.5121467713551794,0.14715185509717343
-0.18763274063174765,-0.4957331144284811,-0.4949138837507423,0.19720194541135827
-0.23613725578672515,-0.47355604019481445,-0.47277535326964004,0.24518362798973514
-0.28218781128567566,-0.4466963888305341,-0.4459619612180425,0.2906220974997262
-0.32532964803033365,-0.4154316206948692,-0.41475069079353943,0.33306888282060215
-0.36513794944438355,-0.38008261226641366,-0.3794618700151245,0.3721062709251355
-0.40122202203335855,-0.3410103665098421,-0.3404558877068978,0.4073514149043764
-0.4332291269857631,-0.2986123292855384,-0.2981295161688391,0.43846008576204354
-0.46084792526712637,-0.2533183493574334,-0.25291187802707005,0.46513003124149754
-0.4838115025911771,-0.20558632303723887,-0.20526009823077285,0.48710390894221495
-0.5018999449132809,-0.15589756756899043,-0.15565468522680537,0.5041717653009422
-0.5149424396365382,-0.10475196997705041,-0.10459468795571802,0.5161730365987685
-0.5228188825044245,-0.05266296024923673,-0.05259267745867546,0.5229980529763684
-0.5254609751282733,-0.0001523593817767334,-0.00016960353804940098,0.5245890314384589
-0.5228528032120344,0.052254846038455066,0.052150421940010405,0.520940548954676
-0.5150308907402712,0.10403575040915847,0.1038453628826097,0.5120994919758185
-0.5020837306355125,0.15467474443361878,0.15440046562219006,0.4981644839134683
-0.4841507976158332,0.20366864719185213,0.20331338247499636,0.47928479734168583
-0.4614210541405132,0.25053170390195595,0.25009916122994774,0.45565876280841217
-0.43413096536984364,0.29480039975353456,0.29429505103222925,0.4275316911441118
-0.40256204393406736,0.3360380421307783,0.3354650770582629,0.39519333098046505
-0.36703794995819106,0.37383906594962757,0.3732043387799841,0.35897488778372094
-0.32792117617807054,0.4078330196875225,0.4071429894678011,0.3192456350355488
-0.28560935206463084,0.43768819295673733,0.43694985784645574,0.2764091522018758
-0.2405312046087794,0.46311485012789766,0.46233567646834145,0.2308992277863378
-0.19314221677096255,0.4838680385140049,0.4830558853662732,0.18317546903289045
-0.14392002753552474,0.49974994393447575,0.4989129838479901,0.13371866268528904
-0.09335962000136452,0.5106117710510627,0.5097584078615892,0.08302593360897254
-0.041968345963206886,0.5163551306562703,0.5154939151393634,0.03160575000389909
0.009739163026508159,0.5169329210518425,0.5160724652779456,-0.02002717462861625
0.06124614709238224,0.512349695730547,0.5114985869797319,-0.0713570316716905
0.11203888042245455,0.5026615147175044,0.5018282298133057,-0.1218720682197591
0.1616117930550434,0.4879752820865952,0.48716810300389696,-0.17106968713133774
0.20947250102323395,0.46844757729123687,0.46767450887752926,-0.21846144550181384
0.25514669483054925,0.4442829929862324,0.44355168361326913,-0.263577901866158
0.2981828377458878,0.4157319969180053,0.4150496628505504,-0.30597326405066155
0.3381566274006593,0.3830883401761001,0.3824616944047668,-0.34522979167838114
0.37467517662684113,0.34668603858232905,0.34612122482216817,-0.38096190987423534
0.40738087236509296,0.30689595820125304,0.30639849070454195,-0.41281999368501715
0.4359548747677495,0.2641220398453256,0.26369674961770784,-0.44049378609735595
0.46012022228863453,0.21879720098178185,0.21844818892582024,-0.46371541626812435
0.47964451255291357,0.17137895659170074,0.17110955403171424,-0.48226198863903114
0.4943421330949774,0.12234480325397562,0.1221575402214195,-0.4959577179490379
0.5040760205971975,0.07218741300189316,0.07208399458238174,-0.5046755897411033
0.5087589320114537,0.021409685305754968,0.021390976267681716,-0.5083385307359553
0.5083542158507338,-0.029480293145297907,-0.029414275303694115,-0.5069200783708853
0.5028760769507149,-0.0799743303684221,-0.0798244139008153,-0.5004445438205968
0.49238933307057076,-0.12956920190941726,-0.1293370508642322,-0.4889866678843805
0.47700866677786846,-0.1777716639452982,-0.17745975988583657,-0.4726707741889319
0.45689738109340344,-0.22410335674720364,-0.22371497234797616,-0.4516694291622489
0.43226567230827323,-0.268105549777748,-0.26764471457706857,-0.4262016231409897
0.40336843817798973,-0.3093436813754016,-0.3088151400416289,-0.396530491723176
0.37050264429994745,-0.3474116481223832,-0.346820811665238,-0.3629606010290737
0.33400427584494213,-0.3819358015812163,-0.38128869200956317,-0.32583482484033394
0.2942449058980348,-0.41257861309044996,-0.4118818020815443,-0.2855308456030911
0.2516279154286333,-0.43904197070183454,-0.4383025129068303,-0.24245731497341189
0.20658440331666875,-0.46107007608513234,-0.46029543774674647,-0.19704971290885775
0.15956882787928398,-0.4784519132836061,-0.47764989688796117,-0.14976594724186137
0.11105442393907651,-0.4910232655335046,-0.49020193125666883,-0.10108173817755861
0.06152844162795021,-0.4986682609191178,-0.4978358456577703,-0.0514858342154334
0.01148725480752246,-0.5013204323765913,-0.5004852671770127,-0.0014751075856067608
-0.038568611807452344,-0.49896328243623916,-0.49813370914828076,0.04845042160417534
-0.0881394870221337,-0.49163034805575623,-0.4908146360455092,0.09779258270101593
-0.1367315390165542,-0.479404765896036,-0.4786110296486269,0.1460600233938547
-0.18386169295185908,-0.4624183433769853,-0.4616544618094574,0.19277310061406316
-0.22906243137844567,-0.44085014577322335,-0.4401236840606619,0.23746864478628116
-0.27188642976399147,-0.41492461441972905,-0.4142427491087941,0.2797045501267159
-0.3119109812002045,-0.38490923574788016,-0.38427868389922154,0.31906414551818446
-0.3487421665438358,-0.35111178531609216,-0.350538738375,0.3551603027712777
-0.3820187288752045,-0.3138771751936246,-0.31336723823887913,0.3876392417886651
-0.4114156141916116,-0.27358393695835914,-0.2731420739258933,0.41618399525732164
-0.43664714366038315,-0.2306403761421603,-0.23027086155756132,0.4405174989638419
-0.45746978650312387,-0.18548043716559076,-0.18518681485450605,0.4604052776356979
-0.47368450663128436,-0.13855932061502071,-0.13834436978987785,0.4756577003067507
-0.48513866046109944,-0.09034889710424061,-0.09021460615059429,0.4861317835544357
-0.4917274278614032,-0.04133296390413358,-0.041280512113374135,0.4917325255136526
-0.49339476288377426,0.007997607998489906,0.007967860583888708,0.4924137582878593
-0.4901338557446255,0.057149787753438284,0.05703830229691648,0.4881785112124555
-0.48198710242439097,0.10563331024098101,0.10544136286789574,0.4790788823206041
-0.46904558317104633,0.1529655642175591,0.1526952316490321,0.4652154202776074
-0.45144805609458455,0.1986763942965025,0.19833053152064906,0.4467360239317443
-0.4293794768669165,0.24231276900390797,0.2418949792232694,0.4238343714287369
-0.40306906024993067,0.2834432685822499,0.2829578657528267,0.39674789551055745
-0.3727879037163512,0.32166234810601946,0.3211143124566396,0.365755326114979
-0.33884619775860275,0.3565943338052457,0.3559892607952764,0.3311738256694441
-0.3015900515572959,0.3878971132399083,0.3872411564779171,0.29335574648763435
-0.2613979664630193,0.41526548310277256,0.4145652918079634,0.2526850433904293
-0.21867699319570322,0.43843412191799414,0.4376967735595692,0.20957337804819065
-0.17385861175110548,0.4571801587124107,0.45641308750886483,0.16445595454555567
-0.12739437569393025,0.47132531282710527,0.47053623482741336,0.11778712827383075
-0.07975136478562281,0.48073758436717684,0.47993441986853247,0.07003583243451073
-0.03140749172022376,0.4853324793140074,0.4845232733958277,0.021680868169560996
0.01715328989354273,0.48507375800108904,0.4842665999722204,-0.026793894396639206
0.06544582827422032,0.4799737004346796,0.4791766430002349,-0.07490435612404783
0.11298861849358971,0.4700928867762795,0.4693138657310454,-0.12217102143933428
0.1593086014204294,0.4555394961468127,0.4547862513962306,-0.1681237753114745
0.20394586877283583,0.4364681317139846,0.4357481304084182,-0.21230655704932627
0.24645822750211305,0.41307818473694746,0.41239854728174624,-0.25428188447487343
0.2864255782291851,0.3856117548190099,0.38497918449380303,-0.2936351836125106
0.32345406440087365,0.35435114801444534,0.3537718648963978,-0.3299788810648005
0.35717995120846463,0.3196159786060498,0.31909565844851384,-0.3629562187008645
0.3872731960905764,0.28175990427427244,0.2813036229408289,-0.3922447531343946
0.4134406757966304,0.24116702797917086,0.24077921197638186,-0.41755950569078615
0.4354290384858528,0.1982480031361152,0.19793238672716124,-0.43865573212018266
0.45302715314206266,0.15343588155513432,0.15319547086853263,-0.45533128516834426
0.4660681326595593,0.10718174610244635,0.10701879058064467,-0.46742854723834537
0.4744309112581916,0.05995017210746524,0.05986614356556397,-0.474835914709205
0.4780413613726721,0.012214563160605348,0.012210142648762246,-0.47748881999187864
0.47687293978794404,-0.03554759189091049,-0.035472519305495276,-0.47537028204499293
0.47094685751157306,-0.08285949324839324,-0.08270583574386842,-0.46851098079559106
0.46033177263917036,-0.1292497880500287,-0.12901923639991486,-0.45698885567560066
0.4451430102315901,-0.17425726438351338,-0.1739522735162069,-0.4409282332302794
0.425541317935929,-0.2174354346960846,-0.2170591976638392,-0.4204984934483384
0.40173117069882225,-0.25835696307318107,-0.2579133777052964,-0.3959122890477094
0.3739586423948697,-0.2966178925056265,-0.29611152109326966,-0.36742333638379476
0.3425088664801683,-0.33184163034994,-0.3312776527793912,-0.33532380088824504
0.30770311183899146,-0.3636826526832755,-0.36306681349783293,-0.29994130394411594
0.26989550378060173,-0.3918298911387632,-0.39116844107040055,-0.26163558183166263
0.22946942362491135,-0.416009769049608,-0.41530940161482716,-0.22079483078883355
0.1868336234576363,-0.4359888572965299,-0.43525664109897677,-0.17783177529565708
0.142418095405116,-0.45157612410873943,-0.45081943153333753,-0.13317949938148443
0.09666973715096878,-0.4626247571728268,-0.46185119018984544,-0.08728708303833099
0.05004785736714689,-0.46903354071640563,-0.46825085454244814,-0.04061508768623989
0.00301956624247915,-0.4707477747100748,-0.46996380009175914,0.006369063945423636
-0.043944902651204945,-0.4677597279273209,-0.4669822928261714,0.053195767193083277
-0.09037689232275513,-0.46010862127145813,-0.45934547273338916,0.09939792726397528
-0.13581399719788279,-0.44788014247452584,-0.4471388694627865,0.1445156166142264
-0.17980466621531244,-0.43120549794861285,-0.43049345590915,0.18810065148036736
-0.22191268837971279,-0.41026001217845237,-0.40958425008675053,0.2297210420440926
-0.26172151623266254,-0.3852612895397943,-0.38462848015238915,0.2689652720627267
-0.2988383844101906,-0.35646695776590703,-0.3558833317668489,0.305446365588361
-0.3328981825860323,-0.3241720164221221,-0.3236433011134848,0.33880570060805193
-0.3635670446328876,-0.28870581764429665,-0.28823718078381383,0.368716532044398
-0.3905456187427951,-0.2504287100132425,-0.25002470934934934,0.394887189531635
-0.41357198650275745,-0.20972837973796965,-0.20939291873459664,0.41706391869785764
-0.4324242024897144,-0.16701592627367098,-0.16675221645436028,0.43503333830488516
-0.4469224297936295,-0.12272171207699262,-0.12253224235098115,0.4486244894868653
-0.45693065095991064,-0.07729102837629792,-0.07717754163879265,0.45771045744773486
-0.46235793812138803,-0.031179620587445642,-0.031143097813133847,0.4622095502847201
-0.4631592705225374,0.015150881680646105,0.015110229707044898,0.462086024055433
-0.45933589217997906,0.06123758422364096,0.06112031747255997,0.45735034775870276
-0.4509352070280254,0.10662095123238666,0.1064283932999538,0.4480590065029789
-0.4380502135199883,0.15084938552423674,0.1505836088948359,0.43431384574923054
-0.42081848524905824,0.19348372038223277,0.19314752424539589,0.4162609640919616
-0.3994207086709091,0.23410157834262907,0.23369845920035853,0.3940891665310256
-0.37407879340898653,0.2723015536884379,0.27183566906103435,0.3680279945523901
-0.34505357485870225,0.3077071772531071,0.30718330285944007,0.33834535352605444
-0.3126421328370985,0.3399706243936488,0.33939410524620156,0.3053447619078112
-0.27717475380946194,0.3687761296346693,0.3681528255499861,0.2693622504590523
-0.2390115677271013,0.39384307448545924,0.3931793005645488,0.23076294313390588
-0.19853889369655217,0.4149287182614505,0.4142311809449256,0.1899373543990665
-0.15616533153811618,0.43183054536527254,0.4311062747098372,0.14729744051132476
-0.11231763875458473,0.44438820636371545,0.44364448522365496,0.10327244465937496
-0.06743643449338518,0.45248503429714754,0.4517293251243766,0.05830457785463178
-0.02197177372970941,0.4560491219346418,0.45528899193171696,0.012844579010558299
0.023621363892958207,0.4550539500992592,0.45429699547682345,-0.03265280122961012
0.06888762536565528,0.4495185616887198,0.44877233178453113,-0.07773334768569007
0.11337583024986443,0.4395072805621212,0.4387792025795619,-0.12194791340336852
0.15664346588156766,0.4251289790080461,0.4244262841243105,-0.1648568927710084
0.19826108707472653,0.4065359020079195,0.40586555358603754,-0.20603459046043465
0.23781657659877517,0.38392206091595915,0.38329068553408435,-0.24507344279079551
0.2749192241815434,0.3575212134497604,0.35693503542954097,-0.28158804967335554
0.30920358368468337,0.32760445098128804,0.32706923106231744,-0.3152189772707886
0.3403330703940069,0.2944774179956027,0.29399839675993383,-0.3456362938717683
0.36800326303667014,0.2584771922069344,0.25805903880827624,-0.3725428042196059
0.39194487815566215,0.2199688571516815,0.21961562385128697,-0.3956769506144944
0.41192638780692753,0.1793418020840355,0.17905688503482092,-0.41481535249566504
0.42775625516262633,0.13700578665254848,0.13679189331059743,-0.42977495987783554
0.439284766469047,0.09338681010846839,0.09324593358419092,-0.44041479991794086
0.4464054418794645,0.04892282666896031,0.048856227259654605,-0.4466372999911028
0.44905601192097794,0.004059350110247824,0.00406754418442401,-0.44838917491640934
0.4472189507163493,-0.04075500831432156,-0.04067225198479463,-0.4456618703460989
0.440921561524019,-0.08507302395897196,-0.08491668039715877,-0.438491558780409
0.43023561463691756,-0.12845332007040336,-0.12822509687578781,-0.42695868914063473
0.41527654214886145,-0.1704647617870989,-0.17016708062718933,-0.4111870952888764
0.3962021985114797,-0.21069073912817865,-0.21032671013948262,-0.39134267327462097
0.3732112001209649,-0.2487332964420231,-0.24830668581007992,-0.36763164137226384
0.3465408613494637,-0.2842170674026314,-0.28373225845835126,-0.34029840111154047
0.3164647484292947,-0.3167929766643312,-0.3162549248979124,-0.3096230214483875
0.28328987636988123,-0.3461416716923089,-0.3455558541459215,-0.275918371941441
0.24735357760011037,-0.3719766510526194,-0.3713490106082388,-0.23952693425118243
0.20902007424823346,-0.3940470585425454,-0.3933839436712312,-0.2008173244310646
0.16867678886586412,-0.4121401159388323,-0.4114482165219241,-0.16018056130183672
0.12673043094384864,-0.42608317080291275,-0.4253694506736101,-0.11802611866430557
0.0836028987311421,-0.43574533967169343,-0.43501696655691324,-0.0747778011880007
0.03972703763246599,-0.4410387310405129,-0.4403030046075205,-0.03086948549360924
-0.004457702190361997,-0.4419192367704153,-0.44118351550023316,0.013259230790310939
-0.04850966546758064,-0.4383868848824507,-0.4376585125022826,0.05716742838270922
-0.09198940469081852,-0.43048575109387344,-0.42977198330393523,0.10041727010786289
-0.1344640621283677,-0.4183034308608781,-0.4176113630860193,0.14257836508978855
-0.1755116773080224,-0.4019700780759157,-0.40130657496154976,0.1832320499004622
-0.21472537712067766,-0.3816570208807857,-0.38102864823342114,0.22197554409462417
-0.2517174069547066,-0.3575749692569909,-0.35698792910335686,0.2584259389027721
-0.28612296294134903,-0.32997183310023126,-0.32943190250755566,0.29222397960216945
-0.31760378745621776,-0.299130173336557,-0.298642647596655,0.3230376042230851
-0.34585149246068003,-0.26536431225561424,-0.2649339529915909,0.35056520375565514
-0.37059057805453594,-0.22901713258542597,-0.22864812128898598,0.3745385718706709
-0.39158111671847723,-0.19045659788148006,-0.19015249533356232,0.39472551533182476
-0.4086210771212484,-0.150072029519061,-0.14983574148760226,0.41093209972148975
-0.4215482650159977,-0.1082701779371821,-0.1081039274812598,0.4230045087911703
-0.43024186261750036,-0.06547112776082695,-0.06537643440483631,0.4308304996510208
-0.43462355189696494,-0.02210407800697793,-0.0220817439789589,0.4343404400791724
-0.43465821141329214,0.021396960255007542,0.021346856597880548,0.43350791843228714
-0.43035418057738883,0.0645975056794795,0.06447560918670325,0.4283499209239233
-0.4217630895759515,0.10706694443979221,0.10687461528584963,0.41892657536393024
-0.4089792575202189,0.14838282075226555,0.14812211943065257,0.405340464785107
-0.392138665689821,0.18813503739681361,0.1878087027535133,0.38773551866598294
-0.37141751696951625,0.22592992448546215,0.22554134502537126,0.3662954936619085
-0.3470303966847467,0.2613941361291953,0.2609473148951291,0.3412420598295361
-0.3192280539904904,0.29417833645136937,0.29367784983896805,0.31283251223484465
-0.2882948267169531,0.32396063857616425,0.32341158950838667,0.2813571315366645
-0.2545457360888131,0.35044976275870227,0.3498577286979157,0.24713622059114482
-0.21832328097736997,0.3733878826943932,0.37275885902182504,0.2105168473054117
-0.17999396428444808,0.3925531322197846,0.391893471556575,0.1718693268387403
-0.13994458666605497,0.40776174806214127,0.4070780961455868,0.13158347878525767
-0.09857834505533071,0.41886982797683614,0.4181690567392157,0.09006469714806703
-0.05631077531821182,0.4257746874917547,0.42506382601478754,0.04772987270643986
-0.013565579852373194,0.4284158025181241,0.4277019665570618,0.005003208773090573
0.029229617993200535,0.4267753292463728,0.42606565002959784,-0.037688027679897707
0.07164755015354637,0.42087819698214457,0.42017974999843677,-0.07991777698636598
0.1132655679928879,0.4107917738490996,0.4101115083338547,-0.12126543716700189
0.1536698518203173,0.3966251095487442,0.3959697793710143,-0.16132005134105898
0.19245952386709075,0.3785277635808878,0.3779038602188642,-0.19968439049743963
0.22925062386409015,0.35668823144925627,0.35610191971865324,-0.2359788910809732
0.2636799078108214,0.33133198536469316,0.3307890425360278,-0.26984540838037724
0.2954084323712957,0.3027191497731808,0.3022249086793097,-0.3009507486209803
0.32412488954668334,0.2711418356404971,0.27070113233392146,-0.32898994494776745
0.34954865883808,0.23692116078362732,0.23653828725711312,-0.35368924511087835
0.37143254699810596,0.20040398661832143,0.20008264905060885,-0.374808781607361
0.3895651886482018,0.16195940446215512,0.16170268739451404,-0.39214489826111565
0.40377308447700877,0.1219750069660983,0.12178534375544198,-0.4055321107043004
0.41392225739929017,0.08085298232129504,0.08073213215224445,-0.41484468192274815
0.41991951090745766,0.03900607058154865,0.038955102253806495,-0.4199977979078649
0.42171327785005147,-0.0031465772602779557,-0.0031272946209662256,-0.4209483324792303
0.4192940519832644,-0.045183595914297416,-0.04509439514266633,-0.41769519446391634
0.4126943988215182,-0.08668561615306122,-0.08652752731959257,-0.4102792546023787
0.4019885465193459,-0.12723944683477315,-0.12701418557075433,-0.39878285374981404
0.38729156170736734,-0.16644218690302404,-0.1661521359058979,-0.38332889811808907
0.3687581193381663,-0.20390522645839096,-0.20355341037568697,-0.3640795514153586
0.34658087963222994,-0.23925809718609575,-0.2388481511416432,-0.3412345377423138
0.3209884891098377,-0.27215213400685373,-0.2716882660964212,-0.31502907296364985
0.2922432264129457,-0.3022639117788257,-0.3017508599214874,-0.28573144594506883
0.2606383171255402,-0.3292984231958675,-0.32874140678292724,-0.2536402744983357
0.22649494505636025,-0.35299196667849286,-0.35239663351330314,-0.21908146407544848
0.19015899042287956,-0.3731147160109572,-0.3724870850781928,-0.1824049001623454
0.1519975280407217,-0.38947294671096194,-0.388819347355527,-0.14398090792038354
0.11239512095177416,-0.4019108975950339,-0.40123790572440404,-0.104196514878927
0.07174994689584088,-0.41031224968674734,-0.40962662163959,-0.06345155437724015
0.030469796623856158,-0.41460120847048193,-0.41390981321678627,-0.022154648968382706
-0.011032015747516376,-0.4147431794804239,-0.4140529298322869,0.01928088588315169
-0.05234078934260123,-0.4107450312938516,-0.4100628148165187,0.060441176762373316
-0.09304457871082011,-0.4026549441279492,-0.4019875544407295,0.10091592457236148
-0.13273830023074712,-0.3905618463793793,-0.38991591553154553,0.14030249286895446
-0.17102776181712923,-0.37459444555415833,-0.37397637814889234,0.17820991154067323
-0.2075335758605256,-0.35491986407124465,-0.35433577379107334,0.21426275603952688
-0.2418949165753439,-0.33174189434625295,-0.3311975435097082,0.24810486369054613
-0.27377308456246724,-0.3052988913331354,-0.3047996340790207,0.2794028503097354
-0.30285484339114804,-0.2758613242843059,-0.27541205394394613,0.30784939242854914
-0.32885549535125647,-0.2437290128474256,-0.24333411402173488,0.33316624283030016
-0.351521666195495,-0.20922807571824584,-0.2088913815282359,0.3551069498314883
-0.37063377165690364,-0.17270762288112793,-0.1724323778090331,0.37345925375777034
-0.38600814175730164,-0.13453622496669176,-0.13432505364656566,0.38804713733681023
-0.3974987823862168,-0.09509819541376588,-0.0949530776716151,0.39873251023500034
-0.40499875729162466,-0.05478972291969169,-0.05471197529991423,0.40541651165373077
-0.4084411774461996,-0.014014893083019717,-0.014005157032231652,0.40804041874547103
-0.407799788698071,0.026818360829402525,0.026760124016244058,0.40658615257158315
-0.4030891526429508,0.06730233743129692,0.06717684486553355,0.40107637735371626
-0.3943644197249643,0.10703363630014577,0.1068422749860734,0.39157419284186246
-0.38172069764573613,0.14561717599966942,0.14536198765136232,0.378182423682337
-0.3652920221946918,0.18267012103661318,0.18235378039015482,0.36104251368419077
-0.34524994156770517,0.21782567873650757,0.21745146558675765,0.3403330368106311
-0.3218017290773403,0.2507367283987394,0.25030849365262786,0.3162678405239426
-0.2951882428371796,0.2810792468412961,0.2806013729381246,0.28909384075114675
-0.26568145448971536,0.30855549654896874,0.3080328526543564,0.25908849117624533
-0.2335816723063083,0.33289694507654516,0.33233483750740656,0.22655695277068844
-0.19921448698823405,0.35386688710310643,0.3532710054883012,0.1918289924135863
-0.16292747120864806,0.3712627435592624,0.370639103281606,0.1552556421002263
-0.12508666633191284,0.3849180155231517,0.38427289702494943,0.11720565256365861
-0.08607289180365817,0.39470387407199414,0.39404375963602367,0.07806177711926793
-0.046277914404708104,0.4005303709470053,0.399861879589164,0.03821692316469838
-0.006100515885825354,0.4023472587049338,0.40167707983210077,-0.0019297899855835743
0.034057501561712056,0.40014441294988856,0.39947923944774316,-0.041977027394841104
0.07379533200372328,0.3939518532259656,0.39329831464576404,-0.08152524892949015
0.11271716449086487,0.38383936316399053,0.3832039596750112,-0.12018069375669738
0.15043612393872552,0.3699157144746261,0.36930475224005366,-0.15755929919361478
0.1865781149388756,0.3523275033252676,0.3517470319436601,-0.19329051492305543
0.22078553032745754,0.33125761149001504,0.3307133641227722,-0.22702097471201638
0.25272078776343004,0.3069233083828643,0.3064206451597777,-0.2584179892681257
0.2820696593594131,0.2795740136363899,0.2791178688980392,-0.28717282572673763
0.3085443615430379,0.24948874323751677,0.24908357713270934,-0.3130037414596526
0.33188637478595495,0.21697326534445938,0.21662302025800106,-0.33565874241496735
0.3518689655946381,0.1823569947545233,0.18206505699011472,-0.35491803900431607
0.3682993861839779,0.14598965754359616,0.1457588246337166,-0.37059617562844915
0.3810207305213814,0.10823775962883346,0.10807021358717445,-0.382543813237624
0.3899134289014128,0.06948089489607136,0.06937818166712406,-0.390649147825456
0.3948963668548062,0.03010793006374226,0.030070945362476453,-0.3948389514264286
0.3959276179739081,-0.00948689538921437,-0.009457913718845523,-0.3950792259792891
0.3930047841110371,-0.04890791513211556,-0.048813388176908445,-0.39137546430352016
0.3861649403385264,-0.0877619882499184,-0.08760299050768916,-0.38377251636919074
0.3754841860094993,-0.1256624184059537,-0.12544066575468693,-0.3723540629825173
0.361076807187589,-0.16223280084642186,-0.1619506321355177,-0.35724170292694507
0.34309405958239575,-0.19711075899134273,-0.1967711114511772,-0.3385936634420404
0.32172258489735356,-0.22995153353482994,-0.22955791226276445,-0.3166031476654338
0.29718247712984286,-0.2604313885244295,-0.25998783036335765,-0.2914963362582207
0.26972501882468203,-0.2882508007864741,-0.2877618329679758,-0.2635300638517901
0.2396301105362477,-0.3131374012947875,-0.31260799526986544,-0.23298919415897096
0.20720341977070894,-0.3348486396182683,-0.33428416054640253,-0.20018372055213313
0.1727732784269672,-0.35317414540521413,-0.352580297814353,-0.16544562159814535
0.13668736020783834,-0.36793776393789734,-0.36732053410559,-0.1291255034265501
0.09930917160584918,-0.37899924609052416,-0.37836484172808577,-0.09158906287207363
0.06101439186222119,-0.38625557651231207,-0.3856103643585145,-0.05321340705273403
0.022187098734146274,-0.38964192750107096,-0.38899236945390303,-0.014383266408049822
-0.01678408202855942,-0.38913222979392204,-0.38848481822003955,0.02451286079024978
-0.05550986490986164,-0.384739355343021,-0.3841005482118496,0.06308659383363113
-0.09360419167092934,-0.3765149110271958,-0.3758910675182443,0.10095354603540746
-0.13068807841351052,-0.3645486461359395,-0.36394596336080803,0.13773715357729033
-0.16639338434309095,-0.34896748031173774,-0.34839193178057337,0.17307241862061562
-0.2003664647696252,-0.3299341624118164,-0.3293914388541867,0.2066095294905851
-0.2322716721139283,-0.3076455744136207,-0.30714102754041944,0.23801732204412174
-0.2617946702777091,-0.28233069800299204,-0.2818692877649087,0.2669865479881517
-0.28864552966691004,-0.2542482648159904,-0.2538345106773618,0.29323291791031436
-0.31256157241318144,-0.22368411442092917,-0.22332205112797737,0.3164998890984108
-0.3333099398925055,-0.19094828699630823,-0.19064142527219025,0.3365611708310501
-0.3506898574676195,-0.15637188025471915,-0.15612317280357557,0.35322292269656275
-0.36453457445322063,-0.12030370245699568,-0.12011551560580425,0.36632562461084467
-0.37471296058878034,-0.08310675533255021,-0.08298084658280136,0.37574560052460765
-0.3811307437697809,-0.04515458235207415,-0.045092084053445225,0.38139618130247316
-0.3837313773994694,-0.00682751907205558,-0.006828928368688425,0.38322849588686897
-0.3824965294435186,0.031491116825299634,0.03142594168801055,0.3812318835926139
-0.3774461890618673,0.06941885764646721,0.06929069463043142,0.37543392417462285
-0.3686383905174323,0.10657790166022421,0.10638815589808781,0.36590008613083325
-0.3561685578822497,0.14259887487263387,0.1423495633890967,0.35273299751434894
-0.34016847783961296,0.177124501163094,0.1768182315191011,0.3360713472882326
-0.3208049115784295,0.2098131443302804,0.20945308741526447,0.31608842892597494
-0.29827786035656007,0.240342186948289,0.23993204420386882,0.29299034151089987
-0.27281850273765573,0.26841121263246037,0.2679551780455545,0.2670138669743464
-0.24468682474744916,0.2937449603431583,0.293247677599006,0.23842404530912936
-0.21416896721785453,0.31609602169428624,0.31556253692630265,0.20751147256433122
-0.18157431736218863,0.3352472548560245,0.33468296547245563,0.17458934914571206
-0.1472323741233634,0.35101389152342866,0.35042449163050254,0.1399903083850404
-0.11148941903608811,0.3632453165330326,0.3626367395053087,0.10406305747197198
-0.07470502622230166,0.37182650301782305,0.37120486179509193,0.06716886465329475
-0.03724844667706973,0.37667908946369155,0.376050615174744,0.029677928070365178
0.0005050968126471378,0.3777620886318961,0.3771330681611826,-0.008034337283931714
0.038178166955166785,0.3750722220069052,0.3744489351296954,-0.04559105726241075
0.07539488383858622,0.36864387717941394,0.3680325338927982,-0.08261766331775722
0.11178467373372643,0.35854868934335377,0.35795536801968203,-0.11874562672102101
0.14698595744252263,0.34489475183520973,0.344325338812949,-0.15361612503158845
0.18064974149631624,0.3278254643370361,0.3272855955484248,-0.18688360435617835
0.2124430765522076,0.30751803096397407,0.3070130361794666,-0.21821920204839695
0.24205234873220957,0.2841816239273567,0.28371647416723805,-0.24731399596262332
0.2691863713856552,0.2580552317714494,0.2576344904034132,-0.2738820481763189
0.2935792468128922,0.2294052142920929,0.22903299229569157,-0.29766321320956146
0.3149929698447935,0.1985225891295371,0.19820250496546815,-0.3184256831818105
0.33321974780598584,0.1657200776557308,0.16545522213172764,-0.33596824502669126
0.34808401427113905,0.13132894012419885,0.1311218465975983,-0.35012222780822017
0.3594441171255055,0.09569563209408675,0.09554825229851516,-0.3607531213222853
0.3671936647308421,0.05917831585974178,0.05909200158574407,-0.36776185048183585
0.3712625174426543,0.022143261997719578,0.022118752798144514,-0.37108569345329095
0.371617415290471,-0.015038822830916425,-0.01500140579959397,-0.3706988350924668
0.3682622362827355,-0.051996505020773784,-0.05189765897224058,-0.36661255088354305
0.36123788349602287,-0.08836133300762504,-0.08820216732722097,-0.35887502028392626
0.35062180281729133,-0.12377150907755904,-0.12355373302556233,-0.3475707720774575
0.3365271368909104,-0.15787548742311655,-0.15760139187494915,-0.33281976800896507
0.3191015244423015,-0.19033546267935206,-0.190007896096753,-0.3147761345690751
0.2985255576715598,-0.22083071433693158,-0.22045305322135583,-0.2936265562905807
0.27501091379803033,-0.2490607739374682,-0.24863688807187617,-0.2695883472715946
0.24879818005718457,-0.2747483837912505,-0.27428259662770155,-0.24290722081703311
0.22015439447249002,-0.2976422181008748,-0.2971392626987729,-0.21385478006409941
0.18937032751743,-0.3175193398040704,-0.31698431076771366,-0.18272575519744344
0.1567575323189473,-0.3341873691403635,-0.3336256710438315,-0.14983501533776977
0.12264519330866369,-0.34748634287162433,-0.34690363569287996,-0.11551438538008663
0.08737680518037129,-0.35729024621638084,-0.3566923883308702,-0.08010929994451216
0.051306715642489654,-0.36350820286052676,-0.36290119216807926,-0.04397532816462657
0.01479656674675544,-0.36608531184930615,-0.36547522562642415,-0.007474604259931905
-0.021788329482795177,-0.36500312371251314,-0.3643960577923148,0.029027800290739036
-0.05808264481170754,-0.36027975179115834,-0.3596817596794187,0.06516752664618347
-0.09372468141867892,-0.35196961838327645,-0.35138665091906696,0.1005845640939454
-0.12835997499552093,-0.34016283897236926,-0.33960068513373787,0.13492683487609153
-0.1616448184454265,-0.32498425140805814,-0.32444848085166067,0.16785369266824945
-0.19324967116585307,-0.3065921004387194,-0.3060880083432639,0.19903929996350905
-0.22286242011407928,-0.28517639141535633,-0.284708946175361,0.22817585089180775
-0.25019146040092527,-0.2609569302603578,-0.2605307245463577,0.25497660761381197
-0.2749685650233508,-0.23418106989259393,-0.23380027555887195,0.2791787203531762
-0.29695151551269966,-0.20512118618972258,-0.20478951347313812,0.3005458033521097
-0.31592646771797844,-0.174071909222172,-0.173792570630098,0.3188702415241018
-0.33171002963871926,-0.14134713788490222,-0.14112281712331504,0.3339752053181987
-0.34415103114264145,-0.10727686815853225,-0.1071096944007871,0.3457163542666206
-0.3531319685188767,-0.07220386703157809,-0.07209539477360499,0.3539832128322802
-0.35857011009736245,-0.03648022559207621,-0.03643142028405044,0.35870020547859666
-0.36041825257568677,-0.000463825935858751,-0.00047505552232735004,0.35982734131013533
-0.3586651212018279,0.035485242669950866,0.035414210228996434,0.3573605421514124
-0.3533354105298875,0.07100828249442373,0.07087827570858019,0.3513316115003424
-0.3444894660601119,0.10575156497001935,0.10556399935679778,0.3418078453834204
-0.33222261065852793,0.13936985157110782,0.13912671435390267,0.3288912897146014
-0.31666412318933135,0.17152982291293964,0.17123365204284757,0.3127176522745843
-0.2979758802499584,0.20191338202602468,0.2015672397485352,0.29345488086213745
-0.2763506752396243,0.23022079908536713,0.22982824032638488,0.27130142247660566
-0.25201023218468144,0.2561736665213458,0.255738702418693,0.2464841815450705
-0.2252029347558857,0.27951763539438124,0.27904469234851625,0.2192561981762156
-0.1962012937149782,0.30002490615658894,0.29951878081763955,0.18989407017421578
-0.1652991785923578,0.3174964494292244,0.3169622600788009,0.15869514505889304
-0.132808841699218,0.33176393516836755,0.33120706998800464,0.12597451057858894
-0.09905776459475686,0.3426913515449422,0.3421174142935297,0.09206181415841536
-0.06438535884051205,0.3501762980000506,0.3495910516481372,0.057297943373628424
-0.029139554265129413,0.35415094021966786,0.3535602491071547,0.022031600859573897
0.006326690980918901,0.3545826181719654,0.35399238926982357,-0.013384191942464596
0.0416589235888353,0.35147410183117495,0.35089022569455236,-0.04859562716291982
0.07650473611982937,0.34486349273938144,0.34429178474273764,-0.08325164367371685
0.11051728053738283,0.3348237730964316,0.33426991553671254,-0.11700742578169665
0.1433587192271719,0.3214620075830421,0.3209314932264333,-0.14952783259159663
0.1747035791826695,0.30491820657811225,0.3044162842116685,-0.18049072394645288
0.2042419760695056,0.28536386279375153,0.284895485321309,-0.20959014995362263
0.23168267624693129,0.2630001765873877,0.2625699521824086,-0.2365393725318389
0.2567559665059873,0.23805598828738375,0.23766813508423495,-0.26107368915488094
0.2792163032637783,0.21078543875641154,0.21044374352558792,-0.2829530310016796
0.2988447152111049,0.18146538208704782,0.18117316329882588,-0.3019643100295291
0.31545093592354345,0.1503925767505057,0.15015265238666864,-0.3179234920439337
0.3288752456884386,0.11788068367826107,0.11769534410375371,-0.33067737561999133
0.3389900047442942,0.08425710162650744,0.08412808778197334,-0.34010505970715116
0.3457008632448333,0.049859671736830834,0.04978815885889332,-0.34611908588897816
0.34894763651607286,0.015033284448711808,0.01501987146932976,-0.34866624454685385
0.34870483753869924,-0.01987357717253993,-0.019828872452915536,-0.34772803755288495
0.34498186202548975,-0.05451232306186519,-0.054410062990882246,-0.34332079355853373
0.3378228249405228,-0.08853773588424668,-0.0883790561853326,-0.33549543542302035
0.32730605078842323,-0.12161141014646927,-0.1213980074367732,-0.32433690279834365
0.31354322345316815,-0.1534051164439154,-0.1531392301785897,-0.30996323632306677
0.2966782047527053,-0.18360405741108263,-0.18328844644517922,-0.29252433324189114
0.2768855341641323,-0.21190998309229364,-0.21154789710486288,-0.2722003875289222
0.2543686253317327,-0.23804413491686707,-0.23763928099314366,-0.24920003071575464
0.22935767796550358,-0.26174998923544457,-0.2613064939499554,-0.22375819257892823
0.20210732654174163,-0.2827957734326527,-0.28231814082080475,-0.196133703600955
0.17289404980134263,-0.30097672995563557,-0.3004697958018591,-0.16660666365279214
0.1420133673813698,-0.31611710616321115,-0.31558598906881385,-0.13547560362883654
0.10977685198757985,-0.3280718506814029,-0.32752190040726137,-0.10305446878054514
0.07650898729991752,-0.3367279999193202,-0.3361647435241456,-0.06966945421609694
0.04254390328275072,-0.34200574152462226,-0.34143482784156426,-0.03565572444862469
0.008222021731604663,-0.3438591448090451,-0.34328628781773923,-0.0013540499689124186
-0.02611335428079713,-0.34227655151840475,-0.3417074731792478,0.03289260541897293
-0.06011947290424491,-0.33728062372525053,-0.33672099684888773,0.0667425123362983
-0.09345755365057468,-0.3289280490511451,-0.3283834407724251,0.09985858439808593
-0.12579616105872993,-0.31730890684563334,-0.31678472326535034,0.13191173362639835
-0.15681449830364474,-0.3025457023258654,-0.30204713487053486,0.16258413932177973
-0.1862055880328369,-0.2847920789812774,-0.2843240530128081,0.19157239793718805
-0.21367930890620637,-0.2642312227384278,-0.2637983489225266,0.21859052275108704
-0.23896525781734224,-0.24107397443106,-0.2406805033434474,0.2433727636974288
-0.26181540957489585,-0.21555666999894205,-0.21520645041706227,0.26567621956648896
-0.2820065479007547,-0.1879387305177622,-0.1876351718064731,0.28528321691603825
-0.29934244393619047,-0.1585000266157344,-0.15824606557383686,0.30200343241355676
-0.31365576101552206,-0.12753804403505084,-0.12733611652531285,0.31567573793824605
-0.32480966724125304,-0.09536487902808519,-0.095216896664084,0.3261697505789832
-0.33269914034833886,-0.0623040939192542,-0.06221142603178159,0.33338707264670564
-0.33725195244760936,-0.028687464498744056,-0.028650925551030604,0.3372622099421683
-0.338429325458545,0.005148348069179466,0.005128505502599301,0.33776315975733745
-0.3362262513470895,0.038865167452723434,0.03878925408442868,0.33489166340046567
-0.33067147464165925,0.0721266807492726,0.07199556635208604,0.32868312139388717
-0.3218271380766723,0.10460179173150087,0.10441689533967041,0.31920617286626324
-0.30978809557372516,0.13596791532252525,0.1357311899699834,0.3065619440078638
-0.2946809000826756,0.16591418053307364,0.16562809269195594,0.2908829737514554
-0.276662477035334,0.19414451007281633,0.19381201400799242,0.27233182804763445
-0.25591849728107713,0.22038054614260053,0.22000505344850319,0.25109941718898504
-0.23266146634563334,0.24436439351061334,0.2439497381441809,0.2274030335719117
-0.20712854965224095,0.26586115285698286,0.2654115520242911,0.2014841300407047
-0.17957915594077511,0.2846612195187543,0.2841812308144931,0.17360586150897334
-0.15029230348934233,0.30058232515877753,0.30007680039381074,0.14405041486969583
-0.11956379586201296,0.31347130249269345,0.3129453386767812,0.11311615426853411
-0.08770323575398609,0.32320555601248435,0.32266444398762406,0.08111461060508057
-0.05503090706448814,0.32969422461370956,0.32914339585551816,0.04836734562257028
-0.021874556582882454,0.3328790251369984,0.33232399725845424,0.015202722138291935
0.011433892387202715,0.33273476904136795,0.3321810905454543,-0.018047387158982575
0.044561661526208406,0.3292695477052019,0.3287227425397813,-0.05105091937010614
0.07717844089515898,0.3225245851673467,0.32199009763610315,-0.08347893631272058
0.10895968105342903,0.3125737604426578,0.31205690102090167,-0.11500890163522876
0.13958982109933932,0.29952280484030097,0.2990286974346497,-0.14532788748189696
0.16876542054035898,0.2835081829462784,0.28304171412236484,-0.1741356788423104
0.19619816392381229,0.2646956690718389,0.2642614397523825,-0.20114774480251577
0.22161770849083548,0.24327863398577523,0.242880914096167,-0.22609804730588198
0.24477434674304568,0.2194760596106625,0.21911874611944396,-0.24874165971249973
0.26544145771472427,0.1935303020432753,0.19321688080895946,-0.26885716939882964
0.2834177229048376,0.16570462573089656,0.1654381375285896,-0.2862488408476388
0.2985290852204422,0.13628053387374753,0.13606354493229972,-0.3007485181150274
0.3106304318912975,0.10555492210789108,0.10538949944279674,-0.3122172482063586
0.31960698510900154,0.0738370842324758,0.07372477601114091,-0.3205466097137251
0.3253753870935257,0.04144560016514605,0.04138742129006362,-0.325659734041475
0.32788446936701426,0.008705137424180788,0.00870156046799797,-0.3275120096423195
0.3271156991871253,-0.024056801763317856,-0.02400585019124074,-0.32609146286582885
0.3230832993287661,-0.056513155148984986,-0.056408292579252506,-0.3214188122651191
0.3158340406712748,-0.08834056421634168,-0.0881829450682603,-0.31354719647172885
0.30544671031511406,-0.11922259444333076,-0.11901389742920848,-0.30256157900715674
0.2920312611854331,-0.14885288001777303,-0.1485952903390489,-0.2885778366178908
0.2757276522473043,-0.17693816176690894,-0.1766343482900204,-0.271741540865041
0.256704391527429,-0.20320118819078123,-0.20285427584115848,-0.2522264457452561
0.23515679707907258,-0.22738345091596016,-0.2269969885748499,-0.2302326970245637
0.21130499381245904,-0.24924772759569397,-0.24882565182920327,-0.20598478171533083
0.18539166671323193,-0.2685804072590263,-0.2681270022499353,-0.1797292386841423
0.15767959336247198,-0.28519357533252243,-0.28471342942234634,-0.15173215371896864
0.12844898082876266,-0.29892683800282005,-0.298424797284915,-0.12227646449014973
0.09799463390548897,-0.3096488682305524,-0.30912998766278516,-0.09165910268556815
0.06662298329620563,-0.3172586585399337,-0.3167281510703926,-0.060188002172257005
0.03464900369141046,-0.3216864686650038,-0.32114965288253805,-0.028179003315403073
0.0023930527196980213,-0.3228944592030143,-0.3223567060372895,0.004047315437813448
-0.029822337516047435,-0.3208770055774411,-0.3203436845836634,0.03616884693771277
-0.06167568419703467,-0.31566068981547174,-0.3151371155801082,0.06786517355842708
-0.09284976063206908,-0.30730397086575567,-0.3067953500676068,0.09882076212989033
-0.12303475421055603,-0.2958965373894937,-0.29540791704387453,0.12872810373114996
-0.151931344040844,-0.2815583501195257,-0.28109456751952094,0.15729076711491596
-0.17925366771446022,-0.2644383839665105,-0.26400401881786506,0.18422633545765607
-0.204732147804417,-0.24471308302799447,-0.24431241225045336,0.20926919735418714
-0.2281161501645509,-0.22258454449567305,-0.2222215001370613,0.23217316448974235
-0.24917644783182927,-0.198278450130046,-0.197956580807013,0.252713890206791
-0.2677074663259535,-0.17204176645431485,-0.171764202697096,0.27069106522264835
-0.28352928837124847,-0.14414023708551632,-0.14390966092531904,0.2859303690269475
-0.2964893985110173,-0.11485569264892534,-0.11467431174293607,0.29828515796853977
-0.3064641507198357,-0.08448320549180836,-0.08435273203484223,0.307637873707603
-0.31335994491798574,-0.05332811790740474,-0.0532497525311848,0.31390115853321776
-0.31711410122607264,-0.021702973785164805,-0.02167739459611656,0.3170186669997333
-0.31769542383720906,0.010075615492541918,0.010048258637896934,0.3169655663868657
-0.31510444949849326,0.04169013949220833,0.04161022542764875,0.31374872160943157
-0.3093733787516793,0.07282535981442824,0.072693791226289,0.30740656336179284
-0.30056569125323546,0.1031714521645669,0.10298964553480089,0.2980086414467201
-0.28877544964471913,0.13242708810377227,0.13219695854446573,0.2856548683750185
-0.2741262995443423,0.1603024258395706,0.16002636698060374,0.27047446140547243
-0.2567701762485984,0.18652198038486675,0.18620283952545655,0.25262459418839367
-0.236885731639251,0.21082734467724934,0.2104683934586571,0.2322887720506807
-0.21467649755686696,0.2329797347950029,0.23258463569624188,0.20967494769285
-0.19036880450000263,0.25276233421581934,0.2523351032148492,0.1850133966248213
-0.16420947691389712,0.26998241411996715,0.26952737990134296,0.1585543740276832
-0.13646332851973403,0.284473209021356,0.28399496914402844,0.1305655768660377
-0.10741048308509142,0.2960955294931747,0.29559890396157645,0.10132943697233332
-0.07734354772741873,0.30473909641582264,0.3042290791238587,0.0711402724614757
-0.04656466726031967,0.31032358398546983,0.30980529252155475,0.040301326191374276
-0.015382489223107781,0.3127993616540975,0.31227798597187734,0.00912172105674236
0.015890929934055806,0.3121479281968183,0.3116286786660956,-0.022086637326342307
0.04694324651011134,0.30838203418882904,0.30787008954646383,-0.0530121795238106
0.07746494784334858,0.3015454922920562,0.3010459480128663,-0.08334678159968106
0.10715243611268462,0.2917126778688928,0.29123049547021207,-0.11278883382773358
0.135711046937391,0.27898772552650947,0.27852768331173233,-0.14104623824935048
0.16285797277503108,0.2635034302190227,0.26307007594836646,-0.16783930529868166
0.1883250621270643,0.24541986446677314,0.24501747042323538,-0.19290352078339928
0.21186146685967816,0.22492272606234287,0.22455524695769793,-0.21599215586173892
0.23323611151860388,0.20222143329442535,0.20189246742904843,-0.23687869427663516
0.25223996034548785,0.17754698720701584,0.1772597412648487,-0.2553590529848157
0.2686880597715736,0.1511496226974622,0.1509068805204064,-0.27125357442769993
0.2824213364495691,0.12329627232147584,0.12310036796673002,-0.28440877101430395
0.2933081333649196,0.09426786849460142,0.09412066383562595,-0.29469880489852174
0.3012454692166943,0.06435651134177149,0.0642593784269524,-0.30202668880800976
0.3061600090503101,0.03386253073299947,0.03381633906899384,-0.30632519649761786
0.3080087370304931,0.0030914720422479175,0.00309658091900894,-0.30755747431795033
0.3067793252341119,-0.027648964130590602,-0.027592708206814198,-0.30571734839199527
0.30249019538913025,-0.05805199763615114,-0.057945258386107035,-0.30082932494279724
0.2951902735568905,-0.08781482911915006,-0.08765877284608703,-0.2929482843811557
0.28495844081991284,-0.11664165451238229,-0.11643793745626824,-0.2821588728192649
0.27190268606563683,-0.14424660368300304,-0.14399735450949802,-0.2685745976876483
0.25615896991801324,-0.17035657404991195,-0.1700643716588307,-0.2523366370750138
0.2378898117338707,-0.1947139310980058,-0.19438177798203962,-0.233612375247267
0.2172826143216053,-0.21707904909936535,-0.21671034052770224,-0.21259367951027536
0.19454774362833024,-0.23723266700006088,-0.23683115634309998,-0.18949493613402826
0.16991638305298531,-0.254978036326171,-0.2545477968751972,-0.16455086542372419
0.1436381842532908,-0.2701428400848057,-0.26968822375452817,-0.1380141381881933
0.11597873830207968,-0.28258086396380966,-0.2821064572959298,-0.1101528177943395
0.08721689279410484,-0.2921734036436736,-0.29168398155689196,-0.08124765368911935
0.05764194199070128,-0.29883039470163353,-0.29833087245367806,-0.0515892537003082
0.02755071830336922,-0.30249125438373525,-0.30198663822823085,-0.02147516358363688
-0.002755385654944896,-0.3031254274183609,-0.30262076445216557,0.008793116846893823
-0.0329734345870639,-0.3007326310143565,-0.3002329587173873,0.03891315109523841
-0.06280197739842236,-0.2953427971993132,-0.29485309317143565,0.06858458668049822
-0.09194405322135103,-0.28701571367825685,-0.28654084607393104,0.09751214899670763
-0.12011014661320857,-0.2758403673999717,-0.27538504655453466,0.12540857850519227
-0.14702106253225797,-0.2619339979772184,-0.2615027297052917,0.15199748205456623
-0.17241069255426691,-0.24544087098905845,-0.24503791201736472,0.17701607003876602
-0.1960286449357309,-0.2265307839694652,-0.22616009994521125,0.2002177523001135
-0.21764271254330916,-0.20539732052903575,-0.2050625470177872,0.22137456714806422
-0.23704115433928835,-0.18225587053985234,-0.18196027739596013,0.2402794195810859
-0.2540347680225012,-0.15734143661281857,-0.15708789607133983,0.2567481067517922
-0.2684587335535563,-0.1309062491894939,-0.13069720799090356,0.27062111088318663
-0.2801742096206819,-0.10321721443618125,-0.10305467025402221,0.2817651422041745
-0.28906966760436076,-0.074553220748659,-0.07443870314657958,0.29007441700207137
-0.2950619502499978,-0.045202331035766964,-0.045136887135142634,0.2954716585652528
-0.2980970450313893,-0.015458889035608436,-0.015443074027494674,0.29790881157803417
-0.29815056505549675,0.01437943127983988,0.014345558693615035,0.29736746340891335
-0.2952279332926663,0.04401460364617423,0.0439314808469532,0.2938589686737292
-0.2893642688861061,0.07315122501458572,0.07301978010991167,0.287424276422641
-0.28062397727068394,0.10149945893070243,0.10132110050978443,0.27813346226973806
-0.2691000487841492,0.12877791746853334,0.12855451958211334,0.2660849707253005
-0.2549130733542613,0.15471645307576254,0.15445033559992272,0.25140457587284765
-0.23820998166416468,0.17905883264310288,0.17875273723230528,0.2342440713275433
-0.21916252590780022,0.2015652673412712,0.20122232921932937,0.21477970309300043
-0.1979655158202988,0.22201477326170296,0.22163848914048212,0.19321036147324527
-0.1748348280797038,0.24020733963592025,0.2398015320901381,0.16975555056940275
-0.1500052094022712,0.2559658833755835,0.2555346620359721,0.14465315607252074
-0.12372789567250937,0.2691379708504244,0.26868569080903915,0.11815703403712491
-0.09626807124046335,0.2795972901830085,0.27912850803181266,0.09053444506159358
-0.06790219406614684,0.2872448598627431,0.28676428780851093,0.06206335979476174
-0.03891521367876117,0.29200996214196084,0.2915224206596101,0.033029662921924274
-0.009597709934224818,0.293850792447128,0.2933611619467273,0.003724283741910195
0.019757018710584297,0.2927548188903429,0.29226799088281524,-0.025559717876499355
0.04885588824233823,0.2887388488718281,0.28825967712145617,-0.05453008098261464
0.07740895413487554,0.28184880269381996,0.2813820548445543,-0.082898259204163
0.1051322992112491,0.2721591970309955,0.27170950718960146,-0.11038229350442019
0.13175085557279584,0.2597723439929359,0.2593441667395867,-0.13670961344677615
0.15700113255916645,0.24481727434164027,0.24441484062437346,-0.16161973914844655
0.18063382369767053,0.2274483961632466,0.22707567151282207,-0.18486685715146334
0.20241626686173086,0.2078439029113476,0.2075045483888141,-0.2062222447515269
0.22213473337543335,0.18620394721294123,0.18590128347457574,-0.2254765188886551
0.239596523556646,0.16274859913361658,0.16248557396506866,-0.24244168750177264
0.2546318481684471,0.1377156097125867,0.13749476935011246,-0.25695298326731536
0.2670954774266685,0.11135800248015351,0.11118146699731601,-0.2688704618515921
0.2768681415679103,0.08394151734226828,0.08381096033934748,-0.27808034919430163
0.283857669494538,0.05574193264129318,0.05565856543202852,-0.28449612487719667
0.287999854654316,0.027042292366828938,0.027006852811108928,-0.2880593312907563
0.2892590400567598,-0.0018699336168580755,-0.0018571875320910758,-0.2887401010703129
0.2876284171478978,-0.03070572784723365,-0.03064501962433408,-0.2865373980989518
0.28313003613189297,-0.05917741323664844,-0.059069444674359206,-0.2814789702449914
0.27581452821302593,-0.08700152189623193,-0.08684746512892305,-0.27362101488127427
0.26576054310610836,-0.1139016162129033,-0.11370310107086778,-0.26304756109802935
0.2530739079988524,-0.1396110341158378,-0.1393701309424536,-0.24986957534375054
0.23788651691761764,-0.1638755312816534,-0.16359472938774267,-0.23422379997219953
0.22035496212130384,-0.1864557941102777,-0.18613797608946034,-0.21627133682273633
0.20065892169972557,-0.20712979864620068,-0.20677821081593897,-0.1961959904825314
0.17899931995811605,-0.225694992206784,-0.2253132114779166,-0.17420238824702658
0.15559627940414225,-0.241970276295606,-0.2415621738083787,-0.1505138959911935
0.1306868851964403,-0.2557977714050227,-0.255367473300579,-0.12537035116192155
0.10452278474402645,-0.2670443465279903,-0.2665961922530617,-0.09902563588617574
0.07736764674582797,-0.27560289858225784,-0.2751413971481205,-0.07174511473851036
0.04949450531440234,-0.2813933694756924,-0.2809231541116691,-0.04380296301352837
0.02118301592349414,-0.2843634911849635,-0.28388927284279875,-0.01547941239089301
-0.007283349254157412,-0.284489251953871,-0.2840157721293641,0.01294205834953599
-0.035620138502378676,-0.2817750795150563,-0.28130706285892076,0.04117755941119572
-0.06354476182594157,-0.27625374007163184,-0.2757958472630207,0.06894562450035752
-0.09077930795498282,-0.2679859546149848,-0.26754273596788003,0.09597001549165818
-0.11705330901951758,-0.2570597369733002,-0.25663558723737767,0.12198246930408288
-0.14210642540245835,-0.24358946075416824,-0.2431885755586062,0.1467253596842262
-0.16569102413123882,-0.22771466503645496,-0.2273409994081564,0.1699542474977328
-0.18757462528408964,-0.20959861125462168,-0.2092558406212304,0.19144029429589454
-0.2075421922554849,-0.18942660617727605,-0.18911809023888157,0.21097251533855318
-0.22539824333186595,-0.16740410818691104,-0.16713285801127298,0.2283598499053678
-0.2409687638577395,-0.1437546361962025,-0.1435232848599334,0.24343302859565485
-0.25410290030385263,-0.11871750246778007,-0.11852827952900422,0.2560462193828881
-0.26467441976354034,-0.09254539231962487,-0.09240010236942903,0.2660784364360956
-0.27258292077773844,-0.06550181518056095,-0.06540182067919897,0.27343469811929694
-0.27775478389938013,-0.03785845269576548,-0.037804661256393424,0.2780469231121584
-0.2801438530290171,-0.009892430558129267,-0.00988528679616546,0.2798745562294251
-0.2797318412586132,0.018116458550119535,0.018076976530014,0.27890491823218455
-0.2765284577230143,0.04588855308830765,0.04580293254158818,0.27515327669239265
-0.2705712547502956,0.07314711388859807,0.07301630163736444,0.2686626377587923
-0.26192519739554143,0.09962108064006611,0.09944647270403201,0.2595032614614252
-0.2506819602094892,0.12504776618088312,0.12483119294518702,0.24777190594490794
-0.23695895880650403,0.1491754618290477,0.14891916890609924,0.23359080871584642
-0.22089812642826934,0.1717659279240524,0.1714725529089875,0.21710641559902683
-0.20266444822470653,0.19259674494885307,0.19226929030850215,0.1984878705927065
-0.1824442683665689,0.2114635020425937,0.2111053044169374,0.17792528217606213
-0.16044338734131905,0.2281818013840655,0.22779649761337617,0.15562778381925213
-0.13688496884389367,0.24258905880644413,0.2421805490294495,0.13182140846678583
-0.11200727753542915,0.25454608307742266,0.25411849127544367,0.1067467985831845
-0.08606127058880493,0.26393841852308103,0.26349605090845607,0.0806567749458803
-0.05930806735373793,0.2706774380665987,0.2702247397353584,0.0538137887356846
-0.03201632264173325,0.27470117627021795,0.2742426865550303,0.02648728259042249
-0.004459530042731855,0.2759748945846832,0.2755152015563564,-0.001049012855449949
0.023086717669538036,0.27449137369912796,0.27403506827274327,-0.028519819831043236
0.050347483611816804,0.27027093061847457,0.2698225607222952,-0.05565106425604649
0.07705122981399708,0.26336116084791866,0.26292518611347904,-0.08217260905676121
0.10293252083451261,0.2538364088071223,0.25341715623117034,-0.10782094272300008
0.12773466106023115,0.24179697230331865,0.24139859332190308,-0.13234179635890228
0.15121223949889323,0.22736804953534187,0.2269944789362699,-0.15549266324803857
0.17313355684748513,0.21069843965371093,0.21035335673357122,-0.17704519597807042
0.19328291084560748,0.1919590103397278,0.19164580268893658,-0.19678745744240556
0.21146271738527245,0.17134094816522982,0.17106267843689973,-0.21452600354148837
0.22749544653298742,0.1490538096314301,0.1488131856201312,-0.23008777713180523
0.2412253545092987,0.12532339273886878,0.1251227410613967,-0.24332179469463117
0.25251999474526676,0.10038945069250388,0.10023069432580842,-0.25410060930245876
0.2612714933744604,0.07450327087837702,0.07438791077149842,-0.26232153572801303
0.26739757689956645,0.04792514354690127,0.047854244482236075,-0.2679076259420359
0.2708423422709076,0.020921745689969833,0.02089592652639999,-0.2708083857611365
0.27157676220484644,-0.0062365336053260365,-0.0062171052187590115,-0.271000226009818
0.2695989212271558,-0.03327829951199377,-0.03321390790797796,-0.26848664422409146
0.26493398062325085,-0.059933862450144336,-0.05982524020192004,-0.26329813562104554
0.2576338731867718,-0.08593792663620288,-0.08578624634967572,-0.2554918347636525
0.2477767313533157,-0.11103222940287484,-0.1108390911327986,-0.24515089203596122
0.23546605496021206,-0.13496810504339513,-0.134735519468155,-0.23238359168288403
0.2208296274596847,-0.15750894773945165,-0.15723931527064292,-0.2173222207334108
0.20401819190608347,-0.17843254919007728,-0.17812863523361533,-0.20012170059549944
0.18520390041296164,-0.19753328785855154,-0.1971981944821026,-0.18095799545624305
0.16457855300966295,-0.2146241482813259,-0.21426128257777455,-0.16002631381918056
0.14235164389740673,-0.22953855062238765,-0.22915159009189368,-0.13753912154446296
0.11874823499128422,-0.24213197259021849,-0.24172482789210928,-0.11372398660141281
0.09400667831898488,-0.2522833479426702,-0.2518601233947741,-0.08882127738298343
0.06837621031232939,-0.25989622806681517,-0.2594611802906775,-0.06308173784904586
0.04211444226084937,-0.2648996955124794,-0.26445719064050255,-0.03676396394870579
0.015484772184228885,-0.26724902085655633,-0.266803490732022,-0.010131806709046398
-0.011246255885555022,-0.26692605685428866,-0.2664819546628009,0.016548271942258275
-0.0378116187483313,-0.2639393664681047,-0.2635011222445083,0.043009864132420306
-0.06394648033445668,-0.2583240840278046,-0.2578960604834163,0.06898927513484615
-0.08939083084501456,-0.25014151144113544,-0.24972796055101248,0.09422815006582264
-0.11389207244465918,-0.23947845401464007,-0.23908347479694628,0.11847604203244488
-0.13720752580440382,-0.22644630303464647,-0.22607380094100432,0.14149289621415054
-0.15910683263286005,-0.21117987477180997,-0.21083352309117384,0.16305142525098848
-0.1793742304226386,-0.19383601798444877,-0.19351922164153032,0.1829393524449624
-0.1978106769611661,-0.1745920042828175,-0.17430786638711518,0.20096150064741927
-0.21423580370006162,-0.15364371785496492,-0.15339500932965655,0.21694170629114204
-0.22848967882709742,-0.13120366302458908,-0.13099279561177332,0.23072453981016705
-0.2404343628224163,-0.10749880989293151,-0.10732781279797418,0.24217681566215843
-0.24995524138669226,-0.0827682998921574,-0.08263880029316453,0.2511888773008425
-0.2569621228810492,-0.057261034432763,-0.057174242041794915,0.2576756447220703
-0.26139008979505124,-0.031233170947743336,-0.031189866770016117,0.26157741460181044
-0.2632000962350524,-0.004945551512400904,-0.004946080907048955,0.2628604055327434
-0.26237930597646103,0.02133891015880536,0.021294640055584124,0.2615170434280955
-0.2589411682239356,0.0473578571732182,0.047270375645609986,0.2575659847614884
-0.25292523084733903,0.07285210711110304,0.07272237370860649,0.2510518779348746
-0.2443966934822143,0.09756823276019312,0.09739762685999409,0.24204486568056077
-0.23344570547534021,0.1212610802472152,0.1210513864468514,0.23063983398085247
-0.22018641619284401,0.14369619955636362,0.14344958905087704,0.21695541550927155
-0.2047557876651648,0.1646521633490695,0.1643711714863172,0.20113275803042827
-0.18731218189558058,0.18392275116244927,0.18361025140851403,0.18333407052251838
-0.168033737383462,0.2013189774535732,0.2009781520352441,0.16374096197827606
-0.14711655148853175,0.21667094355810448,0.21630525108186874,0.14255258987981426
-0.12477268716708825,0.22982949542953604,0.22944263580664578,0.1199836372097364
-0.1012280243272026,0.24066767100005176,0.24026354803317002,0.09626213853344404
-0.07671997756045425,0.24908192313622485,0.24866460514552965,0.07162717715347683
-0.051495103298096666,0.25499310643074713,0.2545667853164052,0.046326476580007825
-0.025806620497173204,0.2583472184522264,0.2579161676052505,0.020613910569881322
8.813022295344146e-05,0.2591158885447234,0.2586844200286544,-0.005253043249318634
0.025930263508557677,0.2572966098023627,0.2568690312343464,-0.031015880640289373
0.05146193646982272,0.2529127124166655,0.2524932839788816,-0.056417653114857746
0.076428920304334,0.24601307917939114,0.24560597119017333,-0.0812055296043443
0.10058313070785739,0.23667160649579666,0.23628085796238782,-0.10513331191286793
0.12368509189681157,0.22498641679681755,0.2246158953614901,-0.12796387893752814
0.1455063097801554,0.21107883070829103,0.21073219438531882,-0.1494715354004851
0.16583153077387533,0.19509210971672053,0.19477277079806524,-0.169444241839148
0.18446086393976846,0.17718998234046143,0.17690107382618628,-0.18768570383273384
0.20121174553911259,0.15755496895017376,0.15729931383385937,-0.20401729989267994
0.21592072670654033,0.13638652236192544,0.13616660607193326,-0.21827982909556015
0.22844506675349924,0.11389900313106173,0.11371694939621688,-0.23033506137405949
0.2386641165857837,0.09031951008711354,0.09017706046090077,-0.24006707538591396
0.2464804788456794,0.06588558805387894,0.06578408529443872,-0.24738337103158814
0.25182093364467145,0.040842835880795916,0.04078321134476551,-0.25221574596527585
0.2546371211146325,0.015442438860823762,0.015425204028748085,-0.2545209278221157
0.25490597445042107,-0.010061349683627234,-0.010036107473778977,-0.2542809563394585
0.2526298996198767,-0.03541375240706795,-0.03534636998424878,-0.25150331205671794
0.2478367004535713,-0.06036201209497083,-0.06025324624548717,-0.2462207908162597
0.24057925037077926,-0.08465791057031989,-0.08450892964466966,-0.23849112582547724
0.23093491452463738,-0.10806023726006628,-0.10787260868860143,-0.22839636155755688
0.21900472863305898,-0.13033718288183127,-0.13011285673182882,-0.2160419862355195
0.20491234317827162,-0.15126863450717018,-0.15100992325325677,-0.20155583204096147
0.18880274398240762,-0.17064834929002357,-0.17035790400778975,-0.1850867544907532
0.17084076237671367,-0.18828598540532082,-0.1879667686325387,-0.16680310460341755
0.15120939025589988,-0.20400897021070707,-0.2036642257539545,-0.14689100952034725
0.13010791722592277,-0.21766418730939027,-0.2172974073033828,-0.12555247912674108
0.10774990879522332,-0.2291194660360553,-0.2287343555900991,-0.10300335791887688
0.08436104610790295,-0.23826485889316565,-0.23786529868254602,-0.07947114287100418
0.060176849058714114,-0.24501369461025613,-0.24460370178948576,-0.05519268935047894
0.03544030575000579,-0.24930339676326144,-0.248887084595601,-0.03041182820433086
0.01039943213959391,-0.2510960602511223,-0.2506775968593859,-0.005376917979639101
-0.014695213621871397,-0.25037878035918926,-0.24996234701108372,0.019661643159560593
-0.03959303726262284,-0.24716373161921018,-0.24675348096497357,0.044453920902794014
-0.06404590981486612,-0.24148799617863045,-0.24108801085773254,0.06875293863178991
-0.08781063943416935,-0.2334131438928522,-0.23302739592242597,0.09231713675373635
-0.11065138899935131,-0.22302456882788319,-0.22265688017619986,0.11491277304960662
-0.13234201546940932,-0.21043058928293087,-0.2100845940195037,0.1363162401961454
-0.15266830780325205,-0.1957613207886541,-0.19544042918565818,0.15631627749413
-0.17143010130654096,-0.17916733378410488,-0.1788746987231117,0.17471605493728184
-0.1884432475478744,-0.16081810980119773,-0.16055659581638085,0.19133510907479778
-0.20354142046981713,-0.14090031196914532,-0.14067246723062435,0.2060111116402867
-0.21657774099399926,-0.11961588747314039,-0.11942391898403612,0.21860145362709638
-0.22742620426662435,-0.09718002124372604,-0.09702577349212302,0.2289846293671749
-0.23598289569242387,-0.07381896159970541,-0.07370389887187356,0.23706140719790827
-0.24216698404099907,-0.04976773980414439,-0.04969293232819763,0.2427557754579497
-0.2459214821580634,-0.025267806508115474,-0.02523392055863785,0.24601565481774657
-0.24721376815272664,-0.0005646088405950736,-0.0005719008951657334,0.24681337030227388
-0.24603586233709654,0.0240948675523393,0.024046552554413958,0.24514587877410557
-0.24240445764184385,0.04846456691422604,0.04837579320190383,0.24103475009429715
-0.23636070369671577,0.07230181757119873,0.0721735520922144,0.23452590264221126
-0.22796974722340096,0.0953697474426683,0.09520334940715969,0.2256890963245084
-0.21732003381528384,0.11743963683610041,0.11723684336567217,0.21461718861822437
-0.20452237855026653,0.13829318516631317,0.13805609319952047,0.20142516154763762
-0.18970881517537974,0.15772466914562794,0.1574557137880682,0.18624892976525836
-0.1730312357926529,0.17554297111936484,0.17524490066163995,0.1692439420713389
-0.15465983504305175,0.19157345755989572,0.19124930541931137,0.15058359074361524
-0.13478137470879062,0.2056596892680879,0.20531274314022635,0.1304574449391234
-0.11359728641500648,0.2176649465477204,0.2172987150817697,0.1090693261534674
-0.09132163169243668,0.22747355449878137,0.2270917318338217,0.08663524526269797
-0.06817894004824214,0.23499199560026,0.23459842412081572,0.0633812220164455
-0.044401946868273534,0.24014979890207047,0.2397484305885983,0.039541008982499626
-0.02022925393052248,0.24290019739675991,0.24249505415922304,0.015353742852160096
0.004097063963571075,0.2432205474725025,0.24281568086522007,-0.008938453304240257
0.028333882242521535,0.24111250673591186,0.24071195745682036,-0.033092892800143936
0.05223945545493515,0.2366019689124737,0.23620972649198047,-0.056868748880834624
0.07557582754091763,0.22973875695974494,0.22935872004089827,-0.08002945486398835
0.0981111994631148,0.22059607793967603,0.22023201554443428,-0.1023450569619272
0.11962223064980448,0.2092697455673595,0.20892525973454062,-0.12359449639528564
0.13989625141002293,0.1958771786606189,0.19555566882510686,-0.14356779815967793
0.15873336441482586,0.1805561859354239,0.18026081540085767,-0.16206814478458467
0.17594841449019447,0.16346354970370197,0.1631972145391994,-0.17891381461441924
0.19137280732266573,0.14477342301254006,0.14453872367893056,-0.19393996553530177
0.20485615922598058,0.12467555659664162,0.12447477258023254,-0.20700024665181482
0.21626776183871224,0.1033733736821771,0.10320844138278759,-0.2179682221695952
0.2254978475025381,0.08108191216272258,0.08095440625069811,-0.22673859364752835
0.23245864308885186,0.058025654952671424,0.057936773373852696,-0.23322820882108372
0.23708520217730863,0.03443627039850583,0.03438682316929717,-0.2373768473536191
0.2393360077227113,0.010550285481947603,0.010540687379103908,-0.23914777611889168
0.23919333965312942,-0.013393284825272508,-0.013363017615128092,-0.2385280689320289
0.23666340419968568,-0.03715532830445818,-0.03708557755002326,-0.23552868800852972
0.23177622414312476,-0.06049902242697845,-0.06039056324643341,-0.23018432681353124
0.224585291550399,-0.08319219366716443,-0.08304618600530847,-0.22255301634765126
0.21516698694206307,-0.10500962569650871,-0.1048276019777035,-0.2127154992715842
0.2036197711548583,-0.12573529352148127,-0.12551914260913608,-0.20077437857998148
0.19006315842023586,-0.145164501412505,-0.14491644904297177,-0.18685304977419187
0.17463648134626394,-0.16310590347631965,-0.16282848936925678,-0.17109442762380953
0.1574974605463845,-0.1793833869372669,-0.1790794388175669,-0.15365948063674542
0.13882059358275056,-0.19383779960366873,-0.1935104044005393,-0.13472558825116124
0.11879537966627664,-0.20632850458749916,-0.20598097710379243,-0.1144847375008054
0.09762439816199207,-0.2167347471038298,-0.21637059647357543,-0.0931415774751293
0.07552126037156155,-0.22495682008252502,-0.22457971435546384,-0.07091135127770001
0.052708455290899306,-0.23091701735936981,-0.23053074657013845,-0.04801772637066812
0.029415111057533857,-0.23456036535665864,-0.23416880345025162,-0.0246905451649089
0.0058746946008489806,-0.2358551263923516,-0.23546219238781382,-0.0011635184679688326
-0.017677327420028914,-0.2347930690502524,-0.23440268783220836,0.02232811507245608
-0.04100584296559269,-0.23138950337786038,-0.23100556650796614,0.045549940099121194
-0.06387844072162215,-0.22568308103042817,-0.2253094079696096,0.068270702760444
-0.08606772455951461,-0.21773536282577158,-0.2173756629534982,0.09026461269673422
-0.10735357331232179,-0.20763015849108132,-0.20728799429945904,0.11131358589224427
-0.12752532341940642,-0.19547264564732272,-0.19515139747502325,0.13120940612378715
-0.14638385280732644,-0.1813882772663239,-0.18109110992104757,0.14975578359348207
-0.16374354540361594,-0.1655214889286263,-0.16525132052749206,0.16677029040243221
-0.17943411691282485,-0.14803421918583745,-0.14779369252063315,0.18208615379253695
-0.19330228390774257,-0.12910425817011892,-0.12889571487791227,0.19555388954045577
-0.2052132598884073,-0.1089234412777463,-0.10874889906901303,0.2070427595193393
-0.21505206372154517,-0.08769570626625106,-0.08755683943202891,0.21644203923106384
-0.22272462777481308,-0.06563503343153353,-0.06553315681731176,0.22366208303582147
-0.22815869508500752,-0.042963289659086766,-0.04289934625857708,0.22863517685104584
-0.2313044970265285,-0.019907998061324362,-0.01988255034676159,0.231316170232561
-0.23213520515435984,0.0032999443874254363,0.003286719319436221,0.2316828819701867
-0.23064715316264126,0.02642857833271298,0.026376889758892158,0.2297362756010516
-0.2268598272025814,0.04924719950763576,0.04915764021714161,0.22550040354817794
-0.22081562511921293,0.07152865904234856,0.07140219865351224,0.2190221209056127
-0.21257938747187896,0.0930516236887583,0.09288959821770609,0.21037057218571067
-0.20223770547567171,0.1136027734794907,0.11340687127243773,0.19963645660616397
-0.18989801321739141,0.1329789150099911,0.13275115918670033,0.18693107969271988
-0.17568747363833165,0.15098898941803468,0.1507317170088171,0.17238520109107092
-0.159751669815628,0.16745595522820528,0.167171793219308,0.1561476904961384
-0.14225311499447005,0.18221852751726236,0.18191036604958688,0.1383840054975198
-0.12336959660571062,0.19513275632770924,0.19480371932268833,0.11927450689173322
-0.10329237112993238,0.206073428895609,0.20572684240622258,0.09901262860100776
-0.0822242281244661,0.2149352820479108,0.21457464065498638,0.0778029207565338
-0.0603774429989351,0.22163401304691577,0.22126294464075144,0.055858985733647365
-0.03797163919631581,0.22610707919464026,0.22572930849615244,0.033401327953854476
-0.01523158129970461,0.22831427863768666,0.2279335898259667,0.010655139088955184
0.0076150787688775284,0.2282381070124313,0.22785830583345815,-0.012151959096246417
0.030340079866987026,0.22588388681843738,0.22550876255420343,-0.0347921916479392
0.05271683127971822,0.22127966868284346,0.2209129563609888,-0.05703990430708572
0.07452267113918479,0.21447590595702024,0.21412124917708888,-0.07867381168180171
0.095541081115136,0.20554490634648312,0.20520582109348123,-0.09947919731939314
0.11556383535788103,0.1945800664931416,0.19425990629719175,-0.1192500438134958
0.13439306237457435,0.18169489758378396,0.18139682037066465,-0.1377910718240287
0.15184319943201396,0.16702185212833587,0.16674878908889607,-0.15491966783928196
0.16774282019235356,0.15071096401592757,0.150465590800858,-0.17046768166001383
0.18193631759218556,0.1329283157963331,0.13271302631934545,-0.18428307592410667
0.19428542545622265,0.11385434883110623,0.11367123193648326,-0.196231411501857
0.20467056397948222,0.0936820334959617,0.0935328527178754,-0.20619715426374946
0.21299199599979773,0.07261491797835634,0.07250109458787707,-0.21408479053356957
0.21917078289705763,0.05086507538924778,0.05078767489143335,-0.2198197404746357
0.2231495309780844,0.028650969883429196,0.02861069209262143,-0.2233490606964875
0.22489292131558192,0.006195263249950284,0.006192436035128007,-0.22464192948958767
0.22438801818511,-0.01627741601448834,-0.016242839259257014,-0.22368991027862958
0.22164435346373051,-0.03854271880577564,-0.03847115794793243,-0.22050699110811095
0.21669378659552352,-0.06037881423611053,-0.06027105746783279,-0.21512940021379756
0.20959014197016396,-0.08156859884853515,-0.08142579408335571,-0.20761519996809852
0.20040862777885238,-0.10190185422973023,-0.10172549692571739,-0.19804366369501988
0.18924504258502048,-0.12117733158753913,-0.12096924912564727,-0.18651444200921496
0.17621477795372292,-0.13920474263157323,-0.13896707541219133,-0.1731465274213953
0.1614516275025822,-0.1558066370718182,-0.15554181652452884,-0.15807702794739864
0.14510641464881716,-0.17082014822105296,-0.17053087195333286,-0.14145976234433644
0.12734545311191564,-0.18409858954068548,-0.18378779387951535,-0.12346369135243243
0.10834885587291408,-0.19551288649153944,-0.19518371669693063,-0.10427120092838263
0.08830870977252951,-0.204952829726362,-0.20460860817893223,-0.08407625490269549
0.06742713423712764,-0.21232813747207854,-0.21197233015605013,-0.0630824357613223
0.045914243741319485,-0.21756931687862646,-0.21720549849867257,-0.04150089333152848
0.023986034537393123,-0.22062831613838424,-0.22026013422097016,-0.019548222031378765
0.0018622168971254493,-0.22147896128490221,-0.22111009962406392,0.002555711985801068
-0.020235985387419657,-0.22011717374122403,-0.21975131555578753,0.02458997200282087
-0.04208804621403206,-0.21656096688433804,-0.21620175805434103,0.046334758198220416
-0.06347633699828786,-0.21085022210157994,-0.21050123485072778,0.06757359934720347
-0.08418829318417761,-0.20304624701489735,-0.20271094440107015,0.0880955069185857
-0.1040185258785019,-0.1932311207178628,-0.192912822284049,0.10769707014128563
-0.12277085764098741,-0.18150683298664022,-0.18120868191303532,0.12618447124609258
-0.14026026226110896,-0.1679942264686443,-0.1677191585506821,0.14337540092651577
-0.15631468935112383,-0.15283175280133707,-0.1525824675599416,0.15910085509900695
-0.17077675577309728,-0.1361740554488429,-0.13595298965687397,0.17320679526457314
-0.18350528728249862,-0.11819039374842244,-0.11799969763234275,0.18555565617091097
-0.19437669529956583,-0.0990629242146607,-0.09890444056425973,0.19602768603207718
-0.20328617539535057,-0.078984856542007,-0.07886010293053289,0.20452210626154968
-0.2101487158856724,-0.05815850296235076,-0.05806865724831134,0.21095807950384227
-0.21489990684501284,-0.036793240641238546,-0.03673912989018452,0.21527547668485247
-0.21749654186370931,-0.015103407625380268,-0.015085500555237774,0.21743543582611324
-0.2179170069560604,0.006693846523984101,0.006675443505493178,0.2174207074612891
-0.21616145316261068,0.02838073386687755,0.028326277000467887,0.21523578363265228
-0.21225175155596682,0.04974100325051456,0.0496511081430831,0.21090680961379935
-0.20623123153399406,0.07056209578963742,0.07043773055143296,0.2044812796725648
-0.19816420544568022,0.09063725918502752,0.0904797340619945,0.19602752034262774
-0.18813528472159516,0.10976759985816296,0.10957855346986428,0.18563396678688227
-0.17624849475170737,0.12776405254240397,0.12754543486973066,0.17340823988845655
-0.16262619774764903,0.14444924783585428,0.14420330013491398,0.15947603368006977
-0.14740783472472457,0.15965925927841793,0.15938849112697245,0.14397982459546224
-0.13074849952225454,0.17324521275494673,0.17295237646651362,0.12707741578342896
-0.11281735943142185,0.18507474243510372,0.18476280510131968,0.10894033134387193
-0.0937959385019906,0.1950332790237211,0.1947053924685288,0.08975207681370695
-0.07387628093771609,0.2030251577978451,0.20268462674787976,0.06970628353369243
-0.053259013152414644,0.2089745357304596,0.20862478452291894,0.04900475565015189
-0.0321513240331323,0.21282610892787548,0.2124706470908883,0.0278554394403166
-0.010764883734236978,0.21454562361852292,0.21418801066981935,0.006470335386216108
0.010686278100831574,0.2141201760051187,0.21376398582216613,-0.014936626047487161
0.031987913430196246,0.21155829840902549,0.21120708352714035,-0.03615172365601382
0.05292769480625965,0.20688983127391594,0.20654708746861802,-0.05696357837401814
0.07329733092391985,0.20016558273422186,0.19983471424076743,-0.0771652585150584
0.09289463765441314,0.19145677957090426,0.19114106528729052,-0.09655633641258404
0.11152554398137796,0.18085431545170505,0.18055687646018018,-0.1149448760305799
0.12900601294644917,0.16846780436478828,0.16819157309339514,-0.13214933184217167
0.14516385860005698,0.15442444908327072,0.15417214041233765,-0.14800034019965963
0.1598404410289167,0.13886773632485636,0.1386418209225719,-0.1623423855295402
0.17289222278457136,0.12195597197736267,0.12175865212619472,-0.17503532497131205
0.18419217145415565,0.10386067133059394,0.10369385948104617,-0.1859557565246507
0.1936309946807806,0.08476482067243253,0.08463012093271896,-0.19499821736108952
0.20111819564069944,0.06486102785837604,0.06475972059877738,-0.20207620067811619
0.20658293880053608,0.04434958053680929,0.04428261025619787,-0.20712298130845813
0.209974717691939,0.02343643159668441,0.02340439816592585,-0.21009224222616538
0.21126381843372125,0.002331132091576213,0.0023342854544056157,-0.2109584960929412
0.21044157478282013,-0.018755267621903833,-0.01871702924462093,-0.20971729804685055
0.20752041258479706,-0.0396123275177939,-0.03953945590937896,-0.20638524802689853
0.20253368360094434,-0.06003231722728354,-0.059925608966377025,-0.20099978302995877
0.19553529079152165,-0.07981228412378566,-0.07967287194427894,-0.19361876179403817
0.18659910921208855,-0.09875606958609118,-0.09858541039880611,-0.18431984646782307
0.17581820871176043,-0.11667625341735027,-0.11647611311998624,-0.17319968784461806
0.1633038865880913,-0.1333960071550148,-0.1331684423882029,-0.16037292268530637
0.14918452023411985,-0.14875083795441155,-0.14849817499194617,-0.14597099351403645
0.13360425158970207,-0.16259020585782208,-0.1623150168478992,-0.13014080302283376
0.11672151686454,-0.1747789985589783,-0.17448407535851918,-0.1130432168457235
0.09870743651799824,-0.18519884922696678,-0.18488717509523578,-0.09485142995074775
0.07974408184549285,-0.19374928454912785,-0.19342400398733167,-0.07574921322846456
0.0600226357205319,-0.2003486918726597,-0.20001307891435885,-0.05592905801815623
0.03974146606262108,-0.2049350961527591,-0.20459252142482204,-0.035590237296626304
0.01910413143556749,-0.20746673933198495,-0.20712063621680674,-0.014936803048407887
-0.0016826611807402685,-0.20792245676244067,-0.20757628700176367,0.00582446006512749
-0.022411125964785242,-0.20630184731895945,-0.20595906640331083,0.02648610422492259
-0.04287447446140243,-0.20262523591745615,-0.20228925860687674,0.04684209045793156
-0.0628689776861606,-0.19693342922737314,-0.19660759554774165,0.06668984243819967
-0.08219599357095077,-0.18928726742981622,-0.1889748094830574,0.08583226162144811
-0.10066393958277207,-0.17976697690308352,-0.17947098682111223,0.10407968367600662
-0.11809019093517321,-0.1684713306946149,-0.16819473005421476,0.12125175679865402
-0.13430288559361503,-0.15551662554335272,-0.15526213654467316,0.13717922332300847
-0.14914261824410785,-0.1410354860300132,-0.14080560472288423,0.15170558703010706
-0.16246400653819187,-0.1251755081373313,-0.12497247995821734,0.16468864974673056
-0.17413711423575132,-0.10809775608066709,-0.10792355394016268,0.1760019021552546
-0.1840487173262244,-0.08997512770628038,-0.08983143284071585,0.1855357552234927
-0.1921034008038945,-0.07099060503596855,-0.07087879080859574,0.1931986002809974
-0.19822447548794356,-0.051335407650080905,-0.05125652645767462,0.19891768750299527
-0.2023547060954294,-0.031207067535369493,-0.031161840944838176,0.20263981439627993
-0.2044568436769112,-0.010807444770824917,-0.01079625697778308,0.20433181779426615
-0.20451395749098603,0.00965929602348374,0.00963640135556873,0.20398086484239664
-0.20252956340579745,0.029988728197654413,0.029932047692939334,0.20159454047176897
-0.19852754795239816,0.04997820411783754,0.04988837104738894,0.19720073089409748
-0.19255188919631966,0.06942887437647391,0.0693068516645233,0.19084730468810548
-0.1846661776194935,0.08814766505545864,0.08799473500913743,0.18260159506583098
-0.17495294219449217,0.10594919338964011,0.1057669442613067,0.1725496888834921
-0.16351278876723216,0.12265760283215706,0.1224479123546926,0.1607955298797297
-0.15046335972355365,0.13810829936558605,0.13787331543101772,0.14745984546384627
-0.13593812568102862,0.1521495719249263,0.15189169060505844,0.13267890811922048
-0.12008502160254196,0.16464408098943015,0.1643659221232247,0.11660314411537157
-0.10306494125638367,0.17547020074800063,0.17517458134409267,0.09939560372102196
-0.08505010533372342,0.18452320173363454,0.18421310745777658,0.08123030846494295
-0.06622231976482836,0.19171626244098922,0.19139481747720544,0.06229049218750907
-0.046771141838282335,0.19698130017113635,0.1966517357603323,0.04276675365206456
-0.026891972612761897,0.20026961317140213,0.1999352351441378,0.022855139333048252
-0.006784094809454769,0.201552328037746,0.20121648366758296,0.00275517565749131
0.013351324120754699,0.2008206483029004,0.20048669281214315,-0.01733212955781896
0.03331324375297386,0.1980859021261822,0.19775716517922542,-0.03720629646276036
0.05290275715659979,0.19337938901034832,0.19305914152894763,-0.05666937324552382
0.07192507205876339,0.18675202747707745,0.18644344910851196,-0.07552790697417738
0.09019144697830218,0.17827380761551284,0.17797995517685744,-0.0935948655940462
0.10752106309413488,0.1680330543582682,0.16775683156938573,-0.1106914919936082
0.12374281329217933,0.1561355092167912,0.15587963802232338,-0.12664907176836368
0.13869699069859956,0.14270324000459547,0.14247023376755505,-0.14131059720935452
0.15223686004569034,0.1278733897749203,0.12766552860581357,-0.15453231111461857
0.16423009641976227,0.11179677778167176,0.11161608624522368,-0.16618511525365245
0.17456007729473508,0.0946363667241898,0.09448459414131402,-0.17615582969656657
0.18312701524802508,0.07656561184235844,0.07644421537901042,-0.18434829073577577
0.18984892037053716,0.05776670857703465,0.05767683928286388,-0.19068427676300065
0.19466238310459785,0.038428756489758305,0.03837124842034634,-0.19510425320469246
0.19752317005460643,0.01874585793609616,0.01872122046109606,-0.19756792944062146
0.19840662719681706,-0.0010848293983659852,-0.0010764160309476023,-0.1980546225224499
0.1973078868484169,-0.02086506656839382,-0.02082375237376269,-0.19656342444836722
0.19424187672206453,-0.040397514288039435,-0.0403237773873405,-0.1931131717160859
0.1892431313709488,-0.059487700911611006,-0.059382342103938834,-0.1877422178534932
0.18236540830127676,-0.07794595785873808,-0.07781009198306432,-0.18050801159054194
0.17368111297433594,-0.0955893032297194,-0.09542434740949748,-0.1714864852720227
0.16328053881937726,-0.11224325491314262,-0.11205091380710797,-0.1607712599946974
0.15127093021291435,-0.12774355522865888,-0.12752580344083247,-0.14847267576857315
0.13777537813121077,-0.14193779006685725,-0.1416968518974191,-0.1347166567336587
0.12293155983343053,-0.15468688657539062,-0.15442521331956893,-0.11964342308779144
0.10689033546729698,-0.16586647468441554,-0.1655867197108294,-0.1034060628891216
0.08981421589126465,-0.17536809915321494,-0.1750730910150254,-0.08616897826956099
0.0718757172642919,-0.18310027033832774,-0.18279298418947004,-0.06810622181902967
0.05325561905337064,-0.18898934351702087,-0.18867287112237247,-0.04939973996585731
0.034141143039817405,-0.1929802183314992,-0.19265773697276356,-0.03023754107295884
0.01472407165881792,-0.19503685173161264,-0.19471159232184052,-0.010811806685964848
-0.004801175424550695,-0.19514257966869217,-0.19481779439527466,0.00868303510032073
-0.024239487220237013,-0.1933002447115485,-0.1929791745312682,0.028052254850451652
-0.04339701033080434,-0.18953212869860184,-0.1892179710098644,0.04710276611815445
-0.0620830814222099,-0.1838796914879176,-0.1835755683024666,0.06564504949164593
-0.08011212399129766,-0.17640311880027265,-0.17611204573087438,0.08349503718966034
-0.09730549056838478,-0.16718068404998554,-0.1669055404220164,0.10047593947553557
-0.11349323207570094,-0.15630793090516554,-0.15605143128840163,0.11641999477504772
-0.1285157768260651,-0.143896685094976,-0.14366135253688989,0.13117012618130058
-0.14222550258307892,-0.13007390566890542,-0.12986204689305766,0.14458148799882595
-0.15448818620467664,-0.1149803874952108,-0.11479407030838357,0.15652288710951165
-0.16518431664475564,-0.09876932824700309,-0.09861036137642179,0.166878065223219
-0.174210258479961,-0.081604774450567,-0.08147469000741994,0.17554682949145672
-0.18147925464623962,-0.06365996234871174,-0.06356000108770868,0.18244602050191455
-0.18692225869750273,-0.04511557035018409,-0.04504666986692926,0.18751030831685947
-0.19048858861962548,-0.026157900685339845,-0.026120686663250597,0.19069280895250257
-0.19214639603015285,-0.006977008559683576,-0.006971789147790369,0.19196551550511312
-0.19188294644918355,0.012235202415682779,0.012208439044122804,0.19131953999052131
-0.1897047082213283,0.03128689943842069,0.031228484328588435,0.18876516386179257
-0.18563724958346586,0.0499882351880413,0.04989881466135146,0.18433169708247144
-0.179724945289058,0.06815323885491498,0.06803376742769929,0.17806714754441025
-0.172030496097926,0.08560166469692335,0.08545339493701676,0.17003770451002764
-0.16263426630165465,0.1021607797569205,0.10198524918537427,0.1603270416054269
-0.15163344626085115,0.11766707301800873,0.1174660881927432,0.1490354466828911
-0.139141048663106,0.13196786909349872,0.13174348703924046,0.13627878758396528
-0.12528474885300306,0.1449228305348018,0.1446773377100887,0.12218732445434699
-0.11020558112108826,0.15640533398436812,0.1561412230005183,0.10690438077249148
-0.0940565042528994,0.16630370668930008,0.16602365101786717,0.09058488663908959
-0.07700085091751482,0.17452231131218604,0.17422913823797168,0.07339380912387325
-0.05921067660530506,0.18098246851407473,0.1806791306068488,0.05550448556247936
-0.040865024796145066,0.1856232084246819,0.1853127538170342,0.0370968766339011
-0.022148125841898222,0.18840184384085495,0.1880873856118887,0.018355756816485352
-0.0032475476737673266,0.18929435978797898,0.18897904475974253,-0.0005311395906225369
0.01564768311005028,0.18829561592273045,0.18798259318221883,-0.019374998285761474
0.03434897096267644,0.1854193601308267,0.18511174959226306,-0.03798781180733374
0.0526700330285029,0.1806980535612637,0.18039891488235865,-0.05618425455292522
0.07042875393914817,0.17418250922024164,0.17389481138217672,-0.073783527282648
0.08744899530493824,0.1659413481047341,0.1656679399576813,-0.09061115275630471
0.10356234193068443,0.1560602786689807,0.15580386073591224,-0.10650070467890405
0.11860976745212069,0.1446412071689533,0.14440430498633935,-0.1212954528296277
0.1324432029279523,0.13180118810305516,0.13158612736124528,-0.1348499081205672
0.14492699292436975,0.11767122554483984,0.11748010927306457,-0.14703125236311793
0.15593922478256522,0.10239493763043157,0.10222962564989002,-0.1577206387007427
0.16537291805434776,0.0861270978046913,0.08598918865040842,-0.16681434998618397
0.1731370625126469,0.06903206763319478,0.06892288311995426,-0.17422480382392388
0.1791574946783386,0.05128213703990652,0.05120270962117909,-0.17988139455285174
0.18337760443688272,0.03305578872262443,0.033006851763139056,-0.18373116409024895
0.18575886503096642,0.014535904221856728,0.014517885274921705,-0.1857392952825533
0.18628118149186706,-0.004092070333886237,-0.004079053183062842,-0.1858894231937178
0.18494305439435385,-0.022641980416886833,-0.022598119111561926,-0.184183761587393
0.18176155766955468,-0.040928822651364834,-0.04085461662791487,-0.18064304370946305
0.17677213106877088,-0.058770589158779446,-0.058666839747100324,-0.17530627833327464
0.17002818972013461,-0.07599007831801977,-0.07585788013971181,-0.16823032387195186
0.16160055504082851,-0.09241665393316982,-0.09225738338940595,-0.15948928517214966
0.15157671304225342,-0.1078879353524497,-0.10770323632218443,-0.14917373936435552
0.14005990777639163,-0.12225140180604092,-0.1220431687028399,-0.1373897988388098
0.12716807930168544,-0.13536589512021166,-0.13513625348231695,-0.12425802102583365
0.11303265707992824,-0.14710300601120765,-0.14685429082327706,-0.10991217616831625
0.09779722113703003,-0.1573483303538749,-0.15708306232136565,-0.09449788567007233
0.08161604461565511,-0.16600258314522212,-0.16572344316253054,-0.07817114487046056
0.06465253250452392,-0.17298255932796702,-0.17269236139850863,-0.06109674522088937
0.04707757233595338,-0.1782219321894,-0.1779235950711736,-0.043446611813911656
0.0290678134902892,-0.18167188169074935,-0.18136839955278178,-0.025398073028187335
0.010803892425397029,-0.18330154679503746,-0.1829959591799681,-0.007132079696832716
-0.007531378345704424,-0.1830982976301159,-0.18279365902390723,0.011168608324377965
-0.02575483937938442,-0.18106782513016187,-0.18076717444310098,0.02932125002268471
-0.04368481323432462,-0.17723404762557896,-0.1769403778900792,0.04714494725378937
-0.06114291495740026,-0.171638835679404,-0.17135506426616826,0.06446244672798876
-0.07795582608755827,-0.1643415582799812,-0.16407049792879844,0.08110190201413431
-0.09395701454315995,-0.15541845527657713,-0.1551627862296162,0.09689857805363064
-0.10898838333348151,-0.14496184266925508,-0.1447240861824399,0.1116964812852353
-0.12290183177964793,-0.13307915901953007,-0.13286165251379892,0.12534989925805365
-0.1355607138362413,-0.11989186281764434,-0.11969673691478049,0.13772483454544895
-0.14684117916260403,-0.10553419211044028,-0.10536334977911552,0.1487003188586114
-0.1566333837920644,-0.09015179904592206,-0.09000689706181522,0.15816959448163947
-0.16484255857496707,-0.07390027321411238,-0.07378270611424542,0.16604115150034496
-0.17138992501491349,-0.05694356874585307,-0.056854455432772816,0.1722396107604963
-0.17621344966152164,-0.03945235106201312,-0.03939252418599534,0.1767064440493369
-0.17926842985211255,-0.02160227993598568,-0.021572278155676944,0.17940052463756448
-0.18052790529265703,-0.0035722461345002255,-0.0035723093276332496,0.18029850302516714
-0.1799828917176392,0.014457420669047753,0.014427353203109727,0.17939500448981838
-0.17764243465203508,0.03230675476346345,0.032247043097264894,0.17670264682217654
-0.17353348309818623,0.049797950033483064,0.04970924941916616,0.17225187842966574
-0.16770058476820185,0.0667571304493966,0.06664038418845525,0.1660906387848367
-0.16020540626049518,0.08301607779045041,0.08287250724246784,0.15828384496148012
-0.15112608331970828,0.09841389944169263,0.09824499127755001,0.14891270973138407
-0.14055640800498517,0.11279861973672722,0.11260611056900863,0.13807389836538522
-0.12860486120590656,0.12602867911476967,0.12581453766404294,0.12587853287700526
-0.11539350047217659,0.13797432631212828,0.13774073329212938,0.11245105395309388
-0.10105671454748068,0.14851888990538845,0.14826821583218394,0.09792795221527026
-0.0857398573057398,0.15755991675518233,0.1572946979062157,0.08245638173789219
-0.06959777496623754,0.16501016625296688,0.1647330790196192,0.06619266989698766
-0.052793241501815955,0.17079845073457986,0.17051228462722273,0.04930073863133197
-0.035495318040792985,0.17487031397923328,0.17457794355720044,0.031950453051518835
-0.017877652790375863,0.17718854134488363,0.17689289735369432,0.014315914025573584
-0.00011673857005411877,0.177733496784348,0.17743753678967167,-0.00342628810406323
0.017609854567558477,0.17650328372407098,0.17620996253655458,-0.02109884116357444
0.035125253937256795,0.1735137285516331,0.17322596873841842,-0.03852548246412235
0.052255048315242164,0.1687981872312465,0.1685188500083483,-0.05553275610354305
0.06882902393892645,0.1624071773309245,0.1621390341260525,-0.0719517387404707
0.08468285514045266,0.15440783948315237,0.1541535444514769,-0.08761971667769694
0.09965973282922183,0.1448832339953851,0.14464529776099166,-0.1023817976121573
0.113611914692651,0.1339314799607209,0.13371224484314076,-0.11609244109382001
0.12640218179784998,0.1216647457766211,0.12146636274672093,-0.12861689257946493
0.1379051872419952,0.10820810144482793,0.1080325090369097,-0.1398325069598863
0.14800868360523192,0.09369824438464384,0.09354714977104966,-0.14962994856994127
0.15661461719620512,0.07828211173083967,0.07815697414369605,-0.15791425595027753
0.16364007843397113,0.062115393194588336,0.06201740985560533,-0.16460576100304028
0.16901809916732619,0.04536095953023161,0.04529105422395499,-0.16964085365762807
0.17269828927876213,0.028187222463062718,0.028146036862265883,-0.17297258472230112
0.17464730653977936,0.01076644258577138,0.010754330410115559,-0.17457110122761155
0.17484915536078524,-0.006726997782459594,-0.006709973721811396,-0.17442391025126638
0.17330531179541708,-0.0241183394644819,-0.024072407310565397,-0.17253596893304177
0.17003467389867216,-0.04123419156906795,-0.04115986756055137,-0.1689296001288339
0.1650733382833068,-0.05790425949024868,-0.057802342232894655,-0.1636442348944516
0.15847420545209323,-0.07396303854795827,-0.07383460047901844,-0.15673598471490588
0.15030641818750312,-0.08925145643322986,-0.08909783256962345,-0.1482770480897704
0.14065463893816854,-0.10361844816591236,-0.10344122225378657,-0.13835495772857703
0.1296181737367458,-0.11692244797894527,-0.11672343618833139,-0.12707167618934317
0.11730995170050226,-0.129032783403781,-0.12881401573583007,-0.11454254928964458
0.10385537058957979,-0.1398309578368742,-0.13959465743366026,-0.10089512802102976
0.08939102021377021,-0.14921180900798695,-0.14896036957600076,-0.08626787098957547
0.07406329667437964,-0.15708453203478928,-0.15682049361088948,-0.07080874057225683
0.05802692149159231,-0.1633735571224383,-0.1630995804276567,-0.054673707014630535
0.04144338058884829,-0.1680192734377154,-0.1677381130776369,-0.03802517558536542
0.024479298876064932,-0.1709785922395114,-0.1706930690210759,-0.02103035264088074
0.007304766784633114,-0.17222534396589154,-0.17193831660883244,-0.003859567031719302
-0.009908364445701557,-0.17175050564585526,-0.17146484217189714,0.013315436305071232
-0.026988201649746316,-0.1695622567048773,-0.1692808057915824,0.030323213479019895
-0.043764525604018036,-0.16568586295005128,-0.1654114255349665,0.046994332343570644
-0.060070486756739615,-0.16016339023616316,-0.15989869165400547,0.06316305969483876
-0.07574426393481913,-0.15305325101108352,-0.1528009139413686,0.07866900817762965
-0.09063066954501334,-0.14442958860063723,-0.14419210709400462,0.09335872654039165
-0.10458268535362006,-0.1343815057030052,-0.1341612205434957,0.10708721747892253
-0.11746291365371248,-0.12301214510485273,-0.12281122075109521,0.11971936806259333
-0.1291449295038391,-0.11043763209048653,-0.11025803542303855,0.13113127864004723
-0.13951452073832019,-0.09678588937684328,-0.09662937046025,0.1412114771623351
-0.1484708035958891,-0.08219533665801951,-0.0820634117053376,0.14986200703121433
-0.1559272030793877,-0.06681348797060041,-0.06670742467627971,0.1569993778671878
-0.16181228853114504,-0.050795461084581946,-0.05071626646732871,0.16255536998069414
-0.16607045637285345,-0.03430241397446158,-0.0342508248463165,0.16647768480858754
-0.16866245350040834,-0.01749992412286443,-0.01747640027441988,0.16873043513135932
-0.16956573642773742,-0.0005563269481897093,-0.0005610471126063499,0.16929447049823895
-0.1687746629229296,0.016358969976783357,0.016326109346276596,0.16816753494098877
-0.1663005145584821,0.03307718004000804,0.033016563172534874,0.16536425573685426
-0.16217135028842264,0.04943182112415421,0.04934410853515578,0.16091596367104502
-0.15643169285145095,0.06526037277421705,0.0651464941203786,0.15487034692918555
-0.14914205146434692,0.08040589050999132,0.08026703477193142,0.14729094240657936
-0.14037828589706466,0.09471856125553292,0.094556164351636,0.13825646983734993
-0.13023081859401972,0.10805718447746131,0.1078729144376557,0.12786001570364108
-0.11880370300953352,0.12029056439626114,0.1200863042485191,0.11620807537085089
-0.1062135577443159,0.13129879955163148,0.13107662809655266,0.10341946329346978
-0.09258837739022299,0.1409744570549551,0.1407366277246734,0.08962410243322352
-0.07806623219938122,0.1492236200382762,0.1489725380545706,0.07496170521430007
-0.06279386977930887,0.1559667980978151,0.15570499616067462,0.059580359398584415
-0.046925232967246294,0.16113969191799307,0.16086980467019604,0.04363503318638565
-0.03061990884526966,0.16469380473509224,0.16441854226044259,0.027286014625721305
-0.014041524515157774,0.16659689484313733,0.1663190154645256,0.010697301038509605
0.002643894247635463,0.16683326494279416,0.16655554759301938,-0.005965045360101645
0.019269585003446107,0.165403885771117,0.16512910221339244,-0.02253455916798555
0.03566971469031395,0.16232635310919705,0.1620572402845863,-0.038846034206749536
0.05168103306036337,0.1576346789297671,0.15737391170747309,-0.05473717004174969
0.06714449703180857,0.1513789191008471,0.15112908370242775,-0.07005018620805492
0.08190684980084892,0.1436246416881561,0.14338821004987373,-0.08463338809444235
0.09582213904178331,0.13445224148195864,0.1342315468091485,-0.09834266895161634
0.10875315916267862,0.12395610789783285,0.12375332165258102,-0.111042933159596
0.12057280337229952,0.11224365485003944,0.11206076539958455,-0.12260942670547025
0.13116531224259553,0.0994342225567388,0.09927301569204593,-0.13292896177595603
0.1404274065107087,0.08565786249484823,0.08551990401012691,-0.1419010234531881
0.14826929304462091,0.07105401786610117,0.07094063836912426,-0.14943874770242305
0.15461553418453355,0.05577011295436362,0.05568239505462633,-0.1554697611469372
0.15940577205554618,0.03996006563671373,0.039898833634724185,-0.15993687452400046
0.1625953009114784,0.023782738049563528,0.02374855022498165,-0.16279862319186433
0.1641554821005425,0.00740034099834087,0.007393484568924552,-0.16402964959922772
0.1640739978252633,-0.00902319187028202,-0.00900270307397047,-0.16362092421430527
0.16235494148574842,-0.025323843844520185,-0.02527626897098345,-0.1615798030311521
0.1590187440310666,-0.041339152476512445,-0.04126502052114303,-0.15792992140626447
0.1541019373815198,-0.05690982812577308,-0.056809932111429456,-0.15271092561170194
0.14765675760878072,-0.07188133759885283,-0.07175672613266335,-0.14597804510880988
0.13975059215498714,-0.08610543714753506,-0.08595740344332872,-0.13780151012973793
0.13046527692011498,-0.09944163962480042,-0.09927170810595264,-0.12826582068994744
0.11989625053379661,-0.11175860128552455,-0.11156851190673993,-0.11746887462476999
0.10815157453876699,-0.12293541454975442,-0.12272710499861922,-0.10552096363500067
0.09535082953407277,-0.13286279401252468,-0.132638379973143,-0.09254364762722768
0.08162389854413839,-0.14144414407519995,-0.14120589775451614,-0.0786685188272869
0.06710964998316954,-0.14859649777798206,-0.14834682491252466,-0.06403586822345375
0.05195453356163345,-0.1542513177198907,-0.15399273329566582,-0.04879326784603372
0.03631110332403637,-0.1583551513471888,-0.15809025427758183,-0.03309408320238058
0.020336482706117084,-0.16087013436036682,-0.16060158137703048,-0.017095930855451774
0.004190787048630275,-0.16177433751827916,-0.16150481653686616,-0.0009590966513518817
-0.011964480601256149,-0.1610619536906372,-0.16079415691857105,0.015155069536617743
-0.027968044335083937,-0.1587433236109556,-0.15847992066617933,0.031085766477400995
-0.04366046473449202,-0.154844800395157,-0.1545884117038715,0.04667434555314015
-0.05888572667585824,-0.14940845450032758,-0.14916162523901036,0.06176589003867722
-0.0734927897822941,-0.14249162238742155,-0.14225679722811402,0.07621075397513666
-0.08733708612148104,-0.13416630370530025,-0.13394580261446729,0.08986604535765337
-0.10028195030518755,-0.12451841331589088,-0.12431440864633041,0.10259703894380579
-0.11219996785074712,-0.11364689591653909,-0.11346139101857937,0.11427850472129693
-0.12297422850890342,-0.10166271237163149,-0.10149752193405595,0.12479593894300922
-0.1324994722375583,-0.08868770812793725,-0.08854444044127503,0.1340466856361354
-0.14068311659715843,-0.07485337524440441,-0.07473341655979904,0.1419409376097333
-0.14744615554951812,-0.060299520605990586,-0.06020402174175099,0.14840260721004794
-0.15272392094550863,-0.04517285380239482,-0.04510271912730693,0.1533700583917285
-0.1564666993749795,-0.02962550892764489,-0.029581387826206756,0.15679669307497193
-0.15864019851074998,-0.013813515187400432,-0.013795796087368584,0.1586513862271633
-0.15922585859245322,0.002104768317787769,0.0020959613011757583,0.15891876562783436
-0.15822100625051483,0.01797023793816644,0.01793504571299731,0.15759933383519711
-0.15563884944985376,0.033624635084827194,0.03356346164645502,0.15470943145182636
-0.15150831392122383,0.048912124228531716,0.048825632101412025,0.1502810423736885
-0.14587372302957136,0.0636808435595649,0.06356994666760624,0.14436144328168235
-0.13879432458770258,0.07778441288486819,0.0776502669265905,0.13701270118542316
-0.13034366964425326,0.09108338379664953,0.09092737422635014,0.12831102433913893
-0.12060884974243255,0.10344661775269598,0.10327034549219252,0.11834597330058469
-0.10968960054581475,0.11475257845676647,0.11455784348502585,0.10721954028789865
-0.09769728104542738,0.12489052581027571,0.12467930879884959,0.0950451062870148
-0.08475373878604484,0.13376159971416943,0.13353604189573556,0.08194628656363237
-0.07099007266628027,0.14127978312300218,0.14104216459753519,0.06805567632662324
-0.0565453058665378,0.14737273497949407,0.14712545167739596,0.053513509262404085
-0.041564982330801074,0.151982484975483,0.15172802451083947,0.03846624250499253
-0.0261997009643699,0.15506598348049258,0.154806900137405,0.023065082312633545
-0.010603602303320076,0.1565955014380097,0.15633439054114573,0.007464465285797889
0.005067177143859246,0.15655887653765216,0.15629834846464177,-0.008179489624374064
0.020656067389608283,0.1549596035131349,0.1547022576085063,-0.023710542807531404
0.03600762866556051,0.15181676797614588,0.15156516662753133,-0.03897389376969901
0.050969100715114554,0.1471648247591951,0.1469214678942309,-0.05381772342757038
0.0653919222444067,0.1410532232906318,0.14082052354823724,-0.06809470356184857
0.079133205424762,0.13354588404682538,0.13332614286950858,-0.08166345842832184
0.09205715081830841,0.12472053160496743,0.1245159164885546,-0.09438996403274003
0.10403638872247292,0.11466789124027738,0.11448041436636046,-0.10614887122737206
0.1149532336915805,0.10349075735949302,0.10332225582087247,-0.11682473957428781
0.12470083988664742,0.09130294332541981,0.09115506113854699,-0.12631316983765836
0.1331842459192899,0.07822812339196135,0.07810229547266616,-0.13452182400368917
0.14032129898118065,0.06439857852468198,0.06429601678306973,-0.14137132287118384
0.14604344927590385,0.04995385881772458,0.04987554050688639,-0.14679601249807878
0.15029640708255793,0.03503937602506622,0.034986034455267295,-0.15074459211511318
0.1530406561669573,0.01980494039470194,0.019777058101088096,-0.15318059751633883
0.15425181870277554,0.004403256521798445,0.0044010609489633645,-0.15408273538992717
0.15392086835674998,-0.011011606683283492,-0.010988144941926764,-0.15344506554963047
0.1520541897143902,-0.026285756588127648,-0.026236922983622346,-0.15127702955238786
0.1486734837600255,-0.04126701259376107,-0.04119334526075408,-0.1476033257230278
0.14381552066223938,-0.05580642173273321,-0.055708705613129045,-0.14246363214025104
0.1375317426373997,-0.06975973902181128,-0.06963899753658714,-0.13591218065292013
0.12988772115492195,-0.08298885786331724,-0.08284634222056927,-0.12801718647649604
0.12096247419328585,-0.09536317631711048,-0.09520035256780711,-0.11886013935157154
0.11084765064136053,-0.10676088573363154,-0.10657941970870624,-0.10853496361638876
0.0996465902515446,-0.11707016904038824,-0.11687190932371104,-0.09714705583932032
0.08747326877661832,-0.1261902969014956,-0.12597725601281848,-0.08481220986219541
0.0744511390489809,-0.13403261101282732,-0.13380694499188836,-0.07165544020888703
0.06071187977824064,-0.14052138494327301,-0.14028537154207438,-0.05780971580679736
0.046394064740566024,-0.1455945541741868,-0.14535056987810088,-0.04341461684018291
0.031641765802620465,-0.1492043083113096,-0.148954804420464,-0.028614928295426778
0.016603103856473223,-0.15131753983327215,-0.1510650178449709,-0.01355918436379236
0.0014287622336262836,-0.15191614518406807,-0.15166313172323062,0.001601821670892678
-0.0137295224881729,-0.1509971754990936,-0.15074619704816372,0.016716547116878977
-0.02872047717600646,-0.14857283576069227,-0.14832639344147766,0.03163421402315583
-0.043394801176468434,-0.14467033269446244,-0.14443087735320723,0.046206312669409416
-0.05760665264664791,-0.1393315732268104,-0.13910148107117284,0.06028807941128131
-0.071215097390703,-0.13261271681220618,-0.13239426584183825,0.07373993418069921
-0.08408550581501556,-0.12458358639067055,-0.12437893385508193,0.08642886337324969
-0.09609088416171939,-0.11532694413755624,-0.11513810524448415,0.09822973442827891
-0.10711312686391239,-0.10493763950501477,-0.1047664675890387,0.10902652911623921
-0.11704417767952713,-0.0935216383143084,-0.09336980666085737,0.11871348338561384
-0.12578708819608386,-0.081194942827892,-0.08106392833072712,0.12719612257833732
-0.13325696334567255,-0.06808241379864094,-0.06797348261039296,0.13439218188995544
-0.13938178471816245,-0.05431650644990091,-0.05423070176486841,0.14023240311566626
-0.14410310369864623,-0.04003593317550769,-0.03997406526219133,0.1446611999764059
-0.14737659777060072,-0.025384266454619726,-0.02534690503329634,0.147637185647276
-0.1491724847053055,-0.010508496046052486,-0.01049596508264486,0.1491335574971248
-0.1494757907871297,0.004442445044805235,0.004430070081471171,0.14913833548474006
-0.14828647068901127,0.019319171050895527,0.019282063445865277,0.1476544521242818
-0.14561937809795664,0.033973335469661595,0.03391191503519117,0.14469969341852573
-0.14150408768197303,0.04825910973460067,0.04817403812716836,0.14030649164742856
-0.13598457047252296,0.06203463379914731,0.06192680743174639,0.13452157237578125
-0.12911872619562376,0.07516342420975693,0.07503396483519179,0.12740545949564516
-0.12097777750548461,0.08751572569827634,0.0873659687619617,0.1190318435268603
-0.11164553244323142,0.09896979291512899,0.09880127379811518,0.10948681975441028
-0.10121752274586157,0.1094130896491584,0.1092275279429547,0.09886800406783074
-0.08980002685464047,0.11874339372869513,0.11854267570278132,0.08728353557200634
-0.07750898760530531,0.12686979676355967,0.1266559562042959,0.07485097615142502
-0.06446883561378129,0.13371358895898014,0.13348878657418312,0.061696118177703846
-0.05081123029046868,0.13920902039910044,0.13897552199696023,0.04795171244535476
-0.036673731214389244,0.1433039314480511,0.14306408511062627,0.03375612919234605
-0.022198413268343428,0.14596024623756965,0.1457164587184958,0.019251965704318585
-0.007530439470690077,0.1471543245889148,0.1469090371727218,0.0045846145078908
0.007183394166200933,0.1468771691391478,0.14663283320421575,-0.01009919347655916
0.021796127170153074,0.14513448589360298,0.14489353842311,-0.024652856230781145
0.036162101850822935,0.14194659789299158,0.14171143717839665,-0.038931363716165346
0.050138414605832404,0.1373482131503699,0.13712117492973147,-0.05279274213739943
0.06358633683676923,0.1313880494655117,0.1311713837339487,-0.06609946501371124
0.07637269135262215,0.12412832014762766,0.12392416886988965,-0.07871981703905448
0.08837117061074716,0.1156440860577008,0.11545446200350806,-0.09052919721192682
0.09946358375332376,0.1060224807052423,0.10584924761664748,-0.10141134834895114
0.10954102013407666,0.09536181638791057,0.0952066706737844,-0.11125950085638658
0.11850491788808064,0.08377058053396498,0.08363503467124167,-0.11997741951425271
0.126268027068325,0.07136633248506002,0.07125170028923815,-0.12748034301836222
0.13275525794592827,0.05827451193029253,0.058181895838262665,-0.13369580711594714
0.13790440623597752,0.04462717106187059,0.04455745155003146,-0.1385643433513583
0.14166674825593456,0.03056164326002087,0.030515470499128255,-0.1420400466958665
0.14400750033580317,0.016219161722697287,0.01619694954824044,-0.14409100665751504
0.14490613816558265,0.0017434419285178619,0.0017453641821339738,-0.1446995978404016
0.14435657317222997,-0.012720757845383035,-0.012694768571639287,-0.14386262733407132
0.1423671844512548,-0.027029083538296406,-0.026979334747100486,-0.14159133774819924
0.13896070622280987,-0.04103902539502288,-0.04096606113465601,-0.1379112661501399
0.1341739722243236,-0.05461133676832439,-0.05451593172953628,-0.13286196060155428
0.12805751987690261,-0.06761141751533374,-0.06749456883781972,-0.12649655740833168
0.12067505845675965,-0.07991064824999072,-0.07977356512480036,-0.1188812235813013
0.11210280685194254,-0.091387662231594,-0.09123175340770659,-0.11009447034265617
0.10242870777521833,-0.10192954231852196,-0.10175640164235736,-0.1002263447878992
0.09175152652347107,-0.11143293118917384,-0.11124432132556518,-0.08937750801559306
0.08017984351010529,-0.11980504392164057,-0.11960287842222819,-0.07765820915325121
0.06783095083902543,-0.12696457301982408,-0.12675089692098607,-0.065187165728256
0.054829664125908076,-0.13284247706729177,-0.13261944621461438,-0.052090361747269
0.041307061596102555,-0.13738264536927788,-0.13715250467715884,-0.03849977564513968
0.027399163190476306,-0.1405424321963197,-0.14030749306199367,-0.024552050940925413
0.01324556298370382,-0.14229305555746297,-0.14205567265652233,-0.010387122984590047
-0.0010119713408281638,-0.14261985679323771,-0.14238240448951894,0.0038531844106100277
-0.015230917914199968,-0.14152241867534096,-0.1412872672815338,0.018026578381813985
-0.029269424797134926,-0.13901454111687492,-0.13878403324272692,0.03199171827615921
-0.042987724562745355,-0.13512407502010912,-0.13490050224468028,0.045609624566078644
-0.056249525246070985,-0.1298926162036592,-0.12967819630354524,0.0587450613815689
-0.0689233638234544,-0.12337506274379534,-0.12317191770333479,0.07126787891210976
-0.08088390878673794,-0.11563904042123724,-0.11544917544293362,0.08305430235904014
-0.09201319891204113,-0.10676420227198731,-0.10658948599452468,0.09398815467925516
-0.10220180598564288,-0.0968414094853862,-0.09668355560439892,0.10396200104754318
-0.11134991003292091,-0.08597180206247867,-0.0858323525345088,0.11287820377002898
-0.11936827649254464,-0.07426576873138041,-0.07414607872567355,0.1206498772981985
-0.12617912577805562,-0.061841826602838976,-0.06174305134773045,0.12720173401028406
-0.13171688676209073,-0.0488254219293236,-0.048748505580540336,0.13247081253572784
-0.1359288268941637,-0.035347664095693405,-0.03529333073381921,0.13640708158792467
-0.13877555290885457,-0.021544005611738665,-0.02151275245440773,0.13897391352649285
-0.14023137738504524,-0.007552881390394831,-0.007544974282487765,0.14014842318224752
-0.14028454776535212,0.006485679024710837,0.006470207802376088,0.13992166883217913
-0.13893733582457002,0.020431452376040996,0.020392803962256817,0.13829871359396537
-0.13620598697290076,0.03414542174350391,0.034084028222606116,0.1352985469059367
-0.1321205301800488,0.04749116175722834,0.0474076813847156,0.13095386715551258
-0.12672445069595764,0.06033619517460643,0.06023150535477008,0.12531072790379474
-0.12007422910909478,0.07255330733798729,0.07242849542809286,0.11842805150987196
-0.11223875161033907,0.08402180547658082,0.08387815751368884,0.11037701527438666
-0.10329859760635701,0.09462871039286462,0.09446769786004575,0.10124031648489004
-0.09334521203832992,0.10426986877355883,0.10409313354153939,0.09111132394072026
-0.08247997089804913,0.11285097518100867,0.11266031277910565,0.08009312465334338
-0.07081314948250879,0.1202884937042275,0.12008583509087403,0.06829747544729273
-0.05846280387987433,0.12651047027046722,0.12629786228840248,0.055843670116581534
-0.04555357702482829,0.1314572277275438,0.1312368124414045,0.042857333612845855
-0.03221544139159342,0.1350819369930364,0.13485593011769345,0.029469155447006817
-0.018582391001289597,0.13735105881694518,0.13712172745369097,0.015813575068806818
-0.004791095900855228,0.13824465200679775,0.138014291911263,0.0020274324423050216
0.009020467380963005,0.13775654530540618,0.1375274579147981,-0.01175140264370475
0.022714395682104392,0.1358943714780568,0.13566884092751152,-0.02538540880601403
0.03615423556646531,0.13267946354420337,0.13245973390193516,-0.03873878506593709
0.04920634246249143,0.12814661446486939,0.12793486741262505,-0.05167880293445913
0.061741209048990324,0.12234370295731155,0.12214203613815341,-0.06407712512729792
0.07363474969012211,0.1153311894394098,0.11514159568753779,-0.07581107781347005
0.08476952818649788,0.10718148739461754,0.10700583505299212,-0.08676486379126873
0.09503591670072054,0.09797821668115606,0.0978182312011125,-0.09683070459989646
0.10433317442672038,0.08781534647463825,0.08767259347833088,-0.10590990030843468
0.11257043539638671,0.07679623661946912,0.07667210659172703,-0.11391379656865763
0.11966759574506579,0.06503258716090672,0.06492828191978627,-0.1207646494635884
0.12555609178034396,0.05264330672675144,0.05255982780429762,-0.1263963797237184
0.1301795613059253,0.03975331121616304,0.03969145026163079,-0.1307552090034262
0.13349438183267012,0.026492264926066197,0.02645259622324425,-0.1338001721021835
0.13547008055057416,0.012993276795726337,0.012976151964947391,-0.13550350026568436
0.1360896122256596,-0.0006084351270706751,-0.0006028901938322229,-0.13585087199800874
0.13534950251180772,-0.014176897603875416,-0.014148783548619953,-0.13484152914690006
0.1332598555159356,-0.02757674095645069,-0.027526383497938067,-0.13248825737180547
0.1298442258122201,-0.04067454907823651,-0.04060249531108298,-0.12881723146072901
0.12513935645371901,-0.053340187248596495,-0.053247199740021275,-0.12386772731036072
0.11919478586421585,-0.06544809454030866,-0.0653351432879079,-0.11769170371042008
0.11207232779613743,-0.07687852799068051,-0.07674678032581081,-0.11035325836707834
0.10384542979905369,-0.08751874621372432,-0.08736955475525152,-0.10192796384615843
0.09459841684508713,-0.0972641207599122,-0.09709900954260914,-0.09250209030491029
0.08442562789053186,-0.10601916427470638,-0.1058398131943828,-0.08217172299679353
0.07343045420621057,-0.1136984653592709,-0.11350669309304447,-0.07104178356804519
0.061724289271922965,-0.12022752098831542,-0.12002526656394885,-0.0592249651079655
0.0494254008934208,-0.125543458380864,-0.12533276158159262,-0.04684059175468637
0.03665773695560444,-0.1295956393392527,-0.12937862014193283,-0.03401341439033173
0.02354967686503423,-0.13234614125893035,-0.1321249785128653,-0.020872354574513752
0.010232741253031379,-0.13377011025415544,-0.13354701981486394,-0.0075492093569812235
-0.0031597270979385568,-0.1338559831303266,-0.13363319566772594,0.005822670024168558
-0.016493897880513815,-0.13260557624932173,-0.13238531495221176,0.019109712317753047
-0.02963679008838091,-0.13003404066677599,-0.1298184990666161,0.03217945996516744
-0.042457597693837036,-0.12616968425628824,-0.1259610043913888,0.04490188902478216
-0.05482899096665867,-0.12105366286181955,-0.1208539139989834,0.057150702167500234
-0.06662838049363372,-0.1147395438227882,-0.11455070194794237,0.06880458189106785
-0.07773913135624715,-0.10729274648360598,-0.1071166747645759,0.07974839152344405
-0.0880517154465489,-0.09878986551809939,-0.09862829593246386,0.08987431213139857
-0.09746479054273992,-0.08931788405732627,-0.0891724003664214,0.09908290411417192
-0.10588619551983318,-0.078973284695265,-0.07884530693171903,0.1072840830363072
-0.11323385192908372,-0.06786106745006483,-0.06775183807066175,0.11439800013048891
-0.11943656313396553,-0.05609368466916722,-0.05600425650782587,0.120355818871817
-0.1244347032306489,-0.04378990367570143,-0.04372112981324325,0.1251003800797085
-0.12818078909661418,-0.031073608653225518,-0.03102613430131837,0.1285867491316007
-0.13063993009091257,-0.01807255384938129,-0.01804681032558264,0.1307826400614221
-0.1317901511617307,-0.004917080640941098,-0.004913281490753069,0.13166871255581528
-0.13162258638906318,0.008261188661781766,0.008243049361329052,0.1312387391377729
-0.1301415412894649,0.021330667186613483,0.0212908143293436,0.1294996411277742
-0.12736442352319446,0.034161116887336605,0.034099991655623246,0.12647139328604848
-0.12332154295834025,0.04662494584382318,0.04654320087265615,0.12218679834994729
-0.11805578334866323,0.058598476557326064,0.058496968997472504,0.11669113397721517
-0.11162214915884575,0.06996317263926621,0.06984295519285554,0.11004167587380351
-0.10408719231009213,0.08060681173208677,0.08046912175409787,0.10230710211349525
-0.09552832480802617,0.09042459306196526,0.09027083984045545,0.09356678483332943
-0.08603302434200104,0.09932016869875265,0.09915191904423609,0.08390997659913794
-0.07569794099917895,0.10720658838179285,0.10702555067312387,0.0734348997734853
-0.06462791420737626,0.11400714865344971,0.11381515550245185,0.06224774816939664
-0.052934909898688584,0.11965613801567218,0.1194551277263664,0.050461611130230705
-0.04073688866210298,0.12409947087949585,0.12389146788946338,0.03819533093031957
-0.028156616320795906,0.1272952042017361,0.12708229870257312,0.025572305034429477
-0.015320428921588356,0.12921393188638175,0.12899825882878088,0.012719245282019759
-0.002356964555039725,0.12983905325814005,0.12962277095214192,-0.00023509353249517861
0.01060412526884003,0.12916691317988271,0.12895218170447514,-0.013161202931341598
0.023433471785855305,0.12720681267187173,0.1269957723103178,-0.025930114971969564
0.036003279730903594,0.1239808901854888,0.12377564010123122,-0.03841468848436197
0.04818859980610155,0.11952387497499933,0.11932645234062514,-0.05049087450420528
0.05986857019902862,0.11388271528464775,0.11369507507134054,-0.06203894831224521
0.07092761482036966,0.10711608531255029,0.10694008094039816,-0.07294469584882037
0.08125658638710825,0.09929377611488367,0.099131141155605,-0.08310054275230426
0.09075384305149066,0.09049597676208944,0.09034830787439795,-0.09240661486616578
0.09932624796198784,0.08081245314165052,0.08068119440752197,-0.10077171976641493
0.10689008193299505,0.07034163280880645,0.07022806162402355,-0.10811423966948591
0.11337186028679255,0.059189605207753335,0.059094819864303136,-0.11436292698494485
0.11870904590585568,0.04746904741181748,0.047393956492950765,-0.11945759476684209
0.1228506515853827,0.035298086254384915,0.03524339994445777,-0.12334969538161888
0.12575772589474724,0.022799108335493704,0.022765331727560498,-0.1260027818400109
0.1274037179308948,0.010097529886382735,0.010084958350279755,-0.12739284742213552
0.1277747175648032,-0.0026794611489334014,-0.002670744495867211,-0.12750854044938761
0.12686956903172136,-0.015404178203494793,-0.015374302901970324,-0.1263512523085949
0.12469985698440912,-0.027949711610652385,-0.027899018141509177,-0.12393507810281042
0.12128976540341953,-0.04019119382405688,-0.04012022978822659,-0.12028665057649192
0.1166758110267638,-0.05200704172595077,-0.05191655596466421,-0.11544484922569605
0.11090645421048669,-0.06328016366919609,-0.06317109838721524,-0.10946038774611654
0.10404159134932076,-0.07389911927517408,-0.07377260024963368,-0.10239528418016806
0.09615193416055995,-0.0837592205052297,-0.0836165454817002,-0.09432221928643299
0.08731828225298072,-0.09276356313246067,-0.09260618852770859,-0.08532378975919422
0.07763069645501823,-0.10082397845706854,-0.10065350450454487,-0.07549166396217659
0.06718758135207174,-0.10786189592489599,-0.10768005041429711,-0.06492564879861294
0.05609468637215881,-0.11380910821679113,-0.1136177289930114,-0.05373267720951827
0.044464035553469464,-0.11860843136679965,-0.11840944776524358,-0.042025726564946034
0.03241279681911009,-0.12221425352978034,-0.12200966693548985,-0.029922678882718934
0.02006210216637149,-0.12459296714334343,-0.12438483086992895,-0.017545134367900686
0.0075358306451243,-0.12572328040336048,-0.12551367909370273,-0.0050171902089322234
-0.005040633652369055,-0.12559640518512988,-0.12538743394053817,0.007535803110321759
-0.01754165614298334,-0.12421611978129612,-0.12400986322788426,0.01998849552359752
-0.029842606297945908,-0.12159870608041037,-0.12139721758201429,0.032216788586226994
-0.0418210996593862,-0.11777276206405073,-0.11757804328874981,0.04409907168592367
-0.05335821495569587,-0.11277889174322564,-0.1125928727864569,0.05551743095079588
-0.06433967421667758,-0.10666927587389155,-0.10649379613592809,0.06635881884237006
-0.07465697418288149,-0.09950712797475163,-0.0993439179816058,0.07651617283747691
-0.08420845781299874,-0.09136604130639617,-0.09121670565372109,0.08588947213447211
-0.0929003153136257,-0.0823292335478572,-0.08219523513606199,0.09438672196002772
-0.10064750484021114,-0.07248869691439062,-0.07237134262952298,0.10192485579586293
-0.1073745838395303,-0.06194426238868462,-0.061844690369209296,0.10843054668386407
-0.113016442914053,-0.05080258757761781,-0.050721756191010395,0.11384091969289169
-0.11751893507773238,-0.03917607845010628,-0.0391147570859305,0.1181041586334858
-0.1208393943312391,-0.02718175585092065,-0.027140517618651563,0.12118000117535785
-0.1229470386014627,-0.014940078215034711,-0.014919294615568374,0.12304011764841141
-0.12382325325435277,-0.002573732321238365,-0.0025735699415152524,0.12366836997932687
-0.12346175258976574,0.009793595780830664,0.009773176521204532,0.12306094841779018
-0.12186861795011186,0.02203845736231967,0.02199770140409965,0.12122638493222988
-0.11906221230894581,0.03403887276727664,0.033978227556320934,0.11818544338763136
-0.11507297243884768,0.04567554603984594,0.04559565665626493,0.11397088784782398
-0.10994308097769283,0.05683305033684144,0.05673475266115613,0.10862713155862062
-0.10372602190661645,0.06740097235157007,0.06728528433992992,0.10220977035351075
-0.09648602410970684,0.07727500440754359,0.07714311556707494,0.09478500537098998
-0.08829739879320146,0.08635797342576806,0.08621123259855035,0.08642896106625157
-0.07924377758999678,0.0945607966207939,0.09440069820176145,0.0772269055339582
-0.06941725915284917,0.1018033545325597,0.10163152326209582,0.06727238112011376
-0.05891747293757761,0.10801527284481666,0.10783344733066358,0.05666625417990803
-0.04785056968671646,0.11313660536854131,0.11294662050413166,0.04551569362825657
-0.03632814883675128,0.11711841157046797,0.11692218002715551,0.03393308862091077
-0.024466133681285352,0.11992322309272346,0.11972271607270682,0.022034916291355372
-0.012383605622209911,0.12152539482873904,0.12132262227225993,0.00994057094505292
-0.00020160922683336787,0.12191133728173405,0.12170832772700788,-0.0022288335253897035
0.011958059923191666,0.1210796281236611,0.12087840842148888,-0.014351675996578175
0.02397407245746441,0.11904100208241841,0.1188435771682411,-0.026307043111469877
0.035726775356839886,0.11581821950136713,0.11562655242641899,-0.03797593478424052
0.04709938294274821,0.11144581512557031,0.11126180754593894,-0.04924244819884335
0.057979136866027674,0.10596972986159846,0.10579520317916424,-0.05999492852599424
0.06825842357858106,0.09944682942037146,0.09928350676255841,-0.07012707493900115
0.07783583821853936,0.09194431487379823,0.09179380409020894,-0.0795389909777524
0.08661718439662285,0.08353903122482098,0.08340280906844869,-0.08813816888765744
0.0945164000322291,0.07431668109626674,0.0741960787449876,-0.09584039824031616
0.10145640014562037,0.06437095157675775,0.06426714163680597,-0.10257058991732411
0.10736982835959029,0.05380256311280192,0.053716548230961086,-0.10826350740171793
0.11219970979181258,0.04271825009641416,0.042650853291541224,-0.11286439826291322
0.11589999901789853,0.031229683460219274,0.03118154026702194,-0.11632951973090493
0.11843601784521697,0.019452346150233175,0.01942389865013147,-0.11862655332540849
0.11978477874792483,0.007504372795137574,0.007495865590073786,-0.11973490462304567
0.11993519096323173,-0.00449463477437596,-0.004483156608901251,-0.11964588539976904
0.11888814742614458,-0.016424804284816238,-0.016393495251027096,-0.11836277656530426
0.11665649191302631,-0.028167190087436813,-0.0281164023243239,-0.11590077149971423
0.1132648669612798,-0.039604958584759084,-0.03953523795828043,-0.11228680059689232
0.10874944432137022,-0.05062455020681528,-0.05053663047415183,-0.10755923900323423
0.10315754086644943,-0.06111680638540593,-0.06101160149540874,-0.1017675007023433
0.09654712402228847,-0.07097805034728394,-0.07085664495773289,-0.09497152322476793
0.08898621187490285,-0.08011111103035952,-0.07997474934016861,-0.08724114834432882
0.08055217415425475,-0.0884262800161497,-0.08827635302741492,-0.07865540515089108
0.07133094126941987,-0.09584219206053773,-0.0956802234006042,-0.06930170285061994
0.06141612947413391,-0.10228662058627369,-0.1021142510344453,-0.059274941531476874
0.05090809106253081,-0.10769718036683311,-0.1075161512426188,-0.048676549933697605
0.03991289922561015,-0.11202193057301321,-0.11183406615382484,-0.037613459975730165
0.02854127783176584,-0.11521987236197914,-0.1150270615080959,-0.026197028398333433
0.01690748692399097,-0.1172613362526799,-0.1170655134241821,-0.014541916395895832
0.005128175146929419,-0.11812825564115831,-0.11793138149765482,-0.002764938502256148
-0.006678789375539998,-0.11781432395313113,-0.11761836573072397,0.009016107717460253
-0.018395497999215377,-0.11632503409766626,-0.11613194595946538,0.020683619449080315
-0.029905178567433074,-0.11367760006331507,-0.11348930361979961,0.03212136211445331
-0.0410933587231753,-0.1099007616747756,-0.10971912686778236,0.043215626854549855
-0.05184900394098955,-0.1050344746924051,-0.10486130123326785,0.053856360489069055
-0.06206561896982887,-0.09912948957696179,-0.0989664891227496,0.0639382567285119
-0.07164230176553947,-0.09224682334670271,-0.09209560259084669,0.073361797823994
-0.08048473948799821,-0.08445713001216298,-0.08431917485667503,0.08203423635650617
-0.08850613673687448,-0.07583997607540148,-0.07571663704039826,0.08987050748525044
-0.09562806689607786,-0.0664830285151129,-0.0663755075289002,0.09679406268831135
-0.10178123824265452,-0.05648116353773921,-0.05639050223639447,0.10273761683012021
-0.10690616734335676,-0.045935505149088854,-0.04586257479942825,0.10764380127223835
-0.11095375320254017,-0.034952403283291536,-0.03489789642659891,0.11146571669588189
-0.11388574662867654,-0.023642361809912475,-0.023606785706267314,0.11416738031827751
-0.11567511034379363,-0.012118927219636035,-0.01210259915480183,0.11572406325026169
-0.1163062664596369,-0.0004975491598601356,-0.0005005936578201392,0.11612251484702243
-0.11577522907535766,0.011105575749768453,0.011083227784637953,0.11536107203824345
-0.11408962090270931,0.022574665247788554,0.022533275454176688,0.1134496527762905
-0.11126857398452232,0.033795506305026556,0.03373552586838448,0.11040963389950975
-0.10734251572903242,0.044656592027690505,0.04457865679794566,0.10627361486058105
-0.10235284262493319,0.055050229277142766,0.05495515305285949,0.10108506990612938
-0.09635148511846052,0.06487360600891638,0.06476237205868783,0.09489789240272227
-0.08940036821319562,0.07402980775768722,0.07390355866687875,0.08777583607293325
-0.08157077338508477,0.08242877322350303,0.08228879917096976,0.07979185892467176
-0.07294260837900167,0.08998817954262157,0.08983590512765365,0.07102737661727393
-0.06360359235955404,0.09663424854695782,0.09647121830085335,0.0615714328977221
-0.053648364718831,0.102302466122166,0.10213032885158624,0.051519795553078215
-0.04317752658923679,0.10693820765757346,0.10675869977827948,0.04097398705198638
-0.0322966247631751,0.11049726353256327,0.11031219156201572,0.03004025968161364
-0.021115088276833647,0.11294625959389619,0.11275748197916428,0.018828525520678124
-0.009745128367342246,0.1142629686366989,0.11407237710029047,0.0074512520194600085
0.0016993871432244513,0.11443650999778819,0.11424601058846094,-0.003977665720430595
0.013104073750349941,0.11346743549261278,0.11327892953125317,-0.01534404466344487
0.024355173049475085,0.11136770106509922,0.11118306617587881,-0.02653455415443727
0.035340686985525706,0.10816052466172532,0.10798159607740672,-0.03743784544641034
0.04595149226495643,0.10388013197581715,0.10370868430382793,-0.04794565918874984
0.05608242384629129,0.09857139282397535,0.09840912245403302,-0.0579538998652894
0.06563331675576303,0.09228935200275927,0.09213786033025181,-0.06736366652353352
0.07450999591234166,0.08509865951926865,0.08495943715039145,-0.07608222959395824
0.08262520418584132,0.07707290608396762,0.0769473181783599,-0.08402394415697394
0.08989945954801364,0.06829387068787386,0.06818314358272841,-0.09111109066835058
0.096261832902387,0.058850687950297506,0.058755897196736614,-0.09727463489616932
0.10165063898736096,0.04883894370864,0.04876100363721242,-0.10245489964558405
0.10601403362982949,0.038359708021180695,0.038299362937390946,-0.10660214174223624
0.10931051157483915,0.027518515360192747,0.02747633245479844,-0.10967702870488623
0.11150930012078918,0.01642430228020345,0.016400666321612217,-0.11165101054925228
0.11259064483916159,0.005188313250342291,0.0051834231084093435,-0.11250658322135232
0.11254598474247104,-0.006077014364067015,-0.006063147331659205,-0.11223744124781229
0.11137801537282975,-0.017259174999220167,-0.01722672668566433,-0.11084851830017708
0.10910063940533818,-0.028246718024102432,-0.028196049443651658,-0.1083559154928903
0.10573880548409942,-0.038930358097798226,-0.03886201141235203,-0.10478671835448458
0.10132823712286777,-0.04920406169499935,-0.049118754440497445,-0.10017870452137773
0.09591505459599993,-0.05896609900207377,-0.05886471657583117,-0.09457994529059872
0.08955529380770154,-0.0681200507531191,-0.06800363724072535,-0.08804830522063097
0.08231432714785486,-0.07657576004619997,-0.07644550748276698,-0.0806508449787182
0.07426619231114814,-0.08425021974886274,-0.08410745592479202,-0.07246313358838442
0.06549283596289646,-0.09106838676387685,-0.0909145617001051,-0.06356847712380535
0.05608327997112712,-0.09696391517362381,-0.0968005864038176,-0.05405707171620561
0.04613271868213294,-0.10187980110711797,-0.10170861791590359,-0.04402508947803585
0.035741556387946405,-0.10576893306923098,-0.10559161984632186,-0.033573706603437434
0.025014394712868565,-0.10859454242780546,-0.10841288130567751,-0.022808083461209674
0.014058980126810899,-0.11033054976147291,-0.11014636271122935,-0.01183630695673954
0.002985122170622694,-0.11096180381915337,-0.11077693438464549,-0.0007683057954516181
-0.008096406750118197,-0.11048421092056324,-0.11030050577352131,0.010285250470764493
-0.01907497898408157,-0.10890475372500047,-0.10872404422595172,0.021214057592315178
-0.029841215595308543,-0.1062413994021002,-0.10606548335096098,0.03190927691424553
-0.04028807565427377,-0.10252289834215136,-0.10235352210011535,0.04226461884107968
-0.050311920015331614,-0.09778847563388426,-0.09762731679462906,0.05217739869301505
-0.05981353901319958,-0.09208741860354835,-0.09193606938534489,0.06154955446930073
-0.0686991338924006,-0.08547856474002412,-0.08533851626334216,0.07028861643614423
-0.07688124226586801,-0.07802969531631951,-0.07790232292199016,0.07830861895705955
-0.08427959847679863,-0.06981684094861221,-0.06970339070086928,0.08553094557947487
-0.09082192040604187,-0.06092350620042453,-0.06082508270735726,0.0918850990756331
-0.09644461501827008,-0.05143982113348559,-0.051357376803844446,0.09730938890155881
-0.10109339576681076,-0.04146162842011277,-0.04139595426081,0.10175152937683958
-0.10472380587043208,-0.03108951525811767,-0.031041233301070045,0.105169142792763
-0.10730164242702477,-0.02042779986156017,-0.02039735729238032,0.10753016261706755
-0.10880327732890814,-0.00958348273470416,-0.0095711477783781,0.10881313297033045
-0.10921587198270039,0.0013348267325059228,0.0013289671313617551,0.10900740159168909
-0.10853748390263579,0.01221799758363366,0.012194038266459192,0.10811320458055117
-0.10677706432940855,0.022957467648616156,0.022915683933021,0.1061416422851164
-0.10395434711603159,0.03344632604065694,0.03338717061166341,0.10311454679527189
-0.10009963020707587,0.043580377007670534,0.043504475044807006,0.09906424257967487
-0.09525345210707019,0.05325917455659192,0.05316731714890284,0.09403320286931999
-0.0894661667772953,0.06238701758153453,0.06228015349969619,0.08807360542578357
-0.08279742140713095,0.07087389564174863,0.07075312155263642,0.08124679232963325
-0.07531554246676801,0.07863637604746118,0.07850292527211769,0.07362263937290926
-0.06709683635270741,0.08559842351633049,0.08545365344636204,0.06527884153066148
-0.058224811777495604,0.09169214435359348,0.09153752265406527,0.056300121811288864
-0.048789331821894356,0.09685844787858826,0.09669553761811507,0.04677737153644154
-0.03888570425387259,0.10104761866088179,0.10087806251887878,0.03680673076808583
-0.0286137193181186,0.10421979403220542,0.10404529774294384,0.026488618181698953
-0.01807664470528382,0.10634534229722158,0.10616765749807709,0.015926720170274106
-0.00738018781850318,0.10740513806626024,0.10722604472146971,0.005226949350373433
0.0033685642390101217,0.10739073216729626,0.10721202074438885,-0.0055036170721441124
0.01406221633037459,0.10630441465183142,0.10612786822881516,-0.01615780843979786
0.024594137884773156,0.10415917047933669,0.10398654696110263,-0.02662943057391093
0.03485952572259512,0.10097852853704924,0.10081154315916813,-0.03681432382044485
0.044756446516606783,0.09679630571524772,0.09663661400808914,-0.04661139867371898
0.05418684852421295,0.09165624880230544,0.09150543018527346,-0.05592363868582528
0.06305753255366148,0.08561157797808266,0.08547112014662434,-0.06465906071631021
0.07128107255353781,0.0787244366590434,0.07859572091802526,-0.07273162302212414
0.07877667673726653,0.07106525337365784,0.07094954106224932,-0.0800620722283777
0.08547098076598768,0.06271202221336786,0.06261044235450139,-0.0865787208473433
0.09129876520816681,0.05374950920418917,0.05366304749931439,-0.09221814772361392
0.09620359026585056,0.044268392668645073,0.044197881945113385,-0.09692581456788636
0.10013834159718948,0.0343643462906119,0.03431045849411549,-0.1006565925930897
0.10306568196467365,0.02413707415002713,0.02410031395892999,-0.10337519417550382
0.10495840438897548,0.013689307455511135,0.013670007577462062,-0.1050565054218899
0.10579968348016607,0.0031257730656491477,0.0031240912602102655,-0.10568581652145671
0.10558322264101754,-0.007447855848780206,-0.007431937995285992,-0.10525894778703364
0.10431329588110887,-0.017926016491757582,-0.017892693030466603,-0.1037822703363379
0.10200468403492421,-0.028204309916047787,-0.0281539482476717,-0.10127262141699352
0.09868250623157453,-0.038180540775156285,-0.038113677636310295,-0.09775711543080806
0.09438194850766216,-0.0477557330022094,-0.047673068769632856,-0.09327285275299801
0.08914789247764796,-0.05683511132575589,-0.056737502698353884,-0.08786652945571533
0.08303444796799138,-0.06532903889335247,-0.06521749002849984,-0.08159395203025013
0.07610439447194799,-0.07315390173180591,-0.07302955392772918,-0.07451946214209158
0.06842853718244554,-0.08023293132177078,-0.08009705135131495,-0.06671527733897578
0.060084984201684996,-0.08649695719960107,-0.08635092441499899,-0.05826075446220713
0.05115835229944574,-0.09188508221421221,-0.091730374554021,-0.04924158326758486
0.041738909290880796,-0.09634527385311804,-0.09618345289276543,-0.039748918443864995
0.031921661720892655,-0.09983486590298521,-0.0996675611005909,-0.029878458816648343
0.021805397070762615,-0.10232096561644771,-0.10214985791250313,-0.019729483033687836
0.01149169013839203,-0.10378076250972278,-0.1036075674455349,-0.009403851444201305
0.001083883581655634,-0.10420173590528797,-0.104028186429911,0.0009950157971815032
-0.009313947147590172,-0.10358175935028648,-0.10340958848790219,0.011363174154263717
-0.019598034115924805,-0.10192910107443523,-0.10176002462576024,0.021597193298565423
-0.02966595207274222,-0.09926232069057339,-0.09909802014075038,0.03159518849083706
-0.03941763814407488,-0.09561006337626782,-0.09545216917931103,0.04125783447429254
-0.04875638590860443,-0.09101075379571488,-0.09086082920174592,0.050489351794080414
-0.057589803984424065,-0.08551219301745173,-0.08537171860315079,0.0591984557531193
-0.06583072962923459,-0.07917106264509102,-0.07904142170030902,0.06729925860663483
-0.07339808832448587,-0.07205234129612477,-0.0719348062105385,0.07471211608323619
-0.08021769087134228,-0.06422863942844378,-0.06412435921267196,0.08136440989469261
-0.08622296016702026,-0.055779459317186246,-0.05568944838023358,0.08719125855066022
-0.091355580547389,-0.04679038771831174,-0.046715516010845254,0.09213614952699539
-0.09556606336918931,-0.03735222941178717,-0.03729321403137857,0.0961514866351858
-0.09881422335366472,-0.027560090391274578,-0.0275174887298877,0.0991990472971378
-0.10106956111516685,-0.017512419952359606,-0.01748662445167949,0.10125034534267041
-0.10231154824400061,-0.007310021322740493,-0.00730125588660431,0.10228689589610426
-0.10252981229248771,0.002944959226861248,0.002936641130735912,0.10230037990358605
-0.10172422001785343,0.013150054657976718,0.01312477019113363,0.10129270686050265
-0.09990485825426099,0.02320350059896178,0.02316153604178771,0.0992759753143017
-0.09709191280949589,0.03300524972083706,0.032947057277140646,0.09627233174301035
-0.09331544679883286,0.042457966947563854,0.04238415989931146,0.09231372942055861
-0.0886150808296336,0.05146799560494878,0.051379341868788286,0.08744158987490203
-0.0830395784250752,0.05994628492254426,0.05984369907578724,0.08170637051408826
-0.07664634101447615,0.06780926970776643,0.06769380356634998,0.07516704292260246
-0.0695008177118052,0.07497969350706475,0.0748525253524437,0.06789048721417348
-0.06167583594398741,0.08138736715060113,0.08124978971577854,0.05995080865436368
-0.053250859768649496,0.08696985523793749,0.08682326257518941,0.05142858352939886
-0.044311183428949526,0.0916730838564809,0.09151895721996532,0.04241004192999241
-0.03494706832465643,0.09545186362393597,0.09529175650999105,0.03298619573339108
-0.025252832126951313,0.09827032300315912,0.09810584549950215,0.023251920597602768
-0.015325899224756,0.10010224774345652,0.09993505034464101,0.013305001222638987
-0.00526582205802311,0.10093132324768692,0.10076308029971297,0.0032451494822554466
0.0048267168351865935,0.10075127763990761,0.10058367057985466,-0.006826994719011589
0.014850912057947826,0.0995659243038846,0.0994006248619746,-0.0168108698558226
0.024706841807581516,0.0973891036687431,0.09722775720124285,-0.026606996398872845
0.0342964634981964,0.09424452502411003,0.09408873414255163,-0.036117967626290576
0.04352458863609184,0.09016551014348498,0.09001681880311255,-0.04524941776527937
0.05229982725881891,0.08519464147105416,0.08505451967705756,-0.05391095784584361
0.060535492571503355,0.07938331857431626,0.07925314785629324,-0.062017069989104556
0.06815045683007756,0.07279122747323324,0.07267228727189885,-0.06948795128738992
0.07506995002588313,0.06548572831683827,0.06537918341720197,-0.07625029895328851
0.08122629351351796,0.05754116768257554,0.057448056816360726,-0.08223802901745503
0.08655956138915527,0.049038122513347264,0.048959348242599635,-0.08739292153491982
0.09101816316203788,0.04006258337559158,0.03999890335570501,-0.09166518600586102
0.09455934206029627,0.03070508531217506,0.030657105018679978,-0.09501394152650733
0.09714958416577388,0.02105979507029011,0.02102796205926377,-0.09740760704815105
0.09876493447214903,0.01122356390254485,0.01120816365876548,-0.09882419802795216
0.09939121689752697,0.0012949554646996782,0.001296108875841473,-0.0992515266980161
0.09902415624731732,-0.008626741437058367,-0.008609078958200095,-0.09868730414587822
0.09766940110588695,-0.018442505364475965,-0.01840854310433876,-0.09713914338366647
0.09534244762644957,-0.028054570113791664,-0.028004679639913044,-0.09462446357336102
0.09206846517790435,-0.03736739807914817,-0.03730210920708438,-0.09117029656162484
0.0878820257850327,-0.04628862942611663,-0.04620862461482626,-0.08681299785030558
0.0828267402549391,-0.054729997649209286,-0.054636104883902525,-0.08159786507836153
0.07695480480825219,-0.06260820244178894,-0.06250138667859936,-0.0755786680090597
0.07032646291921922,-0.06984573125102123,-0.06972708451138274,-0.06881709488964542
0.06300938790597564,-0.07637162141971802,-0.07624235163617363,-0.06138212087748368
0.055077992591984495,-0.08212215542651796,-0.08198357415415893,-0.05334930499292345
0.04661267307514386,-0.08704148241830272,-0.08689499153601304,-0.0448000227580643
0.037698994284781885,-0.09108215997813082,-0.09092923751509122,-0.03582064231073864
0.028426825572125614,-0.09420561088045044,-0.0940477961107831,-0.0265016523298061
0.018889435062625266,-0.09638249044409204,-0.09622136839975706,-0.016936750572739412
0.009182551892174201,-0.09759296099499833,-0.09743014655339209,-0.00722190220260481
-0.0005965942480531532,-0.097826870884613,-0.0976639925895507,0.002545622636323172
-0.010350246625735941,-0.09708383646773369,-0.09692252024648215,0.012268222345769228
-0.019981098297349585,-0.09537322641545916,-0.0952150793546613,0.021848938764038386
-0.029393262496668203,-0.09271404871492601,-0.09256064305662462,0.031192423686194695
-0.03849322690867451,-0.08913474167822022,-0.08898759919593047,0.04020588738308496
-0.047190782335854296,-0.08467287123830902,-0.08453344814804895,0.048800019687302715
-0.0553999165382843,-0.07937473774075968,-0.07924441029648416,0.05688987450690665
-0.06303966439515113,-0.07329489633692769,-0.07317494725292681,0.06439570901103212
-0.07003490598886966,-0.06649559593855325,-0.06638720177272968,0.07124376920162014
-0.07631710474969707,-0.059046142496603664,-0.05895036211861014,0.07736701413688415
-0.08182497841259169,-0.05102219311117642,-0.05093995736813205,0.08270577169993502
-0.08650509622332347,-0.04250498815661666,-0.042437090837558894,0.08720831950440273
-0.09031239658010347,-0.033580529210295876,-0.033527619396673675,0.09083138528716742
-0.09321062010265821,-0.024338711099183175,-0.024301286974975217,0.09354056195508613
-0.09517265397509851,-0.014872416819278648,-0.0148508209998683,0.09531063331335789
-0.09618078430263187,-0.005276584436511595,-0.005271000859581182,0.0961258074018145
-0.09622685414701475,0.0043527446610842555,0.004342292254528035,0.09597985529604607
-0.09531232585172626,0.013919386622697616,0.013893034605186455,0.0948761541753582
-0.09344824722597746,0.0233279754961559,0.02328601867264135,0.09282763441969356
-0.09065512211719799,0.03248491350663633,0.03242780185533714,0.089856631455858
-0.08696268685491003,0.0412993017873275,0.041227635658084086,0.08599464402054023
-0.08240959498558117,0.049683842310744374,0.049598366132096866,0.08128200144168637
-0.07704301362849066,0.05755570207566477,0.05745729663637969,0.07576744344057032
-0.07091813565830524,0.06483733099885844,0.06472700438363621,0.0695076168229616
-0.06409761275176341,0.0714572254402571,0.07133610271306733,0.06256649425045113
-0.05665091511569177,0.07735062984894867,0.07721994158929435,0.05501472104843523
-0.048653624433904544,0.08246016964994414,0.08232123945873838,0.04692889671467512
-0.040186667223944095,0.08673640919188369,0.08659064029386927,0.03839079843093063
-0.03133549637513069,0.09013832933613027,0.08998719041416638,0.029486554443862167
-0.02218922914111082,0.09263372008065612,0.09247873048505893,0.02030577566666733
-0.012839750278118898,0.09419948446946373,0.09404219895114248,0.010940654252846738
-0.0033807893508823205,0.09482185093122547,0.09466384405187339,0.001485038205848374
0.006093018532255783,0.0944964921106334,0.09433934248631233,-0.007966508690428961
0.015487079146380145,0.09322854919313968,0.09307382372898483,-0.017319652207629863
0.02470778327805275,0.09103256166910743,0.09088179994245237,-0.026481228828805423
0.03366343913487062,0.0879323034273786,0.08778700237460281,-0.03536017333809968
0.042265183752973313,0.0839605270014875,0.0838221260614324,-0.043868423612694885
0.0504278643471571,0.07915861870483962,0.0790284855656314,-0.05192179363085914
0.05807088086609959,0.07357616827531567,0.07345558536571872,-0.059440806045726116
0.06511898142030084,0.0672704574956944,0.06716060935492314,-0.06635147609541872
0.07150300273708422,0.060305873056231925,0.06020783470569571,-0.0725860391210973
0.07716054836143998,0.05275324967147493,0.052667976103058164,-0.07808361454481205
0.08203659795769586,0.04468915014726951,0.044617467030809016,-0.0827907998057855
0.08608404176760179,0.03619508971031783,0.03613768541027032,-0.0866621884666375
0.08926413503974992,0.027356712453942014,0.02731413143283186,-0.08966080747030067
0.09154686805416816,0.018262928216257697,0.0182355658874922,-0.09175846934305983
0.09291124821724836,0.009005018585330048,0.0089931176640521,-0.09293603599952809
0.09334549158697858,-0.00032427898364792033,-0.0003206305981053037,-0.09318359169251285
0.0928471220976273,-0.009631699753172521,-0.009612569545372901,-0.09250052356227335
0.091422977677904,-0.018824383696102592,-0.018789993550447567,-0.09089550916697095
0.08908912338753779,-0.02781080158656671,-0.027761525264014056,-0.08838641130372873
0.08587067262510119,-0.03650166595684834,-0.03643802506071367,-0.08500008135559897
0.08180151837539505,-0.04481081785768651,-0.04473347633173419,-0.08077207331033703
0.07692397735875435,-0.052656080618915746,-0.05256583783572036,-0.07574627148399099
0.07128835080825098,-0.059960072154484706,-0.05985785466578887,-0.06997443583751643
0.06495240642559658,-0.06665096778641903,-0.06653781982037459,-0.06351566958942345
0.05798078684417606,-0.0726632060723694,-0.07254027887540523,-0.05643581459453331
0.05044435065051553,-0.0779381307053257,-0.07780667083685733,-0.04880678066738482
0.042419452676804595,-0.08242456220584636,-0.0822858989050475,-0.040705815677353346
0.03398717086950603,-0.08607929384079636,-0.08593482559349115,-0.032214723819517996
0.025232487558106365,-0.08886750696974996,-0.0887186874106331,-0.023419039967259095
0.016243433387379404,-0.09076310183424818,-0.0906114251271516,-0.0144071684363873
0.007110202532676041,-0.09174894065702742,-0.09159592649961153,-0.0052694948279493475
-0.002075751912542903,-0.09181700079983805,-0.09166417920326139,0.0039025201309408203
-0.011222633307976237,-0.09096843663083926,-0.09081733262736717,0.013017255667281888
-0.02023921843801634,-0.08921354966638168,-0.08906566809676754,0.021983845811620675
-0.029035766927329745,-0.08657166746851512,-0.086428478001441,0.030713084885382463
-0.03752491403830454,-0.08307093268930518,-0.08293385522206663,0.03911831460657378
-0.04562253797174307,-0.07874800454720036,-0.07861839513201345,0.04711628399562247
-0.05324859306470723,-0.07364767589018069,-0.07352681332612475,0.05462797355266731
-0.060327900636968024,-0.0678224098366669,-0.06771148305951952,0.061579375550769276
-0.06679088967661113,-0.061331800780026834,-0.061231897174156974,0.06790222274409628
-0.07257428007179942,-0.054241965287847645,-0.05415406003522548,0.07353465832060695
-0.07762170168365623,-0.046624869115905444,-0.04654981568628584,0.07842184052907551
-0.08188424320905659,-0.03855759718203254,-0.03849611905708823,0.08251647607615288
-0.08532092549507388,-0.030121573900674867,-0.030074257612187696,0.08577927711126888
-0.08789909473149413,-0.021401741759778763,-0.02136903130864426,0.08817933739059217
-0.08959473175680273,-0.012485706422556433,-0.012467899131691496,0.08969442402692411
-0.09039267455783243,-0.0034628569543939396,-0.0034601007940145145,0.09031118208208985
-0.09028675191560563,0.0055765299938615375,0.005564237584808965,0.09002525013358958
-0.08927982704087063,0.014542193072323979,0.014515004859836644,0.08884128583963219
-0.0873837509436383,0.023344787161787978,0.023303004291877205,0.08677290142807681
-0.08461922618249519,0.03189677335793934,0.03184084205417506,0.08384250993200368
-0.08101558253280329,0.040113289148188715,0.04004379596774972,0.08008108388575182
-0.07661046698894525,0.047912990135089706,0.04783065583365234,0.0755278290654103
-0.07144945136607282,0.055218854961270776,0.05512452703042715,0.07022977669866343
-0.06558556158285982,0.06195894547482239,0.06185358942947618,0.06424129837876813
-0.059078733480177587,0.0680671146370244,0.06795180414219539,0.05762354867859962
-0.05199520075442074,0.07348365521054231,0.07335956114816074,0.050443841172312376
-0.04440682125054544,0.07815588287148688,0.07802426145893177,0.042774964227038845
-0.036390348462634385,0.08203864805595008,0.08190082813629644,0.034694443513597906
-0.02802665562328615,0.08509477157420646,0.08495214120698481,0.026283758704560567
-0.019399920221237422,0.0872953997968622,0.08714939228471645,0.017627522269898013
-0.01059677716634286,0.08862027602818606,0.08847235551954204,0.00881262864253149
-0.0017054491173290138,0.0890579255253685,0.08890957233821012,-7.26176937568962e-05
0.0071851373012991665,0.08860575248943468,0.0884584483029778,-0.008939386449115239
0.01598624054326655,0.08727004823554545,0.08712526129781421,-0.017699209254133166
0.02461018956086201,0.08506591063860805,0.08492508113763529,-0.02626486200002269
0.03297125677079361,0.08201707583554091,0.08188160157997519,-0.03455123299614643
0.04098650987685705,0.07815566403937876,0.0780268865907461,-0.04247616830746315
0.048576634088942826,0.07352184217404828,0.07340103356793498,-0.049961285879477485
0.055666716590444046,0.06816340686348327,0.06805175705152634,-0.056932750387117606
0.062186985499248094,0.06213529209662476,0.062033897232759844,-0.06332200115113505
0.06807349603699601,0.055499006633256256,0.05540885831957613,-0.0690664259504323
0.07326875716316332,0.048322006906538297,0.048243982504470734,-0.07410997411262235
0.07772229253789016,0.040677011810731786,0.040611865911625855,-0.07840370288390075
0.08139113034548849,0.032641266329758147,0.032589623468153375,-0.08190625175884249
0.08424021723152084,0.024295761458963287,0.024258110138547853,-0.08458424017837657
0.08624275237319806,0.01572441829408283,0.015701106383309918,-0.08641258477993237
0.08738043850818282,0.007013244502976813,0.007004476043823357,-0.08737473319428629
0.08764364758196273,-0.0017505283447744294,-0.001744694886135073,-0.08746281222070124
0.0870314995309558,-0.010479317941163436,-0.010458969967135287,-0.08667768907385878
0.08555185358853568,-0.019086066159546188,-0.01905143577721119,-0.08502894526445533
0.08322121237551357,-0.0274851069940545,-0.027436568409221762,-0.08253476354806909
0.08006453990669132,-0.035593018869160005,-0.03553108436727084,-0.07922172924557644
0.0761149955020594,-0.04332945284316979,-0.04325476739994241,-0.07512454808850655
0.07141358642670284,-0.050617928486861315,-0.050531263065219656,-0.07028568357266937
0.06600874288901547,-0.05738658955770366,-0.05728883316056893,-0.06475491760103115
0.059955819794589055,-0.06356891200706755,-0.06346106256771102,-0.0585888389541888
0.053316530375473264,-0.06910435734854142,-0.06898751155193089,-0.051850264838955856
0.046158317484202877,-0.07393896497485872,-0.07381430711361314,-0.04460760142242247
0.038553668952750635,-0.07802587763302592,-0.0778946676111169,-0.03693414985635107
0.030579383961979498,-0.08132579494612893,-0.08118935555179183,-0.028907364828062512
0.02231579784239227,-0.08380735059863842,-0.08366705417512355,-0.020608073133451116
0.013845973126954788,-0.08544740957281916,-0.0853046642211491,-0.012119660151930292
0.005254864998162446,-0.08623128262902448,-0.08608751808116683,-0.003527232407786393
-0.003371530489278577,-0.08615285605437643,-0.08600950935906045,0.005083235375093059
-0.011947036873649645,-0.08521463555400587,-0.08507313671788724,0.013625760180458121
-0.020386157832856026,-0.08342770401828481,-0.0832894617459732,0.022015208971584224
-0.028604929222844286,-0.08081159375968902,-0.08067798143534721,0.03016814676417963
-0.03652175411992547,-0.07739407466544888,-0.07726641671452014,0.03800366605528037
-0.044058212565748316,-0.07321086054863295,-0.07309041931560518,0.04544418936652403
-0.051139837983046506,-0.06830523679214408,-0.06819320006442728,0.05241623694473806
-0.05769685257863377,-0.06272761315968534,-0.06262508246029519,0.05885115202622679
-0.06366485447510555,-0.05653500638689872,-0.05644298615187136,0.06468577651079224
-0.06898544980900805,-0.049790457857526886,-0.049709845603915156,0.06986307039945266
-0.07360682359588858,-0.04256239230700819,-0.0424939698876909,0.07433266892575094
-0.07748424378654623,-0.0349239240723767,-0.03486835010307027,0.0780513719440109
-0.08058049361650263,-0.026952117918206005,-0.026909921449509572,0.08098356082436685
-0.08286622807644814,-0.018727211907503327,-0.018698787402974953,0.08310153883901282
-0.08432025109709762,-0.010331810150403438,-0.010317413818084764,0.08438579179421074
-0.08492971084006509,-0.0018500535486611776,-0.0018498010598900355,0.08482516646601145
-0.08469021130907563,0.0066332231427988515,0.006619357527173769,0.08441696522298141
-0.08360583933463034,0.015033339495935105,0.015005522386107376,0.08316695605892113
-0.08168910683185415,0.023266614354583076,0.023225151287277063,0.08108929810426278
-0.07896080907717493,0.03125119911678766,0.031196531227876342,0.07820638352836504
-0.07544980058627888,0.038907891060256085,0.03884059041062808,0.07454859757863817
-0.07119269099504931,0.0461609186325153,0.046081682236288404,0.07015399931419561
-0.0662334641390212,0.05293869092309521,0.052848333540591805,0.06506792638004393
-0.06062302428693095,0.059174503908524086,0.05907394967839725,0.059342527918604254
-0.05441867420334175,0.06480719650681606,0.0646974695029353,0.05303623042375947
-0.04768353038634389,0.06978174999327598,0.06966396380320865,0.04621314200412785
-0.040485881442700024,0.07404982490764163,0.07392517133826572,0.03894240112414224
-0.032898496118690744,0.07757023021810443,0.0774399672429639,0.031297476435001303
-0.024997887994107244,0.08030932019464189,0.08017475926529456,0.023355424782277104
-0.01686354426563183,0.08224131517455985,0.08210380802307596,0.015196114879378747
-0.00857712638949205,0.08334854317051764,0.08320946823640246,0.0069014244651949275
-0.0002216506183513368,0.08362160006759883,0.08348234868543536,-0.0014455809876313952
0.008119343347595023,0.08305942697299136,0.08292138945865339,-0.009761479779198112
0.016362627273379345,0.08166930411175921,0.08153385588682151,-0.017963327383141436
0.024426114524959325,0.07946676149636307,0.07933524938888412,-0.025969483419339273
0.03222967715115617,0.07647540742789136,0.0763491362858798,-0.033700423956743025
0.039695941782135286,0.07272667670501447,0.07260689645568738,-0.041079531067452144
0.046751056442293645,0.06825950121440093,0.0681473944975738,-0.04803385179654375
0.05332542068165005,0.06311990634570572,0.06301657684354203,-0.05449481903283357
0.05935437181100205,0.057360537407834214,0.05726699898593066,-0.06039892716116449
0.06477882047883618,0.05104012091347282,0.05095728768026043,-0.06568835584260184
0.06954582934705414,0.044222866239313846,0.044151543620995076,-0.07031153579953336
0.0736091292030352,0.036977813753566145,0.036918690671770144,-0.07422365107439018
0.07692956748140817,0.02937813602443581,0.02933177825243813,-0.07738707287527781
0.07947548485352282,0.02150039917851058,0.021467243939848127,-0.07977172081452434
0.08122301626937779,0.013423791861530941,0.013404143722647102,-0.08135534808019827
0.08215631359805224,0.005229329562470927,0.005223357657701336,-0.08212374784506991
0.08226768780091806,-0.0030009577074830446,-0.002993221093610249,-0.08207087901066325
0.08155766937933019,-0.011184846239661725,-0.011163505721233577,-0.08119891019289366
0.08003498665667134,-0.019240739746061778,-0.01920603551800744,-0.07951818167217142
0.0777164622757287,-0.027088482574096007,-0.027040787743777134,-0.07704708585310246
0.07462682910791592,-0.03465015691668227,-0.03458997351409927,-0.07381186758936062
0.07079846757290885,-0.04185085609196813,-0.04177880980101023,-0.06984634652630606
0.06627106714771387,-0.048619426221943485,-0.04853625988804202,-0.06519156438982474
0.061091215595300445,-0.05488916896993308,-0.05479573495105108,-0.05989536089085427
0.055311920157503656,-0.06059849840011434,-0.06049574983996858,-0.05401188262209193
0.04899206562730673,-0.06569154549435147,-0.06558052660714485,-0.04760102998282414
0.04219581483607469,-0.07011870439667917,-0.07000053986201296,-0.04072784777569345
0.034991957654904135,-0.07383711504949016,-0.07371299862545692,-0.033461865671634214
0.027453215110983302,-0.07681107753100601,-0.0766822600004848,-0.02587639522584742
0.019655505654807174,-0.07901239409465964,-0.07888017066642922,-0.018047790548719606
0.011677180977697457,-0.08042063564074993,-0.0802863329323109,-0.010054680084196563
0.003598239068344991,-0.08102333011149895,-0.0808882928444882,-0.001977177221357748
-0.004500477591200185,-0.08081607108502148,-0.08068164862651901,0.006103922339086784
-0.012538090656958812,-0.0798025456436816,-0.07967007852781635,0.014107948425241268
-0.020434493296763456,-0.07799448139997323,-0.07786528796493622,0.021955161367441245
-0.028111148249946056,-0.07541151337019335,-0.07528687664329053,0.029567546075285195
-0.035491868625421565,-0.07208097218491619,-0.07196212714627008,0.03686958731394879
-0.042503573679200074,-0.06803759590740359,-0.06792571725892589,0.0437890184787694
-0.049077012077206744,-0.06332316848916231,-0.06321935904932667,0.050257536446794634
-0.05514744548906541,-0.05798608861804466,-0.05789136845764032,0.056211475438132964
-0.06065528576873481,-0.052080873401535714,-0.05199616982695995,0.061592433242135154
-0.0655466794544574,-0.04566760196961763,-0.04559374045201164,0.06634784365313132
-0.06977403385913714,-0.03881130467090945,-0.03874900081020746,0.07043148950968077
-0.07329647961649889,-0.031581304067681476,-0.0315311566691695,0.0738039513339634
-0.07608026519297104,-0.02405051440411677,-0.024012999734647628,0.07643298722287484
-0.07809907956342842,-0.016294706623106506,-0.016270173902076315,0.07829384033590114
-0.0793342999733863,-0.00839174633693654,-0.008380414504275124,0.07936947105463724
-0.07977516246428344,-0.0004208124121790563,-0.0004227682032641872,0.07965071164807248
-0.07941885361403914,0.007538395992677958,0.00752319864862086,0.07913634205392729
-0.07827052273455927,0.015406455998606404,0.015378195253316768,0.07783308617738663
-0.07634321456337578,0.023105013228155283,0.023063997272159478,0.07575552890314519
-0.07365772328012737,0.03055756177923544,0.030504225505788296,0.0729259548075308
-0.07024236946221812,0.037690204189661444,0.03762510460062832,0.06937411033689997
-0.06613270236000171,0.044432383846615436,0.04435619424867129,0.06513689197906294
-0.061371130612483865,0.050717582585474034,0.050631085637010825,0.06025796368849666
-0.056006485232599545,0.05648397658431477,0.05638805626465928,0.054787307525035155
-0.05009351935955201,0.061675044090481065,0.06157067667389056,0.04878071212522338
-0.043692349897821434,0.06624011900935944,0.06612836313579624,0.04229920423620963
-0.03686784673239276,0.07013488493772299,0.070016870881156,0.035408429100129146
-0.02968897572159023,0.07332180482938527,0.07319872307276934,0.02817798597641967
-0.02222810211783889,0.07577048213300693,0.07564357136490489,0.02068072552375365
-0.014560261448609252,0.077457949934136,0.07732848458807205,0.01299201613141912
-0.006762405200224478,0.07836888535929075,0.07823816282158907,0.005188986585534169
0.0010873711157085646,0.07849574725124284,0.07836507486491444,-0.002650247323535762
0.00891060977275841,0.0778388358945836,0.07770951788990635,-0.010447364500359435
0.016629274693689834,0.07640627435117095,0.07627959883364607,-0.018124620731081245
0.024166529539487624,0.07421391174836735,0.07409113787330279,-0.025605623549005488
0.03144750226835039,0.07128514964136985,0.07116749510337268,-0.032816092059368765
0.03840002856016216,0.0676506933364936,0.06753932229761728,-0.03968459416878865
0.04495536672787385,0.06334823080761212,0.06324424238393966,-0.046143253905984206
0.051048877036950095,0.05842204255529675,0.05832645997601839,-0.0521284218332492
0.056620658723077526,0.05292254644096228,0.05283630698632028,-0.057581301930282706
0.06161613843421415,0.04690578216924021,0.04682972798666255,-0.06244852878049913
0.06598660432041004,0.040432840684862456,0.04036771057302893,-0.06668268939741522
0.06968968054881994,0.03356924428975717,0.03351566653059128,-0.07024278459309845
0.07268973762652829,0.026384283766242765,0.02634277007440712,-0.07309462540432424
0.07495823456370136,0.01895031920889232,0.01892125985692425,-0.07521116074926522
0.07647398959791314,0.01134205161638972,0.011325711781794076,-0.07657273318138137
0.07722337692006018,0.003635772572616043,0.0036322899408544607,-0.07716726033114345
0.07720044758608403,-0.00409140044983897,-0.004082016804955735,-0.07699034037371727
0.07640697355906903,-0.011762295502127413,-0.011740164952012064,-0.07604528062065742
0.07485241459568162,-0.019300456573970455,-0.019265825487111907,-0.0743430491043957
0.07255380846164665,-0.026630905323006552,-0.026584144352093664,-0.07190214979307816
0.06953558572526289,-0.033680886532586087,-0.03362248666638215,-0.06874842283256342
0.06582931112837022,-0.04038058988951924,-0.0403111573116036,-0.0649147719607446
0.06147335426294217,-0.04666384092473501,-0.04658409073257749,-0.06044082195977102
0.05651249298185472,-0.05246875428147344,-0.052379503130880814,-0.05537250970512959
0.050997453636766006,-0.057738342865760926,-0.057640500616516765,-0.0497616130270272
0.04498439285855137,-0.06242107688687888,-0.0623156373344734,-0.0436652222098775
0.038534326169871326,-0.06647138730773643,-0.06635941809590068,-0.037145159520887705
0.03171250923937123,-0.06985010879105642,-0.06973274060743442,-0.030267352665315217
0.02458777804838444,-0.07252485784079947,-0.07240327300469405,-0.02310116851407515
0.01723185463843242,-0.07447034249387145,-0.07434576305160694,-0.015718713834175016
0.009718625438063053,-0.07566860060763447,-0.07554227605513737,-0.008194110067389418
0.0021233994274049437,-0.07610916450734934,-0.0759823592631928,-0.000602749448055731
-0.005477846414575508,-0.07578915049724562,-0.07566313125176258,0.00697946007742728
-0.013009226822947573,-0.07471327249186388,-0.0745892955589474,0.014476853570167467
-0.02039570552636499,-0.07289377978321213,-0.07277307858096191,0.0218147638767989
-0.027563842539139956,-0.0703503197165041,-0.07023409250131737,0.028920264939863924
-0.034442524026628465,-0.06710972679523934,-0.06699912477148653,0.03572289624400385
-0.040963667493437265,-0.06320574046770333,-0.06310185639072652,0.04215536120438741
-0.04706289530477377,-0.05867865455436186,-0.058582511939748345,0.04815419257850142
-0.052680169881386935,-0.05357490195200305,-0.05348744499757304,0.053660378325125525
-0.05776038430428838,-0.047946578889336754,-0.04786866320882644,0.05861994174226847
-0.06225390252315222,-0.04185091360354935,-0.04178329786321943,0.06298447018517062
-0.06611704387693226,-0.03534968485230263,-0.03529302339187201,0.06671158718890453
-0.06931250720152662,-0.028508596165768445,-0.02846343267534933,0.06976536339648937
-0.07180973041200213,-0.021396612173004755,-0.021363374487355022,0.07211666231341449
-0.07358518209899763,-0.014085263703085545,-0.014064259762539139,0.07374341756642683
-0.07462258236450996,-0.006647928659719387,-0.0066393436759270424,0.0746308390370877
-0.07491305083418304,0.0008409041043319963,0.000837009251859408,0.07477154595428286
-0.07445518051413808,0.008306380531137185,0.008290069654308327,0.07416562576255667
-0.07325503690332137,0.01567402925684333,0.015645489972931845,0.07282061832807517
-0.0713260825195517,0.02287050419675222,0.02283004580824942,0.07075142578790643
-0.06868902774167149,0.029824314414424617,0.02977236457857968,0.06798014909176076
-0.06537160960383577,0.03646653401510437,0.036403634238728715,0.06453585301425376
-0.061408300893925745,0.04273148501727537,0.04265828502406931,0.060454262125489086
-0.05683995259902191,0.04855738644020219,0.048474637469237206,0.05577739089358526
-0.051713373400078304,0.05388696319599242,0.05379551030026457,0.05055311174226685
-0.046080850538968994,0.05866800878865556,0.05856878221258119,0.04483466549915691
-0.039999616957562066,0.0628538962958238,0.06274790201957772,0.03868011923658394
-0.03353127013505345,0.06640403263597235,0.06629234218283052,0.03215177702159032
-0.02674114852099596,0.06928425170014187,0.06916799130996736,0.025315549550876185
-0.01969767187305998,0.07146714254614758,0.07134748182416623,0.018240289044887184
-0.012471652156162716,0.0729323095091193,0.07281044966478742,0.010997096109609458
-0.0051355819401024926,0.07366656176806947,0.07354372356178684,0.003658605540432236
0.002237092556194654,0.07366403061720575,0.07354144213587027,-0.003701741760781807
0.009572706487071564,0.07292621341591311,0.07280509780015047,-0.01101043346017301
0.01679811211622475,0.07146194392517115,0.07134350717005276,-0.01819461971153201
0.02384140792108212,0.06928728947360671,0.06917270842507624,-0.025182838996858914
0.030632653801239997,0.06642537612579937,0.06631578679205977,-0.03190572865876498
0.03710456527949407,0.06290614374185372,0.06280263003552476,-0.03829671306305984
0.04319317980834495,0.0587660335131874,0.05866961653633925,-0.04429266256740852
0.04883848858676192,0.05404761122837201,0.05395923920559053,-0.04983451677622777
0.05398502764946306,0.04879913015794184,0.04871966911700613,-0.054867865932604204
0.05858242241016315,0.04307403804185117,0.043004263333670245,-0.0593434847274462
0.0625858803161971,0.0369304332124526,0.03687102195283093,-0.06321781329226021
0.06595662680072933,0.030430475383399127,0.030381999890583544,-0.06645338068060322
0.06866228029431382,0.02363975707633196,0.023602679367730126,-0.06901916672555992
0.07067716267427536,0.01662664203828714,0.016601309439101056,-0.07089089878452774
0.07198254218213403,0.00946157731942641,0.009448219224921436,-0.07205128053949977
0.07256680651925965,0.002216385930387187,0.0022151117517642954,-0.07249015070483113
0.07242556453248689,-0.0050364528215398165,-0.0050256545095065525,-0.07220457019818272
0.07156167561735834,-0.012224528109249356,-0.012201789212755651,-0.07119883704744008
0.06998520668993576,-0.019276220231027832,-0.01924179157987399,-0.06948442902949926
0.06771331730138354,-0.02612141391514921,-0.026075662521402726,-0.0670798747574747
0.06477007418565521,-0.032692195182522775,-0.03263560034500956,-0.06401055464644752
0.061186197232381626,-0.038923524844438714,-0.038856673140200554,-0.06030843388427635
0.0569987395576151,-0.044753881959378045,-0.04467746117423555,-0.0560117302086182
0.052250704997534515,-0.050125870886162355,-0.05004066294733524,-0.051164519937163394
0.04699060696814805,-0.05498678594681072,-0.05489365892982226,-0.04581628630614877
0.041271973211570064,-0.05928912814739211,-0.0591890274390057,-0.040021414741211944
0.03515280148034691,-0.06299106889505311,-0.06288500760243358,-0.03383864020490422
0.028694971691083346,-0.06605685618837295,-0.06594590489114069,-0.027330452232211117
0.021963620502118773,-0.06845715934149534,-0.0683424352906889,-0.020562463678152412
0.015026484632945565,-0.07016934892400344,-0.07005200479689969,-0.013602749550658683
0.007953219542738834,-0.07117770925162707,-0.07105892157516831,-0.006521162587829615
0.0008147003179119037,-0.07147358144156936,-0.0713545388010506,0.0006113675418997766
-0.006317688217471287,-0.07105543574324712,-0.07093732689417859,0.007723544389044851
-0.013372765060923815,-0.06992887256376039,-0.06981287456568559,0.014744417114576427
-0.020280263130608406,-0.06810655232033183,-0.06799381881119795,0.021604088008270392
-0.026971528823163407,-0.06560805496210631,-0.06549970468975558,0.02823440808141304
-0.03338020406855952,-0.062459670704049224,-0.062356776428975635,0.03456965381458878
-0.039442884108958534,-0.058694124199188555,-0.05859770207850532,0.04054717834302321
-0.04509974448426059,-0.05435023503544458,-0.05426123459297376,0.04610803063063617
-0.050295131027553286,-0.04947251807306132,-0.049391812854598406,0.05119753651637998
-0.05497810705518027,-0.044110727732168585,-0.04403910673785115,0.05576583590932157
-0.059102952375123516,-0.03831935089119701,-0.0382575108689218,0.05976837085783858
-0.06262960922896463,-0.03215705356060087,-0.032105592235545585,0.0631663197191909
-0.06552407082223263,-0.025686086947358827,-0.025645497253578217,0.06592697320398831
-0.06775870867968027,-0.018971658919803205,-0.018942324289299844,0.0680240486573463
-0.0693125356800926,-0.012081277215889565,-0.012063467970035296,0.06943793956353544
-0.07017140227368733,-0.0050840710070961135,-0.005077941884428089,0.07015589791345857
-0.07032812405697822,0.0019499023668021515,0.001944313524201366,0.07017214774756662
-0.06978253956884706,0.008950358542417212,0.00893313093313683,0.06948792887969328
-0.06854149787035085,0.01584748814274081,0.015818816981608697,0.06811147050409982
-0.06661877617252532,0.022572652643237177,0.022532846980950413,0.06605789508926974
-0.06403492847416077,0.029059067160594757,0.029008546571480942,0.0633490536578133
-0.06081706685822913,0.03524246337479984,0.03518175354787236,0.060013294232434934
-0.0569985777645863,0.041061726007081745,0.04099145328677292,0.056085165893994746
-0.052618776200874545,0.04645949655359879,0.04638038148672346,0.0516050615339236
-0.04772250146724161,0.051382738313866465,0.051295588269060534,0.04661880298895062
-0.04235965854706244,0.05578325715138891,0.05568895808678285,0.04117717281510988
-0.03658470984988504,0.05961817287688844,0.059517680339751695,0.03533539748074608
-0.0304561224791121,0.06285033664753813,0.06274466609724924,0.029152587234330223
-0.02403577663043519,0.06544869032375449,0.06533890687605834,0.02269113832484397
-0.01738834110390043,0.06738856431250692,0.06727577200869198,0.016016103616702804
-0.010580622228696794,0.06865191104709505,0.06853724175606073,0.009194537944666875
-0.0036808927526882844,0.0692274719014403,0.06911207396608687,0.0022948247936652177
0.003241792564520581,0.06911087600582809,0.06899590274778214,-0.004614008938187905
0.010118287796868145,0.06830467011380272,0.06819126831131947,-0.011462983229845458
0.016880046226784476,0.066818279359859,0.06670757781415508,-0.018183853380478038
0.02345980335969916,0.06466789943770711,0.06456099774159847,-0.024709789737386023
0.02979224577510417,0.06187632141238179,0.06177427903272647,-0.030976041941178506
0.035814659166244454,0.058472691049471406,0.05837651683219324,-0.03692058108909345
0.04146754914154282,0.054492205194563104,0.05440284739579002,-0.04248471345038085
0.04669522864540246,0.049975748359395236,0.04989408530120216,-0.04761365966486641
0.05144636620178325,0.04496947326158982,0.04489630470477398,-0.052257093712539324
0.055674489586357255,0.03952432961688737,0.03946036893488967,-0.056369636353992905
0.059338439988761184,0.03369554599079124,0.033641413221581,-0.059911298208059106
0.062402772230673455,0.02754206997527555,0.027498285818908404,-0.0628478681443798
0.06483809715254286,0.02112597236191528,0.021092953181476824,-0.06515124322294254
0.06662136286696882,0.014511821330687043,0.0144898752047707,-0.06679969700475148
0.067736072193497,0.00776603296096498,0.007755356824904469,-0.06777808367801458
0.06817243423194971,0.0009562045950841262,0.0009568824972457091,-0.06807797609066403
0.06792744869294615,-0.005849562257167826,-0.005837559768776465,-0.06769773644372895
0.06700492227819442,-0.012583342693661664,-0.01256015805062495,-0.06664251907409699
0.06541541708282116,-0.019178066071987226,-0.019143953038056327,-0.06492420543494964
0.06317613167058315,-0.025568183780651593,-0.025523504696307008,-0.06256127205805805
0.060310716143559755,-0.031690320483598836,-0.031635542432354655,-0.059578592949817814
0.056849023184112224,-0.037483902370615156,-0.03741959230743032,-0.056007178524615855
0.05282679768207369,-0.04289175618852201,-0.042818575081118096,-0.05188385380817277
0.048285308167888605,-0.04786067313224971,-0.047779369175729135,-0.047250879244164386
0.043270923846927864,-0.052341932037354884,-0.05225333301158642,-0.04215551800369564
0.03783464156557132,-0.05629177673298884,-0.0561967815810685,-0.03664955422396872
0.032031567530714164,-0.05967184288214863,-0.059571412595201316,-0.030788767082363735
0.025920359046531057,-0.062449530149461585,-0.062344678050259734,-0.024632366044151123
0.019562631920662217,-0.06459831609097885,-0.06449009761491308,-0.018242392998744153
0.013022339523548442,-0.06609800874921042,-0.06598751082497992,-0.011683097317791505
0.006365129755666232,-0.06693493555453715,-0.06682326569189524,-0.005020290127719165
-0.00034231361483060674,-0.06710206677475425,-0.06699034196860164,0.0016793157165213152
-0.007032938638054096,-0.06659907241123289,-0.06648840797303042,0.008348773339810073
-0.013639995209436692,-0.06543231210679223,-0.06532381053545962,0.014921570557004243
-0.02009770074514602,-0.06361475829983204,-0.06350949830242457,0.021332292908057028
-0.026341894869921608,-0.06116585352518083,-0.06106487929706911,0.027517274411263982
-0.03231067660455984,-0.058111303417579245,-0.05801561428870562,0.03341522956357482
-0.03794501772766273,-0.054482807612465864,-0.054393348161868756,0.03896786031686736
-0.043189346236933594,-0.05031773135420577,-0.05023538209096741,0.04412043202179826
-0.047992094145856215,-0.04565872120810621,-0.045584289910438544,0.04882231265212304
-0.0523062042190213,-0.040553268823781165,-0.04048748262131363,0.053027470000523644
-0.05608959067011894,-0.03505322720800148,-0.0349967254849267,0.05669492196710616
-0.059305549316006644,-0.029214284430359932,-0.029167612618632884,0.05978913553973529
-0.06192311319384552,-0.023095400100054425,-0.02305900442281201,0.0622803705860862
-0.06391735020056905,-0.01675821031314269,-0.016732433528813158,0.06414496513590774
-0.06526959989960815,-0.010266407072872876,-0.010251485260614826,0.06536555942341028
-0.06596764725269201,-0.003685098428460634,-0.0036811588448605603,0.06593125657497695
-0.06600583166858026,0.0029198442421225134,0.0029127842159010903,0.06583771846545187
-0.06538509040951179,0.00948244526462974,0.009464478076777402,0.06508719591573067
-0.06411293605322478,0.01593728342526865,0.01590861021109599,0.06368849306077863
-0.062203368367292594,0.02222014387678547,0.022181072233937726,0.06165686637627584
-0.059676721606437236,0.02826865670052382,0.028219597405889744,0.059013859501344836
-0.056559448886114645,0.034022915777054435,0.03396437848034225,0.05578707563489901
-0.052883845910368786,0.03942607182750362,0.03935865976662234,0.052009889902531366
-0.04868771693279018,0.04442489375756071,0.04434929755023555,0.047721104683926055
-0.04401398640032168,0.04897029276428883,0.04888728333989213,0.0429645514561074
-0.03891026026481175,0.05301780404878219,0.05292822479284257,0.03778864323356768
-0.03342834144175316,0.05652802141100237,0.056432779601924846,0.032245882170665284
-0.02762370434442678,0.059466980482915245,0.059367038108144046,0.026392327331645343
-0.021554933820124352,0.06180648687733144,0.061702850921882414,0.020287028020137023
-0.015283134160050298,0.06352438608694265,0.06341809839196137,0.01399142839300413
-0.008871314141732076,0.06460477255593226,0.06449689934984842,0.007568749359332799
-0.0023837542900806133,0.06503813595880921,0.0649297571657946,0.0010833539792799718
0.004114637291426845,0.06482144335178826,0.06471364178488127,-0.005399897269715501
0.01055897406689564,0.06395815650486611,0.06385200705202651,-0.011816294903562487
0.01688503870183215,0.06245818437107576,0.062354743281701416,-0.01810192603948959
0.023029922723235924,0.06033777129696819,0.06023806567603819,-0.024194310762672804
0.02893265183703979,0.0576193222185412,0.057524339832647244,-0.03003302291796031
0.03453479068976537,0.05433116671337613,0.05424184620970527,-0.03556028916126053
0.03978102107898084,0.050507264386289094,0.05042448602146088,-0.04072156033448262
0.04461968789405755,0.046186854646479605,0.04611143161679137,-0.04546604951613874
0.049003307402339116,0.04141405448306135,0.04134672494145071,-0.04974723144343451
0.05288903288234769,0.036237408357792704,0.036178828195679406,-0.053523298397828274
0.056239073041475,0.03070939480349569,0.030660131268301118,-0.05675756809101977
0.059021059136007914,0.02488589473958875,0.0248464209497605,-0.05941883957520825
0.0612083572314271,0.01882562688845404,0.018796317298960807,-0.06148169372938729
0.06278032259580008,0.012589555993711291,0.01257068285555097,-0.06292673543304816
0.06372249380253729,0.006240279801844407,0.006232010648682396,-0.06374077512594185
0.06402672472553655,-0.0001585990314770812,-0.00015620284634830506,-0.06391694806365052
0.06369125323326763,-0.006543109810885698,-0.006530093514782731,-0.06345477020214893
0.06272070602258001,-0.012849553071906869,-0.012826067808379103,-0.062360130280642787
0.06112603967159181,-0.019015135867014255,-0.018981436975575687,-0.06064521830954121
0.05892441862746487,-0.02497859673381511,-0.02493504099300277,-0.0583283913033349
0.056139031472991256,-0.030680814127681234,-0.030627855991146556,-0.05543397772507494
0.05279884742923556,-0.0360653922788301,-0.036003579143996066,-0.05199202271652388
0.04893831564419204,-0.04107921867098601,-0.04100918522934375,-0.048037976774870685
0.04459701038336681,-0.045672987633804236,-0.045595449361243504,-0.04361233109730564
0.03981922577194334,-0.04980168489044714,-0.049717430744208244,-0.03876020333932341
0.03465352423452516,-0.05342502830166892,-0.05333491269839235,-0.033530878020790085
0.029152243232264872,-0.056507860494605155,-0.056412794650987745,-0.027977306258042678
0.023370965304327612,-0.059020489553277454,-0.05892143227714308,-0.022155569896721815
0.017367956776836255,-0.06093897447394952,-0.060836922498671876,-0.016124315465280148
0.011203580804593237,-0.062245352646333484,-0.062141330605938544,-0.00994416365956003
0.004939690655648546,-0.06292780720586152,-0.06282285735174115,-0.003677100301784954
-0.0013609906657549918,-0.06298077270669047,-0.06287594446892511,0.0026141451098910667
-0.007635498238136476,-0.06240497818388331,-0.062301317681854734,0.008866727033300763
-0.013821254202125939,-0.06120742730003032,-0.06110596690705504,0.015018311418501205
-0.019856691619547485,-0.05940131590018307,-0.05930306396603288,0.021007696884597048
-0.025681866995332515,-0.05700588792311091,-0.056911818757095584,0.026775423349595685
-0.031239055370966603,-0.05404623123026393,-0.053957275443972004,0.03226436206301423
-0.036473322084126916,-0.050553015510508066,-0.05047005081592679,0.0374202811889927
-0.04133306553415196,-0.04656217499246539,-0.04648601754681011,0.04219238134349018
-0.04577052559348894,-0.04211453924181003,-0.04204593562379816,0.04653379579948772
-0.04974225265891159,-0.03725541583256785,-0.03719503572927864,0.050402050438460265
-0.053209532739344666,-0.03203412915411798,-0.03198255883011623,0.053759478937291987
-0.05613876442493484,-0.02650352004510945,-0.026461256657132684,0.056573589135450825
-0.0585017840707712,-0.02071941132702781,-0.02068685813960504,0.058817377023717546
-0.060276136052855846,-0.01474004464036594,-0.014717507188163823,0.06046958532419026
-0.06144528550840397,-0.008625494262189759,-0.008613177495476257,0.06151490419175285
-0.0619987715519511,-0.0024370638020153688,-0.0024350702419306466,0.06194411214930082
-0.061932299556790096,0.0037633281676704047,0.0037549992478160335,0.06175415596881319
-0.06124777170238789,0.009913767391747269,0.009895219752934954,0.06094816882371264
-0.059953255606203106,0.015952961932412933,0.015924401128333612,0.05953542665406199
-0.05806289147672117,0.021820852722559667,0.021782583844471987,0.05753124330372932
-0.05559673883730871,0.027459210593158798,0.0274116350256633,0.054956805598698304
-0.05258056447158851,0.03281221384229933,0.03275582506447043,0.05183895013269407
-0.04904557382441462,0.03782700061969761,0.03776237909534533,0.04820988410454065
-0.04502808865251944,0.04245419066320746,0.04238199787300792,0.04410685310544726
-0.04056917424981304,0.046648371240787065,0.04656934291780858,0.039571759278743956
-0.035714220068957726,0.05036854251895625,0.050283481156405005,0.03465073376199959
-0.030512478018532036,0.05357851799318698,0.05348828470070684,0.02939366777097767
-0.02501656312881636,0.05624727607315178,0.056152781864549396,0.02385370708881486
-0.019281921645622157,0.058349259410949955,0.05734641483194202,0.02101983337798173
