q,q_dot,q_ddot
-0.07179557356619348,0.534719899054224,-10.89210659146766
-0.6344515356527362,-0.1740051284279226,0.5505069234997279
-0.6413380571989558,-0.1318738385067092,0.18604589633505494
-0.04289454045394715,0.8247280687327565,-1.4427635188886927
0.5988662647083479,0.8178473967034677,-0.6477721076069337
0.6895008807265204,-0.6374399054148083,-1.9728233469868057
0.19845605430057944,-1.2329389128990047,-0.19892856328260322
-0.5437232784493371,-0.7666420814439298,-1.2295522228306537
-0.7398277978168295,0.4321858945740864,2.640301896573108
-0.30946635160178365,0.5818529860075172,1.3374139537613383
0.41985017260815366,0.7368055487920396,-0.776354409203869
0.7091708492309873,0.07478529211943585,2.2763027589017217
0.40958810695482917,-0.7694486950270815,-0.3694706922340818
-0.4252796471507494,-0.8625859728119978,3.513263406580032
-0.76264490620239,-0.42481878547867113,3.0682638976639596
-0.3801938590405652,0.5844329803381049,-4.934907404140091
0.1675504573925296,0.3712155899965598,3.6275989952558128
0.7635781777106087,0.17383272964636431,-4.49189752419477
0.5715153356093323,-0.5599521040280161,-0.6870502198506329
-0.14923002427597726,-0.3976300504081881,-1.4473870785492315
-0.7570737532380335,-0.45496016090824654,2.9768155575176714
-0.5799481686847588,0.06846613519545408,-0.4322179081979935
0.059647810064549125,0.7759706373158227,1.2390212371856546
0.6390990415429328,-0.06427484626545854,-0.1767545633211745
0.6689612998769505,-0.18677426515255946,0.5091948627364482
0.060767486896864106,-1.365326855207909,-0.14166001257957
-0.6447309834254902,-0.8788388831373675,2.795930480336354
-0.7350202375934104,0.5454153966860154,0.5327317121908371
-0.19324713314509953,0.6962442085028037,3.69933511978215
0.5892701172687914,0.6189295809871026,-2.1121654804235948
0.7163095575723127,-0.1739871853665842,1.5806808590965644
0.27078565106818403,-0.8365199460880554,-1.5065158552916846
-0.44585189275696785,-0.4459389214480766,-1.9139672396002305
-0.7172101356722532,0.5312749019404978,-0.09812129788496202
-0.3322810915139075,0.9652780877883673,-1.8364965287014978
0.32001305208091174,0.4686207090487171,2.401332224917711
0.7326485276284664,0.42679316008280066,-0.49995945071906495
0.5623170139158711,-0.5415820735858964,-6.443562827007425
-0.2707348141081709,-0.7182959142660509,2.0846866735696667
-0.6103605452252742,-0.1413277008248942,-5.40621222668859
-0.5983936004167225,0.32011606469565357,2.448159150801453
0.07207490423266134,0.6452433945592475,2.1910456930461457
0.6951165310157184,0.49723249049336726,-0.21154996314225516
0.6782988521516011,-0.2134661046856684,-4.064463258249824
-0.12324002339297407,-0.577510351551536,6.419545773869719
-0.6431707957358344,-0.21756222834810213,0.16249706438067363
-0.6313865828891823,0.523898614631616,-2.5173607469885204
-0.04396530236182408,0.9834310575433564,-1.7091031017176983
0.6683751769369846,0.8674000341751176,-3.5949644866093124
0.7181539672499684,-0.19812474272206115,-0.7968086550297989
0.21489078939610023,-0.823779183421411,-1.6116404384850198
-0.47827320986227345,-0.2852608483199853,-0.571362710043772
-0.7323896522154488,0.1454625662860165,2.176227705014664
-0.27732651519373197,0.2828317330994626,1.3051734470792158
0.4188495704243403,0.27755582875738677,0.8677866922471592
0.8084118744948442,-0.0183190770171493,-5.979420781622681
0.37824369620675724,-0.874460512202212,-2.3359950206818207
-0.377596238363983,-0.7114020576133417,1.4829479378186
-0.7961139180917881,0.05232140515006034,2.2102462210992244
-0.3928732802149771,0.5876695434258913,-4.001641804314338
0.26267413061069367,0.35783585554525044,1.5955988026990346
0.7536481717717757,0.2623669104053089,0.9651269680840454
0.5988369486551812,-0.875487160488598,-5.097201661359596
-0.17700761341237153,-1.4873617348058699,0.4193837415500351
-0.6749705622148103,-0.5935139534000511,-0.024791966037296595
-0.6395849755676806,0.5581917178049045,2.0272159734539636
0.07779882596401766,0.6589201971466004,-2.4110812329867644
0.6387339158029894,0.059047607897721455,2.7038882320363005
0.5798708240312835,-0.6737906094832374,3.549986872630054
0.007194199058691848,-0.8199105007860358,3.3244405630743645
-0.6685625314808974,-0.721831036903316,3.5871728665861924
-0.7375911175999852,0.2702127850723851,1.996143317939112
-0.16602311535525968,0.4676224911408256,2.7357140848173622
0.51931443460913,0.16151809888568847,1.4511505028132001
0.7030957908816396,-0.03831483386657897,0.3540141366985023
0.252059959385715,-0.8375058372375346,-0.09039613010410119
-0.43328312375586814,-0.4930563683291858,-2.04830973712254
-0.7299315228316576,-0.03683715709033697,-2.1344844969943435
-0.33153830214326313,0.7489900805350127,-1.4710578097086102
0.3809563284618283,0.8279748377863557,-1.899504159457724
0.717245376875185,-0.010445652850273879,1.9135226185140657
0.4502202165763232,-0.5786901850096898,-1.822167407876524
-0.22871367575133608,-0.630440079404003,-0.4010422874016739
-0.718204979052589,0.0747235913264177,2.070083337487691
-0.5098329202162216,0.20450977037952178,-1.0234484361805707
0.14364324362028602,0.5576765218179658,0.2225377400366224
0.7242833078144397,0.29259857013489765,-5.533763303144017
0.6131259692249855,-0.8804113031181876,-2.072749277072349
-0.07679537256091697,-0.9654167385992769,0.4721270284655271
-0.7470533052495397,-0.19505743828964306,1.715967075836783
-0.691151707569394,0.32028487057172206,2.0917644907725386
-0.060304940543464684,0.7914488780792447,1.445012032133477
0.6371883588908669,0.5230164897327044,-1.9391694540357942
0.6973846495689133,-0.018866125359420227,-0.062185387172700446
0.15166369354238005,-0.8197900972662259,1.990915762050357
-0.49262994055468873,-0.6716078952177601,-1.4231807016645674
-0.7667336772107729,-0.07051786655489667,2.1140842810907006
-0.2717100274292631,0.503105037730954,1.9639705200475537
0.46496437112905636,0.4295712324604542,-2.2003693158143824
0.741923654334697,-0.13680139429668392,0.8874403366283536
0.36506591809988737,-0.5719837158078391,0.896447104616111
-0.40218199716882846,-0.29080933184889607,0.8932001278918561
-0.7861978001557768,0.03051132939735579,2.896786380784933
-0.4489708784754124,0.3074554920364969,-2.58124191314485
0.2934906795448777,0.5590854622043612,0.42950260272180407
0.7153547088352673,0.4129600523095506,0.5912990812851652
0.5777286649092488,-0.7089155548371059,-4.620719597418209
-0.18957897727765263,-0.3960578698996438,1.662883694100418
-0.7364131745402653,-0.4235328134369343,3.3161300548757744
-0.5706562448054222,0.7614975257372225,-1.7325318809587409
0.04726073603769094,0.44036225431343373,3.369511041977625
0.6954930781207045,0.5100701587982492,-1.0235478412467498
0.6738730738841401,-0.0504161246092405,-1.1701885828305476
0.0029717404731344904,-0.4466334025283878,2.835410889900106
-0.5762818851691766,-0.24665884874026045,-0.20323602876894373
-0.6211513734018473,0.14335959618830663,-4.2395396121875235
-0.18810232193599735,0.6887173728734156,2.4063504747016053
0.518082991547276,0.5969205559005175,-0.40892818887125815
0.7648856875167491,0.06447803118584616,-3.04777109685886
0.28397338049250653,-0.5851303821327488,-1.1899539629108924
-0.4528885800280793,-0.5869762051919177,-0.12341500944667544
-0.7656611630744632,-0.11683381007510651,-1.479993568867003
-0.3731463225282209,0.5351303829349959,0.9720809526757457
0.41691595266895765,0.34483512587224957,-1.8593010408544923
0.7435926852240097,-0.02126267939413784,-0.011045140709131512
0.4345054139098131,-0.34022755796185356,-2.4627665096931866
-0.29217669253362477,-0.8986260313815176,0.6164250805705052
-0.6949458947612093,-0.4457858965768535,-1.046996519396695
-0.5057143503572505,0.6231560183073955,-2.4246141263451473
0.15431088032775286,0.9981475953021329,1.4938246319286785
0.6479770879806799,0.41065099856885723,3.2792997408835234
0.5995180966792204,-0.7949799149388515,-0.36248112674687555
-0.08066003142467242,-0.49057664995192884,0.21402029028440017
-0.6784473431574907,-0.6029002950895779,1.7975053865619794
-0.7136791513721286,0.06653659419975255,3.812902331641781
-0.044016393828404304,1.0349576029317054,0.5223458908586592
0.619978720469851,0.7604013459454673,-1.9003248643935156
0.6773423815496489,-0.6578620187940004,1.7833338591760008
0.12163747510967104,-1.0514854044532613,0.5351330442214469
-0.5718892912436275,-0.6945850161195422,1.232145067358346
-0.7322476586935964,0.07661691212547672,0.13727846884807077
-0.20258182733868718,0.49564562508185567,-2.584531733083782
0.47965340518665806,0.3741794112152308,1.764728252728825
0.6867488285548666,-0.35065736082491195,1.855063810873273
0.3216454298775302,-0.41641210347576646,0.1096089007972667
-0.3809955153484277,-0.5808473777890266,2.005378444811568
-0.7465549817411403,-0.10817799235106174,-0.5604861278179135
-0.43107150587639437,0.787933064204755,-1.2210980063836652
0.32505395953460964,0.5569935673751881,-1.5164284363883167
0.6432927694658167,0.04995148638885227,4.85716092850766
0.5469404234260273,-0.3056925145073827,-1.2619284996860591
-0.20605718819082922,-0.7531939333225585,0.4748153169381275
-0.7056882647435384,-0.3473363768181209,0.680092189193904
-0.5464334433499203,1.0323859582701505,0.5062821189857419
0.06966833034664857,0.49854717415674243,-2.057637227085432
0.6760427200759282,0.21891419422359337,-0.02641910732365499
0.6802298461467089,-0.6578463564153658,-1.5735609153986199
0.020458736078486042,-0.9789289227190368,0.6459665022931743
-0.6476566922619768,-0.3254905019993115,-1.314075866878709
-0.6862487746241988,0.4329178441529469,0.730399865887002
-0.13305615831198736,0.5319332752504746,0.8288749884049268
0.5025826847169026,0.4156655523423236,1.243809580407407
0.7730800193705843,-0.2884150359309773,-2.3853630571871265
0.23364344193635217,-0.635662861164604,-2.87096253510456
-0.5026674891202011,-0.6705482653020012,0.5282474447805896
-0.7374815607646859,0.012492539820809778,-1.5357132040596855
-0.30038438914140986,0.7724936735121035,-1.0052961096035677
0.3682689697568942,0.513855847426497,-1.6308364884282922
0.8028132418250202,-0.4144738855386165,-3.8527729768594985
0.41419421671135104,-0.05658847813562018,0.4708134849144663
-0.30099461360263646,-0.7747688023528648,1.7379698134058352
-0.769340294225544,-0.32251140237699205,1.7135258618362965
-0.5301613612192466,0.28139208812257455,1.228039035498869
0.18324747286740123,1.0164842064508264,1.5320599944846702
0.7639317564428564,0.6577410072861306,-1.818485656987246
0.6270338274955551,-0.5547961048474181,-4.3654888399050655
-0.10985032498850064,-0.6265336236077446,2.556462423902493
-0.6776771763796942,-0.243497659810612,-4.233765663629862
-0.6512389219813355,0.26155873190232937,3.096049001992968
-0.09780867429090859,0.6080437198832956,4.159632897852139
0.5894935708610337,0.8219643736295607,2.485920487179513
0.6165563799876488,-0.1460047415048421,1.5873173553073632
0.07155923951913641,-0.7249159758103686,3.251349453040868
-0.6139926087032419,-0.5173944901320698,1.264664648169882
-0.6972524155083768,-0.13567868741029832,-0.2316518334981811
-0.2809801156380212,0.9080925090514302,1.6652865572964497
0.49111084713188513,-0.07228404742364636,-2.491099852807601
0.7774011553342687,-0.2740067146391856,-0.31028613428143753
0.306794832835599,-0.6052677718807975,-0.8133053445075827
-0.3948445385042756,-0.8596212397166788,1.555167206840618
-0.7365302597969831,-0.2312345940670124,-1.1547125723206098
-0.3601288583805326,0.7837763833557773,-3.558172623818351
0.2869383962698766,0.0846411277231951,3.242093133580727
0.7033332288677328,0.18273214029523477,0.332267618989207
0.4931410208246651,-0.13673433970015358,-3.09177789900033
-0.15987140994677473,-0.9526494255129608,-2.526692248524527
-0.7367486815184676,0.06870282024791674,-0.2525250536050042
-0.6166448698440244,0.908439231028334,2.5964331192058907
0.14230018192864521,1.1374553907702951,-3.347083616606646
0.6452540609704122,0.5774171483027807,2.530727932730351
0.582551916552892,-0.9140891119997019,1.7098715910039675
-0.023583155840498162,-0.6317667799067251,0.5680046232498187
-0.5966595170208105,-0.641503013332046,-2.7310053255556803
-0.6501159286466272,0.7858118481926674,-3.218771541515167
-0.10275493310398254,0.7731911014715778,0.061618094382006605
0.5923160310431649,0.3202872585151767,-0.9246477126167085
0.6689087672112998,-0.39060850844641837,1.4276418982956398
0.20604576963977647,-0.4419624463778696,-1.6158463760015422
-0.5512779447636139,-0.619048605585751,2.3939483140794033
-0.7546206033613575,0.06041389903296723,0.974416479788684
-0.3328119076421689,1.124264858326522,0.43884470880516613
0.41003064610524015,0.9111986992699702,-1.055054622327663
0.7328987724982969,-0.4591858372102525,0.503625540916913
0.5045627314895622,-0.47889622378976954,-5.148432839051962
-0.32067747761816756,-0.2141711260408813,0.22929978108472193
-0.6785943742143106,-0.12829347193715868,-1.8584308338922189
-0.5743296853516352,0.43224097445920345,5.208883754609391
0.21991178856315224,0.3701099868695599,0.7027244972239988
0.7466054156289548,0.23030445160310886,-0.1945859392226884
0.6566097804106444,-0.34514216414478993,-4.674257133342978
-0.08800052091028672,-0.09577543883189613,-1.3639937428015039
-0.6458692720349322,-0.16660331933123274,-3.9495544977152997
-0.6514247600154219,-0.15078451140647153,0.5918022440737644
-0.021468221900407283,1.3771481787204833,2.8036650820881928
0.6199506756251839,0.6182803455440489,2.022401096715129
0.6830430011157321,0.016167497196781788,1.2239554822587515
0.142301578441437,-1.145030263013287,-1.2084694491829597
-0.5827677331790737,-0.6769022324487795,-0.17542993955834862
-0.7668465882174926,-0.011033011627321065,2.325233123286167
-0.2573505994328465,0.41798768263984193,1.0396266423437743
0.487524728548138,0.8850573919743528,1.25128232950109
0.8212867481536417,-0.720602642270492,-2.916319041534693
0.27651326564377937,-0.8134711078898349,1.3730291135976724
-0.4913195946568162,-0.5287035980438223,4.459877282241565
-0.7564906914494901,-0.28447512569245825,1.827593198249478
-0.4990899808707626,1.2151240088971345,5.868929955784119
0.3108370043370852,0.8651665357170626,-1.0145827770487064
0.7638917166186686,0.3878985331306861,-0.9281932116383923
0.4145536378708601,-0.23807420012866898,4.904221767366188
-0.23756113324933226,-0.9971678898663333,0.24655574594523055
-0.766417987081516,0.023418536149831803,5.6241758495229455
-0.5452957927171908,0.5537417168777359,0.5669193098429487
0.07454738289973253,1.2379718633990429,1.2489691072243214
0.7166959251632511,-0.3078078274792623,-4.317410678310941
0.6408950245939431,-0.6918329511335713,-0.8074091439971095
0.029928621283314697,-0.6425836194249155,-4.002236404863757
-0.6257695846939995,-0.010703794557190838,0.5470904726352477
-0.7047953161934761,0.874115799342759,2.9196933130652196
-0.1272822839231557,0.8673197931504578,2.0660352783168974
0.57430195890809,0.5463952559489249,-2.1735792248874928
0.7542590918139481,-0.4743247349319596,-2.687957618059456
0.30031024413601987,-0.7959453251624511,-4.744457507855888
-0.5900958545520324,-1.0864973070293755,6.307496801924018
-0.7110714958450342,-0.2553420292698755,-3.2605969869178497
-0.2912673160408211,0.9022314967708741,0.27087015897080235
0.38571071298488896,0.5312631549541882,-1.172676537635438
0.7286943716626039,-0.018233579648129217,0.8521963011086432
0.3833281526356621,-0.7348380184817224,0.2373307951514264
-0.3263721797647951,-0.3186789596975645,-2.1280261314630278
-0.6947953607056592,0.07525074107307128,-1.5001266461896317
-0.4532113038016584,0.8000084348071997,-1.3660380225812034
0.20328239698158146,0.6172338211402995,1.1430690315922354
0.7146928812264712,-0.1910846537585753,1.3745348395340196
0.5735192161382976,-0.8893740540724587,-0.10042590987426048
-0.11678153236941323,-0.4321901697417986,1.3150218566631555
-0.7180842025790953,-0.5935359328936379,2.048936410601857
-0.5497523795807209,0.606211358362348,-2.060392132950498
0.008125591315928101,0.44448624077526355,-1.815641427307242
0.5823994569920886,0.7199054266801452,2.4308557943290596
0.6798239161422792,-0.60276790119412,-3.240552010674953
0.12965749316684494,-0.3855610543930224,-1.3951813802654904
-0.5443661935823572,-0.34641041648886595,-3.8259723637540386
-0.731757883307621,0.12330651643756518,-0.6649997261623855
-0.2538142464369983,1.008146372804362,5.596566597682667
0.5470594917798138,0.5877603971400877,-2.247032639644011
0.7349396652037904,-0.8482197797235569,1.1399791836810613
0.36114873829984645,-0.60130908055885,-3.24499155314101
-0.4215230656852996,-0.8713561591028129,1.025630639418031
-0.7328308787851828,-0.15984546438138736,-3.032097905652736
-0.43896778281631005,0.8252875532112671,1.6749280870906635
0.34804698122338873,1.0066257424974923,-0.3852729323786186
0.757179483390047,-0.19964184102274352,-1.042724862573186
0.4543927083316457,-0.6423385293359959,3.3733470063994844
-0.24794062107059509,-0.5793012285553023,-0.9370632311849503
-0.7226028072200672,0.056536073176453594,-1.5215110758627526
-0.5773949408977845,0.08842726770421527,1.1177472543670575
0.09119278553390602,0.6432068872853294,-1.3943502504299643
0.7388088158414473,0.46036923433892374,-4.789018122494515
0.6398535543879328,-0.30334343678246556,-1.1509044258956496
-0.02102486209360071,-0.35490961828680423,-0.35789875990186737
-0.6716673192233239,-0.743872725992214,-1.2683997461145347
-0.656815327794648,-0.024056279546799675,-0.8106917810376144
-0.15877305983255385,0.467651857797343,2.252361605071268
0.6314135419095144,0.26982571864797134,-2.571386896538854
0.7505404498343414,0.46391147549720013,-1.5655898449244838
0.21415352830637752,-0.9005335653515861,-1.6629809660544663
-0.4869813216132836,-1.4194492043394302,-1.269574129119947
-0.8392600607189301,-0.20633469597147513,4.3531385299551815
-0.29657291751186315,0.6522535126681502,2.3728185977920058
0.49037572539240537,0.83860326267508,-3.5215356987940325
0.7179859624895162,-0.10467724786929533,2.13804610071332
0.3745916282740564,-0.5854918532541405,1.5182554645084856
-0.36168055005645344,-1.059218830484115,2.9681152592207987
-0.7845308310639368,-0.1103131799982271,4.158434884414592
-0.46167606260359256,0.561773974931761,-3.0605807456461984
0.28105423788864947,1.022830781102777,-4.184588552217456
0.8018275127465255,0.050647618337690825,-4.520456947783131
0.5906240774520075,-0.4627744067378875,-0.8540248597400776
-0.04068439884667162,-0.9489301498736369,-1.7673201682651734
-0.6856727348605343,0.02365276856644949,2.7408592317893
-0.6163215464499662,0.6912842298853811,1.0757133153252767
0.041773817019078424,0.6764587564902459,-3.6842987436672767
0.6505602141099224,0.28376788804965913,-1.7550106771603713
0.6822204871438656,-0.7531630702848957,-2.188434443689927
1.143875047301332,-1.505751411883809,1.7890384897552725
0.2779958036577703,-1.1570065843576494,-1.697322132829761
-0.8231898440775186,-1.2453509216689906,1.206814748888521
-1.1607540077777274,0.20676235385721498,5.254564513369699
-0.40763087562826283,0.628867178945848,1.6165267032229502
0.6363900292536477,0.49615118425890614,0.9364729498956648
1.0750029559471337,-0.38480801151151045,0.2864133812937644
0.544242559845359,-1.1383710727959957,-1.299267565050564
-0.5799709197304761,-1.272341243661285,1.8588939492981882
-1.1215752520193338,0.055556528727880305,2.176499608848471
-0.6788306002944391,1.2641019176751578,-0.7243881282458242
0.3274253667266973,1.5216913284302174,2.553684588989656
1.2211404424020276,0.325012748344794,-5.628451111623863
0.817699158215085,-0.6726745243955212,-1.4919046474991349
-0.2941571592413128,-1.5336585991786083,3.7718557793289356
-1.1142378994963436,-0.12775882906584046,1.2087282557408103
-0.8740008207779999,0.5422318847516955,0.416456915203795
0.11141027032266994,0.8703673389240365,-1.5029775721531207
1.032135424014305,0.04731688783878585,-4.992875453377237
0.9423705806901417,-0.3462892304103732,-0.42862062753509234
0.04890304031364173,-1.2586709333190167,0.9036569820500179
-0.9397541701736898,-0.9372657974231641,1.9562379794993017
-1.0549622206651674,0.6200598835381865,3.377931255944068
-0.25781512987648464,1.3150873439775184,3.5904590557612015
0.8260736671883766,0.45605662879247666,0.1588404731036186
1.1725770231242791,-0.10335880490601523,-3.142594901188905
0.4017572640822793,-1.5444038324687384,-1.1837450686224709
-0.7206255847745314,-0.8646429713540482,1.4841127118605602
-1.1975552884883713,0.04695358086613255,3.8251229425966327
-0.4518852050043138,1.494273391898836,-3.9653677602351145
0.5459625510783598,1.172450586354146,1.3716926378605698
1.0828757217160399,0.17795893874443358,2.2233821027274283
0.7138772099976052,-0.938440860853782,-2.742678371462055
-0.3957520987150603,-1.5856438410095197,-0.35889802768430457
-1.1771792442079319,-0.11798534282052131,1.2472047279023128
-0.8065638017320799,1.1602328804517081,1.6045880211102894
0.20233454547477076,1.1541441738877234,2.876827297828135
1.0744092558094624,0.35098551504197717,-2.3918818250165566
0.9253303183554542,-0.5682375752644403,-2.595082941711475
-0.13263727029324168,-1.134061023353918,0.7637518750050465
-1.0474276925255177,-0.5302511730561876,1.6969075085664036
-0.9820239850428722,0.20803369518224202,1.4046710507852338
-0.06939702655486793,1.1937488700300463,1.620219225344393
0.923013765818379,0.45308297584735313,-1.3325932297641534
1.0837114688782994,-0.1071587431608978,-3.7712614858828775
0.2422084783069503,-1.0399178722558835,-1.5291815620462257
-0.8281571156000169,-0.5092863823259225,0.17784193499398027
-1.0695605944544586,-0.14333415750106493,3.5022024800855767
-0.3582280341736976,0.8767966904818993,0.41246675454292725
0.7206437190762566,0.23426052257031982,-0.4994679671810859
1.2312784437833595,0.1334097866755668,-6.500629352674876
0.539871861049135,-0.9454452106475625,-0.7457172585169147
-0.47046810816782964,-0.9578349072379296,-5.71760892856872
-1.1368326014183605,-0.1339831908220268,2.3103728731466386
-0.6537573633626549,1.3072598883548072,2.494891411315766
0.42465270053885507,1.1490106225018477,0.03284787316351623
1.0848720023551468,-0.15819699666730136,-0.4935707255588065
0.7763886926200009,-1.1010757890260725,0.2233540253487709
-0.309754026296378,-1.297481397122359,2.7960537822175566
-1.0373932349305974,-0.19221286913827296,-1.2351761353804662
-0.835387538707417,0.926833835157867,0.36842159237836847
0.08008593158865716,1.2698102932745452,1.018061059106371
1.001082182209636,0.29323609710581955,-1.2214282751449008
1.0024803808086193,-0.6525401430501354,-0.8403886634121782
0.03070337259803536,-1.512429198566957,1.1784280208113207
-0.9458160005633951,-0.8773047375513204,2.5295386729411926
-1.0894222791611967,-0.13432484018046753,2.0903461130434375
-0.25918699977246507,0.9603523358899491,4.455283518269672
0.8372074813744657,0.2469651006785395,-3.5802803544583965
1.1219759610874283,0.009570001973893127,0.3002592834597412
0.417412413350031,-0.8860269077958074,-3.1076690937674143
-0.6703719612905528,-0.961762814543563,0.7842633409475203
-1.0822315374350853,0.22428077374137656,-3.7277898326103287
-0.4917643920526144,1.2692803453084684,-0.22321577510839685
0.56598200148007,0.9281747661230572,1.8669348896563287
1.1031929752374743,0.06211675180233689,-1.3129902820591237
0.6374810638637601,-0.7587489120072111,-1.0300717953858707
-0.40557441082841345,-0.900600415165326,2.0829182902055425
-1.1598533724852234,0.1896891659457145,3.8240613970379176
-0.7195203892115865,0.6518115296011034,-1.0040395558564046
0.31060025839975647,0.9813204760111519,-1.4418227704849962
1.0817301674249162,-0.2194783073422868,-1.9951700150279594
0.8990184550321287,-0.960571766594191,-2.5894118642191333
-0.08110425591503563,-0.9709388025968982,-1.6897225324272258
-0.9795099721792447,-0.6817330611199923,0.4195250799142572
-0.9080833596099693,0.17188714999709087,-2.872021879808093
0.049798794195580254,1.1546291343777413,-5.1490385023466745
0.9674265825028915,0.7038788949453817,-3.429013152936937
1.0714719253028178,-0.36173264669765726,-2.1486768397621154
0.18054445092777593,-0.838172044833897,3.8215237160811975
-0.8323414071852919,-0.8380484697136825,1.781542579896318
-1.1047135257052045,0.4208868776613117,3.1064866639471003
-0.39566574257163717,1.3461932145641158,1.1429231500806492
0.7067726958322879,0.6843242223316442,-3.2101159573938154
1.1167787474612962,0.32898048065617247,-2.1095098019501886
0.5786745218060994,-0.9478666347635036,-4.881014878665942
-0.5111979408653858,-0.6179249058875297,-2.3096899506837563
-1.174442065845568,-0.36818913744010695,4.987658836953619
-0.6652012620475406,1.2452615339845952,2.5476328577695173
0.45537144842798427,0.8174133196092237,-2.6550950285761368
1.087799152092256,0.536275050189764,0.5084894411601423
0.7334344124938931,-0.6306065297226943,2.896096135020999
-0.3236102671648551,-0.8329715286309006,1.3642659270029478
-1.0405545781160002,-0.07237565868739027,-1.0917404404796738
-0.8604152766165059,0.7916165364516903,-0.5602904819883398
0.15786359823423798,1.5848636196252948,0.07739760260356832
0.9697997979785866,0.8181849728656077,-0.3469276420503875
0.9869478971927357,-0.6141811718746704,-0.802772607733418
0.00507882814163689,-1.1288083928661097,-0.4803538432190524
-0.9842011652177138,-0.7597438422224273,5.146947176716566
-1.0591233909651463,-0.32082104408104717,2.6803858058261167
-0.1900939872695611,0.9032992426561061,1.041556716538411
0.8160711074949482,0.9643896829501897,2.3374693887882656
1.0564420048424488,-0.44795149977711834,-0.4537434169465812
0.28668269764438375,-1.47702729459167,2.990970527491841
-0.7006369338689222,-0.8391353258849898,1.2671909204921143
-1.0614998298655618,-0.028681147263018847,-2.2550702663046986
-0.5923982061886502,1.0148711233546392,5.081426460162731
0.5340615097951665,0.6679953297145486,4.5088499001269975
1.0990242327069766,0.27055973933998834,0.03865565601391924
0.6002020401278616,-0.6334143934591113,-0.7281660045765775
-0.4078754844304825,-0.7709193667570626,-0.48769728629711906
-1.1495112355228116,0.01296439047965725,2.825756664894408
-0.761221966530679,1.0396517486612837,0.40713401448973285
0.24230408610086965,0.7830841144015795,2.8193083926470552
1.034425539192967,0.6486720163469684,-1.497901919542738
0.8932826311381415,-0.06581258893472441,-0.7610704170711252
-0.15610966875474588,-1.228369741530804,0.6887794995388941
-1.058212504500224,-0.850975538250654,1.5426045765008172
-1.0308438882899456,1.065746884859694,5.138806332941701
-0.0443044180432514,1.1326000950710708,2.3729424273548965
0.9119622147315729,0.931750250267051,0.24780428766011886
0.9938048354860539,-0.4090966227154813,2.6709068432649086
0.14757959135194607,-1.1488356431391626,2.4270603800940327
-0.8777459344138187,-1.0621469773388874,1.8379332754858708
-1.0216587016871403,-0.04302938540523993,-2.730215173204631
-0.31482200958164935,1.010719730196034,-1.1199991077655025
0.7978129035233558,0.6029338607509949,-5.921045550029547
1.0824419349994021,0.17830518149450025,1.165718033581675
0.5230841194085922,-1.0484343070906192,-3.5038505035499115
-0.5422741556410683,-0.7939711405584023,-0.7316752651762365
-1.126443661875814,-0.639160471107596,3.266596155128821
-0.6341383096285603,0.7756256922197713,0.49493924343936346
0.46517683558955786,1.3047896452934165,-1.716483809649702
1.150107599092027,0.4283727373993107,-6.255492986786739
0.757855809750451,-0.6891367404612692,0.18044091194976963
-0.3261010616571557,-0.9157051400976712,4.024136628924224
-1.0756258307832511,-0.17857000213939433,1.5020460323964369
-0.8259916589884317,0.7731561854176172,-2.1177698314553295
0.1450798997063654,1.3271862636730436,0.220698314112594
1.0933327554961538,0.1429626721311017,-3.624887212085174
0.9707329007727474,-0.8198989961941233,-2.3923942971120313
0.002301732657132592,-1.1321342140062902,2.9461254545964812
-0.9971932260717566,-1.0285518139456922,3.0911824350547468
-1.058020623607345,-0.16842183120934773,3.9628652925617747
-0.16788205969203393,1.0577273491131203,0.9449321548413814
0.8715460259742945,0.5858702228632928,-0.6893396708680749
1.0604936090912416,-0.2678661222750567,-1.775809765217749
0.35268036984742723,-1.2679194878866455,-3.2917836860370673
-0.7878175925928753,-0.66540270382281,4.899939520096363
-1.0797375979999497,0.09428348309990287,-1.046491281203632
-0.4891527915764861,1.0187282159858226,0.7671077933847736
0.6097857127068417,0.48948923923448684,0.8649998488258193
1.1168239118430185,-0.2014050069590756,0.11103416475398684
0.6117937055576775,-0.8475290422972576,-0.9562113616532947
-0.43869305146058035,-1.002870891006548,0.2109215284684729
-1.0715435641874111,-0.2035594143060393,0.0653111909886872
-0.7401562595674195,0.43677171889186517,1.2792751504820854
0.3107133023898621,1.3294484201152716,2.3164553119279465
1.0714355099900101,0.3128642395951853,-1.0655715692750483
0.8480335100868741,-0.6287002818052534,-0.1151237973410496
-0.2141515793779552,-1.6518226030423855,2.0136715041017244
-1.0130840473836797,-0.8483210489305221,0.9893872591098137
-0.8712594708827375,0.5875414256764377,-2.65571744246993
0.03796214193221853,0.9034305610129031,-1.2276625511516903
0.982941182261099,0.5220809215150257,0.151463435269783
1.0382783280036512,-0.8377685451926087,-2.6584404642141357
0.13792285292220208,-1.2334491249532302,2.002198507248386
-0.8158711404933773,-0.2180766487882818,0.16621434235958632
-1.0268993112454454,0.8455459298610191,-4.084784069786395
-0.3036936509425239,1.2984415376894194,-2.6281821373153114
0.7115699162302962,0.9078382241187771,0.3097376863663903
1.1273645214977528,-0.11759515995989123,0.5774430750266955
0.5116308583279876,-0.7782718198315486,-2.5077792761297872
-0.6289935642308842,-0.9623916560239298,3.677400830921663
-1.1106315872496286,0.23410325502887797,-2.81758035375993
-0.6523259338054461,0.7827061633489185,1.3319061151683742
0.43334604446126346,0.45381133435441867,1.1706784665808623
1.1582763798985827,-0.005585909934744393,-1.3176573809134455
0.7301186940510177,-1.1821625846228112,0.7301239931748027
-0.35558644817389884,-1.5987048180784946,1.854465914217518
-1.022257327188266,-0.5948022581529167,-3.0796331560481347
-0.8591722034910647,0.8235625603436297,3.394437874368801
0.1501747990052758,0.5802628622091713,-0.9825985595500453
1.029947919341851,0.34577639330236054,0.1379273766576422
0.9591617534658684,-1.1419830114477207,0.8836778681565105
-0.021840520593317078,-1.187414282045841,3.0871269775330683
-0.9097078281898336,-0.8086602116088243,-1.4908384855391177
-1.0371196544779206,0.862173308780182,3.485066597512174
-0.16182845251856015,1.521007256088053,0.14665601541740347
0.8720639515070815,0.8007637623944958,0.17188421885465877
1.1026667082500314,-0.30415868152951386,-2.0123797319274783
0.2882489125984681,-1.6328178918919478,0.08574858453680112
-0.7499642854606183,-0.7148221857999126,-0.7532910299780449
-1.053704166885223,0.07496999050029207,-0.8352371500256751
-0.41479777347418034,0.9672316385418844,-2.4999019540551823
0.6249759661080843,0.7629469482605261,1.1319897471582352
1.1259012022753596,-0.16662007044398686,0.20814484119449006
0.6160494406435096,-1.0049366777275641,-0.7690179707520151
-0.48881766604469307,-1.114631305644281,2.3758658788029052
-1.1228560886047645,-0.31756561861156274,2.75050990563468
-0.668308299559188,1.1324438961126442,-2.1263795616419756
0.30216793630857763,1.1884873349069098,2.996485038711912
1.0645521087744827,-0.1611737828473625,-0.5778437953217308
0.8234021658847567,-0.9828123679681505,1.309052810952055
-0.1294240737462397,-1.0041553458856682,-1.7315616592697403
-1.0342996968603086,-0.4402720274294136,-0.5815304804295982
-0.9399807480159158,0.5933097831914713,3.3615965836556305
0.020941980627025417,1.024075522639019,-0.18012807303430023
0.9834950561435069,0.7108801827938005,-3.7402317254121855
0.9525611813046709,-0.106144904127361,1.1706314311615007
0.0344184739777985,-0.5486302214016522,3.252701587090137
-0.9142166683801983,-0.9249878676507967,1.770096145352083
-1.1098300655775875,0.7433292986594092,2.9071217839891696
-0.2855863176290643,1.0048534150929955,1.4380714183368326
0.7190681703362851,0.7507102378893116,3.807805040914292
1.1643018725912633,-0.05676935202735933,-2.481888466272381
0.5110294296925032,-1.093207704379539,-5.698725558809612
-0.6182658055064838,-0.5981950673408143,1.8457022908424614
-1.1187541503265095,0.2865012091362995,-0.25345224535197053
-0.5266341617885444,1.0898319947832829,-4.481042379732718
0.47239041659657843,1.3102635434264593,2.363590953505526
1.113785539122542,-0.11671179365523976,1.4315770470542548
0.7740697765663911,-1.0992152895313383,-3.6019923519965635
-0.3955230972113608,-1.2703665058280444,3.533463274913407
-1.0854935798926306,-0.7489838259649406,-0.12072393037101364
-0.8407947338875067,0.5563191465106859,-0.14262970396475005
0.23902418527210398,1.3356723098022016,-2.3413341934415115
1.1545945707224148,0.48720407232631435,-6.620347210216247
0.9556241958426421,-0.6473519932036681,-2.7613710753360174
-0.027570181548157775,-0.9395995357993389,-0.5514834132395119
-0.947116130986342,-0.1787749261086674,1.1310874153807997
-0.988554678617459,0.24837882859184202,1.9452074123183818
-0.13038303743454463,1.3838966202551868,-0.21191738544568517
0.9020436069732397,0.38489779354799636,-4.562334136164877
1.115135183245108,-0.28178258886131735,-4.129387197453724
0.24272231335868055,-1.5850248175942083,0.44764890114734723
-0.666049500887292,-0.9001785880344215,-5.523016666949181
-1.1225426841623645,0.47986411236531246,0.36148708333350654
-0.4601549433593659,0.7775985777609867,2.690999761555426
0.5998932289188498,0.9569262742323614,3.937893901458375
1.0704015265743498,0.25519178415851385,3.030306829589674
0.684973884119183,-0.970280763258737,-5.529607162802918
-0.4834690710296942,-0.8861966211744701,-0.2279066389161566
-1.1032154860403252,-0.29169942956050243,-0.13084020648769207
-0.6990491087048429,0.9724346510402565,-0.11259808990812525
0.40721226966382845,0.7910192538874866,-4.023400603307026
1.1552986563879462,0.21650442326345165,-2.597868876229148
0.7383672946756881,-0.643701632757111,6.834573600641263
-0.19019495402505324,-1.332081935322461,-0.8570373087450073
-1.0617013194368248,-0.7538899631606238,1.9367315545313848
-0.988523257463646,1.1530340109925334,3.634636941731637
0.0201743808359342,1.1164270450714724,2.102668171136855
0.9853696327080391,0.4205114008761962,-4.04502267726174
0.9832896319322781,-0.30827306081669503,3.7256404808431514
0.12500509600424714,-1.3410604269469895,-3.195354826104092
-0.9146514426017228,-0.32162521426673196,2.881416866005605
-1.0103055676435722,1.0420628037772817,-4.354127991263046
-0.3573274639895959,0.49964301599470295,6.052526756452271
0.7607762059213601,0.9050587231222113,0.8793147651660033
1.1261507699862043,-0.01801697664413293,-1.1735258506889674
0.4277787611492278,-0.43966796723826806,-0.7281394350317683
-0.6165248697895075,-0.7446139208096403,-0.5094565653003502
-1.102948658390783,0.1946370068053993,0.545840559710831
-0.5268993192895255,0.6619612976131312,-2.4939859387756256
0.4817769274482073,1.0506790867583844,4.452162630303234
1.1355336608518583,0.09712531492282239,-1.927207245848051
0.7392857634199429,-0.5444059818144292,-3.8877638130231795
-0.35654631017634514,-0.712513772164944,-0.7768512852631099
-1.1433528536890052,-0.16145472053374132,5.514829539052508
-0.8913967604482429,0.7251999942241211,4.155311288735703
0.1833382644345057,1.4737357483131064,3.4889857235364934
1.0829175263666486,0.15279778374828856,-3.182614883267657
0.9620883688396308,-0.2794959267190311,-3.2496241092306155
-0.04088760101213869,-0.9825945064203523,-0.13417589176962785
-1.031089755155782,-0.5431027635184227,3.2837573108058082
-1.0539663247531497,0.26934926586181296,2.529195512936817
-0.0797541613859537,0.957314349656669,-1.709107380964388
0.8811029843342586,0.38697426170184956,1.3095917205296626
1.1398716057694285,-0.5794416740219732,-5.792868055072278
0.32883314856022505,-0.8785681366137976,-4.682145346219313
-0.8130868329024804,-0.712130383895288,0.8744085814547964
-1.0808979678182666,0.2980358597280308,-0.9067837934467471
-0.465349455597223,0.9816395813643636,4.139717169886183
0.6314144087651191,1.2147955333175025,0.49654449446653537
1.1340802173315927,-0.12487607264520584,-0.7940224109633082
0.6191781616254817,-0.5985506188947687,-3.0267661456955097
-0.4903163778491298,-0.7448777821655045,-0.08853212638269825
-1.1453909559774647,0.038154764195683644,0.6400195940338974
-0.7761347490903929,0.8602715847135678,4.780793902785919
0.33860299320735987,0.9412244233372746,4.1289068531939614
1.1018078072756812,0.20708929457281977,-2.34064367857754
0.7732790261023094,-0.787942792841318,0.06708376128168936
-0.24638093319580232,-0.9689765532534952,2.2040635373170234
-1.0342544226881139,-0.2531594011891636,-1.5131148368168312
-0.9731769755648974,1.0420461224593902,2.504591219229871
0.034092569855947254,1.198294442548917,3.0435774928249124
0.9796469634250922,0.661524561589798,-0.8952346454143234
1.0064202242934264,-0.5459639546640727,-2.0073514978659834
0.09096554364002446,-1.2766547612133083,0.8484441593772696
-0.9115420979318962,-1.0324944339978792,1.8750296891199036
-1.0340158569775793,0.7365600980100573,0.49817546454958617
-0.2593269468612094,0.7451668867365014,0.5918787528507785
0.7546268972632232,0.8871736766002686,3.406198273008817
1.1158239907475185,1.0893371160037857,-5.577000719747566
1.2014996936493807,-0.45667654347690934,-0.35549666775971933
0.11472740421284432,-1.2356220334295587,1.672709372386827
-1.0839201576942963,-0.5814497928032514,3.2166356655604087
-1.2574877691473205,0.17923973742089316,0.2695265212259773
-0.36641749070039487,1.3078105761815788,3.931378412318763
0.9073359907904602,0.8936131902649663,2.4811961998930654
1.3652563457725826,-0.3580057357799038,-5.234653092317243
0.4396803607102605,-1.6446812281995629,2.584046474187294
-0.8076086420023336,-1.1147292938010316,3.019316894204352
-1.3534104135919556,-0.22923178474470896,1.930155171291948
-0.6496798405490903,1.4806983108334653,-1.173228320801366
0.5659915628183572,0.6183608782015931,4.9797740262062
1.3156553118526229,0.5792589893625055,0.46087608970450333
0.7771919727776788,-0.2472507817612074,1.6543190932420104
-0.45029781265273344,-1.2612183737054599,1.3732918326628663
-1.3469105370224947,-0.3669853239817278,5.207433400085428
-1.0010461290323898,0.8303014412152948,3.6318457580684704
0.24240610145960861,1.8417443535370503,0.8047802648274127
1.262702485337922,0.6543163176116018,-3.1086400575732376
1.1102187503882965,-0.7772368055825934,-3.463278410599453
-0.01627070844285637,-1.735650577775057,-3.2649106407729054
-1.1967641583286541,-0.1184864523222362,1.17324282919471
-1.1653625256561637,0.9031951118072579,-0.642728516774882
-0.08790049638169362,1.6484251434743291,-1.5188593043806264
1.06427379581049,0.7964493001014161,0.33891335258221245
1.2251423225551905,-0.996140610102012,1.4274982535072924
0.307548402013193,-1.3173832647604438,-1.6868753763510835
-0.9421476634664914,-1.164168864925822,3.3585634023946347
-1.3142353638363404,0.04812407211405412,1.0986359527514817
-0.42542312192984816,1.8640459858434468,0.15016405814807454
0.7744129905430267,0.9230161038857876,-1.7563848637839452
1.2551335725826118,-0.37667110281858873,3.3905672230545805
0.6452556312888852,-1.3329398888064699,-1.0828607366614496
-0.6155682428099611,-0.9995722609482338,0.027954690045509656
-1.3584716844245195,0.04271434533316576,2.2400947464808145
-0.8585160575424035,1.317621247494674,4.615506305733007
0.46423328140175957,1.2462910473531,0.3887877355320646
1.32106192498336,0.21904424913409049,-1.0267741245961866
0.9872953211579503,-0.8672739395119672,-4.428901200496598
-0.2990796163236999,-1.3208774592396544,1.2897662465727044
-1.2727743852968878,-0.5743017964408792,2.5827776401442586
-1.0928119273644537,0.9031847589573216,2.020539248143064
0.11851183214579306,1.1560332370430582,-1.5521919868606682
1.1892625150561815,0.4546119421298056,-3.8545434570607338
1.2116395527288821,-1.2957643076970526,-2.1654683556736893
0.15945272987484033,-1.3816675643245626,-5.700376505566706
-1.0315672477514903,-1.099524468972866,-1.965904075082936
-1.3308261072291143,0.9474732846965073,6.980353859576007
-0.36313252144076114,1.5648682273305359,2.0132039406710445
0.9021642352196176,0.9133697275422537,1.2293031189140329
1.2566924118247602,-0.6497170824522602,-0.14300926039926332
0.4809634309696879,-1.5544156879276112,0.4662480813344838
-0.7646209925240651,-1.4135852282589405,-1.590868564291027
-1.249318569619185,-0.2332086378243048,-0.38819624838670186
-0.5715008525153699,0.768593100998492,-2.6802678067831773
0.6664245550205803,1.282197199444628,1.975732843014612
1.337620731558128,-0.06463836307977533,-1.533413747051138
0.7372813768784129,-0.729373860372548,-0.22335990885327783
-0.42846221131931606,-1.043458756597852,-1.5072053275618018
-1.2787737358136269,-0.33554958914851274,0.7967232064060087
-0.9000085501012084,0.8741885296371893,-1.5248532174132683
0.4154746535320111,1.3739009179728527,-7.003689841912046
1.1910801180126864,0.34247610325516376,2.9860746423010562
1.1018680299733048,-0.8183577767025618,-3.8102776903829803
-0.08685111352387047,-1.305913952638057,-0.5904623766241801
-1.1487280380543043,-0.9149686856426764,-2.365418941800501
-1.1475049641025588,0.9253693007541397,0.7690198635313683
-0.06742225661043984,1.546702613263073,0.6092083336761578
1.0644830405595027,0.5758353381477477,-0.2773748449207475
1.2817317802550723,-0.7630361693902954,-2.6168697078573344
0.24407673331771518,-1.6110394384627498,0.1170851759184055
-0.9574088359041931,-1.1862646296340784,1.9432793066445246
-1.3090556715984223,0.7589478778224557,4.39561688610633
-0.43618715592148416,0.9592857657866979,1.7487057335379264
0.853038607207551,0.9859695453384509,-2.7437920300881884
1.337973642646261,-0.4569837690891143,-1.5941873821770982
0.5576141246552306,-1.2139566200334717,0.7607180787956735
-0.6512124050649039,-1.090247762984457,2.483532115072516
-1.3554052723143297,-0.35071289804438743,3.883971129117665
-0.7556324940764623,0.9710025934726718,0.7014210277928473
0.4231618727631381,1.2461683883065793,3.21083547084023
1.3481994587040027,0.6378750230368657,-3.256382524238844
0.9190555213159213,-0.524460204458379,-4.015078246519468
-0.2812505559411677,-1.454427322310357,-0.2088578308077771
-1.2466790955631137,-0.5389372333586662,2.8924553626507152
-1.0598687948835144,1.1257198200454115,1.1916002142593254
0.13412660802941667,1.283441992804707,0.27403842333876827
1.2231763056841476,0.5538777337207701,-0.5206814537601973
1.1949057870544526,-0.6157000560397086,-1.9548111954108083
0.12075777877395975,-1.025983759341832,-4.384023644596484
-1.108895326790728,-0.5507062192349876,2.062309302420274
-1.1939396913041824,0.9093989922895263,-0.25449827170316297
-0.3364143151957121,1.1903321524086439,2.8870083270709928
0.8872080921847567,1.5901225382229482,2.9917772237324423
1.3003420779765675,-0.19652554693786128,-1.0406739928913893
0.4331336878559111,-0.8557857924875056,-1.3047980843728169
-0.8210960372909667,-1.1564462071944241,-1.7613458455819375
-1.4058779791657434,0.4280014007500288,3.6428816070657524
-0.6128124961949459,1.2224094312847058,0.3162059780617865
0.5986778305540901,1.106624795352205,2.326809476275742
1.3283784840920128,0.5595472367685572,-0.046738467927565294
0.7097003311461146,-1.4454570264619486,2.3600429707053396
-0.4477958678169697,-0.9507451012802373,-2.8608699329603726
-1.2936079105194105,-0.3473393981216122,0.0872086698604449
-0.947192576841064,0.7614633080508509,6.0765788166084675
0.3198411655751862,1.2948710858134005,-0.15301814561473281
1.2939601649506638,0.30667964711775353,-1.7087245077899444
0.9908473947056528,-1.2360440786081988,0.46564766378236977
-0.1415206460768046,-1.6020838535416262,1.4465051650213745
-1.2042443041454605,-0.7888754420755228,0.1051669997714727
-1.1499785761302441,0.7311202526852623,1.367750478103941
-0.0320500803542612,1.5370103311190224,1.1498217780319953
1.0692180018065138,0.7959225679829274,-0.3897714827843429
1.203231079395918,-0.27817387930996085,0.2196493421111606
0.24358861995400538,-1.5557526479048784,-0.9629083754705392
-1.0065957780851118,-0.8455508615105967,1.3242868781510597
-1.3131890372537145,0.6076870139268853,2.5987737940972924
-0.382236294242124,0.871286283737126,-1.1133377841633008
0.7866400088969805,1.5280444402152638,0.9927070868140431
1.3555024409373844,-0.3181284677024576,-2.0127274185479163
0.693847520967045,-1.516753917431425,-3.5884155403125133
-0.6660547114662781,-1.0020211503485437,-1.4818237313571059
-1.3266828854560033,0.1849564494975131,1.2305025227464248
-0.7670164585693355,0.8879348109447488,1.004868848854984
0.5247022139556915,0.9783603591966835,-1.6368158541890736
1.3246889067955343,0.46247553437698596,-1.4367206564360084
0.8856536986598053,-0.7616242526992206,-1.6456197865331694
-0.3068633494794894,-1.3286851827241868,-3.430365216780223
-1.2884473676413675,-0.3482734176371216,2.1772567858350245
-0.9801193255746965,0.6872179309176163,-2.069452996370077
0.19888610413679023,1.346006469942408,-1.9265293443800118
1.1436308965854027,0.08270952657293829,0.4793382171406346
1.182531122278713,-0.2217260261071985,-4.563805971384325
-0.010186067987918587,-0.8675847617179507,2.7226461559028263
-1.072088498554259,-0.4735603825950674,-0.10336796502088963
-1.3060368870017838,0.3064184370051015,4.2832143133908325
-0.23914558422848753,1.1356939847789898,-0.5190118817102962
1.0124761168410903,0.46482203897567853,-2.336990167801914
1.2945408300233916,-0.12279670154223044,-1.7599419938906185
0.4910896781567637,-1.105003851853379,-3.8463048940614053
-0.8308118313692692,-0.8888186085193561,1.2698257904000831
-1.3585108144756706,0.41809948278715203,1.7787138518885426
-0.6565122111466587,0.7816534847714041,2.871754306076617
0.6627227840568397,1.6951332723009107,1.9707305157047532
1.355107134077132,0.09209584410073801,-5.1290325635288525
0.7974051763149573,-0.7991995469703084,-0.49433833957099826
-0.48327433669221076,-1.0987440179809798,-0.6057534648271479
-1.3341919289481143,-0.11181521951974083,3.2899628768474023
-0.9216436806190247,0.9059890053196329,0.8017991851320683
0.3264958492226716,0.9729737542948932,2.5839713661626043
1.3033206281808007,0.8574249594046579,-5.5326495871546495
1.0384337438039664,-0.8286151645148049,-0.6926702510005689
-0.1513636602571176,-1.9306690458444342,-1.6011593908501909
-1.2032324737826616,-0.44092908918781926,4.4304420809046094
-1.1726155218371743,0.7219422640622586,3.79381660192866
-0.09723257008362246,2.1193151933458414,4.672757277826913
1.1446956403227084,0.606506681035715,-3.6145865137699915
1.2066893602666142,-1.0033718813014714,0.07351208303804618
0.24215121150729801,-1.774977322460798,-2.1585231793479673
-1.0230604971304107,-0.5897837409976531,0.7767093063015096
-1.2705774953226456,0.5984972765816565,-2.036873887162538
-0.4104182173717921,1.225437948882815,0.19174264513035055
0.8634454271082495,0.6759288302291738,-2.8048830906722064
1.333706027330129,-0.21939546026532586,-4.38161987001311
0.5774061446305875,-1.3003328264654723,-0.7629039059097648
-0.7338669638618047,-1.7210707258040736,1.7894513648920496
-1.3683308508651695,0.2672890228644631,1.3242950534171964
-0.7191291919154595,1.069619502271954,0.9560952019519342
0.4785412524993526,1.3588476529706117,0.8676267358525258
1.3076069189742976,0.6566920370350193,1.0716066763831633
0.8811310001240967,-0.9233990735404968,-1.4649089401754294
-0.3375859908593891,-1.5017310356388336,-0.7937544151064263
-1.218945421687951,-0.7918851719312492,0.3564867857721421
-1.0241140629644385,0.7408836875898778,2.0937672051316367
0.1100212388713826,1.1939952312664008,0.3222497779488043
1.2492673532039296,0.19277399984603205,-4.4157444016097465
1.1034115794330117,-1.0576960567947202,2.1474941102652325
0.05764679566961839,-1.3832838558276164,0.9399066056221383
-1.0775427355812868,-0.6725063571623624,-1.0517683539554008
-1.2397103509949685,0.2756183188979622,1.2456738158957152
-0.22884623922703173,1.6262657975205188,-1.664705915988695
1.0289145622890934,0.8006771160994247,-0.7211668489863304
1.3607521317201945,-0.21395427358141816,-5.6127386110329756
0.36254731474353724,-1.2172646318428706,0.3862426683433995
-0.812450196766032,-1.1665707591754575,-1.921997702745204
-1.3546364232036006,0.4308199286805292,3.633847248768619
-0.5762363760969343,1.1150814964386775,1.5478108261008905
0.7695096701796965,1.4069999669871929,-4.0788072069526935
1.3680777016757284,-0.48925018209912574,0.08696911707317095
0.7876656886971352,-1.0009062920430871,-5.901541205289544
-0.49014362151760205,-1.2031398482934637,-0.7394865054584199
-1.2871546695466904,-0.2839360154158088,-0.4007477897889127
-0.8828618908901201,0.7913984170182098,1.174400055229338
0.38304677029391737,1.118152416549079,-2.924673047873628
1.2957991754486053,-0.20553099160688815,-3.9476112025286962
1.0540074922291676,-0.33997709523458874,-4.702810865138924
-0.276035578244632,-1.7964433059254374,3.542921685676627
-1.1297620852683592,-0.5390858295330503,-1.3464246855667719
-1.0859290511145232,0.33620404155993544,1.3017024373896235
-0.06733609532971613,1.00422428394659,2.869455004863447
1.120747381944044,0.8448718201956096,-2.159552919642189
1.2729686551260935,-0.9283989915373891,-4.703602687865367
0.2185973574341846,-1.6654725189732833,1.2625804481588254
-0.9054765896930389,-0.5424722765469936,-2.2595612414225443
-1.2349379037615766,0.14592157540512907,0.47708883912253086
-0.36516325715300024,1.291330158932833,-2.6324307686097823
0.8599378905578081,0.7006528009692431,0.08796185144786528
1.3018998293017139,0.07054417185631934,0.10702082262729583
0.5127357326649921,-0.9503663209029841,0.12319614467022011
-0.7567706278192154,-1.3938143996724932,2.4074417365753042
-1.302887198335195,0.05901665654423516,0.44316346094298614
-0.6473207478416781,1.0642820856512625,-3.028567303339912
0.5205015837764975,0.896013814079464,2.1781702603756017
1.3591363175888065,0.28918928018682344,-2.665334755144894
0.8739693765744382,-0.6805761169439606,-2.5365427926780595
-0.39903835912306534,-0.9244461709905857,2.281289449205368
-1.2704968192114092,-0.4962218869025681,1.6474193254307439
-1.0273010757546333,1.1292038333759973,2.3097172430099855
0.1789186636065178,1.2363265454495447,-1.0872302676247403
1.1855824599708296,0.7876895531843553,-1.582579947867941
1.1429722529414708,-0.725296238048575,-3.925049067419825
0.10062080016984695,-1.3640211167219098,-4.03891723499569
-1.1297986616509992,-0.13497562124566986,1.5359431148018559
-1.1742618046312325,0.7265776716988781,0.2428193079467733
-0.24337306429281724,1.4023847078804277,-0.07290467358605723
1.00243243768332,0.9949948220196997,-0.6301447951831707
1.3398406475158164,-0.5216246442260852,-4.05568791978479
0.374621198780093,-1.1684263538500421,-2.375887366790126
-0.7706297654954883,-1.041233123615034,-4.7536672374212605
-1.3058610719742685,0.739953817660679,-2.084623141491787
-0.5051812901069923,0.9877230034472886,-1.1677884912130332
0.7545952081817081,1.5145464885086362,-1.5154812953557117
1.333729935078442,-0.18784928423254077,-1.250948502234173
0.7510714722472384,-1.5818385206867125,-2.8037805913343186
-0.6090731532171797,-1.108965881155119,1.2546542872121125
-1.2955181559350422,-0.23175657857620546,0.3062209304608824
-0.9275223205329067,0.8977559732891371,2.877441502660616
0.3522335827969358,1.6465773847824066,3.524535038737873
1.1772274693470286,0.12035146219339543,3.7202089154489695
0.9770113375066064,-1.0195005359503573,0.7530018728714832
-0.19178459750703128,-1.7183659368131288,0.1063766120086529
-1.1878411183314102,-0.5602989551746074,0.22673676594447412
-1.140807259696269,0.796811601022151,2.75949532421731
0.01759682601444698,1.2623639168565655,-1.688060276553468
1.1566385370067322,0.36064284438527716,-4.184444743334072
1.1472678504426206,-0.7628883678761311,2.0959247719339937
0.20233563612863348,-1.3174830751489643,-1.7156445973545968
-0.9816590257096686,-0.6038508683973876,-1.5689989016207073
-1.2295172566258676,0.6658528736367719,-0.10707078830509698
-0.2864649457553468,1.4028310096537788,-3.184254145807082
0.8127029097859961,0.5480471015606131,5.303254117581258
1.3001154179975056,0.21293851098306948,-0.49634108009734
0.5524590270587323,-1.2641685111263414,-2.806265528078534
-0.7661431693527867,-1.3695545610517712,1.4756714977607754
-1.2828332211695344,0.20760715134138796,-1.815164574576028
-0.7297341113738323,0.9016287001175505,1.0135355942463486
0.597634582746536,1.2223377867562357,-1.521664299400567
1.3811587666413359,0.1293467416589711,-3.0781584359460723
0.8926080170526017,-1.2902360036239036,-2.8042055149508194
-0.37303281284764106,-1.2198854213836288,-0.7785869619958274
-1.1960317686640098,0.023061772974628525,-3.631079676137644
-0.9230804377132595,0.9226266691787643,-2.9469716884833246
0.23571487233519256,1.1444184103840134,-0.7521510495876094
1.2353974497953415,0.9212141998641921,-3.171927886019522
1.1026575793444346,-0.5855646205555698,0.46101417278694407
-0.05925620851703861,-1.6336367285434519,1.6510815859366479
-1.1025537352440211,-1.4430005909852939,-2.3659891296501256
-1.198203875911779,0.6901477499324615,2.6131538806357244
-0.14986054903637142,1.3615284040810678,0.2400326278452103
0.9880600614259718,0.8790453840505696,-1.4468730763285598
1.274855317471682,-0.29280415805655213,-2.0334030086397235
0.30096584670562765,-1.8870029016405272,-1.4651920406913888
-0.8890611521243037,-1.1112677711491274,-0.879408413626187
-1.3283268892375508,0.29012944989755707,1.7772148599399245
-0.5024650269084098,1.2407367164089018,-0.6368481248903934
0.770348425693619,1.4759722158119049,-1.462431939804798
1.3314522743265793,-0.10662444266325122,0.2947154916829564
0.6419105087176415,-1.2541450605229032,2.2263930205276936
-0.5803520960537794,-1.1887125204514553,1.8272150064101305
-1.3302352505471835,-0.7297615177949679,1.6450582691441291
-0.9305909235293127,1.1662431099133597,4.598108856173034
0.4499240617358142,1.1695935367258983,-1.218601484352505
1.3091482038646975,-0.2744367417389326,-5.848537057520838
0.9533218067294436,-0.7453193600584496,2.313771089183228
-0.20081146099881353,-1.631386836598966,-5.277108732717877
-1.1850064762862018,-0.5756235993160674,-2.454923498846695
-1.079628929504332,0.8633446697619085,-0.3141707706067026
0.07780511837438893,2.0260636193735198,-1.801415520678351
1.1563125202167994,0.14842930643652053,-1.579371365287197
1.168860770622353,-0.7559568044806908,1.6792649026961592
0.15255365656248293,-1.0019782497568004,-1.6472158846490192
-1.072821345266377,-0.8091065939110803,3.078726952547235
-1.2574462809321467,0.3327533829612306,1.3835481597887171
-0.2894290222037952,1.5348131245911316,-3.256186554708642
0.9750067205785663,1.196573520899804,-5.704750342894471
1.2736543841983046,-0.2741271527764111,-0.03357107432694961
0.5254252467323904,-0.9009501167085506,-1.434011312017096
-0.6737356852595091,-0.9948764615181427,-4.358301159759034
-1.3100952821973868,0.029681917379223988,-1.2199645290785652
-0.7435725526310352,1.0845990846298437,4.279859715041303
0.6449180256384104,1.718489817010425,-2.6326006523924566
1.3996800614385962,0.4775265382068494,-5.3520013317908255
0.8463229122596517,-0.945136463188726,-0.9875737027086307
-0.32893257918692753,-1.1011184237924736,-5.926183038350829
-1.277788821400878,-0.2619725497827319,2.0608677225711864
-0.9699213739683917,1.2242615531147416,0.766925181340633
0.28196983731829195,1.261220641548776,-4.054285339412269
1.2414240956158185,0.9773336192561322,-1.7028180550464744
1.093889461454118,-0.7480245191390222,-0.28936157208310276
-0.017306625588195436,-1.330496942017856,-2.0548273824009056
-1.1146165390360425,-0.47147314226915316,-1.3200416351645294
-1.207010680498494,0.6839636957979822,0.7114612074334281
-0.05892249485239756,1.192240126949032,-2.1791550362621837
0.49874226871084265,-1.2294965771221122,2.450150484805279
-0.4592001999059608,-0.8070619089641015,0.7768207899724572
-0.9947692501094312,-0.08257379705208678,2.8266369870609465
-0.616525108385344,0.5626277751992648,1.5784169335773701
0.34784205385232714,1.2889383207998288,0.8511429924957753
0.9456760404765593,0.46451543183573696,0.6835210027085676
0.6684347757371272,-0.5406187938274842,-0.6840348056782442
-0.2585061010627823,-0.910338659644949,1.537916181987038
-0.9559915928777634,-0.5074439351205101,4.922631104635368
-0.7523285284810578,0.6935766846750807,0.3392137518991173
0.1321155531650492,0.5281703330187532,-1.6380807934507924
0.8400140402457749,0.06571670502019622,0.49648613996090274
0.8644065632499136,-0.4420429797258679,-3.65965720691188
0.020160988604210138,-0.8493058575129327,1.2394840146834623
-0.8631579169557048,-0.36943324216761997,5.52806387685199
-0.9263270206243508,0.6038420020283214,0.8411163934856863
-0.2104316291987915,1.0027931565063573,-0.5367002990491432
0.6911458993848947,0.8381717923444304,-1.463269875705853
0.9785344528812893,-0.5016050811329537,-3.2100709715306075
0.33011482991671587,-0.9625140129114745,-0.2787580438118986
-0.5942095129088527,-0.8591507837211834,-0.06786584716479083
-0.9084439891937685,-0.2672621529694219,-2.5909104610668865
-0.3771628157245341,0.9596111187418788,-2.7057101477694614
0.47407143246322636,0.7261277861450968,-1.0576731917621962
0.9962160506999728,0.23460638301014136,-3.1823716495844154
0.6340835007302622,-0.2536463314869497,-3.5567144985530277
-0.3712697206767033,-0.7344195825944085,0.6658335333130605
-0.9458172878652117,-0.060722048982628785,1.7057833775373434
-0.6468190874687212,0.9920826389893733,-3.8897254327669386
0.1904574008019056,0.9674115241261617,0.51349277306657
0.8941631237577453,0.4322541680829628,1.1137739172549677
0.7507631607644899,-0.9255259424522871,2.4165001509778743
-0.07712726570152213,-1.03405859087115,-4.346400574521091
-0.8559409680262848,-0.3019921744592441,-0.3595309903903443
-0.8236381335652802,0.5872210970714375,1.6762537378521047
-0.0871756179464506,1.0229630022045257,1.451493483788635
0.7812896422354317,0.9684863725272358,1.0039519355369952
0.8866992156921715,-0.6296960758737996,-0.6796854507951975
0.20660668535949878,-0.5081160318402725,-2.139207808200492
-0.6684422771905205,-0.9345982939804942,-1.0050583438489635
-0.9029990488426287,0.8526137949093077,-1.6609826945885444
-0.3246086557056777,1.1079436039974662,1.5017040785257767
0.57166818163671,1.051156580765328,0.8809503040592059
0.985474378660581,0.23683344082111368,-1.3050648316625482
0.3849541221571062,-0.7776436539609655,3.5720903383310296
-0.4744031194115653,-0.5149960080273203,-0.02410862401402647
-0.9355081955184679,-0.09997276291325241,1.0515339547329916
-0.5734236731658546,0.37633936035399995,-0.11842912560080465
0.38391384821100366,1.2106309533810289,-0.5548255800766755
0.9023823346520243,0.037387829972128084,0.06032555705509063
0.6191587004742346,-0.3656323332216449,1.9182047627914194
-0.23531692215185798,-0.7613933919226529,0.07829929814300696
-0.9596687730330982,-0.2565503538107511,2.5068305757722453
-0.7123115893417075,0.6507339761927122,-4.040956249388821
0.08912479170872653,0.716532466554747,-1.9095543613221932
0.8791640639790301,1.1066501592934046,-1.8641402053263203
0.7789001111540361,-0.5703714404782062,2.015077286038206
0.04275321337367686,-1.1645231080621095,1.645500929368631
-0.8332282208488773,-0.8427482270305425,1.096035382255634
-0.8516881701933626,0.6968318731435114,-0.4861470215842126
-0.261056974564082,1.039149780862108,4.030217753034623
0.7193235632907309,0.5614778527362407,-0.18161530985186247
0.9605287477978698,-0.21997688494621193,-2.007405583184078
0.313586136311452,-0.7327221382009648,0.9482965432243651
-0.5662363721422549,-0.7043956181386796,-2.8704960275048905
-0.8880443912375302,0.236302055487847,-3.1898190857274358
-0.3851179406578975,0.4403493053589136,-0.6583244870682575
0.4620462390379275,1.1826769748697978,-0.3090667074859538
0.9359392565394564,-0.1419669664137052,0.09925713524004648
0.6294836868659479,-0.6400896724584265,-3.0577222298591225
-0.3476416775321608,-0.701569123204121,0.09275185837447408
-0.9280818235067492,-0.13268575810248706,-0.9975396771157303
-0.6756933436657021,0.7639293307769845,1.7541423250609973
0.23825624873069431,1.6794103967100376,0.4816470662060618
0.8929860765121641,0.053658361738637694,1.1623549150622028
0.7333751903178022,-0.6931002102757583,2.3974154095238154
-0.0666762078641498,-1.0407694736511575,-3.7833366445190646
-0.8558588973430247,-0.605716718707282,0.07420482151485108
-0.8455922568919914,0.058285820913742126,-0.8122099978968733
0.016345223827899838,1.5957757945960593,-2.6617715342822814
0.8158431393589036,0.21548132796976427,-1.5308581407994548
0.873116051390822,-0.5663875962218379,0.8239728783214908
0.21238601534280754,-1.0775511073648871,-1.9939893894452725
-0.7032671027802847,-0.5654996045286204,0.8519788205355563
-0.8442741703495199,0.16451245577893459,-2.434333664399288
-0.3145618789987954,0.7538282619915193,-1.6894832767034496
0.695754803372342,0.5693400724554609,-5.809887358710209
0.8830115414451147,-0.4201049080145808,-0.09767006773846461
0.40373210889539046,-0.8162041767034789,0.7549985854167518
-0.5499386388461642,-1.03135962253062,2.631018255452652
-0.9321680718089131,-0.21750248767607783,1.2167864206342
-0.5664202936123668,0.6506470730483562,4.24487578581212
0.3491877342301323,1.056573161592217,2.3991978859852248
0.9456092502450844,0.29355275195976804,-1.7756866679264471
0.5732796420909416,-0.7433778273712954,3.876082815953189
-0.20155234599116942,-0.37956585023481704,-1.2252335241488093
-0.9051445216159214,-0.6282908186076652,2.116943091854621
-0.8114986875651778,0.894469380656992,5.5746694626853515
0.10988864776266268,0.8312798716541736,-0.08353823617140488
0.8260109562357238,-0.029623450127690965,-2.5967661852382085
0.764695935578617,-0.7202768210864535,2.122369846895807
0.06094085399230724,-0.49932746089847546,-1.0336244816942612
-0.7667770856196492,-0.4675492543211007,0.2413677433605682
-0.8743708494880816,0.30312711309884055,-0.01418389211851584
-0.14050892237247858,0.8437711916085762,0.7513138648153977
0.694398818387198,1.0332713989913638,0.151649593388051
0.9416344734525836,-0.35364508945597173,0.3614824333601274
0.2812623331626294,-1.063074352600644,0.6978390709860999
-0.6028042922523404,-1.3160784667779593,-1.566997585749214
-0.9461985611855869,-0.32632843876646556,0.8025325173734225
-0.3901723715401625,1.0555220724498116,-0.7324202022902576
0.4493191219333813,1.042429025154978,-0.14378155969965556
0.9190169266824545,-0.015538311844277009,4.222585030902073
0.5369503387520733,-0.793869449717213,-0.9333271857051395
-0.46268985950629343,-0.5715644950837131,4.549195972606055
-0.9138456015329444,-0.29920800395615066,0.2567746580821904
-0.6128449756022191,0.7274469649171067,1.2097803745200402
0.24970768114283523,0.8368679702362843,-1.083306920591484
0.9443300895321558,0.2593978866094443,-2.701817322242293
0.7142202823539228,-1.057070536566233,-0.2992017062850516
-0.07901433147798428,-1.3906674853390182,-1.7858073490722297
-0.8663171658268735,0.07846807272492651,1.539464192832083
-0.8122572585834582,-0.05419476649150656,0.4808975627013712
-0.029396357753334604,0.9739813597098331,1.6181747737247099
0.7971516162316445,0.5431967463950338,-1.207864963263136
0.8496613169618662,-0.8986741825665706,3.5773724541514182
0.09009459674374826,-1.1362292234326135,4.349877795074025
-0.7477938549441701,-0.4869057547013861,3.0643596247479232
-0.9744976053310292,0.4283102982105297,3.128982325313457
-0.2809257160147277,1.349762509406166,-0.1715215319254293
0.69811805750116,0.7517947340280423,-4.662744626529796
0.9624269907356289,-0.0006973763954326584,-1.2491207463774638
0.4292988589981924,-1.0164694782704364,-2.3924483562993157
-0.4990587210024951,-0.8956520389390074,-1.348319193766118
-0.9769798987200687,0.15677788638759294,1.208246548431533
-0.5789587505711176,0.5956574836799235,2.2561380630870342
0.37867060865436697,0.46441254079074706,1.046915366342183
0.9798087612803634,0.5214670653555065,-1.1487012504710765
0.6005787726671303,-0.803855894626519,-0.8021713909700712
-0.26290390157802923,-1.1947137345470071,1.2429534549289982
-0.8759308325039645,-0.27054823023185015,-0.029040409061342615
-0.8162685147783585,0.9069507225007201,5.709768326387172
0.16125919352563522,1.3350659665911186,-1.4752750056092783
0.9330480989421799,0.5663276842188197,-3.6406407909768603
0.7463923912830502,-0.980140073492225,4.333238303312706
-0.014483571376469068,-1.476726133978743,2.19273060213664
-0.7900793467650555,-0.6905396552561233,0.957130327785943
-0.8741809643915515,-0.17730693703073563,0.7969495389864003
-0.11434161091509883,0.6672986310207265,-4.544953451388675
0.6994385559164263,1.29013020426663,-0.03235719707585849
0.8978148971959825,-0.05470189392879188,-0.1919803887374811
0.262753524128613,-1.0532938932088418,0.21300743414375156
-0.6731520706324606,-0.08283525029418037,4.671591034082696
-0.969306952467405,0.20606801899120675,3.487592861093348
-0.38347890805656415,0.7534157597708563,-3.2666847668590213
0.5622271001152345,1.2253490829922626,-0.9794221195774316
0.9680043307796452,-0.2483056017293167,-2.0120501749199557
0.5045327596153282,-0.8906032474736286,-1.1150578140984235
-0.39789029626811145,-0.59385624309433,0.09517645320391122
-0.9730014147975222,-0.4276496122903667,1.8133913207234624
-0.6606079585080833,0.8761583180398724,3.459192531118802
0.34694044364497933,1.233603569256549,-3.591477999889961
1.0178466230676706,0.08962899887846487,-3.574810980893567
0.8110335667878014,-0.5969601457444407,-3.506879990757954
-0.12044578208782988,-0.8740121685924532,-3.1674794506304584
-0.8884303502652482,-0.7611257438665031,1.6793636259049842
-0.7707101517941136,0.25829016410610195,-0.6491520757104796
0.03253312154386028,0.7016364465418108,-3.7282640743867512
0.8383926513420102,0.7401222150890568,-1.6631132210708643
0.9033601765384902,-0.3710233814904845,-2.1928542098636736
0.09028179149725478,-0.7466338973221281,2.6102679702227105
-0.7406287350455569,-0.2818747654319942,2.328682947379183
-0.8750528702265807,0.5304531774199844,0.47914424236764425
-0.19456077552262097,0.9181533722788872,-4.2400193920420275
0.6677804198037478,0.4323674204525496,-0.8172381532258316
0.9686873155518178,-0.5490411128470607,0.12794564390702376
0.4130902559414562,-0.9647827906620151,-0.5109129441126803
-0.5458724528890555,-0.9340753682929128,0.5872839689828119
-0.8763924053028727,0.18675043722004792,-4.270765285554596
-0.5948804045366007,0.7874636076054494,3.5044937276116883
0.36720610159078726,0.6027730029604506,-0.06371942132640973
0.9311365492732608,0.8121099594722986,-0.5904039176122452
0.5907840309782689,-0.4610198003784771,-0.17400584660056284
-0.3278767085375041,-0.8459200341747867,3.817401679999676
-0.9345776110465343,-0.3926518196754192,3.142885473213387
-0.6918770685326887,0.5816779177162668,-3.5587306338532376
0.07615267355181377,1.1366475709765997,2.2898381148551885
0.8865731207475177,0.5630435553699731,-2.3764770499078245
0.8381778959468729,-0.8476898932613308,-0.04697057380584069
0.018947384435670556,-1.0482741425838797,-1.1962294442538912
-0.8080214653498605,-0.7770216196617652,0.661994378137104
-0.8678692631742811,0.22767000343166977,0.6086874835040309
-0.13140610864774888,1.1065957025815276,2.1026209814905217
0.7407317907513407,1.232770515122365,1.8503952606528733
0.9247502379495169,-0.5091805289804824,-1.7698026628116403
0.20141201911701032,-0.704634063517582,2.7474713110226627
-0.5235489973609952,-0.48782427154880625,-4.9023512047969495
-0.9566592566015764,0.21590873127495636,2.5185253809285055
-0.32385198995739967,0.8162060974150583,-2.087263535899374
0.5202091789053206,0.694974754028961,-2.308489016959329
0.9147112461321916,0.16791420485088415,3.9825610386552057
0.5400775756811788,-0.8202242640224144,-2.943183252444778
-0.471516678945884,-0.8648047931392507,3.5184546464960764
-0.9508196419720806,0.5278584376759177,2.409084642815348
-0.6609601855414257,0.2651562121931622,1.9558437625551406
0.28937417867771165,0.9998352224640598,1.0453811990344224
0.9275580424765518,0.6163268697058,-0.8797767589033308
0.7693025512316888,-0.632488796291823,-3.2309539254917623
-0.11204190654707634,-1.077769672342951,0.7159013135480952
-0.904030844655791,0.29617883580222715,1.8834638047945167
-0.7459105962922249,0.33617269921544346,-2.629480771792928
0.006585651448925853,0.6988999584088512,0.22612085581534103
0.8593908897196635,0.34346809110997745,-4.826837331472854
0.8808714408302872,-0.7875618161937753,-3.581604266473696
0.12077782743698144,-1.1414467501637093,0.09226084705791726
-0.6943013620691971,-0.3953300701885293,-5.185198631347837
-0.8546253766139409,0.7589617701714757,-1.3635181302232264
-0.2769249315990824,0.9859686979204243,-0.759052012298338
0.6730435422048969,0.2511588544335841,-1.244069214018045
0.9749390021742346,-0.13267762059536337,-3.7418672181915804
0.3014186486631313,-1.2051407312196196,2.0782574365539195
-0.5036566763831964,-0.9606698121546311,0.8745719241090233
-0.9419637349131137,-0.03171345769945655,0.6973686184173296
-0.5422222584294845,0.8642007514348832,1.394949516795665
0.43975080806918215,1.0208974604252086,-2.978279621279393
0.9699704571872294,0.29337310214568646,-3.2846523029683947
0.6508012962738098,-0.7578802827209432,-2.3263873605819834
-0.3191073822844227,-1.2805582669389655,1.817264576307971
-0.9358668290029477,0.42390863547626056,-1.49126193778836
-0.6991230251550329,1.0937123923892205,0.04681735922281105
0.15346672374139092,0.6617342485239909,0.701752783464325
0.9427100508607229,0.4310290425036656,-2.318327917927266
0.7473222330217658,-0.9966622330012986,0.9564266011829331
-0.10293770007917474,-0.3415960618664911,7.359708665029641
-0.7947768118598608,-0.26974498406012737,-1.0568541483515494
-0.9377683376027262,0.6177856675590576,4.666930260029976
-0.1653645030713115,1.1150019229344217,4.591926616888614
0.7813864726519629,0.4728305690533624,-3.8595056739442035
0.9443947382193788,-0.837426987522164,-4.27355374715662
0.2293419084383827,-0.527593229753958,1.632447994226317
-0.578155551723932,-0.9556680028503794,-1.431463041912353
-0.9084174562388266,0.09971633262662649,-1.0669316784404441
-0.39554433631125013,0.5573435638056512,2.011390688561112
0.5347600707887269,1.0460904366383863,1.9526759238070102
0.9825841218900839,0.022123688559529398,0.6312482255168946
0.45410597678432557,-1.1049416118922089,1.5184031182749684
-0.38251546820861326,-0.8588194579638331,-2.109350667095671
-0.9799455930835568,-0.04215882144869676,0.487942539796688
-0.6600210238321584,0.6259071150754114,1.5954129742540246
0.3309865652798674,1.1250576392343512,-4.142564029564655
0.8286909779131321,0.01282093478158719,2.560549121047926
0.7368276113265376,-0.5119742556181645,-5.305754630304255
-0.2070351954036461,-0.950526165065338,2.0725441324739373
-0.8906767296062718,-0.5442466358955222,0.15106296373754546
-0.8263011880165613,0.76222553679688,2.7029667576008753
0.03494945434162326,0.9100939993768928,1.9589284710937838
0.8753946261592347,0.7905945783539409,-2.4047866881269817
0.8333095441956877,-0.4935471262418428,-0.7898748390615634
0.11291399724786938,-0.7546740342860716,-3.3563199788928113
-0.7380967756510126,-0.6174155734330067,-1.1483773695620592
-0.8905131783111344,0.308914410101091,-0.6557751757570004
-0.2004198686439338,1.061648838622828,-0.4706703763089709
0.6289486241697071,0.5132759763858946,0.8286682896631126
0.9507769579495084,-0.030747705590001284,-0.23445775415775486
0.3632186737660559,-0.8721826894440234,0.575262779891485
-0.535570194610189,-0.7504298011513572,-0.5328617547223918
-0.9596972784054527,0.19240328314163002,1.4843332250591397
-0.5218673437802402,1.0022068033308835,1.6923889089280446
0.43679257936470783,0.5909826504322124,0.7316566397555757
0.9081691349095548,0.3082214102927122,1.7689117909802234
0.6200607551368759,-0.557484482983055,-1.390646352793532
-0.2963307462309723,-1.0027350077909754,1.0102165962113485
-0.9800616531841294,-0.14472065096446773,3.4765329790408566
-0.6599687946353899,1.1039529708234534,-0.07157934059731336
0.18175737282043214,0.8100651231536529,1.9731453743555531
0.9306972299299887,0.3842629050143692,-2.4028845109267425
0.7576355245756345,-0.39843869470926274,2.260209376444608
-0.09774807025212875,-1.0768767264764305,1.8246926708044535
-0.8182390080120104,-0.5964356663483655,-1.031618583692037
-0.7594192772289406,0.6721964094870858,-2.27427501148404
-0.09042728412206628,0.5144229436387067,-0.22771692565008883
0.7601846596233346,0.4374811828109909,-0.5163693240958611
0.9343474691669313,-0.46435329771170264,-0.7382582382873567
0.2025178980617501,-0.6777762630836753,1.8309191946926051
-0.6102035941580984,-0.38918977004685773,-2.6444246541983274
-0.8756999731592507,-0.054540226746179754,0.9796735805371776
-0.40872436727563993,0.9374564161691407,1.7698131350667439
0.563447218056379,0.8426040249229078,-1.1264841382324375
0.9499492666755148,-0.1488479948622512,-0.5521414105423594
0.4727382295002475,-1.05459255171458,-0.8069224576630174
-0.42979868289224304,-0.8178953139511741,0.04351497678353744
-1.001207335106031,-0.09758438570002803,3.3615655716715462
-0.5963765466833904,0.8438122898923053,0.4230728008950735
0.3483643599388482,0.8105683403459709,-1.3596069864158933
0.931054306860582,0.2117653360734406,-0.6956591310043283
0.6648559735260978,-0.4113751423992412,-1.2080605268377043
-0.19314496407089696,-1.195523111903957,1.5729080567299496
-0.8858857854275812,0.10101335439520964,1.1229077463766703
-0.7472032577220155,0.3495437357562231,0.07412919426773024
0.02579143576118185,1.0799086901617039,2.121329937599594
0.7999476590809536,-0.008041821604122257,-1.854671595753527
0.8591805683161281,-0.5694961755251471,0.24786181584764422
0.037082015892006166,-0.7500386644603603,3.551813416033013
-0.7538872186958976,-0.9755765893647256,-1.6759861155718259
-0.9543248940768461,0.272928412241204,3.663315480823399
-0.2171498756744585,0.6172658634237955,-0.05284935987534822
0.6742348260578794,0.46151409900799245,0.7285542646563361
0.96215853229319,-0.4890929935204219,-0.48016586124164956
0.30024124279509196,-0.8291580356929157,1.5033375627071848
-0.5330865805807732,-0.23337523070727784,-1.6256554929682225
-0.9760389944203689,0.2258109014418691,1.0881000672861325
-0.45991266851037654,0.5690526289301364,0.7618122118533227
0.4438021599630309,0.1861711333449359,1.7529737326216344
1.0046205854388468,0.4523359673819477,-2.0207594272118166
0.19894192828729187,-0.6003625166821227,-5.561787037395175
-0.7714365230485363,-1.2932140225455635,2.5101070231112685
-1.1020141149523515,-0.23685937539055346,2.8993089051116065
-0.4176353786819201,1.2330923133223475,3.2561677060061114
0.6044295289083673,0.9930249769078814,3.904847564735039
1.1171262379574958,0.2957171502421385,-3.8878076251003155
0.5533289652259477,-0.9512649727977209,-2.900384824805197
-0.44073956638306666,-0.7915450414934799,-2.4706162741271918
-1.0815260504069626,-0.029601771334600846,0.029220774525701744
-0.6776392771112008,0.6760073050027016,2.2016365646755185
0.38734242949080283,1.0679543736708332,2.1826568262531985
1.1005688026887848,0.09565903570112999,-0.526755015211989
0.7504752387012306,-0.9621881849876024,0.8742843710037196
-0.2859427817350041,-1.1179865345687618,2.975185565663838
-0.9056604441803605,-0.3484204168277494,-3.35318057154411
-0.9044867904256372,0.4540367809107876,1.832504864057957
-0.014630731199087574,1.5731543060173863,3.4758999606029906
0.9259561774668642,0.686267421246145,-1.5070922657899362
0.9681593375091577,0.07041991171529038,-1.6346553576258227
0.12060959265495219,-1.2210696045530347,0.4632527927705643
-0.7598738314133783,-0.9191126277894968,-4.63786391132927
-1.0045594621983172,0.386350306612222,-1.2380496435929198
-0.21802405079208662,1.3223976148697658,-2.360907429704766
0.7787753442225992,0.7732470725920149,-2.210763988505565
1.0304006528553569,0.12251679283384109,1.2054204568796465
0.3601465757097015,-0.7023276204997247,2.824243243169878
-0.6318527825628542,-1.2011706799547994,-3.9744313003888814
-1.0705165374531709,0.26634753533509525,-3.276931016740514
-0.6192883692153436,0.6257841600419106,3.6376145977551166
0.48304165144574995,0.6696131547495193,1.5570177732061923
1.017679217865826,-0.1769876242281898,5.340038648634782
0.6781592681475126,-1.0285439731770407,-3.566193472473995
-0.3935436064369151,-1.0607466053397225,-2.567023880067739
-1.1359818936582942,0.00205076011684735,2.880155566744401
-0.7658008405345472,0.676688379360364,0.09609250589909524
0.23505609337125297,0.7720123910540635,-0.3997620721708506
1.014715408518213,0.7155592791913368,0.4341441772497781
0.8833914901151008,-1.2618091974935297,0.16656584911563632
-0.056659208106893164,-1.3062953222806133,-1.0063762959961464
-0.9433640640638421,-0.8841004144510178,0.12407327578165872
-1.0132262219002153,0.6548568942864202,2.894319092118578
-0.10319835126775977,0.5696929097118286,-0.7559483213558227
0.9085735257070088,0.22736560250792015,-5.461904822504284
1.060307325439126,-0.6954998886670005,0.24528887231985957
0.20700394702161357,-0.40038013416560797,1.3003046765991626
-0.8312964673489116,-0.6342410249229535,5.4061628270349615
-1.082238325380995,0.11689531808474762,1.1869235450435203
-0.3774585299944103,1.0126872174029473,1.710723010466343
0.6288292688258796,0.6428822103534798,0.06288215977239553
1.0246177819756914,-0.3732649956165046,2.645409256717873
0.49715141880980507,-1.1601403941882305,-3.96635374085451
-0.5212759687578459,-0.9812472630374725,-0.013401190817307063
-1.1133415621331668,0.009712822335291582,1.8098202868853397
-0.6843963534512445,0.9464707929766053,0.9847365192016955
0.39526939899207064,1.0215721720385689,-1.0633662577227636
1.075797926685985,0.759567088156754,-0.030461439771484466
0.8603355652376918,-1.3702323798250098,-7.977495255332541
-0.25682028326087797,-1.161740055018421,1.8236129442949012
-1.0358629433100812,-0.47263808716633215,0.35888497345794634
-0.8835797466814933,0.8227174644383667,3.587169448210495
0.10679412855713605,0.9502465854683584,-1.0055454408915188
0.9044046816858157,0.8079080669102989,0.3854015910547684
0.9190719790431912,-0.9888552157396568,0.4513675986703658
0.08375717866397572,-1.5643787240682772,-1.4372963079777894
-0.9140206203104038,-1.0860337643524702,2.592289476171723
-1.0447445655685366,0.9317652460100667,0.7983726535879615
-0.229917410146601,0.8026514561111516,1.2665997537610718
0.7328448732209749,0.6880811631797357,2.010064052088586
1.1241698542538465,-0.6574967247526964,-3.9240492808180214
0.3818413713049908,-1.0793421552168014,0.07018564810021721
-0.6523074145642096,-0.8596571952603582,-3.8285527837366273
-1.13608310703144,0.07061664625606756,2.458734259680634
-0.5189867931617429,1.0058995424656993,1.6418330086327886
0.4936283767260975,0.9848432721551542,3.9344319601195754
1.0735069295872786,0.04739966448683686,0.5494591163658744
0.7050109639259938,-0.776350434990013,-3.626534533933819
-0.4239687984289391,-0.9446626824678125,1.7509228185338732
-1.0512779712425286,-0.21223780454078578,-0.6322848191771948
-0.7674083954230259,0.8932708250390292,1.679841803438834
0.2057409396334509,0.8567176179523268,2.6867068252255426
1.076133068774505,0.33996102660977023,-1.6295725103971181
0.8398596599298594,-0.4680061945379399,-0.6256500066497006
-0.09932685593918812,-1.2395320684651547,0.18688240635047482
-1.0414923983774613,-0.47513939650950077,5.958354590944752
-1.0259604964832136,0.46890355974872233,-0.16818029490216213
-0.0346891791349327,1.334356933209589,-0.6954996646208789
0.8950227525597738,0.3403106741591827,-1.2790375070256688
1.0217814957793028,-0.5299466827641436,1.3687463765252654
0.20153076183352417,-1.1678364631115665,0.019793304502110365
-0.7466366278347122,-0.9291223004008892,-1.2816027096970022
-1.04880886715295,0.36504028269493505,2.5704395809475153
-0.3383250605176006,1.358138555895097,-3.4607765329384033
0.6150485907164427,0.9233538833559096,1.9380458167475634
1.118315905146172,0.34608246278597155,-2.1315962162913373
0.4722075784500035,-0.7290594964317332,0.1483561504553338
-0.5225441787450137,-0.7357006601677946,-1.3705887755050927
-1.1085230545379965,-0.3996144163573734,-0.5882891047591932
-0.6634657022904457,0.8882485790352013,-1.0140533864070207
0.4336192133414002,0.9944664633179264,0.7194055455410869
1.0943143676551692,0.26556155672605497,0.49315400051812563
0.7368830915161506,-0.9274511499253613,2.0310196058111405
-0.2452331840153847,-1.0174593919328814,0.32883356575881817
-1.0156245223854583,-0.5625164554786183,2.2347702576770825
-0.8869610075858634,0.6789258814143023,1.3884814364538456
0.10757313704708674,0.7549771389779952,0.6997851453848158
1.0228479431991273,-0.22187060327723274,-3.030581875013253
0.993102634983659,-0.8504024170142677,-1.237694477157112
0.04186552570300609,-1.6051636802506901,1.743359837318369
-0.9020706980046331,-0.7407874791288604,0.4898755670266153
-1.0230391723115413,0.39302169246076213,-1.2257237752414165
-0.2701973751378857,1.1984375108188716,3.5152363184620796
0.8408047686600439,1.305555810443067,-4.675328533586032
0.9991050357577899,-0.08742349881589284,3.2872151214361236
0.3329935724809228,-0.9939483799186544,2.740002398956655
-0.6949025339200824,-0.5902888229217873,0.6233433591261722
-1.1903886896245133,0.14742685954091672,6.090014581601817
-0.5719658467213431,0.6554898526904285,4.2804037449760495
0.6075139872321185,1.4383143604782778,-1.6570132628724832
1.1073865139114507,-0.3812698674870951,-0.1489925305491584
0.5902442416014569,-1.3124664899754046,1.2290932994052588
-0.44929779859602736,-1.4333298920949546,3.3638886156062866
-1.0330430661271,-0.2565793039897535,-3.2043753879645362
-0.7817651600427429,0.7752521080005365,1.8083137885288847
0.24345385641918982,1.5659525795317086,1.59854770942095
1.06886145863491,0.6407807238192725,-1.9105291883679658
0.9181484911935311,-0.9379126558284656,-5.623171625830757
-0.1047374113204931,-0.9425365701454231,-2.8644931378023264
-1.03289858757027,-0.40180510734076635,1.4104457428153894
-0.9851538356806951,0.4887649379990727,2.3292185571611506
-0.0020333448392285194,0.7895555425985882,-1.123453989763512
0.876700227248817,0.8252891325989503,3.935037578039405
1.0357998634406602,-0.430101850414108,-2.6754982430700434
0.18019764835003135,-1.1133656938819414,0.4560172486344316
-0.8463833605338587,-0.48656248969383475,1.7087182831780272
-1.0987246965924986,-0.013967056446421156,5.9200782603746145
-0.39860567563693344,0.8871289310347913,2.820735646012289
0.774251112549867,1.3860567325888162,-2.6847953509403064
1.058906619668423,-0.1380319477222658,-0.9230626193386443
0.5284342587428229,-0.8913404378027495,-3.4299784810468363
-0.5898429238665664,-0.6003010110113999,0.26776801457708277
-1.104650198836735,0.09582993853687993,1.887619643322797
-0.5909811793168483,1.0248589029595256,-2.8766768807409546
0.40171677556129903,1.3069964180980678,0.42835654258318423
1.0968918629456184,0.07177228217369214,-2.3488597639103115
0.752367687983425,-0.7519989793876264,-0.9993966775982449
-0.2338654984323053,-1.0257832330920005,-2.595753295618618
-1.01315578920931,-0.9460725000732795,-0.36042204366543135
-0.8183852807869412,0.9756237634692289,-2.9015382943434362
0.10230063013214208,1.0419626176843404,2.9728444911965313
0.9550436955853813,0.39951549675373843,0.6481248609843395
1.000773275934079,-0.29843028594424503,-2.4758281417734405
0.03208669172599112,-1.2583424601739719,-2.5679688407881156
-0.8563450419885482,-0.9062818678502932,-4.031287873339511
-0.9901585292583528,0.15865994983966236,0.1556914789310257
-0.11736444073733707,1.4737113390753227,-2.823986994761869
0.7926319657345368,0.7547981403792592,1.591944271715015
1.06657793103351,-0.4782265437403477,0.8544471834744157
0.3229797208752664,-0.9803834091908522,0.6604565922320538
-0.6930657754448625,-0.6887436632784361,0.7646671176502057
-1.086223950904076,-0.13449972614875572,-0.12314041170057272
-0.4741082487834218,0.8370575268057318,3.007233420975841
0.62434149220771,0.6126355301350028,-6.797442893491621
1.1402031325122923,0.1704118878080496,-3.6190762657833555
0.6432191855990558,-1.2049866432021952,-0.1844889688680068
-0.42685116004525475,-0.7549406511447795,0.10320611335428331
-1.131607089009658,-0.09375199427708591,1.5416011995836811
-0.8267592286877905,0.8098502957266318,4.489652031559777
0.3062034156814364,1.0640852433347798,-0.31378804531887794
1.068324775126423,0.34689166077983336,-1.8633679198612787
0.7975805982671452,-0.7878290720763187,1.1481578752046
-0.13253961014170507,-1.2242485864406847,-2.0010884856450777
-1.0024530571437256,-0.5341538331151086,0.426666424942132
-0.9781823648856128,0.02168272040500241,3.8024541456495484
-0.042558730479902024,0.8617834739557295,1.161359072950362
0.8794184735427955,0.843178033942793,-1.9105675388379466
0.9353224919967535,-0.8421839348865573,3.7575814498547047
0.15492947569588772,-1.0839662966367463,0.3786607950666032
-0.8348204313542422,-0.733352493968149,1.9453257725061412
-1.0812806485297197,1.0138850285214052,1.8279973881800393
-0.3199712417111753,1.5816479009796118,0.24768401296260067
0.7007434290093439,0.6729430868388692,-1.3704330821948756
1.0531611072212939,-0.0059891288697599965,-0.7786370206935126
0.4307948842684603,-1.6420651403625541,1.4449118114482085
-0.5606557661160655,-0.9180992805317619,0.1242163236877869
-1.0928949661140495,0.3267128024322319,2.9522052510208296
-0.5698276455472882,1.0803410942580816,0.5542675175245776
0.4518409762063515,0.9847771651275463,0.7349545240081556
1.0819768247628931,0.3153321278826182,0.35060098786530697
0.776235534435375,-0.8017519988148625,-1.6943852594381692
-0.30853791101294303,-0.9710133328186217,-1.421459939685853
-1.0532210492857221,-0.064303691164882,2.06965521877752
-0.8315826822930956,0.487929748882146,0.13390290501144653
0.14710503073312978,1.0591769848347858,0.013878532370232288
0.9908255508551508,0.2803618108958661,-2.824522343984374
0.9470828876447748,-0.6984010649356165,-0.8620911808595505
-0.005942675744841126,-1.2634189032003462,0.05455275769543522
-0.9405556585865883,-0.8655152278359823,1.928760076735203
-0.9728168218584147,0.5581591320080936,-0.3535724978422472
-0.18330815146152893,1.1178320487965874,1.3389797336837355
0.8558699248881296,0.09638312613977851,-0.4181628664379633
1.118331466795363,-0.1718254939678554,-3.938882385121516
0.32323385581761205,-1.3085462747079968,-2.1336849878816575
-0.7042873593882831,-1.422817614138504,1.340443226644772
-1.130879604990019,0.6650723104645795,4.920258276917334
-0.46433351521792654,1.3084534432997232,2.555819619510947
0.5854050221646582,1.4969117362403266,1.0369160364199026
1.1716159569948739,0.12177022153304295,-5.753113031167679
0.5823282912136507,-0.9809803440696641,1.9511769434671467
-0.44687450770304443,-0.5396715840812074,-0.17856925325719475
-1.117833686896234,0.17434792358315132,0.39442534743425767
-0.7598594977328653,1.4672752457620553,3.0815973542030726
0.322912264508346,0.9568869135935777,-1.7326978464115572
1.0598737028732461,0.18503477388768674,-2.5890055889450436
0.8680338717404947,-0.7690192398425827,-4.118928817159133
-0.17904911279741115,-0.9686841317878144,1.8281976685454038
-1.0162298406560368,-0.3987781501598764,0.37269362279616913
-0.9023366111539696,0.7505054579802706,-2.405592562330891
0.06235462078555955,0.5682286164437869,-4.034129328517561
0.8544425306449979,0.19266033062357912,2.251210690500244
0.9996159697856754,-0.8683215286741081,0.08496392633462968
0.1734961858998374,-1.2151515514794775,0.8541886296098844
-0.8592712344683385,-0.25815046017769294,1.9813950154619349
-1.0724941095199605,0.3510966749884592,-0.749258911866191
-0.3597469752073033,1.0982496761083345,2.7598433907355244
0.7430458441870068,0.5088909378603157,-3.7179071352038493
1.1130747040887192,-0.07401221224540011,-2.5244079624258906
0.46193431209935654,-0.9836807187434873,-1.0915424848775035
-0.5351135284533314,-1.51542162321366,-2.5413849610270143
-1.132600566740177,-0.16205080556020324,3.6248610748945596
-0.5906355946498889,0.6752753556657148,3.5514993117186515
0.4823634387766526,0.7346026283117276,0.05566957016533425
1.0403041879257917,0.2226660393444957,2.7584749394855117
0.7749806084114609,-0.7552434316845913,-2.7198959904829176
-0.311070815614337,-1.2400609162690859,0.5820370294275712
-1.0594757816586022,-0.02719008449506566,1.9230426812562296
-0.8327046713152647,0.6269908630838966,0.8760428176271567
0.22030585815037965,0.8732054956795251,-1.4268340928534784
0.9530862358516419,0.8990268633222565,1.3786427494261562
0.9697601900610894,-0.3724305538521294,-3.6341478298944456
0.058915274072708274,-0.9698285544609283,-4.031655367758168
-0.976026093991675,-0.44089169722132615,5.05710539140741
-1.0303188380394688,0.5994983064731407,1.5312827379303677
-0.14616973252029242,1.1094298256007558,1.1582480571609177
0.781936388411639,1.1696541810091066,3.184708054828692
1.067544779393467,-0.40067764474014833,-2.6784838901537387
0.3178211103774428,-1.0296603283811807,-1.2128359069675276
-0.783792200742055,-1.2088837305778966,2.6687919862924234
-1.0520198828593805,0.07601164210490063,-0.41369250883370723
-0.46817918233893285,0.4681459415999292,1.2620771384120981
0.6269564258833653,0.577306760714898,-2.05670352959696
1.0753142572871,-0.20962195769197778,1.507206282508211
0.6263053748593885,-1.0113841660242076,-1.960355764695746
-0.4738458722173743,-0.5525196608563898,-2.0651999135337107
-1.0923721789480256,-0.98950291405006,1.1211681649036025
-0.6689973292286462,0.4477294992912656,-0.675087104866407
0.25489155937277563,0.885810811539308,6.530644127605128
1.0486824677124948,0.22018980774886066,-0.7834500063615502
0.7568078922991222,-0.5912941101728614,1.1912222306822566
-0.15908163998833777,-1.42140440796964,0.3175289729210762
-1.0369882923162959,-0.5981971797650354,2.4725591911233398
-0.895815025963228,0.8913062174799502,0.3737344905975082
0.03493581741223744,1.1346533191523893,-2.7574350003788384
0.9101982613905815,0.6886176922257636,-0.5173038931439339
0.9472856279944772,-0.8621955998784386,4.290912689278598
0.08489777408457336,-1.4788394750193006,1.9093154073136243
-0.8244303401516518,-0.4918938317285304,0.5962302776540401
-1.0308384198029128,0.3694069007419476,1.1203190327823835
-0.28403139989753773,0.9081508802801972,-1.4003218395154675
0.7559957654795353,0.6760094303363356,0.8377709520070026
1.0616386444925534,-0.03947885112401184,-1.6643830284799388
0.4296697060748239,-1.3167540853532755,1.7756649701820004
-0.5801566858967467,-0.3323089857893913,-0.2733605021759278
-1.1086043989976608,-0.011747722821677797,1.9820972128335064
-0.5065580997188451,0.8504990161529741,-1.9821665963105017
0.489465597259686,0.5492611654010967,-1.9681470497617437
1.1507423378130506,-0.20039440964984445,-1.2926655687832693
0.6374064134803861,-0.7379920672143575,6.108183698927461
-0.2857257782206767,-0.9010735625229704,-0.08821904327997343
-1.0045072493788096,0.16492248210170923,-1.9439626118809643
-0.8670399240237672,0.7419296935256059,3.9251658186791194
0.11361145950655716,1.1414892198611204,2.480965932311257
1.0362076254856443,0.2287724745469577,-3.603261501660908
0.853672334316406,-0.46403628237925765,1.3991141327287848
0.04632797552559588,-0.923799959348153,-3.115870830865675
-1.008712727158692,-0.04979332356431165,5.028593088292334
-1.059188008668156,0.2795229867198268,5.3115944944357985
-0.11620441442929454,1.1288388426463802,0.7133087829782703
0.8965002662933592,0.6987479166799021,-2.9838606702366497
1.1100942901671558,-0.6610100804657315,-3.3080107635579017
0.32348645537641185,-1.1911631199996593,-3.1864670759552953
-0.7473576530573414,-0.8431779198003719,0.8470563512300489
-1.073069819029575,0.06307170524170291,-2.038164944054693
-0.44616136047530536,1.2491296004917207,2.826737215508242
0.6379226691473425,0.8167250301655304,-0.019701979236381728
1.1630457066292423,-0.13301101942933657,-5.706289434429741
0.5536188565905724,-1.38020286102719,-0.6353832385891578
-0.4977984107772764,-1.0743797961585515,3.3321178643942853
-1.0906990596025927,0.23976037970503294,-1.5483490360450773
-0.6573795326800872,0.3228199133003218,-0.593334133249282
0.3405285829945976,1.2933756954849474,-0.8186957704598463
1.0756609920411633,0.13281283094926266,-1.4295752804066864
0.7597026189834665,-0.8580707721532543,2.944932627783962
-0.09832744897294934,-1.314402759219635,-2.6906081853537116
-1.0114744008302448,-0.19815477253330493,-0.7586166287272791
-0.910906690275866,0.4166830115018727,1.1741703924129132
-0.001718226510709235,1.294231051036978,0.876933949846469
0.9098568253665409,0.0975281602123873,0.7097693740526625
0.9470635717837406,-0.5209491877115402,2.380439304622648
0.11661899264772549,-1.2277274904585536,-1.4610297299709485
-0.8498362454471047,-0.8090441384812169,0.12012931651880804
-1.0269461722521973,0.1651808753290085,0.010998280866639787
-0.24359832005926185,0.8662983522463331,-0.4445649425171555
0.7579468438976061,1.0190723467854095,-0.227631688419333
1.0394534209495518,-0.3162265863823721,1.9853155954501878
0.1257371579036704,-1.1832743068087492,-2.484678079114613
-1.0938370768284242,-0.7224652346761229,2.7242876501318025
-1.2666368778207002,0.2719941445397689,2.7191652652590173
-0.26600300185549497,0.8257918231828572,-0.14545733177906417
0.8501600004109686,0.4133698462884122,2.239940285026085
1.371860061910985,-0.08460281607120645,-4.006588835092784
0.3936810245614799,-1.5796687566156589,7.1272583112551064
-0.7591798899807363,-1.0554845945283857,-1.4832673349123187
-1.2933422712340015,0.03540793845341561,-1.814434824653205
-0.6207817405684042,1.0842534008963405,-1.9756065201934847
0.5726218328554854,0.9071037230946111,1.2498898287814098
1.3274574462346924,0.016740519325343373,-0.7050451027261267
0.835959547192436,-1.3220826984888394,-3.7992680434122725
-0.44503867004169156,-1.42822186485555,0.5369868067195593
-1.3511699593843827,-0.7056793973270081,2.9187136388019628
-0.9651539515170589,1.0097240109950167,0.5499163072438534
0.31716619838526855,1.734324619380411,-1.9424101857152942
1.218016671146477,0.7666849458546998,0.8762530755205888
1.1068874201978371,-0.7773240257191966,-1.0591848862374809
-0.042377598534490475,-1.5939619908305727,-2.800800718521131
-1.1028373960527695,-0.8288228131730824,-1.9983437343599308
-1.1711564710225117,0.3764834183118193,0.3395618819282631
-0.13787374373742234,1.2272629526971817,1.3658231802692233
1.0372267028169706,1.030263742947242,-1.322618437185497
1.2960108139626365,-0.18760201154185085,-2.131066206891636
0.32285071779381813,-1.5716173676509781,-1.0253077981617165
-0.9806789940691916,-1.2595294369221748,3.8296232924961506
-1.3762046862368862,0.5266199733835519,3.383632716655461
-0.4998047241248517,1.2942614348605257,1.0175925407962483
0.7567425010915976,1.4589596811850885,0.7207538909938332
1.279401820852348,-0.23516766124814015,2.4408077016038585
0.7237407264664152,-0.6001880358437695,-4.396343381678742
-0.612259180164649,-0.9245397100023339,-0.936844511584155
-1.332868347214769,-0.2589393431171394,2.5788424872069124
-0.8047109112692203,1.7840468705102002,1.9615948036820456
0.5239662497064951,1.0536940217750286,-1.5909097612617773
1.356907865938125,0.1987409226171022,-6.813871184309108
0.9838543279294197,-0.3977707045316764,-4.8493350040719445
-0.2917747724909184,-1.224867395102005,0.02561299167993636
-1.2812601912558403,-0.6205902264319696,4.136299791381077
-1.0332569010301986,0.5104855701867639,-3.123864119495231
0.08675444019098866,1.1664030253221598,-0.17299477409499664
1.1417384215289788,0.5423354432261906,1.7715575164185706
1.2068967928631367,-0.4367553757751952,-4.093085057509334
0.08061034341156016,-1.1026027181131317,2.945051931268421
-1.07313452014787,-0.8808800368727865,1.104856386951301
-1.2305111619246047,0.5562476848334874,1.850377385607949
-0.40313381338002496,0.4477890019113484,4.490218199712553
0.9427313342985641,1.093377640861795,-0.3065792178912591
1.2543240459006575,0.18072582867047826,2.2146950740537688
0.47997355263922514,-1.1469628988827922,-1.2224984816952977
-0.805883491499799,-1.4173070405391712,2.8004002675022037
-1.334817607861175,0.5541497112299609,-1.6186543689260813
-0.589824624549572,1.0926159383014789,-1.8763654617522756
0.6671486723807083,1.2617344379514195,-1.0537469530017984
1.3701870587335656,0.13600634877320883,-2.90907657604741
0.7468968251719199,-0.7139144140034676,0.7337754302407046
-0.4479489007697441,-0.8592110224132554,-0.7555457497305895
-1.3171855905366041,-0.7679152213056195,2.326693785782814
-0.9926386896138079,0.9650516759511635,1.1902871750434834
0.1596684655404789,1.0086648061102725,7.5103792200980735
1.2236497810905917,0.283669052758343,0.26024244042089917
1.0600389089012139,-1.2507954990368135,-3.132585270942268
-0.08857741767912855,-0.8223757567001041,-1.0017792831706673
-1.2015617444744673,-0.661989134252674,3.6254143279022997
-1.1850219675319138,0.8628329539163726,3.4105254355342574
-0.06434736745187195,1.4542819442562938,-0.5364391767493115
1.1534550629656009,0.6067916969808518,-4.362566828677745
1.2916447619896478,-0.8894337263449192,-2.3032332013607606
0.3088408867269077,-1.0063143063603741,-2.0632295902058044
-0.9564783878893997,-1.0488811657064712,3.0519514397044225
-1.3045350508392084,0.4569414341232114,-0.47147822438979314
-0.5025426570415522,1.411403997676582,3.2569347305371243
0.793250829320048,1.0702515175649963,1.4096800716346836
1.33542716585694,0.02059935264330015,-1.9097148362140777
0.6377167220972477,-1.2832955215118664,0.03632548621933407
-0.7180740379025818,-0.8299644134581657,3.188421186040736
-1.3523246338323076,0.21836851307699967,2.4592016210100325
-0.7511714048648956,1.1456585247608702,0.1218238986536313
0.3846659066069769,1.2016910593488475,1.85981341577645
1.2288277446260893,0.47280868740361415,3.06288386998983
0.9321551869731575,-1.3422907499680652,-0.5266990424780549
-0.2754121127987286,-1.5234744213139007,-2.492532797673253
-1.2232873714334336,-0.5127849204616874,-1.992425184325775
-1.0557958144194515,0.8832122339629789,-1.8577091100756808
0.12853483812094582,1.054292293904675,-1.6340362683832044
1.100694198374201,0.8831273838858167,2.573082739071159
1.1926836487677983,-0.15472697418520087,-1.5579217771970701
0.013523697117942393,-1.1990812464825584,4.917189279419685
-1.1049454423166951,-0.8366880043553393,0.7574394911540727
-1.2354557478083072,-0.06761174094338296,0.40127515753924425
-0.24541943776730152,1.2378137633959125,-1.7635650641068223
0.9827977126378721,0.9311270831480806,-1.331850641143676
1.2979562887144034,0.05699344014378993,0.20389940491314318
0.5487110392719914,-1.6201579972483322,-3.8509841101383078
-0.7898235195497614,-0.6214074941897879,-0.11505172770348016
-1.3128510362977386,0.13164588213147144,-1.8788871154500013
-0.58289920342995,0.9587956956816585,-2.3634856912041644
0.751331306294048,1.4742299695959482,-5.644935381946703
1.304297493656014,0.09911845558517096,0.5215899642223517
0.775751348695101,-1.5469744514858053,0.3297243454904486
-0.5538655479739157,-1.021935366243368,6.460049370599868
-1.3325605488930017,-0.1783207380469165,2.427633711960476
-0.9276527588676236,1.5655630168418315,4.028706812973366
0.35885237890784943,1.3483237302087352,-4.853579008579586
1.253806952199992,0.2964939440897907,-1.6163378770498897
1.089468549638776,-0.760569397908063,-5.366370358304892
-0.10807859355588118,-1.3616105237720695,0.6602312020884427
-1.1079745543797563,-0.598583095598969,-1.8128015834877946
-1.1936366700443188,0.9201597903137104,3.836072389132462
-0.04467396377544455,1.064147956175838,-0.9758642878987323
1.1028286496145787,0.7006886361539044,-1.207209553826614
1.1958553194038761,-0.39279289425697583,1.948551261629183
0.2776037103820344,-1.1274942993422885,-2.90783238060872
-0.9846993808993025,-1.0756452190313475,0.7119134425643459
-1.275602677340004,0.14304461511232658,1.4517436178813747
-0.4475471644881604,1.2040794803634327,0.06201177954112902
0.8435838717382202,0.8116505546382147,-0.005865911014454328
1.3144049424383657,-0.3804051029782751,1.906897782639822
0.5205048422101787,-1.8636513708168059,5.958243835441631
-0.7116266240899386,-1.4409302926856937,2.026267851669127
-1.3858311460485182,0.4478005524511586,4.032693478382599
-0.7652588012696799,1.3262775750381444,1.318018765079112
0.46776063139390517,1.6468320745148575,-0.5588361168510103
1.274733307514029,0.4753085523844258,1.6707132658049073
0.9065106767378184,-1.3796769266863023,-1.731699135797482
-0.314245206592083,-1.0781590940033574,0.6772378941973667
-1.1913471075636544,-0.48412874923641547,-2.6326071403636795
-1.0191188041041546,1.1488031049978265,-3.23590971415958
0.16302702747105205,1.4504559136597486,-0.8928512821256152
1.1955391082762894,0.06921198383503913,-1.5715511478811177
1.1923921129672006,-0.7617494918811962,-2.105013663877687
0.023862508517495516,-1.3156710233662838,-1.0076683747233905
-1.0560528297778622,-0.6764310117258077,0.967120708628833
-1.2437335218138215,0.8734741416014857,-0.20707399089145928
-0.19877849817385307,1.175505491711543,-0.11062723118436812
0.8931952606264537,1.1331785980193387,1.7462649275301272
1.2415601292804852,-0.35634432465877275,-0.11457396749779983
0.47012219280728657,-1.6759115076875515,-3.0994584739207487
-0.8420213737719853,-0.9903978033526756,2.155438647905994
-1.2844289222547323,0.42173493778650206,-1.0956910515426688
-0.6402158381020754,1.1814240817594919,3.562040847607578
0.6452698866804909,0.9523619842311326,1.7389488915463536
1.294979944772144,0.14755865366326337,-1.915420491660491e-05
0.8192232857880525,-1.517751803015328,-1.8765818392243971
-0.5034947775276853,-1.4854099764144753,1.3767210098498184
-1.3572685435620484,-0.6361269531901226,3.6268800398452106
-0.9499161435291157,1.3206443882420154,2.0422928339221884
0.33102319510570755,1.1844752969056915,-2.3142247697306484
1.2735637231483286,-0.07890496783808265,-1.868227810339718
1.0103968056717587,-0.8348513652629652,0.01056080612288346
-0.21286306647847092,-1.3320114399897824,6.20385845094771
-1.2114741328488159,-0.5159073997550612,4.380098824093149
-1.1646233618590345,0.38150342170003904,1.8330336931922377
-0.03467744096213695,1.3836191219197898,1.5198265853216475
1.066909919442134,0.8738316187663792,0.011764718881823177
1.2403240671306783,-0.23398567230795586,-3.059353340788058
0.24535930181526572,-1.4465290545873133,1.407470844519756
-0.9247251456103804,-0.9247658940249909,-2.5310066683106704
-1.3074047492246816,0.7408839783984367,0.9673323615705116
-0.37928004666133325,1.352034824519052,-0.9253562860123488
0.8086985258636332,0.9298010540259943,2.0669848419747447
1.3272563545141247,-0.0920271477645096,-2.2643266640987543
0.5510637880649127,-1.164300538044074,0.4963605609370292
-0.6712453579735775,-1.6335841702654008,-0.14112436326404243
-1.3737468335435583,-0.18445706507665305,1.3545185551323229
-0.7126088975351382,1.0247130460275726,-0.18580445037783222
0.5531311024174466,0.9251559101470969,-4.76071231934892
1.3276293629680378,-0.25760753377319756,-2.57753090457441
0.8783215932201877,-1.4770469217480053,0.9612873406576489
-0.35811530527439883,-1.0360638856682904,1.942031318471471
-1.1782600753857937,-0.4593936526424447,-3.3917979685398674
-0.9911083092025947,0.4112230608219358,-0.2326464785168536
0.19232027081665387,1.1675800994646794,-1.0028439352879048
1.2260209672919058,0.03397349658756821,-1.6728071478948452
1.1159142911797713,-0.8960552431113267,0.4200031568247997
0.016424975815529173,-1.4434309564312087,2.4397058387500383
-1.1366902456508459,-0.8214279382320666,1.0971036803083822
-1.1755887245839247,0.7402960278633108,-2.233207742889753
-0.27999077268414935,1.1384045483390455,5.962996937474392
1.000921263767581,1.213252930219052,-1.1852784102595608
1.228001753034498,-0.5434854592305949,1.1765450920936278
0.34293603177025783,-1.5298185113884866,-0.5826831301414681
-0.8947093529939343,-0.7494346868987972,4.586724569829704
-1.3139820650372223,-0.31027326130826705,2.0889348904852945
-0.5254171712675983,1.3902438509736608,-5.003548022741301
0.6933525631177127,1.1187859178595583,-2.516955891653557
1.29098956446306,-0.12239285500623698,0.20535316074462587
0.7006950845965667,-0.6491828720958376,3.5921444502222437
-0.49927949184732584,-1.5809932395489197,-3.7717363389215883
-1.2790040245281005,-0.21539670039241066,-1.1217429973617072
-0.8867163442751762,0.5130954156654444,1.7221152276954743
0.3899619722121597,1.211060951120585,-2.2379128812570737
1.2942401368251037,0.4537897998053875,-1.5718733064721218
1.0119255374037772,-0.7898044191945192,-1.100821556372158
-0.22500692686528745,-1.4834729669736428,5.060526149627003
-1.1278449077895323,-0.48903885215620724,0.5627158171388763
-1.1697827730796815,0.7433217238275525,0.3015642218332454
-0.0017756275975395822,1.3225682460400625,-2.048622249816725
1.0948747361049274,1.0055655598786255,-0.5925741500781567
1.177926331125704,-1.0078848124158335,0.5445494120851376
0.23994220547990652,-1.3895787012550054,-0.055078611313689185
-1.0303075424277193,-0.9341971953873845,3.5136485090240703
-1.3342249490577018,0.3226658178988573,4.228694264507156
-0.3821935539665952,1.6774981595616616,-1.6404460171738344
0.8630408416917221,0.7410413963370222,-1.0070051987136535
1.2608632692636184,0.09681518969632319,2.1087232618931475
0.5724896221587964,-1.6551583755311754,-0.5055907382533265
-0.6836760427558111,-0.9150262238189033,2.05641748235133
-1.3619865308955408,-0.06458186863177673,4.662608026780436
-0.777648451884711,1.0100536273703147,5.068528513955354
0.5632115518857603,1.059791498252876,-0.7686902018022923
1.4131872577067908,-0.3851604787991081,-6.650183404575706
0.9011178340544742,-1.0636381873252803,-1.7929124729951895
-0.37505044872712723,-0.9897191232160502,2.543631524045089
-1.257819223530518,-0.35871117452851764,-1.6560993506151926
-1.0370458689633617,1.3125577416014322,3.342411040619942
0.19463935713414285,1.2865409291865109,-1.1156287934578202
1.205701901298877,0.5843398257872845,-0.27392703151786213
1.149045173778416,-0.6328196911800066,-1.8362427702157025
0.05376298167650564,-1.458673827708511,-2.0035847134185114
-1.0986796639032927,-0.49810038214688435,-0.1022127923977817
-1.241542930393249,0.6418175574397811,3.1427418878048186
-0.16791936211107325,1.0277075999340444,-1.8688924537160156
0.9392986507556341,0.5477816841206845,2.189862565383099
1.2479896972695212,-0.8477105266947838,0.7656912799896657
0.3514195037629605,-1.8064518946496444,2.9541655497082675
-0.8226998060653136,-1.1607343447862872,0.45923277194903966
-1.2993400382154334,0.6421569531185634,-0.43097865297797555
-0.5131299321675227,0.5408107493944533,-1.4970681489306503
0.7123336506038332,1.2549299114003236,-0.39695758368200884
1.3311823949528325,0.024705313877820823,-1.7170919532497166
0.734176843981496,-1.6500596346495433,-2.634210729003018
-0.5477378799140098,-1.2563479883133446,-0.9669800318256294
-1.366434691911088,-0.20784338290916637,3.4334643712358126
-0.8863207886219212,0.9836837552052657,1.5948804310813358
0.4346836403913779,0.9707813383888444,-3.2065721789268085
1.243367599017541,0.44596453589866636,-0.7093790217962034
1.0317312708385327,-1.075153404377534,-2.4345389068460648
-0.17552065583205187,-1.213803204202114,1.5709466481328982
-1.188266554274908,-0.7294324296341015,-1.924051436408353
-1.0774153157794983,0.24961585724869728,-0.32597415155452225
0.017924080991124944,1.300892459240835,-1.0083890542680174
1.1271556517336117,0.6705987175747308,-0.6491880163940011
1.1302643265622752,-0.8056143600477217,2.9334117318630786
0.13770734479054186,-1.3784096363499425,0.5718767173440231
-0.9850238561872359,-0.9327444550960201,0.34234886628207006
-1.2196607117297276,0.40132957098683697,-0.885778669431919
-0.38124881996594046,1.18782900356786,-0.11166288278494085
0.8453616579326415,1.0861637749164492,2.5398702359997305
1.319584698087255,-0.2560513987497992,-3.6962096715621295
0.5741201979125601,-0.9879933638114432,-0.494310597551223
-0.6583859529062077,-1.2519940905690834,-1.9948714171856863
-1.3439392221206343,-0.4717081814230284,3.1304339804092645
-0.7017101796037314,0.7158659959580232,0.3631692694202826
0.5310426923431947,0.935699554225208,2.5746672923283556
1.2946193375264379,0.3968818854821543,2.669007699982562
0.9014477660422074,-0.8098123136307217,-4.271957443683131
-0.34140749331155706,-1.7010370334472638,-1.975043887206529
-1.2956640358518943,-0.45592931821957783,3.5243678059096686
-1.0239379921808114,1.0032300145651,3.2957186765477045
0.21310028336722953,1.6756115282441293,-3.21247674916835
1.1646014891644656,0.39521942638875207,2.073355673614702
1.0546628505154976,-1.2504586483683466,2.8900118403331154
-0.046082875458810346,-1.5547714472832868,4.15966981933623
-1.093519222310798,-1.0001043699862666,-1.5563263238358254
-1.2530977235541354,0.7504871995744689,4.083019389286914
-0.2215655293609819,1.0886559294246962,-0.311755669757553
1.0570762950625336,0.8282499382844427,-3.349065445162588
1.2779537723922998,-0.22948656502238984,-2.3052470409994816
0.2775730785015906,-1.295947174745226,4.730893182681076
-0.8642534774729331,-0.685282422825117,1.8821250406396484
-1.3470270344577664,0.2802663105829595,4.100664108960778
-0.5268969901666745,1.1218401619264355,-2.334466546027759
0.7137644522489981,0.8934789975049501,1.4710341516356173
1.2959846039943446,-0.28900784448085304,-0.8254974358631487
0.7729244897595123,-0.8279577454393122,-3.7657864375438748
-0.5906788436123451,-1.0637131083756741,1.1135641399739826
-1.3329425411619722,0.1525758360932683,-0.07589230553656207
-0.9293169213148227,0.7876126152752089,4.4682259200666135
0.417820487750815,1.1835970137961433,-0.4615646796867179
1.3027719094984487,0.2353570169579211,-1.4401705707249584
0.9099613153422879,-0.635710178899761,3.8218996813028654
-0.23928604841793394,-1.114359933477121,4.996400844604058
-1.2456754492495863,-0.7931479107682127,3.525021085852648
-1.1310530873202955,0.4813136801873752,3.227645480124542
0.041206590663242046,0.8697751450128238,-3.3090053756242086
1.1554918033453114,0.4064189177507116,-3.8239239154318327
1.193992871528282,-0.769788459608578,0.6740571402638174
0.1631678352136633,-1.3227636060308863,-3.413025387189388
-1.0034308583147307,-1.0692378725099982,2.009376434437178
-1.3003482074268822,0.6494643500921038,4.795311355768706
-0.38473702412031113,1.2218887533972282,1.4236089161562326
0.9549023306024391,1.0617311576361244,-3.575861829015398
1.3263239583725408,-0.122179766424102,0.13882391378851056
0.6148351311205077,-0.9962382030182593,-6.214459239812855
-0.773675809873246,-1.647258747009183,1.1671571927922868
-1.2978346065070163,-0.46572733998247906,-2.17874709650257
-0.6471517532600625,1.106403136465916,-2.0381789943619157
0.5879115947084992,1.4352455858021012,-1.1262350907519958
1.3148412680061408,-0.16683356990027987,0.4643454567658406
0.8145113470730937,-1.0771403433867888,1.0518083509031289
-0.3541319386749675,-1.768386571117669,-3.533890425074783
-1.3625992837814964,-0.21547017086084863,3.0280659927650286
-0.9499239480536151,0.826715332987939,-1.8760663431614366
0.287068296089672,1.6287533247124466,-0.9053151930482417
1.2091403876414184,0.7852209245963448,-1.128586655985253
1.0267002643414571,-0.5608958077818194,2.573762862462462
-0.04514307868856427,-1.4256348694275114,1.1758477531665412
-1.2083407077371837,-1.1886048599976644,1.9753342371803266
-1.234219612604604,0.5825260289396084,4.325531965036323
-0.09648729393001959,1.9956524291791802,-3.2407929039377015
1.0364182650947342,0.700082148965892,-4.0285185431119
1.2072720449350383,-0.7285012803128477,2.7033890753339618
1.4352637265911456,-0.3006912140936513,2.208049810410238
0.721262838546966,-1.350822763009215,-1.9500619205391956
-0.6504615165297076,-1.3295016662591141,3.622482103122387
-1.3866369873998907,0.1770855280475636,-0.246256187023286
-0.9629681434273275,0.96708375952964,3.190554213726516
0.5282682033570972,1.0573320191934223,-5.12348646058977
1.4021968124768982,0.24911827590024638,-4.24951961846104
0.9840571451984343,-0.721482459506505,2.3718375440882675
-0.25187142185544986,-1.4631470230641679,3.224533907440763
-1.2517496692828876,-0.5110478901050719,-0.46011866952202496
-1.2214340638474195,0.6786513685004214,6.5552474813304995
-0.025401473985922282,1.117039816675701,2.727811604058775
1.1463593900988818,0.3186208190077455,0.6241305451639506
1.2572254420496891,-0.2572692866112858,-0.04682365035468872
0.15108504931796726,-1.5589417033970632,-2.840904987022408
-1.0399912629098433,-1.1317424032864098,-2.125237183680862
-1.2829101790759143,0.15115208861210205,-2.660283512944944
-0.35749860850342874,0.8872710098738364,2.465488213605236
0.9770333312960034,1.4214758853231517,-0.026324856361659155
1.361992306082691,-0.19381134673633227,0.2790339194337241
0.4515745413197084,-1.3446247416911667,4.6330871035911825
-0.8218925903198248,-0.8882095617369612,2.141498727516347
-1.3976219298479517,0.3552214764937134,-0.3400678708227131
-0.6683007827484836,1.6861088233098742,-2.1966630276031274
0.6189766470770609,1.276903698931534,1.0747544543433263
1.3616161352322338,-0.1331502945838181,0.4909028481076382
0.9036361989042163,-1.6064615778806335,-0.5532981459918618
-0.46940374291952836,-1.5534566345470453,-1.0871740544026236
-1.3891978159989606,-0.07560715100436988,4.148127726394652
-1.04904215676653,0.5641828133746113,-0.8145356947882482
0.25758288497743564,1.2203469675838012,-1.354550028950473
1.3258101814697552,1.0927378167892166,-5.033083970085218
1.1110643159576974,-0.624180557656695,1.8294492400867923
-0.052906203494134815,-1.4794081690516405,-0.047831906292739035
-1.1962601006718618,-0.5355123763234593,0.33554122509980633
-1.2721891296586936,0.9434534039186504,2.0460525199595634
-0.09076972880913617,1.8026267945608714,-3.015245511051099
1.0795994536462659,0.7067795662165044,-0.5204152630384762
1.250523424985058,0.021285838575232363,1.2411372530764015
0.40663067351826054,-1.144634352894155,-4.0311652977885135
-0.9607620761482955,-1.0948607313906038,-1.8978066539915373
-1.3061116980716805,0.19488584029173306,-1.9745719089720009
-0.4725150299815883,1.4808750637943415,-3.3028352881119125
0.8225523875690127,0.8564937465472977,-0.015751357421417422
1.3236384507870975,-0.2847340476582805,0.9687656111109608
0.6831995890340279,-1.2689633876255535,0.6553553829555325
-0.5869498302478323,-1.3098915639013178,-2.4447357208283607
-1.3707667169219535,-0.673537329784405,-0.41283735945009675
-0.8069924397879815,1.1496441091397984,-4.175423280100169
0.4247465126148585,1.2533859217055148,2.005156039222543
1.36492521568368,0.47855961943352954,-0.4263727089932229
0.9609540059490007,-0.999501319864809,0.9710134896112943
-0.34215627465210435,-1.675921634662224,4.389528364104215
-1.266615686065807,-0.3119842028796527,1.9276617596351024
-1.175569263431103,1.216746159711073,4.598422006724459
0.060417963740927845,1.8544810152785054,0.9804557673700909
1.221621928466028,1.1253792881452807,-1.811931975981469
1.213840173092319,-0.5721793649622231,-0.5187091468869143
0.12078597925582986,-2.076860997488499,1.7225718672940515
-1.0697674646283288,-1.1270711538536504,-0.4555989915970504
-1.3339552276843785,0.5957956554601906,2.4196687682464915
-0.2888245367136384,1.7582620636394626,-0.8110033944053474
0.9440954046890451,0.7156006625009592,-1.2459577563191515
1.3445986438312587,-0.01341581546402515,2.2672156101336216
0.6012098316693103,-1.0761773572371915,-3.8079092966469705
-0.796279879182338,-1.3148888349702519,-1.2519506276617798
-1.3805831677139329,0.1429180444672018,1.6674001949790191
-0.6980754590980657,1.2038085514642227,1.0266469125057631
0.595447036207178,1.3830194773407485,1.6623080550115343
1.3784711661820233,0.27412897245031487,0.16663162564357048
0.8574436155147549,-0.8405559580089988,-0.9530614443960994
-0.5454385397460717,-1.3958272184575367,2.587536514258083
-1.32542016869961,-0.2487061839768112,-1.6473020954168522
-0.9600166963923599,1.1125079047620816,-1.7031822724538015
0.23127442380683708,1.1392482576346994,2.9435706582111574
1.3319045127864189,0.4458705210524394,-0.017961413673079074
1.1655303230418168,-0.2496182611914921,-2.4405390458103704
-0.08462716259327659,-1.96551479967842,-1.9502434358029708
-1.2026302604277432,-0.8034589318821173,-3.072514711112623
-1.1973427787372848,0.5979962239934011,0.38085350493832826
-0.18356442115746513,1.4659678661988,4.559849021781888
1.0917010808339669,1.1959960607207498,-2.869019227813586
1.3241735669575312,-0.4548933893911411,-3.572148407151921
0.3013677790521672,-1.3878197392815184,-1.4964748917632709
-0.9731872717111529,-0.8317376087595613,-1.0395743174895722
-1.4120641696846339,0.41404658111303894,3.585769566067749
-0.4595296681823734,1.4514649926241836,-2.0377712964143124
0.8337797728693609,1.2871978466673188,0.04669206312614693
1.407708704904638,-0.24757923731320242,-2.447259313041368
0.7047671989967123,-1.11604994014736,-1.8571865361861477
-0.6788536954105977,-0.865587995768286,1.5198931346596667
-1.425681256558884,-0.05726036588712846,2.5709193831784503
-0.8369502827055993,1.2413394061522958,1.2960102012960195
0.5129372641810545,1.2731555906089733,-3.5511093280652886
1.3140906018230922,-0.23175260870615277,2.6526316919506634
0.9758892575327127,-1.0916935565081454,3.080630882576799
-0.28874660724954954,-1.317849879413651,1.3680291833914082
-1.3384947354321917,-0.39830623434624735,1.9952576778500601
-1.201291559949013,0.7520903704149784,6.58665917537667
0.09784515341849656,0.9018105307056984,-0.09713024201434273
1.1728332203198069,0.5342912684266343,-0.24512059906104444
1.340183864663922,-0.7917827023356439,-5.990777627378359
0.15872733710153356,-1.4928483176957696,-4.099503617474969
-1.121153927200017,-0.8298353939839476,2.8249257022015595
-1.3585261583440285,0.7430853701187412,3.4274487620400316
-0.25893896051676024,1.277710233125522,-0.18946574553502904
1.0306563602952876,0.5783683611471346,-1.5062381929472035
1.3753711308187833,0.2929503965090319,-1.6999455156957781
0.49767252834429604,-1.2139984961589456,-1.1371311356851999
-0.8769761082411578,-1.0082579759261783,0.46887081110538187
-1.3566853774188294,0.039367055955953356,1.773344548083689
-0.6833537386890671,1.2522224297640105,0.45194692623649835
0.6611038828325971,1.3481302648311118,-0.18631006167375896
1.433664357939925,0.29413804873897775,-2.0090264991126765
0.8517148409799582,-1.7575856645330927,0.6372451628841569
-0.527995791538018,-1.4114754121035937,1.7514954614576421
-1.4002291558706856,-0.47646964508572975,3.944984567662647
-0.9270442977442299,1.367753397398606,-2.9414234677435256
0.28697934484630216,1.3156843965597294,1.6963054399726063
1.287326042772948,0.5077233630231959,0.3565488044528553
1.1319117444253852,-1.2769138909054438,-4.05170501584396
-0.15369162737027245,-1.2540700052148923,3.5567906981394137
-1.2103236710920087,-0.12310950435503454,-0.2154893742838332
-1.2158511830234686,0.8197115009809841,-0.8058242614828517
-0.08462797150587299,1.0693810810270745,1.6020452624127568
1.1214025724830863,0.8761947287502503,-2.109415564710424
1.2986790819842087,-0.7622583504201896,-2.93033649877783
0.28705807387305576,-1.1402259318094399,-2.162249764086537
-0.9894627614995486,-1.0389178927790548,2.171725453074075
-1.4073703026585043,0.40978459863605043,3.6128227557938772
-0.49934360334541933,2.100214017857157,0.5758675854930151
0.8752534625682613,0.6999254390456977,-0.2428620477026744
1.4624073086674074,-0.6595007041638745,-2.4278892322733956
0.6453474311587795,-1.5640467427567275,-1.3345216777531987
-0.6474177750160349,-1.4275423674558152,0.040088185994141545
-1.4498486147700387,-0.03179920257764035,3.871128957954846
-0.821448388716503,1.5044372016935759,-0.19701715488601446
0.5313915132818875,1.146919167915339,-3.6780972573224955
1.31515842643845,0.402251985346469,1.1403201443447857
0.9560243119892837,-0.9071588583340312,-0.15238698189678213
-0.3038268603014625,-1.2522119133913434,0.3007008158035107
-1.3533091843875462,-0.7862450676557609,-0.779769525531887
-1.0112411408722048,1.1141842374952748,-1.2534888628390644
0.11404442695818649,1.4693945936044828,-0.0008081614983124208
1.2309299964595062,0.17536477190453592,-0.9047292288706493
1.2157647797894071,-0.32263262400506365,-1.1673517193573302
0.07623697958330769,-1.6015766394543023,-1.7046186740352864
-1.1556012237385276,-0.6149622980494518,1.770853219614602
-1.2568568864738552,0.13966009009564795,0.7821255007526562
-0.23756093835459444,1.5486922137482906,-3.982759385953277
1.0282384983700303,0.9680710459847364,-0.02362122971708791
1.3527900263238615,-0.38047269852326093,0.9402097637849379
0.5366152948539671,-1.2153035225933384,-3.310075322072674
-0.8708230630512601,-1.3668892380288877,-2.9841846289489498
-1.2668650243203359,-0.20428791788361433,-5.814629610438905
-0.5745050482894918,1.3643998237496147,-1.610938158429398
0.691641354058641,1.360074154427207,-0.29662399884973767
1.475442928300736,-0.2048200328057248,-3.932460300727804
0.7244039284337445,-1.1818778815965663,3.514189588042072
-0.4915542195343179,-1.1228541569424544,-2.3332447593045877
-1.3428854840540163,-0.30193056121015416,1.2960256670719323
-0.9314758068578359,1.191156310852312,-2.5698526381434963
0.3514434677193064,0.8053271297956158,-1.7697660847090328
1.2953190193024156,0.28129108325170016,-2.070689847246166
1.0851973162839135,-0.99680828689099,-0.4032895709813322
-0.1406746398197277,-1.1412382504507557,0.22789181295737482
-1.1520182091101605,-0.8927511508889163,-4.446023837444457
-1.2119955010717003,0.8749051136236907,1.2336624574745836
-0.057958911764324814,1.3225921959067621,-0.20300383432479974
1.1230398609824148,1.2094523860322148,-1.3354607877718443
1.288521534939512,-0.920078715728142,0.7906776281602964
0.25233941647833386,-1.1800535109664638,0.8126534461550339
-1.0485478506826438,-1.2184883726702467,2.916211857955336
-1.3183987021407193,0.3014203505170665,-0.6369780901354588
-0.41973468058637076,1.1210168420927573,-1.6118534264234718
0.8601047387943318,1.0479036156661747,-1.6424898614469545
1.3498865499309123,-0.9840189557822976,-0.26910313089135784
0.6898863553787712,-1.1643537323860242,-2.270793910457579
-0.755346356008994,-1.2456267703798185,3.831682931037224
-1.3764459319830489,-0.5080025102676622,0.38919707911400714
-0.8286045300843952,1.1610938725765023,1.9034930393164284
0.5115415813460913,1.2034734954846962,-0.8649327716446231
1.3536779872681457,0.3345822528760689,0.5385414132279714
0.9440338983211088,-1.271965290072992,-0.5589298264194276
-0.34810414499351006,-1.4871155716700872,0.8693913134103515
-1.3104677055317366,-0.3607626121997787,-0.7048574039343449
-1.06574407156866,1.049947654934839,-0.6967281562144462
0.12497384312362177,1.0695035125841272,2.0686515716434584
1.2471113498415958,0.42413903355962623,-1.7269587102042578
1.1991298395674563,-0.6624611548491444,0.15197892569612848
0.014894164739553281,-1.0694082292084288,3.2070514448578513
-1.0814739601001686,-1.3377701235299448,-3.1492782213767145
-1.3450650124265116,0.32358977244415277,1.9824405692446316
-0.28374368247629717,1.221754131072274,1.3359539254334185
1.0405316620564424,1.090908926320836,-0.46657453471281585
1.356784487408702,-0.4931345289724365,-0.08219744490458064
0.3944668181081848,-1.0149322696126402,2.192831639917503
-0.8505776761921859,-1.3241631788464459,-1.2072991700188773
-1.4149657809589038,0.06197572105433924,3.142723715728608
-0.6273424385386832,1.1681684374341184,-1.3620775971121357
0.7280757095123331,1.0749051334111304,-0.8935356228588509
1.3823792266096677,0.2688422929367107,0.8614523361064387
0.7207767776863269,-1.034718675458608,2.9707793128314757
-0.5299971542956292,-1.6562405242212968,1.5050052701064898
-1.364018640135185,-0.5925094128944897,1.7200826489053693
-0.9899577873078248,1.368813753156637,0.5851605597122672
0.3815601006326468,1.3429372829372526,-3.4378760429008848
1.3549395517244944,0.8045333539702593,-4.277078222724325
1.0404790993309572,-1.254619406757022,0.44295089357954676
-0.18817962832082574,-1.4363777936856352,2.411399285473401
-1.277113157680791,-0.5374267295824053,4.708792341931319
-1.2381587197594657,0.7987550355884143,2.9274738196282746
0.023098122043029662,1.1991399516352534,-3.1694696284021315
1.1151677468279224,0.928421295364682,-0.15743282408188786
1.312543041586668,-0.4630260731529079,-0.6979552699344749
0.24983539575537236,-1.8633197134878137,-1.5564247442142176
-1.0596544897417282,-1.0286137199253065,0.8415554295941541
-1.338065290842171,0.38462116216544495,-1.2900281073673576
-0.44938651881931735,1.5440379846009251,0.44310524531937956
0.8931761940680016,1.567093025400792,-0.6233954340484793
1.3724159002396852,0.5070483474514076,0.24341675738018778
0.5620507083325657,-1.3308794212336978,0.7008545824486923
-0.8275134597398872,-1.6144242675467673,8.295481845740584
-1.4241537427516584,0.25740822692385756,1.336956990171801
-0.7846449526665771,1.0880161766538654,1.5667834489113353
0.5955019710569952,1.2365093923880206,-5.974395831187311
1.3471318832275263,0.27804871333223513,1.0319016250511737
0.9964913623827036,-0.7799723314273521,-1.6180390144378498
-0.3330243433556915,-1.773544625104786,-1.0747065608940753
-1.2720650927899018,-0.7146259415472833,-2.697125944054402
-1.0048610484632576,1.0766777591326848,-1.6132431341744717
0.1896605237632993,1.2875061353575916,-0.1727661959089999
1.2681980055305908,0.3772815291781073,0.8722611368218336
1.1433364661422813,-0.7678146992064117,-0.8340290922996901
0.06826044980639306,-1.2285541070935153,-1.3023010018409142
-1.1293347372654363,-0.7874764333686257,-1.2233882983393007
-1.3355314925309405,0.25799240964753056,5.656105169183119
-0.18061583347978338,1.6122162421912092,-4.467452554443945
1.018045601441167,0.4213923831463723,0.6909503521676025
1.3163915796487762,-0.33578893192146353,2.9174496117551687
0.391828285194983,-1.2613031313804468,-0.44553429216039886
-0.8591514421746193,-0.9805876161695226,-0.7941733655903416
-1.3774930244587098,0.29521422781908613,-0.3592899896236784
-0.6408915930493301,1.5067106251258504,3.4275027930519966
0.7383029168678744,0.9319170435410518,-2.040170602426236
1.375903549024031,-0.3666600711750534,0.8500444507874346
0.8015602611030699,-0.8401256668632756,0.15691103585855348
-0.6188173622979244,-1.3342042962728011,6.879206022150441
-1.3857200599997679,0.11728584900997374,2.4453969435977116
-0.9138435572981101,1.2904754482225127,-1.9665529459555742
0.3910587272714093,1.2768371206057865,-1.2496172791985116
1.3235143121393154,0.15720366902811755,1.435932804581385
1.1230361514752196,-1.2228532839228372,-3.2817723718419036
-0.18349261614191928,-1.3213162356699384,-1.9110615976537315
-1.194527422542886,-0.7882048044241086,-4.417403258441521
-1.1468428217756543,0.590518960749995,-1.690559610629464
-0.024149345368991975,1.4508138765567973,1.374343441461845
1.1958918479761413,0.5760261624641605,-3.233398061928867
1.2862254714286585,-0.4700515661516802,-2.684634490593741
0.24169744834085316,-1.4282107826996866,-6.635167489505884
-1.080604812533528,-0.7791300678218172,1.976901856308783
-1.247315415716486,-0.14690317914530682,-3.7982126010918327
-0.39904094256808836,1.2160533397441904,0.7240615935720307
0.942045690057404,1.0539985796930011,-1.306919983279991
1.4372903963686414,-0.31327082835347353,-2.0073667605656325
0.5812856099838405,-1.4843396392885246,-1.0743707652039458
-0.7859269677660562,-0.9418208504552328,0.7183604427436563
-1.40343121777155,-0.707704272757006,3.515060452624015
-0.6940042244404993,1.00140780402089,-3.373750543860563
0.5691656710811359,1.168887664535711,1.8185387783417173
1.361916926176548,0.00620798962394753,0.20941026983345962
0.9838341723989302,-0.8864086644550562,-6.182949107490466
-0.45218860483754586,-1.4328154738512837,3.456414596867546
-1.3651426364775872,-0.39438566080778226,0.6172209914948051
-1.006555426449418,0.6718611476755798,-2.123570730154106
0.30813103054232543,1.5905615949918708,-4.471911478375801
1.298881492349189,0.6440162181402798,-4.614033405411989
1.2528735128942918,-0.3882082796733066,-2.8495488449965034
-0.031663959082190885,-1.2939592942480787,1.9834919082790536
-1.1321688285812392,-0.7490190300398902,-0.8351812827293026
-1.2341819238030232,0.6772635037301644,-0.8628736238107332
-0.224925149869104,1.5135524415939132,3.145720827082282
0.9962014817958241,1.2631099426555819,2.819119337740549
1.358363088601785,-0.789119961447593,-0.9030048416507511
0.455856806341671,-1.5481833450112743,-4.0374590087141895
-0.9230471337767995,-1.211147881870911,1.1151305349560547
-1.3309092083297243,-0.15999721557549917,-2.160651144307785
-0.5753333117095712,0.9353640374032074,3.0512290209437025
0.6973051695454258,1.1319089876939714,2.8810132868034937
1.3676955017018977,-0.2056861633319662,-0.7415143790089401
0.7879882986660907,-0.9327411086930354,-0.26447867551310233
-0.6701663572520099,-1.0413316123842549,3.805243294453294
-1.3175330842111648,0.08663475234650164,-3.046079995640144
-0.8542185786728861,0.778887858177239,-2.8486905807728777
0.3574817782135679,1.169180857086972,3.110561863071053
1.364871727371667,0.7210556884779951,-5.833633540856865
1.0544456980619517,-0.56564898732061,-1.8494670910891968
-0.24205190016396008,-1.78179130253123,1.5826951589684202
-1.3267918317897776,-0.7640514891822359,7.025215287571653
-1.179960789174717,0.9286283232384296,2.1212828964389816
-0.06978439351655819,1.9039990172860732,4.963969727863709
1.1787457971394726,0.38688806510634444,-2.0711435847722126
1.2724688881552308,-0.28742327651434474,1.3955045596307782
0.14619808033187745,-1.3522191710821425,1.1701930903239643
-1.1259292922694126,-0.9266090223971629,5.609353114960751
-1.348468989448751,0.8922346303339224,-0.29884473984861964
-0.30974775200443283,1.0314359750836337,-4.771575701698289
0.8538061702870061,1.0229296042511937,2.6132591593435177
1.421980817637231,-0.4234817118207035,-3.617626429522559
0.5765768218166275,-1.4253259008784371,0.7337601898084012
-0.7166237490688445,-0.7990380604164266,-0.2996624509054546
-1.39963841559739,-0.12517460021665316,-1.0718007863228574
-0.7528286165474655,0.8717914515675912,3.305541525009373
0.6079103048117914,0.6084072989032141,-2.09144972043798
1.0214063585946362,-0.5798250264827332,4.612600746097569
0.4173321262554685,-1.0151389960883683,0.6848143071257562
-0.5396791750402333,-0.5664184770713032,-3.0196414128424167
-1.0164379813323638,0.44475653571541374,1.4120937731192613
-0.5942568406705646,0.6775099241767204,2.302102285507072
0.4444488007361731,1.0838303232748985,-0.9500051206952831
0.9383521064653362,0.18263541046082854,-1.1198642080541505
0.6635367729053699,-0.647659537709474,0.8469379447544917
-0.29112742786563367,-0.9126979007269734,1.7420671288770118
-0.9113287018355367,0.051930435382362417,-3.891156758869827
-0.7494546603315182,0.46689453138550163,-1.362112027033574
0.13732333707425096,1.236241620675624,1.971707427496594
0.9522905639160608,0.2993816635694302,-2.3719558638104323
0.8575459200123433,-0.4539508761799732,-0.4452279361818029
-0.03375426015344328,-1.69974091179254,-0.8098975018677051
-0.8457009734354131,-0.6575602905107986,0.38372459518654395
-0.8680649044071639,0.5012894408578944,-0.6166956934544418
-0.11977829444234134,0.9481322842246876,-0.8096289743032775
0.8012460726018159,0.6001189510112098,-3.3762668805813587
0.9583930315173539,-0.1316027756556193,-0.2200736585836667
0.247247229313166,-0.9780627873848786,0.7111589127812473
-0.6263584701426155,-0.41093954976170577,-2.246412725568053
-0.94317102032121,-0.02864127719476639,-3.3878029213760654
-0.410322581843864,0.9745015736410251,-0.8109814937062076
0.5409237570956853,0.7806464696585907,0.5681271675669025
1.0746198353829406,0.00010308637949429933,-2.797341592073006
0.5831687022790822,-0.5982975643711363,-1.2531866178395727
-0.4944657430257403,-1.011770866976966,2.4773032773533075
-0.9300545161872041,-0.2691308425678818,-4.79602949541202
-0.671960853111781,0.38088973884561006,-0.639585792507269
0.30673975042157653,0.9332882046209059,0.26587278014848614
0.9561674348138078,0.22092174273219134,2.1488570458360723
0.6927843810977705,-0.3320855389666444,2.6644834318543147
-0.19603114204655858,-0.6396469695815402,1.642024154871336
-0.9710738195545365,-0.45112683585423086,4.968262450256761
-0.7705333964617137,0.39922176398183296,-1.9998154874837337
-0.0005313328946203941,0.7662502157832924,2.8434785785092753
0.8468778175951376,0.5897653615001125,1.037513023405895
0.9583941440130312,-0.7583845427224023,-0.9534105539849598
0.17935470084299426,-1.0038729471919632,-1.5331824022532285
-0.7511110420834362,-0.801570042672255,-1.3234597709103737
-0.9275656002074102,0.2543990380731048,-3.550201928213587
-0.35229264303978025,0.7091332892691413,6.020461130817281
0.7169155877136103,0.7262449303929064,-0.42028150636599704
1.0082047042498195,0.02616756945826748,-0.9354988658856341
0.4049473667784797,-0.8720337576095433,0.2950317362343685
-0.5605850991261989,-1.3950418262133581,-2.0744697476111185
-0.9353427728926829,0.2227294346628217,-3.087101816835911
-0.5308050609500001,0.6452908518325758,0.10936657922877069
0.42017969493171337,1.1710598204845126,1.2939110860281127
0.9995804820382882,0.4761269346663999,-1.7964127097723666
0.6456375553523561,-0.8100593525420191,-2.703543437881849
-0.29079139749295857,-0.4668648533101963,-2.111949066141755
-1.034062925560198,-0.3335071499900688,2.8789030219641023
-0.7388742433316101,0.4715004754356644,2.7611194449198497
0.245125415795868,1.2138768848302532,-5.008382366548425
0.8916996545955949,0.3278230339008792,1.9242394978544024
0.8228104695977837,-0.04220729228901321,-0.9214034430653051
0.006657244285886269,-1.5362301577104316,-0.1620890657531865
-0.9003288868533426,-0.7796540239995337,1.4655248466025177
-0.9173455656651371,0.0961340395691801,2.845067090341392
-0.0766851928517393,0.3652709953732626,-0.4891354932975006
0.7904293226982767,0.7357085781367934,1.4114682324513883
0.9155817242305229,-0.18055305449512615,3.4238671926846047
0.2371024328625919,-1.0543733187607651,1.0900012686021303
-0.7290841189545433,-0.9500085692708166,1.1571085771247973
-1.0099756244467044,-0.0449084521881693,1.792750354463022
-0.42799166036485115,0.5002351700951765,0.48857085548088486
0.5175050313527217,0.9005510307545156,1.4526811117872978
0.9365152870888728,0.20230733055408623,5.379419326535668
0.5728882610429733,-1.0869882640055,-2.116371011628099
-0.5089828206599893,-0.6710270033054172,2.2742964600980007
-1.0119164067456115,0.3789422435630596,-0.9527717730256818
-0.6448773554809186,0.8300972631039549,1.6897442666186684
0.25695741263442134,1.0319023053059295,2.0316676099963424
0.9980309222018799,0.46760128791177136,-1.490341342918861
0.7876428896748116,-1.1828763271588327,-4.026069008266037
-0.14509711405688053,-1.2257132920162648,-2.026043479459311
-0.9105282502469867,-0.9691125420801727,1.3247186700456939
-0.8999881101434877,0.7077308551805761,2.6494743932418494
0.03117688608929061,0.9626571632138838,0.3407919405129556
0.8422802397355682,0.24334416850784857,0.8117203971375408
0.910031467562696,-0.06929577183248214,-0.024270117319028228
0.06522002698655571,-1.306706614613301,4.028095973701744
-0.8800029935988266,-0.25005121292126786,4.119424857270033
-0.9421295610044572,0.7769127870646081,0.4965747762082484
-0.2670231726905634,1.2530276212275122,1.5858459220922305
0.7075318937947057,0.835502311721148,-3.0428481716061255
0.9935410037959456,-0.630412539889913,-1.3835172669846352
0.42553652639054973,-0.9948977424744856,0.1831067473356035
-0.6464983888135054,-0.9500818568135222,5.195366980141327
-1.0216117402053861,-0.42510880645201976,2.8049727417608086
-0.5173999516003208,1.2370923122467714,1.4923405903831404
0.42780679998159055,0.6671035791748181,-0.14380161065959185
1.0178158264777264,0.28581298122903,-1.464685967863708
0.5988553913458224,-0.737531309057009,1.6423014169303995
-0.3690378665810647,-1.1989984375843799,0.8343812311483334
-0.9673927192318436,0.08902890283620568,-0.10520690741843947
-0.7153738947936463,0.9307428872973184,-0.3965047434229871
0.14471526824732484,0.9631298465756516,-0.4476332811303746
0.9728588543748092,0.2161778290961458,-2.271156079644435
0.7997887739024407,-0.3801089581121003,-0.039137218577386945
-0.01846330405460967,-0.722906717641796,-2.577936196195312
-0.8862963416202123,-0.4355220720716102,0.5348597079381318
-0.8655706841085697,0.4320881665922066,-3.3150879693323034
-0.13086470370484984,0.7789613295667827,0.3414270987188772
0.792565236691398,0.7854010846032289,-1.6799222950122494
1.027083964055616,0.20364867277087306,-3.911162747866749
0.31077765120767237,-0.9758937156857186,-4.022504010989704
-0.7021155819977258,-0.3376021714741212,1.4767639079520434
-1.0634727844831078,0.5814880776657033,4.655004388662169
-0.34422859876378753,1.3116538103142175,-0.219702942552088
0.5936838070903165,1.0244195103476372,-3.2160481465193502
1.0355744282745838,0.1735566462349425,-2.4294238666812076
0.5018626534598558,-0.9489194855143179,-0.1633158228760878
-0.39955321986342096,-0.5885198724842685,-2.670953996705411
-1.0498349418690733,-0.36170771797773393,4.174017270284246
-0.6251050569093873,1.1293704144241135,-0.12955379117335464
0.24452346743417394,0.8685082116157585,2.385480633633559
0.9732574704982433,0.28416645846601474,-2.7415872380197386
0.7041983148524286,-1.242973808722656,-0.371414839476045
-0.12204295710725623,-0.40731931627387585,-1.7180679053008345
-0.9622364250425811,-0.4536443004258467,-0.38932566459159434
-0.8321968932615088,0.587787493102439,-1.052587450572529
0.040944604020908916,1.4217876222293957,0.7777191594745558
0.847995723343357,-0.18558147842279105,1.444962467798774
0.9630047756083423,-0.5561524240334603,-3.5600907202974987
0.0380943638281139,-0.9344881050684091,2.4435547634532697
-0.7279407711984737,-0.7142098283140336,-2.7458078607029677
-0.9405659082101574,0.09031346325982403,2.4039025793729523
-0.20838054100378117,0.8738637861728745,-1.3908984707517058
0.6906620661955253,0.9715331765291513,-1.6205218173433245
0.9853786346935833,-0.4039702653089483,-3.8874321414164785
0.3904059770243146,-0.7865567672443382,0.06113529763373482
-0.6329154134176281,-0.6638357862915667,5.114277737964558
-0.9895435857938275,0.1525817925987627,-0.8979585765128446
-0.48830836105094194,0.8962898931168867,-0.9711645071305519
0.46719869293329835,0.6979325161179212,-0.38382232639086633
1.0578866019565816,-0.18931157228239293,-2.23507191827696
0.6479457007963066,-1.4918371103765538,-2.924821627272731
-0.23240219766100761,-0.7371651686395683,-5.538790637313893
-1.0688612798455244,-0.07161191712588832,2.8212826669824365
-0.7643149273777567,0.6138190061408078,2.4417068787171545
0.21034025735557818,0.6874314353906219,-0.030010510274411928
0.9529088109213024,0.4828384606980518,-0.24715935989320384
0.8916948056292334,-0.7605028798787872,-5.401582024792071
-0.12544973120360656,-0.9792026472596435,7.287443688307047
-0.8786254330129735,-0.9643143321642433,1.5901311457716312
-0.9048703092976875,0.4223204749891124,1.3242194447365967
-0.0737345929687326,0.812055577898514,-1.9552790694836368
0.7979255895403589,0.7236502808884476,0.3962856479257701
0.9802092829518056,-0.29822202603771775,-0.3932228057484395
0.20674851510488482,-1.034350639700609,1.4631117574008223
-0.6930175249854351,-0.8937068347008348,-2.279827274256805
-1.0278156976008286,0.0895388703922334,0.7916868199929402
-0.3868823722479811,1.1821746434138818,1.0957490188067536
0.5221824381281779,1.2844066970450259,1.6202934282622572
1.0864031503357507,0.13739816808648275,-3.1964964620810674
0.4526057232672132,-0.6830870036587474,-0.7818319740758495
-0.5069366455128769,-0.9989690234061754,4.3210282020231645
-0.9365276784547165,0.14683041111259287,-2.9700304874781596
-0.6389957108385851,0.43428904081644737,4.963495989239786
0.3642166832121719,1.0744037364133419,-3.2474345340234576
0.9633618102083846,0.4041927364487946,0.258053204028105
0.6976087758120033,-1.2941985864483163,1.7283108551045923
-0.16112029292399904,-0.862632843153361,-1.754000057300088
-1.0256310034009788,-0.6684825062441874,5.4632040769672825
-0.7750201582756358,0.5700289955619536,-0.4477879069470203
0.05432657298492717,1.5022543427628425,2.030980209391362
0.8537146159792931,0.04857031424496561,-1.3691223729516067
0.8405994975323403,-0.4040724411684815,0.9101213281483476
0.14976208809507285,-1.0156692713781317,-3.9078503443612753
-0.8045542981858517,-0.7949666882507772,2.6711735211304304
-0.9498317270042106,0.7223277670393013,-1.530199264565133
-0.22246875054312953,0.6841141624201982,0.31578282738878416
0.7495163272976954,0.39146649937728706,-3.3259031748399313
1.000251929233073,0.7457636411003016,-2.9866968909282123
0.3543224180650947,-1.1058007871295363,-3.0096589390508064
-0.5543091030032299,-1.037454933055251,-1.8242027549580169
-1.063980929711584,-0.0926464255350401,1.6133502285635597
-0.43677471595910317,0.395984554647871,-3.061216990676877
0.44548029840587183,0.9679724949848367,2.476331899076231
1.0804439994037212,0.3637090792489506,-5.568143570414044
0.5371850186781023,-0.758433811654316,0.46167639630576573
-0.33534334192083587,-1.536869181051405,0.8127366878464254
-0.9692801370148613,-0.4600712555916264,1.100881795072126
-0.655478239863536,0.8885783497521255,-1.6591442611456402
0.2031086434979752,1.4030006325402233,-0.21972986630139135
0.894745756861444,0.7383330547502831,1.2582375136329538
0.8082863203882028,-0.5762082705910127,-2.1097119132237667
-0.12116139439679091,-0.6498976169572568,3.747420526572861
-0.9108709734863453,-0.8378577391269559,0.43014656762027925
-0.9380291298773233,0.9761564121219068,3.3671021311991964
-0.1425468750391607,1.4816731344326828,6.904991907835461
0.8052950929086762,0.8491473927283916,1.2073323529709716
0.9051835996983251,-0.1621389792546707,2.6175349482863233
0.16898067910532164,-0.697012180169064,2.7037151354196842
-0.7189198836328667,-0.6268449313506097,0.7367137567837939
-1.0169512287112883,0.1260258762693689,4.004096920543277
-0.31683422542190126,0.5438152411114657,-2.2587763786359174
0.5935640009008608,0.707499071583016,1.2668313424723987
1.0360223930990162,-0.10076728319872719,-1.2188919023650084
0.4875807734304735,-0.6361586903292967,-3.597937625793907
-0.5084715219397636,-1.4111382913731458,1.824115387119935
-0.9966122249274019,0.3730538295265562,0.5841820300379305
-0.5691470146224673,1.2814273874655513,-1.3090075346147667
0.3788165135514956,0.8597733661876217,-1.2999993659835978
1.020706565689169,0.48109306871025714,-3.1024418810667145
0.6418456323763446,-0.8940447875115587,4.55245380298352
-0.15113766968675385,-1.460303710079286,-2.6878721643794554
-1.0053316390483482,-0.41823568589912985,4.067442154418258
-0.769028229232153,0.47342073998514145,-2.057723964783445
-0.009187192965209631,0.8022947805905442,6.494011863892328
0.89848472734285,0.8349610929329127,-3.438526399648806
0.8791057444223731,-0.7776003000419957,-1.5154603830049744
0.1002206234444697,-0.8954086639349841,-1.3179307756380654
-0.8209188823854442,-0.17811617352235576,1.3295514205344754
-0.9885735369399126,0.10413455244166592,-0.1743218267264475
-0.17971379256211634,0.9222978191919162,-0.7796573571316034
0.7407820662729991,1.1230870862329978,-3.7263321610795264
0.9453413743595948,-0.6453952378707195,3.608260689970367
0.3735499628821949,-1.2274391940864533,-3.454608286485522
-0.5656246296748942,-1.2232278301902892,-5.09760838486286
-1.0595715244817077,0.3654087508593262,3.50259020361391
-0.4552407383711015,0.878344657141892,2.7085120975685517
0.44065954691746045,1.076868397952706,3.754340491591571
1.0663341246947289,0.14294070299387063,-3.383518773332606
0.6111321372470309,-1.1961300251085523,-4.159129076137986
-0.392757720873027,-1.0547443330410033,1.5692125387770965
-0.9762664747507604,0.12501310689231715,3.262709189172715
-0.6554256717912652,0.5295903514282069,-1.5767663013611466
0.18328266152142994,0.9865033430789512,1.02461061293883
1.011376365501794,0.573561148514326,-4.5763136043016335
0.7941487900634752,-0.5603851238418706,1.3723775420072475
-0.1488432941588718,-1.3603859170345916,2.499036896054473
-0.8849319883765461,-0.3756464809391319,-1.1728363507690183
-0.8358048259524451,0.6077733747834374,0.4924983565911395
-0.0028353088523486586,0.6326431150865699,-2.037396756229014
0.8803269016869819,0.8393466385668613,-3.6818318688381124
0.9175744464765946,-0.8092700236126765,-1.0381877690715748
0.19775236121789053,-1.117727370017803,-4.110961061055034
-0.751773172584209,-0.4532608141754346,5.608092453627262
-0.974606294380284,0.16779975641755485,-0.30501045200791943
-0.3260398839549193,0.3657538099343208,0.3047361525166531
0.6035060547992981,0.7591224327327445,0.9409012367232561
0.9242499092676679,0.37288744647115013,5.2743444082210384
0.46700815643202503,-1.231601125393112,0.4023075491190664
-0.45010893281943,-0.6934284591288642,-1.3192504407525767
-1.0595276997003045,0.06478027017425392,2.2938623388915063
-0.5888838632975567,0.2983794730226508,0.07998526953459928
0.32834411072771563,0.5257274250505756,3.595624766022101
0.9840948883379367,0.6146173184718395,-0.1209527252336895
0.6920402893691283,-0.5387517679356146,1.4852907625384353
-0.24720868617669522,-1.0057122578397022,-1.1088602719060408
-0.9691390069565748,-0.6573860175316082,1.1747546740718295
-0.7504008100634312,0.6501872291517369,-1.4125975161584818
0.16303801761174486,1.1176149435788092,-4.3045746539679355
0.9641166237472514,0.5658795857498322,-3.816016167715134
0.8119913461996038,0.15231519180973208,4.033354058686842
0.06848016355084502,-1.351172953591467,-0.6487755454137056
-0.8403879831653831,-0.41111974991615563,0.44474455026339843
-0.957039865320763,0.5033448251235478,2.6576500934327734
-0.1466240264220515,0.8903235250111482,-1.310306849091134
0.6561907353777492,0.6494370103992264,3.3939181545063315
1.060394236011245,0.11190681161518057,-5.966364877023895
0.3005069616505457,-1.2666495208962005,1.1037525187637454
-0.6816687076154954,-0.4970888183029004,2.6659923840670183
-1.0348805732707584,0.04406795458595514,3.9699041237686172
-0.480404873215208,1.0435443513644878,1.7601443789176252
0.5700365793251471,0.6285904180302893,-2.8982860216738136
0.9776002043811542,-0.4516664647530333,1.1583747392675983
0.6020080649381155,-0.7801276046891753,-2.8423967013227713
-0.38815539507643426,-0.12625001353082255,0.26991004100699767
-1.0566481936218421,-0.07210731084966615,2.4887587078778317
-0.7439976193649026,0.6320865120652402,1.3546536468879027
0.26592872737152895,0.9470381893598199,-2.446856668323613
0.8943645185758434,0.23781836479950802,0.8497852634211154
0.8259285298711538,-0.9500452664621417,-2.8142445997832364
-0.09339749541297553,-1.5245207409239239,-2.3771451118166906
-0.9207313067104654,-0.27003920068260134,1.6471467578005585
-0.9332017019366396,0.6372325953969277,3.0208787996495077
-0.07846994736320763,1.1072575969420446,2.7838561070323
0.8140694951754943,0.6813998407123462,0.5934703368574828
0.9337676276338344,-0.31673973828020896,-1.1402076566427972
0.23463249216406362,-1.016876968504153,-4.049902619730191
-0.7036347735510716,-0.7893539050427412,-2.0857025787408228
-1.0381698113687958,0.2845679153991193,5.594160030900759
-0.32885726454129777,0.9855069741084068,-1.179010518677787
0.6239923001280767,0.4877643592819386,-1.650992659028499
0.9874552027169449,-0.18676953310304834,1.6896148058568983
0.5003263287677385,-1.0866983151226832,-1.9986122525984962
-0.5272977213391673,-1.2869274938189745,-0.49289657333438874
-1.0269834474661115,-0.18640014730429422,2.1017454205507247
-0.6300292208787912,1.2722290602112531,0.5031569592683155
0.3899760393733091,1.1355531048725251,-2.2380108968621104
0.9267035577040501,0.43347927321095325,4.381940056280005
0.7490785836816879,-0.5720873878747401,-2.5278137941952004
-0.2947120502791213,-0.957850925432703,3.087739920068844
-0.9390076887429218,-0.5125812905774046,2.921575807272903
-0.7436014799826444,1.0562400666028553,-0.6983116863185423
0.056126769507588326,0.7248557018856903,2.5886349890546643
0.875111706817217,0.6679731395651872,1.9078487379145115
0.8723972770182902,-0.44430305497337175,-1.1372862841025149
0.06512177852911921,-0.43370753467765283,-2.0340429077607074
-0.861856740701643,-0.4602767226339094,3.729187798585407
-0.9299347713953376,0.2667367564442097,1.3333964157357305
-0.14686929920777797,1.1234877461614607,-3.751146370406809
0.7910803547117559,0.6926613222167649,-5.077838337828504
1.0094661675845393,-0.23507096700639718,0.15186444702515733
0.3580183760794658,-0.4893380484933002,-3.5539638271879657
-0.6185896136949718,-0.5037808144305184,0.9324950081135497
-1.027027532849635,0.008755370109616023,3.5577068409613366
-0.436420986679886,0.7528196291666636,-0.8592493107987592
0.5240456919922596,0.6368441143499365,-0.04773056663174069
-1.1249057918600516,0.8721911515644765,2.6613816978391633
-0.050200968592135756,0.8533004396976526,1.0081303697648258
1.0336739949467555,0.7891559579514862,2.861605656466815
1.1770526453067935,-0.4930081476688897,0.756387392653296
0.25560729304140517,-1.6509140472212969,-3.006218485923382
-1.0101614209246392,-0.8604891638479084,3.8306095437718577
-1.2522203958391787,0.5774289147101697,0.9088247410468048
-0.4012408528159289,0.4934384306035519,-1.6074206425399595
0.845980366921918,1.1629063360808005,1.460601696591312
1.2696309903810965,-0.35454282938993,0.829943400596655
0.6155797902973603,-0.6178760277408951,-4.698675431840328
-0.6777035553849236,-1.1358525113049638,-1.6152946243598947
-1.252444796824812,-0.2730863051825583,-2.208572766474576
-0.7243840205092024,0.943638933683188,3.014752855905203
0.56831054640273,0.9766134639642066,1.4341940139955123
1.2727433783353705,-0.4135564252339996,-1.5068155306488364
0.7707844770924979,-0.7836571480467092,2.978015077818206
-0.4243823211699582,-1.5444390525382952,1.1011890467294416
-1.183424589719421,0.14047193898652832,-3.239320847999488
-0.9420616211400235,0.44887952729371294,-3.410106586413576
0.19779622975573324,0.9879364677239207,-2.755963685868734
1.1943519881442897,0.5604226218214092,-2.9819406149596395
1.0423506807714475,-0.33573579459841185,2.18975127791228
-0.0019754029123590453,-0.8240281304267036,2.21923209664154
-1.1417965506188477,-0.7259044069806608,2.0999315490634505
-1.2389891693309245,0.857905427622605,5.129939918913885
-0.1424422004146471,1.265597740592608,-0.4827367673603089
1.0397717942314577,0.4947823405161361,-1.571740353272102
1.2216883039325364,-0.9128324311662239,-0.2126845208530237
0.3358457351883639,-1.4211658429198704,1.5399264741009038
-0.8501521843841956,-0.9389558702845735,0.9225764542178583
-1.3658021629594947,0.279573562119072,5.600702809003078
-0.5512993434952579,1.4439044756490362,1.5608545613584779
0.6833322104133203,1.0344722207129147,1.4730044354127658
1.2589135367875521,0.7224860740837702,0.9625255407984534
0.6864390433141931,-1.420945177791697,0.048452467865645055
-0.5978805734984578,-1.5083761513033638,2.5404262626155565
-1.2461178350405766,-0.10375266183259346,0.3277644665575903
-0.84153675332413,1.2712903832022453,2.1814418390999424
0.47321169915096456,0.8837637059083447,-7.201949862719361
1.271243057669449,-0.23052071243847005,-3.13842450276955
0.976589141688345,-0.6741017433182717,-0.5752705333616293
-0.13180136129344944,-1.6203991777532827,-3.324927888909673
-1.1573790420240448,-0.19375878133216728,-1.8447146965776762
-1.0823302786180464,0.2881737714323618,2.457024144699564
0.02646247574212088,1.4000406584472704,-1.7902689131183247
1.1469903667941204,0.7177686974820219,-4.331384420649429
1.163986234212685,-0.6802997466004823,-0.4553398888866081
0.15393027645719992,-0.992640964548365,-0.08242048938437385
-1.0071324009989406,-0.8935961496178146,-0.6049016184082623
-1.2708165362925128,0.05240863688091513,3.897569261896024
-0.419780329902825,1.424710728835078,1.4164158128694582
0.8339794461985139,0.9647884185854194,0.2545297286260073
1.277983707204391,-0.1348260534844381,-2.3324208501283086
0.45286530462837427,-1.0745409334147098,1.9212555494346117
-0.7259090631818187,-0.6429841198049141,-0.08752020892671242
-1.3565096330547985,-0.3761280903752473,5.387861938417205
-0.6270646856519456,0.8731866710358999,-1.6298858619605543
0.5566382616290776,1.2503229448347848,-0.004835825326797716
1.3195381756617575,0.4016207717649556,-1.8721413943509184
0.8659199340224969,-0.8896171431080224,-2.562424109738684
-0.35539919368814293,-1.3329691303927886,-0.07115083851504278
-1.318252567100333,-0.7674993351900239,5.7894425385016675
-0.9578415677581507,0.4358061981872541,1.7862801374794606
0.17406425869240885,1.3677069375015394,1.8510482642800212
1.1977155448828902,0.8698150879271282,-1.3241525457790955
1.0558561401641176,-1.2840343701535872,-0.30481344336888677
-0.005430220714719974,-1.3029951179607435,-0.9975956414592457
-1.1528376494475787,-0.8948377111421735,3.542786829995901
-1.1303755261407589,0.3547075242513986,-1.0421313160531738
-0.14855993724420327,1.277348884953972,0.518280951660588
1.0493796448458907,0.6105176793770978,-3.2089044900517516
1.2671708733909894,-0.3339457831294279,-1.917388555582706
0.24394750359931472,-1.4556831914315627,4.241866947007038
-0.890592028399601,-0.8403513542315744,1.273839980073899
-1.3571834695948506,0.1090515734192321,4.913680344401179
-0.5139683891155786,1.491824669807045,0.5523086903535646
0.7131455296249798,0.6405535500979875,-1.1688519622228533
1.2872993936923396,0.08654653810325041,-0.19826530609505802
0.7390037478144885,-1.4356173246725783,-3.002871807063346
-0.6448888215141739,-0.9071088540398142,1.4993480027947337
-1.2825412764959478,-0.20796140024135878,2.7668974219214615
-0.8044343066934746,0.9141237894687954,-2.2812841829126844
0.430512198581532,1.5640270704724828,-2.1011741398624597
1.2758619057727503,0.6111497729585713,-0.2830917722448706
0.9298870812384593,-0.8879478545849273,-0.3350436016752062
-0.24826570013301372,-1.830657570050657,2.298751569517824
-1.2816580811487175,-0.6683379716402127,0.9836559630392266
-1.1249172803820866,0.9852982801954402,1.355196753863966
0.06667789312118758,1.1587708645563712,-0.26843086088114587
1.1680866745583058,0.7054814864596048,-1.0444745105939957
1.204489294846224,-0.6336800567862344,-3.875562959331286
0.19595212055256928,-1.0927834210293335,-3.149893127786426
-0.9799455466781597,-1.1033681935579303,0.9757302218926239
-1.1599376554674405,0.26373856964198805,-3.2952833096343337
-0.3190208263108265,1.5775420447948967,-0.09818469737484237
0.8850459772289502,0.8462113926275627,-1.0367091823458623
1.2726718027940673,-0.027033827794953336,-2.6695837673321297
0.4734532121328426,-1.126261547244538,0.04260798758561224
-0.8038441520151473,-0.7214543392448014,5.604558998040073
-1.3494754908721487,0.045044338166388975,2.9760071439136513
-0.7030036000552303,1.1668774063712661,4.51518677647214
0.597020052544882,1.124925928654668,-3.3701970948718456
1.2433909681379527,-0.1550792168739612,4.642668613482848
0.8214448865232101,-1.1733520623996918,0.6786126932181497
-0.3565881802084083,-1.6279907980510038,-0.24571228241110687
-1.2616325570494606,0.12001727927753891,-2.135804281035697
-0.9432361270095535,0.856664193029959,0.24878165666501473
0.2622776780625459,1.5415204408325678,-1.6293060865967868
1.2181116813851876,0.8440223484761245,-2.819289931635545
1.0353220541167956,-0.5219551294159763,0.7505159101179931
-0.009753173412760621,-1.0989230829103496,-2.533527389418786
-1.163521102852436,-0.8669961194741493,4.241281464307026
-1.1594405277515427,0.6733100978232698,1.2595018170235175
-0.14443424895023801,0.5208683547999272,-0.8726744740304115
1.0111267440099767,0.3872502673528688,-2.17059805037201
1.1695634266685073,-0.7609795396968189,0.7821397444587206
0.2517889538360832,-1.440225095790764,2.3071698498597213
-0.9216934778183582,-1.0289993041901369,0.023603982033368887
-1.2895897392094424,0.4494072543385008,1.7438043801441878
-0.5437047327044742,1.176805278697597,1.6926361995663102
0.801847163170995,0.40344930994114514,-1.5696191206141934
1.3266743330730353,-0.03967574524499473,-1.697866411225302
0.635832357337264,-0.9322849453862969,-0.521455387500272
-0.644849169922591,-1.0254880853872206,3.5910344269540877
-1.2863620445675352,0.06507896476895758,-1.533497961505581
-0.9096079175214771,1.1140562448038187,4.7012043814438655
0.48077927348862776,1.1107210585752976,-2.633190758566182
1.25042401534359,0.3485471706656762,-1.2840702942187532
0.9839589386209846,-1.0828852783120835,-2.8227420566742176
-0.18529345156985383,-1.266532000777795,-2.9132733062133913
-1.1902568142543304,-0.16128487694212268,0.743903893826704
-1.0977357364950808,0.8291906407997274,3.897967076552773
0.09400312147449258,1.2745973534015667,-0.49780763757505175
1.1219467266546859,0.6210387076662782,-1.4656749181661193
1.199031864254418,-0.26818804886573844,-3.244442966511425
0.1255037855740235,-1.0493888109014466,1.113393713841483
-1.0281904896086456,-0.3320135789210804,1.22329085995081
-1.264405467935225,0.46659709539591754,1.497429410556345
-0.253019274242971,1.5838881621107586,0.5216999242098974
0.9013516228825657,1.0685412528383487,-0.21673720566057486
1.3416163904743665,-0.3602666137893029,-3.886675964726017
0.48048375942168164,-1.394883075582099,-0.003411514936257909
-0.7437698152262535,-0.9109902616424764,1.0282214077168332
-1.2814903237660094,0.11442651089211497,2.1205603582196146
-0.621813217675572,0.8840645376995149,0.7766332269923543
0.5596247583859373,1.0941794787645909,1.719726420961634
1.2293300922369346,0.11587129694644593,3.630966885273829
0.8104551852543327,-1.3171067547320618,-3.245264591784711
-0.4799301980833958,-1.2502774712653657,4.590564340141904
-1.2429302048127113,-0.3466813347737763,0.593732930443453
-0.8811775132138834,0.7327742152235323,-0.43592876316958185
0.19665474344436046,1.072229603242879,3.0749161008975823
1.2788806419757195,0.5874294645431344,-4.921254641897539
1.1072926905327827,-0.5588700613438297,-3.0315979491218124
-0.06623133322137015,-1.5668353188610644,-0.14608032017331296
-1.0913332606555683,-0.6343235673220959,-1.7674150610383477
-1.0935411366237264,0.8579301269327977,-2.5950840759693508
-0.18217245675901045,1.2898872808310669,3.042401680413729
1.025165727214239,0.5421439245919463,-0.4584770910339181
1.2192071692777067,-0.1899301480300808,1.0533441989895143
0.3062719645522169,-1.3051941908927611,-0.29190383428907896
-0.8040922938267029,-1.4230334313943154,-5.03223180790312
-1.3012707137500708,0.10966438109565435,0.6892130029754029
-0.43581314082403366,1.4215026741004906,-0.25089429968230825
0.7585862870407531,0.9274683142960388,-0.679424172522336
1.2458845670276641,-0.1828229575183371,1.234924155592543
0.6300782625399843,-0.9367035547368308,-1.6388787903970914
-0.5828442673751236,-0.8038546154893389,0.2395419612416072
-1.231099088041493,0.022902699792265446,-5.351438543057547
-0.8058399456442847,0.8687556935261426,1.2380061099906026
0.5143767457004995,1.399806887498063,-4.009435674666481
1.2745891164653067,0.4185837704952844,-1.733427906119101
1.0040111621068049,-0.7179489931521871,-6.355925085657379
-0.2942596256160397,-1.317793157214822,0.5636099178674625
-1.261196534684588,-0.4238817448810206,5.746097424818693
-1.0178392022145384,0.7983191767975406,-0.6304425418760135
0.0634720450861613,0.8442326103085602,-0.3251167988642123
1.2242218769477176,0.27512294826615324,-5.753756942706468
1.1195951580854238,-0.35023475086960576,-0.549751945347221
0.08481362019679015,-1.5273788367637016,-0.8469237855767542
-1.0524801675392126,-0.625306092507682,1.4389601932915674
-1.2518985301936312,0.018640071049391693,3.201429325953105
-0.243335856402919,1.202748679195974,0.6035080342785037
0.975638502353168,0.9384098806582114,-0.13319576612694783
1.2761558602068068,-0.27798099990457126,-0.42964257897932817
0.46975953115148356,-1.060333916423673,-0.08937012320395121
-0.739296172078167,-0.9774555259640355,-2.5022637600385367
-1.343687416566037,-0.2644254461517126,2.800118207774711
-0.6009845655825403,1.5483569991696513,0.7522424958690954
0.6148420281335221,1.601108385066108,-3.1733867375800333
1.3201194686121325,0.06151542499577278,-3.4576537197850876
0.7266340690330659,-1.24566568736455,3.030781524924129
-0.4523587370533755,-1.3542379895227923,1.5065815678433625
-1.279629138227667,-0.23931836088898373,0.030205026566498955
-0.9502285895796565,1.07316009279458,3.5134397669771635
0.28099822366381033,1.4025138623060873,0.38067362920031433
1.257743270722896,0.003972239060717753,-4.573985429082783
1.0790945033477046,-0.8784948911288826,-2.7526214434911602
-0.10520154869707206,-1.253783417966873,0.07830524236853931
-1.1724319491228905,-0.5950770761249891,0.8897926553719548
-1.1395573603719462,0.41947547252632056,0.7965543515536629
-0.02280751649421521,1.3631473723188439,-3.2007857473958934
0.9926248761523615,0.6003581276757425,4.57622489314567
1.2722107102026574,-0.3987831263543684,-2.9660282215787213
0.3365801315378174,-1.2250584465063175,-0.8528116223785887
-0.9009285117961077,-0.9503570461617045,-0.03322724612392636
-1.2609930485755898,0.5851696913924265,0.4409434610272271
-0.48660490836735504,1.3938390001792174,4.859601498248047
0.7591299511247631,0.9153894636088344,-0.2547214712548984
1.2727723136723939,-0.018266935616343405,0.017214059242636644
0.6227576878375127,-1.754619149054602,-0.9290562836536165
-0.6791361215160412,-1.3906151908484676,2.406217766234624
-1.3268665270321633,0.2057805862123352,0.4127728631743491
-0.7938471612804685,0.9181159069481443,0.884855097056001
0.4542666505710532,1.4808811562214959,2.8338571651528977
1.3072710853080272,-0.006287855248736651,-5.382483546029639
0.9109467072599886,-0.9225014880178489,-1.7639764835420317
-0.27542179899846037,-1.367144538186197,-0.12507005390839598
-1.1745345280388264,-0.6733772938049942,-2.572409874545396
-1.117521904815911,0.4913785101844881,3.700752513369816
0.12076999299597531,1.3131636116665082,-1.7769347387897227
1.1346414869660704,0.18636843532926162,-0.18775112358760393
1.1113965054319612,-0.4279361827320671,1.1309519646101196
0.13652218497137622,-1.4350615103245974,-1.8155832449778568
-1.0329018512200407,-1.2521822848728636,-0.8132130636478802
-1.2104399849690661,0.8026476914562297,1.4578853309785418
-0.2696522471563635,1.1058656166168885,1.1242282653420776
0.8754774619505827,0.8301018801687488,4.967292707263163
1.2913581266212288,-0.6236842628604988,-3.7921899906770475
0.4156278868566546,-1.318423111651529,-1.8448708632464739
-0.7813293306159276,-0.7844116421214065,1.115759450196221
-1.2723838415775974,0.5401904106215849,1.5436341287203958
-0.6716715663368636,0.8288261509762579,5.845676184910911
0.7006873779706799,1.1155441833298885,-4.530099006162396
1.2688557985249334,0.1999250151914267,0.2964693296023446
0.7213829678407314,-1.0708266155991712,-0.6846995023271074
-0.502509139802329,-1.5908597894092007,1.8217654955197327
-1.2354555441381057,0.2076083160559583,-1.2099649358056737
-0.8642559209304221,1.0443327370197668,-1.8989806783102885
0.32103326491396283,1.1028082784792914,0.004835525248461092
1.2667880157091165,0.803333462562521,-4.843935809926266
1.0021185062583624,-0.757165063826778,-0.9491492646708188
-0.028157860695791334,-1.587295681513714,-3.9592305505875434
-1.136087293858602,-0.6797333536417172,-0.2337647561045203
-1.1395134468251682,1.1490218676721398,-0.7705080023719774
-0.069365371921387,1.5866316585628544,0.14856465744712
1.0039954383662608,0.937546826824871,1.7558729121158256
1.334670898320505,-0.44377473050857597,-10.799230939921523
0.3138451827767817,-1.418000651088288,-4.671430030939179
-0.9901055731469199,-1.0161436263013406,4.505694802701268
-1.2526363478868667,0.4378546902008773,2.298675380544908
-0.33822042779610073,1.3473995287645224,-3.68318461969799
0.8012133786388727,1.1728036064098706,-1.5391900741565179
1.283910333288902,-0.10300496678715576,-2.0418723652956614
0.6124768029673416,-0.4575397928087238,-1.5640437916344563
-0.7128962880544922,-1.5967423606683055,4.197921623075521
-1.269704341040868,0.031223935808564196,1.0414502116896656
-0.7799828834619043,1.2266493075586538,1.9308136873283421
0.4995818053610777,1.2742476144462025,1.9191083905732198
1.1972215811200546,0.4885316390680816,3.491064467793031
0.8352381878679044,-1.5016228647616514,2.1667746957737952
-0.34867273415068556,-1.5213429052958323,1.458457665082633
-1.224918577355647,-0.5487729849273271,1.4559111097456618
-1.0567562581698486,0.7216166585858019,3.3456053526063223
0.14634885024737657,1.0128739764782424,-2.5310240871210965
1.140141261618994,0.5022537044964381,0.32968581502891836
1.1723078677102654,-0.4141601572277731,-3.6365194066915985
0.0536459029450882,-0.4992241790834123,-0.26527499987804126
-1.0649836558595467,-0.9720603771682823,-1.6654426283020496
-1.2651230208021773,0.43303091662674653,4.629229585390733
-0.2797411615650259,1.283554188588734,2.63813304207392
0.967415260321346,0.679746498725427,-4.183055731309607
1.258602135347161,0.11392449235373858,0.5412822527352364
0.4500172281417766,-0.9557108877706257,-2.6360488694401867
-0.768260902006053,-0.8446753929881123,-1.300502976042025
-1.281885223188396,-0.02968327156929851,-2.279081289161633
-0.5851996850615102,0.6570691101084963,1.735995314342511
0.6757745372520892,1.3764120535971063,-1.0442086613862633
1.298877150850451,0.2512412201102254,-0.8486216236605787
0.7472777162192422,-1.1373763946352955,0.8022197387385577
-0.43950967510081973,-1.9021192666217026,-3.7672387169794757
-1.2460463751313435,-0.8294051089683252,-1.0827374629188584
-0.8852069501895374,1.0277472633237839,-0.3305783706568399
0.30360953010886854,1.1773541775103564,-0.0737914551387353
1.2397574650929724,0.42258884770285055,-2.9638940039526505
0.9960755125891795,-0.20090254731041535,-1.173330437104243
-0.16825207023593808,-1.2349303127363214,-0.705819834282656
-1.179785079196765,-0.09785804006705257,2.2749455716341975
-1.1383589056472685,0.6309859345509006,1.3185501973792602
-0.07485813006604222,0.9096130844187584,2.0045300435586797
1.0417833318041885,0.7547974136322866,0.9090983323796659
1.2179495886464176,-0.8830556481728602,-0.13919771569465028
0.22450260646236192,-1.0367068738333653,-1.1836174286055556
-0.9405132997244168,-1.2530220929406526,-0.33552125731634574
-1.2803804921191118,0.6147152878030349,2.3323940533997676
-0.44909166104676157,0.9221857720953147,2.495970872315466
0.775869009310775,1.2767000744827184,0.9467246779907379
1.336701997411909,0.3319813936109528,-4.183504590045313
0.584310289745802,-1.1634463332990153,-3.103844188488761
-0.717057229651151,-1.1690643669133765,3.6435505545761724
-1.2963163922508005,0.47911878849553946,2.012230681285088
-0.6875626122793591,1.1097017202518888,-0.8522217907459839
0.5830876959272424,0.9889172558425091,-5.491871749210202
1.2718099478001021,0.58206739457213,-1.3626060628184338
0.9083033286752326,-1.0506805317529726,-3.4632665911799254
-0.3863758811530924,-1.336984348709357,3.155478057069007
-1.2941858846770429,-0.3868895930101923,3.625193790087834
-1.0570665734936884,0.1307883276709837,4.015267972936796
0.1363614028173231,1.7200316124146515,3.5338488651765965
1.2208180067060892,0.62125717423264,-3.332222449746981
1.0848559026473032,-0.49577337302139646,1.0720091300443702
-0.032490382988669415,-1.2516864927126872,4.398014494600398
-1.1492400948310182,-0.4929616948325577,4.258036022399494
-0.045840525145032104,2.493397855317453,-6.987973435022427
1.0750244048498805,0.6861499507719493,-3.814396492581469
1.0629428715912843,-0.14172269410346439,-0.7106410515151629
0.15522551647425814,-1.3649855241977116,-0.21505334514025698
-0.9272443333771143,-1.312455421711507,-1.1823419785289007
-1.1375381518116205,0.6113504217244681,3.1173703975959954
-0.39918657965727367,1.332544789249828,4.529743503065009
0.7366229151008867,1.0677240081209394,4.299668571391071
1.1780871708397476,-0.7607068415353435,-2.339388568516133
0.46723873941529664,-1.0326637017502842,-1.0460281432073149
-0.744320528414608,-1.3535441149249043,2.957967838910816
-1.2530722881390624,0.3015810936456309,5.913667705198451
-0.6273677967778403,1.1052400807529843,-0.3671927552195886
0.5085797022777879,0.606354200671714,4.035676900457985
1.2373010448590065,-0.29204567754025246,-1.567686442480399
0.7866539255288207,-0.1824073348667904,1.758703043371293
-0.33582682698598076,-1.3277462200517876,0.9396776978324339
-1.1895158102073942,-0.2521938921620748,1.0641784241063106
-0.9319834808769202,0.9468530680593917,0.5676263843623608
0.13566699391938136,0.9834555084689595,2.973975297381882
1.13787005653061,0.28670444741389356,-1.3905534570922258
0.9310977369472798,-0.2896734276796864,2.7035477829305767
-0.036555552549044946,-1.1867356409420506,0.9918429008138419
-1.1228074989660735,-0.3059358922978833,2.8628569012940397
-1.0515760680819424,0.437910732772957,0.25618103344177134
-0.15564479950122864,0.8606176937304812,1.9507601633557847
0.9078529474636439,0.5034231336789546,0.19086600711526736
1.1974422039784955,-0.5447864293802285,-5.503721780341859
0.3374633438798423,-0.9219098610359785,-0.6327457585626661
-0.8709090859286698,-1.0847148014301504,4.9598906007222325
-1.1556537077597482,0.07858502655819555,-0.46593105739360374
-0.48603514409800674,1.2956871361920654,2.080268324784691
0.7223107469395108,0.7533410163074927,-2.971513122310299
1.1818717399263818,-0.2117327539910574,0.8189375220746586
0.6678879164681989,-1.5311500896283063,-2.7051486162014173
-0.5436267250249228,-0.7675423816917678,1.157257316843705
-1.2312820164900653,-0.09017801807916226,2.94870914738406
-0.7382173140529706,1.0285422545692207,-0.16352274600074046
0.4122754300429653,0.8682157355026162,-2.8589625148784057
1.1748152675250991,1.561882508349517,-0.18136674551181328
0.9453088274898871,0.02003082988453142,-1.5758882983998501
-0.21245192071709285,-1.234058635554145,-0.8642659972184852
-1.1787271886795718,-0.09567087327884471,8.452514665806596
-1.0342614233912057,0.7460877686415063,4.688831884176032
0.026036404659814646,1.9225988808727126,4.027867058675598
1.0576058854155028,0.4344576399164235,-3.130260701244406
1.0494594818094134,-0.4388519277696834,0.16805006081492824
0.17041173683454747,-1.3037676761487094,-0.9648474068312995
-0.9656997844104672,-1.076490626092194,4.568126194197613
-1.151847599090986,0.32568425601205875,0.8633716938479918
-0.36075243474623137,0.868297604582041,4.182292032733221
0.8888194701653602,0.834881991462888,-2.233658540848069
1.1901727187997813,-0.15723817492897862,-2.240384948984603
0.41688305768696154,-1.2639950286059236,1.0206908852444168
-0.7384062054934291,-0.5860812238319135,4.192660064986562
-1.2335976253978551,-0.3812455829731243,2.3701206448868146
-0.5950199313082123,1.374539447572744,-0.8426183675560783
0.5722971923955142,1.2661179317448013,-1.5934931183507328
1.161149624442787,-0.030134113789703765,0.056437587566787205
0.7987581827805719,-0.6474417017628725,-3.0851713031497927
-0.43902005872223115,-1.284053611450267,2.6273919612848666
-1.172160908530758,-0.14210022586612192,0.0861401679351674
-0.9035456554599646,0.34102634471635584,2.7835601150662064
0.2194411419147164,1.2694916904206905,-0.5948591837030293
1.1844942987888565,0.73376783588598,-6.713339279622864
1.0166856806376803,-0.5555705107227865,-3.5130651055207105
-0.09238376839114397,-0.9426720094374819,1.4794110016362088
-1.0064051186431633,-1.2606627388497087,-0.7292193782799244
-1.0283920787667555,0.4481112589126446,-1.6285783402722904
-0.09734280710260919,0.9890920958155626,-0.04991739111899207
0.9125808863610922,0.8389226046493353,1.8501313606617358
1.1351078345620562,-0.5052293607457192,-2.7474551527247435
0.294876191507503,-1.4000649614265361,-2.2533946246704617
-0.8361744571129055,-0.9494059583324654,1.5668131194326922
-1.2113872585174559,0.5481120375732595,2.3897169383111714
-0.4586746617164816,1.3847114131754061,1.0489457259381407
0.6340668965075372,1.300733721497399,5.6325936014760964
1.183861017968415,-0.04387552811795481,1.2197541728345305
0.559866184931725,-1.3773953987572336,1.1030704107173577
-0.4917511286324745,-0.945286345622941,0.22601784581132267
-1.251772603980857,-0.19125674663883374,3.362724288474506
-0.8020194706917364,0.34257251885306705,3.5638868322816872
0.3633802020047237,1.4603584962482186,1.1973523332172908
1.1635816670119172,-0.09002917269829602,-0.029471487546223682
0.8885741513509238,-0.8257089318819649,-1.400446838128672
-0.1882088264657308,-1.3235393510344198,-2.326989372009937
-1.0689842337156754,-0.5774763159685714,0.2607123360785918
-1.0180984640438209,1.2046417511659013,2.4502035243172022
0.04952784089528387,1.0451749788696278,1.3555997648943752
1.103405499303427,0.7274198471068771,-3.3750383706330687
1.0709016025421925,-0.7520748498287894,0.01358037000915302
0.031791368930137356,-1.7667074776511766,5.435255415537929
-0.9657028713269669,-0.7487735565926495,2.3995890356236957
-1.0621943262305313,0.09188382390491912,-5.252059050459885
-0.3207756795391088,1.1780081281551547,0.6055981180519154
0.8716087197475074,0.9012932960564551,-2.1960779903901804
1.1576140198075417,-0.04629532499926925,0.7785291991471929
0.45279938990278434,-0.9446181082289109,1.6441702327314256
-0.740501522622396,-0.8253977536074081,1.9614561992855988
-1.2238570579470034,0.37804452153290313,2.4859150860736325
-0.5337618937679954,1.2284389113832928,-1.2522029808789703
0.527246532402146,1.1386505775651425,-0.2330867119176283
1.1642113996467225,-0.11209193489380764,0.301055556641322
0.6948419255259057,-1.3753160128771584,1.0150764789462134
-0.4505633063686534,-1.283595585130432,2.5265382817897444
-1.1339057822707275,-0.4680153316141489,-0.41575789124010915
-0.8675604951222704,0.3638193461141581,-0.8825152661750602
0.2332972547428043,0.8814250828948347,1.534045941655312
1.1922110942722621,0.25129085945854723,-4.9921960924211675
0.99440488515571,-0.8451981504667594,-0.7575542889758707
-0.08504243417239385,-1.0793138015186265,-1.6270664751371022
-1.089980002637857,-0.855957839545875,2.916993205038735
-1.0851244665400528,1.0755380180109186,0.03265463566093696
-0.060895388631580144,1.4890825997960557,0.5311505161098073
0.918181081978622,0.784255532263689,0.37209398022051365
1.1477695710435545,-0.12370890430709713,-2.151041307052948
0.2532681920172125,-1.1327985630663806,-2.05518045845816
-0.8747380169489244,-0.6475036097332348,3.3749967552203084
-1.176480164542411,0.2979676202417558,0.06522149548375294
-0.40894611157822175,0.6730431118650084,0.4675188106063094
0.702402396383328,1.1469134557578509,2.1509475594785052
1.1462580958080482,0.12382029325722077,2.859439401479913
0.5527837580840523,-0.9547706033663558,2.486997263756308
-0.5997083732666816,-1.511218825519442,0.8952772682970439
-1.2105408863014382,0.2603824417147227,2.4312424084051716
-0.7092682754985655,0.9082068718895497,-0.09439855631759031
0.4162223960613547,1.0196194209152738,-0.5286161460512417
1.1855006282356884,-0.3348056395399135,-2.218244845970008
0.8618952138447115,-0.2699265125378125,-0.07337021204871508
-0.2809085919877907,-0.5675764488456273,-0.02681196783851758
-1.2038016968853342,-0.8220393822584704,2.734177645783276
-0.8682001487423218,1.120125197743305,-3.9535752733204124
0.0678940775707122,0.6553606673650145,0.5301988224497567
1.0466041795188112,0.6515484048586972,-0.6923295516469563
0.9804164764444494,0.03977468171298737,4.390927787129942
0.13091368483916027,-1.031678596438748,0.18556386069139508
-1.0457279676648168,-0.5953294093692646,3.6609715840585704
-1.1468122857177034,0.6058174841558706,2.463677502739531
-0.21118547237930013,1.2301329399248029,-5.329339428458602
0.7711780898025282,0.5689803477365102,1.4229792731607054
1.2114962908893327,-0.06210775300023563,-3.8345102986934285
0.3293189065533375,-0.9642404650821748,1.3460686152789318
-0.7223752928564664,-0.9182354653125918,1.9153934052014954
-1.29321908957939,-0.04490919400562676,4.748105396268361
-0.581392890862781,1.013844523502846,0.9800386759947777
0.5961025271059838,1.1634213859733016,1.963745758293679
1.1509077937612662,-0.3667072088736212,1.6777590260827364
0.7522385309475663,-1.3070130377944267,-3.671395880908687
-0.4096861738159494,-1.3284356653725484,-1.37090610412587
-1.1690160369192735,-0.16797574954555694,0.5810648979662885
-0.823802406814553,0.8822598789783026,-0.033049267144007466
0.2756463613198073,1.180819462765611,1.3017060034671268
1.1370428854026697,0.2975377877347751,-1.100124807007325
0.9808915658139729,-0.8188556055250212,-3.363319854760849
-0.11269660520807413,-0.6821478829256814,-0.5500776562441001
-0.9572180983108622,-0.6799816984905438,-3.5052121156312577
-1.0302683137784958,0.2775716165161768,1.4359489303873323
-0.006500114628815695,0.5450484183197046,-2.619889109718537
0.923510256760048,1.1621017026024543,-0.6359168670723422
1.1302571662755851,-0.9216171213311275,-1.2810717945412453
0.2402653154862826,-1.3592033352818393,-1.174867597397126
-0.8730435565965798,-1.1051670518725025,4.380782658587948
-1.1707782244338054,0.09018224552777343,3.3509637663634972
-0.46686179764541164,1.2381239013144425,2.1578927503715626
0.6896769633351525,1.3144028468261593,-0.4619646673394262
1.1081674029743835,-0.4060109751953789,3.6201431301399305
0.5318784992015646,-1.2574301999389073,-1.5457952973260973
-0.653988652354842,-0.9027335568100331,2.1019722617039216
-1.1849130326578532,-0.3878899654147172,-0.7261643609977553
-0.7336047499474095,0.5856482222775239,2.921382637859278
0.46583871021993545,1.0673777861256788,-1.1681642307705953
1.1928352470750982,0.42498082747956856,-1.885387960673618
0.8684883045662897,-0.6336002280647196,-2.417764010485751
-0.2675166588722499,-1.4003043274839648,-0.02087804572547869
-1.185468710859161,-0.44159494187290593,3.61235985880763
-0.9788688483477219,0.36806965702438965,1.9889082533136455
0.1413006102537116,0.4725984191146526,-1.0205801518013047
1.0858265221740282,0.36381406482126954,-2.9985098247064865
0.9983304792498731,-1.061829708772432,1.3376182314868672
0.06965731567196348,-1.5476629891367455,2.5525094383463256
-1.0189687558352396,-1.2648085325425473,5.101377215474037
-1.115824117465272,0.8139868126751637,-2.14008114557801
-0.2439334415474361,1.487404996134772,-0.3243004919577819
0.9289655012397469,0.6337127042083424,-5.243820861314569
1.1800281649697595,-0.4120017826181066,-2.2434554177441397
0.42866664335568017,-0.9621559386900527,-1.002080978126632
-0.7398908240824277,-0.637583574874247,3.6953434521075414
-1.2127133739961404,-0.2749526998176688,3.3042267713681466
-0.6019908622556094,1.4597254763299534,2.8191092526945773
0.5411904655184071,0.7012629930875514,3.144815345363922
1.2027375348812717,-0.18578373329467546,3.0361596185191857
0.7471165190822887,-1.2078998246573718,-3.656030802602897
-0.41908126731435336,-0.9646240874128859,-2.8347992040776226
-1.1992563865033048,-0.279937642319541,3.571482032431945
-0.8474854001939579,0.7848534926020312,-0.29550641098815833
0.29549356434847446,0.9638990531878503,-0.19479795934450483
1.1752638738762502,0.4848481761926382,-5.358065711807079
0.9597667251594039,-0.8573392045415679,-1.2748122272199718
-0.07610623425645491,-1.592901349803875,-3.026678556764476
-1.0568143514432893,-0.6074809610872817,1.5688503283588788
-1.0417654976735722,1.0329076693245647,3.0730076041229935
0.014971847767586047,1.4451261184766775,-4.995328216237326
0.9163087624867287,0.9011523680861788,1.4960336901287186
1.13451285243033,-0.6366001365022245,-1.6366114043755655
0.19370515701714344,-1.2219940443723043,-0.16594181537252783
-0.7801401216646665,-0.25926849069621893,-4.156734043868962
-1.1328619730853415,0.7841064382234719,-0.4471626216794308
-0.3646568314053024,1.289446470600219,-3.9417338819237577
0.7074175978890951,0.9311414250694477,2.5968276435376834
1.2883560498635307,-0.0795488566366298,-6.767235450284139
0.6291652072149112,-1.5768228950171819,-4.467436378221554
-0.5996706583808119,-1.2083430233890828,-0.9331724507437189
-1.2062100132588156,0.29058184634623063,1.1130966007718737
-0.6854638664643617,0.9271572896573432,-0.9760465052814404
0.5383031664882169,1.138302980138492,-4.921888733269828
1.1744611285601987,0.6374393667346456,-2.6144491999877237
0.7980770260035679,-0.9183702859767479,1.2641228978236552
-0.3401881703485223,-0.8924919989041554,5.6972967055465515
-1.234353922232525,-1.0480512481381499,5.173007954768872
-0.977398422771729,0.8904984655605602,3.8712767770862087
0.15782135068606334,1.225591722924757,-2.4326878881302316
1.05416306090972,0.8379687564140242,-0.09030043188580666
1.043391178855888,-0.6984879867808191,-0.8253852599026756
0.01076721435863921,-1.060625570507267,-0.9124412434244789
-1.0338898226688202,-0.7062855194087353,3.8804988756065932
-1.1449749551258845,0.45798578560471204,3.0294271105002277
-0.18849932007918696,1.1232988216555162,-1.3386211489581834
0.9441367237416334,0.8963871949853081,-2.684909537504379
1.161146797379132,-0.7279893642005753,-0.6373715426493015
0.3110243922949264,-1.1501828533361769,4.305047976540591
-0.7917185490373094,-0.19902820571852553,2.450712614944318
-1.2298776359203432,-0.3423462094520824,2.841440419123587
-0.5577405695305522,1.1330523176847385,-0.7878301304586072
0.6089895355828616,1.2660887093067845,0.30948030376328595
1.1848055280186187,-0.5439366780631827,0.7590166229186065
0.6583766970715774,-0.8520520499190465,0.9014336857371019
-0.4481939749863827,-0.7729637628903648,-0.4569894838638122
-1.2064666523224599,-0.047259700375410496,3.805498212608389
-0.8324662655370814,0.7159863012478351,1.8442759334060144
0.32627470245507056,1.0856001412725047,-0.08112325811814425
1.1474712239546947,-0.023542098954181245,-1.2894293128865093
0.8757609329987899,-0.8752174160146459,1.430754322871936
-0.1510355577651522,-1.2087957675797372,-3.2056349541700118
-1.1136287225145869,-0.7855014769070501,1.9969668182772966
-1.036838608400423,0.304449473500501,0.29223021583621445
-0.032839904779209894,1.2606453819789438,-0.40522613094791216
0.9490473990143086,0.577749712150859,3.352486690207038
1.149349525832774,-0.3061153874210132,-0.4560980411565335
0.24149924491981534,-1.7341382293977226,-3.6117838190984806
-0.9331616091451568,-0.89744191991317,4.17546851720215
-1.1566459558705646,0.7194491682258941,0.649645387869191
-0.33376739596023725,0.8148855240336089,-1.2569691281010198
0.8335672380022496,0.7415711192919111,-2.365234532432965
1.1706303405783096,-0.08054578372541532,1.8488014056995183
0.5206462541422515,-1.3125178228879746,-0.6034999623478587
-0.5790595088737533,-0.9891559695825441,-2.271281418881487
-1.1649706853110504,0.1816755626573474,-0.3179635995134098
-0.7071829149837794,0.9653956747176579,0.7480332214732932
0.4693448058134083,0.738565868656576,2.2050834717087953
1.224382077713919,0.3226456280962553,-4.825251383776964
0.8151608137467136,-1.445728147597331,-0.19767450335373415
-0.40089845368456833,-1.403862932396766,4.874896895673464
-1.1293747191641272,-0.626660610528964,0.00038647497095922745
-1.0460292004354659,0.19378542485551764,7.292166333775465
0.18639981397376418,1.1167140791298815,-2.70315284234066
1.0478091383109318,0.46890761413681425,-0.2727146253574178
1.064078830538314,0.06416835054686487,-2.2494831833750952
0.030508365289240304,-1.3426388938086768,0.19865905560380037
-1.0568441735522769,-0.8588703642759571,-0.4170463451432238
-1.0711351898360537,0.58180487442694,-0.4565931793324457
-0.23155484870361606,1.1214673848750913,4.349127326602025
0.9109543654515845,1.3319696356313753,-3.0488480863736176
1.2005057462276485,-0.12403447860919181,-2.3354382892186725
0.2580937693758668,-1.2425457584768091,5.126682980669283
-0.81407510986731,-0.48913979933180585,4.421304478652761
-1.228005057829336,0.19297647440968957,1.5031827449506936
-0.5671480656954253,0.8996405228158405,1.8897267684689882
0.7011157282228216,1.1413361487557443,-1.4708901666916512
1.3127303550909055,0.09846743470835806,-5.7901692092177335
0.6801001083971216,-1.0124917554378547,-1.2396671431316835
-0.528029848267128,-1.139793566112866,2.1049121939417206
-1.1582930841597985,-0.320307273619328,-0.18770151539055369
-0.7633289501872245,1.0778703120613575,-2.0404020470368813
0.33997619174735133,0.6440013866192693,-4.147291012836104
1.19956509826322,0.6903937437967944,-5.077521297826527
0.8867581892608003,-1.0081233659679034,-0.3793646212219559
-0.12801553185980583,-1.6170565124446512,-0.9851651608447498
-1.1338880801879128,-0.5268814653081277,2.2851066052543394
-1.1081749692810228,1.2803238864278121,4.854903322311014
-0.01597201021820672,1.116218335869481,-0.9951335937072603
1.008159765263665,0.593688929369785,-0.8795798447568193
1.0785091558631865,-0.05681256040982019,0.05582163202178553
0.10624268563912673,-1.0244514494184689,4.212303291894515
-0.9300669540720401,-0.8561632208543085,3.322848392025397
-1.1879523609341622,0.6958314548072997,2.609497796829908
-0.3767734575854309,1.224447207144497,3.795353354622654
0.8315809531419893,1.0604623333739494,-0.9537927259349188
1.2828072976828586,-0.5029066556869632,-5.175234869530854
0.5503844490645645,-0.8556856680320818,-2.9156579325907006
-0.6638206836759957,-1.123437516132811,0.8009818107114924
-1.2068951631685922,0.1354170504634089,1.2745762400955043
-0.6246330777373721,0.7108191654416468,-1.0342698963716046
0.5584850997108823,1.0957703551580595,-4.833956647617
1.17676185635993,0.43047965981079184,-1.5782923426240163
0.8001854734851616,-0.5816844704457053,-4.482844800584027
-0.27399298960322216,-0.6542173499457105,-2.2309601732755238
-1.09017735619268,-0.16178306482732552,-1.4732914968585031
-0.8853895060564907,0.7814468015193077,0.03343662056014052
0.183265455393632,1.1805128142786876,1.2569269101147784
1.139164904003138,0.44382013927476094,-2.931070405651257
0.9724253887741292,-0.3748085698624348,0.36855317381179753
-0.06121118552237271,-1.344453874626567,2.4275930677981417
-0.9386898512145625,-0.5667277663419601,-0.8864437957732318
-1.026740365617924,0.31412069672639764,-2.0643887672033268
0.01544680536708791,0.8505487020963645,2.863651609294385
0.6442754789405531,0.7602707942038017,-1.9128556775940115
0.6954161847836048,-0.3328089705340892,-3.867812778074591
0.08090631131120633,-0.9773790122813151,-1.1275702833997863
-0.6272734341474618,-0.7849646054169248,5.455406184523677
-0.7585667211627962,-0.06515978687513524,5.963344062881686
-0.14339523453424016,0.8986109215284893,-2.0197622795727423
0.5032452293578151,0.6991221593076763,0.998430824415927
0.7828091583892522,-0.29060259053930115,-4.212060785087155
0.2670938552139654,-0.523668938040124,0.20699653707438204
-0.4459299948551272,-0.4425928207745927,0.5234414268547594
-0.8152873069275761,0.35453376495991007,4.1582625809204865
-0.3348244470127295,0.3280209566465525,1.095997282823482
0.35868431991910893,0.34045036208858515,-2.169147356634263
0.7159965435809145,0.3511053429729072,-0.7807836693748906
0.42950872586652067,-0.774390194160679,0.05597004629469493
-0.26303757896374275,-1.0469928766723702,-0.2714896402588324
-0.7210249456335008,-0.3461655983640849,3.123581754907753
-0.4790005003987719,0.13931135139219453,0.7516195054749009
0.15507200944643101,0.3765934070397882,-2.1797599073366873
0.7217668563769615,-0.06182726447303111,-3.032576628732878
0.6411449791793359,-0.42626051433568846,-2.3764828982972057
0.03138717800619137,-0.42772142446161243,-3.6275489816503317
-0.6601343733992016,-0.29808495447729677,2.3741590243946007
-0.6666385404960634,0.03962672749394325,1.0040286942647947
-0.0261327426067888,1.0495930935643745,-1.7383941260427562
0.5561283659259412,0.13364197760509178,1.2515051780427144
0.6934400029805978,-0.19888653270302814,-0.8979874990569794
0.10783265074324741,-0.7319660774893847,0.3670839213196564
-0.5172814355511131,-0.7936396341081853,-2.1314078987011444
-0.6804152527131537,0.3932203888173563,-1.6320155592802448
-0.245089317164437,0.40416557227415745,0.1486721728393342
0.5134460154260572,0.5618852845550287,-3.270113398033988
0.7575471825166062,-0.05048904145276867,-2.6084217714383495
0.32963120837457316,-0.8908632494045146,0.6975147390959802
-0.33851691301381803,-0.5765830486821596,0.3354459395138709
-0.7574353036466621,-0.28474856165789264,3.362424358988856
-0.46236337065822175,0.3070890819652769,1.6126721197950822
0.2380057116786543,0.33195557987923463,0.24698821862481624
0.7082846547155031,0.15636038299773947,-0.7817051727146695
0.5210951733519039,-0.4009460384385191,-1.1246462658728629
-0.17029694130720754,-0.18067764197159344,0.9285989635295488
-0.72960797899156,-0.14603972523139497,2.973208105196635
-0.5888188568781737,0.19341903957786233,0.6834962897584842
0.05258515112419962,0.7586231287028703,1.033313228315929
0.5897963376126858,0.2617250429325896,1.4491752272919325
0.6373100308187938,-0.5072838359042597,-0.8726194123447354
0.012268011402404667,0.046286830627134956,2.545147656732812
-0.5673079283801823,-0.16222305441217,-3.1343563337479985
-0.654752221509848,0.4463762487019113,-0.026948325048983535
-0.11378844660622381,0.9031464982203694,0.27129978837726776
0.49636488604704543,0.5527353035523294,-1.1947056576736197
0.8069588255601248,-0.48483511717600125,-7.175515828392398
0.20568424349889045,-1.1049307842599454,-0.6437774519395406
-0.43084317057895527,-0.3170102405732156,0.6712203669328152
-0.7238198457228417,0.3467847262274665,-0.06451469680030245
-0.29540947232104614,0.5011635310103779,-4.556715488909997
0.307179542263195,0.43389431892543545,6.608307725750968
0.7683301703101263,0.46887534372168305,-0.6466704643501276
0.44642186287003766,-0.33988998126296743,-3.0319111318865746
-0.27135498039548667,-1.074795562072591,-0.9979654169943603
-0.7573087037966926,0.25714245370723254,5.702431653894633
-0.5708529703818501,0.7608999600854777,3.970949656153755
0.12923157651459355,0.6187708883224666,1.8896118515984606
0.6734185950189916,0.1740599986433261,-0.5807959412846431
0.5056948950660045,-0.6162694279084104,3.002119038807015
-0.1109276381466709,-0.7611168058003372,4.583902790463168
-0.6465277533146022,-0.41667185355692526,-1.22294257043876
-0.6373150926319626,0.29698919840017934,-0.08184646890324054
0.001639238243863611,0.16996167406056434,-1.7370473758832183
0.5377760641729804,0.6494886351719603,1.4510635427755159
0.7182338121093245,-0.33501846469953855,0.19779144378571395
0.17527966449060586,-0.34419472724101546,-0.3061082645694313
-0.48495539343076133,-0.6739656291403295,-1.87428126737077
-0.7488445969813343,0.23829719992416343,-0.13707291407037658
-0.2310774732686771,0.8304358136637485,2.1254415681442267
0.4622803943233148,1.0198850917466373,-3.875934313050534
0.7338199022892952,-0.04068442291114749,-1.3342587201808487
0.40005167482910453,-0.7656564614503714,-3.5101052035218685
-0.3971461208612202,-0.648609200498256,3.722218949728986
-0.7926061464486265,-0.29822302049541116,3.5556647523369826
-0.4796623537816798,0.7491217398198177,3.4044107080509916
0.21594969267555145,1.0675212010099995,-0.08295924660435328
0.7201660064234258,0.06404443263090698,-2.6266410970384855
0.5783255901899979,-0.7905824992452034,-5.436831609938274
-0.1896070484626597,-1.145474004954435,4.151918481257126
-0.7085212462365771,-0.3059836675495209,0.9929208460757817
-0.5551492464763913,0.44264770971773615,1.7163412088020586
0.08419787473219979,0.9549148544913035,-1.7914609723486108
0.6686176476309311,0.7320403788713131,-0.5982439847647542
0.6361473181381313,-0.23095927727756982,0.6284194478903962
0.032254094191055585,-0.9559504724655346,-2.2754121441122557
-0.5953271092267302,-0.6270982322165808,2.1486037565173035
-0.6608092655256574,0.13307654734842078,-1.1499655536463507
-0.11942939857537345,0.8113957141981484,-0.7309716634570457
0.5536983792752718,1.0854288502491531,-2.6378295794815076
0.7126915388556616,0.17935603726212557,0.37832036526634644
0.2184186826644563,-0.6914391026397528,0.20630894980684766
-0.45500229384490204,-0.4616564653418104,0.9932308807610762
-0.7248522002645599,-0.3515389151233561,0.7539438932035266
-0.2889428653265372,0.48849615797153134,-0.48402629224420346
0.3745105844179214,0.7442329736807929,-0.04674320546436905
0.7301304266101631,-0.3099115763666538,-0.8987981198392423
0.48655849752502156,-0.40855676122866863,-4.5215129605911155
-0.3150398217885066,-0.8673567724476301,2.747479000526275
-0.7619561952942824,-0.6066079154401272,1.6210548650926753
-0.6040528953435762,0.6130320565014613,3.9605312915536497
0.1558563971718948,0.8541197075758613,0.9395040914382021
0.6583984219472806,0.972731969990735,3.548087699363989
0.5360213795419033,-0.5351534977284461,2.550085560757862
-0.11331005152211565,-0.49313560812717905,4.426983865423417
-0.6772324086273515,-0.5026109302393139,2.010852008786704
-0.6578459590177347,0.3653840075821929,-0.5851884916318356
-0.06360371323792598,0.9964090063034357,2.7210012468682163
0.6191622910896188,0.2236614654059077,-1.8694500898794604
0.6885002447537711,0.20512862428328005,-2.9634787498276918
0.1377045230487657,-1.0397068330032393,-0.7778745187352915
-0.4853725897181349,-0.8748560956110418,-2.1648619899210098
-0.6972156530395434,-0.05621228862008942,1.386286737293874
-0.26822458438108304,0.47998083141212594,1.0573513660617384
0.5112076984952495,0.5186490209662187,-0.06959190562596362
0.7380371861061042,-0.1806099730116867,-2.615759555605438
0.3605604710927525,-1.0951462700493413,-1.87800843955814
-0.42351095065805017,0.09821259059008963,3.4297974948871714
-0.741524037155665,0.08241603106425521,1.2475715554901319
-0.47590479203316577,0.22793360215491582,4.333611267091982
0.27294560085947944,0.330706189939262,-1.0186961775926495
0.7424794993811277,0.09058912615654224,-1.0268054286310226
0.5295735137102794,-0.9463614691035823,-1.7530623189462238
-0.2152319296827873,-0.9171279894646043,2.4257852378813953
-0.6759376539910111,-0.09551085641719748,-2.2025372178571567
-0.6378998527139815,0.06186994052419126,4.059380183470174
0.0866687213788726,0.5668809833207881,-0.9153470197383562
0.700379210437054,0.2839856696115728,-2.3797109565852845
0.6411469660319601,-0.15757817026700593,-1.2364220729812676
0.01855870791729008,-0.2682260281571184,1.7305424705311472
-0.6221266072120779,-0.16847366534558206,5.759693125160639
-0.697847686236916,0.4739337676553451,1.8808405553143897
-0.16006910288039145,0.4467572624871459,2.432376297434694
0.5203948675844858,0.3187934523393382,1.337156107194666
0.719462778585632,-0.2040164359439317,0.05196375265094033
0.19939060709970674,-0.8842324376233884,0.3208968276768337
-0.4370316801813199,-0.22551868464941227,-5.024609160630176
-0.7768470756397504,-0.05227099882133324,0.9022984149568539
-0.324571338073922,0.7464374115223579,-2.2376100765328983
0.3698907471952808,0.7540124347257046,0.7909887190871279
0.6561663675124336,-0.41206163014920805,5.336709731102616
0.4157996807469748,-0.6218148980076205,-0.6126731306519806
-0.3315609021428826,-0.24542190255928242,0.7145959919637634
-0.7080490124429012,-0.311677740773465,-0.40898973990802223
-0.4635014669268766,0.9753830943536365,-1.1255440004956536
0.2097075701226543,0.9624142754250528,-0.502847271542049
0.6479337505813569,-0.3959526619825382,-1.6413669313936463
0.49151606939837206,-0.436447605517592,5.712783848359835
-0.01869587579801338,-0.8940639354748612,-2.602430487883687
-0.6996698655681147,-0.34552793839067175,1.4956987783259634
-0.6143247282930194,0.611754186035004,-2.9011911940300754
0.020288477085939522,1.205754648162244,-2.551929673092864
0.6287787231333916,0.26907229426492263,-1.240122708076633
0.7049714225907704,-0.2774732543593156,-4.685042745327329
0.07875358700507396,-1.0955123667534583,1.140486958965871
-0.5561368210661303,-0.012136364074830097,0.14538061190578766
-0.6911882543753745,0.0004790131553522592,0.3455553203042336
-0.20609805854573668,0.4365163884543746,-0.8234971183010387
0.4718622717108791,0.15929019552630652,1.0441948958725744
0.8164310740831054,-0.0745577843820927,-5.667212296191238
0.3161555216930773,-0.7756237101890923,0.6295332204824552
-0.34331878909756786,-0.5180795370926727,-2.7584204113683786
-0.6549233065690367,-0.306298245302562,-6.4175068194238305
-0.4209864635226672,1.1818968836675638,1.4694003353847853
0.29651480343762304,0.6846297363172771,-0.5678699306072921
0.6940480870778624,-0.15429259606160706,-0.23327925332351312
0.45133259600396164,-0.2875003991532851,1.34487092667738
-0.1730434804989534,-0.7539491425073865,-2.1520407446199585
-0.7550222042081215,-0.12260223812404158,3.0914067963556757
-0.5738536872203795,0.43267918930583904,0.6117990019948368
0.11671838424587133,0.9077864692417598,0.18263309154566476
0.6865563832542454,0.16508552195234172,-2.5756026562859944
0.5654509379789037,-0.554714338530044,3.7644937412529256
0.018797520381552822,-0.5493236224673165,-1.289272947361783
-0.6550727220131929,-0.5876463770516743,3.1181732335335646
-0.679607968361332,-0.300558078033617,2.644549820419929
-0.10874950688191516,0.7207147187965415,-1.0402629365217646
0.5684483206145403,0.2706898087897702,-1.4924801198935678
0.6689026235706949,-0.2552253422782236,-0.930499511125868
0.24350047702841682,-1.026511900990054,-0.6412802351130786
-0.5301412675259625,-0.4888667822757081,4.442327584013211
-0.68659440490709,-0.29615959522969804,-1.7876052382175605
-0.2963776809816193,0.9787633863639542,-0.8994934701114046
0.4107477831810591,0.5347159621766714,-0.8764511274202702
0.7402014857906009,0.06825279891088942,-1.0078395718371522
0.47091497307528296,-0.4158218611427475,-2.4107062538117403
-0.2605752281621193,-0.3808555120302637,-1.1361190381307806
-0.7388959195152941,-0.17187600732272212,-1.1906721938844536
-0.5600562006466034,0.5587889058077139,1.1686676383527785
0.1664047561596764,0.8179509622389756,2.478758738781462
0.7761945603518617,0.34634391857383484,-4.707053356783009
0.5025605463164811,-0.5866878254009938,1.7002169816396446
-0.13156608589397037,-0.7060032679733977,2.3521008958342606
-0.6716180467704429,-0.5638369889451778,3.157636575048165
-0.617297724556234,0.4429466366218804,-0.5958871964121759
0.07737203098991081,1.0043221280481096,-3.1299909299629003
0.6479240304308596,0.923079831504281,-2.276551986585082
0.6227727687069048,-0.19626906442820335,2.21398677486011
0.06546084492938747,-0.9276197867377839,2.5927300246012477
-0.5415693947712287,-0.3003605976477608,-1.2771901192306618
-0.635968999408697,-0.05588786426366121,-1.2865201012871033
-0.24736274006945597,0.38701517813295544,2.413020724645148
0.44448446874518865,0.1486531114991918,-0.16013839902660476
0.7444170930059394,-0.1555442335809165,-1.6357914836404812
0.2982516952531921,-0.5653212764717861,1.4114329606997071
-0.4307658215775405,-0.8561247607951594,1.842015562760156
-0.7931248232523209,-0.051800531771095115,3.790600218604704
-0.4168995771346739,0.652833368267467,2.4804021110805246
0.3378307861939923,0.6386569449850846,-4.78022242419895
0.7195029300849966,0.09050080697106055,-2.1112527613923713
0.46243625375446906,-0.41139103589498544,0.15698652443429106
-0.1996638899494499,-0.7377006171165875,1.428148208488631
-0.7298811433372656,-0.2153745948100827,0.5042926079937007
-0.5848032999124715,0.32089581095162023,3.3995493080043726
0.18512432994412692,0.7587671210115184,-3.104083094247112
0.670800701282122,0.6199477710106255,0.5867226587990463
0.6158978901840458,-0.4844107404391146,0.2901568333126364
0.09247328372135848,-0.4229711502701622,-3.414606439329854
-0.6026960546963992,-0.14092141698966,-1.955688627713528
-0.7465452978154691,0.3223756237585629,5.892528536591393
-0.08948040491703921,0.16245769006960384,-1.4487464100491254
0.5379034648616227,0.5327872818944692,0.4065864960451515
0.7103512496405217,0.13825172030085875,1.3765217191776202
0.22885636534634352,-0.6055017447240411,-1.9319334541797566
-0.4739850598325456,-0.6982824826089434,-0.08330417352714725
-0.7503128566204883,0.09246148743354221,0.9544419249699682
-0.3922860570898986,0.6097475045413331,4.457124777159671
0.4552535129019131,0.5143139866084925,-0.947903192392483
0.7504214437998007,-0.14883635120613803,-2.8720698362007138
0.454636053466337,-0.953094836472807,-2.4083628833227557
-0.2612002322727153,-0.980082437386199,-1.8502497487995218
-0.7912244229704806,-0.03513272095817366,3.5674485373560385
-0.4377497974657572,0.4360093989682329,-2.7939265482673825
0.23945654046712575,0.9407930248035452,-1.6775566272190834
0.7283246733660187,0.3114484882140106,-0.7765606003651532
0.5554877676795813,0.07540899207298835,-2.612228160951043
-0.10654209720934688,-0.05692805627748043,-0.5339629125760798
-0.6085355432301208,-0.31200133794069385,-3.633084383253452
-0.6329200251395727,0.6903922640524168,2.488712139378241
-0.03178679290420682,1.0730872898104142,1.9104320235645256
0.5881547981253169,0.44470480370833565,2.055916505123975
0.663126043662308,-0.7274793433882776,-1.921813468571718
0.14109030742725537,-0.6770956483283034,-3.586517562379813
-0.5925851418604631,-0.39023740613201574,0.6537022221999117
-0.7334655924892282,0.7278663549518344,2.733279907446834
-0.16350930821559057,0.27046298849226713,0.6863200656142515
0.4822776042554926,0.07737586115947853,-2.2623324450063214
0.7386198229222765,0.015058301352623427,-2.0378774312085013
0.2650310995343611,-0.6810921590512022,1.2787267486389764
-0.418063354294801,-0.07051050332209152,-2.237239219410602
-0.7699215780384259,-0.0875002614454673,0.8371296512169563
-0.34833192939392926,0.8787010970721387,-2.2653142602152236
0.3196064059363878,0.798767268303745,-2.142494768796708
0.638342629942431,0.43398975216359714,3.7527451020064526
0.4575682579936322,-0.7436127567309231,0.1928878732853384
-0.20787671000894323,0.19718837172771592,0.19674578198978332
-0.6857929842926603,-0.48326985557130775,0.08668832654115638
-0.5708044049971649,0.14544903353048422,2.35625750117366
0.07361733326535952,0.46638441898894745,1.2805946368282832
0.6915199464217368,0.2939505073017379,0.015637753927832537
0.643314171947955,-0.48172171745620995,-2.4164577211856306
0.015543486350718914,-0.9473934054015801,-4.206558686123432
-0.5817035277474201,-0.6748307098364714,-1.4067935376986445
-0.660819936793319,0.4438448500351666,1.1306238938953637
-0.06208705001945679,0.6081013940343265,-2.8218743655350056
0.6378771669142694,0.24263206240163038,-4.456278134909534
0.7241881263178823,0.008510456392891164,-2.6218332617987925
0.2262255939065872,-0.8403548686341313,-4.298254917687143
-0.5469708238083192,-0.492608195927014,5.929067230924084
-0.6967071427666957,-0.18870079921977645,-1.2624068361198477
-0.30845098338883337,0.7333949943693677,0.7329050304422985
0.4492906318810016,0.0003674602427020113,-1.5417534161779696
0.7262791004006267,0.17710264668836795,0.6309220609806988
0.36145129235963425,-1.1299790537656,0.9172709178256067
-0.3308767105051591,-0.724666127057851,-0.08391224417496068
-0.7474094971255392,-0.38847384998266954,1.477629565612052
-0.45725062251618026,0.277290787166648,0.138366215206136
0.22658101178653714,0.43482802153768024,-0.8011503939755171
0.6964786704085386,0.26058801781851937,1.5546032489076462
0.5863956313327054,-0.5711463701300479,-4.665910699603679
-0.08417173875629422,-1.047093236058118,-2.372652347260918
-0.6714850179381939,0.35635023703185664,1.4379108713420545
-0.5855094594570858,0.7549846263831528,-2.4799912934150603
0.033782009373058926,0.5811197580335487,-0.3754816973088021
0.6455655131432164,0.31491148823176107,-0.06767803707641296
0.6523709315540999,-0.33330197934268,-1.2984905410672298
0.055955865140102624,-1.139802612543052,0.25524254720185824
-0.5113850609876527,-0.3623207739900608,-3.197406876276263
-0.6857310158920977,-0.31879337024781684,-0.9339158110816065
-0.22184378231758323,0.7576941558583097,0.6081741018947256
0.4510672642338817,0.7053940277390899,1.663833903209367
0.704162283198901,0.3145707207356274,1.1287840125790565
0.23021454919565493,-1.342672831623536,1.2909267737746737
-0.46101746240663394,-0.6025102709611313,0.4372265343423276
-0.6524481960547277,0.23221408883179084,-3.5193340448834207
-0.3753660275957519,0.728636180139885,3.1171986024799403
0.2513119431671347,0.591431959245875,1.281423351639669
0.7349405181862192,-0.005066433263727355,3.661667817371626
0.4264007406065246,-0.4463960627771668,2.9140354911355235
-0.24080559554550357,-0.7368371023820436,1.6754591689975575
-0.6867810095620276,-0.5678529378162694,-0.2938706504077788
-0.47793249325637455,0.2372855768771004,-4.616573186149522
0.08849907890934489,0.8804248627849742,3.718842949718465
0.7544931943656699,0.35071223386731465,-3.302049690980217
0.5596389751796915,-0.17095243090846035,2.6418463799889245
-0.06714406003375378,-0.8434223477396783,2.424713997851794
-0.6147692134344007,-0.20142848160629778,-2.596425964873322
-0.6967162725471449,0.6642313393940724,2.698322306043205
-0.6241621126702223,1.2135689360263913,-2.9036965946742677
0.4208420328231117,0.7167284397873138,0.8893513967587824
1.1306072912645302,0.06019210594005231,-2.183390908638461
0.7030265550642847,-0.8446273152896877,0.2912622312696067
-0.2654844622307863,-0.897397659411205,-0.03420948381741562
-1.0555001179667716,-0.31287676399211706,1.6172722897136733
-0.8497569888598935,0.6177811075917305,-0.20097398273830613
0.17928768939826928,0.8284780892076063,-3.1137090284946622
1.0073482021841047,0.6594725111459515,-3.1107049651682237
0.9427730808462524,-0.5651620141432817,-3.69097109715925
0.06300522481153792,-1.1922458959169882,-1.4342640183626958
-0.9744895597956884,-0.6436384138797896,4.173024770933633
-0.9414891593558398,0.439595573633515,-3.8420120645869087
-0.2097584993388276,1.1177459997501071,2.764409353633711
0.7963592960329432,0.7935225438287341,1.1372716409226824
1.133172361613901,-0.8484569011304127,-5.257058816862754
0.3560841322766559,-1.2452990531634056,-0.9746966899387255
-0.6319999770197762,-0.5994438016540343,-3.7747748764430247
-1.1261852188668775,0.26363170852054973,0.7555347895757515
-0.4546768080397743,1.3492588865492472,-2.228591252013602
0.5888946596667131,0.790390776603323,-0.9945740546344983
1.1248923189042486,0.15341957518331006,-1.438482930662689
0.6299449401224546,-0.9351075310264925,-2.449555638859373
-0.4511697016724324,-0.8990595108334267,1.9356589141813623
-1.0552851005534691,-0.01911939172365762,0.43143424354842347
-0.7857990524299854,0.6521053304994978,3.594896861433692
0.2593579794270985,0.9823409006595675,0.49677866970845475
1.0207532136567814,0.6909644678373661,0.3637893886473724
0.7801116502207578,-0.5439257715700019,3.5727438193765395
-0.11073616160950472,-1.1680815583248623,-1.9436656802734924
-1.0098197760572503,-0.5702360956874908,3.0530600336238454
-0.9234965819145607,0.3920168532938906,-1.2342695654792315
0.021349850816699434,1.1842001784898752,-1.5348369089368075
0.9502605203574335,0.5212841519432387,-2.368556399526387
1.0497979602175669,-0.10337063022244797,-2.023435300868998
0.22137245669575847,-0.3769839503299997,-2.9636970366275093
-0.8303589794578404,-0.7511234282741142,2.832768850694959
-1.006867132727796,0.8285375307053189,-0.07685063222883287
-0.3557880300116294,1.668082671919065,1.7485114955332637
0.7603859871096029,0.9808229825576043,-2.9895163725025213
1.1013325862959233,-0.23301546037020837,-0.3115331698815063
0.5097930276149395,-0.9855032071001293,-1.8816320766261618
-0.5544217731653077,-0.9519494046447435,-0.9032979778368899
-1.1157142305776504,-0.2001672192411652,1.9987315566455504
-0.6264431230520174,0.618058023649366,3.725192782825447
0.3954299687762809,0.8957844303309365,2.542631847771891
1.0457285475263185,0.5397787992375591,2.202813681603483
0.7179539747495093,-0.6231014321504402,1.9327285019478235
-0.29351275646295943,-1.8656171661350152,-1.2550024182552988
-1.1322632333951748,-0.4989127682195005,5.276672272933678
-0.9187193916925971,0.4655397110954024,5.281918060012406
0.13417692936778403,1.0553301923190757,0.006786322450874627
0.9900241495840066,0.2859158462695227,-1.5540306452897508
0.9418949543953072,-0.6615547765312207,-3.891298906752376
-0.01345382915544194,-1.2431730992481316,1.1722512526602213
-0.9013582184486313,-0.6131590681021731,0.3208961841291491
-1.048230369449772,0.4276775847939335,6.226909760563403
-0.14170646079029667,0.7198223524753169,-1.246740084408966
0.7921864855299322,0.5231556613125338,-0.8449079392279518
1.0840848275182873,0.2135232324579983,0.04675799536986103
0.30579482999957847,-1.1288861534033972,1.8023540416111883
-0.6774298207474254,-0.7268680582136972,0.41505625397466106
-1.0954143718079976,-0.34345108095905186,2.2475217114493278
-0.49781064505706524,1.0346169004830559,1.3675523524909043
0.680390964182765,0.7294264776369499,-2.1871662497468023
1.1092844185243709,-0.06766906923983962,0.3061304246886218
0.6529613875740593,-0.7858843860991177,-4.2009786456745655
-0.5004544720406434,-0.6541631233467415,1.5764317588295063
-1.0243636716850366,-0.19934684546091264,-3.6628220283489337
-0.6434669270862404,0.6542830275207301,-2.653229997416085
0.3107514424314215,0.8141939464263132,0.04542340202313144
1.1746514527337653,0.1362934650073766,-8.881603182679983
0.7718072357405478,-1.0148741728360833,3.7482254143796245
-0.11514226084677873,-1.366661873131383,-1.5915396110964013
-0.9699322917736748,-0.8920952715108338,0.4696339831786833
-0.9527523003101569,0.6960178522545379,3.789150027922278
-0.04725560346747158,0.7737463308106943,3.290617802319387
0.9624403884316468,0.7703332365109122,-1.352237483297345
1.0372348457490692,-1.0375184608768688,-1.4487957327026768
0.20043122229204272,-0.6903063189316183,-2.8703797336989183
-0.7949665179481479,-1.2113705623165794,-3.708270087090535
-1.0108889699893728,0.5066417026385472,-1.7820762342964758
-0.307004580053839,0.33875041946208967,2.619939032022144
0.7075404813723523,0.6801816624616464,1.065618764069917
1.063868662253167,-0.10837114200322406,1.3511941075235456
0.45995857911537685,-0.7145756551568822,0.7952715039335367
-0.6209208867862771,-1.040941827957348,2.4351462575824265
-1.1419028889457046,-0.4519005441855506,3.7440449617647373
-0.5694105315728296,0.5449464416942024,2.6848774150647805
0.4859606832078104,1.2031818976216524,-2.9248677007142736
1.013297921953001,0.2663245149671789,4.1138155011838595
0.7655272997890809,-0.7808445929723845,-5.650557620760808
-0.3049609472362024,-1.1409995276502776,-2.9053355489979906
-1.062013122560074,-0.47929388848818033,0.9928606085377186
-0.8839163400636314,0.8054813159413521,2.115037956254543
0.15608801712496423,1.3330984194517495,1.422458537096527
1.0117496641222699,0.3605333158948576,-2.0288676855755696
0.9629115487344851,-0.8467691828663659,-2.324445760022185
-0.02318170698135183,-1.4625415561324506,1.7060539712699312
-0.9119735273283864,-0.6476852166846081,-0.46119478470699193
-0.980975163054586,0.5511660803915353,-0.50642447410717
-0.11728135927746797,0.9737862996354552,-2.288702091985555
0.8471914709092163,0.44662123920633345,0.34810202166879745
0.9699241625050605,0.1254873835194159,4.699111925521224
0.31255724777885224,-1.201766979815619,-2.7956789689791797
-0.7648742208563793,-0.6682628753399028,3.0498938691456234
-1.0121690363301592,-0.13852589176777674,-4.25899153579698
-0.4299854334276311,0.8146479539789414,-0.9001806685797137
0.5862655854244297,1.0972724120702337,0.584799342732833
1.1471773340771927,0.14523037977259956,-2.4910988560914453
0.6424255307165543,-1.4405904839118782,-4.826950461012112
-0.5948833595540086,-1.2142065392456551,5.946210272567663
-1.046151039049509,0.1451878607188306,-5.101364390524388
-0.7403578835404381,1.0012555768369695,2.555956837002807
0.2791879532976915,1.3783215362731775,3.5769101010712037
1.0152587576210161,0.6842275670696585,-0.0608705750932112
0.774477505893634,-0.8883506774278194,2.014024810329435
-0.1934499567000973,-0.9282647825488638,-0.4553180129672807
-1.0364239704076685,-0.2218690860952377,0.19638468086326244
-0.9699616492216511,0.9992456033554942,6.1196224838562525
0.022080973492720025,1.260967382936647,2.4961649266193846
0.9380397850644631,0.8520337864309308,-2.877432628774977
0.9617956242111868,-0.2298529323797016,2.9406561261676702
0.12836540054656545,-1.3114357460980335,2.032757000695824
-0.9028400943481122,-0.5585391739810708,4.303161908016757
-1.0209752685584557,0.18554905880844297,-1.5797946963910565
-0.29735905682026653,0.9982715338485907,2.274867376547852
0.7663808225571868,0.7638497850237286,-2.567147686873289
1.1312058919386705,0.09576802077941649,-2.4857581307475405
0.45522815655460513,-0.8017215780416487,-1.7228942111148282
-0.6205203185476583,-1.2413919601935215,-1.1586605317351706
-1.0449320964864621,0.18285254287042751,-0.5708627367998261
-0.6145276416852038,1.3316755861983265,1.414589623041701
0.5357734841394904,0.94379548122696,-2.227365891867086
1.1351160459839211,-0.24695366819211695,-2.6721428568007197
0.7762403177679517,-1.0030977375214267,-5.481134056225609
-0.33250881563490226,-0.7291098253257053,-3.7380267736735
-1.0567140205185843,0.0265907086315309,-2.4858425584463943
-0.7870108410111719,0.6736118123353491,-1.2624275613899116
0.19815186546247135,1.5549522313286046,-2.173191612121077
1.0085315456479005,0.7006125685124265,0.455108446828211
0.9464154769056417,-1.070412073459427,-3.9960084695575704
-0.07386876108032212,-1.093519186829224,2.201723091717114
-0.9880826485329739,-0.618443797486905,4.5168671817009765
-1.0052076558029208,0.6585972697610148,0.10841669008475885
-0.11478813481434001,1.1436433037459952,0.6874452562304756
0.829664543424828,0.4507241906886328,-0.06630445266295137
1.039269383647022,-0.4317595238115157,-0.009804029515573381
0.373786856463415,-1.0370909721888502,-5.971912479998679
-0.7797758321592281,-1.1163903656955987,1.238419680319686
-1.109328140413859,0.11203078217577489,1.0985329089766243
-0.42254779074750654,0.9705379697130364,-0.3384828344117563
0.6409671335356193,0.8575755216498526,-1.7673802970945733
1.1348125248779384,-0.10594463207404758,-0.21916224350249106
0.6253662357209813,-0.8301701940160944,-2.57485306960354
-0.5467555112313427,-1.133733479900656,4.296462190760384
-1.1155014697342063,0.02802728191753645,4.076212895243506
-0.699499122015792,1.2870249756875085,-1.2768832427033605
0.3362027867153773,1.2210114872206856,-0.7109270129439382
1.0995942119516666,0.12486704827141759,0.44463388630080436
0.8310098169466691,-0.8575360435421403,-3.461125956310432
-0.18362717754925978,-1.2376463388911556,0.8631712407520775
-0.9843598883475708,-0.5585101135911091,-1.529705281342897
-0.9092768630616302,0.35093743455796134,4.683047100769689
0.035644074071036466,1.2640915239358652,2.2440728093066857
0.8707658249935364,0.49789272647999205,1.6284193167627363
0.9468476820407344,-0.20071370202660255,0.49077723787138067
0.12454705166269248,-0.9268529344134474,-0.8762736867745191
-0.8029854789817505,-0.18589923603296254,-3.2186831561736806
-1.0783490349270441,0.7330093541390414,2.0305647041143575
-0.2844997942144274,1.0393497891474879,-0.352404189792227
0.7593892889259906,1.1721457287711634,-0.8501753052676181
1.0692173675583578,0.09071112680597349,0.32736790823066075
0.5199312818559919,-0.8390293215919786,-5.529564802961261
-0.6132576758431308,-0.6119563623275304,-0.36805710143619275
-1.070798651726084,0.27791272491437646,-2.1912319682322328
-0.5936728061861837,0.4920915853398794,0.9848302041766455
0.5119792804676175,1.2531188791532348,-3.6906942189392224
1.0681638344347557,0.0026062191852160854,0.3160150338880675
0.7119143709415516,-0.8729299430781079,-1.4712681647875714
-0.36322659732045876,-1.3353730354820974,1.4903379840566067
-1.036083738157345,-0.32730024075768527,-1.578206702526872
-0.7495458583491983,0.018297333148740158,-3.0858550921633925
0.2931246108455818,0.6605213793981807,-6.534647803056968
0.980725757768291,0.4899135164508772,3.1553409051277317
0.8739853446702021,-0.6604982041838231,1.0524944247340107
-0.04728472032880787,-1.342800344959019,1.6595567879081907
-0.9036318935730369,-0.5603539646974737,-2.504346072871894
-0.9948153202357856,0.11459041059008301,0.1133980880513924
-0.08953380490633765,0.8814154281059218,-0.5532166081403989
0.8619812913622036,1.1128867308393613,-2.655359672628941
1.1094660543503054,-0.34116099154267054,-0.41096107006299326
0.23319899842058775,-0.8446292269385958,4.340378066144825
-0.7167999187279497,-1.0043163299117341,0.556975741036897
-1.1054064915422606,0.48482249408096645,2.0047850537594676
-0.39564342078694165,1.1612578844047134,-1.1049380997266023
0.6299198729862406,1.1885622614971048,-0.10190545342806501
1.041655115641977,0.2885540358297467,0.895588022480864
0.5737631641700598,-1.538745637425754,-2.6260543141504655
-0.5116600689675537,-0.7870862354260774,0.8908693424804803
-1.1711368054720297,0.720357095234383,4.3707180372871255
-0.698664545379412,0.6785442408573111,1.1601556865766243
0.4058005886380421,0.9066399243469627,0.4112829173937055
1.117084295540689,0.43086703265262094,-4.329041317221122
0.7487778546681881,-0.7940929849844647,3.6648120665021353
-0.18974398909513263,-0.8358131861542362,0.18053617562413415
-1.0935535778788439,-0.5193698641975864,6.519277862964572
-0.928021600446912,0.34280114855573973,3.303535704592061
0.06329430725574266,1.039511488016332,0.6502441113900903
0.9397691466120253,0.6579102354274996,-0.13201430031657968
0.9819768885906912,-1.0911812510605627,-0.8190765993055457
0.1233660075652844,-1.4140940631425536,-2.014647011640934
-0.9425349277143552,-0.3102288294443195,2.569712741001354
-1.0426300143017544,0.3589874243257374,2.992208326046203
-0.24489145953530703,0.7774301712568182,-0.4063799043073102
0.8174207974716126,0.887865634299172,-2.2246923805037633
1.1108986608271951,-0.12795218593604218,-3.019798060758728
0.41020255727488264,-1.066955781046854,-0.9717812313331609
-0.6364217077680305,-0.4741502174044593,1.4845851916887298
-1.1383736090596759,0.054361366810967704,3.561722008338458
-0.5141029655907112,0.6287339080453302,-1.463346791203604
0.4867368943177437,0.7536396697625188,0.4346505253944216
1.0907392700067617,-0.08045277621051339,0.21163597440976262
0.7284898368089353,-0.6329490187620856,-6.306152622315363
-0.3857220024408835,-1.6926224986715757,-1.6841168498719477
-1.1095431517356962,-0.13626472211272778,3.1726136348537386
-0.7813549444128906,0.7302740910983163,1.4988670602756948
0.15920443819709856,1.2975788383390958,1.611317041471868
1.0803512052224105,0.1304293330274986,-5.332087144852564
0.9019455325370394,-0.7792243484270728,-0.07599704146322772
-0.1290627159156632,-1.5243996605352654,4.002165303190942
-1.019470190935154,-0.8415453339059309,3.8769368502839305
-0.9728702622505123,0.37989417556257177,1.427987522439084
-0.10110952266415689,1.385446711982291,-0.33601450137551114
0.8862432811173866,0.8319334689839625,1.0983495542720292
1.0489209105140862,-0.14606805885379992,-1.9876769056541048
0.2724231114045062,-1.5624383142379539,-2.1686468418629676
-0.7447515722310546,-0.8011522288803774,-1.5517477655600853
-1.0568047944933456,0.4765758765668715,-0.5026517188232601
-0.3577660103783756,1.7047428574592431,-0.9249257349059081
0.7022997851125219,0.8488348344149299,-1.6923583950933845
1.1348264167758637,-0.22916014469651302,-2.961915040997216
0.5381918075418178,-1.5025955143483123,-1.6793815451894238
-0.5325979551870064,-0.9092140977398772,3.6800425877643543
-1.0939652587071997,-0.3314033318502174,0.8906177107925302
-0.7150205465702693,0.8081465018640599,3.483721985324731
0.3580110772298605,1.2344443519123616,2.268490068832174
1.0995114178553347,0.010275844166394155,-2.117356442968538
0.7856931976068534,-0.6516387204627888,-0.9404566018759303
-0.24002669981115532,-0.6659207081815812,0.24470629646913322
-0.9589338591691513,-0.3600034897196214,-4.537486787192218
-0.8824706778153698,0.6596256391104505,0.24344864852683723
0.08867779296218978,1.3493242024025611,-0.23565296187425755
0.9608184691638616,0.33881103231039433,-0.7470119250704954
0.9422449317590645,-0.41974985122439523,0.1638221280361618
0.08024423940844175,-1.0797619256253652,1.4674964580166843
-0.8844976437215718,-0.8019999198991573,-1.6784936755672635
-1.0646110602826988,0.03757348915134573,3.655367979114067
-0.23439218702109324,1.2440666402894367,0.6278801158040759
0.7891241421845525,0.856270218006327,-0.06403616624209074
1.0911612248605356,-0.18798775107769727,-2.195254099545303
0.34973436315107687,-1.1812910853959668,-1.5595116108561802
-0.7052745155912985,-0.5470599531254494,2.4347516532515643
-1.1022818566017762,0.1320736887334284,-0.8948359413334881
-0.48467624095704515,0.6906510103231062,-1.1286183118822823
0.4810146676733116,0.6869454588697185,2.5270505311787317
1.1850224898794681,-0.2742520319755126,-5.950759951060525
0.6598269816413119,-0.4374298223131279,0.5252633948457397
-0.3927926231794856,-1.4334076218636915,-1.3206166917217081
-1.0744187609777214,0.09775637974502427,-0.19818444376805094
-0.767863131299156,0.6865252933018079,0.1388700421725958
0.23146157595426514,1.5452750019309085,1.3894761179594932
1.060170715875454,0.2906176657701731,-2.8591647237014253
0.8823537985242488,-0.2389924684684097,-1.3416219946643386
-0.11571584799932397,-1.1057422456678156,2.3373060308691977
-0.9702504813984351,-0.8276597431024835,0.47438056426941655
-0.9883892823916213,0.8409628886126913,2.55191720384522
-0.061741001626674306,1.4560403268208455,0.17332312079863854
0.8904167317898252,0.37303259871113936,-0.8864090615115505
1.0706811563902772,0.14283879746873285,-2.003159350761672
0.2651842030044277,-1.5035875749455354,-3.2897524739428006
-0.7689296376661993,-0.5402512512876961,-2.9131466792189786
-1.0845847902228862,0.18602851798671938,3.4166995258211275
-0.4418522417899372,1.0633306036858186,5.948543607265771
0.6619823035373783,1.0678468607782865,-0.25944445355429
1.1196291188871772,-0.18293248089428338,-4.338693109502529
0.5756641657550796,-1.0641953289384547,-4.266591924869507
-0.5543966334762405,-0.902565448581652,1.5496663800837773
-1.0922533046934795,0.17425517609595764,-0.13004610758434704
-0.6782187759528037,1.0296466896003114,0.4932228798482219
0.4146699110122587,0.9938514386880881,-0.24792432752011317
1.0713138188018843,0.5089303541701573,-2.2704083636903025
0.7584213091524088,-0.7068438651954684,-0.38899182079132344
-0.29388249653170523,-1.2061567402852331,3.3057903314001678
-1.052195387633355,-0.047681477976943,1.8880244409343394
-0.9721392123170313,0.38549385391418556,5.96582677300297
0.11462973738235321,1.475945729082892,0.4963179821704605
0.9205351442269442,0.5564514938150278,3.8827436615707045
1.0337452781661525,-0.8208733129773294,-3.0127138574346515
0.0716293926467381,-1.180835257228542,-3.011054329960962
-0.9351527745456896,-0.6924415678112422,0.9956165300816705
-1.0271528563595491,0.35929895741107165,0.0868787854208801
-0.20056998526702527,1.5310323826856866,-0.7650204837963892
0.8433807136635472,1.1945287934804116,-1.8901917876695684
1.1421112853059485,-0.2351766387630605,-5.304183259906394
0.37601827182783737,-0.8061254762264358,-0.8914909954875644
-0.6930931890807759,-0.6771769313335096,-0.08743081435326205
-1.154076453525365,0.1989629408621918,3.1483106461734924
-0.5045568219460986,1.002123890593444,0.14244014145010975
0.6040439256760666,0.6212809245458641,-2.3972809425180155
1.0811640370797375,0.2873079021753022,-1.5035554783925937
0.6148942942705082,-1.0270326510126009,0.1782922307295426
-0.3602050171311022,-0.9436133863241092,-1.0909674449688045
-1.1159585901413944,-0.006065457799642182,3.0979992209620844
-0.7551177770279301,-0.6453146624691497,-4.68358180603767
-1.3504755103077204,-0.45199744537514186,1.6571098870785343
-0.7198587128020668,1.1184038205802227,-2.909983638875418
0.5840118157889894,1.265359555628708,-1.0525246055345117
1.4197755768305376,0.5828892310985279,-2.437671964894357
0.9152114638034541,-0.7542768820457102,-0.5341731599133265
-0.39072015353733963,-1.7716307614127051,-1.5290752245462802
-1.3210095212447563,-0.3355359854945017,0.2882494575586486
-1.0258834951824538,1.1407121546726295,0.8986723925481499
0.23815919261504737,0.889583209588737,-3.6257520113866626
1.316322306395397,0.9423269506697385,-1.5398588311137396
1.1548952727262016,-0.2603699122394276,-1.483136080684098
0.04356391843489388,-1.8861474422427116,-2.9860403318404014
-1.1463641166362382,-1.1707952355747475,-0.07054681063953794
-1.2843238053994874,1.3548422309732255,2.4419482081590953
-0.15297221397702446,1.1154815678142027,-0.20407560918104806
1.0845472022105656,0.9114310699628292,-3.2419435114211814
1.3379802055857932,-0.1655599802354879,-3.79753661542478
0.3837223986357039,-1.3378424457958067,1.3298467426983707
-0.8411364602420964,-0.9177304957695109,-2.8347528634972883
-1.3248529687095387,-0.032237369307311914,-1.4845279379785026
-0.5782804422355462,1.4280480854582234,1.0706225632938449
0.7980889343759864,1.0989621063741584,-1.885257923128808
1.435601241780907,0.05567763325529995,-2.3407027748001576
0.6705454928508182,-1.4651939460926144,2.6219530534254076
-0.6590086957128771,-0.7825972996211217,3.303837534863315
-1.3436442302463547,-0.6171662014540147,-1.7280513681392051
-0.8994966886614904,0.6638947354172486,1.7544452859672677
0.3721486960665876,1.300320443680616,3.0177279869743225
1.3011766951573673,0.520491912115103,-0.24234610812571333
1.0320023442365598,-1.579193570405523,-0.10814403115002869
-0.22971992723245022,-1.0581879798003053,0.6375671325025978
-1.2515979142325473,-0.1397406149525937,-0.5707950880041281
-1.1600598239449362,0.9462129057949997,-0.3290373892132209
-0.03979248020912626,1.3345533942597232,5.261129221726348
1.1765316909427532,0.9833971269990915,1.3373787082165745
1.2076292349808975,-0.8879134637661523,3.35830271974491
0.11063104657268448,-0.9345589094476687,3.0281026897381134
-1.0279579143849804,-1.3322848597594599,-1.0971807721116111
-1.2939234683271645,0.842812783118756,-1.2294843931024813
-0.3419948536820985,1.3671939153172534,-0.4327750349906101
0.979532557879397,1.5336353418942754,-2.306177560361516
1.3493237806126575,-0.2585560625146932,0.10253782318674326
0.5173788113797022,-1.3138177678544642,2.155986940327893
-0.7441696324296153,-1.2998874257211839,-1.0748794472186052
-1.3329488803234664,0.2144567118247731,-0.8555364498188276
-0.672835275883857,1.2828293201442047,-3.0223052650525593
0.6210064531907272,1.2322517511993274,0.43785516102666344
1.3791261095378338,0.47407964797297475,-1.4630243329212984
0.8496201971334053,-1.1620748862539847,1.805154214955606
-0.5013148347340971,-1.3314440148904776,5.055985678684329
-1.3788367007031817,-1.2564933937967415,3.9051569709767255
-1.050854052145766,1.0684569878251586,1.9987644829545328
0.30873746664552676,1.2960555433326972,-4.644266487790738
1.307771413331044,0.05483157400972827,-5.611334930379499
1.1874846403423507,-0.5354939424779803,-2.4939398890468167
-0.01954650823118397,-1.38333385238971,-2.6203607211778546
-1.202761348407473,-0.8862820229674284,-0.2391511662251597
-1.2048304761234176,0.6564066873396823,-1.3091923736174405
-0.11294460802289163,1.2331846956160686,-1.8082909929119584
1.0858434815279148,0.875829692552409,-0.6671387715211974
1.3647629793372194,-0.762040825044692,-2.252611390093168
0.33583930090308006,-1.7378428092408615,1.9210930914050628
-0.9352873194477034,-0.747322504198763,0.29963144600895775
-1.3569616004440241,0.0489614230020996,-2.4477921294534246
-0.5309600238985716,1.172084244496933,-0.4421536220143263
0.8356418634051617,1.1387057151790296,-0.9755643860791641
1.38568267576449,-0.3749637805037409,-3.2459753744639563
0.632126964630717,-1.2629114253359686,5.3554864856769395
-0.5828054418447355,-1.142575065361211,-4.021318213645589
-1.349487984434558,-0.6332902790946304,2.4729659018814356
-0.8214156065654485,0.9071250044330947,-1.553025188547369
0.4411918804253422,1.1170241195693902,-0.6266675682822098
1.338822951747603,0.5916033907864693,-3.147002258213439
1.0363589688112795,-1.3617568477639996,-0.6800684984910488
-0.2518508945681655,-1.047336020829846,-0.710334852539205
-1.3119676137333114,-0.309564102242057,2.77784214754242
-1.1581899976331207,0.6228842662849399,0.5759850871816186
0.012151944078162183,1.6320220963931864,2.8112038339789067
1.2551976854361138,0.8213040732023447,-1.8567023447707565
1.2229001762713938,-0.7338191570025576,-1.1171452303525513
0.14757844696100894,-1.7072353227698096,1.7278261606324619
-1.1021835460443452,-0.8884769614886162,3.3376410011668303
-1.29717913394749,0.5678476040813085,2.4946102857273336
-0.3023767752418832,1.5304234596148474,-2.6958698125147538
1.0124659821495654,1.0416937377923474,-2.4333303048517294
1.3531463359596287,-0.30040849257849445,1.251887279829317
0.5459540586243417,-1.0544480654469195,-3.6901727454923825
-0.7848748627643989,-1.4664779144267948,-5.857837218992548
-1.3295496301043952,0.039432181412462075,-1.6400287471287633
-0.7277125867508113,1.3368362167730918,3.1552890944488836
0.6474453658894721,1.3366683957633079,-0.5630643723927375
1.4389922211680763,0.1038830197611007,-3.507468901173856
0.8082760404265126,-1.2599993315696072,0.451716899592719
-0.44431178162266316,-1.0577016404004587,-0.9216810724297619
-1.324490667891558,-0.12618704193426034,-0.6298804398687408
-0.9851669171688694,1.078535743652702,0.5846779599959273
0.2636010565784957,0.8991779695049071,0.1124313296979429
1.2862947359336439,-0.06874299635441727,-0.4988469805981771
1.132873219403471,-1.0604483001195586,0.30632564610921287
-0.040495292050262005,-1.4729810218846997,-2.5559929125559955
-1.1210486998634248,-1.0271382155253528,-2.080120112386885
-1.2018601623245107,0.9406150256953272,-0.9554934550249358
-0.19845333049647262,1.4681025067832543,4.706518654037775
1.0831170122451141,0.5502088996869869,-0.49291983689514873
1.3109771282134455,-0.09205828414061035,-1.2559404949019475
0.32754411106652537,-1.7853794549436097,-3.2936054751801507
-0.9896495202566638,-1.0092678534831145,5.013654999625574
-1.40450101761118,0.6283562834979206,5.447523244500121
-0.4632121517805218,1.2259617878356326,-2.3639324048298613
0.8945746295611888,0.8295464963150062,-6.130454930630209
1.3887335061006267,0.2240136853480834,-1.982873224057481
0.676842943337535,-0.983970405156126,0.3768817042557848
-0.6358701485764925,-1.447747465679563,1.7816284675730332
-1.366126249566372,0.16767646711759565,-2.2317848048602373
-0.8658433147782624,1.255059890127631,1.114662665583771
0.4889330302619596,1.4633188590363189,-0.9276937038285193
1.3347394220459667,0.031224364227677714,0.2331899429983353
1.0506796018046807,-1.4335171941863067,-3.5583380537828115
-0.27457528323586444,-1.3651786929473864,-1.5516477703353204
-1.2728313979897843,-0.20397984752198894,-0.19151214413611783
-1.1117987480992995,0.7124139162559151,0.8897831618812424
0.05789336757360862,1.050381210587253,-0.09604704316819368
1.2238526715892482,1.525453400012925,1.184851749334892
1.1909434141645354,-0.8307492928422067,0.857316691770554
0.1159765612444598,-1.2797573113307732,0.8678321187619908
-1.1132572026624767,-0.9698737058047135,0.31940452661695373
-1.3178750430807833,0.5354120890277558,1.6581180666505162
-0.3167303119602618,1.6784328212364932,0.8239062018433629
1.0356084310046867,1.0587644000550867,-1.276317916802735
1.369651591862987,-0.5730088198552596,-3.590938692764174
0.5618259578342544,-1.6154943424570714,-2.5101243534635063
-0.7892653665903706,-1.2920513118159787,0.8693968935232194
-1.3956122371665314,-0.6094283030255077,-2.363530753884935
-0.7349413424418648,1.4555172745126654,0.7745511204733391
0.6703053579302025,1.8454733994432144,-1.2576917798114529
1.333762725148395,0.708927190453037,0.07434584372058517
0.808659488234169,-0.7881951556403577,4.550362834646783
-0.563717960102049,-1.432781387405901,4.980020283007198
-1.2955213824829457,-0.20543501513905715,-0.7652523084485937
-0.997004379107856,1.3210080128278912,-1.121842420435032
0.23285460055016635,1.1999704581226622,1.836179846397356
1.3168540565945932,0.502005895972033,-0.5288012114240739
1.1603606427056865,-1.1379701124925523,-3.51611220425509
-0.06100676045369906,-1.3641111025844583,-3.5423545319617364
-1.2071770328129117,-0.35810212439174816,-0.9012181784644363
-1.1794712127163969,1.0026995304098885,-2.914331656507607
-0.14442607254203713,0.8871358595259133,2.517684986169214
1.1003643207316949,1.1849578891399764,-0.23691494771424793
1.3060559705002377,-0.3544019603677817,0.27866073188469953
0.23549578729757734,-1.4435139987415135,2.16772424630839
-0.9361646877006282,-1.129305018607637,-2.754950649327087
-1.3700614775068272,0.33028519657120725,3.8062330633468267
-0.44463981637230865,1.7677054517926851,-3.8867029550836967
0.8663470868689531,1.654867918327047,-5.9825919892080455
1.4311201574688017,-0.3067997775075637,-3.128225927767859
0.6896158027318086,-1.284059331482125,-4.096920959593177
-0.6704029037004984,-1.3149287949106174,-0.36569048133634263
-1.4238910197684518,-0.059050681773282765,4.170028543457122
-0.7633621214923464,1.096920677056074,-0.9336978239170124
0.5064775342985409,1.5976770489141374,-1.696114391257607
1.2891369984138596,0.11776927053193442,2.0602644916112802
1.0229791584325567,-1.0340947894080448,-5.303578169631624
-0.2611710108002573,-1.6534747856082943,-2.058180329464657
-1.2837562201433708,-0.34930962063040916,0.885237187847466
-1.1528816648709235,0.6630323454079434,2.7964544272940826
0.10455973059620562,1.0718079298510914,0.17376662862611636
1.1952676699068798,0.5741442816719367,0.8781311360302407
1.254680419602363,-1.0875999844616846,-0.5258281583895302
0.17510471511985226,-1.5559330179071185,-5.797319018560838
-1.0133696993068557,-1.0299247892855956,0.12576572083476178
-1.3596351058490623,0.6419513669626842,3.394849655246852
-0.33081493147922003,2.190747539849325,1.294090091444462
0.9969453749265473,1.7088988025953626,-1.3568664553132737
1.3969624910159033,-0.07273375577316665,-4.023690536832498
0.4666594947800892,-1.1940367021796001,0.6687546603268069
-0.8900420407376662,-1.1787268132612516,1.7982421343279202
-1.363925016717292,0.3358210030704578,1.6530645456783237
-0.7284309082393173,0.9963792689551315,3.6926569617984204
0.6374580511317279,1.6596614117550128,2.371957316778531
1.381571589307209,-0.08980349728564652,0.4894662220620625
0.7663384512386349,-1.1992736254124174,1.043125453235303
-0.4000125825738624,-1.285304514426036,-5.244803552377795
-1.3321880166024613,-0.6295883427627424,-1.102691949929779
-0.9503991156187637,1.2748211245919,0.17305511339615554
0.2978086131149815,1.2084139057361754,0.5860003755579457
1.3433287820819753,0.35664563855408726,-1.4780493698064172
1.1455254751354713,-0.588869120626585,-3.523913690986847
-0.14342916413912832,-1.3443817671253557,2.2329246872843505
-1.2102453958289117,-0.3845235310710693,0.13915864101289865
-1.2608057877932135,0.332468271745473,3.4080097411179744
-0.11274712812734405,1.4657914027602492,1.8484276590832338
1.1563947581547531,1.1037781854024997,-1.0769115851041655
1.3325955156401208,-0.7417145408290315,-3.615155095479595
0.23376494377781465,-1.178403516588406,1.4552290667479206
-0.9831961241565492,-1.101885789649597,-1.2344897795501886
-1.365728483556342,0.3613437537996911,1.107961193485291
-0.42501347195255307,1.021407526974419,-0.9727588511609109
0.8542158853368768,1.2353594718497662,0.18376505770536955
1.3424710943245404,0.35577307283377047,1.4963863971688913
0.7195869653004514,-1.3111700090948886,-5.687390197993505
-0.7077233000808754,-2.06780285105679,1.8781334770542146
-1.4147478452178743,-0.15104843888951724,2.8703476935392667
-0.8809217233141022,0.6728322818709459,4.436425660399286
0.5312924161469825,1.1555084273685725,-0.6187813899439865
1.3684127857938715,0.1652595409014479,-1.872484930313295
0.9230426626098303,-0.8046239866545751,1.9511992088971308
-0.2647925551619701,-1.6284541737812823,-2.2222549173380877
-1.349570896242703,0.10744347356789863,5.627152584228894
-1.0197470078736406,0.5512573486050476,-0.3659373556735285
0.18746246448221837,1.7332306002769453,-5.517652234947996
1.277943420742798,0.9563530772452866,-2.812843114996939
1.2572044895734042,-0.6238888032720424,-3.745573062685754
-0.004637171150996031,-1.21323287068241,3.782092474430987
-1.145776983173638,-0.9214982543769823,1.5370442403755302
-1.2905267343019173,-0.01684630185427416,1.0829480674472596
-0.24635496241756785,1.017619183552971,0.9446496473019805
1.0222301944613228,0.6910391831337181,-2.253178135702877
1.3029119529436133,-0.016376244263265338,0.7426179686371434
0.41818722636025657,-1.4181212809618509,2.0646025920231215
-0.9016814246256244,-0.953833270451947,2.167564022918967
-1.3799447534434852,0.5204973558534154,2.026800157517434
-0.5827226590735196,1.2047666412939466,0.2978842348765498
0.7220657605818243,0.7604516493477742,-3.1568148518657737
1.3970508908938137,-0.4060225535758344,-1.653934742088698
0.8291858799674875,-0.7193355572869897,-3.915101666166965
-0.5413692000132204,-1.103750953667683,5.046582355893353
-1.3517370848849852,-0.09357601300151064,1.3093110269363055
-0.9320321532546743,1.0849499699940046,0.5648160620960185
0.3110391117847379,1.2194493178270676,1.7732592251865302
1.4051192699804758,0.4299277057038142,-5.817451477315568
1.0882019895964126,-0.7587269680716213,-2.498070537106174
-0.1290379634149378,-1.1664753639906205,-4.1586226002680915
-1.3153836267012269,-1.1397735616929816,2.987869023990614
-1.1967600436879116,0.7003224795253093,-0.09561899228152648
-0.0576858579556195,1.415074523153335,-2.170516522292456
1.1236265578736835,0.871024837785972,-0.20596161102121258
1.24744810377143,-0.2628705844696033,-0.8290461372176378
0.23353405798766164,-1.2062005950945114,3.1995128280764895
-1.0439293117430481,-1.1229505705904386,3.1295376801299404
-1.3444155279218037,0.2940883995867316,1.554064483000978
-0.40003001640570157,1.6456198400731892,-2.699453320036654
0.8860782608144142,1.2311644384540876,-2.667775217923719
1.3638705938541822,0.2704107285262092,0.8190634600204636
0.5942156990324595,-1.4593840062336838,-0.684905907793596
-0.7216381751641552,-0.8754998922707463,1.766597181698124
-1.3043865468732987,0.19028027218468968,-2.384520519769079
-0.8070855815079461,1.4968679717084115,3.353897172184006
0.5357357838253165,1.3349017386344975,-3.174448903785657
1.3114762212062774,-0.012500413589564552,0.47321458477274075
0.9595976599179533,-1.149954857806989,-3.3061892236983614
-0.35369491662703023,-1.3632633367632443,-0.39102267191114426
-1.3079563575600057,-0.6775702406993345,1.8564206664453913
-1.0682188829645916,1.232159786998424,1.141431427902837
0.0729146974413341,1.3554406165588342,3.078027905649661
1.1881086922791622,0.6867635745251299,0.3295154398665123
1.1851994337227065,-0.8019166891635299,0.44116000305027825
0.12359586550771354,-1.3529183187075178,-3.0622021793885743
-1.208259333646097,-0.6260407167304249,5.8270196168873865
-1.300350903431693,0.5770553455151739,2.2500847656723564
-0.22870785628406237,1.840997927960473,0.6987202450299279
1.0643437172674985,0.912546504333312,-6.074689385181402
1.3986154298994788,-0.45417416751850737,-2.6098903812326433
0.34371056012882073,-1.5765104190826857,1.1729155125558022
-0.8691372435359013,-0.48879876526161437,1.1661978870517453
-1.3802286171795395,-0.5065367749952643,2.3811164478654785
-0.5868486145821161,0.9755613032138483,0.11053330389039329
0.6865835583727715,1.3557094089641841,1.7046743195374625
1.3994840178810282,-0.36078850414339336,1.8548214430173349
0.7251370330380954,-0.8874337919368508,1.9282852075876955
-0.5409737445077584,-1.148732214716136,2.071759627854486
-1.3347785476570482,-0.4144105003266718,1.4874863177627322
-0.8929544539006246,0.9995593526143898,-1.909522735271565
0.3681041077300553,1.0795351009397873,-0.3436136590472316
1.339216959052744,0.16114794615853634,-3.673598374800325
1.076400556944579,-1.0156554981908716,-2.484917741957068
-0.12277568684960628,-1.5362877111618238,-1.7503070992105862
-1.2740750252750161,-0.34160589959052357,0.4517138974533097
-1.2016995833941484,1.060106891153133,1.3624181028342286
0.0005534889364441076,1.5566628239712954,-2.1743633500297377
1.1571783563944251,1.2751265177914373,-3.830194552348407
1.321397248076341,-0.358322840609967,-2.1045824634700616
0.19559537644595645,-1.4832846720003723,0.1656464053378892
-1.017748767374203,-0.7576436235995548,0.20531890319345214
-1.363884323197227,0.39711077599358324,0.29337541330546973
-0.3846137490629327,1.1553257445398835,-1.8471409575357778
0.9046690506119567,0.3844274135215403,-0.22579502777192728
1.4160938618122696,-0.15499753511633796,-2.3021202972365438
0.5801325861267885,-1.389697518356412,0.5800043208755368
-0.7395060788847084,-0.7514834582449625,1.1789866489492018
-1.475705767528248,0.07670360361180739,5.7328467492262964
-0.748192864174307,1.2998255307432243,-2.893923999587497
0.6069322000779692,1.4801407486055873,-3.6578699723612615
1.3174267066694196,0.20604383684056926,-2.2280064796402663
0.8717717576266046,-1.194011503638308,1.454945344898123
-0.4095030639595965,-1.3165722214003008,1.6477582795867352
-1.3550588483148804,-0.6109487305553762,1.186001364128353
-1.1334690619878254,1.3848517603355608,8.351842055785834
0.17472410167051966,1.1294990719877112,-0.275036606198652
1.2755246525826225,0.28819095554890484,-1.2015328858524525
1.1978702148078222,-0.5164422261389479,-1.8907856779400716
-0.013909040620727762,-1.5868729775474892,3.7425538853157962
-1.133122867950677,-0.9694728996128632,0.8697675087858886
-1.204197323287525,-0.0006223625924550724,-1.6687040806786508
-0.21338348404068083,1.314874831479692,1.0412143532501295
1.0839594852865218,0.6610981721114939,-1.441700879319049
1.2760502503911124,-0.2621388096943522,2.0119879218411127
0.3638800216329185,-1.6281998087432688,-0.26376235143379945
-0.9421391649190162,-1.155382018273528,1.499992131569573
-1.3883638355903432,0.40741972358874223,2.9531835623785097
-0.5222539018246606,1.1205722803868203,-3.5913821685843517
0.745052375743372,0.9141682908121718,-1.100845553122312
1.3710683620027522,0.01811316632500115,0.8338353343044165
0.7364373775689792,-0.7284039337482062,2.217055332042147
-0.6238842459855927,-0.205547697388202,7.142199116639507
-0.3321119698570615,0.8870648412898485,1.1340001239549362
0.4339761052218739,0.30832582524073837,-4.035602388259159
0.6413612500566208,-0.26771270175777795,-3.979593145145258
0.26874676665994235,-0.3512813062733641,3.5090016151581804
-0.28830396699709865,-0.7839452183052832,-1.6105904212983713
-0.7047017826391535,-0.1694174565614509,5.34392567954725
-0.4345902027379142,0.5990442338870763,2.9956886454292553
0.20860210176832272,0.5079781588333907,-1.8260878576421118
0.5850325275526725,0.6208258079833329,3.057206138271207
0.4761292989598062,0.12875855555221194,0.3822267744574642
-0.04162474121909156,-0.1662310501301949,-3.2069320507808863
-0.6500815933583114,-0.07956254957620146,2.8944348547878263
-0.5471400149318063,0.16871965354184143,1.8754525777501685
0.018772133065353087,0.305262101397753,1.6633312072782795
0.5491085420653498,-0.2801146181137826,-1.3993402701078634
0.5501780947484015,-0.4947650882106541,1.2699365740261037
0.007121420084166122,-0.8773409975305049,3.1808438492115174
-0.5659039020871263,-0.14375612646336744,2.619851397576721
-0.6236233483870892,-0.23892442368752098,1.2820680136046707
-0.11560448896420575,0.7201196532935252,-1.3957023302236338
0.4745887492074763,0.44875830768012603,-1.8702403531113732
0.5935771442921964,0.012427261944915058,0.9394154041257546
0.29939602168337687,-0.6632216093207316,-1.7051845641959267
-0.37352117814455216,-0.38526244652030195,-1.5549561570230033
-0.6640405633759061,-0.048495143348458725,1.1597894698647975
-0.35138482792788706,0.5038916182134581,3.416807608754039
0.3076761196005021,0.5027978822182669,-0.3941633753474047
0.6968313005352185,-0.4254741725291272,-3.6167739122582985
0.38691249037701353,-0.7451411641410701,4.357111505113401
-0.21510508636383416,-0.4873189865243982,1.6805897769114932
-0.7130024944581421,-0.4392555894247091,7.169775896843984
-0.4366971680419728,0.5582393306164531,0.28114387060587803
0.10004380633411726,0.32111604275832584,-1.5853658362806502
0.5815534145989825,0.18546939409955998,0.20623044871710391
0.4533188128769069,-0.27592759223659447,2.929772404256523
-0.006224448337156522,-0.3576655873915634,0.39334830902931633
-0.5951750614424837,-0.3978081917160925,3.160163325397179
-0.5089530794789303,-0.09113247283345005,-1.5143314101075929
-0.019134997761014273,0.5104123019821495,-1.555964086662292
0.5369538076316556,0.49174718516683036,-4.393935530653946
0.6098934891627181,0.14558716451012532,3.270578760292511
0.10488795434109767,-0.4179762545368611,1.8116851696642051
-0.38984622093969923,-0.020416919267045586,0.19154096126088746
-0.5519837002783377,-0.04610646222849901,-4.826179197784711
-0.21745641270990193,0.7520522262847037,0.19867476527473893
0.3285623128744631,0.3945008768627606,0.413997486397423
0.6392922187343635,-0.3226732271474547,-2.500811159906411
0.35830319183070425,-0.23769556244053053,-3.6124414860487506
-0.3227070856081216,-0.7123294454446233,0.9117311136520767
-0.6776817824965639,0.8514982107732488,2.059727562242028
-0.3958591035963754,0.6056982998413035,0.4260184156981722
0.1982318686302127,0.7741471060714974,0.722675348668842
0.6229308488898213,0.08993966314980395,-0.962676681523947
0.4963398837545493,-0.3492077696830756,-2.3483304571388275
-0.13661477584649076,-0.951965398977362,-0.33192279266692437
-0.6497734173440866,-0.04357960535449956,3.179487435901236
-0.5769220166133899,0.33294571769850095,2.6903147034385966
7.932956125195068e-05,0.4274740830376696,2.831426497434127
0.5034882692203837,0.060731395691950296,2.272087893964022
0.6039716467086125,0.09676286448466243,-4.314632724077268
-0.004188027565347932,-1.0397483093406847,1.4320286690687982
-0.518903098471279,0.0524628482644382,0.49304128878695536
-0.5853028048984593,-0.48311184679670216,0.22099713402291873
-0.13528724580824428,0.28733232062502345,-2.8260911349500817
0.4274490696604379,0.03863277552234007,2.1576485978174853
0.6711242726181369,0.4736556011537718,-1.0258913853914864
0.23234773233464825,-0.02317376199562876,-0.8153492674266272
-0.4024556566949433,-0.2978225977625498,5.819349174799082
-0.6352454483596902,0.12727812281845163,-0.7888647057040343
-0.25311762705023905,0.5116063614463997,-3.8970009928070186
0.3627431014695838,0.9685868858158923,-4.280313966837161
0.6884738784548543,-0.0037973573819272133,-5.881583998892929
0.35586373783063197,0.039635835498630645,2.8102606678317454
-0.1322476641839377,-0.5190474148785249,-4.0648532801301895
-0.6620368771753358,-0.529218825180493,4.4516747037387105
-0.4443199030318736,0.38877085584220816,0.5948303095229751
0.13293928221700455,0.7549065981703841,-0.806747369299269
0.5790126436844972,-0.3407672923419319,-1.472710479730824
0.5442474831725597,0.07069675612661475,-1.9355891297376948
-0.029094589677140133,-1.0932948590334939,-0.8585150672933339
-0.47685844262796,-0.04535690768956324,-3.370563081813535
-0.5431367722018093,0.17486162002639027,-0.8594248802224649
-0.047221641243061004,-0.02299277787503346,-0.4714364734883464
0.5306344903149459,0.3755615185646882,-4.650997919757436
0.6462776173022562,-0.3753043543345458,-1.9198962763367888
0.18820457287225242,-1.0822373691944005,-2.2302150238052665
-0.379247278582313,-0.17952239549002158,-3.627180206852638
-0.7025137336938925,0.22761935411167666,5.173303061641268
-0.19101224219420876,0.7035612761849509,-1.1175124745594716
0.3527428692685307,0.7812188962492728,-0.8247644748906641
0.5744494849554812,0.47945977412489793,2.5223104940394903
0.31642446011705355,-0.7095842516625034,-0.04324261572505095
-0.2720343102088901,-0.33820047995292923,-3.2617254064058847
-0.6754278716770112,-0.24995029445840922,3.410142558524446
-0.3858300569544144,0.8020795040259215,-3.306844107231415
0.20941633413866245,0.3618755445451847,1.9742154879152463
0.569163916388951,0.05785310187344572,2.6196234154059974
0.5163886993747393,-0.628034010996101,-7.783682367137082
-0.17545773366727196,-0.07315225631720032,1.4386744032454497
-0.5648131277214217,-0.16294124224522144,0.2284872724364652
-0.48766866374862544,0.1740407789280779,-0.2708490583916005
0.03415307310591831,0.44476185549347974,1.7610908457090069
0.5538130949658576,0.6182252608481666,0.06674287721570568
0.6024710716884292,-0.42627240283072965,-1.0793223619046781
-0.00032491039062294835,-0.7280701059670392,3.83061095960783
-0.5182057003944095,-0.4505359726135916,2.6632713682191893
-0.5168256991851354,0.33422834629946885,-3.5939685751149977
-0.16682374233242755,0.3879542754066109,2.195756386294845
0.4224078572097418,0.721004624724873,0.11163418724198237
0.565529821792605,-0.17475082992695679,1.2577459488755443
0.22808602970988853,-0.6440801180882605,-2.653604827625611
-0.3369237608484218,-0.8051127971715738,-3.1528384748530622
-0.634049707284151,-0.24705434350232813,-0.08678535838608462
-0.3266742241602314,0.8140569540782884,0.46666480885215217
0.2684166112458025,0.8630306715601117,-0.7727253374774568
0.6339163944285557,0.08124129142993042,-1.2588529721073385
0.400329976949672,-0.8379046344219817,-0.1627986166106571
-0.28727654666792657,-1.0921125657556068,5.2754119545617595
-0.675346285825256,0.027762269477886736,2.540802585286764
-0.40453996894576494,0.8116834355083041,-3.1358246460608123
0.12461331562908322,0.8659452731008125,-1.4204854135474536
0.6328642891274618,0.17798829214502154,0.24766478059395608
0.4964604488987314,-0.0844751970271479,0.7603995211419884
-0.023920586520736684,0.039908954443506166,-1.486910516617948
-0.5240483079829593,-0.4067960463121606,-2.513355171226214
-0.5578728410994137,0.21790747830802093,0.6078220148776375
0.05509777326337427,0.7988074586251194,-5.916944768761185
0.45790826864848166,0.7349631104567395,1.831668262037646
0.5772895583722505,0.0849335828846276,2.4367105276442205
0.10498558567436722,-0.21714227734294766,2.2109360805165905
-0.4606175846676634,-0.5464291374274632,0.9742227410221301
-0.6702771784747779,-0.061040785424492094,2.1411476686204303
-0.2849294589515853,0.8196728540611886,4.080464616027526
0.450644307774483,0.14721027684108962,-3.0942369552270534
0.6558020035822667,-0.2491967024294417,-0.5522532868634109
0.32518954204349165,-0.5807375273721125,0.8695605528983854
-0.376361949152232,-0.5222350533215664,4.811513520521102
-0.574460216369539,-0.04705476981851531,-3.3533730565522366
-0.46401207650840515,1.0051880464788756,6.276241553024972
0.21952125030014605,0.498172632461375,3.0069150862465337
0.562071190045838,-0.0981604660783808,2.735728903518631
0.41023802522224506,0.27619607496616655,2.188839203804052
-0.17350894924996713,-0.7313747114458766,-0.6769369393725039
-0.5370826749461293,0.0460956383112926,-1.13017388244781
-0.5548481110439701,0.5072349051928734,3.200411250126236
0.13121808149603464,0.38819232643785934,-4.118866736815828
0.561237910000126,0.2723701116931154,1.522597803053949
0.5595599125280264,-0.43016176334056133,-0.11205086962187444
0.002645052024672405,-0.49090244370986774,2.4479449830899394
-0.5613755046957408,-0.2744079493146154,3.5206216962188734
-0.6160014405139043,0.27916953860118165,0.27333486681977437
-0.1328795685413309,0.9084864118979821,1.7455843468929462
0.4001762499147811,-0.02454500701437684,2.3974931647051134
0.6933116728372704,0.20252495242187085,-4.449838892921396
0.1660808162821984,-1.02179981827681,0.8021958500513356
-0.42709688573014487,-0.4567191836912002,3.6154146121833706
-0.6464483262261018,0.08688165616153487,1.912114717803557
-0.2913183467606905,0.06093508536430939,-1.1116920385964668
0.3000274361289717,0.9371819766944834,0.7844081754726026
0.5762166271942378,-0.02555682328311326,3.0171616696792056
0.4075853643128424,-0.4180251148464892,-0.8213684041471866
-0.18177806868467064,-0.4876978698779065,-0.5999524946306825
-0.5611619034761972,-0.2425835989934877,-0.29151701155354354
-0.44283745227906685,-0.18039081575430188,3.0175802975451753
0.2059171760116773,0.7444606157401298,-2.846234021807265
0.6335974276565555,-0.3260087016563967,-2.857126147194403
0.5483160426755274,-0.5591565595522474,-4.1131715078642355
-0.043456783853329566,-0.717063784058606,-3.0842925148155573
-0.5874532260652542,-0.8444813478888143,0.08971634383603849
-0.5459381478364296,0.5508739885605424,2.083870709819122
0.001897833452626417,0.9270222070785474,-3.6788644951894254
0.5825228640658955,-0.2765774086543582,-2.8926977539416363
0.5836771075837281,-0.39616857356740864,-1.609486907225322
0.1491588889968655,-0.9213943897690237,-2.1312432493254976
-0.4411554725452203,-0.4795135517703325,2.856389268707568
-0.5183927085944332,0.04654104429917483,-3.984932093446106
-0.22024287145670168,0.1521716720513032,0.3328585838355713
0.37234942663216114,0.5245078022303004,1.805894954216658
0.7000414333421907,-0.046733623587185136,-2.9246208157290874
0.3145381780388231,-0.6863806926577195,-3.3041456722344997
-0.28344598787947856,-0.3243568311096992,-1.3215037366144415
-0.6199524087672985,0.5055740227945155,0.9185810270833373
-0.29694929021552835,0.40852571091741563,-1.675617763867114
0.28552165338413127,0.5364927007622967,-1.9442873179614684
0.6136165026758542,-0.004990187225470399,-1.1423605332183675
0.4119608469303643,-0.139557310930028,0.23259955568637747
-0.20229935654447545,-0.6598957405404484,5.496621804458066
-0.5662615601810027,-0.13570021056576287,0.763448301238901
-0.43482166663191923,0.7382375699128424,-3.358311614784285
0.0032268495386642768,0.8551444461623875,1.529150317142558
0.5911828084070563,0.5234507699636853,-2.868735779605919
0.5565662124831402,-0.25500550190924953,0.7639604958145679
0.05069711267745032,-0.3921462520163917,-1.1220290437691918
-0.5371796364630352,-0.5403889829188918,-1.1885873721568796
-0.6248219005544395,0.2583007581908109,3.1702845603205523
-0.07538534304465355,0.3212172592897732,-2.163465591698484
0.46797298333694537,0.11125100777667929,-0.5211817729428048
0.7106370997754852,-0.3670429732488556,-5.361395004265955
0.2876659313121009,-0.1668886543975412,-3.370414928282862
-0.4335894028486664,-0.6293076170154884,2.341350923868517
-0.5903390558229327,-0.12464312855638149,-3.867592216531866
-0.28964674851231936,0.5845442569762762,-1.7104363487655851
0.37423873355316595,0.5749106591457129,-1.3287461195262544
0.5835750578329262,0.09125878499217366,2.370889830159545
0.39263737126147225,-1.1069863159286144,-0.5840357891245032
-0.23925496575918906,-0.14656408238169716,-2.477492602068704
-0.6420109546180635,-0.0431847075217584,0.7014101119848576
-0.4460492757697266,0.7998380289555368,2.7733807113255513
0.14538548711873844,0.6298696794271514,3.371344893159681
0.6103183323513858,-0.20493181205387456,-1.8826028326603912
0.5241542494661168,-0.559863968550291,-2.39395407573422
-0.07226735780721534,-0.7098054187495153,0.6302442827280064
-0.5742384764228592,-0.24197722521748066,1.2276797885364188
-0.5282753828629445,0.39935837426329973,-4.424853748544484
-0.05235085002856686,0.7908598986230251,2.524986616017019
0.5530347918002881,0.3148653281496744,-2.0624743914242853
0.5801772151697573,-0.14106446255840732,0.04333644916351374
0.08838411565217853,-0.6644211480159814,1.7133512408630698
-0.48072875255784797,-0.6438391170199866,-0.31127997712980526
-0.5841121273951727,-0.31300293062345386,-4.446190951428837
-0.1231732699127899,0.43024255001507916,-4.495373562166023
0.42030342468919446,0.3386157227020098,-1.814387320121466
0.6420636182463453,-0.09991759782472298,-1.6116723437284126
0.26097163358542597,-0.5817261976171192,0.7285987084026726
-0.3539355826058931,-0.4310966717763859,-0.2722384660259547
-0.6745776468380916,-0.15271600817856223,1.4887103472976506
-0.3742524641714468,0.6267525064088859,2.0258853312374963
0.20147296607705223,0.5825548001625528,2.8448713205766096
0.6614963106516084,0.5269087408716316,-3.4431059969336775
0.42523142497116695,-0.2757527548308006,-0.5762244655668586
-0.23970947960621092,-0.7694100563046649,6.072321099691062
-0.6060270605795958,-0.21417768089311118,-1.210215700531334
-0.5109452484141267,0.1910948974220733,0.185036037984464
0.13246441138699722,0.5198859127035657,-1.732378047970417
0.615653616932922,-0.014319030763478846,-3.948628883890102
0.6404683323375946,0.00823069140889754,-4.770791407318573
0.030944176686014166,-0.5553032293072446,-1.8592129516899008
-0.5069035867565805,-0.3829713378602817,-0.9506364401800435
-0.5828647563219855,0.15323793024723087,0.9451920713616615
-0.0949003265386968,0.8831677712729014,0.4159256493271757
0.49589554563188,0.15483078631586822,0.2122583403302794
0.6059868519256766,-0.49216462572777675,-0.008332004293998482
0.17560016296251846,-0.4011111702272069,1.31357594217309
-0.41971729620211373,-0.3741122168386693,1.2421492165046766
-0.7048040075555682,0.10732165828168161,4.398876404511066
-0.27643259701674605,0.755824298433117,2.8551240582237667
0.35749178882647303,0.4040652606255074,-3.7044463210272314
0.6245993703314635,0.1669717490490641,-1.3220183116694597
0.3327526056630405,-0.3238108659255967,0.3273813389614588
-0.2253981112169248,-0.12549954377898187,-3.936514281849417
-0.5904787120916635,0.026518977295945656,-3.5732744628478064
-0.43241077850502263,0.6301441804961355,0.1251493475965021
0.17235309938015822,0.3407832302530883,-0.8781437362782002
0.5767742084121777,0.33612084148462285,1.7077791644449032
0.510324215275629,-0.31701210215834774,0.9750242768882946
-0.013843498683644484,-0.48428773646655154,-0.5146089088927719
-0.5333087258638038,0.0269804762080722,-3.7806460095185015
-0.6344130935229074,0.026676023149752592,3.185625737287968
-0.055327796900793896,0.4794247988108964,5.257053232646913
0.4906691232357115,0.3259868669502691,2.0399777425451138
0.5503055341274099,-0.7228643342131041,1.376137772980504
0.09985704624764775,-0.54819167049729,-0.5198101640264025
-0.43075712297828966,-0.7762325892565144,-2.8524084775708833
-0.5933140224859427,0.006072458217979415,-0.26527507339879325
-0.09803945301705512,0.5426695352045992,-4.2792831170149705
0.43100851758099223,0.45543788770799093,-1.561669686911508
0.6192318951972391,-0.1571070421802434,-1.2292888826171557
0.24805291500759713,-0.4901137326301616,-0.47017078714162497
-0.30485557079664943,-0.8828142892332909,-2.213979656205567
-0.504237893615551,-0.23096296914864145,-4.070551149944341
-0.37910264514694275,0.29377546478117106,1.6252989308653034
0.226259892668647,0.4705001987391334,1.8895215326411192
0.5975949857978817,0.10560780247384494,1.8714638898349738
0.37219061585446755,-0.5930414629741861,0.8271117564920022
-0.11263298569641679,-0.7713948369626367,-5.241662483316742
-0.6227679417123744,0.08562727682169147,0.5201595488940727
-0.43375009996013913,0.7031395961279793,-4.758038556354398
0.041312845222512176,0.8165743049182783,3.3829711486433505
0.5798194369306191,0.4567542060843216,0.11759931896821452
0.5164868390114881,-0.1176514634898973,3.5789723471837354
0.04498239617426276,-0.509136570411967,-1.6744719128222278
-0.5261725467659292,-0.35505225105779636,-1.550362774363873
-0.5301686823810084,0.34533654484466325,0.44674309323726086
-0.11280987850268256,0.5307291977665742,2.256700169084912
0.4888705434529008,0.07956318649805283,-4.158508023128662
0.6490311028298797,-0.2077844974748827,-0.7401332964595833
0.1855446193369382,-0.21257370367717757,-1.6321298367753267
-0.4951111471081464,-0.3923484473059588,5.282467572620126
-0.6293197335862832,0.5137987119430898,0.3803192857989693
-0.23818226908031248,0.48591152460353265,-1.3257373732738065
0.35152961845956754,0.6161083619110249,1.4971655567633564
0.5398656124385199,-0.1223044379331295,6.684054045840993
0.2731358935495237,-0.7893873555245636,2.367348377150357
-0.2709023751107315,-0.07755238285344648,-0.8539480223204634
-0.5998502549964292,-0.04471284310746282,-0.903461903843813
-0.42041376495426797,0.26994666540100215,0.9244147339959724
0.18120611856682417,0.5131702335786279,0.28242411436593895
0.6000259672137987,-0.060558137090227504,-1.8581964260577544
0.41972636673970887,0.09266419196419656,5.597268430904655
-0.09125624447715706,-0.9427185337031252,1.548638061693426
-0.5679034830591386,-0.692659153338713,-0.980068194308181
-0.5362707448006426,0.23796701669177356,-0.24316000543327915
-0.056695062137701174,0.5059773250192383,2.510096131890982
0.5519180968121709,0.32497914052810967,1.2643149009251209
0.5596029541294947,0.12409257079298575,2.9566777640024435
0.11419825135779202,-0.532727670586165,-2.787246015084004
-0.485565532409,-0.28897761570913727,-0.5356847329675815
-0.576101727882021,0.1327942419947481,-2.1120252575300458
-0.2235893248792421,0.8398408750530119,2.9608818522846403
0.41794020478425975,0.11014748651255873,0.7741374088399073
0.5731637704649137,-0.012110652453274917,2.0460917282205973
0.2944608029036809,-0.14955229815667118,-2.781952164657271
-0.36196475130410394,-0.21289782513831595,0.8665943307410129
-1.2647891321756046,-0.9782210564768223,7.511366503836507
-1.1492182294534818,0.5332289127441014,1.952748212860506
0.047356086558326634,1.2777074217401851,-2.26892174214419
1.1274020513404899,0.2905270866862564,0.08091650956631724
1.1923989151405971,-0.854104066646052,0.8362937627776457
0.208394339228745,-1.4609695969573993,-2.48120620450445
-1.0085036231963092,-0.8977692565690326,-1.2584371575409175
-1.3764447898484349,0.018857144052027985,5.443991718039567
-0.42776467756758696,0.9081526369376386,4.930292570440815
0.842212039467155,0.2999103424871169,5.143849395783141
1.4042169254128989,-1.1294896805526156,-4.827945343608043
0.48062113183642086,-1.1916796927614117,1.5129483392762944
-0.7202268417268156,-1.1074633978450266,0.9301014490730308
-1.393142109861304,0.2771181984103366,4.283826487806575
-0.6695691568776875,0.695365543965627,-0.1101467128917466
0.6229900173755043,1.4646173126393558,-1.77546794906764
1.3783154515117602,0.1371522335332953,-1.875982407634786
0.9074675203924147,-0.567939524575935,-0.8566784415972645
-0.4355658255847386,-1.690466231087358,3.2536197400070344
-1.3074793652670071,-0.17644434690049504,0.036358101751782536
-1.0240445228708879,1.000670010275772,-1.1694229868181616
0.19363949942359054,1.13365340934118,0.30150523677505925
1.2480220774538695,0.7291943603974482,-2.1988025153152133
1.1942434823543855,-0.6148427091353192,-3.167343355621006
-0.04783420938540944,-1.8320556800960925,3.0919970152662084
-1.159734279879053,-0.6116111623018294,1.5869076965827933
-1.2465053210590609,0.7260741928631542,2.2817352649507128
-0.2065435495781353,1.294718715673131,0.5873805778753427
1.0093167237076728,1.2190175838782296,1.9005301776741013
1.3371128450118448,-0.8123551126288531,-2.718057066318425
0.4247423969287875,-1.2741605992468867,-3.5098145024852987
-0.91321562070426,-0.7846865328221969,0.09779100199200641
-1.3279507409676687,-0.3718789061139438,2.15626023233066
-0.45359618539692864,0.9258537642341491,-3.6027840022535416
0.6726722717035362,0.7185083550573423,4.636239308932052
1.41779464654553,-0.1822329370979614,-4.540412281815759
0.6842777780911238,-1.625357813862075,1.0485355942370644
-0.5448534477857799,-1.5114359317249682,0.37220241031416856
-1.3690398440997316,0.20923234181673966,3.472153750414281
-0.888226127860241,1.1599155851923304,2.161621259864322
0.4561361625925568,1.3919856273011304,-2.528882054978486
1.3625062576430953,0.13405912323295688,-1.5685309988401508
0.9821737634015701,-0.8787728417817509,-1.1448352901761916
-0.19111443157971067,-1.1600929387988173,-2.295908524804725
-1.2374492452456107,-0.5258241747866432,0.7931808034338796
-1.1183522294233965,0.6358988972928559,-0.12761469240986922
0.0697786211740547,0.9150845105013258,-0.8950260857754555
1.1474578328278742,1.2016653326530347,-1.0914106727850985
1.2247577763649296,-0.3285638806952995,-1.500809896628447
0.2113511889010084,-1.6316091704410363,-4.874245336137149
-1.0833481055743843,-1.3156993925118676,3.4355055554461953
-1.283654237401718,0.5507897160916886,1.5217860928269833
-0.35481113566245953,1.2054660006306308,0.1470084136298344
0.9037094139236957,1.0410239089553486,1.1445700893300164
1.3649988278931318,-0.07697619925815524,-0.7989656998238173
0.5646386265319647,-0.9952618786047581,-2.531178517206954
-0.8834430875682091,-1.165583771842159,5.75461735329757
-1.3548553450249436,-0.44278936114016343,1.0166438531114659
-0.6748759875150889,1.3881611452696034,-0.7511472649079154
0.6379061211822977,1.5168298525066775,-4.881769047422166
1.3210643627750909,0.4926208488832118,2.9691928791464925
0.8681189396812904,-1.2123368757596586,-0.13481803219734245
-0.47020601983284205,-1.3182541266628172,2.6011436031945543
-1.3641087517248658,-0.5861510268858672,4.217778584343491
-1.0448140405419208,0.43695388237980026,1.9081315291406613
0.21094570587395572,0.783433199739961,1.0441809791009504
1.2914884548833296,-0.1418925195172016,-1.2600138228063111
1.0976438165805422,-0.3258199109253712,2.264647735125913
-0.11258625097521938,-1.2421561592202162,2.989238409515088
-1.2409234742945483,-0.7588942208852167,6.350426368569802
-1.1623188059686538,0.6499489669119962,-0.4828763320455065
-0.09294971138033677,1.5802939436667687,-2.2749406313489238
1.1052350843478924,0.7593213463449294,-4.783077102510189
1.2590987251682697,0.045448024277301435,1.5424847265395105
0.32136869392321904,-1.4492674391112752,3.1028937384467485
-0.9078511475583529,-0.45381578330246697,0.28536133901772065
-1.3200676021645235,0.18866153931348828,-1.5440804029210387
-0.4642140928672322,1.6527840867550818,-3.5019930999003703
0.7704780281526771,0.5774628258384512,-1.37729947886437
1.3637102201872704,0.14168876158452304,-0.8600703352308731
0.7075852129424953,-0.9713889220258631,-0.8074877544451242
-0.5891670796424497,-0.873596229820481,-1.89432708543805
-1.3159689219155262,-0.2342679780791912,-0.7063868574051277
-0.7979672955295289,1.2379605357865564,-5.838405073547171
0.4465814122758842,1.1441858825611357,-4.43328570740998
1.355779538626482,0.530261390040152,-2.8390071382021165
0.9998238564452386,-1.3470748753929067,-2.4867989814348737
-0.28694327412732523,-1.2877396724124213,0.11700214146879051
-1.2896160358236983,-0.7050092345346248,5.542500945549885
-1.0814448913786394,0.015820242316325617,0.48517487040507234
-0.0015646417148139635,1.1573161592272432,2.335781931161814
1.224260311274987,0.35279007072229307,-3.6037722937280923
1.2752184973246972,-0.5714131532432898,-5.149861011064073
0.021858169544304848,-1.1768059955569408,5.858816062578642
-1.1449453501589737,-1.5377855296132104,3.6214810139274247
-1.309118782169851,0.3192673312328509,3.489690116668055
-0.3250609072301954,1.346794274017236,-0.5110682999572691
0.9439942605634675,0.9974031921741627,-2.016210327778414
1.3395260704722562,-0.2329306364246353,-1.5964467733987189
0.5317071845102689,-1.481441186403663,-1.308734679359681
-0.819116800231913,-1.427822082411755,3.4857353368346358
-1.3797073533507824,0.4187136743866593,1.6791695540304967
-0.789676280595519,1.3435155218468302,5.670322520757642
0.6539514511462333,1.568595491206628,-0.9239767982528568
1.374742016410674,-0.08581278495124245,-0.347753898422665
0.9026070519676426,-0.5287697083678405,-4.787871271072748
-0.5106750065376152,-1.4440755196188062,2.201338692876391
-1.3825470690746517,-0.3917490174025784,3.1478485348184826
-0.9823619498594995,1.3165721570824889,0.7144348100807052
0.2899024460191227,1.0997928670955275,-3.9224859760364263
1.2161014945228807,0.928145743443104,-0.6087554058492264
1.1143046480654102,-0.8997223676873312,-4.725680654854756
-0.009414515935514262,-1.647794835765675,-3.5094916086818393
-1.189172512802438,-0.4066758622880473,-1.0206453113053737
-1.1877303309805942,0.6993900593793301,-1.6308423257721132
-0.16866044218705067,0.9439914983279108,4.2695242413561365
1.0751709289483309,0.354346826504508,-0.3283322474432282
1.3135777214787048,-0.8172966846564578,-2.0214408083423785
0.28761955818118673,-1.3454300270868274,3.9254368020103803
-0.976562971786729,-0.7965921988750924,2.7511134252544003
-1.384337732052185,0.26395269260794385,3.0098390525119383
-0.5087839922453523,1.1691350637196578,-1.5565535049488588
0.8022812498216437,1.1457417927242002,-1.3768551758949803
1.3451860236645155,-0.14685874288125733,4.5310099979900995
0.6656744934147101,-1.405458950313837,0.2310965322590891
-0.6688554799266688,-1.471793129961086,1.053276143831452
-1.3680344065213104,-0.16871582873499213,-0.2583361067194696
-0.8331468921036371,0.914677124908877,1.103048170580062
0.4815164058015683,1.4142777424746868,-0.13831947809441414
1.3311384594876288,0.6146777290499328,2.0081674563291854
0.9861838718036996,-1.3997607635689768,-1.1174604858635255
-0.34344549799634383,-1.1575490931409649,2.4312086585522357
-1.2184338891226205,-0.33978278701151665,-1.9712181721737225
-1.100453944575173,0.7435461985338387,1.5064261749844492
0.12893899192553404,1.373876470649153,-4.399880226516576
1.2021704047177035,0.29800727172571206,0.10305668131262935
1.3253965747307344,-0.31330844537019287,-10.188385298526855
0.1197151065588936,-0.9586613680176002,-0.5925517211667841
-1.1456635998204407,-0.9722196318079018,3.2124732830341185
-1.3442161739548066,0.3639050971984592,1.9080547734462499
-0.28128149686254117,1.4167478321603437,-2.4601127729929018
1.007196433769375,0.7725121442060873,-1.4386503798692551
1.3773079220428037,-0.28393389943083047,-3.7410645479119666
0.4189170782489295,-1.7184222572972623,0.3568285215743505
-0.7391629783474191,-0.7092599512162712,-1.7504457614123226
-1.3248277535604625,0.6605948155104902,-1.608268272165031
-0.7204389475178212,1.1573064455636017,3.685903146922709
0.6700784378861329,1.8192933816524974,-0.4134419049513738
1.2856900932058386,-0.0471521290839827,2.419887680154742
0.8365372419415446,-0.9864635413933598,-3.719598611179331
-0.4207687444041683,-1.524916507218964,-0.6384793677602363
-1.3724681081729093,0.06569743368604497,4.974266142235879
-0.971578966852566,1.6945650673288442,-1.4524299586813927
0.32278750581019655,1.2713790319833584,-2.404684328258283
1.2434054276075823,0.20961147897727628,0.922370304567493
1.0500532524734523,-1.4689715324964614,-1.3137197930274573
-0.15559512181820004,-1.6116387549799995,3.646761629038678
-1.215518599479856,-0.9435949779286679,2.6989291935645263
-1.2204090631646034,1.021849284471762,3.1509583615902956
-0.11356097473957064,1.4651065437669586,0.33353203324951064
1.1454935643476816,1.0888978117928987,-4.081994396384545
1.2533805963067657,-0.1519298695787108,0.763333805728128
0.28941237287796046,-0.8337044514818922,2.249603551228445
-0.9859160070543785,-0.8532436595530285,1.3618993938765638
-1.3253894958641133,0.07028838882233601,-1.9470095801857705
-0.48803151139390905,1.6469637648210613,-0.4246347365027814
0.854017967571196,0.9611201870735409,-0.6385307043999955
1.3969060025328353,0.3417444222222099,-4.074355401537134
0.6320560108210741,-1.1945253136416771,-0.20935417381844346
-0.6040003006000415,-0.9973715415827961,1.194296132573932
-1.3559821639672194,0.05567124049951966,-0.06661890322788279
-0.9241999250153791,1.068486048419497,4.884657462785911
0.4809264473345646,0.9159675579958384,-0.3896523733211177
1.3807137321000071,0.4638185626918778,-1.5639131299308775
0.9961007688183613,-0.651434533728647,-1.9194206912753224
-0.2721580207933375,-1.0646007507431565,-1.4739050673818999
-1.2736074398411525,-0.481698571342255,2.1946110410911155
-1.17295312585488,0.5974670193701503,4.211443542541233
0.12926937427334653,1.2202795516507638,-1.7551966116651063
1.2094307856070992,0.925132852470888,0.3720361654158061
1.20805679527706,-0.8184767067111831,0.7480303784648423
0.08053942977209767,-1.3668399586754383,-1.8436569971630468
-1.0732699342488146,-0.5382114101308233,0.5281454920436085
-1.2559616959985984,0.6169326947016351,-1.9678997379712073
-0.2702380228987832,1.5944112543780404,-0.034110899204682354
0.9311203449150337,0.7838921937222021,1.687318309148405
1.2903056265433925,-0.1971082407665481,1.1410386949300628
0.4490987821428658,-1.508995118759609,0.35383472737910315
-0.8877046910431854,-1.114499965465569,5.602954642479428
-1.3601265558018274,0.5887176921080661,2.6800851884540853
-0.6694806510222179,1.2809132346780043,4.027780744346135
0.6495562612075831,1.2880739169689448,1.3945799936123404
1.4218191367617439,-0.25269619196104043,-4.420767066997517
0.7782099431607775,-1.3309855793739456,0.8797406407508501
-0.5657479396400295,-1.1182164550620832,4.701555528780706
-1.3840980330614832,-0.08868462141808808,2.0912573960077796
-0.9746466855781298,0.6730559024850308,-1.6743350642043797
0.35813936272489577,1.5268468723970807,-6.655567983631583
1.340821017355158,0.37649875077433226,-2.6773015127377797
1.1128949842050437,-0.8910856741578477,-3.816176687836384
-0.08577812606624441,-1.0357577852458324,-0.5146395170546048
-1.2062487149164647,-0.33529004053549416,1.4603401952444912
-1.1306902765963662,1.0565672093706024,-2.14874437395029
-0.02070062586857041,1.1990696328274646,-1.8171454447627255
1.1391963813989563,0.4281695159740073,0.28620587586726753
1.2171265809946714,-0.6824800201327474,1.8822039080964192
0.292646118697037,-1.0331950903726452,-0.42360796786490185
-0.9707990061093881,-1.1319167354857333,-1.6469815567660617
-1.3663013017425918,0.04502893443571243,3.863911054734049
-0.43576785715004207,1.470046765110759,-0.35416445802749275
0.8799450446260071,0.900222633334517,-0.8946991830580397
1.2643416958056257,-0.1835464136811793,2.623319883915026
0.6468858512266218,-2.171653638376577,-1.4147759711477248
-0.6906332604616296,-1.3266939010358325,2.321851408554244
-1.4263986729391835,-0.2761310601014555,4.31830817644785
-0.8438736160683221,1.1695631320213788,2.439014836064154
0.5189080188734491,1.2596603776436213,-1.702941348404572
1.38553361840235,0.33882028116828944,-0.5407374739078658
0.9150218820229796,-1.1467865670922839,0.994193936981822
-0.3133937377085759,-1.469989654201243,-1.6654511523384297
-1.2748941213573337,-0.4002278568105011,-1.6984634229501188
-1.0449186593542648,0.43065662435140983,-1.561571956794117
0.1616315007857901,1.3944657666075568,-2.8363722120005543
1.2229281103088923,0.34332259317625624,-2.2759151185937645
1.2003950990376377,-1.0305842391020759,-1.269126600867616
0.08852477915331596,-1.9342816338095097,-2.2216917951248303
-1.1175771272859814,-1.0735070963741045,2.0470928049479986
-1.2791341308891566,0.5545938902697267,3.018417842320332
-0.2198443540801456,1.8915115193805816,-3.203811544029771
0.9948601699284609,0.8959327044841381,-1.717812398503471
1.3712988233232608,-0.3453951141007394,-3.77837484428702
0.4088299767879745,-1.5964777043912206,-0.88126770386866
-0.8721050559779253,-1.5611088454821713,2.0753116213120504
-1.4065591332343774,0.6407209970136174,2.158768106700055
-0.5579048791049985,0.9726498473018702,-1.7978253523767123
0.7259989394879978,1.3350467878818455,-0.7887201041792957
1.3962674067314422,0.275843426794079,-3.27157646748485
0.8273927109956475,-0.9942589366973609,-3.4122477429603326
-0.5360020868608171,-1.8600347536050814,0.8212284712871981
-1.381632764354866,-0.12832548863288107,2.3587094625291574
-0.8970942390381577,0.9117428199520461,1.2109447455535853
0.3128385271991386,1.8368934146982934,0.9269725694759046
1.308329661209035,0.5101918185704724,-0.06142313979222214
1.036922292507708,-1.1968293350102654,2.3259853682513936
-0.11182617179037024,-1.639305419597357,-2.285438500142325
-1.2289228638871659,-0.9013028079173635,2.385006509241423
-1.2001899327634462,0.5886527598450586,0.3956136732718285
-0.050201577422550325,1.4927566756272692,0.7580831110777442
1.146329911825927,0.665919349888987,-4.268457417965618
1.3039645142665126,-0.8070461536739137,-4.1329170854290735
0.2487322111456878,-1.5382817933806818,-2.405258133074904
-1.049486308831863,-0.6987142491715848,4.134921387164811
-1.4412902107718195,0.1439991883488423,5.721558033021507
-0.39917915343813104,0.8729813657011903,-0.9752436553249466
0.8820111760407224,0.87300713181446,-3.174985095934657
1.3397648971013805,-4.743256697192777e-05,-0.06456412155029831
0.5464510806133902,-1.5214916658564441,0.7850920642607695
-0.7699412473610295,-0.9422580459493285,5.31399207843847
-1.2818558572006817,-0.35028754082004565,-3.170868782477182
-0.7673623217167307,1.2255879883646958,-1.1227905774449876
0.5075520072874544,1.4606429995907138,1.130005499316995
1.3326189016441408,0.00553081380459397,-0.5376193766904408
0.9171196529377209,-1.547483500454866,-1.7717011312560564
-0.42030731416475076,-1.018728623924664,4.923720100396746
-1.369856738628592,-0.8059345880073598,2.669792837856311
-1.143177511403469,0.5217148761688373,3.160826915824506
0.18044420126958857,1.2568260314892528,-0.84806916891077
1.208400865964353,0.7598983920585689,0.06615185211963914
1.1955162821894851,-0.617836581029011,-4.612281626471218
0.07143541751891949,-1.2405607374194243,-0.9119604383613511
-1.1569556043176277,-0.6755098717503949,3.2221055425074483
-1.2278785273913684,0.21738839851162206,-2.637443498600612
-0.2753164512031448,1.6732050874761368,3.9110635852128617
0.9616048780212991,1.2169548711493687,0.5611153824079318
1.3175877028894565,0.10867890517867962,-0.7577811233833939
0.433848553529384,-1.4954494129961071,-0.9599496389349749
-0.9032189039663533,-0.8745834392869506,3.1625011654764617
-1.3515978426209025,-0.2472034671168799,-0.5221589280165636
-0.5830982951772812,1.070714356109009,2.2005966913416075
0.7687937318071891,1.192796161081086,-3.1869512719255746
1.3749820893656146,-0.10257893341351187,-0.04080634804965476
0.7606443282387213,-1.1286490376266027,-1.0010199648159057
-0.47182637221236307,-1.2529706262563767,-3.425184452768762
-1.3871814218771978,0.026730764336777568,2.351835483103665
-0.9135707211857935,1.2963315408477687,1.6267445236473899
0.30991614497457215,1.146844407164768,1.6857434770407143
1.2827096482912441,0.09194332599071098,0.4464050075642656
1.116207128964924,-0.8343052943702356,-3.802367003631638
-0.12593246498575952,-1.126802177668691,-0.048547662184921236
-1.2819838482419874,-0.12474434969289017,5.272610498588504
-1.1664735269692965,0.8400631065408593,-1.7632978347903783
-0.07798182379630446,2.0439845946330095,3.603071703463223
1.1769556410723,0.7299337396727645,-2.8352700397621478
1.279059068241939,-0.062327265593797865,-0.9819323490040338
0.1566657374175811,-1.6124521590971963,2.483051190075425
-1.0123753504130115,-0.8647367414905643,0.9407487557889616
-1.3008390454959855,0.7374562544593477,-2.027931883930251
-0.48811375489419423,1.1046364864900688,4.1321309222474305
0.8763936366764715,1.063888663577827,-2.72633379042127
1.3747550763855503,-0.2786604285048244,-2.044617999553212
0.6496070083405788,-1.1430015638021136,-1.7580778078132797
-0.7677465626841253,-0.725822662810221,3.490410592038015
-1.3761973668820695,-0.26188864654049016,1.4862422975093663
-0.7321926803699536,1.2196472840040562,-1.7154054424605174
0.5179895870878658,0.990586432624706,1.8896374792903547
1.359823277379786,-0.03215597561364025,-3.6225691015372323
0.9273762206303601,-0.7251549314927469,-1.9223830518192568
-0.415645074635268,-1.8301600371900573,2.6060801905047857
-1.2723303043311698,-0.014471571388113835,0.7275273037323057
-1.0695691791463708,0.7188393972026363,3.4430835519984804
0.20046153240821749,1.6563614416701196,0.3680841719122363
1.2624273803025416,0.4212506703652885,-2.5384401517257076
1.168822909675104,-0.20175896692141038,-1.8286109696998492
0.022965107051364578,-1.351928894117463,1.0085343101271438
0.776404179593493,0.25916154789452084,-3.9131748639202923
0.38109353785077166,-0.8527547290261084,3.2226524931942535
-0.41548902011800004,-0.812771108019348,4.044951266526298
-0.7544351827376291,-0.0784999911911588,0.7889931388794685
-0.5125190066507421,0.4649313133456173,2.5361809560873185
0.1957897899654229,1.0106422922010423,3.7444053613857817
0.8014062561893164,-0.0753294712006286,-3.2826418621945828
0.5716892230105969,-0.7198013169851425,-0.42808761406189416
-0.1436531118874706,-0.8724951228917099,0.38453912678062974
-0.7455027184782669,-0.25557593734550854,0.34215791710766663
-0.5880531221375142,0.16811562209068487,-1.6285331861383652
0.10386437890632891,1.3517060579265516,-2.5633935964445658
0.657139643127858,0.13781105319961517,-0.6972713109696996
0.7384639140653151,-1.009511122687925,-4.6195474515486845
0.05320803369197376,-0.6736142600492184,2.8187115861272205
-0.621103823342473,-0.3816624447099082,2.891651690978004
-0.7058266157827665,0.3456730181510026,1.3743069168684703
-0.17553742821008597,0.7203431064070703,1.0208167884244823
0.5149024898071592,0.5681539741564656,1.3293857439963588
0.7618120088973508,0.412552372985065,-1.19311103572608
0.20524630562984725,-0.8082263946703647,7.6122890902728235
-0.4727494492100652,-0.16868081800350293,1.7615356236992157
-0.828468671020185,-0.1307694981563512,2.3181779865447427
-0.4271233269663711,0.48483911450508427,2.3295891045087656
0.45431672486814745,0.38649071084626146,-5.37440310605463
0.8577545619070789,0.15485429497347714,-7.617404013240288
0.5220967790649641,-0.6106793333293792,-3.2299287388719753
-0.17891227915932567,-0.5329372524399574,-2.663838953680327
-0.7662032660339636,-0.12334062795341216,3.614770118450906
-0.5596662052991367,0.7953046882185788,-1.64854126108413
0.16421264278874675,0.896056290863856,-0.887130153812481
0.7340159180287127,-0.1291851482998041,-1.7128633966965938
0.5932681007105199,-0.6957188379892226,2.476371788613219
-0.013109360935756126,-1.1029693374421816,-3.0183045497191756
-0.7126263540242852,-0.3098716529832396,2.5285990588268605
-0.7018233557007773,0.037611889194171244,0.6380283481656981
-0.07818582204254274,0.5296436438304727,0.4428374140204333
0.6650690511633474,0.5303437951352657,-2.742170916482974
0.7525704811053487,-0.18904547400691862,-1.2425783200962686
0.19080469260343594,-0.388829263746127,-5.509598048985352
-0.5576464212044613,-0.6629938811792169,0.4737672035633178
-0.7566768857184835,0.34512176806741734,0.381674022996062
-0.2992376885510327,0.9006482652942663,-0.14719547736145755
0.5001612105126679,0.8048886378304998,1.0735362875305388
0.7587329137551183,-0.3170157156325959,1.1249962769464243
0.41171912136083166,-0.6419395088325871,-1.708802019507858
-0.37779082074630915,-0.5215505084900165,0.6739420396709006
-0.7538289186452117,0.24701288491613071,0.5438499049973484
-0.4363530163778311,0.4690250649902611,-0.01235803680170705
0.28777072602960796,1.4421421196319977,-1.208903845375896
0.7438747420603861,0.7376394666171215,-0.7248979036796249
0.6093376203657758,-0.42657202956828344,-2.602190799445332
-0.1998392341428748,-0.5688265758948918,2.3768979135458017
-0.7929139314823394,-0.2456931150609848,2.4967276581164883
-0.6804701146052586,0.4321889536965018,5.399202302220045
0.13161023627018748,1.1700401478113487,-3.5510336114232777
0.7260599610086653,0.47951356026598224,-1.214214063040645
0.6432460939718451,-0.40458940811027966,1.0653685650650473
0.08371603981051252,-0.9637159364415856,-1.9974094595765823
-0.6543035149392187,-0.1878348861695056,2.9700085424620446
-0.7598585950575227,0.650407449126198,2.318299285009429
-0.15209997581182017,0.7743337774176035,-1.7714649434196432
0.5772134138980094,0.17943692361094554,0.7382178488991409
0.775763788804628,0.015148940103978936,-2.734009092072643
0.22303919102615713,-0.6700096594878471,-0.3267913039688558
-0.5082847242853107,-0.1120081457958838,0.14618275586021912
-0.8012961739223188,-0.11259905259382696,-0.3145001637323594
-0.3942718834409306,0.8313509063663571,3.4001010103859244
0.4044765388424325,0.08310535320342177,-0.5909366779416242
0.8077644087413324,0.0021401705603746324,-3.61767707223967
0.45023750154210124,-0.6231643642513268,-2.2418566906078157
-0.23289568593823232,-0.8077958208509645,-1.44892721979396
-0.727138643826801,-0.669538025806376,-3.0243253789842495
-0.4931744726098937,0.6569166784484215,-3.6229886214701095
0.21913700229586197,0.8093456444345104,-3.5369568904916218
0.6760959748925744,0.41945770829770634,3.6974681205755955
0.5987214718909619,-0.43680436659078226,1.7746966139520348
-0.031145143244561697,-0.879651661733894,-2.182983927838664
-0.6511185767442594,-0.41756427588883094,-1.5043776650115253
-0.675551933277146,0.22271721789914323,-3.8074825090067193
-0.02972421988049,0.6620622531182835,-0.9807709873529108
0.6667603266517329,0.7258119716521289,-1.460576661868982
0.765336981373365,-0.7852941285102322,-4.015626552257207
0.1473150117719368,-0.4918731302186244,1.0718092143365143
-0.6034708826490544,0.38157095383610284,2.473570696783991
-0.745012299361626,-0.19736851267980193,1.0584201717942199
-0.254123505838166,0.5540048206704488,1.8052072451144974
0.4732478342121176,0.36905453435648494,1.6989348847258892
0.7258781489490409,-0.07173525312691387,2.6782449815686173
0.4077625819436257,-0.9561888715526725,-7.254566353051057
-0.4224651793751443,-1.2595217622631572,1.3099245545568454
-0.7948510449016711,-0.2266359660180195,-0.19947898496940608
-0.4537746564450768,0.33432028036923994,-0.4449325462474246
0.27262782087905413,0.5506338539862382,-1.1336913480274136
0.7372661385357836,-0.029859800896521183,1.1565020708357825
0.5439242224358252,-0.78358797328443,-0.09071419870555708
-0.1154686044185389,-0.4155626962029484,-1.863963893765258
-0.7122785904226496,-0.3078779796087,0.00949541653932906
-0.6383036370228371,0.7385064304464567,0.6001715199724456
0.09384715121376812,0.5362990096993133,0.8949055593520069
0.6665668415395912,0.5593260412513928,-0.06538435426952094
0.6643751760830637,-0.37193575306101956,0.7737412967762732
0.04682176759900483,-1.2806159007645859,-1.1198181055840672
-0.6178701320523458,-0.20999731360216933,0.6946781429530868
-0.7485605872502438,-0.37784221074602053,2.6176580910943272
-0.12934925011272425,0.5976213271042201,-1.3872349579782977
0.5790101695203534,0.214084825384952,-3.1365066281425973
0.787229657268365,-0.3732427674086658,-0.7492141335439381
0.21581954564976796,-0.46226213831060137,1.499580982369475
-0.4362831786384162,-0.3683167395379966,-2.341299485308486
-0.7346119021244523,-0.13061870352319205,-3.739104733346269
-0.3853446417014919,0.5711169862182321,3.439633406036347
0.42359138110908406,0.6174680648653588,-4.427136237256979
0.7798156418780795,-0.2272594187283078,-1.700918080461092
0.42923768825045716,-1.1293274209935933,0.6172688624698838
-0.25346818195378346,-0.9042156805301327,-3.833372570206295
-0.7532084044854692,-0.2974239637767495,1.9328108791098537
-0.5459097126305553,1.272467629685278,1.6604925258883385
0.18228501772736194,1.0379088102933092,-1.0917366970796116
0.761367147587032,0.0014526230379474647,-2.224453263649951
0.5694506004699577,-0.8698092857550233,0.8858532401416469
-0.0770986945432585,-0.2549871450512522,-0.9236162386767338
-0.6539297067210585,-0.47226715069277503,-2.154989070520114
-0.676107914274463,0.41903941709720227,1.3522788246160047
0.02419612471188514,0.627184709655348,-1.3974742134450473
0.6868613581993712,0.38593559714311054,-2.0724541228523687
0.767408251548068,0.058674018378213066,-2.5292088883312385
0.0672207063098879,-0.8218951938091814,4.519058519116312
-0.583724756761228,-0.5265086405325864,0.3076740096722297
-0.7912731153012943,0.3055841704233031,1.533424544165621
-0.2494596810477876,0.6093204230717179,-1.719281063284498
0.5168746957219416,0.6405066459673475,-1.3678258620960981
0.7902665775529809,-0.07185179752704329,-2.4306894170444493
0.3646897829166279,-0.8848472625423855,-1.2385234770652576
-0.40641783175865503,-0.6643170023771258,-0.015964659097561784
-0.7942913936596879,-0.2503746126849643,0.733714815971443
-0.5413567769334136,0.5946932923298454,2.445763780981423
0.2776168146650598,0.788104449987291,2.737721016177098
0.8101926190913308,0.43516115789923204,-2.849057254648289
0.5318480563153667,-0.7442385097110321,0.33120694481472424
-0.22527277750534935,-0.5329093842047112,-0.2639383868043105
-0.789508454019529,-0.12948209731127758,1.2779385301634394
-0.6367039999007992,-0.009876629909543189,1.1624746031661972
0.05149641616666185,1.2495794833100948,-0.7169820460682297
0.7456151227089853,0.37153828916339615,-1.119636744975342
0.7172570117125981,-0.6366145963652892,-3.2132427976903393
0.005680502977472791,-0.28441712103267774,-0.6149633020206213
-0.7095265720226138,-1.0097760286873385,2.2917987854114483
-0.7196056306366636,0.609782460743235,2.6600758297217983
-0.09804353037073589,0.38010843525074656,-1.721613120461527
0.5039420242769201,0.6979935076650673,0.8506931741336127
0.6912531604773857,-0.1510289755292915,1.6311780434358962
0.23751317286232312,-0.2748138813323442,1.6678823762454127
-0.5449639968577366,-0.8493341116042891,4.827777551831674
-0.7791473024725712,0.5318865254778732,1.5864548805536176
-0.3507630534707664,0.8211741822356097,2.612902840709196
0.4018700028038932,0.2878507842102557,1.5337219179568273
0.7304728104693737,-0.2185861403138778,0.9226143430058009
0.44729070615944533,-0.6183189893760149,-0.6745880164546608
-0.350197879830053,-0.9471419325429945,3.2556997492977313
-0.823276707093726,-0.3993349106672761,4.5657788811119655
-0.5998058770154335,0.6593547385234494,1.4474705269296761
0.15900761742135444,0.7612575078455088,1.5905464775614526
0.6590257367245748,0.27160604278755995,3.016762020559091
0.6331801894034542,-0.5299004571098048,-2.570866297352794
-0.07001163222502328,-0.585544223681786,-2.040709534607057
-0.6709253195538477,-0.06804366553156582,-2.791240749212409
-0.641855449956256,0.2935116949582539,-3.20824705191293
0.003789999046109358,0.8306747188085692,-1.1708885929867052
0.6160075427894789,0.3074302557812175,1.6159555696237256
0.7323868014473449,-0.18949081702583026,0.40532127555328573
0.12064269320226226,-0.8335311816971291,2.426049844615663
-0.5872224188965556,-0.8667056659826394,1.8953646198481127
-0.7097663402107751,0.04908898416703389,0.38156103411380626
-0.26015400494663415,0.246629598030733,-0.5423428263695163
0.4257870464502703,0.36045401962703477,3.77599823705559
0.8419961379031335,-0.6754285611036714,-2.8187608787608185
0.32129617052177656,-0.454570487422441,1.985573843005642
-0.42542209248304835,-0.7742491856209385,1.7546896472662188
-0.7478365453462265,-0.22342770330849748,-3.669415141263069
-0.4641423159820319,1.1244230354546292,1.6228525080104563
0.42549802241892815,0.5783780775929634,-4.590087167609757
0.7870746930713842,-0.035013277708499935,-1.9379329832318581
0.4903529451580342,-0.30601083641304483,1.8946733628022994
-0.3133090438932038,-0.7385393993279928,5.676989301231188
-0.8015122189534064,-0.5767295236273368,1.7961406492704728
-0.6388543705181772,0.7109862357104918,3.7961738892597108
0.07874318921799278,0.9361622676553616,0.21322959150873178
0.7035936474794552,0.726259011134695,-2.4093404777343155
0.685118907057195,-0.11400778612091211,-0.13036116793231634
-0.002801265873357415,-1.018574475203995,3.676686667441734
-0.6473820875633102,-0.7246757998272213,0.3324594672548976
-0.7078519462130418,0.3073016040233406,-0.4120847193114474
-0.15090818534259498,0.38408639462157473,-1.0170076305135634
0.5586811866910121,0.3130093651888127,-1.4611083385612
0.6912325904864706,-0.07113038812909589,4.636267357482768
0.23041057830517056,-0.4953333108399452,0.5109136649391607
-0.565111363294714,-0.5224708461648431,2.6298845461480083
-0.8105059383681363,0.06748912452819111,4.378306203219968
-0.31106979403233936,1.0569782657951885,-1.1174422013368934
0.4041186660338591,0.9375647755996197,-0.4768920968690299
0.8058555238191231,-0.11327834148311122,-0.2356754927612336
0.3646334211845199,-0.6104892593483369,4.887152845908078
-0.3208654730287099,-0.8382249146164992,2.568145812677385
-0.7981532891385059,0.10465466395404077,3.5961925623258844
-0.5135641144408597,0.35938818567351927,-0.8509160079428285
0.15429151186441817,0.8547995132123141,0.4216420866462056
0.7215468209364916,0.4591758927361056,0.6885774008581896
0.5480947151448281,-0.6399710621697757,0.4184760546566965
-0.1645396396179678,-0.789041672133034,5.282897261608259
-0.6471857142670886,-0.2951877583809759,-2.0428202287368413
-0.7197030333189044,0.17857582307373832,1.4427028232712942
-0.0539581474491956,0.45110311015214766,1.9642128594473622
0.6875986303607077,0.7410008341095575,-2.1152862868372124
0.6997266369309585,-0.7155482255962875,0.04087452209089709
0.08281435586301458,-0.9282414804158726,-0.36278676224592077
-0.5873334576089952,-0.5706009016684438,2.1901035293989546
-0.8174008481475855,0.15306203074879565,5.85393713611521
-0.2999210432519482,1.227962062987305,4.0159261700020625
0.506256572054339,0.20293826759865796,-1.1360211066145476
0.838689174565671,-0.044607987928945714,-2.1324946644840335
0.28698271150271637,-0.5498658618844423,-2.567118202477027
-0.49145519615986644,-0.7294997801741909,4.136039566116278
-0.7989016301717778,0.04927601610082544,0.15134097729619145
-0.43007247045084007,0.6886895065950249,-1.134843712796401
0.28072627998326455,1.0734897766198965,1.8197691436827934
0.7704547852423446,0.2576475586828081,-2.3257485595744263
0.48426729479748304,-0.47563656178175096,0.07806988749293309
-0.183508678598801,-0.5587869617183284,-1.6769529613362588
-0.6830485307763471,-0.1609058080107073,-1.3521665851147227
-0.6242161654128315,0.8519809280154339,2.051560058528857
0.12179407235695751,0.7990716964889342,-1.9650667572563547
0.7309062604295343,0.470008487625066,-2.5351780056554123
0.6646192051660726,-0.18510117649553293,-1.4592613515020452
-0.03576934766803469,-0.7643079319755,2.3067634151671457
-0.6942728679848715,-0.3951487913045726,2.6373922806552352
-0.6592264344425983,0.5463227876100996,-1.642227426504611
-0.03847497544969855,0.8500632383363783,-3.3553604688790215
0.5547202680309415,0.34608876410819056,3.590237696623012
0.7285518219079297,0.0344090930640778,-0.8864856578225672
0.22608186867680607,-0.5103569369536213,-1.383494521575509
-0.5500323804926863,-0.3999578207318122,4.313228008363377
-0.8435253453957618,-0.1871669080813404,5.750332063019452
-0.3598009544145025,0.913462374525022,2.366963814095303
0.46818087643699846,0.4999226235614804,-2.757308647905175
0.8557464341369428,0.12764694293577572,-3.4887851437557185
0.38135936454261604,-1.1992625027480568,2.304767463891884
-0.36509902513785164,-0.6793076084627708,-0.03896180219829515
-0.7828705926509393,0.051835891667939005,3.4685059362081163
-0.547364780414291,1.0483094811642926,1.0984300726797152
0.13777382243264324,1.0711196046404516,3.5375000325174786
0.6911997784365735,0.1914537298380231,0.9065031091908033
0.6338880412435934,-0.4346878626689821,-4.099200551563183
-0.10627153553701794,-0.8220328967960491,-0.7606494346522241
-0.7118573104476276,0.03547873711267857,0.906772464484937
-0.6863386381388724,0.6026339691816329,0.3113421152524609
-0.039614960262581905,0.4693075023494013,3.913060045914989
0.6717903101138263,0.1211939859076544,0.08860786744615295
0.611419295196055,-0.1929679502684789,5.303106659295096
0.0821224370831275,-0.5552528595948995,-1.573630286024531
-0.5798817284118549,-0.6756918705589856,-0.7154998113567201
-0.6975123221694035,0.21477761523331584,-2.209170321951659
-0.22399772119588776,1.4424237784155949,1.4558769612910476
0.5559649004261451,1.0329203421713606,-7.469707978792064
0.8186881937164499,-0.5157555359771215,-3.6461624349578012
0.303299178033795,-0.8044006942285922,0.6612645594638189
-0.40845444020254973,-0.9099949252894696,-2.9981396640641975
-0.7968462190109494,-0.12965432278919609,2.073815391122778
-0.3573506543047924,1.1635105513236073,-3.093106353521281
0.35987595030353103,0.6899819234204915,-2.025517899868059
0.7401302031318364,0.41356689062495344,2.04798817877312
0.4737154294493814,-0.34454950188008926,1.8855064703203475
-0.2508330646823446,-0.9461983049214893,0.05527264733589443
-0.7931634296889055,-0.006532791704924601,0.41056181453649504
-0.533347439773393,0.5523029681505565,-2.317376265508016
0.15685208379922622,0.6057699725221657,-4.502820014170299
0.6912657516541846,0.19047970112969437,-0.845855552209241
0.5963502906695067,-0.49464551322342953,3.420228281106692
0.010649405473576304,-1.6183227897633081,-3.4013920573484344
-0.6170296385444831,-0.2746985022818166,-2.3607210315009706
-0.7217744393030724,0.6890551285699481,0.12135900494054962
-0.02677282719389612,0.6426508861864035,-3.3649196691025782
0.6219432038895765,0.5090007147419529,-2.908983989410223
0.7483899288172852,-0.4009758970305849,-1.3845100596632325
0.21646858339620434,-0.6432728981681516,0.4981273069196074
-0.5338013731251358,-0.6104817777870164,0.6278245759629519
-0.8167610999732988,0.2666844529134582,1.6504341511322356
-0.3353631346746142,0.7179665964352241,3.050963443616215
0.3782452886611289,0.23546048435801076,0.9746484010409612
0.804076978761849,0.31052565024201895,-4.217156822774338
0.37249241850677733,-0.03784793515735435,0.6709317622088734
-0.34633174079234014,0.07604504417989877,2.509746006391612
-0.7163661399569187,0.11233464379530933,-3.655748907130397
-0.4664338481709832,0.41203212357136115,-1.7603218412860748
0.2236174827635731,0.7649521759096815,1.4792236058959178
0.6833983600582756,0.5839053831348201,2.966371447204078
0.5817453457795568,-0.9603660225321239,-1.197107970624262
-0.15974373095410488,-0.8354106756923777,1.9625988324035692
-0.6676314828245933,-0.37049908842567203,-1.7200192179153646
-0.5848671688986203,0.910964899207582,-3.108388830992962
0.025022254115227627,0.7422467417343076,-2.0291040113795478
0.712878535383095,-0.010837104827424171,-2.279364673662291
0.7170057395406404,-1.165059187602147,1.6693122949956536
0.061226079975382125,-0.5286840263469581,2.6924551796054494
-0.5740005169183074,-0.6046389403785379,-2.2235476408414425
-0.6960161149742026,-0.22209998741858195,-0.3055655726498908
-0.21536205869299244,0.7529651827303298,2.4321931391343523
0.5006355229209016,0.3392242677789714,0.8121586413624154
0.7548605023114385,0.02888775487697004,0.8068015007918645
0.3034293215031705,-0.9324030705369005,-2.7653756483434
-0.42687856479529523,-0.10387731709518844,-1.5417016160248753
-0.803557522622605,0.14054576827419785,3.112259421076314
-0.45923852196326526,0.48783911428976173,3.8298066442211662
0.36421035625704745,0.7344780444264642,1.1096589506371095
-0.4622560562453847,0.8996524681362339,6.6540634606292555
0.545549715424207,0.8631649071860353,2.349806903763071
0.9915683716075169,-0.30488232383405145,-1.0035232007279575
0.537453920723845,-0.5436737433908184,1.3390500405083743
-0.38459625819993754,-1.0744972631849121,-1.4094296951147378
-1.0811338313140648,0.010124173499533318,4.677866295212096
-0.5497129361633208,1.0127548292402981,-6.620732302095559
0.33870692916613965,1.0367924651851246,-3.070487418338533
0.9468799954928616,0.601084858409725,0.10781482047371671
0.7497678661613172,-0.7254017301681542,1.5374517778713153
-0.2037375843662067,-1.0708532342444248,4.114147060564861
-0.9898395620981404,-0.2413219490666263,3.8688831455612536
-0.8746296238736112,0.46311280464095217,2.3564096669092627
-0.02857299465947099,1.3142412165276856,0.3324430011478813
0.9177059599053009,0.14818182084397724,-3.5991085690797298
0.8964023713664923,-0.923185958258741,2.8464284110081337
0.1996722913279497,-1.0759072783225043,-2.8507461972970343
-0.7304245980156757,-0.7378581525251882,0.5944842645763954
-0.9910381164599351,0.3721877804403789,3.3272395666781707
-0.2855468121732864,1.1397055397804199,-3.599943615741037
0.6747043660211315,0.45708569272154664,0.9505491551035417
1.0538277135483791,0.18754663019888596,-2.393713752845595
0.39875416840021627,-0.4209689220741239,1.0657975561280342
-0.6092934685636043,-0.7242930489432353,2.298240633804344
-1.0112725568589922,0.17092027364788542,0.9948615244919751
-0.6495336812354694,1.3859480637715627,3.367887016262332
0.42820356419742894,0.8443386225965024,-0.27871993012189733
1.076709704564471,0.21795947218308187,-2.533891155266749
0.617538361015283,-0.4275065568496855,-0.041967878784267554
-0.297017082472119,-0.8069906175677463,-0.030519112277551663
-1.05806476430726,-0.6291897831280319,5.734338200236817
-0.8164486878893902,0.5232038081358886,3.347625367611732
0.15232881314676033,0.698119588697442,-0.32435110496295216
0.9116319081308063,0.32860625861459325,-1.715998801415447
0.9125132152534124,-1.031798783328538,-1.840406718140107
-0.03276075074660857,-1.252872185974866,3.5434951599437814
-0.8686570101159987,-0.8238795567861917,0.4717811734726157
-1.035923915195441,-0.3279295836507129,6.081283048012077
-0.09433078213298887,1.0102764513156088,-3.2412755342346404
0.846149353393422,0.548987808253254,-2.1934685563096035
0.9497080736235038,-0.1799823590657479,0.4145213043434906
0.26839455186070993,-1.14233092609889,0.34967230174486885
-0.6307077884887606,-0.8445002304065774,-1.653351265877358
-1.0389606536764293,0.04629720622544964,2.051666256889396
-0.42836198774443673,0.7573859240053982,-0.3968202431368406
0.6006478093939016,1.099260689249254,-1.723189740685583
1.0644786100366195,-0.12446404265577748,-3.9456994821161144
0.5172883317302984,-0.9748610527421544,2.0882922121630147
-0.36876258274014717,-1.0864258063631043,-3.3730955090397194
-0.9693975246372485,-0.16725103878292014,-1.0720024522793026
-0.6005944567640727,0.5525833994368751,-3.2686215134990824
0.35231823391465955,0.8936677934944468,-1.5484700752977665
0.9832250393896872,0.5445963101764595,0.6550757298991291
0.8181912904725487,-0.8946153200776102,-0.9779431138945976
-0.22290542776299108,-0.7849521600971134,3.8294976186586793
-0.8962073877649718,-0.9510008636162537,-2.797623619137466
-0.9045134535000077,0.8506894431020168,5.09984614474339
0.08784331258120026,0.7753084940201805,-2.2863173227088818
0.8536757396683231,0.756870842181912,0.5985172842430636
0.8911976666887371,-0.46586533372930505,-0.4755034543140832
0.03871731893394331,-1.1731483791776482,5.033223159426818
-0.7814314659193172,-0.6917160264911904,0.5949791109518873
-1.0236660071226544,0.8203622699492674,1.8104950234205446
-0.2628932869923899,0.8653565350682741,-0.8015666780455233
0.6485937561818654,1.2673434580339482,0.5382533520236293
1.0174439046907828,-0.2506378586583802,-0.5376117088421204
0.505706446985453,-0.9415580660020806,-5.514360035262351
-0.6073066238498963,-0.9216231757577764,3.092607651838269
-0.9983727069797432,-0.24045625973052875,0.43750538587992727
-0.5667136245307828,1.0490505171636013,1.4635806119248618
0.5233141156615272,0.6418560899687877,-5.695887470864653
1.086119476789839,-0.06961958362908582,-3.7120582360904995
0.6270322164639989,-0.8921077837729058,-3.4046354408265853
-0.3654039179967551,-0.6224915366820144,2.8715668653127366
-1.019418320077736,-0.3861517359758593,4.41063390209417
-0.774249950904765,0.6675702571483577,1.8021116562499284
0.16532172479802523,1.1153198436046714,-0.49102998185429014
1.0256368561285616,0.6155232462227106,-5.555300408702469
0.8998008089633742,-0.2723346118883013,-3.6591073266272076
-0.022769276825418277,-1.5350826797365125,-2.384130681388196
-0.8812819498299529,-0.6355842352002389,-1.4303243974385205
-1.0024282410641072,-0.09763971733154131,4.087114017739835
-0.1793845554471853,1.1612855150354677,3.492071448750101
0.7982403102695715,0.5140495860416361,0.7750644911708984
0.960331746261089,-0.3301239110480775,0.7903009827272741
0.2503548381433427,-1.2916928207098881,0.6414603536572611
-0.7364961464610201,-0.7134137392783835,2.637724860657551
-0.9192216432338903,-0.08756650940324628,-3.0967475381887355
-0.47631773368956815,1.2182421391777345,3.7754792112356994
0.5706228168643632,0.12065066383522727,-1.3469115132102516
1.002731891640138,0.2866718078975783,-0.2549126320118612
0.4906700878799434,-1.3929580900443221,-0.4779481921785578
-0.4638798489528192,-0.9158781693695119,2.3851834852588936
-1.0444142601033144,-0.17611318209221627,3.1078211905046946
-0.6464705753286423,0.22936891830412198,-0.053084628588327964
0.26482372664553866,1.3961498423996643,2.9472555097846866
1.0512090493538107,-0.0753408413072143,-4.812751346732081
0.7889331070968768,-0.5223034461381137,-4.110559023006977
-0.17581082192407682,-1.1351465077854297,-1.0834120061055819
-0.9164825783292296,-0.021911895275303905,0.030658650708670354
-0.8489610970066594,0.7023608247799129,0.7945525466882408
0.04579232821251365,1.1133022806824715,-1.1562427642936783
0.9333827893187612,0.5104879277980362,-3.623080500579352
0.9637175639821534,-0.5321735928139859,-4.590856420604492
0.09861496668261112,-0.6262716494648574,-0.6129981315568811
-0.8183182215104773,-0.24641669409939115,0.5255990417887413
-0.950344958122113,0.15353640757047649,-0.12181678519661232
-0.28326085691317354,0.8538456707490605,1.7047588659477235
0.6587946121163025,0.9787714040420509,1.244563613971517
1.0351319296125139,0.04006747788730669,-3.861992818776317
0.3691022214227228,-0.9273598391004103,1.6311353409281393
-0.5709219234452764,-0.8311048744289368,-1.3776103511081328
-1.0576023877234397,0.5248383200936885,4.318365778210687
-0.5422018341522618,0.28108749115797,1.8758317652164658
0.47670898935787615,1.3976846018721492,1.4661868258733046
1.0382798544798448,-0.19327983707812635,-1.8357332100564405
0.6934692572186125,-0.5827556963984537,0.059760172099248554
-0.3114082961249224,-0.9905643117940683,-1.1113166918748751
-1.0066260712911461,-0.211080546000616,0.5490973110034273
-0.7469118429597565,0.5963868651083026,0.38987578336947604
0.17567650944180171,1.041577293302409,0.817570733592029
1.0262087345657633,0.33191245962225335,-5.291169968811716
0.8625710492485391,-0.7496471222864232,0.9573808407202234
-0.044511282589210124,-0.9110942922133972,-0.12330744737384491
-0.9173610205501821,-0.13546236755329621,2.40165107825848
-0.8910026481662593,0.22053308150820627,0.3537322909300922
-0.039822488761471306,1.3367205181082975,-3.777579652027619
0.8176485839577964,-0.0005770228891749385,-1.0644683373651276
0.9959604698132457,-0.6724053809941771,-2.864106624910573
0.2232799704099355,-0.9253662669766167,1.9222881217093883
-0.7008836167072653,-0.06572366458986789,-0.5619725495818847
-1.0293444441016861,-0.3068498278279974,1.6232399478596897
-0.43089076153418204,0.7098468841623817,2.1443945090796523
0.5413420235242207,0.9595243819488408,2.8237750311822585
1.0709792354551317,0.25506018414441,-4.904947427748003
0.454954545469615,-0.6378078557955513,2.7301401679689588
-0.47249959501950917,-0.7519427123911406,-0.19792384997158186
-1.0308597420867924,-0.2719267258679303,1.411717574846969
-0.6526997950222853,1.004605435605908,2.0386943842617975
0.29873742092670075,0.4886113614923143,0.46129130885366354
1.0470421101669523,0.3421402304336507,-1.2951103447537196
0.6917400584400394,-0.7666845797062011,1.1869002310116257
-0.19754564753384776,-1.1233300288894865,1.7292451619039089
-0.9720346996392792,-0.3181225058338555,0.8775921793145658
-0.8998019234551852,0.3670229630269439,1.55409166194023
0.020044653855270843,0.4959705546456065,1.3243733925843104
0.9417039582807274,0.4322226694090786,-2.9207158118437553
0.9015068476466912,-0.3244651404675408,-3.3235657926922273
0.11785762815350775,-1.2705287904886502,-2.0342641469172418
-0.8452593909315878,-1.0224602598138566,1.8635933586770852
-1.0000028621562718,0.4946067499062856,1.3958302607889634
-0.19104117704492485,0.2159693710781145,-0.7825850474820001
0.7297818074784004,0.701159775945116,-2.0779981512015553
0.9379013808222544,-0.1468366882654648,2.666686220438552
0.35030992600076216,-0.7143473179818849,-1.314739201902582
-0.5501681201736387,-0.9531836966965695,-1.8746321015675327
-0.9935853168919582,-0.13947158329827625,0.3763838768280379
-0.4798341734123393,1.3016552509191752,0.5829826695038287
0.3928258993461975,0.9481883249413808,4.434957795061629
1.0395216130548006,0.16879361392746262,-0.7244573902306318
0.5553509737443202,-0.39962530686693865,3.9879829604667996
-0.3133069548183697,-0.5109008616306824,-2.0462710051215653
-1.0520050171808017,-0.21168729770358163,1.8051356604761126
-0.7319203956989047,0.5003457165330943,0.11163001445795351
0.21160851065988204,1.5925635567561007,-1.4173566064826686
0.9598012337417021,0.6999318843581293,0.9328777523854048
0.7884604677385064,-0.7559368510006592,-0.16141000480384138
-0.06691352971622443,-0.8210585827313746,-0.16819036185388603
-0.9808696299060988,-0.6375348077323012,3.621885776399199
-0.8856573737789223,0.3667856741834774,-1.935115239004565
-0.09811676024380568,1.457188345708526,0.18239491599538915
0.8425074573030413,0.6361230523983219,-2.2825585953555305
0.9102293761751972,-0.5037061289446182,4.029809329536363
0.11849076550855586,-1.1677613373988334,3.8922791136930592
-0.6917034191285742,-1.1427649565383857,-1.738612008206758
-1.0044164178459898,0.21410273596964013,2.5965653608703048
-0.39648129827465944,0.9681158225836902,-0.06734497459919664
0.5622962918689727,1.0401088841858452,5.462446612183941
1.0603532944102727,0.1025341276967684,-2.059476006766293
0.4895490462878084,-1.2191112241077489,1.5801556324494386
-0.5266602272697711,-1.2023490035150788,3.693384124748765
-1.0071054181226664,-0.5937330472008151,0.5891133216414132
-0.5981079014705543,0.5076976242310155,0.2740249298157965
0.31425068741937034,1.0165048781909363,1.4705983042139847
1.0048181876063054,-0.04098202540832152,0.7484253812083341
0.6979802418094561,-1.2231373310467886,0.33297809407774326
-0.20717165254267728,-0.7947916364376567,-2.0040125795649564
-0.9715591752497428,-0.5548820124490861,3.380749877508705
-0.8196883605898473,0.7400430565372418,0.37931228460227395
0.11736528303287791,1.1896063096178122,-3.0754459360351643
0.9455762169281243,0.18638370988200814,-2.6304989500221563
0.861046429891279,-0.6801812514098593,1.002618665567539
0.029875509590624003,-0.30258434268066203,2.4516124593117437
-0.8220809368329698,-0.9816394268965795,1.5299532689789286
-0.9511744814742933,0.06398143563515812,1.8228783616402546
-0.16975701597971962,0.8316770026721206,-0.8686287699075573
0.7323135380849848,0.7777333247453372,2.32272861141373
1.0520284710286985,0.09955869942353035,-2.072533290066628
0.388909953039525,-0.9375786288836757,-2.7816269503586137
-0.6388391893394727,-1.2596718885895142,-0.3094780351914994
-1.004853927798422,0.021016339708699316,-0.41467816688880943
-0.5335249544210374,0.7713983427185961,2.742053573391908
0.4764736124837831,1.0200200693254335,-0.7751402229585835
0.9814064012422472,0.43607122183034586,-0.24769966052503076
0.6270210061011172,-0.9802306218603973,-0.9811761578448336
-0.4347285878361842,-0.704366628286249,2.5693547284495866
-1.0055182869222266,-0.38922106353283414,-0.39485330787345757
-0.7478713340424729,0.9260125399617036,1.9715408814309399
0.2190457323059381,1.1839860060560405,1.586748463319072
0.9926646907019694,0.0027709624040711534,-2.9745404514282656
0.8471668236107185,-0.5496529120592913,-3.5942949558582606
-0.07078776007597766,-1.2389109515457553,-1.5549138238153348
-0.9439191654340856,-0.9286540076250605,5.137970273134982
-0.9380568807902021,0.8267130740480222,3.643477652109751
-0.09963597505107175,1.4708806436302384,0.5082953020032754
0.763467469296932,0.40562114242608804,3.1347425941675615
1.0090827403014089,-0.2825607109242223,-0.6472815291374201
0.16613886716070433,-0.9221479319441239,1.353061740033386
-0.7535253166696501,-0.47712758344917394,1.865227354840852
-0.9725498359519611,-0.2555098325292815,0.08724332143426355
-0.2850851540555658,0.8461808398490819,-3.3934991589552967
0.5681911954882616,1.0878265926248913,4.355116050812971
1.0048055693697748,-0.21497600618364032,0.17006056847497744
0.4980059137994549,-0.7798874493564769,-0.6306711404472942
-0.5250675726248697,-0.973618931165745,2.396123368403629
-1.102023659545322,-0.25327956399792684,5.641895128418441
-0.5882632744547731,0.8740765102159881,-0.6625844253309798
0.3894005078975223,0.8020379690960577,0.36197470793935316
0.9634534225715821,-0.32054435206273046,2.247002806100229
0.7220394556837558,-0.2613884504478686,2.3618344608712656
-0.24553480367707325,-1.3328249178014195,1.0953880798338067
-0.9716057209981375,-0.6391506497433341,1.0743182349346985
-0.7728691354297632,0.3027581160248982,-2.99568735078063
0.09065552891902275,0.7836470935571639,-0.2747750788032327
0.9465205580659676,0.2599948972031202,-2.0289717576566533
0.9085424807083848,-0.08889552927439481,-1.9193310571669149
0.1364534600327952,-0.943658478644858,-4.600059430912418
-0.8668691335774876,-0.7644127645908311,4.533082401085288
-0.9446080496866517,-0.01655900789000575,-0.40986916667420603
-0.2808775775433953,1.1207957761328835,3.616546517800388
0.6749477269693408,0.7786097326790115,3.1663013639875457
0.9750456319779347,-0.08347676408342553,0.6154624367539413
0.26871847525678577,-0.8953557683198541,2.179440963220575
-0.6498547581605376,-0.7344639193106123,-0.1604727779628859
-1.041419102175007,-0.06893813797932635,1.3978508998505284
-0.5059484010290061,1.2383409454945544,3.5451614916715
0.5323505643548753,0.9480071703137688,-1.2238595519281037
1.0812021782467438,-0.15502418380469396,-2.026963630606882
0.5512142282069302,-1.282503311876341,0.17637584086919456
-0.42307226211969357,-1.1168000022367042,4.003693699972628
-1.0374507116291067,-0.13279567670270775,-0.06759967040573495
-0.6787537702597541,1.196713060867332,-0.43360569656119063
0.27827966443186797,0.3412473697271559,0.22201565825184677
0.929106684340412,0.5178624787248809,1.05865583518436
0.7472813061664536,-0.8836779562772262,0.23775464755237952
-0.09477396783391881,-0.9399609194961209,0.9344734731235999
-0.93089994442776,-0.24386367933310393,1.5667215343159295
-0.903728525662997,0.7679392940598473,1.583547316374399
-0.0665442246986213,0.9300376713132155,2.549600173622807
0.9144137593583694,0.5074933594582892,-5.534982465797953
0.9749209013378892,-0.30450971697432216,-1.3298670329471356
0.17865077025343568,-0.7887455944027433,1.143038539917599
-0.7873548162054782,-0.8392004880816006,3.2990142858767624
-1.0001960398984089,0.2273781340041675,0.5627335552572644
-0.3109298125392201,0.9938661892355045,1.3728506693660325
0.6958235630784075,0.6161117828102258,-2.2221639086425715
1.003081886901538,-0.06006633052091481,-0.440232684761505
0.42530865914579297,-0.8226919182418091,0.9079803856309621
-0.5227250865481593,-1.1557306313391875,-1.3180005865609834
-1.0088820384140245,-0.11970186984584963,-1.497808903671102
-0.6150796728366661,1.3353331511415703,4.2347182968427335
0.46409629852028333,0.3626278505282676,-2.761971198456093
1.0020467949118461,0.6668006024066475,-1.3938368726629602
0.7494584003418534,-0.8900996855999194,-1.6733734802046478
-0.23127401413569343,-1.0858030610578429,-0.40108109680941695
-0.9431780875043178,-0.11270556605819937,-0.39245009061002756
-0.8267218843832695,0.16715923490034534,5.061421953248987
0.05027105425653808,1.0473886106346086,1.1834986524403845
0.8916194732493029,0.7051978849773405,0.9276709217305223
0.8541707649097543,-0.2183635535221412,0.1613730382570261
0.07707250054854765,-1.1662115800734028,-3.3341198320864267
-0.8033211433386707,-0.34996404051586105,-2.0817416190346547
-0.9938656639780283,0.09971601982888822,4.707177857445555
-0.15427676895598746,1.2180132449939862,-0.4715615040986071
0.8143911926209474,0.7275739652003416,-0.7462313163412265
0.9615574879635271,-0.20684539470467556,1.4372918741241136
0.3748253969815649,-0.6770529449473872,-3.4723123432634844
-0.6257283918818684,-0.9323475861204705,-1.0634626323139966
-1.0254923874422976,-0.04527967108191144,1.1378303461569317
-0.481126466225638,1.0539132127941333,1.678344829998985
0.641694586095391,0.8205521080779349,-7.1130961273609925
1.0773577384906992,0.14045456675887302,-2.715716312406736
0.6165113094391226,-1.2655027683297178,-2.9072582116470116
-0.3376529600894015,-0.7048836837541633,-5.431009275541556
-1.014434401393966,-0.15734510133666557,3.5047438666421824
-0.6965011055131576,0.6187407854671545,-1.7543177997321495
0.3082379147775845,1.5998830236878914,-3.6999324319825626
0.9263080304998579,0.3584790785639569,-0.7709589829194485
0.8241493903632224,-0.5475766263161541,-3.2007172702135134
-0.06426794369440006,-1.038007102051571,-1.9975659729765398
-0.9255360670987305,-0.23191600569385906,0.33637623207498385
-0.8607810815760314,0.24924075807708057,-0.3721914053901043
-0.026799102291864524,0.8530077660710161,0.3512421302587604
0.9319545087012938,1.0293055151753772,-4.938326645211459
0.9371300804742394,-0.1322278803016036,-3.5971787924898173
0.1486110483940018,-1.2660628398158313,0.6846951975907134
-0.8427367136789997,-0.811536532850754,5.022155665311107
-0.948348170454414,0.2190917465843356,-1.1316714399443288
-0.26239268308337316,1.4666765030097177,-3.989864954324037
0.6711654803460801,0.5699714341577972,0.49719030326532687
1.03264460679296,0.2547366575914106,-1.4213335645428897
0.3546301289971655,-1.097575349896723,3.2225946882167316
-0.5800734773171312,-0.7568963615386987,1.1921892298597003
-1.036048777224705,0.2951137575161705,4.135358324655803
0.24676170878028275,0.0896320485343502,6.646985748983654
0.9376848494346955,0.549838830656964,0.5102555560522865
0.8121712703232425,-0.8610725004697273,-1.4229656981828236
-0.17368867478877503,-1.3494496116930268,2.5660190921609454
-0.9190572403619158,-0.6556996438141754,1.3388809421326897
-0.8786941951892049,0.6944501101294431,-0.8578546827494982
-0.03098668082929983,1.1123340018343955,-1.069427819780393
0.7549937706591967,0.8430966126880163,4.418677479748906
1.0378789294213528,-0.4459410895966115,-4.196123356865157
0.24211559478141248,-0.736528963344051,-2.7435676723200006
-0.7444446299430197,-0.9591981001910138,1.4248621080918715
-1.022480134201508,0.45449150803799243,0.9785339755781033
-0.3508880601205196,1.3581735054197503,2.0615468974164135
0.6750476253827532,1.372225045135368,-4.0382256071033735
1.0186169819788065,-0.6860159126702919,1.6379390449096642
0.4871309826826691,-1.3471274835951692,-0.33186765271531193
-0.5812667866558869,-0.655737607764659,3.2182425239578487
-1.0803416417309168,-0.2694690494664165,3.974545220507836
-0.6280426940905557,0.8489902910411556,2.4106455321627616
0.3923722586136801,1.3625618774884818,0.13782663848971533
1.091436577802,0.15238280721791786,-4.884992784024339
0.6927819710273935,-0.6632072228123442,0.7737731870056075
-0.307320733107487,-0.5018426210480209,2.6592418602893795
-0.9665477077920017,-0.8882898788888788,-0.27680063696191026
-0.828981503581839,0.9766368260343061,0.5645188826413711
0.0330992967103043,0.9968159199552964,4.611429168071411
0.94091791044939,0.6936174181145566,-1.9460404091253805
0.822773964307336,-0.7008316560361044,0.17519581293998499
0.011260008167503232,-1.4122408620360454,2.3887666870905155
-0.771405945940061,-0.7285200075676013,-1.9954095906873996
-0.9359367276472121,0.289675362805778,1.0873829193183893
-0.1656433480966679,1.2576786073017425,-0.7074683733181503
0.734175585465388,0.27281548352570295,-0.7433910135967814
0.9457769389346227,-0.48102307177941284,3.0824459572475043
0.291749134250775,-0.9438894442591491,0.19548109815996306
-0.6248449374918383,-0.6144970832841024,-1.1106004431195597
-1.0899654322916557,0.2062461227766943,3.0827503479941436
-0.4792788129314373,0.47942107884689167,2.203499087004045
0.593173205635324,1.0802496693662391,-2.7995058449934116
1.0792706969104837,0.4518013792718961,-3.4472319434290357
0.6141216019767177,-0.9990003178866691,-1.7018482338251657
-0.4334341067519027,-0.6646284831842344,0.6801719100090409
-1.0526180092233646,-0.11606307426854756,2.5366339579930797
-0.7606963885147198,0.9169020995881222,4.799537060321
0.24379173798965506,0.6972262121230979,-0.6627636856516755
0.9466916931695493,0.5310632960875256,-1.4389108367562915
0.8039011240921274,-0.5762648361132677,0.35996393520160486
-0.07684028445500599,-1.3235204333129738,-3.8648474158564676
-0.8983048523102466,-0.4340306041083275,0.663101291396756
-0.8622256283439739,0.6996824069377955,-0.2692073717782595
-0.020395829601917975,0.6939771645260296,-0.19616095732354843
0.8568268739906394,0.8455015102520608,1.1452164553404416
0.9122670565054983,-0.2985664066435745,1.8994701417879871
0.18051252660545747,-1.27819891248449,-2.139225689514746
-0.6959065550877611,-0.4492391032211873,-1.9511686711574654
-0.9757993226371129,0.03359596748066407,-1.2610392339221814
-0.39220818046934947,0.9713105282728713,0.7021540687920402
0.6716688484363365,0.7380108553528075,-5.219203626490733
1.0312005234163975,-0.27889304709661,-2.066589718319065
0.41965637682906415,-0.9779079305754614,-2.9726343410346243
-0.4766449898899226,-0.8623158314606335,-1.6085265227797585
-1.0728331740699748,0.05211581969484014,1.4384145627265317
-0.5034663367088577,0.7471775881562875,-1.2481713485139878
0.4187097407157723,1.0405232605917714,-2.7692655075998838
1.10929164978387,0.3299575339509442,-6.521611584869836
0.6753639442126821,-0.9178195716813453,-2.8169230236669374
-0.2943437327138617,-1.4790093494567846,2.5079629470559937
-0.9592951021429483,-0.1435552017136521,1.3694884266643252
-0.7507166663469534,0.8507402116652535,-3.1626175479707563
0.1647056314894213,1.0792624322212008,-2.8251876592583036
0.9647456449953941,0.8115980629971675,-3.765623864854465
0.9187900239840793,-0.506256674882663,-0.03410203226777431
0.006192615783187947,-0.9666059376501841,1.0494463822864897
-0.8815942865187881,-0.5531183744009022,3.365481563672608
-1.02122202023013,0.38527053708567516,2.920336459586493
-0.18206234392143225,1.1002030800971763,-0.04089195273078161
0.809164474325778,0.9892597579499657,-2.127438925601653
1.0027469923417205,-0.31038666875960297,-0.6765908054316988
0.29472049971037517,-0.9725472198201862,2.137402766445714
-0.6265935280280657,-1.0304036421749996,0.5736018329794185
-1.1116687535564094,-0.08047508684618565,5.5548116082301835
-0.4663160892183034,0.6814471300226749,1.8154758533194693
0.4658405478090347,0.8061233202553536,4.730239731625928
1.1175353072459182,-0.3625671518112439,-5.048068212215533
0.5951719245090307,-0.6364044826605103,-2.0731930103100695
-0.400191909586547,-1.0205854821377052,0.8445893301447871
-0.9774939353654974,-0.06982066907646023,-2.046746628686461
-0.7241820106938516,0.3512294069370675,5.473455519911378
0.3069489771991024,1.2278190092969088,-3.8795953998059662
1.0383140816472587,0.17466265615158794,-3.9943213503771013
0.784805758661908,-0.6539220085039593,1.026636997718771
-0.20661866258213402,-1.13585113587109,2.2332636151627896
-0.9292517063236462,-0.687502576171406,-0.22754100586145354
-0.9001019805305559,0.4905639804905243,0.5752960052715445
0.025516451620830147,0.787991811043416,-0.21988303672112575
0.8531933321685548,0.0188885895679608,-2.3039140077333053
0.968174827392793,0.01681621112227527,-1.4495292580880732
0.12271927387832904,-1.1175125007628741,0.6068248314960267
-0.805232320960134,-0.7654106079616774,2.211629182346732
-0.988643900594049,1.101064944172101,-1.5115308928275313
-0.2931586431540318,0.964226386676848,-1.7531404182603871
0.586727794527415,0.5111396297764764,1.9442119928052537
0.9792487383981147,0.07801741057770317,0.6021002777466089
0.40816774851591675,-0.8306629618683448,2.878019598163773
-0.5431212075341887,-1.0338994846714105,0.10500990653208864
-1.1012816405647292,-0.13694678551712136,3.3559417693431524
-0.5676949892466391,0.8503465733808369,-1.8458726152775362
0.4338052819926606,1.057028617151543,-2.527368292746872
1.0090069804327138,0.08578648804905609,-0.6406141909148957
0.6682046550947103,-0.5231752005296497,2.43763584605362
-0.20336719411431645,-1.182831880420138,-4.0553102221462245
-1.055682480414529,0.08108125133724775,5.525567696752562
-0.8182734519064978,0.720730724829387,0.5728432045295229
0.11288229295471332,0.7540830091307346,1.0941025416725936
0.9136501825151635,0.7630780836232676,1.7862023103486198
0.9099664401317915,-0.5154294409696125,-3.810521719654315
0.06263290122356592,-0.8054930292343717,-3.011059871435003
-0.9006505873100723,-0.4063202636286023,3.3760005502469004
-0.9405926778353154,0.1876108188953013,0.5476209028214748
-0.12718440389362237,0.6661851934589708,-2.45245062671224
0.8205187747481111,0.22550784203002106,0.6683396551570738
0.9646351622558024,0.2320612703239222,-1.060063650362148
0.222326258265037,-1.2912211328120382,2.5307210591369755
-0.6285225477529567,-0.831713500232002,-2.8916257986928016
-0.9796671860750524,-0.08207762092987347,-2.222320347531512
-0.4740282554719994,0.8667426352019016,1.524341119858598
0.5399324112763826,1.0593860748269461,3.1235283207601627
1.0702424880890276,-0.2880324031160608,-1.4034567677463146
0.5797262734902494,-0.4408771339064915,-1.3486681890884988
-0.457393902431056,-1.0689660688950624,2.127482154796698
-0.989274025237089,0.19138424249744213,-1.597299654531275
-0.6950054796989862,1.1737696455964157,2.1098760967751526
0.22332793610457594,1.0880176239686423,3.108899929151977
1.0049398053899035,0.3384288494365778,-2.25011388950786
0.7615934156099533,0.009499131430854568,1.5973231530609673
-0.18572845188924822,-0.9542833254917368,2.3129512085208046
-0.8721170661748924,-0.16660392956561798,-5.061952959185869
-0.8160308304389924,0.7616517642139653,-2.9382777082910847
0.03664097117945085,0.598348906645029,-0.3544853711123208
0.862684822970588,0.7353637969201393,-1.2835414034974626
0.9176265453809225,-0.604732782950565,2.3283443780161672
0.13114425670971433,-1.1962858642718222,-0.2411616041279918
-0.8352403471969624,-1.00058884175801,1.8174540501837506
-1.0210192773294726,0.34700666557811066,2.0124107824990944
-0.263444191051069,1.1760614588812341,-2.4996496348453583
0.6051881725763868,0.7295884778095846,1.3850867797713307
0.9727077158668727,-0.09102342314869283,-0.28809617230792256
0.42082601194740654,-1.5159163169781178,0.6529490906723301
-0.5089347338430869,-1.2000031067640577,-1.3590689509326015
-1.058395742165078,0.23004283440076545,0.3794785032614381
-0.6295695757486625,1.0505418664360904,4.424895247214328
0.4320003908384738,0.6539527773905232,-2.1650890578209605
1.056565539690261,0.28312588188166843,-1.449547354987747
0.6361449371696452,-0.43049436280641895,4.223303713049686
-0.31500380381392323,-1.139724477661156,3.2651497019359175
-1.0175053149490507,-0.5388483582392384,0.4954962083179748
-0.7209876102434324,0.5907917222761694,-3.746059229876598
0.10634325963262262,0.9458156981727794,2.572462995025032
0.9432256937448595,1.0065168345499087,-0.1729569366274339
0.9055537980683227,-0.9396061739232714,-4.590362354397343
0.06153150821196411,-0.9613098595589425,-5.373600442851538
-0.9412223151420651,-0.7552344056178417,5.379130258993265
-0.9678299071312224,0.4223986786986239,2.1800608474251306
-0.1517003934414783,1.058681468118531,2.9572449703545356
0.7588812702768294,0.6217700008463312,1.834365957747165
0.9705515525550553,-0.3758676144970974,1.4590169564453388
0.30112829683228326,-0.618357049933414,-0.3575062391141731
-0.7146882083410546,-1.0446858411782627,2.1521022918777275
-0.9904247812768253,0.10755223821200421,-1.6262769633697083
-0.40846015023392046,0.644962051675624,-1.246486426857235
0.5093546838371117,1.1166889572494227,4.139854161792754
0.9559595214624366,0.024926900298558596,1.9562558488662343
0.6140949311136724,-0.9955128720569847,-3.8049826223764116
-0.41059006761276134,-0.744885751847722,-1.833519916376134
-0.9897505090629564,-0.07180362832087894,-1.8522832489720504
-0.6774333984806143,0.5362394035130252,2.370559217112867
0.2616494891918871,1.0276966240144976,2.333227239080891
1.004336706283741,0.22342149443312975,0.5214535586532898
0.7592558336429542,-0.9379648747972186,-1.1693495173468853
-0.15646445688919658,-0.7290591584159785,-0.4110092421898959
-0.9622903999929654,-0.4302943008371951,0.2212106176290699
-0.8662615914219317,0.3644785139830037,1.3403777152975782
0.014190304530935808,1.4139195767752317,0.17390400308197607
0.830901348893236,0.6453650622118889,1.9162121085583042
0.8586670010447603,-0.6674851902336265,1.3206425401684225
0.19806210704245605,-0.6206747008080863,-6.415645910572276
-0.7453582181655911,-0.7097060126789523,-1.5634108399298252
-0.9819447951675727,0.6053310392580402,0.3773972962816899
-0.25231899803322155,0.6633501544774214,-0.36908336379704754
0.7557951125827242,0.4549521722681421,-6.157093237553039
1.0659805798968625,0.09293760531264073,-2.0658451535853666
0.3906482741025766,-0.5993793698863966,2.7166846574220727
-0.5524108306052461,-0.6919163232698222,-0.7866922585957631
-0.990909708429657,-0.0328401653451571,-1.5573913076342432
-0.5211969220110836,0.8013457615990582,-0.5427267986149426
0.5103046114433507,0.9416271644199328,-3.593573247205395
1.046305134628413,0.18741932596888167,1.171564389905588
0.598643573800127,-1.189252838582952,-1.0311669383551973
-0.3152944676163716,-0.9313003338598749,3.6215503176465513
-0.9972331884464084,-0.08801007574946396,-2.0846465699894345
-0.7996926653968346,0.6266484053782406,1.1168252604224387
0.131543852686255,1.5383462198497915,1.943863646324543
0.9539366873406682,0.0069854528419804884,0.547649283748472
0.8712527704003962,-0.23804946802105265,-2.1309346607357647
0.005451010618802071,-1.412780851423265,0.1448304726690408
-0.8597150684707593,-0.6885848820232593,0.3031500206088028
-0.9482323346558923,0.6497364230748509,1.3877091165473614
-0.09612247029649232,1.2456626339587928,0.23813971870902895
0.8003415303092934,0.8113546915182634,-0.9341309894940253
1.0413260595644873,0.1708100019451475,-3.2728421973153665
0.33521858451258557,-1.1494991366711766,-3.483255651583179
-0.6217686844020491,-1.0269124789853816,-4.099547596706531
-1.0071167976239939,-0.5696189193460166,1.6356880679628545
-0.3688181976238766,0.5788740843013357,-1.5799940763463254
0.5808722962705051,0.8334072235967377,4.133146492124234
1.0219023263999185,-0.24418959918037442,0.22338256285189811
0.5301680055760357,-0.5437203124123424,0.4298548304889599
-0.5468699442864089,-0.6242551790433101,4.211122976351674
-1.0343532146007206,-0.015665593498735975,0.31453844396332503
-0.7308262116883851,0.8663091247485571,4.571227956199546
0.3453461389187525,1.2826935581867465,0.09785004393644714
0.9844401286337462,-0.22859966750406913,0.6202151130264951
0.744742949303451,-0.8490244536271369,-2.0638876072606154
-0.14712583699843618,-1.077357529120531,-2.346889030472319
-0.9826126290085172,-0.6855099481730681,2.846560330291068
-0.8421040362275513,0.04841942274178557,-1.6744360308724475
0.05267178076979644,0.9499669114614331,-0.5512596921655799
0.9087469377732988,0.45204780987361803,-2.908664876412612
0.9924078293481031,-0.4612174239198519,-5.53066879750549
0.14489746581772645,-0.6712483293979251,1.0470766390435198
-0.8186771986335858,-0.36477646714208833,-0.28339915603240784
-0.9657769981336405,0.19909286536362203,1.451817408581771
-0.21015481752636075,1.406105217466117,-3.747548209302856
0.690379889049136,0.4596736784445937,0.5751753172593516
0.9826986258513766,-0.033742063120237864,0.33055449638629536
0.4069526515863518,-1.5490161754732803,-0.7871396446629048
-0.5852042713595428,-0.9125881607026132,2.145709011751649
-1.0791157905335629,-0.2618688183333717,2.9884095445596426
-0.5412586474058017,0.9038378301386207,2.3267007265956354
0.5076144485852243,0.5444278842694211,-1.4491028450418342
1.1099557129032325,-0.21746721663453705,-4.553208250799741
0.6067881751718756,-0.9233470207496691,1.5882475142742736
-0.344774161028254,-1.1257414979779519,-0.08103528397844173
-1.0364626452557775,0.006034803627458785,1.7460685096047401
-0.789910264910299,1.1059014545604544,2.92821244553116
0.17040329522524125,1.8255660673449847,0.17262071862925832
0.9652760474723583,1.1108549688240843,-1.8267418615465083
0.8128413110498193,-0.6260837310516759,0.6917386978971374
-0.07488986083066929,-0.9008513483027898,0.5840110008740101
-0.9625950586627479,0.024671682492990454,4.531776797648114
-1.0078245630787503,0.43446761672918666,4.955628833911128
-0.10087692561340678,1.1471864549032411,-0.7859062349572221
0.7795666937432034,0.7746351450603184,3.0270002588313227
0.9707579640514108,-0.522494228433763,-0.2965078262418461
0.2433525554994203,-0.9700764357229787,0.6903754426694014
-0.8129771109688485,-0.44790939570225285,5.5385104323892715
-1.0146811089627847,0.2069293442186515,3.5517151695073226
-0.374928325779317,0.8200240337075265,0.6392688494907522
0.6064308773644241,0.3716244650542927,-1.7770403037200548
1.0365674268241232,0.17256071088748048,-0.40639942619661346
0.5533155701961123,-0.6295824319255846,-1.080031468908183
-0.48247305068966634,-0.8329047404836387,-1.6642187099729737
-1.0465719931574262,-0.6891838169167869,2.3500359261487
-0.6344323665289532,0.9870748750465064,0.6683622885321033
0.3371714030472775,0.8455463081041875,-1.508122099691385
1.0420434620287107,0.12767272322676326,-3.0127389128470994
0.7862344189329765,-0.647419356050789,-2.1341497705291212
-0.239929089035338,-1.3179516334413615,1.5145527319796914
-0.9506595112550118,-0.6377642514026893,-2.687893908898576
-0.8800809373362941,0.7959898868851722,1.5011326830768206
0.007838561625053031,0.798209241736537,4.642924989956966
0.8504321724245754,0.3617074030561468,-0.1517250450340102
0.932382257147523,-0.7454673174717885,0.8553601823870629
0.08350253975641822,-0.8050718988677553,-0.6394297972095325
-0.8775274278828522,-0.891899419763853,4.922100623179435
-0.9115334301613324,0.2989347826430766,-3.06742071419123
-0.21546838972766974,1.2518640197706976,-1.7224562667090897
0.7254115567904064,1.314821158163414,-2.8523702550153907
1.0604748789897136,-0.45063007097626506,-3.573700353274357
0.43192548090484695,-0.7811259031297954,-3.769209230208513
-0.6500887724772038,-1.0121643321807279,1.0416839249032364
-1.040984849500271,0.3234471635062075,0.2914132748911007
-0.42436135394781194,0.8176394631154699,-4.51384119321572
0.5246450731430281,1.1517254440050884,-3.4177181751536527
1.0194583266473844,0.26922844702124304,2.0887255251575425
0.6699846511596981,-0.43849423476605753,-4.183485875154798
-0.3136442246177302,-1.2922831878960617,-3.009609604311967
-0.9430341367118025,-0.18123522605963838,-2.438560191506805
-0.7713526985562144,0.9856288903507626,3.094713420509624
0.2920438288518924,1.0421200667338737,-2.0553842460942575
1.0122643124465223,-0.2123909822973724,-1.8555778936895064
0.8009656929754242,-0.7339233306303439,0.771506872462499
-0.09865266105622074,-0.8699884162716184,0.1332964810793147
-0.8487958668441289,-0.5184278771372669,-3.2900878700576075
-0.9490043601605268,0.17387955764056107,5.319608182737938
-0.043452526448594354,1.1960180342109716,-1.137974323373847
0.8553461677879108,0.14997967614820917,-1.6940546969084458
0.939189074350132,-0.5367260721060491,3.231956471044695
0.2658087855119296,-1.2307389323353388,-0.3861163273906898
-0.6946397033418018,-1.0738418286099127,-2.2355153742291827
-1.0135739706109834,0.5494240740377321,2.0906385298682197
-0.395160232818393,0.9683527188194955,2.356962259916625
0.5829395244450907,0.6105546247395194,1.580305971082691
1.012308583299775,-0.5239618782399136,0.8789230041296554
0.5324938954790333,-1.2686584564124859,-1.2693646698004406
-0.5268889040298512,-0.8932376508018203,1.783844372572068
-0.9602244017170674,0.38544859110867247,-1.9926981497601304
-0.6574093303008243,1.0094624354505992,0.8362613501078892
0.40107842378187136,1.2685192049182497,0.19386901922580635
1.0429359036869286,0.4164669463965176,-2.717241377811983
0.7632873950710022,-0.9398935606471148,-2.4748329937011686
-0.2381909794855547,-1.0063298410603316,-1.3885570295131167
-0.9766412596572472,-0.22703381478712148,0.8085778746859595
-0.8274113082609258,0.852158892000196,1.4075264099884581
-0.38078515705566374,-1.121320805364801,4.335155001098603
-0.749108995182112,0.027982970589687794,2.204326668603837
-0.4714982482214113,0.5785990806698221,3.8075914584207724
0.32191612584201945,0.49250831419559077,-1.5797711550554239
0.6518895132838439,-0.08439166468864945,2.1112762848514213
0.4559788609006777,-0.7044224535684898,1.8413438601602465
-0.21990018371301848,-0.8422137529426651,-0.21059065224578233
-0.657852428887033,-0.5504910178067968,-2.0897722734623536
-0.5882716239804614,0.3591204080928928,3.9506452318122443
0.015185565666406386,0.56880427037038,3.5551362281908436
0.6870083563368862,0.3403781472008949,-1.198053471882507
0.6992004867920325,-0.1301717847495576,-7.303989838607629
-0.013638153466251333,-1.527853994533593,3.9051151744816313
-0.6633357363621559,-0.5321137127199654,4.072124197343207
-0.7033689276755208,0.4406210610896144,3.2058257528257537
-0.10886865247350061,1.1486001149121046,-0.8054666823532755
0.5631919827081286,0.021563410339252576,-1.980530841995608
0.6495923178456773,-0.37547781351443543,3.7240277713005008
0.24042296727910265,-0.7016952257121047,-1.5333461223566016
-0.4349716015677787,-0.627893966691225,-0.5576152089062649
-0.6322397787353836,0.4234947646630782,-4.613704736665212
-0.2672183310758524,0.7572721523625592,-1.4246754776931152
0.4199131349812011,0.8576592624868767,-2.242989492492354
0.6497993466509703,0.06820798842172959,-0.18557223331346656
0.32096601967790594,-0.7080464405265358,3.4436371617311923
-0.31285310948637446,-1.0271939347679082,2.0386540620417266
-0.7190299002128485,-0.18137155196491284,2.778724858239313
-0.48240290076205733,0.34427649476692995,-0.7567127162660398
0.18715877245044701,0.5651249408977662,4.578413153072614
0.7431630380098923,0.35083260487073664,-1.4110661233259914
0.5705741783356905,-0.5561133916573879,-3.1309790704708993
-0.1212421963117635,-0.430245393609608,1.1639715833453184
-0.6149061169630109,-0.2585458612139796,-2.5383586828609284
-0.6051111665621572,0.5024805589535009,-1.8332803010455225
0.04286852861571065,1.0278978393489027,-3.236210216150096
0.6640784159784988,0.038892257611051195,0.2370338455757512
0.5866311129726551,-0.6599447552502835,1.243119055770528
0.08845983404020222,-0.6115134461173429,0.43016171523522717
-0.5567594239889558,-0.4665700740333967,1.3808554869776504
-0.6451603700189532,0.43332312690972374,-2.139240927385525
-0.1657186412090977,0.6611596172296011,-0.7295347108289002
0.3808036618702997,0.14481096398373972,5.377119504851598
0.7048035662897794,-0.013039162751919964,-2.8488735684479165
0.29771882389279136,-1.0499726731370764,-1.2079005646248637
-0.3699059700299441,-0.4263173882411317,-1.3247914888821188
-0.6932298940209445,0.19917869127882626,-0.1059980828981262
-0.3957035334222736,0.7496981566358768,1.5645770395581926
0.28363403165043277,0.5768452376502838,2.2110781857930553
0.716734324140785,0.162497285831818,-0.5094399660316915
0.4772344467183619,-0.546352056206329,0.20816179529542678
-0.15608873608542828,-0.3469307388923269,-3.162130104263957
-0.6232604201112415,-0.07398834014237632,-1.7432555754194337
-0.5284702735690061,0.4074838452673746,0.6933057413379162
0.13646755891718187,0.6353474023440109,-0.7664672866983641
0.6286908157952084,0.06344757401271606,-1.0109011189831014
0.6294289273342986,0.16414972369001246,-1.9287795119080966
-0.059462611259160636,-0.720946716414547,3.380769265961532
-0.6552646088348129,-0.8292589009843526,1.2221153200055404
-0.5975243872486965,0.5830343258959875,-1.0842584655133933
-0.07477188065943298,0.732854369340012,-1.650005777859689
0.524943323769617,0.4667933309235711,0.9171748352362034
0.5922046937301311,0.1879362627160852,3.2692966204493943
0.2373344510494338,-0.5945280243619445,-0.2272499463987715
-0.5584791209042136,-0.1421505030889661,4.012735447134322
-0.6591672523074364,-0.1650736421781468,-1.4588764206314386
-0.2257641829437634,0.39872508708654203,-3.661154964700802
0.4094075481522964,0.3546294897120614,-0.76012170328494
0.7480228328017985,0.01926580282578305,-1.183583533390576
0.36869068622260454,-0.6581665338472648,-0.2910829138799573
-0.3172919285073765,-0.5999670352294745,-0.8160566081941129
-0.7104956266411893,-0.22409301790336844,-0.4880006378450791
-0.41541467417615574,0.608440168445985,-2.071994996548872
0.19940578216223576,0.2544098520912134,1.665170002453921
0.6787585039604029,0.03762381758511013,1.8072820412798423
0.48452980048765143,-0.471569047952205,4.364685622544893
-0.09232616670099857,-1.0640235495790125,-0.23652443096974785
-0.723739278087195,-0.05783422500995672,1.9956170531178623
-0.5860067162788564,0.4448957259769809,0.23461281611970586
0.008244514858468934,0.757989083928727,-0.014424275007154375
0.6362091868213776,0.4463145168611943,-2.3463240122033358
0.5852735872783882,-0.43030771631788256,0.9956024392810655
0.09135194317920656,-0.2756247848734723,0.13364252769274054
-0.5189842187998878,-0.23279652540776574,-0.23439518189000683
-0.7090961558508143,0.12672975143327714,2.3482520267298694
-0.2129050415913507,0.31714205844553256,1.1563474124506763
0.4930490414433419,0.46048035378721486,-1.465829240663203
0.7626045041951487,0.320920374510551,-3.55487541077659
0.22053377424158785,-0.6074569621834595,3.3288745132883766
-0.43812306147129987,-0.7812269867122992,1.6358752141646045
-0.7303867896591468,0.43920189436289003,2.9769614725967153
-0.358088411672456,0.4382416196248237,-1.2362904911422505
0.3830482834448863,0.5788715464635783,-0.8733834028856768
0.7479676054813832,-0.09260646875645206,-0.8857690763528412
0.5050394861532358,-0.5173454229843257,-1.1907417421654953
-0.2739659527287193,-0.7604270733504576,0.1870458872118641
-0.6838743781273884,-0.5757746298825178,-0.5106695504151881
-0.49425047051907967,0.6387240926678678,-1.1704231290106044
0.23146850739630723,0.35974263907374765,-5.170410824095721
0.6962607240424744,-0.2895307060453428,-2.981172991605261
0.5282194994863729,-0.5741289675055111,1.424722940918846
0.004470084538232572,-0.3835768712864519,0.0795876022802211
-0.6506962389415112,0.30236888476028734,1.6113330280304907
-0.6406621951050923,0.5356659720410212,1.4785870296499084
-0.04401750317675641,0.6400253748464833,0.7768942440491705
0.5113245724264904,0.5964537433489436,-1.3191588600944555
0.7331546614394463,-0.8689772257050332,-2.060576012870261
0.13313395299139077,-0.548747391177557,0.017956686367708308
-0.43135073045412897,-0.27009790389583316,-2.716736317380822
-0.7787574786614854,0.1154065391134701,5.28651145093624
-0.33224994229759786,0.9633881205125002,3.1411439102276706
0.46147444698653306,0.16677021665028324,-2.142090155052268
0.7188727280887235,0.05351320933609072,0.27767136039881773
0.347469232031441,-0.575840139689924,-2.5846529829732168
-0.3227736637296098,-0.7960340925143922,-1.9194943409048753
-0.6493639659930418,-0.12198731207357427,-4.063116406492868
-0.419908334982306,0.156237452959756,1.2873531483528404
0.17973542887807548,1.235827532417441,1.8174308725236568
0.6824571135091811,0.14303386750969427,-0.6350417286459833
0.45472744290746353,-0.4834292033453802,3.193721217569494
-0.1737224139220796,-0.5801014944958328,3.130934581358147
-0.7205967359777985,-0.4407446791280478,0.6860467009621065
-0.5892723169158244,0.4432449226001023,-0.8254987668611271
0.031050575774648682,1.0213752895783903,1.2018415626228918
0.6073821735669619,1.0351984194945725,0.7745480202794924
0.6572719003550256,-0.20655435404729416,-2.5892904189482957
0.07807205427888209,-0.7987590248527561,-0.13050632200400758
-0.5877649248188659,-0.6387635032151059,1.1226628985914213
-0.6298693826759926,0.28112132180746874,-1.9515641884341708
-0.1801962107375485,0.5981689972432733,-0.4216683311602698
0.5240438269904543,0.564665156584507,-3.057826766105092
0.6329934862630319,0.31508125522588415,2.038027963064948
0.26810301592938596,-0.9011471760467571,0.9919777194604995
-0.3592924372457952,-0.8699913201385706,-1.651368535487942
-0.6842571540814705,-0.08608097723730834,3.222356978335326
-0.360285142201664,-0.026926516946731982,-1.6163259956404963
0.34167672953236466,1.1449017516374225,-1.2582142612519625
0.6980111174540831,0.05595354969187838,-2.3791797189518213
0.3579323636820957,-0.7851185111648631,4.842982396626312
-0.23208038613344686,-1.1029494042284844,0.16121317862970053
-0.6948110109026226,-0.304272152211445,0.4888845041172016
-0.5274872099717414,0.20604358688767255,1.6524744838821315
0.11109706302948193,0.8839275443121327,2.1414717542802717
0.686073410294898,0.2620388884207925,-3.045241108594677
0.5879656217134207,-0.653095439828863,2.919616519428986
-0.09834962149288762,-0.9088622178834183,5.30556551054267
-0.6042792261523343,-0.47815978429922856,-1.5814733433054762
-0.6757825635124582,-0.4051828114356326,0.8359800228894237
-0.05495378809449121,0.9116466134944082,0.7349003364528808
0.5859611340203454,0.939820727695837,-3.31883358991842
0.6734975406404944,-0.3335257691517779,1.2467528761205378
0.1648354545242575,-0.7778553728567,-0.96651421612647
-0.4348788253516434,-0.9814373299202694,-2.0744752826068678
-0.7184434261955677,0.43145360856330917,0.49278043130278876
-0.27381754888948034,1.0260367194721738,-0.07051700376471293
0.4866553153283395,0.5769799752074328,-5.807499212447896
0.7707571366788026,-0.10518389960909424,-1.9210500296971444
0.39410082335208896,-0.6970998155671635,-3.6360361060730995
-0.37325524051288705,-0.45370441553046675,3.0567527127033154
-0.6919458032416824,0.04580881636503609,-0.17250570977730958
-0.4158676483728323,0.7627107010533093,-0.9926322930894416
0.21673787906770023,1.1853281656872028,0.5031103430330863
0.7377174086413261,0.05539230998215072,-0.44245637075238964
0.5222682965455641,-0.7618712566451266,-1.5251761863024782
-0.0931204760155885,-0.983404981588007,-2.0280111356719974
-0.6992431924662823,0.3619466835295565,4.678959659911739
-0.5870756550417535,0.6529109395633587,1.9365592018860045
0.08512568226731557,0.5145810572112625,-2.8487882986451973
0.6947093423670809,0.46191951109517015,-3.4948355068714245
0.6596559181015527,0.07926957613014429,-3.209177645702419
0.11197208541481724,-0.4355473366028169,-3.1510775609143424
-0.55458062309846,-0.5071791984006802,-0.5198706694273114
-0.6671124205266279,-0.05838721329062713,2.5016821926351995
-0.22049123614676103,0.7757626485053449,3.416397543923618
0.5076881345917401,0.896789356223851,-2.1049274925095998
0.6613045390392107,0.24086234677427265,1.6055155487617216
0.27544808165613305,-1.2048741472031754,-2.793146509291783
-0.4952858351441525,-0.860391437403995,5.418847837795236
-0.7340754224476865,0.5815210065902443,0.2847431504993951
-0.3611444265226884,0.7877197548609529,1.8903672798626951
0.3965981596444254,0.542006725204521,-1.1086706019294794
0.7191274120703067,-0.06891635775208071,-0.8932561048658256
0.41310527870342023,-1.0727422974965317,0.4508588764074073
-0.24505947647641443,-0.6503350401329551,-2.0925282659477995
-0.7518605202505415,-0.1597276912839879,3.4921706174708276
-0.5288860794224628,1.0353602549210223,1.6686151297675893
0.13165369507682642,0.6910851488069848,0.47079759256581977
0.6206243621698613,0.09738303474887577,0.961141797684373
0.5176500240598408,-0.14462232925553764,1.7412663066056615
-0.07954695160829016,-0.9391984793773639,1.9027315187964113
-0.6798912411967443,-0.1603824325580805,-0.35181002595771366
-0.545153005181229,0.088471212390282,-4.460395616545949
-0.055406911938123075,1.308444719316611,0.9694054659673063
0.5882172617292089,0.7860647778818936,-4.56144390873167
0.670656511791339,-1.0115729058659877,1.567172521183027
0.09102527811261557,-0.8471750096195149,1.018423469273766
-0.463191662811711,-0.3585110396389263,-1.8211067860643522
-0.7638252610616721,-0.19464778007568795,3.442920999807631
-0.19243395659427415,-0.003035701918854966,-3.523939492110564
0.352463800264073,0.769715189403147,5.864534295734831
0.73220141657302,-0.3159544583692403,-2.2853931136047976
0.33933655872794155,-0.3946525087857142,1.4157653968779311
-0.3087299160508071,-0.5962679265956485,-1.4262351425501574
-0.7100838890338058,-0.2898978780342415,1.5352441061679216
-0.47768251381694155,0.5625073107329855,1.251731134987385
0.2235918594757916,0.7084033690632724,2.2318988367681456
0.735176939702287,0.6285995920500587,-3.1329336618233987
0.4707282553567205,-0.8533313360136932,1.9206771972665861
-0.1648198342605455,-0.6987469783374224,-0.4530335868879021
-0.7222888686257698,-0.024215052167493867,4.182431351055903
-0.5698946796651684,0.6008332731521088,0.6210703282858016
0.06906918801772545,0.30967558279928603,-1.3232391002045465
0.6592390871638519,0.4431057493173063,-0.5963528148799582
0.584727273022389,-0.1404536650695759,1.173276347328417
0.0551781069996341,-0.8746645280630241,-2.47853707042653
-0.5725453544611072,-0.5107918845637149,0.3928842490362647
-0.6345106258779215,0.5731004800266082,-0.3335743415141562
-0.14767440199285897,0.7303154865196887,-0.15400793187314993
0.5995552438287268,0.7147673358796421,-4.550929240595967
0.7153063471058554,-0.29356164968267207,0.31611676762506824
0.2035140465714194,-0.5332920641728675,3.458277113247151
-0.4288618197807057,-0.7214250491897833,0.11194764587790257
-0.7687556468512642,0.19099381463040188,2.8542700003216823
-0.32623878695611563,0.4154035579814713,1.500450212472797
0.32785512928374233,0.08802133187192307,-0.46263719241329826
0.7098241352968695,0.3738306962019394,-0.8552245844846547
0.47114646947587996,-0.5576960953002293,-2.4378670863279237
-0.23601553924907026,-0.4772929313323666,-1.224221489234786
-0.717657412369804,-0.45005042869089684,-0.531725866163427
-0.5280058453018958,0.6094300132195876,2.0316074998790015
0.11096655175368662,0.9185728364805859,1.4066807216540955
0.6514432633027691,0.33951077682638386,2.649190436075577
0.5020724610027649,-0.35197186331712205,3.547511649572075
-0.06182137181257763,-0.576589146514377,2.154986188937277
-0.6320358799629223,-0.5998836162459642,-0.16458337575234766
-0.6523466023898552,0.3640417826594389,1.707929081066764
-0.0470017206273238,0.9022218623765839,1.197651513516969
0.58043597378997,0.5416491526502965,-1.616278091087554
0.6601688003053343,-0.4167047478868191,0.2800613325065146
0.19772763488591127,-0.9088802370032975,-2.6017735500146033
-0.5337749048494989,-0.8141272565612464,1.5078719550871547
-0.642085257506703,0.24315248891594587,-3.3044835743767544
-0.17513296425423247,0.730933481870412,-0.5101299414977256
0.37137820737403465,0.6858928921644216,6.611476202084969
0.7599209864094348,-0.3826108893584418,-1.9980686719011715
0.311392000374341,-1.2756547872955282,-1.3834881709261926
-0.37702956680925603,-0.614860875091259,-1.1946855466126878
-0.686287870458226,0.1769427043356131,1.2063280415537478
-0.3924354653335476,0.5530966568574491,-1.1226879164786323
0.28239225117146244,0.7817313254876753,-0.8459723291271232
0.7161462732854679,-0.44136928436553646,0.5005777663166983
0.5258565617812044,-0.7395514466259584,-1.0711863475207843
-0.1584225489694255,-0.8561909843100444,0.1835403684961462
-0.6529955498164502,-0.5140072460277767,1.336389393145935
-0.5758564207246825,0.08740567190448412,0.8207804886772371
0.056694241509980065,0.7326710612203452,-0.31539579402812323
0.645478467951,0.74329623360882,0.2487651277763206
0.6671570642338688,-0.5358242675967678,-4.664865812155334
0.013734427344290957,-1.3190993641505615,1.4249057693858769
-0.5519576942733987,-0.6184596810758153,-1.238614203769377
-0.7048965111549468,0.5999011683933425,-0.26258573693681786
-0.09893902242667293,0.2890153594944509,0.22842583984789555
0.4720627159050808,0.2965525788571907,0.5394746576420446
0.6990373681744572,-0.7065830725964162,-1.5395522102946952
0.17540484537571668,-1.0392857282689056,1.0012484470849803
-0.44505645523868065,-0.3588305998042515,1.9122232495047025
-0.6907672304391539,0.2843575917121238,-2.592049789861467
-0.32362882193744497,1.1643336417852597,0.22804124689332517
0.3402971118865256,0.5142038889260955,0.7152535996994108
0.8180713027857942,-0.09008933300452326,-5.663064152818715
0.40088842211625475,-0.23943811459947784,1.8161641771069237
-0.21415308485796786,-0.7675425493730011,-3.300199096759613
-0.6900606077715611,-0.10904892255223342,-3.1358469077277076
-0.46773855428598193,0.7870765607169339,-1.9496889293154835
0.17857847978084085,0.8467812649723627,-0.11838591508389062
0.5948659927951173,0.18231255936417112,5.449921853077706
0.5844594968794744,-0.40068806885192765,-1.974257176589817
-0.0849284868251427,-0.6849660358219681,-0.16069795728887393
-0.6601432929199281,-0.3948741781627013,2.3657288613931993
-0.5349466323016268,0.2557351825914761,-5.678587165915326
-0.012865009423115503,0.6802785314270278,0.5276227317311066
0.6221781130796527,0.7877670467629777,-2.2091760367316597
0.7043261071110635,-0.052975886545083006,-1.578345813646312
0.14257473129647838,-0.43653591997879465,0.5472295580836664
-0.5458113995984235,-0.33401656425447845,3.7458937983696883
-0.6987451249289702,0.15734355873357808,2.991569743101797
-0.2054137270923888,0.696865271693112,0.1078336232471816
0.4355752344645567,0.6541228315003147,0.5478365415078373
0.7253369473185535,-0.04084077176973844,-1.481535689074693
0.38070736012962864,-0.9317735071308988,-2.893353343277732
-0.3123200318839177,-0.6040882187550406,-2.265001641760546
-0.7172564291590937,-0.212382515897242,-0.23779348235417086
-0.48182457120856936,0.08247451625234159,4.341596864204753
0.27594400323893364,0.963789542742946,-3.4385753571366005
0.7236668133020477,0.031748006034332255,-1.5259372949712473
0.5506604067541101,-0.963659489276871,-4.904673895246401
-0.1309127554467994,-0.8569726064370836,-3.21945233318383
-0.6475508306896811,-0.24126278821869518,-1.3753859214059283
-0.5188454123869791,0.3903663092116427,-0.981122914929905
0.10319511875983908,0.4681500553720498,-1.4207380662139328
0.6417673491019875,0.2731555295287391,-0.8935657721842325
0.633893150051013,-0.32000430440151717,-2.3531094792628915
0.0054583838170189445,-0.6401866209837528,4.034916173542514
-0.5656427425200906,-0.12675538957383659,-1.0143955420651078
-0.5834308476625045,0.5376260568279678,-3.7908022290326917
-0.10200654195923327,0.42210304662781156,-2.3745206358449256
0.5159497322408045,0.06323969825603237,-0.3086006569269928
0.6013228909395129,0.012625274784683893,1.4680464247259246
0.196357346641454,-0.6613174824703794,1.9255892428137038
-0.49436630147215227,-0.5619099310587252,3.434742957376785
-0.6762792577387315,0.05679002286736956,-0.5163777560454602
-0.3585620470290695,0.5821353885740024,2.254186396200406
0.3063470273859287,0.9267289574550266,4.900337044291925
0.7071248732948939,-0.06232558629985119,1.0499756813527161
0.48842130747011614,-0.7520179019187173,-3.2136130556499864
-0.10005434711782307,0.769413312665107,1.0658361508046887
0.8202031557460419,0.5596600823042774,-0.7354766353294717
1.0269696888675344,-0.3394804434612231,3.1255156642756465
0.31190190043886906,-1.0429903297156804,-4.96328158143239
-0.7294727687048129,-1.064789836724545,1.198616020609845
-1.0674084815215679,0.7745228369458595,0.5174931637800585
-0.4583248884369996,0.7265474242494843,3.1161525849498917
0.7092134117046274,0.933404073185144,-4.745766089030039
1.108134295687393,0.08436673787801885,0.6132676559189252
0.6016216851697516,-0.9284196543457407,-0.6316006232861782
-0.48534602262736337,-1.0082659461657568,-1.1752094113677962
-1.0545101851026046,0.3090762444034001,0.20756014941497064
-0.6441872626036134,0.5499513169540876,-1.2034030017224566
0.32374019160189355,1.2271729701870462,0.5477349811819138
1.0757803681682088,0.26663340723874884,-0.5307397412284615
0.8411854833814032,-0.6206026725036284,-2.7039563622463803
-0.17656418127238055,-0.9830916429119325,0.7146280499157631
-1.0488246488953152,-0.2896748098011115,4.851568172495271
-0.8702045766356455,0.7201408674667797,2.1796307562861723
0.06566221069122775,1.1196058228862482,-2.185380160857747
0.9245752351285382,0.5978290467382774,3.418597890150993
0.9439683628539651,-1.0018833263622906,-0.8714696717376513
0.21461091747065042,-1.2241348244793637,-3.461292498303744
-0.8494015819891919,-0.8299907738739193,0.3256782213730264
-1.0926648187922543,0.731162386454749,3.6062803482883004
-0.2875365362832507,0.8537919904421527,1.9794324292750503
0.6843026459854594,1.0924700668256841,-1.795184594526606
1.093277485426705,-0.19342213862212576,0.3281125778726741
0.39037320278828813,-1.0556828028440481,1.2732117920958297
-0.5856049129137199,-0.9001279667430628,-2.5169875899743674
-1.1007680335928636,-0.15219808886988706,0.6341774274804481
-0.4975900727161338,0.9576883574771302,-4.046761761155247
0.5133056864562426,0.8151335309523696,-3.8269036581163185
1.0552171484324089,0.053269371807446175,0.11232388287974475
0.7012209141391064,-0.41126431758010507,-2.7217337524106733
-0.40308019651514404,-0.8629881275994,2.1982140189681845
-1.0777498760113702,-0.5285656640111769,3.4501173609388434
-0.7913293804608338,0.4275451107930195,0.6383759115241028
0.1693087903940924,1.2128337360468195,1.302439090598425
0.9520512611626393,0.38846755630601026,0.31743404155966576
0.8527281787969078,-0.48211404376384825,-0.015192411633280223
-0.06814250186729942,-0.6657976176618621,3.017826342463495
-0.8964338745963808,-0.09177897640304578,-2.6491919226211555
-1.0275961899525046,0.6536285127773123,4.073938614401141
-0.1567771490016364,1.053628831058764,1.9677779311289583
0.8086852157820175,0.981863380888095,1.3399118277131694
1.063585306072343,-0.36382947866200666,-1.5015043796433263
0.29712317607817385,-1.3554244104939805,-1.4568063650244545
-0.7894159394099064,-0.7463119604075358,4.007816790766711
-1.0694728978001304,0.4534849324792434,0.17522261704977532
-0.4536950760975464,1.2938759551482681,0.6921746785772009
0.6318225608260741,0.8678622427913235,-0.20508587835166459
1.0289151679912445,0.2364491224308829,2.136279762988847
0.5507912789065299,-1.025169048433509,-1.334127084487916
-0.49147994878238266,-1.3396369104033983,1.3090504628128885
-1.1053873640640164,-0.09233478053884303,-0.5240544705990782
-0.6745838894850857,1.2365105838032886,-1.2092148400854719
0.2687931320596957,1.4216777782633296,4.324208807540955
1.1025816202231726,0.4650215897282084,-1.631686639527186
0.8011796323761283,-0.8565319935691473,-3.1635633748066616
-0.18135490250494526,-1.823892939122983,-1.9980226219332324
-1.025680993911149,-0.637872446702003,4.41308469376136
-0.8597326182494465,0.8380736579744108,1.254858128756443
0.016324905888142806,0.55668157034467,3.028570756483438
0.972072558733522,0.35377358256476477,-2.9375381354563683
0.9898469848467076,-0.5558786669670029,-0.52799747447723
0.1356399846556495,-1.3981461210016015,-3.47536716364691
-0.849093596416819,-0.36894060415343544,1.1597407406433313
-1.0241509367880268,0.5103352150591023,0.22058459022166493
-0.2656507347438555,1.6714664984068264,-2.1889993933001164
0.8085063526178659,0.7840207995675408,-1.497940585421893
0.997164608249456,-0.26409189427247126,2.8311535282701255
0.3893452717198826,-1.006763138020455,1.450886222560851
-0.6146397637308879,-0.7019418102919472,-1.6139112804532996
-1.0334010533397997,0.44856500218411754,-5.010370504807273
-0.5807009267263203,0.7717090449338865,2.739934469863974
0.5059937422867962,0.6862486766205,1.0418361162718093
1.1134533701987113,-0.08677732050687559,-0.9448469416846689
0.6880399395675373,-0.8581832905252251,-1.5731358784594895
-0.3911529192331636,-1.009631198228722,1.8657954721933623
-1.0981939042306643,-0.5856543350972704,1.2073301351683057
-0.8133243104818376,0.6135257090641283,2.2565011850304217
0.20729769648848465,1.0658331354282142,1.0118938552384327
1.0787571554298352,0.6452544817771322,-4.347901302964661
0.9532586388754579,-1.4624628477013484,-3.4587797352224396
-0.047537493642422914,-1.1488639402995917,1.6714077142159127
-0.9690909093514816,0.1752043080718485,-0.19081219986368775
-1.025375475834932,0.21411506654852697,3.827495440163259
-0.13453032976211252,1.0205705862629721,5.3135371798385
0.8561226241912336,0.9154438736065212,0.5375954351924173
1.0984794709220302,-0.5445096382167525,-5.077006141345319
0.2646120205039807,-0.8683752787127859,-0.1338723383784235
-0.7672166717221359,-0.6242451497224077,-1.0536388301622102
-1.1274085472910857,0.31488467009596066,5.117531779803054
-0.3349573866589685,0.47796986788089996,-3.621085443082567
0.6808094775401836,1.2506094346733998,-2.7739851621834193
1.1013044569223658,-0.15234287286104764,-1.1042728100619355
0.5691856326036017,-1.220733842935845,-0.33013365711544784
-0.5114462139387487,-0.8817393145402088,0.7969876298798079
-1.2025939824316443,0.34385670583151007,5.066301598974272
-0.6205823749461536,1.111160600787634,-1.10124391494973
0.37827707251211024,1.1258694152697672,0.5394798702273795
1.093064576448361,0.5465087314864758,-2.321741348255172
0.7731043842274273,-0.9757716768728963,0.029884304873880607
-0.1938911673002339,-0.7572123559733419,-1.3905551514198522
-1.0639393951806249,-0.02662130051760303,2.640770684818168
-0.9620447933393438,0.8242224305783702,3.4610870349926306
0.11070929460880886,0.9646514808881212,-1.9158909205217955
0.9859257084559215,0.6652080100014479,-0.34901624942075327
0.9745112303967779,-0.8471924708245049,-1.654142857390129
0.10670543696930548,-1.467282727774707,-2.8979638730467485
-0.8904936862491383,-0.9260461532114866,2.5603562054770492
-1.047313365805335,0.2791443406836752,2.1092700984017583
-0.27980879553054633,1.0952343547721606,0.3308943214563165
0.7984024555044639,0.8579731914235039,-2.6002373319161807
1.1131697087733068,-0.31755596735828395,-4.125895549444392
0.381331713577826,-1.3097609760217237,3.72896203259771
-0.6120892750294197,-0.5729592460445571,-0.45644729977868836
-1.07417621131793,0.34495008646314385,0.43828375749010484
-0.5560527693931555,1.240301514599067,0.27136352649281714
0.5158803470403376,0.8888826583550635,0.227548718379047
1.0709464964358002,-0.12435933637691354,1.1067506305765973
0.6825066650825544,-0.3605146935382919,-0.6682359997549575
-0.3804370109010035,-0.7748811091149962,1.7217914050957144
-1.0775077272854479,-0.29335339170026287,0.306196637918649
-0.8382800469613573,0.600888287408699,3.4996781369468164
0.20469783774475311,1.1643707528378637,3.425625692345544
0.9230015363215746,0.594089471786185,3.2330281594196295
0.9099490860672429,-0.9791404160308054,-1.0570275422968716
-0.08044036388772137,-1.2108976491729495,0.024086790995926366
-0.9891339726694914,-0.7926999158364462,2.131042641518719
-0.9280074871629933,0.7164056460984575,-0.8686435225224634
-0.11544617210051879,1.3939355858440712,0.741331936385009
0.8505881553482664,1.3620990418428929,2.3427156010371357
1.1297850590004754,-0.4418543100804917,-6.6624765657767435
0.20312580274783681,-0.8446785035752687,-0.5351524352700454
-0.8166545369398976,-0.3880236620531713,3.1229993888878904
-1.0762405059366933,0.1271749938062905,-0.6302657442058768
-0.42196371684917267,1.000646289512096,2.223385614480886
0.7299299701791448,0.9018305613760486,-0.619366463053298
1.1248986823916687,-0.09818187813011026,-2.406500701104931
0.4578165041279415,-1.2249393263957513,-0.1748943787522772
-0.5167361895698482,-1.2535670605798699,0.23313235587991032
-1.0533639351002069,0.17620842076641274,0.20902442941320182
-0.6667089999242442,0.8764783948367383,3.204509864101793
0.33634769416828775,1.662905779225412,3.6508958354137393
1.1320741568809325,0.44695022764489556,-2.003416341021703
0.8211355081654846,-0.8974337733572008,-2.984617407981369
-0.17355750116575422,-1.3702182919633772,-2.0848546009626348
-1.0626620229515005,0.18372429928007084,4.675800242835258
-0.8746246396907599,0.858483110377467,-0.3476647491903123
0.10836889388233212,1.142093905426315,-1.1169465560033158
0.9646084350350546,0.10577797071274264,2.634639618876653
0.9625995462431152,-0.20078964682600675,-2.1377243342833
0.11888010032946349,-0.9774226940443753,-2.391029478731457
-0.8765054205559869,-0.40679931172832806,0.1690787945700073
-1.054962139265999,-0.09614272148469327,1.72711257700719
-0.16656724282703528,1.4252991133951423,-5.29072322011341
0.8085106512311744,1.0664744834884299,-2.181278440214197
1.0819478853031326,-0.9523572666730229,0.12962252854839512
0.3511827007598418,-0.937901230188813,-1.7841281169428629
-0.641741653306368,-1.3853402810061577,0.8062726766331829
-1.1132629790993467,-0.20604759224580604,2.1274268490641743
-0.5031704204102874,1.4514572475181065,1.4271976874127739
0.5780910329946336,1.0128547226188966,-1.565988147248644
1.1487943054246252,0.4462878520818758,-4.534575325799768
0.6748411997511994,-1.2969905580038215,-1.3857034530907824
-0.41734924440626503,-1.3338775602669253,2.3008473886752605
-1.0058215967371267,0.15489417904804736,-3.993391720276218
-0.6448473625493195,0.6558159373515521,-3.729297760910567
0.26410662433155285,1.6307863340595334,-1.4574228623245433
1.0326790529617753,0.5058402885880914,-0.8215804435516288
0.8854664831347118,-0.5974684867348518,-0.7879969247034935
-0.07307204712737465,-1.4948984780998467,-0.48212496012205563
-0.9793262864195207,-0.408681999553418,3.9634136559254634
-1.0066045823825287,0.282935773249135,1.09790192167456
0.010675118483011496,1.076456048451648,-2.441485352157954
0.8858099595486405,1.080713762615615,0.7907385481508067
0.9678968277032568,-0.41108621030665815,2.6191947516266487
0.24145447872289183,-1.0576893625757045,-0.3730046596734993
-0.7560522881980681,-0.9087462582894695,-0.35005447434015846
-1.0483380348527744,0.32131021728944664,-1.477729160414753
-0.38889303246125306,1.0058898147656847,1.461659438983645
0.6774850989097932,1.5065405753275032,-1.3435240536488635
1.081411917691989,0.18708762674569668,-0.7640004710364745
0.4136131702917275,-0.8075356943989859,2.8441005151923457
-0.573269572912519,-0.8298072751507424,0.22802580018377316
-1.0425549530236566,-0.19813027419665508,-3.2364381486262253
-0.6416177529969944,0.8813826382549389,1.412346895934573
0.4330831276978861,0.8333512227715278,1.093325983879017
1.0261320915427643,0.5218724049360046,4.336828169924439
0.7514909617435626,-1.3351500069925875,-1.021328749120245
-0.25395205882169364,-1.245295337824785,-1.0283783062400913
-1.011190661875002,-0.5182134131848065,-1.6821282174451309
-0.8948256346984419,0.44077300209341697,3.5866352159684682
0.1325192476520689,0.9279470516539987,-1.3971050217311254
1.0126694040644326,0.5312486639037395,-2.8954387029655546
0.9242698327386228,-0.4755646892309595,-0.08655569188786016
0.05216868807896658,-0.9038145358028717,-0.2987311332006859
-0.9023957307631173,-0.7246483991929825,2.2740758906118126
-1.045597967072003,0.6429027297096385,2.224850210006263
-0.20924846913776207,0.6616165809683511,-1.1328523778944681
0.887762638000993,0.7683391159411945,-7.650686435823896
1.0384818483166407,-0.4059811628007193,-1.2641692282133055
0.3676781446127877,-1.7041540240207393,-1.1172548582520352
-0.6850971762126934,-0.8781227175517442,-1.0930727561768687
-1.1366661204521535,0.19081283562311646,3.8802483072513394
-0.4569018927830478,0.5310346512902755,-2.9921403990302036
0.5715689031300226,0.7801209725389124,-2.8979666190337943
1.126464138729517,-0.08510998369912204,-1.6641739149158963
0.6779225873987097,-1.0054005020777612,-1.7430819318285795
-0.4866210903986111,-0.26429060355180417,2.843710995235454
-1.0650210388048684,-0.7470683446867921,1.461466507408699
-0.6535583451894863,0.6902357632013223,-4.783167789613893
0.25077488952934107,0.8018213293496277,0.5023754038339467
1.0265924053229356,-0.2082677296564195,0.8143185777741422
0.7949151269373282,-0.5365417017479085,1.3707057098816755
-0.14319121698495127,-0.7341383509711228,1.2071004108170735
-0.9450403452784284,-0.2600224240866217,0.4592738450585282
-0.9326894316986858,0.12661477250506037,-1.0541684925280206
-0.04090728956426019,1.166199007825858,-1.3540829870824433
0.9131756270366023,0.7833277528329019,-0.5749114595780624
1.0222741051070563,-0.09331233100171366,-3.0978149377021436
0.22210853284350762,-0.9864275052177838,-1.2286756194479886
-0.8552723231536421,-0.6091390354284226,3.8050124855450793
-1.1362931124834572,0.48486990901009275,4.9358560284734825
-0.38137409435134584,1.5178140446973087,0.16101382007695508
0.6257037465954958,1.1175662528690777,4.828575620340178
1.0831854164160013,-0.3978865051195446,-0.5841899870543341
0.5127625045725346,-1.1056673977036773,-2.024207404698229
-0.4814722542023556,-1.0872139947853237,-5.049592200168964
-1.0919479000189163,-0.061618500424781564,-0.2197828788267353
-0.6090470328846075,0.8083552320848686,0.6998562213324849
0.4795372603971085,1.1957138038435156,-4.378463234376977
1.1337149107976856,0.19975513996710936,-2.2136734555236464
0.7057638642326821,-0.2349658840821478,2.5826332246974086
-0.28827869012111,-0.5025694484097726,0.6110646178060714
-1.0317911823398214,-0.4432695352403776,-2.1074569766851794
-0.8093577458519415,0.7064496149920529,0.46556834710617945
0.15731312770563435,1.370375521147518,-1.8575157401713427
1.0150018392439166,0.40280133519218775,-0.49784432757404573
0.9937527527796233,-0.4920273821190452,-4.819192335096352
-0.027643438887160594,-1.1283958083888914,2.3074806284158154
-0.9330050190459983,-0.5127244453066637,2.3801530872082957
-0.9660842723382289,0.3621008520398189,-1.9733425891300398
-0.20471380854869037,0.6039060917368072,-0.2673303260084575
0.817344854899651,1.1313513199583884,1.2531198177589935
1.020419450848095,-0.3124013828884942,1.069065376006062
0.36998092639665686,-0.8639423089906925,-2.751307326822377
-0.6966356354239943,-0.9004357477196506,-0.5413774035652904
-1.104395527293419,0.619703872189129,-0.4896333166982292
-0.5347218770715564,1.2760762935610832,3.4020371791833957
0.6158544776479822,1.404346560851631,-0.7935498139922098
1.139636520878475,0.20251849889772022,-2.958545005474462
0.6736943144774178,-0.45275836175521,-4.526750745105141
-0.46638489297521635,-1.10714204523443,4.040155830072157
-1.0925050241191518,0.021293848486531042,0.8367732146122303
-0.7439161193829242,0.3852134279905228,2.3576650462150437
0.2852776323345642,1.1953070696063455,2.1818368629873732
1.025619495828506,0.5863580491271225,-0.9534596492515709
0.8267934178843477,-0.5824934900002943,-1.5151991745174735
-0.19092645794933594,-0.9508184923203891,3.4561825826467545
-0.9953899620222245,-0.22363833850505555,0.7893565050419773
-0.9623771538162273,0.3912380405776472,2.5403751868575832
-0.038583180797158834,1.2430297932074812,-0.28697405197836867
0.9308796653396637,0.5809423457661222,0.8744999359905054
1.0186624050104391,-0.19286561614372644,-0.8607334978878587
0.1859923221842851,-1.2840696622082497,-1.1108013495938722
-0.8953351360085556,-0.875345660652671,1.5673237003310703
-1.0619792535390815,0.13639444469752515,-0.7120551959386152
-0.23872106175344132,1.275627303499121,-4.254936764590349
0.6784915703322474,1.0824108935157144,4.356472556720787
1.1356192653205166,-0.42005579575028706,-1.7203528461713584
0.40500260834377266,-0.5954577518567824,3.311526514503147
-0.5066938523844278,-0.7180684685271904,-4.059599971522438
-1.0846155371974329,0.2247105924075421,-1.9998310984676138
-0.6514034837269203,0.2467707094573185,2.0264229438437806
0.47611803703273387,1.0280830933390566,-3.2967432586442262
1.1075839699284011,0.329433391422308,-1.5560470810729035
0.7767826335687533,-1.087367322220432,-3.9213968872872345
-0.3377152377077594,-1.1412691656175937,0.5129200315554661
-1.0193102012918867,-1.1455586010296825,-0.43176290010981916
-0.8383802859511297,0.5991357782896034,1.238776369106898
0.1384236395143733,1.21390162105713,2.762866172169506
0.9520977438325953,0.4673959748617562,1.3446763752921342
0.9958060385529267,-0.5787052772736068,-1.7861033567250006
0.04861045812136279,-0.9633040302618443,-2.5412546057495997
-0.9154984501619468,-0.36554830782653425,1.7885598047875295
-0.9958891021570685,0.8023732054188343,0.7509841805718984
-0.194885446473875,1.1998854775414831,3.2241688101166033
0.8353591385728598,0.5811070712322258,-3.4923342885589768
1.024374517843925,-0.893088484969955,-0.5363563899560333
0.3329260032696966,-0.9022805130797514,1.4304871922590061
-0.7343905741395573,-1.5226416439087536,-0.6157826855568432
-1.112633832657056,-0.07942537835941788,1.7742087232768384
-0.40756915204396515,0.6907319675454406,-2.759943474429992
0.5625191460563372,0.9160044719055063,-0.28686397021819854
1.1172159885872859,0.10256669544212005,-0.8984376399827138
0.5917083304932926,-0.9645352885506209,0.03761594925632106
-0.4262444568467071,-1.1782401294904903,-2.7628410425669534
-1.1578535955447837,-0.14698800236528253,4.802527787764639
-0.7341193743301196,0.994401929540713,-0.3984184824648457
0.3326724526508198,1.6174118337115921,-1.9313244859888645
1.0516386553660146,0.2523318138616537,-1.318636396193366
0.868811201893543,-0.690097833340666,-2.8766247064871364
-0.10765174412265854,-0.7842019251448653,-2.3597118832283024
-1.0028674132690245,-0.3266526119954233,1.4937083075611317
-0.9825498152546355,0.1988678366222768,3.6776719111806977
-0.019946674452400365,1.4763170415771203,1.2456401225277773
0.9742863205512369,0.3522248445231335,-5.774149890828329
1.0033399486290893,-0.7423249569160689,0.026331906643744518
0.10818096354016209,-0.8684995944838533,2.5562585090841425
-0.8035084431530459,-0.9110632912345007,1.217665257226439
-1.0206136021153136,0.31186401405112196,-1.8195502098219385
0.6993278231983425,-0.010000929154776461,2.1190177134149706
0.19618664438462988,-0.3105086416644032,-0.5390410382850785
-0.5814116826906253,-0.5129271789712053,1.8233065854132202
-0.8122615139703888,0.17608309695868407,1.4659791854049866
-0.34719133541358743,0.4618352107514051,0.22190369314362912
0.36618620064767804,1.0958402022563447,2.635083479254061
0.7645838311637775,-0.09839759804957438,-1.8565727827238259
0.4227199570626442,-0.6836891491623089,-0.554744627298121
-0.36834620798605894,-0.4694628351191771,1.9227115411226807
-0.8018819005304654,-0.07867848534668098,1.824628153185676
-0.48795348651451237,0.6920202591378538,0.26207065229322535
0.20607099697841696,0.9494265304210953,1.875941964181304
0.7199469218480087,-0.07621347302415649,-0.3422013766997219
0.5580170756558873,-0.5358401640200544,0.3519679193121589
-0.06865830517498908,-0.8839536687545937,-4.641171739902684
-0.7500218346470511,-0.31195326336084683,3.3408997596421752
-0.6674108957509043,0.6131781462214758,0.8919420349167184
-0.029085784843533476,0.3084879937990294,0.5189385728498869
0.6964373874233086,0.0911690137965826,0.1142669524183959
0.7048041146461568,-0.4767076448707791,-1.9835702155327235
0.10324955044428964,-0.7326450147601439,-0.5183691881858243
-0.6059775318442447,-0.5880582807047119,1.0883675105549284
-0.7167803069870642,0.11864461318157105,-0.3374726812288699
-0.15626714415276372,0.5821731206401887,-2.398505055262919
0.5232355182306472,0.4298430300531725,-0.39085060272217864
0.7827553974923483,-0.03182509885478024,-1.5778904407115162
0.32954533816919845,-0.6692872660902435,-1.7503701652455494
-0.41363084386834637,-0.17532759155802824,0.9365908152747965
-0.8026747491368512,0.4555542387817768,0.4770203746071011
-0.3862026050931212,0.6215480427022874,-0.7827864245635324
0.3006583057572589,0.7706136008760158,2.20016758733234
0.7308315193363075,0.15341293010759371,4.903245761777067
0.4902599957156024,-0.7882826312145785,1.6995731884970222
-0.2764703648606812,-0.7883865877947802,3.5842358331743083
-0.7163500988370113,-0.11671130357713111,-1.4729842594983502
-0.54672226062484,0.15315374589835784,2.269246145853518
0.11375280014354916,0.5080787315797869,-0.14462397932021753
0.6745497984321986,0.2886297006552291,2.106404928903677
0.6588070988711578,-0.3355105842403999,-2.13774930635889
-0.05732656951996147,-0.7833929836618526,-0.1581386746862229
-0.6228113232800262,-0.20238896888260915,-1.2754484423495307
-0.6799638665768369,-0.13135115819183973,1.2615785714348904
-0.1187367097167213,0.5245261593597591,2.016100756137659
0.6557806365945942,1.253350822576302,-3.6676920865188523
0.6985126985055052,0.22751235495192312,1.4705332446349557
0.15424553525816578,-1.038414354529709,3.7711561415385453
-0.55321306263582,-0.49550617561193083,2.8891263485632668
-0.7451367887992514,0.4335959262614347,-2.0833984518855986
-0.28331576679928877,0.9972310123282226,-2.3982396660550718
0.442766256696135,0.9095870789351806,-3.2770104469360626
0.8215113101739551,0.1089646673297906,-4.518907728964578
0.3805356472308481,-0.6669410439028353,0.7227938225834865
-0.42468567656507883,-1.1746076437839714,4.802654225253445
-0.726184123639302,0.08772170149896619,-1.272647042161068
-0.5011549410406031,0.4616642740437135,-0.8212202374262878
0.23309189998067242,1.0283788155872073,2.191014632196445
0.7214632884036422,0.2730462259966576,1.270092980770932
0.5815414211280417,-0.8205048254588273,-2.8159174723900313
-0.1279657836193213,-0.5395248303654618,-1.3826363766477217
-0.6836854038122485,-0.2269044139318238,-2.0951162540604034
-0.6460009975220813,-0.17707528305526965,0.8591168254374704
0.06928260396255526,0.9479279784184009,-2.921115547702476
0.6648148219801845,0.7090530679246654,-1.6514697612200984
0.6836074564160229,-0.230034962582083,-1.5066401072088735
0.1042900057988409,-0.4817431350970248,-1.1483382172650891
-0.5416409241364931,-0.5250401985282077,-3.2594518475856487
-0.7082945411236379,0.04110119703540749,-1.4975225390313907
-0.24219446596373617,0.7635310252160049,3.407804984706744
0.5129244770752167,0.47541161868213694,-0.2787044810210537
0.7445674959380185,-0.4916693671989747,2.511763758906938
0.33581098598501347,-0.7346041727399485,-2.4787399076324115
-0.4869733375632961,-0.7861310038292124,1.201359711630056
-0.7414437010734074,-0.18881500921487993,-0.8635131266550578
-0.4443025315340809,0.49382066439790817,4.8834967233082915
0.33667296213822584,0.9621349239033136,0.3625338264103639
0.7236216768052773,-0.06012203467013755,2.08633049590794
0.5196717142972955,-0.32961179155136383,-1.3528588179240881
-0.1774907830487529,-0.6750927985419253,-3.1712385504193366
-0.6915107181121934,0.37286957599427906,-1.7258573398707877
-0.5110210600097879,-0.017294872327034416,0.12207986476094446
0.12283250501763199,0.5861993211537361,0.30083686685817623
0.6555486097860339,0.058134576793224535,4.758315928178703
0.6711139576691626,-0.1151946573755247,-1.7430761446837755
-0.000754162360987104,-0.97552014193611,-2.0076340825039143
-0.6820345294278475,-0.5764566565315254,-0.0855802044652243
-0.640439262634789,0.6919105441368534,-1.533253443993851
-0.014015230716938692,0.5926483284977697,-4.454992008925072
0.5943252641657223,-0.014892692938729413,-0.7355956054475712
0.7379623870999558,-0.641838138605168,1.181308512887025
0.2328849013211956,-0.9657236175524133,-1.2481490043975607
-0.5380026684047657,-0.46100941640406234,-0.1887092735413204
-0.7834676963620917,-0.060961510571615474,0.5071649932359896
-0.29035180387801085,0.6281293205119044,-2.4760410990809967
0.4943175995251827,0.3804864993831558,-5.825650946038101
0.7586578077840185,-0.2901454553254207,-0.2915300009122407
0.38259177345526296,-0.34892670808992304,0.9445660661481303
-0.39985739076814597,-0.45526231468498685,4.00219640495289
-0.8200832266448306,-0.18907830491753708,4.206938105461547
-0.4669555642819772,0.8595530519239275,1.5636846369227613
0.2782878516932069,0.7197961396123173,-0.4042471186630747
0.8232647169400759,0.3582715625313526,-4.93399293069469
0.5487820083725851,-0.556126979285729,1.6122069629006588
-0.10594485111844379,-0.8046520352480127,-2.860052626307926
-0.7009176315634845,0.09064726947503376,2.0565673592984197
-0.6275593872309458,0.12093285841630885,0.3010142778816671
0.02244665204367315,0.39689739416709624,-0.82874549998953
0.6746540595456961,0.5902144668984127,-2.637835530030409
0.7114198624181037,-0.6426828049946126,0.9691218068266505
0.16310506659463472,-0.813708667886035,-2.1990639398781187
-0.6143178508592624,-0.6871439107168537,0.6880450229721726
-0.7422000196669047,0.26630941083762405,0.7087110837884858
-0.20178325094412974,0.25717516745685715,0.6086507233128152
0.5145599083983862,0.46677349544300084,1.9460691634625262
0.7650450603910851,-0.1149755997168872,0.1271122521835201
0.3072301482411225,-0.3141149310557706,-0.6890435274549817
-0.4551692472885916,-0.10709902529161125,0.20767502982899533
-0.758756345616544,-0.07835413892321064,-1.2839951862686971
-0.417990304076728,0.5035636123063311,2.2477378739403155
0.3769758282995626,0.9760002821868835,-3.5117615444259886
0.7761510197421786,0.3889669844986571,-0.8481963090502395
0.4911439994164305,-0.28103792246416404,-2.3815971067503137
-0.26636884861196575,-1.1636557994181211,1.2083175277798113
-0.7409818115816134,-0.29085841923766176,1.075874424742135
-0.5434012791937076,0.611008578641552,0.7664503199274042
0.17950404367494915,0.821689599570079,-0.22368506301298718
0.6938363255375648,-0.2257155806386918,0.3266694192291865
0.5925863460616664,-1.0507951498235617,2.829810310177736
0.019566914251354296,-0.19770690334909857,-3.274613605864735
-0.6518624113281906,0.1450866626776015,0.8819102305014814
-0.7259033237193081,0.30807299263335197,0.8156173500742162
-0.1205742357862863,0.8570004358727487,3.5473484831678945
0.6148494171135748,0.3749795835855979,-4.117372019781074
0.6834153736792062,0.0009202167701033437,0.49116479307631533
0.18297830752854172,-1.0108738432178719,-1.4864651333198025
-0.48782450243348047,-0.36277648402343043,-1.1465024360650111
-0.7153605186626445,-0.5787606313131322,-1.5908075019132883
-0.36744994202985204,0.792919672937605,4.642930643032843
0.45602206086167424,1.164535359219323,-1.4010873499258063
0.7233485708890683,0.21694968793200597,0.3964994181817198
0.3953247646967173,-0.7771608196281301,-3.3866605518142734
-0.41815718204184393,-1.0381646528268296,4.434337253032581
-0.7387908351619237,0.38166985746792614,-0.48660333611183504
-0.42589600845393505,-9.065989816092745e-05,-1.4809964683330823
0.27615362385180203,0.5736895911036577,-1.851002083402346
0.7753589001530705,0.1843192763637308,-0.15961289458157626
0.5413328741434599,-0.327104236465951,1.2017624456131681
-0.08891510088690631,-0.5652054967582223,-5.396693537134021
-0.7079293038516731,-0.5153757224922673,-2.32063845989918
-0.6507844391664034,0.09408078732316139,2.5050283750692137
0.05061877619921614,0.6803636326536872,-0.3341653716738163
0.6716294994771397,0.002704354637028117,1.1670025309039151
0.6509837915783024,-0.3363791977682873,1.4578459404359394
0.06140461160397847,-0.2781161392141789,2.1291976363301233
-0.6040361510869794,-0.9390322965938358,0.7042126824711729
-0.7368468947485198,0.17896030724447454,0.038031765270551965
-0.1691347505553071,0.6423060433263795,-0.11904558575323854
0.5356515090918673,0.742336923518061,1.659317568208879
0.82722016681146,-0.10039269086878966,-5.112120186297184
0.2312319162995229,-0.2587238262343064,3.02647018517055
-0.4838654971268773,-0.7469714757502524,0.9238318008567314
-0.7673656046291938,0.6457322502722229,1.0277659716591674
-0.31012729380891174,0.15457030620289886,-4.645112073386439
0.37779574861892773,0.7354590952147985,-0.2902722196505647
0.7841066040556948,-0.3218749633171025,-1.8237243028123435
0.4936135135888992,-0.28874644725002063,-3.552405613602941
-0.2958473975882045,-1.1240307221349715,2.071200193121235
-0.7870383163669117,-0.5667329290748663,2.5586122026585234
-0.555151904486544,0.8884353712162085,2.662664997983312
0.19416199078978172,0.8971318233002014,-2.1885952724729134
0.7975268721413653,0.2825155794509182,-6.070760656461381
0.6750989472826122,-0.16279727909609853,0.46806774643268434
-0.0808227473269186,-0.8384593798917048,1.4612288158979103
-0.6768692452753324,-0.3073437454143074,2.4286829672866026
-0.6074191694557003,0.21714146044007232,-1.4057697613861804
-0.03380326421993345,0.8186298088843149,-1.1683903797414774
0.6850547386392397,0.4583226626479997,-3.4503336786228616
0.7725503702134012,-0.7304536222514185,-1.9561860081003117
0.2134747093780792,-0.09940618217615063,-4.040826685040241
-0.5408187747410608,-0.49606266647769015,-0.30728025687222615
-0.7860107439914203,-0.054775223386578364,1.9931709587312247
-0.2783495570155221,0.5731281421326864,-0.08955714888247313
0.4245563874363474,0.5270971641300265,1.9554164298107208
0.7670295518378994,0.010851136809371664,2.174393577773054
0.3643795946881374,-0.48043268886309526,-1.3820193697205767
-0.41649854011883736,-0.8551730634636769,0.11733766607728235
-0.7336359278584885,0.033740772596908,-4.054383782014629
-0.527730057339788,1.2922639892971124,2.054345662607413
0.3396809320329877,0.7043786932006165,-0.8569027925242206
0.7307216298731855,0.292996354871079,3.167664326750464
0.5453221087767732,-0.5729606057850889,-3.2898339228855265
-0.1542077447529053,-1.116065375683193,-1.5688496204176
-0.7839248625195323,-0.3154575694855716,3.2361732659898013
-0.6045386549720624,0.4827732387974093,0.38829775719073367
0.08298432697470141,0.6588835914098136,-3.420524478588731
0.6684780570124714,0.6758972212219527,-0.5652292320057347
0.6581213298924885,-0.6878454919041005,0.6347056543969306
0.013143482619235987,-0.9780386407395794,0.015408598296447473
-0.6122792792579999,-0.825271438179252,-0.9236369896065189
-0.7726114630381022,0.3495456028566557,1.8139010861422282
-0.16627915578476554,0.7340071836402134,-0.8886261120924466
0.48776767343633115,0.7971374539398252,3.1228357824990685
0.7140756748061816,-0.10292019542175235,-2.47207926466252
0.3112652745070424,-0.41785128185787845,-2.4410049430984744
-0.5079489739443694,-0.7796299621320715,3.569741732762569
-0.7502839864686645,0.4585663041661292,-0.5887812100267035
-0.3691530571983835,0.8881580331882618,2.920725434457914
0.40064048580240597,1.0866768060151093,-1.9696547374911506
0.7234876779006555,0.5958942553800056,0.43169942807488326
0.50205175216748,-0.592850806485208,-1.3168760698362298
-0.29819842920652495,-0.36739497698756657,0.5577102003933221
-0.7269077977208878,-0.3380551666043108,-0.2183025646325439
-0.5926373037281445,0.39726098247081815,2.860179391173879
0.16727598896690382,0.6924849770784556,1.2848554874049256
0.6748631205658567,0.08912821925763148,1.2223641144434527
0.586714959733516,-0.24407392124066563,-0.9477548233425287
-0.04083483272564023,-0.7436021561792561,-0.32493523754991593
-0.69580064249718,-0.14265005534175923,-0.658083298738615
-0.6560280269462606,0.3846022294686602,1.6828509216638676
-0.04812895319995492,1.0349833481363222,1.1619411283098713
0.57345040165124,0.596116515595948,3.0515593426011045
0.7000422686420559,-0.26446485763089334,0.5461856921187419
0.16524379163349165,-0.2702821527627376,-1.9638876604351934
-0.5796216300836554,-0.13756783665331784,-0.9133274535624458
-0.8099423135316716,0.5005241305429986,3.0616898335479212
-0.25713242645446255,0.7323636719663695,-0.7530388245883057
0.49058000023078857,0.6397249876633068,-1.2793129009056061
0.7526850189996315,0.044007008595133845,3.430009171620483
0.4004718870905937,-0.42916331189139484,-0.5982452746529265
-0.38074712295816837,-0.7958698119263204,-0.974303879164487
-0.7299588436528704,0.17953698142788688,-1.3644547824898494
-0.4217793958950869,0.24564319188739886,-2.1941841708673304
0.30938344135476065,0.28214290954591215,-2.893240903973685
0.7751281979851775,-0.03595771902545064,-0.13307075773302254
0.5365221034803556,-0.6698369782692676,-0.4913254605176648
-0.19605912100003003,-0.9777451542914593,1.2253061327719144
-0.7944442132279478,-0.08648820181602679,5.114072193334807
-0.6128287947705051,0.303302713069577,2.286829839630529
0.0593852000653271,0.301415309359937,1.462044033790362
0.6683697967614318,0.41908528523422195,0.2238569237137994
0.6307966938274205,-0.21095493544671384,0.6072763058368738
-0.006706348832745186,-0.8554352811745404,0.4024759918432036
-0.5666571978029938,-0.4938811211977001,-4.792145508723761
-0.7812603886846832,0.49809314778126557,1.9379507104195008
-0.04332798425490332,0.4146224389523468,-3.3846038657188657
0.5510167876850588,1.0566753181689685,0.7180384293969002
0.7458325643146336,-0.42106763635927136,2.1422279047034727
0.21586630321535227,-0.12777514945659207,4.265919190573375
-0.5498282245081602,-0.34954956654283165,4.178032348395622
-0.7617034809456017,0.018313383251431503,-0.4119540804300574
-0.40513386950378044,-0.2925026327151242,6.432767417110267
0.4388661467937019,1.1014531323357228,-1.9214766253487043
0.790651111451678,-0.3935990806575046,-2.9169762295033324
0.4199433599139174,-0.9684071204567601,-0.80312097909223
-0.33975371433482604,-0.4950686697239137,3.127875411710621
-0.8174120951864144,-0.06485795758111201,4.618226427679432
-0.5320098102963126,0.7560319776164665,-0.7264994294800442
0.22678275627004169,0.7102941320909529,0.17811180260296378
0.7660158555191252,0.5056022772954794,-2.2126750729440157
0.6017017167558731,-0.6556390870472595,-0.6470588886197376
-0.04912562328735875,-0.8426394823809188,0.22778670234275433
-0.6906262572952352,-0.20376522055883084,0.7387947162062732
-0.6685810488332224,0.06693368695921964,-0.6935540866721903
-0.021320191742197472,0.245906992348912,0.9253054721493675
0.6947724666288259,0.4405633237546497,-3.54990979440974
0.7332600475443363,-0.4063258606294734,-1.1168920281739994
0.18871258100523655,-0.9362389777346304,-3.226728247695022
-0.5830539764880736,-0.8236386963443937,0.027579939054584446
-0.7359563219715307,0.4489730334395803,0.49423494436837134
-0.25320579482326416,0.3390917844737949,4.347087507071124
0.5179090642248894,0.44751848172712716,-2.6575852985575232
0.7919727870021522,-0.42543052321586006,-2.445313597780908
0.32290333668797744,-0.5297759556969783,-0.5080426971188468
-0.36531617298744606,-0.8505153245556285,-0.9068193094709981
-0.8130826829667649,0.3847185307719475,2.409301293839389
-0.41359752420547324,0.6470244068725414,0.3657782890689665
0.28064427088423116,0.9924237933640219,4.161914273317443
0.8204981778613019,-0.034935150186293784,-4.8394873646939685
0.531993021094618,-0.33854266428622937,-0.6453738223699945
-0.2244444555078804,-0.7416145011487535,2.806808537629607
-0.7901137276835645,-0.43040500045965324,3.563232249261686
-0.6265375156293997,-0.25751700892422513,1.1617944784367509
0.06630429843159286,0.5746947922971591,2.5912223111767356
0.6810242727375225,0.5431571950166214,0.48243548075121695
0.7535131012620417,-0.10832935382407816,-3.568726472767981
-0.05568765561862059,-0.4739716623682891,3.3219125726421517
-0.6138496379197094,-0.5193143760459579,0.013339399241324712
-0.7221987842796912,0.18833466798285736,1.1940148883802661
-0.11854720186400214,1.2239986941006697,-1.7275293294606209
0.5720082907363553,0.28118521785667094,-0.4056216635135462
0.754447512239595,-0.20101692477131117,-1.0302715672468103
0.2117608898480297,-0.8736245449202829,0.7853292884064089
-0.4870725210764192,-0.9706168785505292,-0.8484855249989622
-0.7800349166113554,0.058431906950220935,1.6752696460013456
-0.39755157196658103,0.9840072731638468,2.7767719504236363
0.42459308701930093,0.3835616892268656,-1.97188684771137
0.796755855351152,0.48471291810590345,-2.4930470499961754
0.5049700528753356,-0.6723587424989635,-1.6171858428669184
-0.29276368274808184,-0.633891311070033,-1.1662684076764434
-0.7875456432712374,-0.41785069621996185,3.0427755659183795
-0.549688011080667,1.0101429703189653,5.229518489910833
0.21427143000612667,1.0328319847296492,-2.9106806012143305
0.7829638934644887,0.3207381954454003,-4.096132373809037
0.6663114359921813,-0.6258114217708088,-7.010332153853187
-0.0881241152147344,-1.0589824879538179,1.2500786309052418
-0.7299345935734312,-0.5400842336500267,2.111861627849577
-0.5981613922680719,-0.057480234516443796,-1.8788531768589358
-0.04202791934961579,0.44076707654337033,1.8554213225197074
0.6794047364949433,0.6095699935737792,-4.168803768325983
0.7006156966364789,-0.36842746161803497,-0.879314104986645
0.1507842401268666,-0.9711664869977628,-1.5225874962245172
-0.5872397703116303,-0.12869276482330716,-1.01249857395031
-0.7243976339971521,0.6536410578232738,3.8268562359001144
-0.2451357293541781,1.0303729713722953,-0.3820112613032317
0.49825235762192027,0.8078178199395949,-1.49039890761535
1.2421874717777965,-1.0079884369348435,2.7786334300609594
0.3295392089040559,-0.5480847285427101,3.106064737273997
-0.7911569139357094,-0.6472993215709466,-2.161447131550867
-1.2085833154484202,0.2230138124498826,-0.10346629547467442
-0.43251952585651743,1.3280885058712213,-2.9911871058961323
0.6688745992707614,1.3176082317835214,-0.49475846512598287
1.1922959123113963,-0.10500154241337989,2.6453749658935153
0.717471661218229,-1.3102647188376197,-3.8818634952287328
-0.478037240001736,-0.9999234586635488,0.8278828435041519
-1.1961465519045302,-0.2215050310315192,1.7781147947200708
-0.8291688344497854,1.297391054574304,3.0077731406234847
0.373754104365931,1.0795611961863576,-2.1321154692024002
1.2120990461037089,0.30862394637987567,-2.834241450646791
0.9116192125156212,-0.7730794800850516,0.8121343364671652
-0.17597658055174295,-1.64180111728643,-0.254060483043253
-1.1068743320060117,-0.5792572220062364,-0.3256034776753097
-0.9972040582334556,0.20799297014256868,-0.45858966715214
0.024936996705042538,1.3365152770573825,-2.9259072170230507
1.0320623700006417,0.988307799583445,0.3432647953047041
1.1259266778347428,-0.7410456015301703,-0.4377066632918816
0.15957695601058916,-0.8198787705952248,-1.8639246266118459
-0.9957587156518192,-0.2194209216628229,2.676583744706327
-1.1931335185941603,0.6322412552602075,0.06666946807793506
-0.3607309323818611,1.3133952302236584,-0.8111864484024744
0.8329855400920974,1.0733714544766892,-4.237869979912197
1.238908324715445,-0.25358902647460435,-3.3842672080079583
0.5569693326366455,-0.5162390815815656,-3.6368709114809796
-0.6466898248107372,-1.2068968991400868,-2.7356973838238545
-1.239238630508008,-0.18360227677793994,1.6816093154289395
-0.702732852515581,1.196078798203905,4.938412705736606
0.5623613685329094,1.0881747799078156,-1.7805427790713657
1.215022147922771,0.2471184016062089,-0.21536282183054506
0.7853098040410069,-1.4619268364069393,1.9775113308922454
-0.3479434748133524,-1.1170488252067423,-1.0054999687662058
-1.228584222253805,-0.17038819236029235,1.7802656229440001
-0.8913720016696208,1.077962509839242,-1.842457008809637
0.17209758726529142,1.1272232586223014,0.3093713016327915
1.1079068049737577,0.2073504706671625,0.8742658662118321
1.0263218737282462,-0.09778922038005011,0.009194502026671492
0.04138954281762966,-1.0318645080414057,-2.9236458183062495
-1.086868644561694,-0.1346940138370667,1.632941924883355
-1.091827963841254,0.5599303895641261,-0.7721872288974757
-0.095817396895593,1.6026789293274104,-2.0701434410968393
0.9705720247650275,0.8700612862804791,-1.7793733111532877
1.1703362070063146,-0.4798426580109638,1.0844919816784981
0.3524692268841572,-1.063643977061413,-3.472998340275118
-0.8673041145913689,-0.6402854261456614,1.9143424147048038
-1.2534297863432655,0.4779997977865802,3.1853871072901896
-0.49213001865991707,1.3411881016402671,2.10793345445576
0.6749765886586037,0.9945509066645286,0.15886034904107782
1.244176913465029,0.23228772317402058,0.46595941504475885
0.6311411756321794,-1.2366997728150646,0.3595486624925637
-0.5519658598109317,-0.9544580155133922,1.6986238037415757
-1.2085318848562725,-0.7723490908150443,-0.8791877964041901
-0.7841565281193653,0.6997581893026295,1.976719562401249
0.33988071695386823,1.327493488768725,4.627638233957927
1.2221874574544538,0.48875592986643124,-2.5923626514021922
0.8559580753519932,-0.37000602167811036,0.8346825594070101
-0.15219108348785904,-1.4101260141741006,-2.05572654887718
-1.089108419197937,-0.37566123282123276,-1.2580674718971836
-1.0450847470520677,-0.04815030538425025,-0.6378278591280062
-0.002719619746800895,1.417222972007635,1.466436932835784
1.0200806015907007,0.32817031987718237,4.178548080074263
1.1968450539041866,-0.45993305500183435,-4.872973040895621
0.1199420240761483,-1.155798367685309,2.553698480537141
-0.8814109939106981,-0.4463031484169555,-1.3905317857784227
-1.1756951212221647,0.5236358595876112,2.7946268179133598
-0.3863804949387659,1.7926345422379335,2.671649564541849
0.8507883542871859,1.048183643396126,-0.2333986329829263
1.133500964672305,-0.10190650298836257,3.894396599749167
0.3795312301110636,-0.6657104517443432,2.319455907548721
-0.7136959233770725,-0.5778732569645534,2.696221164315008
-1.2546885341605278,0.20300921397885197,-1.387745254942602
-0.6844274234961293,0.9485605194672619,1.6174375790127087
0.5340565614500977,0.9103804097871817,-0.7743978806676605
1.236544838992771,0.3216944968221458,-1.2293471819440576
0.8171696605856685,-0.6051875861155254,-1.292691022856196
-0.3961671855770792,-1.012967256009489,-2.1162733112409406
-1.2518629191243453,-0.6008885244074347,4.348109440084686
-0.8969474245711277,1.5747696267998783,1.4458131935412903
0.2635140181818197,1.1330194531682503,-4.129263975188636
1.1591272873762057,0.15070231892957975,-2.668843462376667
1.1003464609812015,-0.5625693991239444,-6.890202739872291
0.025541657250602007,-1.3257410017335425,-4.107130778976735
-1.1067291976380529,-0.7994790496488763,2.4434450670719596
-1.1956827981570481,1.171491909085236,5.085958388473933
-0.10868173939674515,1.140652923828564,-0.9154457932704513
0.9159833435863497,0.5037610069378751,2.899747313027759
1.150567353803013,-0.6540902065365717,-1.0671700428434021
0.28103885720373,-1.1519978057471463,0.24613214893444701
-0.8478964632675973,-0.7637835682810007,0.8494349649825883
-1.194131799112971,0.604677665487946,-2.1423947215027495
-0.4822048167939868,0.926156590086295,-0.5541633209650132
0.6861226007135118,0.8657835865870517,0.36186046137551553
1.250564049637618,-0.007589209072700331,-2.7615858390770414
0.6890357660955282,-0.7829526286799371,-5.041759236862659
-0.4662201222252569,-0.958111539912905,-2.8106029516079447
-1.235261069215497,-0.5545160201377597,2.076624402300798
-0.7476962635777133,1.4042151410930297,-2.270686304539804
0.38089382186880205,1.4767690113416483,0.32373405717495696
1.2356537458543042,0.2603247397243691,-1.9127607145278231
0.9515747486856313,-0.8880982267012272,-3.1346764188388976
-0.28946710134994097,-0.918689107203597,2.8899448291565166
-1.1608051071904557,-0.5417912125484003,2.3952873347202646
-1.0221318591706399,0.5981996954338681,-0.10550590789192293
0.046305249544181755,1.8393742035157141,0.26528648467786686
1.0531375249959951,0.7236490502003506,-1.0082778511400914
1.1634432168043072,-0.6708489043044386,-4.674594068744635
0.1939586814051349,-1.1684767141464791,-2.1432749418112294
-1.1162251496194964,-0.5086132687438144,9.234932187679577
-1.1547874009886612,0.5770058384295396,-0.25802023464831514
-0.3171290653483741,1.1082617920590745,-1.8091734970290845
0.856220431383614,1.097270998631471,-0.7783190310558907
1.277803422643158,0.07758428975074394,-4.863863926843571
0.5035155251642844,-1.2113402826683064,-3.1200116637374906
-0.7652137134505291,-0.902281994229619,3.46485528538095
-1.225193077981335,0.31900925543671743,1.0659398648682596
-0.6393784827901269,0.8835840797277802,1.950792844995085
0.6106102023565754,0.8983993612057092,-1.7742490853213255
1.3093852102232302,0.18833995820488614,-3.929925564687865
0.7292631432846358,-1.0211483898079132,2.640776525175142
-0.3774266138287964,-1.1620691388308337,-1.2813463437533916
-1.2443858293755463,-0.1800968990440044,3.9441946272897552
-0.916869035191256,0.7960901410422505,2.529357576123531
0.22931727735540366,1.4145820219786887,1.1518090112654256
1.1556227221293558,0.4673776932828777,-0.8679948259756243
1.0344647755317253,-0.7334914813159921,1.195843263838922
-0.09107421158423726,-1.5010566349726577,-1.127009722729858
-1.0612058576754242,-1.2476428716236414,1.640314791649059
-1.08858843985319,0.17930543637144414,-0.40054308372994285
-0.1093754263504016,1.0048029374372716,0.7711435643572551
0.8817695946079,0.33443480296112993,4.601499113447036
1.2343886770329702,-0.9019414323559227,-3.642317481092251
0.29406626679854364,-1.2454745408856505,0.6453115663015907
-0.9280259215417472,-0.794504099593602,3.1549975621905006
-1.2447846984364799,0.09726522567215956,0.8735422348188258
-0.5277496917158405,1.2794125702130357,3.364763063397438
0.7013645697917177,0.8287762038997626,-1.2417647456534875
1.1682773513381859,0.863945432580222,2.4217581761866063
0.6368516629720001,-1.5087698785887838,-3.0507367671355405
-0.5884711677617038,-1.0345661868991907,0.6996197172928276
-1.2806907654493198,-0.21537745896851979,3.846842103691784
-0.7760876707331349,1.2884006526743252,1.3528537185174265
0.41587367491588956,0.7574710729765279,-0.535219223141763
1.1902838724106848,0.5224659068454085,1.1616220964673856
0.8750157220495668,-1.1338740169911532,-1.3738162614102356
-0.2167432978282709,-1.2237155376193258,-0.7078388552093906
-1.115080127039798,-0.951181785016475,-1.5543495505436322
-1.010502281951393,0.8824413915020363,-2.0559934731201777
0.03358424098191685,1.20572206599813,2.131819371118117
1.054417792124216,0.30912454350107255,1.1317386352304393
1.078555061192092,-0.6634744324021635,0.27613189377161895
0.04924812455018717,-0.8208523004077604,3.355294823453544
-0.962276345083184,-0.9316143552695744,-0.575632727772995
-1.104318796004214,0.6177180253812475,-0.887129990981434
-0.23347192769649244,1.6546967213575414,-0.6274531543303585
0.8787979027307313,1.072899022399142,-1.5007542178136217
1.2393147264709048,-0.7408196529901667,-0.4682141304837298
0.4274124829117516,-0.7838117223385834,1.6376928225824428
-0.7875006754446774,-1.1296166943992458,5.226051875245068
-1.3047230390562115,0.12003788003738358,6.986655257890941
-0.6138897853523133,1.5059093830531394,2.582640381306993
0.5504111913727003,1.6869158692529835,3.488427765462403
1.328997157302205,0.0670052123173126,-5.195198948145103
0.7570859202207953,-1.3832815312234852,-0.613927768111161
-0.40964007775116623,-0.9479510331922603,-0.5419760595275813
-1.1957540238353424,-0.2559441551840358,2.850885053846847
-0.9138878108986277,0.7225897376321883,3.930985118120739
0.3035209430300328,1.2473687714789998,-4.2741263831818825
1.1977973087381946,0.28161980040821266,-1.5892568702473744
1.0318777300835515,-0.4211030535797622,-1.5202102373425896
-0.06810192601034916,-1.321561074207841,-1.2493562041938977
-1.1390394153389307,-0.5684060540674807,3.9124489525008666
-1.0562659202552716,0.5942988863497989,0.6313572813265622
-0.05424666299403228,0.9589125396933473,-1.5056376480294476
1.0289737758116793,0.27527821514193307,-4.191649897662966
1.2710739483046765,0.24836084119582935,-5.324754135261811
0.30491082772644007,-1.0753884914597105,-3.0508648639938394
-0.8835759604158164,-1.4811096741194478,3.0106302902275126
-1.2639043015944063,0.6200395327627239,2.9986619687070672
-0.48601707123628146,1.2168089715256392,2.5736175429709798
0.6948059995882486,0.7041349752885145,2.230618523355226
1.2069644651096036,-0.5297249891234934,0.8319230632427899
0.627117184002634,-1.054532709679016,-4.720791343510193
-0.5534764508133723,-0.757701197144981,-1.9511339445704456
-1.261721470330323,-0.27050810834089667,2.4611082062192815
-0.7694144355921484,0.9334426409563762,0.8603665993194892
0.44522548537237416,0.9632286066109469,-0.9121973627894941
1.1778207824686904,0.2575135921320604,1.2904557053783694
0.8498463572439627,-1.0840152922047679,-0.21394991327582658
-0.23046918646836315,-1.356241482476596,2.360286478076359
-1.1721684779048716,-0.5133754832325721,0.5354944558832397
-1.0220121039903776,0.7767663217430404,2.422532013866505
0.12635896488362897,0.9235965349318921,-2.6436570110484827
1.0741242744059736,0.14398691726251855,1.6657261528972738
0.9928013399646327,-0.7679030878375775,4.309003469928944
0.11334939241628239,-1.5889404690544173,-3.861559725488671
-1.0354720774329815,-1.0296728727399307,4.651271662863161
-1.1492750201354753,0.8089796256180615,-0.5219052312776414
-0.22602244795342485,1.4826093403822582,1.5752686826588713
0.9322522483772039,0.963303696195511,-1.0223924323576943
1.2255762274465398,-0.020665121412040133,-3.5636533739546126
0.5288727200654465,-0.6257749199394332,-2.562335592260291
-0.7506138149452615,-1.0546173294865013,2.2912607259066213
-1.2536145181501064,0.2656804096080656,1.8032271400074353
-0.5245532582568285,0.7836069484387814,-3.001484838003037
0.5766398265807483,0.908538037285509,-0.3916470406003597
1.259976043824754,0.11837857816362596,-3.5895999529331433
0.7457246589324471,-1.1957856963981972,-1.5211811930081913
-0.47155804731226725,-1.256907667817414,1.3788051875286371
-1.1922560364783445,-0.19312431123072016,-0.2848867751513212
-0.9062637433731321,0.7654954272485126,2.9514663691915803
0.24635387112253435,1.269245273490905,2.771350701591911
1.1244343699040313,0.7521346249472327,3.073650919573667
1.0610029397207859,-1.1326045880330204,-3.947319066172051
-0.08486238230982032,-1.2701974516270058,-1.9242143210656675
-1.1319305139234086,-0.190961215413592,4.272963619963868
-1.1537526723342513,0.865693367948237,5.141089657014835
-0.14159698969339307,0.9649353329661554,3.4225127825073143
1.0368118894661453,0.9563427334365027,0.20903712818150233
1.1600245504125466,-0.7441278842378762,-2.6538557182687055
0.2999846487187877,-1.036274855773832,-2.0311019448524736
-0.8850776256033412,-1.0692751722261844,-0.6029226532247045
-1.1429508454459598,0.42950938632921654,-1.3305268624011763
-0.4264763873374172,1.2433007368865028,2.5306359092840345
0.8063251034161084,1.345440551524878,-1.3566304441533672
1.2522196259789715,0.23607558112369587,-0.4831500393497613
0.6157044293512037,-0.1511754038635782,1.3973344354974526
-0.6313628974601029,-0.6735770366498156,-0.8843796405594073
-1.2480333998505013,0.30620959167924955,0.3336174152188681
-0.7595427383148737,0.7672490709704288,1.1347348182542039
0.48015909722116823,1.5010436148128719,-0.44146804537548046
1.1979562494263942,0.48236441090241167,-0.7191730692415579
0.819785173430228,-0.46843431608318775,3.255279425839475
-0.35484345555578023,-1.3614633902975266,4.899096612200481
-1.2045627457570454,-0.20027176089865595,0.8758768886821202
-1.0318338320012677,-0.20614783784150936,4.929584935212801
0.12864965840498024,0.9611857451837735,-1.8082190969986467
0.9805586873987491,0.1625214476439596,5.614072067075977
1.0828280430592836,-0.8395137320989171,-2.333159128520243
0.04042741219818672,-1.008592801712159,3.753705300354718
-1.0224279668435556,-0.86988112340603,1.7615379950945513
-1.1585444672691614,0.5797874430992334,-0.7884262069791925
-0.2589180974264458,2.1312202598835057,1.1957036210840932
0.8978629393016906,0.5810310617147657,0.6469246061763106
1.1783608576131546,-0.3784751959184296,-0.20671457574836266
0.3951834906347518,-1.247286176937399,0.030884700273761112
-0.814713758712957,-1.4039068719474346,1.5081444112463742
-1.1888594684773321,-0.45572987716884006,-0.035464926313644174
-0.5790455687474525,1.3393289048086838,2.69802861241947
0.6755092009541193,1.4941497654887355,-1.7772138338337289
1.288119156697581,0.0713863155245531,-5.123440014424575
0.7569129012302259,-1.3226726750828204,-3.296942943109015
-0.4708227033301921,-1.3856577449388003,-0.21611407074122346
-1.2181493076333945,-0.34895549338497145,1.8669110738075816
-0.8516378878076197,1.4076138103025093,1.887347218965582
0.30725849109723125,0.8992522903795381,0.17671627285140545
1.125474663385144,0.2479330007027214,1.143844270623723
0.9411688542090342,-0.557297339772535,2.8816960141313244
-0.11685429613721576,-1.1345423748686327,-0.806852280364293
-1.10571225855135,-1.1363074524350374,2.604315884869375
-1.1156116827937734,0.9905133202051358,3.905675091993739
-0.04446623858430395,1.4671173026323725,0.9576897576041632
0.9446495896603092,0.9728809318994014,3.4221582601849403
1.1683277993048333,-0.6860199054240879,-1.9376866478528876
0.1987139429969243,-0.9058888496739805,-0.9680613853587128
-0.8557518580968053,-0.8488738358422881,-0.3659086005548229
-1.2830288454048082,0.4341876315872306,4.522484351001334
-0.4131752213645409,1.0622286374373702,0.8332467854771097
0.7935782759684328,0.7393782646203884,1.2938626582354666
1.2516966335920792,-0.3630329351308037,1.5884129979725152
0.5629337367796391,-0.9074053023222464,0.16456308933949337
-0.622140852278863,-0.5269885668118196,1.1758558881574355
-1.191360415074493,0.3675355703273586,-4.824343382524116
-0.7153520277034753,1.0770432923626387,1.815175851671198
0.5540690295546651,0.7951113985309957,-3.1076604649990602
1.2981811882002081,-0.18033184846834693,-4.357927740192875
0.8761141099154126,-1.0253378018590247,-1.4931568212741286
-0.304580316494542,-0.9656729629649328,-0.11654155307523284
-1.142911006473047,-0.6028470120889962,-0.6768702155778961
-0.8719407719206078,0.8522977367685092,-3.275873057254364
0.1759575114261601,1.4284078292012776,-2.687656024607735
1.1239035085808837,0.4726511168703762,-1.8306825035565193
1.106136902578679,-0.9122639218517753,-0.8483022386506311
0.04632766928918697,-0.8257957894438078,-2.070807796444185
-1.052508841120222,-0.2663740448908247,0.6228763231652418
-1.0991672705363018,0.10212103747075263,-0.2748230487820025
-0.18383077561054023,1.4896576328465352,-4.147330447466
0.8904261373180086,0.8165120302111145,-0.41244986981438303
1.245385354148012,-0.38242409374178776,-2.277964929467919
0.45677450691858734,-1.4613499471592128,-3.5463390020192573
-0.8413091509960131,-0.6710459036862199,5.243238404383422
-1.2800073312443438,0.6797362571025234,3.40745610267716
-0.5645344337887451,1.6274205273340199,-1.4990978466695315
0.5975394439470689,1.1318772790938847,3.0995536527608056
1.250479910666184,0.0005165054328415408,-3.137445891749303
0.7797999758019329,-1.676997448252916,-4.796850179958234
-0.5350738332835128,-1.077442982260635,4.668491320083227
-1.308902256946099,-0.05141985856254694,4.80265607080448
-0.8955883683645849,0.794913640634981,3.297225429981554
0.3574991750842317,0.794421533396665,-0.27475088736334086
1.1052513176179177,0.2887775639367296,1.7821822608860118
0.9933740181376701,-1.123856403313801,-4.11504023463381
-0.10826408977244144,-1.6509161668282741,-3.8383751726002044
-1.0762758283085467,-0.2807487403042941,-3.6248990545417135
-1.0081675946407809,0.8171005167594958,-1.4142538001967941
-0.012992845056564966,1.3655875082640336,-0.7117430639186328
0.9546104764770078,0.9066340005423007,3.6419907622695233
1.1607721323205746,-0.3011183394525552,-2.640629551718249
0.20344889444293746,-1.507481629511353,-0.1280527654678043
-0.937529340229583,-1.0052822703623587,2.748781804728898
-1.2248990511244562,0.5549687032104367,-1.9936679994966902
-0.40372841445512286,1.174262198021544,3.8944755278272005
0.8344449035080033,1.3432319179172325,-1.0855672925070192
0.6735486635715254,0.17045028264452533,4.10349635819246
0.8905220793060665,0.09963757097252723,0.5240832188880967
0.35423381839865237,-0.6291323871075417,-0.6878483336291075
-0.5023564259905754,-1.038797131066297,-2.5948021068871534
-0.9410341150431368,0.38326594591258256,0.46800626384902183
-0.4534818864731069,0.7039895033464932,-2.5601011711350297
0.446914024644695,1.3197699901722897,1.052160973506241
0.9424812803119099,-0.16393361759488578,-1.358294940152283
0.588135357143028,-0.6115447341210578,-0.8983163282303732
-0.32440962820484703,-0.8392726713594207,0.8350752747366702
-0.944054833258848,-0.1437409659069222,2.5395052312841453
-0.6443888279515562,0.8192425339517412,1.6218511992004696
0.12956554046126878,0.360444311951561,3.693270919986838
0.8502546593522925,0.4990348770097036,-1.0501321148799208
0.716049156901017,-0.32962587486461636,0.7410403580540431
-0.11987053073489762,-0.5860604581359463,2.525289557064705
-0.8096028541338919,-0.6161040411530533,2.203858590612551
-0.7875432386463788,0.33556902524610077,-2.507180016589577
-0.03420869712639685,0.9782258802531572,-1.2101695956851444
0.7644709973726913,1.013773223236573,-2.395806948592597
0.8928807321973057,0.061973947979453436,-3.8063995420348755
0.13546454159034466,-1.1785485990392919,2.3150687475974863
-0.6790161872587694,-0.9589006382422288,1.5049965824786076
-0.9872859037331244,0.39757606911767995,5.033300127988733
-0.29301572269531473,1.1668485776090485,-1.8998353590940775
0.5168527068693253,0.3616642243268159,0.6589678115563657
0.9269203528710227,-0.2348861506938943,1.6693204897167662
0.47833963723007406,-1.2315326557082142,-1.617394766940503
-0.43872858973226525,-0.705039611894705,2.28773294407693
-0.9352942440202202,0.28147210712070103,1.2528509092532114
-0.5337752647359965,0.8530203633236932,1.38463167683889
0.2929226050262189,0.5740006818681206,1.5154457664790988
0.9129230935623766,0.14603453374452569,-3.6043953842695853
0.6773827721510253,-0.8314356738499878,-1.9325276827694604
-0.1657733601231976,-0.9616018857213866,-4.026275150143975
-0.8290163981877722,-0.14383220151263643,0.9296795299351238
-0.7454986813158214,0.43519812135567937,3.144770253956176
0.11298737501379424,1.6830130892400774,-1.2004611842201884
0.8587321528667069,1.2137868237850769,-4.640220723871647
0.8822468033056865,-0.38837450177011845,-6.414771664569638
-0.014018190423182982,-1.0652022401098469,4.505030394833258
-0.7295958704045278,-0.26608523464552336,0.8753518240139765
-0.7717821747125473,0.4955150315891288,-3.401778147924253
-0.22494941011602784,1.0420063151514845,3.342823691470954
0.5079913142048564,0.6111096610607014,6.591050618047884
0.8643916167253448,-0.22533338836025818,0.4994139172103537
0.3231352279782719,-1.0868550942848858,-1.0775369356608355
-0.4899826131112339,-0.9511272780401017,-1.4951296683517639
-1.0096201122470663,-0.07688271873821595,3.907109496174822
-0.4157350654537184,1.12829282029874,-0.7585916319140412
0.40652170026462986,1.0846468502852493,1.9209913163294112
0.8838118769800247,0.18699607686436082,3.6553070823611757
0.5190318647454449,-0.7625415341560301,0.3855123652163339
-0.33487247549221943,-0.4624033339188813,-0.5485350424124358
-0.942475006682647,-0.0005402475732402268,1.6468484974125681
-0.5814378524299586,0.9807623215660893,-3.141613430577561
0.1898756157834803,1.1002057601190667,3.409865571291853
0.8169125948846235,0.33312063368448164,4.812028484886169
0.7261134729621455,-0.5353466563077247,0.7500535865904236
-0.07400751232698423,-1.179562016248012,-0.5051846037191643
-0.7585985098563519,-0.42460143628434754,-1.2131955235817726
-0.7931605510875769,0.08932941690345253,0.3070076248424981
-0.06472816420007041,0.41610791786751294,-0.38757418668794896
0.8027621541010169,0.48624101986095514,-6.686619984132413
0.8678160516717051,-0.6730566930146914,-2.057571298044767
0.25694900117647135,-0.9632889843587525,-4.244945620523253
-0.6749338942902535,-1.1754625142030972,-0.8114297787947561
-0.9083617431106447,0.21554701034953827,1.1320968119359263
-0.3312743624259642,0.8086220041980521,2.062968964685312
0.5900065931995595,0.5682533116497065,-0.3645865019303285
0.9376501391132306,0.08514549403483729,-0.6907726710992491
0.36085994168309865,-0.9055193336165231,4.0649287627867
-0.4460991723311847,-1.2161318574272266,-1.93674482441328
-0.9061490568008216,0.05200285577859898,2.143235707759803
-0.5645784367065668,1.3969802466614074,-0.6689077398041171
0.3459518289472412,0.3678061934265156,0.7408311646377563
0.8707327760192621,0.10260318811397051,-0.042337776560847085
0.6810993495180215,-0.8981668032355189,-2.1231437141632736
-0.2352502439437307,-0.7912489586033846,4.117595148409601
-0.9088785449554493,-0.2886255635980489,2.996400427367841
-0.707876987289139,0.5700430088916614,-0.6674475560970977
0.07480973949334814,1.2002983718098277,1.4145044165948428
0.82146174727314,0.4364552586495041,0.01594318916917914
0.8288825325349313,-0.9386549402879596,-3.623264049893178
0.005900218520826929,-1.7982774186531207,4.374052466127334
-0.729511913492787,-0.5098932303238213,-2.525610649552646
-0.8448546955749662,0.09157990342030353,1.9706526279581138
-0.11192507544134594,1.1891245644091235,-4.132800940143113
0.7568721516112146,0.7881411363328422,-6.080076862641463
0.8867431593109233,-0.7085615967277592,-0.3113535964077574
0.27480909964046163,-1.248462979109661,-0.5919548071963917
-0.5318560829176366,-0.19919152724741096,-2.1166025796314067
-0.8491343233333613,0.14989441462152808,-1.8947410399746207
-0.4364892074741802,1.011999287030189,0.27084789820588095
0.44445949061123974,0.6596362498642089,1.8121684016258746
0.9378320007251755,-0.07476455759541589,-0.7209141904088725
0.5232771324139713,-0.8715283763729509,-1.8740892670314058
-0.3593732504533347,-0.9189091109768749,1.1022818775825396
-0.8921824245292795,0.43033758391728016,-2.0121913538153375
-0.5744190695202075,0.4753395543019451,-1.9485264948314798
0.1572457763431492,0.7170537308588837,5.050070454173825
0.831466461728538,0.261104148145308,4.0590271176995625
0.6664455143981044,-1.069673579503173,2.7972897490244844
-0.08654787312579405,-0.5598538748842222,-1.0731718512230426
-0.806341578543874,-0.3752395440675538,-0.8668623447056018
-0.9331601993137116,0.19509787240253484,8.78046123465912
-0.03297686069050286,0.5243308423080093,1.4517306303356903
0.7241939501454119,0.18208571516709904,1.5599473577203373
0.8341583779664075,-0.35910406043794363,1.8788373466735566
0.13242785190648443,-0.8357063334377538,0.11534507889801815
-0.6699744524727573,-0.6181873309749109,-0.5059238265542032
-0.8946847933800994,0.34753062896325404,2.194217770590673
-0.29984759374262715,1.0504591368150829,1.8346277326115505
0.6430920826989408,0.7076954479719494,-2.5244614190034946
0.8718376289397669,-0.14427932135497146,4.934886853206778
0.44493609546586926,-1.4155458269903087,-2.146663285825262
-0.5064235913981433,-0.951799190132285,1.8156338122312077
-0.8657247097672753,-0.5165098901439769,-0.7406841432205381
-0.5915880493837474,0.8680751828736816,3.7731265656722446
0.3343291744768056,0.6502489459014593,2.0595583062366454
0.9089512176209978,-0.3189283437555257,-0.8412281668109374
0.6564341121593779,-0.8767837699338488,-1.9796031525414843
-0.22005742315672905,-0.8966683130781051,-0.479065882162677
-0.8941164556928403,-0.2404679625324252,3.1979909240489777
-0.7142779744959598,0.7013358629255362,0.42326659806597694
0.06762690688423445,1.1629127593201851,2.735720070794672
0.8265102258082945,0.3204656756997837,0.46026846979667607
0.7828481612855934,0.10551141276239628,-3.895812062718172
0.01761072819946606,-0.9226327602882318,2.3702589004217898
-0.7918902263155686,-0.7417910683463091,1.9658842722348835
-0.8484146947024844,0.9043301976969692,1.4840666489824246
-0.19648313038264464,0.979621599368061,1.2436427944934636
0.755562338950811,0.4209685409783309,-5.883664138470889
0.9369018312382491,-0.04772442034573776,-1.8516685681671208
0.2622345794554824,-1.4334107179149862,1.500570334759238
-0.5903186522933347,-0.5274828140710419,-0.5808314024951211
-0.907024029669917,0.10944569024738726,0.18972815406318475
-0.4580777647452127,0.8996547467555757,3.2433148274386046
0.45587795251210855,1.1445715320860252,-0.4348467304543646
0.919126128988104,-0.6083066245764507,-3.2228135001019824
0.4350767465066207,-0.45385052108266516,4.413364019768362
-0.3493666863955804,-1.320687120944874,-1.3886851345538975
-0.9420908554010443,-0.09487996805581822,0.8605995528926161
-0.6762972759519513,0.5052782828230734,5.001397649324269
0.21964603346856057,0.8931412332380531,-1.7984866054909137
0.8236588491801824,0.3235764829132143,2.034748061687866
0.6975145085054463,-0.586186973933156,-0.35031438892965394
-0.06756382501056124,-0.843751711290224,-3.989893460778361
-0.8295438089300613,-0.9027634139164792,1.7667269520952777
-0.7540129360591845,0.23167810725059745,-0.9854743692255968
-0.06731136645653155,0.8957450260241198,5.218657326728847
0.7475323496053485,0.8110593320028653,-0.7969226970553223
0.8029312886100829,-0.6981678167712579,1.931920489126071
0.16705829617042378,-1.4344314666426712,-1.1614889678083922
-0.6805723773111193,-0.3864799371409783,-0.5534480790586749
-0.8717413281394427,0.351686979458557,-0.21616627603372698
-0.23160554689839308,0.7806955883131879,-3.0990188645036096
0.5166177967694912,0.6487303245260612,5.275271628608846
0.9247663069190463,0.15041654020942874,-1.1529203343941004
0.4130132321135834,-0.6530644779688207,-2.8958076247384557
-0.46366803177291843,-1.4543582194578837,-0.11484993210721106
-0.881556863179642,-0.38770709788959523,-0.4331907053454237
-0.41492381381162136,0.7586114023848539,-2.7841253262998467
0.39845260958141954,0.8928508237938987,-0.6663409500809125
0.8888145705792021,0.23755144992977206,-0.916080099002184
0.5885498861955959,-0.4153210444036265,0.9605394291613247
-0.2273805595510457,-0.6262931597697481,-1.4906086749307401
-0.8959527148622373,0.28318117332948534,1.516701025705992
-0.6730758752562526,0.9738946339370919,-1.7626672608224976
0.11363568879928226,1.257677403329867,0.3981990344409081
0.8027182187026619,0.25022829244955525,3.3558694812566405
0.81626864650887,-0.5418833571261172,-3.3181013975498033
-0.053518105169948926,-1.0534289395443543,5.5912597668764406
-0.7348312900366766,-0.5756534551123277,-1.6260610090350098
-0.8662613816057486,0.06839130746283395,-0.07010191118746123
-0.21170844308684367,0.8406697349489759,4.905961006233842
0.7557262699211414,0.7069825180676703,-3.590865338639571
0.9378031088258251,-0.14767424686171426,-6.320726770758693
0.24759494491592215,-1.1630000599018444,2.7722611363896807
-0.5705156092702529,-0.7091205108886262,-3.72358825888691
-0.895614889978239,0.5689020027333891,0.5849438822692428
-0.34957606546779635,0.5107309652728065,0.8545176116926267
0.46783595678804746,0.2960643610135333,0.29886852028055133
0.9544453954277705,0.15505963820173718,-0.6530888462935343
0.45276524707570187,-0.5885168424872678,0.6078520766624285
-0.39086057735762414,-0.6800291783835272,-0.4324472948039676
-0.9160401797748949,-0.18310378882607004,0.8902266273118634
-0.6046175544577658,0.9534904056453303,0.7143964350498289
0.290887179662448,1.1113634195467208,-1.07129425229322
0.8882725541195868,-0.03606678601732083,-1.6380906993878708
0.6984835971745359,-0.580578879294471,-2.0220536381590324
-0.15779571790208355,-1.233420299723844,0.08826929090552271
-0.8566121873685623,0.5910721469158586,2.9615203555698333
-0.7843719904128758,0.5986002423111542,1.9970421809203056
-0.034127834374704284,1.271334907876045,2.630298940047698
0.8391291182471979,0.34587421082289127,-3.9000772300063216
0.7943902620745306,-0.2822689057193206,4.120266191834274
0.1633714006989218,-1.28745609691853,-4.035640735611814
-0.7655043382637264,-0.5128879152000138,4.98411847026541
-0.813464654588968,-0.21973529792476076,-1.8318314239394977
-0.27330595495446197,0.8920228267663283,3.0617718943005965
0.5651774649355791,0.5520305887540766,2.4385919307169313
0.9208682368978434,-0.28704739045076033,-1.36552400523346
0.4169796032515894,-0.7331927454817444,-3.391188313386913
-0.44159519704084893,-0.4572763020834661,-1.332412254767749
-0.939816316117509,-0.1963582250154594,3.027339091780127
-0.44635845620092335,1.2406665237794738,-3.4067489099398798
0.3950067324930131,0.751825093587036,-0.8928468142026619
0.8973686885462981,0.09099202421258834,-2.965265687518379
0.6077994942500813,-0.845254230989041,0.5230053187597333
-0.24985478686082901,-1.312673282997659,0.4650772816720683
-0.8285032216410874,0.23884346643396615,-2.5886843422522814
-0.7431561878504133,0.8234881526337218,2.452095929374719
0.15435573925967844,1.274823419346886,0.07017859162427253
0.7917572632075667,0.1294631613571523,3.5189693173615866
0.7847347900524577,-0.3189016317668114,0.039460883095623345
-0.03359027645963945,-1.3127625856444236,0.009872812033444589
-0.7185413688876526,-0.08982520483337364,-1.5295017819620194
-0.9662698838504264,-0.173478985270476,7.67226054902614
-0.08225453219173101,0.6803918583934099,-3.0684662726009204
0.7212677062915934,0.917773414141918,-2.5626209958974475
0.9514315058316166,-0.37443935861324773,-7.568687165426262
0.23534253556748,-1.3427994532258973,2.9537074002152273
-0.5904223433642362,-0.7659458396625718,-2.0702671468909783
-0.8601291404904892,0.9450640733727217,-2.388547122324994
-0.4178173888821223,0.8287294639694217,3.49885335374847
0.4589244206173701,0.9703009545346186,5.138479630329491
0.9064576587113685,-0.31994160781274317,2.121205827349898
0.4562956052299076,-0.09663237443816641,0.8020932064476272
-0.443281907798203,-0.5491750678106446,3.23635809036107
-0.9591915473148774,-0.12876302493105618,3.1632593260632125
-0.5958809896509216,1.229601680432127,1.6673906712408582
0.18964087014226855,1.4957317473622174,4.153191841750221
0.8618764430845772,0.7707390501352912,-0.975432897229398
0.6656012900599223,-0.5308561046798277,1.9522154006243935
-0.1480005850288635,-0.910039511966,1.9107389060039341
-0.8205502594559816,-0.17857911332279042,-0.8330410408916802
-0.7758579333124553,0.9431768429235576,2.6269413775694037
0.07167119347663711,1.1072642945543532,-3.2374756245062253
0.8184949414036771,0.37070157693736117,-1.3828738855515144
0.8049801277323947,-0.17191855658082178,-0.29588848210610474
0.11327181185419927,-0.4765325813256806,2.159282443573584
-0.7301150149749603,-0.80572809818373,3.7270999467762334
-0.8869636317072485,0.3572306397949643,3.6456684138989015
-0.2550386782640522,1.095113684020232,0.32788516698877723
0.6407963865126858,0.5950929239517089,-1.8234912281931148
0.8463454544004755,-0.6810028403486706,1.714762285658794
0.36679857142630734,-1.0908408842786743,-0.6243410892242268
-0.49158539391595024,-0.7823081793471276,-0.9634189700312679
-0.9335767259190833,0.007965159518725229,2.1546609155870566
-0.5386099892441583,0.6756391353574667,2.570613171444405
0.3703875200615833,0.6626624153662036,2.531179748442428
0.8399225556401655,-0.39760423675054113,3.547568173085594
0.6504328750824678,-0.5617904394405215,-6.2452452747090526
-0.2902288587890558,-0.9761707083205654,0.7138789529458456
-0.9237232522688928,-0.42529830670472224,1.5740123977607747
-0.676020737572649,0.8783192052341371,-1.1495913032754717
0.17914471752013025,0.938982924944794,-2.1892012656817323
0.8695713032346482,-0.13723099080899637,-1.3634409971231087
0.7698302027788305,-0.9940025602922647,-0.9549054558594927
-0.043275031028264375,-0.869726128504947,-1.6298854844824344
-0.8040560110293166,-0.6491579185278001,1.6736199333112491
-0.8282039817650303,0.11034410519470961,0.455194910278237
-0.09592005799207087,0.9709507972994699,0.7670333723906397
0.7126427565381969,0.6633783598134296,0.05123362912654028
0.8765361505887619,-0.5740426433389084,-2.333095942223235
0.27176507440466413,-0.8542468086633773,-4.102810435273741
-0.5956651903684976,-0.3132976038815066,-0.5853735459115406
-0.8806820501216989,0.1064966604129658,-1.0625840842938798
-0.3902950529265992,0.8842134281501263,2.5608342138072513
0.5475066064597255,0.48280352510183866,-2.199859407641356
0.936656829870173,-0.05877947057909394,-0.3959447952389423
0.46300285764466553,-0.8385992114237317,-2.6395620340756887
-0.4526962827534789,-1.258927055576629,-0.32419726899714785
-0.9510366108765985,-0.6443888476010967,2.2707193069494647
-0.6096173188529174,0.889098179688475,2.1376083844382623
0.26793504961816084,0.729154334523433,1.1855740227362166
0.906951398384166,0.1997118308973761,0.08175646835561767
0.5768571326878458,0.1690025004266943,4.83166945870487
-0.16639851681818316,-0.610445758098554,0.8669470369734655
-0.876121943953107,-0.7405276129597638,3.9329755551825034
-0.7633274884657312,0.2693898321778265,1.9296562531474195
0.04739029173719249,1.0347466484053853,-0.39169253603600684
0.7437160726961821,0.3666524129261389,2.032500442792185
0.8886391814111092,-0.3330699977244267,-6.2895949418488915
0.1114404510279436,-0.5846214071905003,0.903146904168664
-0.6655682060331591,-0.36838396670649365,1.8591630355097066
-0.8845072225655545,0.6454725497115144,2.6329134398157104
-0.2530967119727591,0.679995568032401,1.2659838821966873
0.6151264888272318,0.16928953261256097,-0.7079842790490037
0.9394524354622958,0.2472061845846052,-3.440420092991179
0.455392529619462,-0.7843472864850389,-4.943285508966376
-0.5214844905621969,-0.649492133368485,-0.1426315621655505
-0.8555252207436385,0.3268488679226528,-1.9631802007254733
-0.5134910249949071,0.3109634532875791,2.496334091029402
0.4765425754210324,1.1607231039402937,-2.3344096971194723
0.8957354575571718,-0.0988591862884336,-0.2729263198077704
0.6097047035433603,-1.0671846795157742,-2.0599013217957527
-0.34030330654559193,-0.665803624239715,2.792851521866565
-0.8850809586706498,-0.2663233068152848,0.7805070588010362
-0.6882006926727895,0.30346796635382256,-0.4999792291625066
0.18920616501587817,0.8964281887792366,-3.87800367545335
0.874871849307948,0.07986410683450518,-1.7523416769425575
0.7040278225740174,-0.7346310668284345,0.00926497331981968
-0.03913146462269139,-1.1963630724310006,-3.0291060151223315
-0.7774312408703483,-0.3340570592192488,-1.2971521801935861
-0.7639073019969996,0.2991021976819874,-1.6544770579030401
-0.10731515000081626,0.8269429694390382,-2.3930990444008784
0.7106322320620315,0.6995790315348355,1.3666736613166999
0.8964429998338115,-0.3441951898994189,-1.417140940192763
0.21417863741730497,-0.9016710138598583,-0.44070797657601024
-0.6484088455766317,-1.0952002376503394,2.0710934569003725
-0.9244743254777403,-0.33724846814597087,0.53108035634458
-0.377278404294754,0.7291662274166196,0.22206681815409246
0.8911437476135898,0.2963896918819098,-4.274495919438219
0.38874750661692875,-0.7999920663613264,-1.6619614508536156
-0.5063028998153715,-0.6851644885354524,0.1414678006229969
-0.8739528584636068,-0.22188761940360235,-3.0413038691448913
-0.5145825807425048,0.5614072996756914,0.012116904575554255
0.37234816359623035,0.9953966774208817,-0.17894775952532416
0.984150904892139,-0.10416468592504502,-5.391370895786755
0.6328057808698163,-0.8183551811817852,-0.6279364745527982
-0.2636635836280251,-0.8554926364615396,-0.519696788356222
-0.8772039812295149,-0.7223329732319378,-1.6840372786208153
-0.7393322634979878,1.186372405904818,1.0359450067702147
0.14179661952889183,0.35500943066450047,0.17329996585798035
0.8672060780783585,0.2960336598768998,-3.645306068560031
0.8103594400589996,-0.5222986665082596,-2.101863841716201
0.06633049160736039,-1.0071400672869086,-4.891600642287468
-0.8144028352692719,-0.9229350455223201,4.634272832863804
-0.8893844699719508,0.49509828646049303,3.8503774186735598
-0.23362363403037728,0.895682327042945,5.2065150149914095
0.7621890970332069,0.693883519644663,-7.935044683761645
0.9322850131918483,-0.38103523890285873,-0.7500375739951609
0.2467785333566432,-0.6104931442967982,1.923531064108327
-0.5887836609113359,-0.6554366225230218,0.30213164660550296
-0.9370584120040357,0.2126970005494433,2.921088574859352
-0.3373069439885422,0.9515356900030203,-3.8949560016478344
0.5004996064819867,0.8898484700900763,-1.0137587367865235
0.9430144931543705,0.017178344970468218,-1.4204005187750615
0.4916663936237492,-0.6305893258640077,2.6569374440735083
-0.40558164686121434,-0.5904937194185408,0.6433569392903166
-0.9339973012051865,-0.3449236632457936,3.124642311695972
-0.6101500041480318,1.1157849187448137,1.9600695055448702
0.26964818614716307,0.5452449956746817,-1.35173456681006
0.8515018821195109,0.6048215278848873,5.048071572093186
0.6925008817345953,-0.6169016286835816,0.34218114360304835
-0.09372498268722701,-0.7780655502472668,-0.08029050149773398
-0.8211207394331981,-0.6153821870001641,-2.955425139820742
-0.7658766165852952,0.46025527102563357,-1.047731058578727
-0.006688981913306431,1.2565974284560002,0.17430785893958411
0.8173499590224926,0.4056513382092919,-1.0717388291956178
0.8979630417554253,-0.6868217513156405,-5.333235567497323
0.1404357824891578,-0.8927505225055149,-2.9205630262797597
-0.7266328045554852,-0.7378404232047947,1.7507758554562503
-0.8541195067045785,0.5090754690783655,-0.08365458439769671
-0.27795794452772693,0.8590758372003515,3.0545088537592795
0.5882503922795314,0.7722995738373523,0.7842839525540146
0.8799674073556161,0.050069850812867744,0.6639071050324903
0.411277454419686,-0.69865717984633,-1.8910311237503066
-0.5013755313889107,-0.7200435085960146,1.9674595572162838
-1.0254859447171927,0.11040978273773705,3.4800384799040387
-0.4819242418464871,0.5812682862112734,-0.3403571340028305
0.37567407865599783,0.7597468626483752,0.6406851453641305
0.8265907231577406,-0.23718475788615745,6.26788466501165
0.6107938128808266,-1.0600266516283976,1.7477198806858107
-0.3774033895735821,-0.47209783627283924,6.274618865143513
-0.8904782813796689,-0.2559403826706763,-0.08935887963416572
-0.6941062863876889,0.7331429991726723,-0.7947234404863557
0.20016904408229758,1.1016393927884889,-4.860950653390511
0.8995088360725005,0.4671585286400154,-1.5180917643077363
0.7661966860414031,-0.6073324090000459,1.1340809823821714
-0.02110732220702518,-0.9946317264176607,0.11452544156767441
-0.7381059435405447,-0.9340077386984358,-1.091161599944984
-0.8755436236109092,0.767907303532544,1.569873454556331
-0.08892191318463757,0.707052013691646,-5.005997771299871
0.7421252096414431,0.7660633052239479,-1.117155166510354
0.8825744376329537,-0.04471179593340535,-1.4665782695783365
0.27441139445779966,-0.5317804308293569,-2.5513269069957283
-0.5604229581509665,-0.20417487147469604,-4.940961529296463
-0.9062663909343956,0.11256330728972586,-0.0465001206023663
-0.3192970541281217,1.2579345467910692,-0.998219862895664
0.5280723332909635,0.33954941825787927,-1.0570309246534748
0.9848283769418719,-0.1413789253001202,-4.122210500908802
0.46795322070801754,-0.15444550533168844,0.1553392544312815
-0.40773702691807506,-0.9624443115662331,-0.00803126197075954
-0.9696928428912152,-0.125896412871907,3.375102603259945
-0.6317574382433275,0.3363720497703576,1.9786403059663322
0.3312285869873598,0.6656519011142042,-2.1361509735727338
0.8838666252926467,0.07462109429177355,-2.0137703500687727
0.6582997370544231,0.2004103762965892,0.13326214218128685
-0.10632608815332695,-0.575383517306054,-3.454817524795233
-0.8564770013540609,-0.23402528948038182,-2.009130458049755
-0.8005305677067421,1.081927788389773,1.371783900624374
-0.015605141024188075,1.2015530278254078,2.5984202482403793
0.8210583153642916,0.836319647644922,-0.0031812746266904335
0.8285001895487777,-0.29451058184006507,-0.9973169429094908
0.10166789328209609,-0.8456018304430402,1.383922066057353
-0.72761818275902,-0.9314724660077878,1.076229241207846
-0.925800029461194,0.216197784282538,2.5901179224706343
-0.26950758075976017,1.1464856837259823,2.1722447527602995
0.6048796234218718,0.8007482214019596,3.140176545194937
0.8638264394300523,-0.34333415299923786,3.18251800691142
0.39413745017816415,-0.48688196325667565,0.6134779901676801
-0.5041128973936032,-0.7842174884508829,1.7612554380706706
-0.945385916294035,0.36671669417379094,1.5924009128908374
-0.5364935472692105,0.2694464664506929,3.454597533721444
0.4352664852909413,0.9208880353768456,-2.64841006846663
0.9780112408294523,0.1997456403624659,-3.282721201534815
0.596447832130451,-0.941401412406091,-1.3917064293057038
-0.27189994509069526,-0.8170745025287827,-2.54853491660525
-0.9107998812924402,-0.6514954947901053,0.3273783278921639
-0.7221394877454491,0.7937693413818836,4.5341776967557905
0.24453926378874302,0.9914576375021833,-1.3361281796982964
0.9163215145667417,-0.13118381259058676,-3.491387209283754
0.6831619099496802,-0.3245269845815696,3.59218219477433
-0.026870977900622886,-0.41053522986818675,-2.420427349507465
-0.7607463983584889,-0.6636556996885351,-1.561495698656326
-0.8071234381731597,0.8903809227758608,-1.2395448173770334
-0.08049733437401692,0.8004558060114337,1.8743612145213995
0.6577888091116117,1.3123525066590307,2.0663788915000003
0.8927856182604532,0.20789344656802267,-2.1683994655047645
0.30687349882142423,-0.6734904311777347,-1.7515458416638257
-0.6572403340361503,-0.8349307629799091,-0.1317956333790088
-0.8767828900551937,-0.00531028445309667,-1.823925150257602
-0.3705502873887317,1.3493219603753992,2.3820345845964357
0.5402138701272896,0.782150956347484,-2.185035642809488
0.9289496642060926,0.08414256966714051,0.3297021405328281
0.4492238264617747,-0.3465228071286827,0.3211439983199338
-0.45337478241600004,-0.9545375272622971,3.4058077730856717
-0.9734882809654877,0.13355064972201014,1.9740201577216514
-0.528268918763965,0.5935828976056464,1.2914710334835984
0.22591563967059985,0.753282835676198,-0.39797487064270665
0.8268592844958718,0.13864722180156774,1.671362041265631
0.6761138354357094,-0.9897494867686046,-0.8544230442414532
-0.12567585062229186,-0.862905064811815,-3.8868943436808983
-0.8211243716324516,0.09144781906816557,-3.446361832905084
-0.7607297940522167,0.5314675499034327,0.5212508119028042
0.0013404499020957597,0.7888935517591186,1.6723246972837502
0.7771630157078554,-0.20690802378682593,-0.2528125695719033
0.7698885654788816,0.22076790223375664,2.574402543986162
0.12799965107317063,-0.628045800553062,-3.548764060027573
-0.6902067819705842,-0.4291555164720262,-1.6881042640084
-0.9057579690367944,0.5675708944450747,2.729462742286901
-0.19664448596447165,0.9174491710905016,1.3775411258276993
0.6404604333145003,0.961257068675791,-1.6607438009611624
0.9168623221890367,-0.16585152183669905,-0.9091576261132526
0.4052475994890023,-1.2759794051194755,-2.4836024234081036
-0.4880798633500449,-0.8833044771113369,-3.4177033163610897
-0.9527687824048093,-0.2772493882061128,2.1911248525173823
-0.4084276107516675,0.8818099123256309,-1.8711768434638514
0.4064173313278684,0.6343398289893221,1.278503314678161
0.8980552742339684,0.05285868540827465,-1.406147621023982
0.5834589328217622,-0.21807378650224807,-1.944673244668813
-0.32493310762677546,-0.5828715215782118,1.90529116096999
-0.9727828582110524,-1.1355062348092497,3.366930802707677
-0.6821084874467093,0.5974704973377826,0.44405152347666565
0.20007521067000456,0.8972609471310062,-1.4532487202421256
0.8883550479201209,0.5789530038359664,-2.0189786037400963
0.784364454935982,-0.5415076483142806,-1.264438719540401
-0.05885890834976945,-1.4984220582032988,1.6203857590425856
-0.7650235371547792,-0.7975589825684176,-1.2793294668108168
-0.8100906022622605,0.3034259307498244,-2.1736802868227185
-0.14490493358087006,1.256234958474014,0.2852642667045896
0.7210028566297894,0.44466499165489615,1.7210252407464792
0.8662861849277058,-0.270088960848871,0.5186030506933004
0.24846543083600314,-0.47146569796033544,-5.016419545258019
-0.7049523702124506,-0.718632686502298,4.483906850077456
-0.8875713388040372,0.6114912384462134,-1.3616335231999481
-0.29628207406570783,1.0979034799207938,-0.9216065525434952
0.5085609978507162,1.2491413521219452,0.7202726310725016
0.9290268336024677,-0.6318986116709063,-1.0870107424176547
0.47854767983644364,-0.5689909042750765,-3.1253906239592877
-0.4507332737851944,-0.6526228661758426,1.035532905166821
-0.8929979313016855,-0.14421404696885243,-1.2238887943224697
-0.6805133369760082,0.7278682987347251,9.121216244239484
0.3203547987912389,0.9277496040232539,-0.707788944756203
0.8832335044950872,0.5238384283760494,0.3024056669094169
0.7575665783689842,-1.1117942653645978,-6.716694253635536
-0.22413673519954347,-1.1452539752108541,2.3790988039075165
-0.7204611552153528,-0.5306513304919891,-5.540963520417381
-0.8011144007227488,0.5449236772913918,4.541728518664738
0.1294843328302129,1.05368344030957,-2.404442051461757
0.7833209532902661,0.2917720476827973,0.6509865582419785
0.8405631427623024,-0.08604544573173167,-2.268491237607665
0.0877440731973101,-0.5773348964514722,-3.7096360596859204
-0.7672481784729891,-0.42380018708676637,0.9589733980095916
-0.8790124151810293,0.16814157531557627,-2.716278042096243
-0.24148203928038492,1.125162118762908,-1.0703981373723352
0.6261263699856738,1.110892953935289,1.094607781806095
0.8942683818802407,-0.208444653172577,1.0010776436235602
0.2609608654886715,-0.7803518269511464,3.074809972034964
-0.49384465063132427,-0.6697244981572176,-2.677799316674623
-0.9304574214053379,0.1563998283532242,-0.46373216812633195
-0.4712223050476521,0.6349296230657231,1.385110015089166
0.4526658481198566,1.1106911027020951,0.6727040575716836
0.9185930241149193,0.11871809152391388,0.6778194242819692
0.5884659547513453,-0.9208013376080892,-1.1401025202447523
-0.345276161404281,-0.6195533526735838,1.66224460837936
-0.923909362717357,-0.7775715202009825,1.5554069120986425
-0.7237477880641487,0.7318322203607247,0.8545114951775653
0.19113397941573143,0.9820754033826488,0.4292943450075182
0.871077335264772,0.026709844243827385,-1.9400769031144043
0.7714140541282842,-0.7173058616456174,1.3518472926964098
-0.11395056675380938,-1.1216614734960213,5.343707276256061
-0.8304967280416153,-0.5391993292367281,3.5865759301665867
-0.7662163511169789,0.6407644636934823,1.2213679965109718
-0.05487506284303684,0.8327993349748045,-2.5003223202264326
0.8072780621995641,0.5059743779782588,-1.9465210589417639
0.826776463601762,0.1821534974877359,-0.5078525755156218
0.23211398827038054,-0.8602417041076739,-1.9587137654069868
-0.6681069770130498,-0.6453675610564114,0.3630614105512492
-0.9762337471825966,-0.06328911702408124,4.709660185332877
-0.33810847167320973,0.6804426858255038,-0.0199845780708785
0.5106668538657885,0.7406842480654668,0.7535954439323078
0.9570061769081419,-0.14529817710129012,-1.698468595223288
0.39865429620010934,-0.7623258326677745,4.114890019985921
-0.45813463292280676,-0.4944870328904416,4.3153046095481695
-0.9574521191234352,-0.1470700145945003,5.173526552843768
-0.5922681544827455,0.38053686617831484,2.0976743677684273
0.3592981072536222,0.9991102450389556,-3.450185305777965
0.943250547896202,0.013144378407979884,-1.5648573367808511
0.6110797109522887,-0.6006758233492371,1.3406661040063519
-0.1492138356518809,-1.135768370527387,-1.3522182362500945
-0.8536187466021864,-0.5298747691604982,1.3926513748287106
-0.7736177252548345,0.828929484436739,4.825120302465553
0.05273190433983001,0.8240318174341785,1.595541214660801
0.7971015390916592,0.8946738659805648,-1.3200955634027547
0.7532420725488526,-0.3425576283714715,2.4134285337236907
0.05576042198429304,-0.9664873504721396,0.462332847819385
-0.7420510238784284,-0.44428235159280627,0.7028705076640085
-0.9216990238193694,0.22035919791933312,0.6274008550746809
-0.17954919379290113,0.5343979399292578,1.6383501411777923
0.740471072236017,0.6414571972825106,-7.556888839673446
0.9159912121472458,0.012990750904200432,-4.105571938064982
0.2746494197769241,-0.7994271379961889,1.496424192140821
-0.5511961368543126,-1.124460870908493,-3.17143757286774
-0.8356074081707521,-0.6706938097758208,-5.91210343692365
-0.4976212698789532,0.5674424899584257,3.745725701043894
0.5107356197133166,1.2852502607347405,-1.3201082086709452
0.9612315133733506,0.10500338572413337,-0.5267945961479341
0.5398845063424065,-0.56314203327644,-2.1338794750216254
-0.3292522612856914,-0.7466139447353383,-2.1401253897301324
-0.8507526439101966,-0.052222800519053925,-0.8866281655978303
-0.6297350689753115,1.0875374261107489,1.6489791028786205
0.26248035584345514,0.17368468779803053,-4.015326556940588
0.9497002107248752,0.28577435129078455,-6.568620986607767
0.7589021285939224,-0.6910723935206231,-1.681436112965371
-0.066892170539899,-1.1837910053291116,0.19447248676668416
-0.8453684282166254,-0.4367825054956992,2.6257978793079206
-0.7682613610150022,0.5256223441062124,0.5616272286454035
-0.0648042456346469,0.5967518652166692,0.7947754626857462
0.6707270616728132,1.0723260655772837,5.640564937576934
0.8731757474438955,-0.4736888720274862,-2.7622591260807616
0.15238373837717087,-1.1892679661163026,3.281092330033036
-0.7244850729167852,-0.9281865635257203,2.4185115028961643
-0.9247942046230527,-0.009791873231821957,2.4576238473694647
-0.3341050771556737,0.9043395046564537,3.0466280220295627
0.5880884681760323,0.6796409058238767,-1.0656162976256283
0.9042631368708681,0.3585390737042288,0.8046524726523869
0.42266074912621865,-1.0476771053124434,1.7567987987237048
-0.3927483533027056,-0.7699134987173067,-2.1267732092018354
-0.856143453039972,-0.0343565702903198,-1.9132808082895916
-0.5771216547098045,0.8688540945241835,0.18545813363636254
0.32849338393212346,1.230338780416183,1.4316656544053152
0.8704387815430912,-0.15557193736929376,0.7368905950478316
0.6738734089634713,-0.24156137321416526,-1.7307898225412237
-0.1597467097149984,-0.8942827881260635,-4.0240747346285515
-0.8998005301759814,-1.0134827085971703,1.2427371874102173
-0.7572111627557865,0.3540424538407738,-0.5487465389090512
0.031404458267264276,0.9364937951473831,2.4390527038207055
0.8611084819501515,0.8946689476941916,-1.1418341482181822
0.7881409805212356,-0.33514747222531116,0.4224828105739653
0.04551320486753057,-1.0111936153741445,1.3166767166449649
-0.7301357072607253,-0.8005789802745683,-1.254226986260673
-0.8495711352788007,0.2854697358556746,0.8694703990173499
-0.12557391662278167,0.9894829139661208,0.309490749317029
0.651109785689452,0.8332315234980969,1.4917200677367848
0.8500392572793586,-0.08031939532911092,3.862450274340737
0.33255652800883945,-1.0557605766226348,1.4464697818865613
-0.6009765054818982,-1.2604619812247755,4.225062026974249
-0.8582507957275941,0.10806309599247554,-3.491685360315109
-0.459213620135559,1.0397805561299496,2.486274761510193
0.4851284074061923,0.836330088137285,-1.6451466009526239
0.974309595723572,0.03334003735603219,-2.516104474460282
0.4622627884106799,-0.9776624893844212,1.6075314916769006
-0.392335465035166,-0.5789662831875275,1.712559184451881
-0.9565701059581095,-0.16230546633450194,6.731572504725441
-0.6625382372250327,1.0049180200737864,2.4988352451743387
0.29232379766566857,0.6745978202434428,-1.8782890249715978
0.8563342014543895,0.8523225057522271,2.1739028921724257
0.6996787764824908,-1.107003315595393,2.1727162080823548
-0.12376854168060777,-1.1376968738004978,3.461372250663516
-0.8575780000284787,-0.1844473730206181,3.3169793070162776
-0.7262638746323711,1.0339337629650818,-3.0126016110245732
-0.05437727556823495,1.468008682003194,0.06675398317545933
0.7379979626875315,0.5574301249856489,-0.45798174203637854
0.8548151061724786,-0.7839965955944961,-1.632441946494823
0.2069857961243367,-0.4219102456563099,-0.9787174492769324
-0.6949151076380325,-0.9503442908871029,1.7137949325248263
-0.8592231657564064,0.23330342447829,-0.5330821558656912
-0.2823837074647643,0.7367201264892925,0.29075594815202555
0.634297890625037,0.5185163000501591,-3.5853070042874116
0.9762604122121415,-0.14839448850083758,-2.5227897509905737
0.34706827362181497,-0.8749318461182733,4.166522830959499
-0.4769772417215102,-0.5906035224846509,-0.42590123538161884
-0.8889340679105111,-0.02628693272067051,-0.5519282251338823
-0.5086320551084771,0.6286230970139622,-1.0846967402125096
0.330059961601428,0.8390196161596369,1.0772803250816547
0.9269873778896004,0.4223727720457471,0.7249829810099168
0.5953270786767149,-0.49095325292667746,0.27164713473934454
-0.2542521190110863,-0.8143184235768044,0.3138214656434213
-0.917536438798233,-0.38258781529374897,2.316918498987198
-0.6889103246245477,0.5610318892992266,-0.06687897343721494
0.13065868890901053,1.177936133148118,0.08649436834293645
0.8182113053359509,0.25943141668764436,2.9047425945949006
0.8075017302030597,-0.3306737791506259,-0.48759959505471406
0.08275179274596527,-1.265541621739642,-2.713133031278445
-0.7746488855019465,-0.9071639767476092,1.6555456900399423
-0.8466193516049982,0.30271360647227796,-0.8252079738166331
-0.19095634750772283,0.7195777912797003,1.9598111833502045
0.7323201287131328,0.21486256760516909,-0.6884703720223428
0.8845543007570565,-0.45092188410867595,-2.2335789315057952
0.31297299708647686,-0.9148675296795529,-2.1170989642683646
-0.6264387514998229,-0.82512112965196,4.279589454625901
-0.9092953902473766,0.1572450173954415,2.051040870281507
-0.40788218960411843,1.1172009008333073,-0.8680285821015049
0.48455523384453286,0.7056831804015901,-4.0703762853473
0.6344896747710989,-0.2848102441721678,-6.626445471827281
-0.6948464132400078,-1.0913934902332223,2.2047304140010624
-1.469864874509596,-0.3257362840217082,5.06261990622865
-0.8523691654944545,1.4203955181751597,-0.7672793811557826
0.5130985943638801,1.4131030300866316,-0.957904222397199
1.3494911495116972,-0.24497200845349898,1.091475445912049
0.9949233183155228,-1.0178454924312708,-0.5810767481413237
-0.25469388032198875,-1.2952024509259012,-1.077140909281743
-1.3752420026849752,-0.7039952015172946,5.3958615802642615
-1.2071722007780186,0.9177441608537085,6.241067303441513
0.09290433678414585,1.2689812062559673,1.5615548858240336
1.3020990126806355,1.0119028374512218,-5.274174732764254
1.2297031829546874,-0.43899818614868913,0.14061667911467457
0.18422357704115683,-1.3419525900892888,-3.0927813240603372
-1.1911352577691565,-0.8659996799271608,5.150085889060594
-1.3620342342043656,-0.03513995173281326,5.816147387020145
-0.34287712940735793,1.790234058874507,2.981095750730823
1.000629809207614,0.7357848353014479,0.9840583338735165
1.3926754328656903,-0.02025820002808376,-1.1300455344099185
0.4472239015286633,-1.276307764427731,2.865981586744232
-0.7999161050795569,-1.3767405952276701,-0.6059963284239189
-1.420028589639125,0.37368149233255155,1.0850710303242366
-0.7377826225439593,1.5922817628470425,3.4452991715597108
0.720783917514863,1.2317392468651427,-3.2495407688889344
1.3768200170907559,-0.07390329796366779,-0.0570704050537001
0.7944016202983808,-1.17870039494946,0.9253493516181677
-0.45184601758055065,-1.6790643869281314,-4.7741736930532435
-1.3733014756742237,-0.2049432202480761,3.0750285917700517
-0.9845688764506952,1.5634135362496653,2.0868758910772724
0.2762757874905224,1.2503136886966353,2.086534742579025
1.3496316175624992,0.2732746324559898,0.04674446757613693
1.1528309842479623,-1.1560034219539865,-1.1659455583755063
-0.1065002057099024,-1.3028581829015728,-1.9752209928969544
-1.2642873287600158,-0.7895359060698925,4.488694073214406
-1.2088637146625896,0.4069910248457487,1.8472218872958197
-0.10363000065586912,1.1578561858580667,2.970587670666319
1.1776712310813315,0.8870877986647518,-3.8505868981325606
1.3100148139148824,-0.7581604159074018,-0.8743669703923603
0.31950803149242113,-1.5032490086286714,-0.9229707742936255
-1.0596363717832875,-0.619169589514374,4.342404597877512
-1.4155042822368076,0.19983279178611535,2.6330003510393283
-0.5217263852902828,1.202556883036659,1.4133023724194949
0.9155809106109073,1.4886970884287098,-6.394598143040402
1.3661209191453711,-0.04804246747832308,1.9989414545709898
0.6008831745200924,-1.0137584164884033,4.8979328270217275
-0.7331490945241199,-1.0554557441238543,1.9883408456325273
-1.4360521667774875,0.17081859202758176,0.9523274052493205
-0.8632145541453862,0.9469426344769966,1.1104398193201548
0.5049408132895505,1.0935088323618183,-1.8294210147199097
1.3862956095005559,0.2927974584086179,-0.7359151151834781
0.9851626717838187,-1.083531087017911,1.3239133353348946
-0.3735522915811928,-1.4378571783084488,3.234459052551426
-1.3504409042985797,-0.5239488062029551,1.031906550790335
-1.1274965816298768,0.9527468692384544,1.517830495191858
0.1779778439613919,1.445808664004901,-1.8783384093080946
1.1753380168038396,1.123953025693264,3.534863086758955
1.2430140718613116,-0.787303435184078,-3.68306206837914
0.0983745394712572,-1.5012768164286996,-2.427075619381075
-1.130183260757264,-0.6253933670733147,3.0507576345176624
-1.266367388097857,0.9639860630329966,-1.8335266458236965
-0.3995040667708456,1.3907046309584625,6.03113061856592
1.0430771223269235,0.8819093991268434,-3.1335869610669924
1.3726844604371768,-0.22785770606793765,-0.5550442446628396
0.5585108208478822,-1.0434964347460378,-5.380041550926276
-0.8677670735839946,-1.1184672742852975,4.020382071211772
-1.3942369828812933,-0.20886890666507618,2.0345965288044288
-0.6745142534136446,1.7246423358315857,-0.7062064243957045
0.612174439848209,1.239533954271647,1.3448120815693188
1.3221181210315636,0.5337285732766484,0.18086809974256504
0.8700913069199487,-1.0449191299432148,-2.9126895325214006
-0.5617993770279427,-1.1730357546062,3.3650937168423405
-1.4434615913279185,-0.46787731670359545,3.0090880621868163
-1.008669119572876,0.9744835774422345,2.0163653617698007
0.26940340308487204,1.679337964269625,0.5627787113138172
1.3405750102844292,0.06592868914954808,-2.375188157254643
1.1630543732199456,-1.2366976648420636,-3.21399774486962
-0.05076718600719324,-1.6129549523292455,-3.384596332203141
-1.2649018288726785,-0.7462127691745157,1.8967938051520594
-1.198365849067514,0.6838492255659478,0.9654367028327617
-0.10212034389558297,1.1454859806946256,-0.4730251300953092
1.100078089212286,0.5756979249167504,1.6176467348686423
1.3032190172382065,-0.5013666414521645,-1.501024649858929
0.28678057174602667,-1.2970277141688549,-1.7739965099671784
-1.003480113774512,-1.4830908499636664,-0.6396700986883747
-1.3800989066243143,0.15599274735221602,2.2648769408444744
-0.46463374683128394,1.202161428138872,-1.1322004190407875
0.8073917325477563,0.9795278586524125,1.8578602880102324
1.3917367937936767,-0.3687668609588879,-0.45810019717283434
0.6213340179920095,-0.7250318745200401,-1.5056533541404409
-0.6625010182446912,-0.7168831022427469,-0.6362925713692913
-1.3412827664790974,0.19073422425816666,-2.2753183279903224
-0.8320333366390816,1.016566684140231,1.1874786096135992
0.5901765994296962,1.4547273762922897,-4.033700913688168
1.3405874100712398,0.7521966300685579,-0.040570523304612055
0.9410236981814523,-1.0519209799508655,2.654729027143443
-0.33824209269963484,-1.6110294681602122,0.37447307902267135
-1.3888844612968199,-0.3114280853643636,3.979718170444142
-1.0902903840559248,0.92374913135301,0.26683928510657096
0.22546246426965783,1.3626028609106238,-5.959217948293087
1.253093274842231,0.6031302768650049,-3.807856265523691
1.2471457540422373,-0.6008247348505869,-1.49027341592058
0.06349503770024438,-1.3348490474977863,-0.5585828617152899
-1.1636341717561423,-0.7440729860399053,0.5113094921715838
-1.2838095622947836,-0.0015697683424775732,-0.4861745845929355
-0.28067835963022747,1.431359562646245,4.703600796237713
1.0434982300354776,1.140820205905067,-3.1182644964360495
1.350690774660923,-0.4038123724008069,2.5975875899966088
0.4763032864545693,-1.8047566945336475,-0.20518646353256398
-0.8103003921541618,-0.4115911440756942,-0.6271242823480461
-1.3622735567724629,0.1218339699069082,0.8995733792622532
-0.6446084317783631,1.3646935140072174,2.359187975123067
0.7334939927681065,0.8975547152880653,-3.3506806270534044
1.4498295233542426,0.23598918659007428,-3.6796093757431545
0.7184580437628286,-1.3138081429895043,3.034367734567377
-0.5175836905876405,-1.0836112266553362,-4.143252266044565
-1.3846220694795945,-0.4379492793185835,3.0008109182420593
-1.014435540104229,1.0250797689688256,1.7325614983848052
0.32737899530532677,1.394955097682814,1.4418143314886334
1.325092642952896,0.8638793148796575,-1.9023048884547211
1.0207832862761654,-0.6058877141891639,5.253132774006779
-0.18462015725709086,-1.6948730958285987,4.7515573600807866
-1.1676504593640644,0.06543421940589877,-2.404094702676035
-1.2295380325159109,0.6299589221033641,4.0661839293682345
-0.04789089724516622,1.07364117131059,-0.3352487441796381
1.1886119336341996,0.762479656493068,-2.678089211782362
1.2858544338454696,-0.11936913387860737,-0.7538540947263367
0.26357312538139827,-1.5991983343355547,-1.694883813030451
-1.0870600927560665,-0.6886727278057053,6.334294121212168
-1.3688860096575597,0.008739901032629449,-1.002604845081045
-0.4038238022302044,1.7486088673351243,-0.7119576128713467
0.8691349376129099,1.0063260670905971,-1.6509645343990291
1.4533486837723297,-0.3773769329074339,-4.338018313940413
0.6051008659165024,-1.440988016537682,-0.03912008725959759
-0.7663395396980837,-1.3962901948299467,2.775067395591444
-1.3753170963564971,0.2069914514047766,1.0421633038010474
-0.8003264707887789,1.0956587783149674,-0.8423528696746174
0.5342153201716378,1.4490592180904283,1.5550355869096204
1.4169740350057685,0.37157186845105383,0.13464166070211697
0.9668431034561001,-0.6958224729140561,-2.7899402183625437
-0.35680807234025197,-2.0144816223718225,0.7473128913936289
-1.3270867441445242,-0.37935677927797506,-2.9313778226377094
-1.1183543144680925,1.0958614253163317,3.4350386318732244
0.14065406644855752,1.8733054991578817,0.9440947077449235
1.2264309340308555,0.6702398058760184,-1.2007386811327576
1.2020477691135136,-0.5210049393692295,1.9691107600975988
-0.0019980872951289586,-1.2737059891037266,4.952977891556116
-1.176598604710811,-0.7901544863230081,0.4641461991848178
-1.3004874727893916,0.45431643218701634,3.3024008633277426
-0.24193134390011195,1.5933114886489093,0.15933040891521033
1.0829686192622756,0.6858594048742889,-4.269487345228631
1.3264975156938457,-0.8577669516525144,0.9558040811469148
0.500356793592805,-1.2467559380668964,-3.2301365628374743
-0.9333493243079065,-0.6716983382720915,2.0021831590788186
-1.4032919625142148,0.009917240900980673,0.2857667109076481
-0.5818178845065904,1.5213070154966186,-2.151140812524568
0.7371642673120424,1.4790597370244352,1.4187792466318454
1.4205071960999456,0.2834610593093745,-2.396762896314303
0.8049229804238165,-1.1283045393568973,-2.0391180990979163
-0.6235829835958243,-1.1189973103607354,4.117990156439251
-1.3670372233225772,-0.021767480118062288,-1.3968483866671266
-0.9878006927018785,0.854253160114789,0.9676583540836392
0.346627121949636,1.9190926159172939,2.4572519705010007
1.307126941600638,-0.049882277562707245,-0.5506706181574125
1.0341471615702296,-0.7725953461452245,1.8129337469184326
-0.26268831403009324,-1.544203915690068,4.123540014992751
-1.2303655023747704,-0.39441679439011557,-3.943762098528719
-1.2042969145163405,1.0375023304456854,-0.4496111075092185
0.023411165342284372,0.9469790770951869,-2.2650525742592276
1.130056826017421,1.0990989366359494,-0.29728499994159996
1.2924727557882798,-0.4388410777183427,-3.5220654327455914
0.20294186345324977,-1.5975141606238192,0.3514752218832873
-1.1406242707064622,-0.8800716131377689,6.471044741303746
-1.3437921277363798,0.23899631166324098,1.5071193811521062
-0.5020206674215764,1.468889220193224,4.25322944528057
0.8915580748006874,1.0395226857195732,1.5954749542151918
1.406512554729065,0.5841972769789683,-3.218528073828231
0.7042837457548269,-1.6866986414559437,-5.029176336211116
-0.7337994203076094,-1.289539802131177,0.770601225499723
-1.3530106289092194,0.3681416378031688,-1.9829420087896283
-0.788070032840624,1.0603873022262267,3.000275140959095
0.5723876393315189,1.283225688568949,-1.5397335174242004
1.4367861854540458,0.4927347999211773,-4.722117357845508
0.9185558642423667,-0.5099401121757363,1.1339173983559319
-0.36744060922781696,-2.099638420141936,0.43010413488297927
-1.3131919568230905,-0.35192779462949964,-1.9529656865082567
-1.0585501299454338,0.9870036487062606,0.7584430985852453
0.18953573704605495,1.234063990697772,-1.6619509223491002
1.2723448624789169,0.7930598561398838,-2.7158056065101475
1.1682941558505215,-0.5479007697168969,-0.22322560103413935
0.028272659341002863,-1.6271051503014688,-0.3067929537802738
-1.2421392654552814,-0.750670827744967,3.7409535031745498
-1.2315959541424064,0.23852035144139805,-0.7217096917282062
-0.23086164898291664,1.6177887802545934,2.8483412997901403
1.0460880482809882,1.1123555977942183,1.3382787989982492
1.3681890704942223,0.04637187468199744,-3.5789989849443327
0.4105283647803472,-1.1768893373337557,1.3749232210253148
-0.9019994287124719,-1.1252225553208017,1.6160032344606157
-1.4121286156185326,-0.07991928552376182,1.971733610372917
-0.5397350008670395,0.6221799034861297,-3.334582404641238
0.7292853729889941,1.0397873057170892,-0.49752144871974213
1.373711909649362,-0.26484307094732373,2.7121185958282226
0.6831683771848772,-1.290517540637205,4.779406479830832
-0.5747048832078943,-0.9518965682851777,1.3895538524099538
-1.3056778939733,0.2712693219008655,-5.552323843810442
-0.9273762107314739,0.3578506205861537,2.7697174198410703
0.442276935044267,1.182822870076355,-3.8476884728706238
1.3381753765476454,-0.08635241340251065,-0.9771097930942948
1.10988274318473,-0.5763426918828429,-2.0960024587231287
-0.22231069479546592,-1.8679033951591066,0.6114192814195996
-1.3095682854151423,-1.0282765466760613,5.393366644228604
-1.2225220467448503,1.6685299608662363,4.284041202837758
0.00713122542102686,1.279919246778124,0.8202991602287413
1.1885708480020334,0.8785114515447134,-0.288475135907052
1.2832346674111326,-0.743170998675653,2.3628654286292847
0.16605426025794356,-1.3715043009907961,3.784922000014197
-1.0720285516962311,-1.249436535235187,1.6965508182697264
-1.3199579472228802,-0.3457052871569599,0.1315203843673013
-0.2997666725545572,1.2017551235854702,-4.439785707574454
0.9708237259890398,1.0066587300767686,-4.7009291827306265
1.395737548241911,0.7182316180959969,-2.497191826285406
0.6015070476980298,-1.5354346773925003,-1.366167499703827
-0.7038531965539948,-1.1198030347854286,-1.5115751417038603
-1.381852045617304,-0.09834144011543478,0.01652342575070867
-0.7876240777206361,1.2890896980829474,3.1744287829512463
0.6136206378223785,0.6092973413658431,-2.66248079669384
1.4297297893172956,0.36717536871287093,-2.0510184272098777
0.9737761417505816,-0.6254224043786627,-6.012743522690005
-0.41370365557060024,-0.5441907875780296,0.7365369040598368
-1.33818773534969,-0.5717309937933401,0.6938489720206449
-1.0429784322946665,1.0351144196619437,0.4824890686862149
0.26160936775004406,1.8395666355559626,-3.2473371357357306
1.3369661441767282,0.5025719354316416,-3.0962175334252167
1.1757771188924875,-1.086757301039829,-1.3653612557263255
0.006636029964255276,-1.3383913657119468,1.0044688771560373
-1.1744427760186313,-0.7384439414370014,0.7581242479424655
-1.2501864265886737,0.7361422679940199,0.6047507185296505
-0.20603221578145034,1.7391265996870546,-0.6188119116561919
1.1132533902206967,0.6782837730070385,-0.9324064997570075
1.3111710634955749,-0.06733367753349317,-0.5167902055086776
0.4206016487083154,-1.3306657324089866,-4.417151513667364
-0.9500712010405629,-1.3445599109318622,-0.5599208204361883
-1.4070796392081555,0.539822069027357,0.5860871507055554
-0.6143791794116831,1.2814317782299882,2.7895264883995616
0.8139677270706092,1.1994727285963818,0.4536589881120434
1.4512175773506786,-0.253356648736921,-3.697872315952917
0.7926082759067664,-0.901531842017369,-3.0832336894447123
-0.6672591198268076,-1.1506257384520604,3.7390131477765887
-1.3515042395772614,-0.34389820728118914,0.7119708242167402
-0.8701817138386976,0.8645389308067808,0.2944380531017088
0.4072122096413159,1.0344066783399193,-0.011047854395662693
1.3183030016476287,0.7918153191132615,-0.7937785462396543
1.0438501454131932,-0.537955231725562,-0.9039675983543966
-0.17307516269588163,-1.7949077818182002,-1.4540821600746534
-1.2400310048355296,-0.8831739801622285,-1.137482959870562
-1.1125898270849381,0.3064961803528188,-3.62459310920612
-0.022160045649377635,0.523257379300201,1.7824859599053433
1.2287591137657552,0.41624054150935397,-1.4718337505309547
1.2439906298303298,-0.6753014078961372,1.0400059225625868
0.21142202444075545,-1.2960919517928287,-1.7233022031295098
-1.0935003063521986,-1.0052553171301148,0.4430923080650323
-1.3715734583117778,0.12000442812497569,2.4774123421219607
-0.3616495317648999,0.8830474916434872,-1.4753905569197578
0.9385967069341594,0.8852050744835455,-0.03853976848276153
1.4453325418895508,0.04885046401479354,-2.7259058014505464
0.5701646309141779,-0.7423173985121867,-2.0091766272638725
-0.752009780934889,-0.893331781780371,-1.8391997249221825
-1.443572786855557,0.11477602431763989,2.249451628120809
-0.7176459002956449,1.8270033267303092,-0.5096089275321258
0.6151849850865067,1.1359238432547152,0.6983238819843318
1.4733520708366243,0.7706878916430748,-4.64772149935645
0.8678939676076738,-0.8196720655797357,-1.6873975685840896
-0.4123974532852422,-1.4528024428654258,1.7593354276174689
-1.3424762698053139,0.03914817294076056,-1.2216682758771409
-0.9857472513612865,0.5796848240180319,-4.128263454112164
0.2460064996085493,1.5742648748481947,-0.8184209091421291
1.3360606530427195,0.35396120127523356,-4.353371714615369
1.1299465369226396,-0.82236271931306,1.1014616251520282
-0.011128495000675094,-0.7408342026058068,-0.5682394245882372
-1.2294138486664403,-0.9284579403137683,-0.3456541553583825
-1.2378710591524036,0.8938872943572529,1.031267249784074
-0.11333261112139367,1.477910477276525,-1.986332856545301
1.062639912917829,0.5644067955014598,1.0841555515709727
1.2926296431283135,-0.5539180315757586,0.9258210861532835
0.33019146374888064,-1.7874407907039003,2.716513956583464
-0.9267271356253522,-0.914799969844487,-1.6174874694709018
-1.438198179026951,-0.11923996256804403,2.508201855138288
-0.5380647020318553,1.462382983847486,-1.4984032623074584
0.8439182853378123,1.1058788492782994,-2.8944944068632483
1.4449694369707433,0.06895888092580682,-3.154441419093407
0.7313865179270564,-1.261436429943107,-0.04135235339582377
-0.5258027607903697,-1.685835217709117,-6.397069483416636
-1.3937717085694676,0.08420063817848877,1.8122303599827754
-0.874033575011283,0.8207982627812704,0.9008016085939702
0.39061339625571784,1.5177038500633644,1.0402728644593755
1.3535890910921127,0.13945620600831377,-3.114247107814523
1.0095825144104007,-0.792027967889567,0.012636951551284747
-0.18775871684147535,-1.419372953408767,-6.13056664856053
-1.2549753992844295,-0.5439804401891313,-1.1634233245230554
-1.1434626204606142,0.6966096521879739,-0.2247991238016439
0.07510612400022777,0.8039123624347895,-1.467970375905726
1.3227724390112852,0.9731538889789937,-5.70624339475065
1.2235851432743914,-0.9086710091533401,-1.3483316783059263
0.15050976493364565,-1.6679379276257384,2.3905462826158272
-1.1035094322848285,-0.8014104502451502,-0.7496622467664243
-1.3974989877942543,0.5313456850066467,3.5201206421018214
-0.41824486886896517,1.3463366486639867,0.6234637921143882
0.9698348843070269,1.77851934004632,-1.4745701675271916
1.4007418619759293,0.362582697041558,-2.825476929056115
0.4883891205702702,-1.3933172280439001,0.8620091011563713
-0.8482080547625697,-1.1225101124493164,4.061652779216374
-1.4356413945488824,0.12633279742506276,4.625844591012707
-0.6989227145564504,1.0013258345381981,2.0688655915715874
0.6203311743339631,1.241827075388896,0.7646143141699269
1.4516173817011324,0.07199271450520683,-3.8366644745784275
0.4151935975920427,-0.5770116167965239,-6.102562962794844
-0.6822122788695355,-0.8422823209310754,0.31471431826846363
-1.1424437670559147,-0.09851246297224225,3.917683628607794
-0.5698625549924345,0.9345374039322896,0.7614529923487895
0.5678244449069971,1.0052415351249036,-2.4150492194448514
1.1305201321886522,-0.11654067847689076,0.3471929800018592
0.6767732060366541,-0.912887152993328,1.3804554512430733
-0.42709760266258756,-1.2591111195162399,2.9586376345516605
-1.144710013935204,-0.031890500965339186,1.1814824842343423
-0.8275609497756308,1.4381206382444989,-0.8917145084098582
0.20563063929690623,0.8796374862825164,2.576699184914726
1.1334151725408557,0.47976719200359397,-4.256035285046913
0.9353686540969072,-0.6704398779593279,-2.0392032491249497
-0.03333789540277329,-0.9375706589040785,-2.155665956669941
-1.0657333184334055,-0.4043145539835652,4.17745537888394
-0.9731830054554248,0.36375561642926046,-1.9285842780308016
-0.06310480911554511,1.4645024190826097,1.1492985876440232
0.9316269788211182,0.8731944529914737,-0.9902447385979457
1.0465140116334704,-0.46436746999470646,2.4835256872301756
0.20859189988090926,-1.6223894589568468,4.792249192009408
-0.8384439186162631,-0.8654741371207209,2.1945741528813523
-1.2096829935371194,0.12980302001570299,6.886039094636085
-0.3775085853633313,0.9492982500328284,-2.0322742983518363
0.6632480661686113,1.4802677073519193,0.666062021132594
1.1231027570929133,-0.49876592789260377,2.283417818884043
0.5331288148100672,-1.263072229428041,-1.168350868044844
-0.5595749027071368,-0.8367840544736601,0.909874031048189
-1.1158770710417683,0.25847745527094346,-3.5793913982001104
-0.7419639795432544,0.7958953448521855,5.8492852960897945
0.43127053526834636,1.06848826009676,-1.0019407089090542
1.1381778838440224,0.17600433480802424,-0.6212514290111667
0.8082219780203939,-0.8905277717030041,0.2800366082115252
-0.2889813914505516,-0.9122365147315742,1.6512793928033358
-1.1335512851076497,-0.5074507866769229,2.279305275120864
-0.9135714722708386,0.7945919523352335,-0.6989028087377336
0.14649255956898952,1.3441764219635794,-3.7939933328493005
1.0326692723266953,0.9443174036050583,-2.6495158509475294
0.9873053685965106,-0.9948365056574132,1.8309658184548576
0.015747738517117416,-0.9114326961436767,4.126569912855364
-0.9351443461997697,-0.8934714927251891,0.8305097747991463
-1.0399018509492026,0.5181716109982015,-1.0799590914294253
-0.23034427694689433,1.1235541703802443,1.0649616022802382
0.7885168249069789,0.8925793338946025,3.12527377277329
1.1670850004444613,-0.7305488736176913,-3.9551723928062064
0.40420376092684324,-0.9253105167818123,-0.2780941914178692
-0.680416237158143,-1.0667208233428416,-0.5911032025732471
-1.2479299944403432,0.1275144884536783,7.057472947332168
-0.4727891468260701,0.3992261118607554,-4.703204787710586
0.49069433064770906,0.6714201490251048,3.893357302834816
1.137095885077045,0.8460880686214889,0.5257082582975131
0.6648204591051428,-0.9511045235230742,2.1416325711188344
-0.4577072805712028,-1.2564684296466562,1.0814493630678457
-1.122906125459108,-0.13244925301326815,1.4951768317429674
-0.8685154579085064,0.26223401951896985,5.149093771509464
0.2559479172290221,0.9351747697940873,2.511257718243805
1.111381959108559,0.19971330489710337,-1.550674012321646
0.9076691126562227,-0.9649719168178772,1.8339670197368152
-0.08651909460146731,-0.7734842178511788,1.041539130057203
-1.021261076248546,-0.5635940800987965,0.9045639201319289
-0.996856036023022,0.901293736525503,2.1214786151934066
-0.043985309812708956,1.541927777437082,0.22028769787709845
0.8922367979141197,0.8118458212027208,1.0520813487826712
1.0678714025710287,-0.11121172842979199,-2.525875316603322
0.25548418128190487,-1.1426705642591852,-2.52751445566422
-0.8294845863963346,-0.8318776713211806,-0.32599785558647454
-1.0952548022395578,0.34674992017713624,-0.9105174848232863
-0.39518155472849015,1.2321416575826463,-0.3499716605577663
0.7107636864466766,0.7008364526934785,0.10258237520953672
1.1405123357816171,-0.3175118887564665,-1.3721938675205163
0.5304084905612975,-1.0825493193865443,-1.235751156351607
-0.533203646252894,-1.063126075385696,-2.100555315074828
-1.1767675680014604,-0.307306270954687,2.7328559734165263
-0.6690240191045502,0.680445013984054,0.7616832919465943
0.5015798450094683,1.4348247376249081,-3.853361459998775
1.1789985367757143,0.08970054961589091,-1.9430058215350772
0.8113266502822526,-0.7852128028220967,-3.1222024906852863
-0.36064462793418,-1.2647004957282304,2.7913377374953017
-1.086002895107151,-0.27715303321771856,0.8330194457516734
-0.8655402948411269,0.34644351826590924,-0.2293582209776407
0.0627893060952188,1.9031212363023042,3.816980392123296
1.030503341915447,0.6603599260639531,-2.5090552288662282
1.0196329167441314,-1.029859054658011,-2.4094505031323665
0.026337026091481277,-0.8483495052932936,0.7188721814425353
-1.0264475040494268,-0.30510014773690086,7.7699260669142385
-1.0222624365281816,0.579842276534695,-1.7495629313610208
-0.20276973388356825,1.3769657938852755,2.547972533887839
0.859894382603685,0.9340887249310253,-3.390281613861127
1.1520027696367916,-0.6438548147258427,0.08997750925505144
0.31453757710673447,-0.8725799126179197,3.4251727921770545
-0.7213488356523893,-0.9657226890598447,0.10995574622851556
-1.1999651749223215,0.16479013728397995,4.008132269013621
-0.5106633839739774,0.48426650217330336,-1.8883088005607584
0.6118450110533256,0.9854493845179265,-1.2310100568625282
1.1942719403971205,0.017768095231359693,-3.099921740603402
0.6561780592096063,-1.307424114187899,-1.3805411998533956
-0.4864877154197135,-1.144543345220095,5.096245497278751
-1.2028562675258152,-0.8087219059266193,4.126860587872933
-0.7779146169858693,1.065343253596439,-0.23073998393577655
0.3122460538958437,1.7754459955315018,-0.2426939716354093
1.1191058009030486,0.14912352703920218,-0.10803716666099028
0.8692111037142116,-0.7438574612567678,1.7353907324286126
-0.15998514960275592,-0.6621601286894203,3.201471471995157
-1.0323933769293527,-0.707359307948634,2.3369172275134167
-1.0263436732173927,0.09602717090396007,1.7611305220582552
0.0025568123968181047,1.5186970900701262,-4.809334873378738
0.971004830959798,0.5167731019961846,-1.7692889894286612
1.1245859275145913,0.0350716903152859,-4.5388569132206715
0.203315502017828,-1.1916625492219148,0.4142688715767001
-0.8483058919046492,-1.1975815627384445,3.8788886811764205
-1.0811706477272678,0.512481058426757,-3.1375445051010424
-0.31465257913455247,0.7863432732632744,-0.3598296125324246
0.8069888995558927,0.7554421342019457,-5.412986861383038
1.0971620930953296,-0.17857831905511046,0.4488311963884605
0.4505606389931299,-1.0381411357343224,1.6695433061915426
-0.5545860887477365,-0.8967647509251803,-2.248357447605466
-1.135428350961755,0.01775057693273241,-1.8058076327067853
-0.6784999372086552,1.3463935561202633,1.0419532377671408
0.4534973970201125,1.5394177422271822,-1.74363592612511
1.0867274604961241,-0.08101962482644498,2.987447830783286
0.7012079007216002,-1.1105343948698614,5.010814864091931
-0.2586077014677224,-0.9109705934349812,-1.8294745237415622
-1.1585938667538507,-0.5800635133893806,3.977213799654234
-0.8637646918852817,0.405849567997823,-1.6225719780838115
0.10439189643667271,0.7309976121941064,3.253408753883325
1.0320371693947374,0.2075632302992636,1.2547221361391274
0.9561358269074386,-0.9084517763528405,-0.07395308486104743
-0.02786550095218094,-0.8211937947245973,1.8650862525491274
-1.0245370775102125,-0.8118974563922476,5.157134933038113
-1.0289366486675857,0.32402833672364517,0.4816078921192571
-0.2260148892690916,1.7679408506553262,0.02773228958796392
0.898447747045724,1.0410544316146146,-2.8063540727861302
1.1345945511546913,-0.04172996919802108,-0.4069887427529788
0.3314456068105905,-0.9801958269101205,2.0007212098548943
-0.7812204598512656,-0.946614798274607,2.6543937958254524
-1.095785452589844,0.25008377767406165,-1.9110248321343504
-0.5420290385432015,0.6356037461152991,2.7821323721090696
0.5241209265725981,1.4505104066010728,1.3193693112870686
1.1359275513460365,0.5770828492400681,-1.903015244676554
0.6792707770292546,-0.8994971559049297,-1.889090099210886
-0.44672819050807444,-1.1840177463044654,3.1087897533112585
-1.1236236911276138,-0.0017773955161082267,0.8858200659591531
-0.7475077484203352,0.8146132673818518,-0.72556294256026
0.27652584300181776,1.021883310238199,-0.39099748013296853
1.1088743028870616,0.5992335276902505,-3.6589020763183555
1.0163441624981624,-0.5403313101022539,-8.010428812861633
-0.13169924767269833,-0.831082807571494,1.9377693513193472
-1.044550107500701,-0.34432847772717046,-0.8176241080201818
-1.038939935549806,0.6165145517022802,3.8716024180506357
0.05480110366656464,0.9196469142079108,-5.161336932524138
0.9709041697213254,0.13851758259042668,-1.4134599078664773
1.089220362144777,-0.2919873061783218,-4.21562542091511
0.20298551691322558,-1.2421571428094664,0.11047761016790447
-0.8258155942348643,-0.4630800460990031,-1.045679185643117
-1.0442278139503989,-0.687292000434242,-4.18311294435439
-0.29454587547990985,1.387450601386029,-1.9905456146404192
0.7906944132452237,1.1524462820474712,-3.1463772344236096
1.120622157220688,-0.24126099981700788,-0.028971405158235222
0.49901645554878465,-1.225641702976853,-1.265095682574986
-0.6011296795436806,-0.9372907552681375,0.4101518599634757
-1.1797686498040465,0.028215923595577008,2.1783277956570704
-0.595896523264933,1.049602624409085,2.075443914326458
0.4494697363518243,1.3297315659948117,-2.5064483162869893
1.0940491845164895,-0.1919576245360588,-2.6682307275277215
0.8440651480688535,-0.9822497282462234,-3.822648076287599
-0.30729316813448454,-1.0371377141396598,0.33378569213450504
-1.037958469767378,-0.587351759424779,-2.3150771696249524
-0.9094582571519242,0.97446959143625,3.2990447749453433
0.05976978919804726,0.9457183310870467,1.942377706532804
1.0454685012662392,1.083255129212754,0.4185794475890481
1.0155992273034156,-0.5025475106877209,-1.3180921751568901
0.008359531415265044,-1.20985121924778,-0.4670387783784091
-0.9213818883287375,-1.070343918681758,-1.5552560295263385
-1.0472489547189323,0.5100115348591827,0.8507762267280008
-0.1336533880810904,1.06423370537733,-4.195189796875602
0.8749475797955151,1.2596167672918979,-0.9624982695919998
1.0558515219528768,-0.8339028394435355,0.556868510960978
0.29774570152004537,-0.6976579323155563,2.192785818438463
-0.7401675558161975,-0.6128686562530489,0.05346067966216783
-1.143645750096689,0.13933804719947873,1.9579514476656794
-0.45170487704969264,1.348227462192877,-1.2535924448720637
0.5801629801957686,1.0201493872368173,-0.04183828265200196
1.1336551788122273,0.17577606999994333,0.3974075145182665
0.6182722440734484,-0.9881327541876778,0.9952214379765822
-0.4495609129015684,-1.3870271848934748,-3.865306288995688
-1.1040446765189131,-0.2960842338135494,-2.831430565731752
-0.7651966314412842,1.0194999085964096,0.7526938645891601
0.24370007747193234,1.8078046628234656,3.9028760474933244
1.134046625137873,0.5797763696562352,-2.666380113398709
0.8841011830370717,-0.8204097999800819,2.239414190606589
-0.16843546490398573,-0.999466768281313,0.6478441457275852
-1.008563591268306,-0.37194227532577284,-0.9995624184252733
-0.9494570266315914,0.5979839243207302,0.0511295415649371
-0.02828575695985207,1.034352212429113,0.9285686644214997
0.9751173510769303,0.5077552260837598,1.7574776224320328
1.0919299150898496,-0.41716974565795706,-3.018489252505419
0.1687991253115108,-1.1924211166242988,-0.09527526400065656
-0.8993111501335378,-1.3107405193026445,0.48167596833509657
-1.0888086141110673,0.37427597269221513,0.05391989925101509
-0.38817682474873205,1.0349674908640627,1.9451887363075915
0.7592537059826172,1.070281240733984,-1.4439111183832098
1.2443702177657854,0.21433249708261104,-7.129902546522522
0.4716662109256533,-0.9586348011018089,-1.31627302154674
-0.5857177244423746,-0.8137354856124429,-1.6453705624866632
-1.1487645888244677,0.10123912075692298,1.638806071026833
-0.6611612433802718,0.46114625857023417,1.4369427587958554
0.46234112099286895,1.0449850710681825,3.0739591356902056
1.1378333074134026,-0.3441206570461053,-1.8358870315421445
0.77874000684781,-0.5641604156226432,-1.8958326502188156
-0.31595891703438045,-0.7784921275554649,0.899556645658337
-1.1140019658298423,-0.29227506050838015,4.04962513362662
-0.8629999312769355,0.5810765729267942,-0.15390273503034235
0.209225692778993,0.5646501327567658,-1.9844727292217506
1.0275444915720506,0.38838164509856,-1.051131454880364
0.9037222756992378,-0.3886446137027949,1.3432462807079526
-0.07950174681263729,-0.921086435515166,2.7262807628094925
-0.9219554091087815,-0.2531092502632992,-1.8247370195854125
-1.0626592202481298,0.5835612114806371,2.1373298411196817
-0.10478030643692685,1.5086870773918,-4.363861801739533
0.7973062538353648,1.1588646826861342,3.0565282595631382
1.102788998452458,-0.01606977962988476,-1.0915301346702384
0.31651386080481486,-0.9848084744491864,-1.4069153205678457
-0.8037811007090387,-0.9419920170938084,1.3474496747981068
-1.1278579340255097,-0.09993595490421225,0.48153242601083945
-0.4985800019987879,1.280276838745249,2.429206463478489
0.6916575893061743,0.8145975457917443,-3.1850733127239086
1.1222444247981995,-0.08419864780273456,-1.5618980596279701
0.661599635304708,-1.3091200439061264,-4.7342756037208265
-0.4864827619117186,-1.0859151262685813,1.125650785590424
-1.1019118050547247,-0.3886643956903779,-1.334964590959619
-0.7763307936876189,0.5535728864999617,0.8880641212608537
0.3657082856555989,1.8520286199513174,-2.08682121022421
1.1404438927140832,0.286113254719923,-2.571373248760423
0.8240730620049821,-1.3764700886105068,2.513317584166761
-0.21549649969914952,-0.6575264368974634,0.3162612120108377
-1.0574937794710213,-0.46371391903621606,1.8841829017881289
-0.8902971725537729,0.9235753411981373,-1.661709850261556
0.05731573572522769,1.24715832546165,-2.0402142452575336
0.925750040858947,0.3985040719618588,2.5713149458130027
1.077409304027506,-0.7301674484873971,-3.5527419964127707
0.141904212428732,-1.2593787232181293,-1.2497441474941262
-0.8994496226297561,-0.9713231404402928,2.8256238661962385
-1.0500499599145052,0.10566408074511258,-1.539349426265563
-0.453570077468683,0.7337115180394027,8.463289683844254
0.7587688789218139,1.255064640113423,-2.1579052312996425
1.1482182910194219,-0.38638904061196855,-0.18259471896537913
0.4568766714995875,-1.1730936599367785,-1.1268925917379369
-0.611041145045409,-0.7264814257987928,-3.154910339971109
-1.1798245353566166,0.228321581342108,3.4332421531270985
-0.6663107603869144,1.665358426248903,2.0865573644585056
0.4761385820150477,0.5179990141899667,1.1258446963373363
1.161665271165936,-0.17250463414653083,-2.1887049494085713
0.773385434156945,-0.6547066965931991,0.053491134011132146
-0.3339116142673453,-1.5709162998557502,-0.4348028246636604
-1.1116344785032717,-0.5760408139776263,0.41451624149236366
-0.7780643712273079,1.0960255135991603,-2.01380791840747
0.18247641877203125,1.1067614682736013,-0.71560841243761
1.0081529482351093,0.18431138112493306,0.6785374079917023
0.9197452379644511,-0.4727846742942715,1.055517582466417
0.030407702949250204,-1.5478981786837136,-3.185955627290789
-1.0376619743804398,-0.8460542586652292,3.0256567137116117
-1.0323833294277065,0.5581909691716069,-0.6862548892700021
-0.11629858805911306,1.606679002427194,-0.06175197032464497
0.899836640345428,0.6846783921487359,-4.210414012732811
1.0992261404546828,0.2690947602561711,0.47347732386681085
0.3483329692606984,-1.3147885000886508,-2.4780005330652735
-0.7410180261235643,-1.3292045111802313,-1.1519694552143804
-1.1002753916603927,0.1684348338515107,-0.936832855657227
-0.4513709480552971,1.4011285689817539,0.4341648113098784
0.6087257433453126,1.160969798427654,2.1378594530664197
1.1505959307736855,0.12896157359064353,1.03229300736144
0.6189482700062943,-1.196637635459975,-2.004873708063586
-0.5795457333839394,-1.2790107229610141,4.178216257029882
-1.1174805057600716,-0.004969035656098297,-1.5530209045033383
-0.7242400987882963,1.1316812603506399,-2.5694551761557074
0.37449781979679087,0.7807816958556485,0.7701795390431032
1.1821986894897787,0.2100217691269901,-4.3276270175668605
0.897207388854415,-1.1044328922941382,-4.201233818481571
-0.2522993962159646,-1.3008522258068915,2.3636357375749104
-1.0668373365413286,-0.2754744648590923,2.149244164901998
-0.8775748553547191,0.6606516888254782,-2.0322427795881093
0.027453794860258944,0.9139577528855101,0.49981038779637554
0.9885559825353037,0.4307883101261045,-1.8466677040285022
0.9608972510133109,-0.1776740721557557,3.5838846808093137
0.17820256322339936,-1.148063575186851,-3.5819845029641755
-0.8847203474201298,-0.7446640246057668,0.5282231014166391
-1.1085695802667255,0.20637721896649586,1.32899360736703
-0.30341525961935456,1.2495603743702148,0.5891228610489108
0.7933019627674686,0.6894808429720439,-2.749847516568308
1.1672182008560843,-0.001003564413413205,-2.8207005118416566
0.4146406521698945,-0.9610899231869879,3.5739119975657934
-0.6623839964297188,-0.7447041901476686,0.555203062886318
-1.1863360227366604,-0.14746051204089006,2.1917964416265483
-0.5879320051619578,1.2857857856498738,2.885570999369742
0.5044325320292942,1.6161346479919296,-0.7865938945143475
1.0977879312226195,0.45422642099056,2.2570885324476873
0.7204593587744661,-1.0127693229245471,-1.3867587913545099
-0.3598927941003194,-1.1427882756800378,-0.7882602292012741
-1.1520018393560585,-0.08351652512479046,2.4711508151900388
-0.8409649628884738,0.5423664043891885,1.7878337464192684
0.20543841636868151,0.27103935175356847,-1.491762049912572
1.083292190606557,0.49551487751779977,-3.1075946401393275
0.9076673776508507,-0.08971352689260637,-0.5215575444271259
-0.1363581643827801,-1.3496720374592766,4.03539850024541
-0.932836310257039,-0.9766990182240798,-3.8603170847296653
-0.9903089840961005,1.01308290927877,-1.9605677713468133
-0.15780755351633355,1.1073080691150132,2.9966497761837094
0.8829229825031399,1.1467708124989073,-1.1950866447312147
1.113391948778024,-0.2549628874007581,-0.46720920301796004
0.30002157779170785,-1.0659735666686265,-1.7839829917397243
-0.7910728854836329,-1.2233242759576262,0.7704504703652448
-1.1364683900356327,0.33385288782689315,2.785539413336081
-0.4642143595142861,1.239319232370983,1.7454909689343223
0.6956722110932986,0.596650596974504,-2.0965363855983115
1.1290282718472429,-0.0024273362588156377,-2.895163904186755
-0.7423712592184467,-0.3322726202814197,10.030560043041913
0.3261142854330362,1.2959350014767013,-3.174128805593313
1.1284159972779846,0.7569848391471762,-4.673801810810963
0.8706175612213001,-0.5556600777495635,0.626732742998331
-0.12178304402494114,-1.2123060544221165,1.4539656893573054
-1.0641340328482982,-1.081569456597029,2.8082465785204196
-0.9663779425542893,0.6215716704983887,-1.2227327604694245
-0.0580386854908538,1.8342120179510373,-2.027834589258765
0.9577385225884637,0.8947863553877461,0.2980120262570751
1.022473178056131,-0.20320717306273717,0.23217638387501002
0.2094922731101981,-1.0612819594227996,-0.33314375901175697
-0.8279339978027436,-0.8190457178136712,0.7359430008591639
-1.119616999683426,0.30093996957433533,1.6494622352939032
-0.4565515340444902,0.6914214961928616,5.7531439840589575
0.6658072809265876,0.723234705810582,3.7525631870877465
1.19837151002604,-0.2743328835003056,-4.221443449515461
0.5525081055189162,-1.5951839064795064,-2.0794249358081207
-0.5578483818042654,-0.6700734755723192,-1.3043162870604907
-1.1723964366785717,-0.18858977740351945,2.5906509459033567
-0.6563968701142945,1.2452628858439856,1.282722270065202
0.43021279775248783,0.7336429847234462,2.0084026197775686
1.1478415516418923,0.27696482459292127,-2.525065967896901
0.7967752106231226,-0.5377312961939829,0.1440999868980325
-0.29763911981113067,-0.6338042219619169,2.1598593026698047
-1.0753824312812423,-0.003445757456255194,-1.0243982781117267
-0.7866379673131425,0.992143499834407,-6.763911520052175
0.13582867366752308,1.5182561602437634,-0.39285628333640243
0.9782699763724998,0.420006531958812,3.6452092741736553
0.9936894289530264,-0.6348590193771508,0.06293506657034376
-0.02337164025981131,-1.5279669870756207,0.2284671915683023
-0.9705261081851573,-0.8731161791654762,1.4108980557096809
-1.1008466536215187,0.1780891109931415,2.788253590057275
-0.14324891488373187,1.102754139801716,-2.546868977066603
0.8476578420321125,0.7337276046615226,2.0553444851642957
1.0950777825886544,-0.05393747127971915,-0.7564447736074842
0.31844117447769965,-0.8153891770087177,0.6029576140004467
-0.7376229036267477,-1.090575245447271,0.8101690981601517
-1.155887830229886,0.05968329625595015,1.969793091063139
-0.44842993026766176,0.8202444019402929,-1.583393273091459
0.5540301856417185,0.8624322357956776,-0.23147260529001956
1.1919034686476728,0.004133303361071317,0.34971192215261243
0.6111906799689916,-0.657116803544277,0.6352373739239286
-0.3920615683489067,-0.8611694103849582,-1.1041214082605133
-1.1751242185730753,-0.21676950264976957,4.274927717055742
-0.6827260359861483,0.9200089599224737,-4.815631492157579
0.2859275401327811,0.8799394235442971,-0.28256560898407224
1.1340876581861186,0.47308778189022793,-6.9065088150182685
0.9096992592247002,-0.37890870030400703,-0.48547338280760244
-0.15251912228003314,-1.035763452285628,1.7619388089969679
-1.0692284532168268,-0.9456492110205833,0.3955305217427932
-1.083420862040912,0.25046959950414005,6.048160245181036
-0.05204975980951949,1.1821820897098945,1.4150489183684334
0.95265709635639,0.41189074159313777,-4.5832553014405075
1.0630685545931349,-0.6454254090626199,0.1208514631086341
0.20915609405426733,-1.0172737858319982,0.685616630277206
-0.81746439925001,-0.7400369729961598,-1.6875113616163144
-1.0992997431236495,0.34234291305943354,1.412843384933255
-0.2829806580433396,1.1073901507577117,-3.506757338083366
0.7396837753381614,0.8836262323196892,0.25474083602904873
1.2085023395939936,-0.5121917911763629,-5.982955822026095
0.49918950563376624,-0.9142249181635287,-0.6769319509188038
-0.5547046029362599,-1.1250081008550983,-1.274084123939328
-1.1430820819440366,-0.013930602198888309,-0.8736315353789098
-0.6648185443069807,1.2041123382423196,2.9737641021487624
0.49254597742211115,0.9592919020813869,0.3261166915090674
1.1383880178638586,0.0692828326237771,-0.7743010439771055
0.7360699260765902,-1.3248684165207048,0.0434732538050292
-0.26332267339382004,-0.7855371125379746,-2.5842660218597717
-1.078255349977845,-0.18012443396310363,-0.7301722735040423
-0.8643142944691166,1.1342277062629218,-0.3827035215951019
0.11578976257067461,1.2839233880868919,0.6226452605445865
1.0994455542949835,-0.2772214796248562,-3.4268410565479077
0.937599882257621,0.10840851874413027,3.2224480909009143
0.08707243006650658,-1.5665792155261298,-1.7252140602821624
-0.9563080801335536,-0.7760038593640223,1.0833102116397997
-1.0268194823161738,0.735038789739958,-0.5423668587580418
-0.23357150733157264,1.2933022334940047,2.8530852817181667
0.8697964267952641,0.9775733382579727,-4.8437881959618
1.1276136870009994,-0.39147995003748215,-3.724018739004707
0.3794210939321939,-1.483830318846348,-1.6713917601817996
-0.7453634965744435,-1.0113564222227134,1.200543096209038
-1.1658492251684465,0.11667772801662091,2.704392580699062
-0.49412136902924614,0.8277128683554019,-0.04303559315959715
0.6092956824137763,0.9819139582783948,-0.5225850981469837
1.1173356321235834,-0.18848243389436692,0.3091661048950095
0.5861196432235283,-0.5053956357769657,2.50515448896362
-0.3740199005369017,-1.0582481878475818,-3.951783377071253
-1.1473846995223722,-0.9590254507584417,1.4068313766393228
-0.8140880695186343,0.8926168326685691,4.8324343544629915
0.3106673535577832,0.5347329538554032,-2.3742502177572145
1.1175208757250763,0.6336141192002942,-2.981868109114736
0.8473750546833371,-0.590762049613266,0.8757700327941015
-0.193499243101093,-1.0862227270644302,1.4134981939194757
-1.0889711154592987,-0.4757374981771634,1.2935517672598014
-0.9803832355092248,0.9938784439500098,0.5505302028376596
0.014215547178089556,1.3757358653380536,-2.731824776279173
0.9754872391951006,0.5532185107671966,-1.38668290890055
1.0604342201654888,-0.9102777839059323,-3.441604308169864
0.1615823218308427,-0.7969975676325544,-2.0906242564614446
-0.8317155298815122,-0.3226097579706316,-2.1365324206002154
-1.1242699325114673,0.40978751118958767,-0.3321092586888891
-0.2639925293952977,0.7742266564151332,-4.55233923812259
0.7134835538630591,0.2760704521863877,2.3393798144419917
1.1133097008763935,-0.07065167767973723,1.614009269041916
0.469320046295802,-0.47527473629411704,-1.1766799264722243
-0.6991249137200277,-1.0638326625504002,4.838226081980051
-1.1136121006385007,0.20624264529798042,-0.016736373051972758
-0.6510432941303151,1.1879078296574492,2.3623688588599934
0.3949964668690209,0.7690546749149141,3.47742110485805
1.1797991464429258,0.44754846373150636,-0.9092277469219315
0.7260195443832558,-0.8448897855975379,0.9685342250875639
-0.30635009752835207,-1.2465049558442443,0.7212359135017699
-1.127244152538257,-0.5167598412536645,4.402590539601232
-0.8530728331660534,0.6140858382861353,-0.659363680917765
0.1230611151269156,1.3884259255283087,2.1389281775036175
1.0513046189358441,0.1812219819101979,-2.5930924216218654
0.9872004080055192,-0.8441915373014014,0.632053177599074
-0.009271228249745052,-1.1253108780261853,0.1299995262552922
-1.0162296079256923,-0.49122851775010745,1.7227873285632826
-1.0664545684859112,0.4159294885200904,2.724663359037661
-0.1420368980367884,0.8025380216585106,0.9960845969370391
0.9291931272080758,0.34897431892655983,-5.23022409341446
1.1046685363280209,0.02519133741157864,-0.2257505825790379
0.28069207545003805,-1.4568143478161983,2.939894765119556
-0.7778971866035509,-0.424138835332305,1.2934125048563516
-1.1498025609965108,-0.2785522173102084,2.7929005764326114
-0.48208624736709443,1.0831047317033295,-0.6424699918719723
0.5755291798995197,0.7129508734571488,-0.5969835858994132
1.1170788780994532,-0.3601583418257148,2.204047781075819
0.6112120804974527,-1.0350773092797716,-0.9863021191707316
-0.49145212099173285,-1.652482834413848,0.4175644814037677
-1.1499336043973987,-0.2605765082626932,0.5118238066231856
-0.7977613395585442,0.9397980138062462,1.8312362636997763
0.29286213696647817,1.391778712405192,3.8712788326018193
1.1034001973576415,0.5034417770075261,-1.5618334684318285
0.8481644387913463,-0.8071736756141107,0.7028337639902882
-0.18261370828119033,-1.1056903921723198,0.4212912739764929
-1.0995227546522084,-0.2004005083467597,0.557106847904368
-0.9551845835576269,0.6127736708178694,3.728358724395734
-0.05427916311282707,1.4405255509315256,2.027032204375463
0.9938740419274459,0.1922595696743168,-0.45204837414821564
1.1062096986729941,-0.48636910654043963,-3.663593277388791
0.1838195121395149,-1.003718571579008,-2.4023914195320106
-0.9158568181848915,-0.42279181313473024,5.01937822641371
-1.0416530712319092,0.47891298071017996,-1.4663123332508579
-0.348935816494312,1.4720721799675922,3.435478892330182
0.7844419835499885,0.4974198496625065,-3.2457522088013757
1.1808649636505653,-0.27580458706971567,-1.3497948721966142
0.49462146764279014,-1.0192325512328282,-1.9534684139270369
-0.6066875634728114,-1.0087089364537354,-0.27557153345754815
-1.0857940515360904,-0.08091237474867508,-1.33034814562642
-0.610243166638454,1.2745888521620474,0.9137454420164126
0.48309792691837133,1.171764728757952,0.40919323225126425
1.1783692548047173,0.597943137228375,-2.9543874213709587
0.7485128345260106,-0.9062795217116282,0.7681673311279696
-0.31708793835856747,-1.1579476368736596,-1.8364140103523023
-1.139380259464152,-0.273248046347655,4.280064827907988
-0.841637919221892,0.9129296139887727,1.2566986249306948
0.23728179755556067,0.840291464032197,-5.303059691666978
1.0336385420312484,1.1271694998792108,1.718393383021896
0.9587010709696854,-0.4409491370287977,-3.057611480772505
-0.008707766816963666,-0.8969094876872032,2.0826718599155636
-1.0199454480871086,-0.6303303589675402,1.1246879604310889
-1.0520450292012276,0.4890002585610359,-0.37238815487550203
-0.10207405213962101,1.3421283239550066,-3.7045485203111883
0.871578303306611,0.8560923384164298,-4.029788080473874
1.0838062694158606,-0.08936137994313254,-1.2480158456576578
0.29020648452916115,-0.9795379871010046,1.7837223243941152
-0.7535844191801183,-0.6458921137951951,1.2403117194039837
-1.1839281656706504,0.3099858489179941,0.018104983840683403
-0.48401109934073194,1.4079428461903187,0.6950712376611906
0.7256910381432842,1.0686854827076286,-5.194772556039371
1.158068157437895,0.25137018362768604,-3.3049035618303146
0.5808621660697085,-1.1968769086246773,4.490612693721057
-0.5426016446325846,-1.4017942131963659,2.0128450051071978
-1.1537524448280794,0.053295666608870196,2.793856234028941
-0.7743663439956947,0.9522685425101535,3.285925129352525
0.3545273405902668,1.6489540725436536,0.5638129825919191
1.1088143541451083,0.5866230347418855,-0.04599045465416007
0.809435185398868,-0.702650058656894,-0.3326656656467092
-0.18242006799914545,-1.1716314362916447,-0.36781633639040523
-1.0555378647080613,-0.19533844228548203,1.020164375179664
-0.984695416424736,0.7601873078031823,3.708511241000527
0.012002634973164974,1.254661894229361,3.8601003782650793
0.945491005239364,0.8924724693743186,-2.1722355199247456
1.0036262122653927,-0.7154446634580813,0.30626698156390686
0.16340998134650378,-1.0912348293147784,-2.9843831358815973
-0.8780844099303261,-0.3445866707077516,-1.0891664740534217
-1.1293828382147508,0.3938116666583913,2.541783546601234
-0.31890852720180196,1.1958911851127267,3.191046637544749
0.8609922954000023,0.7990428748768524,-4.807130986060136
1.0156989246087933,0.12983440395197832,5.5718742730496436
0.38794185663330094,-0.506595469237745,2.837466961894842
-0.7150809534162559,-0.905209446440004,2.663775050728298
-1.2062140482823187,0.3069806572736822,8.04591207427451
-0.5757763749870133,1.2920831073822363,-0.7215630555043295
0.5314094695713075,0.698234931877606,-2.0391060614893575
1.0577729267843776,0.206219853566032,3.411552484105529
0.6618377678791236,-1.7360167306301766,2.9444636464112386
-0.3331993504453759,-1.1869338669328182,-2.7318534489764628
-1.2103462176477904,-0.7551271947846072,5.377115210449852
-0.9191368010192458,0.5249810620221168,4.517842314277154
0.24361540694143083,0.7874418468930341,-0.1893026633179984
1.0540021703247409,0.5259917389375551,1.1339630354777253
0.9212837869923097,-0.4832726355729644,3.04886848695175
-0.0004764313389141739,-1.5281721685700125,-4.732130792246038
-1.0226358084736236,-0.7421733097635547,3.583045151418235
-1.0674711694330874,0.8799551496713082,3.5201252745965728
-0.193568222986649,1.4345043932005188,5.490339699022802
0.9848835774073808,0.9558466028997353,-7.65810138373898
1.0371973189105255,-0.372194058353994,2.657161775122202
0.3509423515264072,-0.846763011119079,-2.375709465347319
-0.8029379525564208,-0.6654019321041516,2.490542019830978
-1.0971932453486721,0.17089790396161764,-0.013733597375864123
-0.418091611716748,1.502341024597158,-0.5798040453722142
0.7171162299178643,0.2721365754991073,-2.9437312919047613
1.1303982163763644,-0.11828616114137658,-0.5466766107095568
0.5349059029562382,-0.8508812826601638,3.9160575045119415
-0.5126807467932237,-0.558137331982054,-0.10612875692054269
-1.1524283070273562,0.1088369173892223,2.1494543623401645
-0.7286323696014326,0.8418977380375459,0.6912670325559678
0.4242358326122051,1.060550613241329,-1.9276960197554616
1.1064193842847931,-0.2975446510361923,0.48582867765314397
0.8595624776137827,-1.0652056834797734,-4.32020027225083
-0.15310899106772574,-1.0853781178008874,-4.029890976726422
-1.0370675598151518,-0.6578198947041736,-0.8287495258260169
-0.9211864621820391,0.2661427236091102,-0.7003924086850027
0.04358675864714395,0.8050983699358536,-1.8025801407386666
1.0645194111604834,0.4708662325950369,-4.189055849953325
1.0278729919830067,-0.481269945092766,-1.4436814316922935
0.13315578839813283,-1.5054562488832446,-1.5281881817404908
-0.8950459720350817,-0.5625335527428371,1.9854883056670607
-1.1314440829869759,0.4682310842555826,-0.5631702784404776
-0.19848354722701728,1.2115899883142,-3.0510127809949004
0.7706744920215554,1.007103357917587,2.0947063796098253
1.114364028381722,-0.0005595139074110467,-1.7929983285629842
0.40357484115057585,-0.9075476353517542,0.39291406290129394
-0.691257483630727,-0.9639620513633995,2.9782046114725818
-1.1589596855561417,0.30304287279123043,1.399834420538904
-0.6428463189514767,1.5475090479971314,3.224152430930256
0.5328032332300449,0.9964079547241406,0.5147112530144732
1.1216053368324836,0.46178197252805586,-2.343352808670102
0.7296193203475991,-1.064884649284124,-1.825740364855022
-0.42847394479163636,-1.045062513281801,2.7143223321837775
-1.1275412908303666,0.046672151702794595,0.6749090646165969
-0.8190181850083207,0.5894022391108505,1.8176343837640452
0.1940566391663553,0.8608337324284832,0.12010346017292339
1.0721219540942184,0.7758448689629016,-1.686834441847217
0.976023206490931,-0.39887431077127555,-0.4855356072179995
-0.053614134918737406,-1.3487244278003558,-1.0994501602729634
-1.0451311668553342,-0.9392502814601239,5.063256025015925
-1.0044456639385257,0.4755982118566726,-1.087617720414094
-0.08385749418182496,1.3419459192952936,-1.1057663501838733
0.8304374612166157,0.7528228782892338,2.2210945021673347
1.110836530464183,-0.14945712994691496,-1.8732972004304689
0.2425706764446344,-1.2083969181095333,0.6351339340250706
-0.7804725758380142,-0.9671950736359114,1.616275891163758
-1.1526646624293526,0.23068010804708994,3.235862034393461
-0.4600649471511026,0.6485611670707094,2.608136314641014
0.7534171996810848,0.8478541354559144,-3.2555391338359443
1.1243764639633744,-0.17304286961457138,1.0586350303616765
0.5790069983378063,-0.9297333833376376,-1.7244644077819227
-0.5268247707037967,-1.4775503396336533,1.1988227744671403
-1.0791021626867938,-0.48097211074139556,-3.7237998349941575
-0.6380776982800291,1.0039249253947184,-4.313700607547136
0.37715536191764976,1.368549340461721,-0.05574863447727396
1.0957189424651999,0.26062618440895635,-0.5058849502407265
0.8436533109028329,-0.8108960414762906,-2.287251544062131
-0.21217208374228408,-0.7268531775270771,-1.7462786519250832
-1.0680200142735392,-0.9904930837753023,1.6021491797740854
-0.8827009267222234,0.6609246930925522,-1.3229069911299651
0.05938099056671721,1.392134018988718,-1.5502015611798359
1.0071485129246098,0.8336773007609399,-0.4891022194661643
0.9686791792343752,-0.6365870651385469,1.1319075484571621
0.11174497158265817,-0.6833903884353534,0.5761017906867238
-0.9782483983486722,-0.7250788038977962,5.06691551793531
-1.066074274825642,0.30902008824080895,-0.6496158510844174
-0.2381439665766524,1.050418616408449,-0.4425441025772614
0.7954274729269688,0.547645222254744,1.7382067136429784
1.1975738297685072,-0.17051074545040068,-5.872499461282527
0.3949452285361378,-1.1412593560363453,-0.736063951980398
-0.7089924251765152,-0.9541510941268699,1.289896851495127
-1.1741940873272703,-0.05858490382801618,2.4356025753972954
-0.535317982258342,1.3173627576857385,-1.0663777541745567
0.5390367158769818,1.1389373179578182,1.7772343252196898
1.1975851679625698,0.10079850125382595,-3.38121137919043
0.7251519086744682,-0.9554514922573804,-2.7003572565182115
-0.3236633456477155,-1.3363163868832324,-5.569052609322251
-1.072543821725763,0.1846676295095917,-0.6348639501192965
-0.788660572880765,0.49195964897523814,2.37357901462674
0.3000605257122234,1.1212189673964006,-4.806501082636489
1.0981685030359927,0.17955717667058058,-1.8350080230368666
0.9256454236582848,-0.7065667860163993,0.09300922547006207
-0.05317420908319792,-1.0436247765985196,-2.903613342357154
-1.0425222411939772,-1.2395059672001678,3.4931912402315457
-0.9769473394428559,0.4326236376498904,0.7737538807407518
-0.09457737694159343,1.3013195769702173,1.4493647911399
0.9484975839588239,0.49623762039580355,1.0580706516515652
1.0676850544760714,-0.845375122678404,0.7554368891074583
0.19791574564734893,-1.1546200484843567,1.5701106526426722
-0.7821289445178218,-0.6538845425219841,-1.062314472799939
-1.234280035813169,0.352870923577433,5.442548760496247
-0.3901042448894576,0.8030264159283718,-1.6050638444961962
0.7309406878906619,1.2130448090326795,-4.369730741466905
1.1374785905376414,0.12353451604586008,-3.425231906553955
0.4943926497943186,-0.6399743267998814,2.7675403773873657
-0.53927060844672,-0.5427681037351114,-1.8612264591556953
-1.1702969354630415,0.1478539844349891,3.8350246961077037
-0.7691986627653313,0.9274067599498276,6.229243602623567
0.39695301571769187,0.899615256859553,-1.5365615821932233
1.1505359693635044,0.0715768414290685,-2.528692915266978
0.7780555316164997,-0.7482722516913443,0.6997041980541224
-0.2932453287919376,-1.379977106903868,1.3284454190930421
-1.0745303188238,-0.03688454064946667,-0.5246481048504775
0.5805917557260908,-0.640607256333624,-2.935874601355658
-0.5755253841503138,-1.281074987403733,-3.692691963763368
-1.1804236506047632,-0.34803338772595005,0.09348024593863233
-0.7378759168922958,1.0901656782507474,1.388600825915373
0.471767521233562,1.451680761818634,-0.20914762834567613
1.2353311086464929,0.20614219652220322,-0.8329896466680983
0.852846228931496,-0.36340564819945687,0.03624740830045492
-0.36552443094832515,-0.8349079744414865,4.003989059019342
-1.1628735925884663,-0.42868605640625446,-0.5378481477108288
-1.0102409691936993,0.14446730828855725,0.8076398308248217
0.15306121429164782,1.174906072276772,0.004507993248404896
1.1282742142544246,0.9735870852908524,-1.0523236605931303
1.0344691635057077,-0.8724072353560552,1.618525664201731
0.10761703559789042,-1.28078486693815,-3.551704020689992
-1.0993370997982468,-0.821771388209423,2.6544372344356724
-1.1528646752563279,0.3075770428034186,-0.6661454638986875
-0.25544958024109166,1.4902325059053683,2.288957813836908
0.9603448859479674,1.106626005275471,-2.334199138908331
1.340107123537139,-0.696605483724485,-6.609709245187059
0.4153528457928787,-0.34139622207154163,-1.5798991768418502
-0.8222358947550534,-1.0123570808725313,-0.6343915894676699
-1.1550812497344631,-0.05306830801747986,-5.096363128240473
-0.48935193370113933,1.1179063897134296,-4.538271356736461
0.6471130763680857,1.0160852752850684,0.27601908010914555
1.1970264725944728,0.33333973863025834,2.81608211290626
0.7246750992795402,-1.070984119707669,-3.332476423473361
-0.49566523427716863,-1.1562163627515234,0.3746529427450407
-1.2718106066228736,-0.745999566997102,4.6251967765926505
-0.8168276593518075,1.2783255523797137,-0.7205144633054322
0.2925511161520488,1.583058207580894,0.5937656200420438
1.1850525338934579,-0.12261366004096885,0.508261959319439
0.9791451933917387,-1.2485672022060228,-1.3000147580808186
-0.1330770556536175,-1.1169260838839605,-0.6592023560573634
-1.130650227170932,-0.07105906285726493,3.932289726288974
-1.088478774188681,0.9107750435463136,2.2181828280455878
0.030760395944434388,1.0910989569116591,-5.302437030226535
1.0909308852428965,0.790766114570769,-1.028580958187531
1.1889923538251932,-0.33509294526706146,-3.301864513797815
0.14837857202678428,-1.2019215031290091,3.635214909882815
-0.9712680072881285,-1.0334827360474974,5.063829992969243
-1.1845479615589574,0.21029648759822162,0.4296309605236365
-0.32246600519556645,1.039456341161915,-4.636365744622366
0.8066133003434793,1.2411531884855003,-0.4314990604682467
1.208826791263818,-0.649244167261368,-1.1821943781679174
0.5533034813075011,-1.0442270615542006,-0.4333368532808446
-0.6707490279756485,-0.7548765674764812,2.4973161191016584
-1.2526167332575915,0.12008327233336447,-2.4589365049419447
-0.7533560271066124,0.7875794651072049,3.5866343643268332
0.5935219338769905,1.6264233648821258,-4.702839730791492
1.260466183592837,-0.2048075517369896,0.8439233301788746
0.8208794405735378,-0.769461928209656,0.8083916675485919
-0.3491047262891281,-1.6763818970471733,0.793806598046426
-1.2212234256353254,-0.313667086227436,-0.5399123627532204
-0.9551714887780195,0.4533017582845783,0.543747486016089
0.1496497344392332,1.6146772195433936,1.1071557781125179
1.1906157703153142,0.9497018965556459,-2.5407943674087727
1.0439185951190464,-0.7920580713039405,0.6199481309822863
0.1354056539517758,-1.5797595424897553,-5.118472396459266
-1.0938730817035707,-0.3189536725328701,3.8853482483629254
-1.125659706219913,0.5230350522623328,-1.4742477759502772
-0.223259017795073,1.3907332400140393,2.746729455499145
0.9246020744404687,0.9133272654445723,-0.5705303100885628
1.2194024304256592,-0.5069231997176937,-3.7652484717825794
0.4339425158088541,-1.3250652509354768,-4.412712624572492
-0.78415937769984,-0.8557802570491357,-1.0767256702337746
-1.264370174837051,0.06581762719007678,1.9774676517935807
-0.5855303427579259,1.259232434310682,2.412357454313439
0.6468019659841553,0.7231301675709739,-1.7037889221504048
1.3205201524942811,-0.13136507260518293,-3.838124415135753
0.7102727465846944,-0.5998541735695956,-1.9752821289663414
-0.5711985647561653,-1.138315660514092,2.6018703382740296
-1.3072585035227737,-0.6552490545919576,5.124582926962501
-0.7634662903096032,0.8303661500095455,-2.570699423437489
0.40176509762155643,0.7811540698902683,-3.2096422107924707
1.205244046228502,0.6184660710356082,-1.338912334673476
0.953125461180763,-0.8471695987112493,-0.005937210318434638
-0.2179676312054723,-1.373869443703551,3.8805397890849602
-1.1345790931928261,-0.5014815964778119,-0.7180711490539832
-1.106885320822604,0.7369891327114825,1.614545128419645
0.05194336868286909,1.1475034837741198,-3.9527396044587957
1.0410167852877121,1.2807219901262967,-1.2194741437982948
1.027525979324915,-0.3301485188212516,3.8417742449080197
0.151230740998543,-1.285958952173208,1.7602216952104721
-0.9376933231041563,-1.6163215592508973,-1.3492443575658342
-1.1963091778604793,0.13589923049383557,1.844742783137155
-0.35839017464908035,1.0413122206460217,-1.004030318587531
0.8588486341209226,1.180354075149877,-3.4518538102003054
1.2688426046018841,-0.17253387216219274,-2.768719246081087
0.5532276150698225,-0.8082795994719352,-2.0146621754032266
-0.7300748410112955,-0.8520771010137002,5.399527113576061
-1.273134160511532,0.3594660973942454,2.0542826109453025
-0.7272046273929824,0.6176365322147059,4.372221422750385
0.5734168836189832,1.0255925148146254,-1.0064178722743422
1.3565003505656468,-0.17742803974095,-8.24644716636306
0.7340987059397145,-0.7699605363242246,6.319466633125097
-0.2786368855163399,-0.992280701515057,-2.2035560095309745
-1.2231466669102138,-0.5398495968215444,1.6441832838801633
-1.0021121277113216,1.0847261013175684,2.0245939409319185
0.2339240148924232,1.3875639441750782,-3.5891017670906598
1.1194257861023813,0.8978871827378287,0.3046782501454176
1.03494337014837,-0.47185124635712117,0.7160403202240812
-0.018563402205735796,-1.4351890239299707,1.6589891148304892
-1.032285323437145,-0.4163745028683674,-1.6505015699850756
-1.1673261368014747,0.5293694092151635,2.948456589413784
-0.22998325897811384,1.049343301290302,4.333871430881691
0.9099076232159538,0.4945735718447103,-1.2643300269597824
1.1996907222420694,0.2923065692892457,0.9474982677422913
0.35435871737677016,-1.4570748426332114,1.5780048403340108
-0.7410098084185487,-0.9411585108269505,-4.126515060818559
-1.1666070733400062,0.1011966991310087,-4.04763577571608
-0.502646409809278,1.1042850501315473,0.6115474964505163
0.6745213836760451,0.8874956356682767,-2.084089154010543
1.2503444129176093,0.07653048748946123,-0.9648379239934726
0.7274295584235371,-0.8954065052659343,-3.5733002160120497
-0.571340751810045,-1.515696314745785,-0.5424355546992521
-1.2338189272138422,-0.4573684299351022,-0.002129660964405866
-0.7705597648918706,0.45675247991826873,-0.8366394766530144
0.3162351528637332,0.897976023146115,1.4690994275532943
1.1564817099043048,0.3104220414702996,1.9634703269722833
0.9382743188831393,-0.7359576740119855,-0.7128768956624792
-0.15057218826399194,-0.9981050118851592,-2.417963065923919
-1.1767469794406948,-0.625240550166204,3.0927618311664467
-1.0984953274550224,0.8493382052088894,2.7961110216469196
0.06363199910978166,0.9665455441033124,-1.8266522800435003
1.1180687876912108,0.5723112741535119,-3.210939977022116
1.1415836712921523,-1.0770751935266887,-2.989749249184732
0.12352543135024197,-1.2163068006829016,2.2345193874977554
-0.9686048997279834,-0.5451231139619167,-0.9209417837157452
-1.1362915086485486,0.5109903915610836,-4.147498931397964
-0.36112335220817904,0.7827042186047675,4.600857393017319
0.8121020522259993,0.2981204511317598,0.8404276414754713
1.2659308440354722,-0.29569085969588405,-3.8355918634547193
0.44836486086679944,-1.6747153051080512,4.580289216081723
-0.6660884627450103,-1.3164880680496172,0.4640412131284316
-1.3098978853392218,-0.16568742888960486,1.4666447528819408
-0.6790551377269511,0.7428680503063861,-1.6206067040187222
0.530892398568095,1.2291051818642358,-0.622305625987557
1.3003159390571262,-0.4909909324883932,-5.3819456865540465
0.8189119995410817,-0.7561206668936366,-1.1971929446439833
-0.43439439044068684,-1.0199263902552347,3.313529291765949
-1.1714494518686849,-0.7424192618323255,1.372624715051607
-0.9497959953908622,1.0077447421006018,1.0401965425221293
0.23964557602705577,1.2133807052899666,-3.1996132499759047
1.2317233303859605,-0.22070966997026487,-5.293708435821999
1.0226105446876292,-0.9662284139632371,0.7546703179962866
-0.10030621636340199,-0.8043084138128601,3.9807540395890304
-1.083733590611451,-0.37313317869438145,0.208282460719173
-1.095543542190375,1.0541680817774228,1.4078227735892461
-0.1417238309186809,1.5586489489709288,-2.2881666855313547
0.9589048134104081,0.97625901997483,0.6143354641524357
1.1987873493506578,-0.5745806544767662,-0.7136298585407377
0.38585689700762216,-1.4418735804609495,-3.94171091981447
-0.7958181459376847,-0.7868053043712608,0.9390657400571739
-1.2274555285462434,0.6382836295721728,1.7357727460647736
-0.48852507199125766,1.1578725086844832,1.096801898841131
0.6697738331113612,0.6153401365637967,2.683162412919138
1.2692885638924003,0.1583000757820574,-1.275738652674369
0.6550469030548254,-1.087091667425129,0.11306616975274575
-0.5820527645367876,-0.830590554027385,2.6224776832847243
-1.3058316048656964,-0.23313721082991679,5.057857082552215
-0.8508263982064471,1.0460653986457074,5.3138695489359
0.38689605630615503,1.742586979798864,-0.36320843970670924
1.2479118355369823,0.8418626990510281,-1.7565787441391871
0.910912585424751,-0.7269546346265554,-0.9189801246163842
-0.26522017334832493,-0.5945778123327448,3.20668767214783
-1.1647822767414884,-0.3347492714982536,0.19490873343783743
-1.032917948770839,0.9146677065180275,0.05841304871964437
0.046893971609017114,1.2979424372353772,-0.38444551917588
1.102971453470363,0.7371744620600335,-2.389992032107975
1.1558771929279712,-0.31021045122858193,-2.61746267882207
0.18065674056360198,-1.3780034100811835,-2.850295877263721
-0.969042656726839,-0.6609803830287719,-0.7754804145326388
-1.242205816947265,0.7300380785917215,4.565926462918158
-0.35043499689329194,1.4608505786851274,2.9661762055189156
0.8199496525535059,0.8892436765997835,2.3649963418918727
1.2506004961852877,-0.4884154692967879,-3.3500761860866772
0.4761217741369621,-1.0321905149192367,0.5936387200326659
-0.7268503647317477,-1.1615524312867576,2.849403138391698
-1.2864391961618777,-0.16824568964555864,3.0263025581470484
-0.7013469067183256,1.0576544968414414,3.1533623442873595
0.5351254892926878,1.2923243552147805,1.7486437701111628
1.211838304653505,0.3156947463291371,0.0909109572225283
0.829106726282761,-0.6958441857998449,1.3757471773111312
-0.42810732978499727,-1.3866835147098073,1.5956096104844186
-1.253548120768494,-0.3271710994971011,1.7935057857828234
-0.8555080417579288,1.0813908650303294,-1.4283426214747068
0.19832559363282304,1.4349544554730935,2.676867807333508
1.148561079644529,0.9465379955370945,1.0090308263766274
1.056783404418566,-0.502889770811753,-2.134764440674228
-0.045146991773990786,-1.205351821273808,0.25806482957358545
-1.1348183611488172,-0.8035570055356767,3.6882290410170246
-1.162574075220412,0.32047144791697457,2.1138368196787996
-0.2157369978328606,1.3395644697187714,6.659335522652237
1.0242436708866294,0.7498801532282268,-0.22768888666378717
1.3048315888780604,-0.28290073024183626,-7.6502168640369135
0.3347647437781707,-1.327670657857093,-0.2363455252564306
-0.9047269174736624,-0.9923382077542331,4.555699541217489
-1.3072440507709897,0.2176311931586694,5.843752538062981
-0.4197683083443363,1.130615075523268,-0.6355647166811329
0.7561480426658571,0.9457387924565286,-2.726365086058902
1.2910545389321135,-0.5280335333717723,-3.177143222122565
0.6463994952863952,-1.6248769218347665,-0.8308493707889669
-0.6659514708026856,-1.1799883575729437,4.132104267370073
-1.2409518411204208,-0.7855234525105348,-0.0024638325036070545
-0.7806518576402904,1.234515800750432,1.8710888372293337
0.38248028200795964,1.1561827127429243,2.0551830961680677
1.1830337634617154,0.2822556826249101,1.478870543627769
0.9576562251466436,-0.8856610645627749,-2.194346028363753
-0.2562671085636357,-1.53181062137467,2.5715671650648835
-1.2046757380791593,-0.6060341281953008,4.576804395157498
-1.021427979475094,0.5408092043430957,0.2268426217549696
0.08199621054977502,0.9949501029176903,-2.7891429896316637
1.1991017893118732,0.538081285095352,-5.703115083956558
1.0988412226765756,-0.3448356672112274,-3.4249951247985915
0.19216100439808684,-1.0691224957872898,-2.6784751875917694
-0.9611123734248972,-0.4402186731806784,0.05526373109852378
-1.2177121242714384,0.79076461180698,4.464232086342435
-0.28473328036545476,0.9702498943515183,0.8013482253522441
0.9474017566399227,1.0920560576325522,-4.317699788669191
1.2554558089148127,0.21767998934793198,-2.6406187101574505
0.5326824123000065,-1.2569276268998189,-2.395656235362875
-0.7322522086904169,-1.3784475900863646,-0.6253795398022544
-1.2364519349120706,-0.3282618079284272,0.9206793212665104
-0.6605147912118632,0.987845590189137,1.2238256313084033
0.5323819421066122,1.5643971939458496,4.708250855227515
1.231729757386763,-0.3005220903450945,-1.0777805169078563
0.7516864744926764,-0.986139749064141,0.30132707900125455
-0.35600967532812317,-1.6864310551998478,-3.3497988613547824
-1.2250266744732485,-0.11099918697038191,2.1824520151528084
-0.8403165736071093,0.9133099741252992,-4.533008922767992
0.22235072749796614,1.4121737306060689,3.255210695668912
1.153434638111642,0.8423131984554355,1.3422149684646718
1.0332898615699524,-1.0300028276596878,-1.4624181325621222
-0.05285851073504526,-1.5072239372061225,-1.6731192370146653
-1.1705904237589613,-0.621385929429793,6.1181917193389985
-1.0967744415496647,0.5065422621124882,0.1121827514254603
-0.2082723629811412,1.0998900660923894,4.709519361824746
1.020492306538019,1.2364836179458027,-3.9440818596226066
1.1114137318825104,-0.6762368567759003,3.712087185064306
0.30253167085481325,-1.6671443945255937,-0.4638035711585331
-0.9499317475428078,-0.7618917724604557,5.764584177905645
-1.2237002803561905,0.5563623297741416,1.3930750777169991
-0.4147442015925485,1.940507046513349,0.29600619119131255
0.7199143666078267,0.9329877654806523,0.029284856759534406
1.25701778639453,-0.15019182887838323,-0.24845267308224436
0.6402843574232234,-1.17214021244619,-3.17460730099137
-0.5503846234833782,-1.0050308818752585,2.288319918881042
-1.1888822637851373,-0.139451036805045,-3.4589902579974194
-0.8299591330180393,0.6296005565284357,4.102143353121327
0.39469853151239187,1.2712032046613824,2.9183358489231006
1.2297551261474968,0.2622456361211345,-4.75911351829414
0.9432713385710332,-0.7608586704079179,-3.484102378654892
-0.28038360420958935,-0.9630770221569275,0.6694056524953718
-1.1647058963055903,-0.2839617343068934,1.8636917277958087
-1.0675666381540336,1.1507850321145507,2.2226118406993933
0.01081759651878543,1.147861428095172,2.373246480390896
1.0735159338057025,0.6488553783904527,-0.0635712407550948
1.0982313536722692,0.17487880584876048,-1.7909010188517462
0.1206943618558682,-1.308036725343899,-1.6461704531321668
-1.0057642497981245,-0.6182742219630311,1.7175458395669645
-1.1915457823530422,-0.06884190792454059,3.77975603795362
-0.2735207112801368,1.1073425171281446,-1.7693543783074306
0.9499997292494217,0.8708888002251713,-1.0516094784247014
1.255735077833742,-0.63155294401259,-4.087482110269914
0.44564242040225255,-1.1246941577826814,-0.7904140518157909
-0.7698506370996269,-1.244536800516303,1.2418365590219216
-1.2955210301198707,0.26081276077401183,1.8554524024943853
-0.5903039639287997,1.3017205919755743,0.8759114256524114
0.6076030973745594,0.8601164015091441,-1.2390749842576099
1.2023127034997287,-0.3286424288443246,2.2166370412514236
0.7294369218274176,-0.4062059726905304,-1.089675145102792
-0.456567151727086,-1.4443170829052188,0.3059812792884742
-1.2032575101344263,-0.015149911813412409,1.8265596977182998
-0.9288275815061641,1.0603471306138028,2.541863424123408
0.2506453037190954,0.9080268144815651,-1.420447357046114
1.1945007898425846,0.5468289079979682,-2.4767585074831735
0.9681524329864224,-1.020697837428275,0.5052572044453252
-0.11312929018246698,-1.2465577291930097,-0.19925366837225233
-1.130591450773126,-0.8952511376147076,3.1650008509759195
-1.0530201801032104,0.5392861961124473,-4.35524220431875
-0.12921636840550954,1.4232315338206987,1.4540346569988338
1.088177445937187,0.5360076087157623,-6.756567161695657
1.09641201165163,-0.5992499850244715,0.9366434261928904
0.2457571616148891,-0.8275323399639041,-0.07196720076633412
-0.8765416228048396,-0.8327698583656684,-0.6729791158113707
-1.2727632385327745,-0.07121399637586512,2.322914657285625
-0.4633570851773842,1.3766410260331634,0.9348678966398727
0.7860225940006689,1.2964242599857583,-0.40332585541259236
1.2751929950711072,-0.1678050411256926,-0.6453427987234813
0.6179807774161181,-0.868533123533344,-4.2066337349993885
-0.6110844276785701,-0.8501009399358017,1.3007666340111923
-1.2838182824511597,-0.1338009006169283,2.504608790128633
-0.8258894973816758,0.8378831882154664,2.797779392328037
0.526265675039299,0.6545019041923813,-4.967935848492557
1.193414224341844,0.048877016340039825,-0.6047393438137874
0.8852403132251947,-0.7522619247827816,-1.2288500167866172
-0.2517090611465442,-1.178219786647876,-0.44617995273381506
-1.159786471426917,-0.605080024734006,1.2076960484513632
-1.018882038050611,0.49447998153461514,0.6812826456188226
0.128468108229757,1.7006262287376641,-3.3543143174257652
1.2007733023268312,0.3619951339033556,-4.843692525932179
1.1787433881857399,-0.3922224271344277,-2.7283725693257725
0.09997371982249614,-0.5835824019590521,-0.609140494067717
-0.9812182346266646,-0.6694897181809367,2.1741675030862218
-1.1731782879965664,0.27259334128803325,-0.1710335295843965
-0.20297896087587103,1.055280140815334,0.17436348978010052
0.9215798968231347,0.6651154417416888,-3.355570975777128
1.1754985648446832,-0.26510876069631983,0.970275860566488
0.3568364147855655,-0.9243471402114972,5.13643083865079
-0.7958147361307392,-1.358476407510314,1.6276297036796028
-1.328180197458086,0.35355766033142944,4.57140414011918
-0.6307254712647741,1.0301461866071053,1.2151957814828722
0.592277026536523,0.8370257715035556,0.23537756674806287
1.265138047902862,0.16350930277994724,-2.5884190298556042
1.0904031301755412,-0.829292270864288,3.8767731852303347
0.27956521889883157,-0.7013169730104063,1.0986593231979658
-0.7299378739214315,-0.7336792831648592,-2.83235574678159
-1.1647010287441233,0.07908070594420558,3.8796125775346417
-0.4340208158374332,1.723229142259887,0.3052370844316893
0.7014603644527198,1.1016550950079589,-1.5518997430041426
1.1707273625829304,0.24955944230824367,-2.1403702782420826
0.5404482891088883,-1.2054198446939752,0.14619138169048307
-0.5565844799112027,-1.8092255490456226,2.4686045938727394
-1.1566097321594575,-0.31615992954012073,2.1548859081960923
-0.6926250227168631,1.080464679824732,-0.7402750539369496
0.3775275509007054,1.2080002120091762,-0.7968226303148263
1.1040220904070441,0.27336354747245606,-0.008839462841303963
0.8296187884190648,-0.8668920373134165,1.0367266984503325
-0.17475584401953642,-1.8296069520560603,-0.5402251639818456
-0.9536785707802504,-0.38437361100878475,-3.8245337568058546
-0.9037983077783153,0.36391172733233834,-1.5117830905139462
0.08050883840226077,1.1081951349223895,-0.4485725255650608
0.9752398381940633,0.42664910554004454,-0.5542001032621369
1.0177630135186861,-0.4848495956956317,-0.706245639516418
0.09141367600042413,-0.8201158315392804,0.3702878369254914
-0.8860118366249661,-0.6227258955502823,-1.3722404420004881
-1.1220371926868178,0.9684309327413426,1.3393866748878327
-0.2954582332287292,0.5919589591651538,1.1254883680373606
0.7901549692622771,0.7641127677905774,-1.582223310167941
1.1972425275948437,-0.553152720429475,-1.0540751200961986
0.4051461231883828,-0.6912237631008857,-1.607675981806958
-0.6029770284272564,-1.4481345800620797,-1.9606931867414423
-1.2369167271192574,-0.295645553351247,7.80471346047675
-0.5722556547918367,1.0000176725783212,0.06919603502283822
0.49459854453079316,1.301423583378926,1.6304083223930426
1.2158242659742058,0.06836315455596376,-3.557339053444182
0.6904350567891624,-1.2210461308780185,0.6342760511049866
-0.386126457170255,-1.0060682720294825,-0.42339696894188705
-1.1395122378185112,-0.18942904228187785,2.3239375736480006
-0.8407876340758954,0.7047024018850079,1.7686358246537752
0.2557442850429086,0.7403620605889846,-2.401932797247508
1.0162049206833457,0.04869432557989106,0.3716237601028907
0.8457642691839597,-0.667980387911884,1.8173089004404313
-0.10732907443510771,-0.9818886740788138,0.004925483661320507
-0.9670962772923333,-0.7674314791762188,0.020379168886542343
-0.9519393733737742,0.5870308446788142,-3.2145616708315705
-0.04191269648727219,1.057367677380508,-3.9250595647211526
0.970896514983498,1.2490971995992388,-4.977069577310012
1.099489742525731,-0.2004333465731578,-4.221018347129386
0.2983021950266383,-1.170709448837648,-3.9514636559536633
-0.8147853847099917,-0.541111424437441,-0.2397491238542937
-1.1532640424546303,0.3556346184654202,3.7461027665357203
-0.4380436029283904,1.2976684738883404,0.33139512436882235
0.6110422345856625,0.8735017480721907,4.501241024635242
1.1262725393676216,-0.1665900593417946,0.5133246576691559
0.5602986153003973,-1.0067936168845821,-2.4427238025968525
-0.4851573838863542,-0.9952688197574122,-2.262540344737174
-1.0985000497040192,-0.3152354824510839,-1.3377851169718564
-0.7169441279725585,1.0763951835458045,5.243951056999065
0.40863344410730046,0.8414337295747232,0.32374461882667793
1.0846414390084198,0.039521244868927496,1.7512012921390374
0.8158106384152701,-0.9253558676635759,-0.4158887824609131
-0.2293970461822883,-1.4873589827318396,-0.11068845573430464
-1.1210778099799283,-0.37985598102953766,4.067106542898222
-0.9243499759240117,0.460142390221282,1.3775034932199015
0.11065416546921109,1.3617144303873665,0.4210924471592603
0.977161038120866,0.5307573025294604,0.7305341897192758
1.0240959950085549,-0.6944575644027162,-2.081282756409176
0.039842671192316985,-1.2208052397814633,2.8470691077324806
-0.9875295020135095,-1.0068787496136038,4.9793109933808095
-0.9791898061771733,0.8825518250343906,-4.343303835204577
-0.2610986620125221,1.3255337730755448,2.139932593883486
0.8149970001306982,0.9066282915616247,-1.7515511152298162
1.1050300704087626,-0.31323429714092854,0.685804245361016
0.4008507092581894,-1.1490051793785094,-0.7671890072478571
-0.6897779526749315,-0.9172243796178875,0.20189613490344538
-1.1285661968948968,0.31079844154958125,0.20192835080565227
-0.6128191040333315,0.9020996211480677,3.0428439731801507
0.5372721013568097,1.1246104753676758,2.5416461653662092
1.1220642403483072,-0.03893809300844597,-2.3121245202298417
0.7957409548099678,-0.8306123085083467,-5.018111338778337
-0.4651836932760582,-0.7381915337297142,3.889293498924658
-1.128387181865864,0.07614815905201411,2.466969719142549
-0.7246619883867496,0.8311663243061901,-2.971979919297624
0.2791727275539386,1.1029138151173807,-2.39391187577274
1.0362099527362136,-0.37093262986987785,1.9743916984800214
0.9097989298314364,-0.44179244518354477,-2.0605765909576728
-0.046892182698523396,-1.2736556341026222,-3.123131452980462
-0.994564088050795,-0.5186011445463234,-0.6896803155510858
-1.0172398873212556,0.3900017738322492,1.0454229646490703
-0.13728390618523892,1.3114976983374496,4.022395216412938
0.8797724047260638,0.44301925571357703,-0.9016588062267494
1.0587599047301777,0.3160086667620843,-3.0549766741526163
0.30205200331991194,-1.0951306656595585,-2.9089937657387392
-0.809397796151138,-0.657795566176278,0.49231505079155635
-1.1153662326941673,0.34678198423039097,1.5927355703326052
-0.4320220171993763,1.4036373864371898,3.152916465784356
0.7111373491054782,0.9667091821017976,0.008763961689830513
1.1804529324521078,0.10580753026031564,-4.724774064814597
0.46683105190418345,-0.5359785040097284,4.558331627992811
-0.5751390269042103,-1.3854719944343588,0.5304048487816548
-1.1437335027896485,0.01333102568922162,-0.9128288680580959
-0.7101208516876046,1.330689114772562,-0.5055852039333064
0.4281883491522328,1.1937960891374206,-0.8326082850669414
1.173326708498276,0.33350046455629445,-10.685366646139896
0.8141864004376458,-1.1641671680479808,-1.1945559151684186
-0.28734444610968235,-0.8888011594512469,3.055098606319101
-1.0787699771503618,-0.31777346830297426,0.11261322651110406
-0.9539852261560725,0.6551287520835863,3.1508952117895843
0.1407701823292057,1.2423955164886238,-4.224574352729619
1.0192948792812364,0.5084209998605027,-2.571590611172171
0.9734819214878693,-0.9300262185302655,1.1807511352638749
0.10277014653594796,-1.5576213028551673,-2.660514030708532
-0.9712840427044924,-0.6823591684991553,0.3101514757420909
-1.051668824252133,0.2964187130808027,0.3354234925970123
-0.27125706248884784,1.2473422143399904,1.9760407931997142
0.867346989980374,0.8692882810616376,-3.3254883464704776
1.0935005575498,-0.5645897948232981,0.04950185517431649
0.4230005925653455,-1.3857493905976261,-1.0245381156430966
-0.6515945936486884,-1.1400685762327538,2.3893358209961195
-1.1675966317836024,-0.06744007451668699,1.2891827578844501
-0.5292029620524953,1.3176490046337614,-0.709668802592871
0.5988694958194278,0.8987283235761673,-2.733192493228923
1.1567359159841923,0.15270352677218213,-2.6344160016315348
0.6408913316138396,-0.5170862759260564,1.1370039350935968
-0.456418010690478,-0.415262358862612,4.431648675329472
-1.1873928936868114,-0.4114130809709604,3.0169030744892242
-0.7241979363215586,0.9387289656656278,-4.010479836366532
0.2651149160192925,0.9380490178342716,-0.5947114243771456
1.1112897192711406,0.45996487540679865,0.7250745600745118
0.9074121768760801,-0.8424609704135616,-2.8718182414972935
-0.13617441153421678,-0.800660262135325,0.7057268142895912
-1.1682359562668443,-0.15950258887810764,7.300543187415032
-0.9719079926989198,0.4153497871388434,-1.5495363705238185
-0.016948757036281216,1.230422548010179,-4.1071151110158945
0.9157475897422578,0.9596960871964361,0.1725610464388816
1.0934958788388445,-0.5843658358778386,-3.701834274188916
0.25079865865654166,-0.9492623925041926,0.022829517671046906
-0.7922944735035459,-0.818234312760151,-3.8905436034132155
-1.1435509077363855,0.37898595709981997,1.1020169622019187
-0.39073688670935547,1.2048056973559207,2.251064753935995
0.6898223026273772,0.690899523403305,0.38112498301686726
1.1067009382705697,-0.19498624493562988,3.0104466779154406
0.5036085330614983,-1.3444189812337262,0.886783063157438
-0.6041401827968119,-0.6659821420153345,0.9390653023538148
-1.199123169909151,0.3144031477516729,1.7379384811672565
-0.646895933366761,1.0648505175843292,2.325483062274161
0.3975094509904079,0.9975531412403301,1.8195759976353687
1.078822307460098,0.16295680935760504,3.8509760528448567
0.8550318493552523,-1.119943595504083,-0.4520690619483103
-0.25553594489576575,-0.935172373245774,-0.7513214285123787
-1.156854445321855,0.2876944152994454,7.026425291609051
-0.9428548926494533,0.7899841844877903,9.37574396899398
0.15614132394320418,1.014604315437701,-3.3339044565613505
1.0643811628053454,0.737372227066479,-4.4629379340872095
0.9833601087528273,-0.20946708792796698,-1.1683114466367273
0.057312378121950974,-1.3208902872440913,-1.2168154036475132
-0.8915156182941788,-0.9526624367933734,-2.3009153941826153
-1.0562520411754757,0.12881446383061657,0.3535369978732611
-0.2005556498469582,0.850807316285719,1.2835646316979736
0.8389045113092887,0.7749163570335915,0.19044565852186723
1.144255043450782,-0.18981490338903506,-2.7912241248592466
0.4224060905637721,-0.8062747383192506,-4.187924370945505
-0.7997024875096528,-0.7149726704449938,4.940582185281014
-1.0991459433777548,0.5988865212289896,-1.9380824633558282
-0.5570124048228139,1.3331056248740043,0.6581006561391023
0.5685866392710978,0.907476106115852,-0.7038217475854253
1.1329536368286237,0.03885966864924706,0.3535866032930211
0.6741665242747604,-1.0122539932174606,-2.559654782409489
-0.42397027577772817,-0.9399880477720814,-4.827610937344054
-1.2031583421303556,-0.4185371413490069,5.973512213548
-0.7755956530640887,0.9465868526119825,-0.5844573917223461
0.3317064717731477,1.0119512829070283,-3.79470794149154
1.1739920449782764,0.4325526176556227,-5.218078758747198
0.9863638730668457,-0.3303040821977782,-5.769647247130185
-0.17960153071130172,-1.411007404695367,5.415609124193141
-1.0162563181757442,-1.1666457424281822,2.7010339213946075
-0.9990295302880734,0.40446767772544634,3.2768614039357113
-0.10559097796869318,1.2951845388910668,3.1320452997151995
0.9344534894845804,0.7170583206875542,1.9362356081955083
1.0866024141713355,-0.5764247032740366,-0.23162306398798516
0.2370788708569553,-0.928751259300139,-1.984464623036022
-0.8568633759461844,-0.789170320605444,4.154246089906014
-1.1302650588541294,0.3294190417619425,2.1397409467730446
-0.3724470849947452,0.9874314728088981,0.007363033898593052
0.7739339127436209,0.9925670885546772,-5.089432765833913
1.1083356625992558,-0.16132218314197422,1.83311367460417
0.5313626084671332,-0.9913965078869299,-0.2962511607552265
-0.597399143578926,-0.576680018982938,-1.2663697735701518
-1.1001514678846664,0.11457043190382654,-1.3022111918193464
-0.6437278706878632,1.122073480100873,1.673930973228569
0.441137434027306,1.11220811472473,1.4152026413274144
1.2043615017414098,0.45667332477654976,-5.537619284023345
0.7397789002762531,-0.7725117932426995,-0.9910437710150494
-0.382686822458979,-1.0688796637585447,3.9500887862412335
-1.0947802416968662,-0.2897236522537061,0.35181609047471085
-0.9271606489103777,0.6695624075289014,0.9838389117564467
0.16698805406177436,1.4751036697670152,-0.8573277929463297
0.9887088384487566,0.16037677828407038,-0.5902711716641196
1.0405904630067764,-0.81074143932862,-2.7856953929452897
-0.01674856723356956,-1.2083962295862518,2.4353878556558555
-0.9500064642941624,-0.7065714278818414,0.618278540297473
-0.9798771778977124,0.21443124768234623,-5.631802314126422
-0.17496749197721884,1.2318473742981475,1.8833889625614268
0.9025094705224534,1.1770138276106057,-3.154604001955195
1.0303753620327951,-0.2444650126892267,3.063752208790772
0.3291382621068046,-0.849781246552968,-0.49946675545754493
-0.7140237244508106,-0.6956121696586165,0.11276338081260606
-1.122202089990685,0.31834213842465875,0.8977713935866777
-0.4741339014814168,1.1289536717184774,0.1847954938799934
0.5977458721411637,0.4501786717428996,0.2801936626212609
1.219799430478072,-0.37479028996621033,-2.1237954088909836
0.6729177388397629,-1.652816226018613,-4.907986234798766
-0.509845713700969,-0.8356760376998756,3.835815823077682
-1.1348118049845322,0.04200534146065693,0.9785317837684717
-0.7990637595660853,0.47959651101524337,4.932180921127486
0.26243272119831684,1.0325175324547526,2.8415233970423817
1.0010426375225248,0.8996061538294653,3.88266112281896
0.8397522434683442,-0.757288931909223,1.6197656854586264
-0.15517279465641512,-1.240257357016756,-1.0185455384991904
-1.0386286446068012,-1.0556632414063227,2.6933786924793957
-0.9599989831508201,0.6879851789600105,-0.7882758179423796
0.03443086013452115,1.0877545325729363,-1.4238388484975717
0.9818902595018182,0.7325537344889899,-1.1415185609597704
1.072316557721022,0.040636314227490145,-2.3247813287982737
0.21054723478097961,-0.9456040023914964,0.943363440930679
-0.9190719313191287,-0.5021560355803673,4.857480926244426
-1.1281678293301038,0.2704507569796455,2.769604092172048
-0.359684749066548,1.2934073107989656,1.7760256429361876
0.7085032086630059,1.1307305476001166,1.4222770632096475
1.1651848898647876,-0.5502506347898606,-3.252665256448207
0.4584271206024482,-1.303452915887161,3.0010933947713956
-0.5981101143673182,-0.6831622783362379,3.744397077703414
-1.1482010541357408,0.31952372558615383,1.722347518086398
-0.6018519862459789,1.864939664147926,-1.80578563364301
0.44606280848522545,0.6879291341970891,1.68279978735473
1.1042870922653496,-0.1152073604056092,-0.2625644811893593
0.8140619101573325,-1.264054066443852,-5.143975915540034
-0.34271264806317847,-1.3470005947721124,-0.15403938342644974
-1.1186404710038376,-0.28911931136931246,3.2044061981484084
-0.8783047977524989,1.0306512641857661,0.30420570647098133
0.1852522542704028,1.2251254292342206,0.35566058397491385
1.0498811245218798,0.08778802541991482,-0.9386842916614904
0.9430965855449915,-0.21800767152067968,0.9520318937161156
-0.0011732012507882222,-0.6828606722552046,0.7575180045335661
-1.0259708521673514,-0.4234816011687137,4.272207612014645
-0.9926409760416732,0.10963382891243878,-3.622924323650085
-0.1283781571334662,1.0968713115690367,-2.0747785389471485
0.8938905388957125,0.695631679436588,-4.671158485408677
1.09044307639896,-0.7391938890423633,-0.9069258044858122
0.3884222246346968,-1.541275928792864,-3.5367285873870755
-0.7752205598823679,-0.7414226842761928,-1.6978049278692868
-1.1647660652238412,0.4043610977544898,1.1665069929590048
-0.5235261678877564,1.0667536339798591,2.147685522222221
0.5772894796733264,1.1505785215406557,1.6166926267934638
1.1054365683980447,0.5053391100843385,1.6331102634051464
0.539323178331372,-1.0102032163621144,4.957964336033632
-0.48585376260952573,-0.6906885877082743,2.3219509376702083
-1.1778538649398582,-0.0908691355514768,1.282506650136245
-0.8458545329595866,0.8924393588103174,6.268732698586253
0.3145019389253067,0.8763746655321755,-0.46773680189117095
1.0936646608536535,1.6695723802362394e-05,2.2013736588702257
0.8422867092042989,-0.47663378644769716,2.1238053290085595
-0.1292356190520047,-1.2870753598650808,-3.5489799306044767
-1.0029944241173983,-0.14413270645395215,-0.6086066235835104
-0.9473839581751037,0.9508885573670522,0.27509287298248836
-0.014445258183958873,0.7986153223233542,2.29519744456003
0.937902072158449,0.06496399678832199,1.1568101668991115
1.030564344228075,-0.5095265501635748,-0.27026159798219984
0.15204707760971986,-1.6664067331626977,0.35781490550778394
-0.7984680526914476,-0.6978053272365936,-3.0163188592657573
-1.1128150883389811,0.34316988426403183,3.67209675698129
-0.28932069337224636,1.2954223238806768,0.32609953417467197
0.8002813998932649,0.5639158776357595,-4.138165058498911
1.0838355507309758,0.06762343266157989,0.9862389031598303
0.35513806653640045,-0.9133646337997383,3.172889441140513
-0.6018287897242326,-0.4689155149637336,-2.6107286185856826
-1.103653719996758,0.3321617463953952,-2.8765583480474146
-0.6250165603181118,0.9373475569767858,-0.021650038395101823
0.4993458605257866,1.0535529062347773,-2.7172666214365564
1.0318354675191215,0.004706453710991987,4.584281407935137
0.716796552409852,-0.702867741106119,0.8636148643636071
-0.2801413370577261,-0.3927198939818971,-1.3648192340262377
-1.1498753510889725,-0.613164728864205,2.064978797524082
-0.8567450674720754,1.036657175340806,1.6732650851398723
0.17838748518030303,1.4324916923541888,1.94455191652679
1.1122162456365694,0.664660384021396,-3.465613418555902
1.0010888959402733,-0.5937160707134381,-3.943586301001146
0.10500894183613159,-1.2422966133196969,-6.539519804226828
-0.9700746502451715,-0.7253617684206054,-1.4714795211724008
-0.9742637240323896,0.23720550133752183,-3.782657928228806
-0.15673476094664732,1.656458080294142,1.4516185219688948
0.882095746485437,0.7095440906620026,-1.3142443598490618
1.1530157906699248,-0.29327361154051546,-3.5792628594445053
0.3602647016902169,-0.7839531992824467,-3.4584637476745965
-0.7713811394295436,-0.955936753399026,-1.3965387012269803
-1.1661008932006895,-0.252311016711132,2.447747734744061
-0.505749593189231,0.9194650753862349,4.810290126320262
0.7108445552491723,0.45248069422889503,-5.038326246542009
1.1446232815455866,0.0057984108794129074,0.6914784007301722
0.5075693364532116,-1.3433471644711363,4.096456409440301
-0.5389373572934586,-0.7691550901588398,1.134404404558852
-1.1929080495972264,-0.31385600001428204,2.8284665367814545
-0.7021545077738697,1.6306585464122292,1.4655761189283938
0.3569802580006649,1.0359273020618511,-0.9670370781861515
1.084638282618471,0.11602949480682079,-2.0559908976037797
0.8328768443772175,-0.663286850736236,-2.7219653604192815
-0.17156522627182696,-1.0901513463004178,1.1577242098701468
-1.0911263846062778,-0.9440388348019191,2.863578851226359
-0.9015859792560852,0.7583550032981323,-1.9807563770228913
0.0721347795615566,0.8659332257695119,-1.8208106633176202
0.8870312251293646,0.5802116856084044,3.731331357300114
1.0044935377566817,-0.27750381053737505,2.3123966403358227
0.10886250321624498,-0.6791524467580036,1.8464937160919237
-0.886723167119587,-0.7555667280302192,-0.6447367931372378
-1.0334682377494608,0.14720558570636144,-0.16924036749740828
-0.3164729728458944,1.4609108857092994,0.7608112126748912
0.7261263785055296,0.7119760517111595,1.2905408190282524
0.0008343526267126644,-0.9257077869932786,-0.564406596569238
-0.7900151748235835,-0.41481177490346244,-2.3656632661489683
-0.9800899048949857,0.8639985382389659,3.846639614568726
-0.06424737231165407,1.121671669166692,-2.2699642721732385
0.6959762743799478,0.8178533241843339,2.7397025718087558
0.9244159454939501,-0.4887673138583132,1.8922650360893216
0.21937760644819954,-0.7424282352032043,2.154839099662734
-0.671437862972983,-1.187753446610594,-0.24966100968767724
-1.0092375106282672,-0.391959970464697,3.343542330190201
-0.41520148521464767,0.6566984136980821,1.0227609604532621
0.5347040252779781,1.6458747504950295,1.3384926479726933
1.0837064626364594,0.06897277852048855,-2.962771515685998
0.5058371145803764,-1.392918602519636,1.8105812622459982
-0.4437656684973473,-0.4951033549624098,2.389132940413382
-1.0232055922641308,-0.008023487512859306,-0.32545142067971694
-0.6785973459651485,0.28818613690404615,1.1911480473556673
0.3118179396115268,0.7127364589421153,-2.8644949227808723
1.0314472863244681,0.24384547371354093,-3.804767021128664
0.7907014905847334,-0.052646117466559894,-2.479313317448532
-0.13357408474118737,-0.6337017817650326,-1.117114151041908
-0.9707539614768337,-0.13408210573269186,3.123491708548712
-0.9191672414476609,1.1282409660890318,5.498063818412899
-0.0035253244148254217,0.8204095516757601,1.5129287550674413
0.8775821852104763,0.04141451647656613,-0.913151897833146
0.9490467313067883,-0.12441424419748381,-1.1455026822792735
0.11977087121650995,-1.2961843537978235,2.2090711564401944
-0.7501274287966112,-0.34378671692439466,-1.2334028429077493
-0.9206358894575539,0.5857202297740283,-2.0200560142216353
-0.2706813888473084,1.215308509215482,0.2806250699477425
0.7754865828266798,1.0638792925793454,-4.772614214331246
0.9580395980565543,-0.6106445816404815,2.608287330827841
0.4247344799630275,-1.2129967157012402,-0.6760813749096783
-0.561925763172572,-0.4909993602962484,-0.41297586823106913
-1.0606678043463846,0.09652266701539292,3.5694979677187555
-0.4999373143573863,0.5141707677551055,-2.6237285730622064
0.4463404437627587,1.218512965039488,-3.881680260082222
1.0302496907557608,0.007572642126500995,-1.4916283008640179
0.6581924343897753,-0.8708084756805157,3.047314571223939
-0.22008928088819296,-0.710079848244837,-1.8324238734385638
-0.9715241342100781,-0.6126202029078437,1.1192140344240054
-0.768107686596039,1.0545731991613476,1.7704395178224623
0.16674129935199944,1.4310482823738215,0.6198450800290123
0.9788688375265729,0.3341739747798794,-3.907319495252893
0.9167413466434795,-0.21266831110819007,-3.5329071232624587
-0.04213566514361624,-0.7058650703870142,0.2153383906055678
-0.8304128042874259,-0.649812230593721,1.444488436714955
-0.8585228900405554,1.1554652646156705,-1.108111370874337
-0.11569641110652076,1.2904395523686518,0.7131837515500727
0.7734918022397798,1.2962483617029157,-0.2637084565153386
1.032440602478639,-0.4773208182813654,-2.939077594315962
0.2514632986290736,-0.8047569813769123,0.058522678031452946
-0.6285484805768567,-0.5794653763148272,-0.368736565523034
-0.9945032746249082,0.23646760934920297,0.10862225052143963
-0.43722101732951274,0.6167306908800715,3.6485950101167473
0.590417930097361,0.8802663910571176,-0.3721937528558561
0.9621915215614074,0.2785853120551851,0.29822913662720946
0.5442160009102991,-0.627583104510675,-0.7301162534281652
-0.39577720908196024,-0.9187655262262814,-3.1055863274828845
-0.9873765558095151,0.015064050207996837,-1.2676982672589538
-0.6518681463376026,0.9061091565044649,-0.5219696575617627
0.25955250616066533,0.8541877006342221,2.040317248056567
0.9420947695767574,-0.10169050740288399,0.5028800115228268
0.6877333548774245,-0.9999295668298019,3.255845066250849
-0.10976198609683743,-0.9271753150995249,-2.1855227682044878
-0.9605265689939467,-0.4145432972335983,1.928443694608651
-0.8097299970739292,0.3959547983316236,1.5581521105311447
0.044499721618455224,1.5000653840375149,-4.139024021351138
0.8334547611959771,0.9181919571715863,1.4920252026676628
0.9638965761896573,-0.42435508407354716,-3.4903723477996427
0.07667485350833242,-1.203009569044384,4.5048653310189835
-0.7664126956903194,-0.9359821245358985,-0.0207399485969062
-0.9728852904900605,-0.380744217635432,2.459056866599505
-0.3046461462227014,0.670383423631181,0.898609946776876
0.691006824515145,1.0952197078131565,-1.0464284177496537
0.973783600703324,-0.446575116265307,-3.0745630622830067
0.34979963877707293,-1.22705630159709,4.363856267383902
-0.5896680000340745,-0.9222608597644166,2.3385731227350774
-0.9928159857352838,0.031827954549223936,2.2162369211558595
-0.5580774953307549,0.8064044003233944,2.6200341845039037
0.5102946970538947,1.077717658223363,-3.826791687933573
1.0297506059744799,-0.009784010038965119,-2.4621154895333124
0.6609180526715471,-0.7669499583692907,-2.658736673588667
-0.29980441287918735,-0.9140553794461398,-0.9437420666220531
-0.9375879741268556,-0.26145611222543164,-0.7795192980769885
-0.8058149083619616,1.115184381223614,4.112519173208856
0.09324610372877075,1.0036113689358295,3.2018883510327605
0.920377177279606,0.22944966738688344,0.021855432313086648
0.844021188780892,-0.5213964005909527,-0.7463203954970412
-0.05788162062259278,-0.731627255001013,1.3889538258029699
-0.8338953317015799,-0.6683177343613173,0.5809421473312065
-0.825371627144936,0.29786724024198297,-2.4070844720605673
-0.11896539178195559,0.6912887879099614,-0.37591282733076214
0.7562748491325572,0.7637238468008178,1.0020229474418045
1.0123934491039714,-0.26777475223523195,-4.459161401075688
0.3017529116717612,-0.8052733382250038,-0.6570747586805736
-0.5921844551228196,-0.7768804507446053,-4.907203226883439
-0.9813677300159063,-0.22932407820418832,1.723651407855837
-0.39919256002885506,1.492666221742104,0.1419901851260763
0.5487154572604398,0.6270529787753237,-0.5831092045383368
1.0059015022496742,-0.20018867520318617,-3.6300915927270005
0.5440811434864075,-0.6704957861712568,-4.283551905467304
-0.48549927413531857,-1.1973665975549346,2.653039821957879
-0.9527639826791512,-0.458519216709683,-2.2778420695723502
-0.6356333875982746,0.8402866929537789,1.2657319763733588
0.3154984258067363,0.4254847953256283,0.17263618858151086
1.0270610899368946,0.27517110988550364,-5.354085162597243
0.7598195958606406,-1.1380416468603887,-3.1079376660102684
-0.13475500608960186,-0.8348547680563497,0.3121258001119326
-0.9653008237339602,-0.614283018165096,3.0976606077843307
-0.8239479388754787,0.705824262651929,1.3766260665673968
0.09205619718282948,0.637293838944141,-2.66202688988206
0.8971943411043616,1.0917429023368534,-1.8673630740417615
0.9315725608925725,-0.6192234541003799,-1.1265906654071318
0.16148317133295217,-1.2340792886757583,-2.2324615962692467
-0.7090657360260414,-0.3262311415442626,-3.647499042256843
-0.9273688486594466,0.21482948077947872,1.6163314653845768
-0.24567151284831842,0.841637041414431,1.2520330477696755
0.7086254473354634,1.0708875006706897,-2.4721755588616454
0.9907334808388736,-0.3581620647639139,-0.469058145929838
0.3474800625865525,-1.0768809999129962,3.6922685373771658
-0.5561239433640746,-0.8216852499264204,0.8043552161300765
-1.0108883369589732,0.04000374689736241,1.2025382054236207
-0.5278307128866134,0.8879198424379788,3.2777940120541924
0.4662403136855693,0.46868864939204613,2.251820338380003
1.0475202671024604,0.4823221290284557,-3.7364697374765066
0.6710369697461552,-0.936302869251896,-1.9856058906693934
-0.3093672835980877,-1.3096238288757627,0.010803979234119687
-1.0102660919211632,-0.4142547716285794,2.6850692356001358
-0.6769618707732795,0.526518232616251,-2.860850578714149
0.1680332387887056,1.4305702573441677,0.07852687327645824
0.9546534106631485,0.7723969235653749,0.541220262696371
0.792993775900939,-0.9027847771445713,0.1893787621226245
-0.07462114195637973,-0.8662900848500228,-0.6758066207712787
-0.900346670736495,-0.5726809421078644,1.3215874117779913
-0.9011373580852805,0.28136568746285007,0.45011138861563993
-0.12260778626587493,0.9772481957095391,1.8873369495136871
0.8658165984900946,0.9190786132704926,-4.228994277709164
0.9791867318978758,0.03884307231253992,-2.156386855931137
0.2380512215644942,-0.6680385056460145,2.064184556142399
-0.690161839922954,-0.7451051643364148,-1.7400066279496818
-0.9888316763206074,-0.1722665783173305,0.291506720497184
-0.3755677213840637,1.0052122405472437,1.8812559861429845
0.561741627912738,0.5957821068083285,1.0125193925819524
0.9609131429375029,0.09100514229461121,2.537332731021021
0.52241417056272,-0.7497836797423074,-1.6391262631734476
-0.48239821777450853,-0.6587592307982123,-0.09118781394422237
-0.9871802090187856,0.006700214460989562,0.394131137241574
-0.6135725472462932,0.7879320343903706,-0.544063385792008
0.34053639035484184,0.9973991118393039,0.41537325331834907
0.9789943166284208,0.38191362363791725,1.0810194197237
0.8288111619273735,-1.2105243148304083,-4.485942176158647
-0.1741110607377684,-1.4999589896460175,0.6073543715378144
-0.9704295520196555,-0.4542853286239784,4.695357524410205
-0.8684106436792588,0.9276524307386153,0.8918125369215554
0.09853570500355584,1.037714194346057,-2.6117871452103016
0.9179598627891663,1.1440735406670481,0.3022979467147216
0.8823828472387767,-0.15219377168388837,3.3696134281970074
0.027891146107967876,-1.2475913278289157,4.015812232250953
-0.8163734980239875,-0.3985120763679906,2.841114700118522
-0.9694955824223663,0.6204554394463457,3.8632860862390217
-0.2738688877405887,0.97266903495514,2.9763157904659203
0.7169331914171739,0.45996855409323134,-1.6760953482634213
1.086547470336018,-0.25338199532680183,-2.2216103774088283
0.3710747559733656,-0.5773014076603974,-0.7300057757301404
-0.59732419595838,-0.8683376932344689,1.2114905770264395
-1.068318797363804,-0.08498757362977727,3.7309247882948515
-0.5004839997254151,0.7272478593096723,1.5257687502137522
0.49380253039132854,1.0008429411453572,-1.9669822847507183
0.969554413225599,0.07438329500277896,-0.3560778954977337
0.6195876473120491,-1.0412788358353449,0.9194675810039848
-0.2086500325891452,-1.2446890205034327,-6.950818244997632
-0.9841166958169348,-0.09489417659422794,1.0329859379729691
-0.7432658173285686,1.0527748950388864,1.4026687306481516
0.1201724374336572,0.5462136391044385,5.890774701792731
0.9725778376771369,0.04100059362910635,-1.4277598025384977
0.835449150550188,-0.6588888907703339,-2.8601918139229334
-0.09624691831701318,-0.8403614382982963,0.8359600090179331
-0.862801183720551,-0.3258468368622258,0.5279364049390006
-0.9070336172374497,0.27564924262166945,5.678211163438198
-0.04125579824851064,0.6789760084398366,-1.9899759061888438
0.8299381206464078,0.7720678448223378,-2.559233989776275
0.9311307881323218,-0.37531306975048306,0.3208190734463548
0.1333475968391053,-1.2955242181620303,6.274105032754413
-0.733806383867049,-0.16580727464806433,4.758086042580858
-1.0326789806113252,-0.18002041144167535,4.573212902152145
-0.440595424075485,0.8904120407292004,2.9322999020417564
0.5693285435740998,1.0213981039335656,1.5393840912204064
1.0417494061366968,-0.4107442956493068,-3.1362115451504224
0.5137438384644653,-0.6495676701045197,-5.814155895216057
-0.5122034801959405,-0.6031497547797221,2.4983519089431065
-0.9800041947056239,0.08016256043855585,0.10060481115301848
-0.6333904918813483,0.726271852451188,2.879769534814287
0.3603302202792234,1.071054020271922,-1.231459997945612
0.9606185549813108,0.23122124863619364,0.26046847867012
0.7014218337779218,-0.7431293282736795,1.7675603995549294
-0.14391164311304755,-1.1638115743612372,-2.2737546579128534
-0.9810731407348552,-0.7226423364870677,2.98550801288825
-0.8063483347014864,0.5453594239224518,1.6490248232788498
0.12348656903626345,1.048796003413732,-1.700918702146782
0.9504813469374672,0.5870220220735822,-4.118279228088743
0.8899415325503316,-0.9762377913706444,-2.6933095492755665
0.10620514020857476,-0.8341974444253784,-1.7598033269051538
-0.880795205909404,-0.40914743350261906,5.406068542740142
-0.9628875976068839,0.9026941730967863,3.8353969007877167
-0.174355437794619,0.49742540585996975,-1.5710188836431576
0.7225092411346591,0.24786319092970188,-0.9147085105317698
1.0334354091968905,-0.1080086666623098,-3.1688890202083413
0.35412552588191776,-0.5718813291100169,-2.00537090873953
-0.560827601344402,-1.1459286600904142,0.3716324804327087
-0.9751725377832015,0.004741001270960332,-1.0065892529662053
-0.5058659716078634,0.8178906669297609,3.135872725928428
0.47486409797248963,1.4077190060782574,0.5035612424072416
1.0613332456925995,0.3261110928028127,-4.252695815809952
0.6228605400123928,-0.9760556967168926,-3.131286343649369
-0.3533589892157967,-1.1422774764265593,1.837496420935976
-0.9655205229583412,-0.04920037428165713,1.6358440269983487
-0.6068441488299898,0.6780193366921156,-6.984895116416695
0.19591366599288815,1.1093300034315616,1.8923371452392546
0.9290491130322652,0.421472024110246,3.58336746588498
0.8085064258470026,-0.6028534014480713,-1.329570576529346
-0.09479484836080154,-0.9131961269567349,0.02307040633236279
-0.8697323920766659,-0.8856262215242372,-0.04035833957898749
-0.8426990599786548,0.42553313849081564,-0.14315321743881226
-0.026280868575694442,0.6822996749686222,-0.061412768477121515
0.758247849489466,1.0424861975914905,2.526073379380259
0.8438521532928926,-0.18426562679589698,5.0625531418904055
0.11573968757878927,-1.230412885284033,4.489190908009347
-0.7136219981031273,-1.1702679697844158,2.3271618715505102
-0.9557216788356623,0.6115874249150127,-0.35988732121114114
-0.3703276134118504,1.082344082551993,2.194509540686381
0.6324751077093645,0.8978601925653235,-2.2104142749843136
1.079148154235412,-0.27481248154992144,-3.291895242801025
0.4398491695704707,-0.35442148160866854,3.4518181678573834
-0.433105644059658,-0.9097366843493029,-4.208936291549433
-0.9774330977850957,0.13436419843715353,-2.6275277756402593
-0.5746717139104974,1.3182074893257338,0.959932639826343
0.3719846994389912,0.6336296217320533,-0.4820397800152132
1.027271539965774,0.1135011511847639,-0.4765969127566469
0.6832466010150898,-0.6324864828780413,-0.8311900405101996
-0.1680412416025926,-0.6635691055499454,-4.546594095319194
-0.8599034725320873,0.06702779345448606,0.17756035436802514
-0.7872456757985397,0.41027340941170554,1.7587291949762778
0.1042313340287937,0.7474264690938373,-0.4141433234017533
0.8911377041331261,0.6990911436836172,-1.1014747000639453
0.9506685220605433,-0.8607419110069703,-3.4476584287406946
0.05519417965877713,-0.816240765317001,0.10714748542981711
-0.7857206816058626,-0.31504872353647184,-3.0462710380962714
-0.9470374661592488,0.07401212113352762,2.2492118238936243
-0.14797155699516507,0.8840426050443703,-2.39689815220657
0.7459772764894342,1.0222078316362315,-0.36887320193141393
1.0386380157004276,-0.48036231688458164,-3.4006868060023434
0.36123366686764513,-1.4101277111869204,-2.812680548363111
-0.5954707356628157,-0.9327980838945371,-0.33087524454000095
-1.0020022844492775,-0.3094724309889435,0.9697530121443757
-0.42362923705722916,0.7712192974338045,-1.0149464947389946
0.4408152686764249,1.5219317455183459,4.555966834670548
1.0249270463529276,0.478766642529706,-3.746423382962345
0.6115441528905915,-0.6764664257880243,-0.5776325095090806
-0.3107347986308988,-0.7465173093737689,0.022782531652256743
-1.0524465622797423,0.08668996743468993,2.6789066520772096
-0.6664832459621703,0.6200300158058353,-1.3192764094460134
0.2896473624607474,-0.009628611660593422,-3.937718753216365
1.0132238957866668,0.24299367159445473,-5.610481886180301
0.7985609029935073,-0.9457032987706032,0.11305278618934322
-0.11590437262288641,-1.3681806990049246,0.22350024800899315
-0.9892824749134099,-0.41594193665791424,4.346971528693764
-0.7617232011408526,0.036726495505439716,-4.519228283553068
0.0013380568213302857,1.5606629949704398,-6.777696664327949
0.8788888016164937,0.47632998458459697,-3.522577252567439
0.8731179539971072,-0.5125622035368727,3.8834347919807946
0.1440772021214947,-1.135649062497564,2.2383298919126497
-0.7208578660207948,-0.5187140809829288,0.9134307238216127
-0.988611170992439,-0.03214628765962679,1.4481798350725943
-0.40428498951769554,1.1250223236954071,4.7531918856846875
0.6442746131140764,0.825013225491627,-0.016848562151178803
0.9688874965550138,0.42256793672871495,-0.26082437300387074
0.4331960256915924,-0.8909472363166223,-0.29933846043679824
-0.5511767982133724,-0.4050864860717754,4.956191071846711
-1.0449949048748857,-0.40427337620627557,2.832797817609321
-0.6169902937181866,0.7974271279301833,2.9200626071871247
0.34109618567310346,0.8560279342886318,2.180532222297291
1.0188256803552957,0.18226834626556776,-2.1351591169745667
0.6912589778060894,-0.4233921917659733,1.5377564847519403
-0.30649182003967557,-0.6796015987966098,4.555085839997566
-0.975626812650135,-0.017156611006941547,1.6931146611006813
-0.7739977031616032,0.5094024640449551,-0.3542201725237837
0.09868834129325879,0.9689723789833895,0.9769951499460133
0.8943669200630641,0.11456890907133643,2.904216864309073
0.8292167083797284,-0.25441219838872375,1.8164241572678101
0.025133128649273223,-0.9415843491272979,1.501578348315688
-0.8180685948263766,-0.5207432518947552,-0.6047669445973594
-0.8538934954162534,0.39857340406995456,-1.3625640188411363
-0.20583956864047015,0.7288104174214242,-0.17491922257946602
0.6770441522479428,0.5874718540614815,4.111290671386067
0.9968154427259159,-0.5096381480243356,-3.2077994422314657
0.28977040782578967,-1.0138718911057465,0.0794236873339993
-0.6913606776575274,-0.7735876731511199,2.4882428734216955
-1.001705286376679,0.02311521560442842,0.45839394077316675
-0.42809606987242715,1.0387014799133238,0.9074254603655041
0.4312332068783479,0.8942836851575361,3.8154715047320713
1.0073569818661328,-0.06426497908755602,-1.6947005893769445
0.5462754543535294,-0.6316574744490056,2.8967406149205353
-0.37408533170572905,-0.6997601790524999,4.005459583445017
-1.081712905167258,-0.17844050060206285,2.709123524881
-0.6817012198466892,0.42014693379614054,-1.3257266392623448
0.2422125184394654,1.2582324588147316,2.345361510922502
0.958686980278419,0.48808907619790565,-2.4781341928283633
0.727752488797889,-0.5175451614642573,1.256903108330654
-0.14831081925938877,-1.0460401479407235,1.5180404706096828
-0.9598724774871248,-0.2746225818915904,4.878457755066755
-0.8502461826006611,0.2537250677796843,-0.22463499203443316
-0.03930475899801353,0.7832181320653681,-0.18026792808255587
0.818079549143441,0.44496425262815054,-1.6537975748250417
0.8820742391663661,-0.5267665765671636,2.248518372315711
1.3672156460708187,0.4307084661892646,-1.959233996762863
0.9590638492666571,-0.9158012369712115,-0.6179928817870417
-0.31033854028248115,-1.2449046998955728,-0.9753480112081925
-1.2975502768080878,-0.0917264888741498,0.6420498169423363
-1.0306873188699939,1.0838619307497337,-3.0288575509432345
0.049050714987820127,0.9983867738028646,4.530686584746779
1.2394452614967169,0.5713986547277228,-1.6713950383006109
1.1656798805647992,-0.3287999886011894,1.819986386846855
0.06703006076958709,-1.3043731272727521,-1.1378799755981095
-1.057002732801303,-0.9959325986201273,-2.7343499644590157
-1.2559403607271484,0.8585644137478254,0.7597330293171223
-0.27773560652608037,1.273268987170878,3.00290894814377
0.9705177330013157,0.7417855845600813,0.5818455973006542
1.3381514693950445,-0.8801877437943872,0.4512124281428163
0.4206161474558471,-1.4813373179975533,0.9351948240534125
-0.8872255824232494,-1.2854769924500546,3.7807466785527963
-1.2901521152364013,-0.3086494043939858,-1.9340235032662523
-0.5714579239807768,1.767360081295552,-4.036805218586144
0.6936766919496309,0.9141565480620251,0.9523157542885158
1.323485793515629,-0.037697251977842905,-0.46558166976546894
0.7932492985967825,-0.6458430241990876,-0.5842513626565765
-0.5389787098207939,-0.9052122511117688,1.1475817816766765
-1.3251937099214148,0.09944555306961145,2.1351124321633783
-0.9902364569617235,0.8720359332900374,2.208585693117954
0.33943092083973975,1.0573337383814885,-1.5343672141522602
1.2594544959317615,0.44018427418742845,1.6611875054894025
1.0427730108073892,-0.5982282545168388,0.7503790677272049
-0.07684428107284068,-2.183112957994618,-7.296933042744349
-1.2624447854068979,-0.3515918146292585,2.5769555732832083
-1.189836602050301,1.0147195346175608,2.2606202649635034
-0.05528950650070495,1.5605871101288398,2.9517421647674524
1.0963187733435071,0.7881303640666548,1.6323457116836664
1.2346563217609163,-0.6331119048312861,-2.2990155223971644
0.19975104051174694,-1.3237756536313086,1.9358828789231874
-0.9519366325550405,-0.8863085284083616,0.7582712523454127
-1.3450774406144523,0.34181522623770055,3.0356790442654056
-0.4336131401420293,1.2880159918951044,-1.9427761376166408
0.8675715687727191,1.0448502317056567,-2.452645471825742
1.3464901275806207,-0.30193275001680564,2.0072551668639913
0.6018640722188646,-1.267249424157239,-0.9130907653711928
-0.687342476957389,-1.2332206646384691,0.8265153676786285
-1.2972587052115558,0.07208700373148913,-3.0687823231715594
-0.7246451062441922,0.9862604803088187,-2.4537720821606706
0.5120602111461942,1.3400978545785152,-0.8394445015865581
1.2488411311066443,0.0029179144454172246,3.7344838852965747
0.9071516669741257,-0.7854042726822896,-0.973816612765141
-0.34400276553894604,-0.905759644705195,-1.1797829327932141
-1.305395648060226,-0.3963910605970611,1.9244382313715784
-1.072249390140783,0.5774473725286278,3.5089998961902267
0.1491880018520631,1.3410810611909403,-1.0959224178244331
1.1661208726149064,0.25245133645900086,1.7944757761728163
1.172042553279919,-0.4354628637914415,-2.7507890032363567
-0.026893795375216495,-1.0071595612195468,0.6932383363883543
-1.0948984821737109,-0.6645861444129508,0.15109464575953135
-1.2395703135215126,0.5784015507756335,1.7779762321648298
-0.22195984534580582,0.9321341815152506,-1.2866187568288368
1.0162954490588527,0.913401281950571,-4.627206151029587
1.2719239198240375,-0.3198352775933777,0.8706463322751373
0.42941672718368784,-1.2768883584957458,-1.1396791508435966
-0.8509001999756352,-0.788876007685726,1.693370870078581
-1.351087137577582,0.4743760583310752,0.005624149957917102
-0.665361469527689,1.1635149004706669,4.342238574165723
0.6268613057295853,1.0679027381547568,4.409806629734521
1.3679702495715707,-0.22154021122242074,-1.5541507370832546
0.6877920314181433,-1.301707822799395,5.05713920633018
-0.5631312490866816,-1.4709333607778459,0.6670887120539182
-1.2902156291680085,-0.15936812963035174,0.09069347171780678
-0.9555888852203998,0.9222924624436057,3.727572694765993
0.4184806499625852,1.1514537766725077,-1.964388177823706
1.342099546921585,0.5578760943183492,-3.2744937925022204
1.0229853220216643,-1.010457038214924,-1.727902636717607
-0.23449409475541072,-1.4613731202234064,6.775274885255948
-1.1917634737272533,-0.7471731508133395,-1.0666867038250816
-1.0716919454051503,0.49128441918916854,-4.712404750535131
0.026377700660030916,1.5296724156228276,-1.088573535035714
1.1312923054620656,0.6778835037077968,-0.7638714046102457
1.2439066499634204,-0.8731858028208372,-1.354815112121149
0.2276052045069326,-1.1667888971846587,-1.425065687391156
-1.017075022238304,-0.7263276397547513,2.39101841642014
-1.4036457311192931,0.033642165633661625,8.860599645145063
-0.3502182738537137,1.035060500345308,-2.806735353740527
0.8925675455411667,0.8034332284205292,-1.8103544250026276
1.2734034198548332,-0.10624169976490405,2.147176664107031
0.5686677736788878,-1.2079632436975742,-0.2770051539242313
-0.7379429557019993,-0.9191915895372277,2.66501662401187
-1.3394954476182341,0.1461215578829167,0.06899042451422671
-0.7340817990010942,0.6328754001469006,-1.0555347581338437
0.543023849240966,0.8862393428923659,-2.278618880095713
1.3445383303930374,-0.13607028419732936,-1.9100907693676288
0.9419413645563385,-0.3892942486338208,-1.4804078188614511
-0.37888357566650516,-1.416334475919011,2.3684650144464325
-1.2525453548864247,-0.7653755579378629,-3.0551813495078233
-1.0492716389506977,0.9914994478642691,2.690166260055505
0.17470574992680626,1.4718268723017796,1.4761064445177974
1.2101274483401885,0.6538282994527311,-0.10788995472872376
1.151196886253775,-0.5338279639268662,-0.707892659823407
0.01620122755846315,-1.4204408967955378,0.7679895674500337
-1.1181636993486246,-0.6059316329458664,-1.4647024393270036
-1.241954340013484,-0.05798337344534832,1.8889152096644384
-0.2110333693009774,1.2494840207304962,0.4771131527833894
1.0421063217976054,0.678552635700308,-4.500040801835073
1.3286472960311562,-0.6298694533980798,-1.8516879611325037
0.42977835146640836,-1.1393042349836873,-4.506390108538056
-0.974238565845629,-1.1520813002587187,5.563639790447021
-1.3851085941921835,0.5249212929144187,1.1722282264101553
-0.5359144962468486,0.7803683448701115,-0.68794598540314
0.7388419524157818,0.9160222054407119,-1.9585718905943383
1.4443714421391622,-0.16138621283746435,-6.400382306121617
0.6653994961377754,-1.4202567011674732,3.157495451714254
-0.5221761898020011,-1.135056726220627,-2.5327060602120643
-1.3751935883797506,-0.08673948810058563,5.3483669787730355
-0.8862982658461628,0.9380779708693776,0.648944700627862
0.3023938674055941,0.9757319072818277,4.5732006572571136
1.239080411791869,0.5770398671441379,0.02770743603234288
1.0186205644755024,-0.824379831143156,-0.3031436398885312
-0.19773927457939613,-1.2783319886902467,1.091154903234799
-1.1778112510953112,-0.12326802511891888,-2.8296150109902496
-1.1077616719024619,0.5611222004832195,1.4166797000822744
0.02726407992826502,1.3838015993858488,-1.192967956249168
1.0918691097078206,1.0455664844005408,1.6245074131207764
1.2440698228615694,-0.4027242154928401,-1.5214624002688415
0.26988569744986335,-1.2811477975580503,-3.151667496084274
-0.9920473381702037,-0.6609744298397896,1.410496706214243
-1.3258336407188593,0.09980103548839492,4.796331676944394
-0.3617736707664203,1.4266267215835255,-2.24224595566134
0.954400905662984,0.8597704634519637,-2.6900247793184175
1.3851326442925704,-0.18785376947932808,-3.870932874263273
0.5802595264964208,-1.1986625387896361,-0.8783814212056018
-0.7362873977901413,-1.1077896125376423,2.1990235951961545
-1.3461909881100607,-0.3998762158053937,0.1119789028166511
-0.7256631525087212,1.2417321501217804,1.3804882590295524
0.5605512119801839,0.7476855790011327,0.2818640399732619
1.4136735904146835,0.32509651521679506,-3.3164232812740844
0.8989734056170112,-0.8895404300358861,-1.3583823921452125
-0.35022986750694285,-1.0501846669149852,-4.340375295360917
-1.2377694174101104,-0.11489059867170415,0.5012789448412994
-0.9852154247048263,0.8506156667537301,-2.656669108296928
0.13894127322820257,1.3773627691264538,1.6563413041801016
1.1794555135601144,1.105122968791431,4.410842249156872
1.1487027735666149,-0.6819997590814886,-0.6529346452607898
-0.007292976676808513,-1.543387119543921,-1.1246098696832918
-1.118995792750487,-0.48499965947764845,2.385482175736196
-1.166120769963107,0.7031605562662235,-1.3442377035711495
-0.24693684915137779,1.0749987900281082,-0.560788248158689
1.016797040205579,0.5000351524736435,-2.095503985236475
1.3507185220386082,-0.22787654081936282,-3.319327068060596
0.34822614374880556,-1.8425473412168563,-1.729453491840418
-0.9039005909981033,-0.7110895422208613,1.5004048816925297
-1.3686958703376453,-0.06632493087653013,2.3092980737680686
-0.6073030621456896,0.9714949300459863,3.3471081603594692
0.7411005906734422,0.6499017270939267,3.5447901079341153
1.346562201479122,0.22367209474166816,-0.31129213147143053
0.7161960931740504,-0.7480281161615449,0.15407598154536517
-0.5501168051108786,-0.8024426654480438,-2.13397932585032
-1.357867404222743,-0.055874583334507566,1.4547382299835714
-0.8251736092797907,1.0813662394422174,-3.4341828517037207
0.3820156012219519,1.2923533933707267,-1.5312212125240203
1.2727595560662337,0.2909980884633734,3.0810279165728924
1.0440340560293169,-0.9588891366966557,1.3498315932737648
-0.2694768378334724,-1.6442921171046092,4.216573501876659
-1.2321107223173957,-0.4522668945607389,2.4142782618602094
-1.1834831382055604,1.0755114378190123,4.575903483270656
0.06837381493912022,1.4677790352098434,-3.0842426143801225
1.2185314826201457,0.5196271586913792,-2.9308903040146617
1.261222682184056,-0.9605928642957828,-3.421826704888171
0.15723666750346507,-1.4071020840717277,1.240882198083012
-1.02277172729624,-1.178488232119822,1.2687160650592582
-1.311264529945395,0.4041387465491797,0.25553708481586
-0.36189523776638877,0.8035983595441443,1.3832333195389368
0.8909487856455871,1.1711783167330903,0.6151033837507536
1.3262405777529112,0.015230005714845785,-2.0715734104479475
0.5629656757351321,-0.5664409011581967,-3.6060779538443755
-0.7050421525006131,-1.116879149649234,-0.8101432398210395
-1.3675016198638925,0.10756057050138601,0.4503741530379864
-0.7123903249671432,1.1231181451019745,1.4672998863365483
0.702166435191805,1.4210795241970493,-6.856205374663522
1.3454368848111282,0.5826276804037189,-1.8791242409383964
0.7978830910267813,-0.7717935391923914,3.207950088063799
-0.4283393580625515,-0.3722292048418671,0.5525330413603213
-1.3269080413438525,-0.37459019494889945,4.11477432838735
-0.9992284689499137,1.1365837620926345,0.470035001843081
0.24972553705439898,1.1759138080995497,-0.6388195602634583
1.1922140702055817,0.2994338661830531,1.340721242864923
1.1277491800785913,-0.6060594406413822,-1.0041663950826933
-0.006379784278791146,-1.623531478080968,-1.7771325779273528
-1.1601830744111445,-0.49392318149741654,-1.1063250158255151
-1.246626531702985,0.9092605690312028,3.9617213478341196
-0.1454440347315679,1.1840978257536448,-0.6641851233826068
1.0394416773821977,1.3720722065030082,-0.5295575053430113
1.3230016531531654,-0.567077454288113,-1.9709289428293646
0.36283529795610625,-1.119313254991932,-3.9706782570874677
-0.9424913281526148,-0.7502886897242805,4.19827702328587
-1.3238638791788016,-0.26070135381670245,-0.789950450762289
-0.4673878812910318,1.0867910671226806,-2.5951295638309855
0.7980139554527007,0.8699034289134977,-2.6734675469484146
1.3796016072045338,-0.6445784360716822,-1.0125109836153283
0.691450906888441,-1.6675347823246405,1.4295655014353281
-0.5849033327844677,-0.6547650946013917,-0.5281114744024096
-1.4179023790022702,-0.6436254665083851,6.321331678713628
-0.8839395486474643,0.951243913414544,3.14691991997042
0.4143696326897444,1.1749493284646975,1.3550544639311513
1.288294720262974,0.32183342967416984,0.7700483741535203
1.036725954057433,-1.221464800354315,-1.9262722650817858
-0.23414882171018064,-1.4769949767422024,-1.174080571349535
-1.276893160892394,-0.5655622727028697,3.5744617149718008
-1.071964944492362,0.46711328385686923,-1.0272980875423887
0.12159852798680573,1.2963073039132833,-3.870287484676768
1.1507687404681848,1.2413394034936165,1.1032399288816213
1.176162126465665,-1.2002477200537143,-0.5753868959314462
0.13554460459270748,-1.1787699769848576,0.9527579201269165
-1.0542546680587803,-0.975640355857828,-1.4162679038526886
-1.2778321627457487,0.20169453960012684,-0.1770334259337364
-0.3328216505551055,1.361223255036308,0.5188344443526005
0.9102205018750904,1.0301456428670397,-3.0919648868835656
1.3408652357915642,-0.16153713988980134,-3.4958822248390318
0.5299555912247734,-0.7705721532619664,-1.0135554628576227
-0.7739625544520375,-0.8438883786185131,0.305680753810042
-1.4050963319979735,0.563149172070424,5.0154707059369
-0.663461109810566,1.2065824760193526,1.0198688556517588
0.6054708871849602,1.4539015884841293,0.24956950346175788
1.3737615589372612,0.22833898772940509,-1.4463726265373407
0.8374057796341261,-1.4747034630302014,0.6437336988395936
-0.4707686862067507,-1.653143659416925,3.170965526377149
-1.3863346672499053,-0.6022664721270254,5.076089654261091
-1.0509959928323866,0.7899705987185646,3.7285022476479637
0.26530765965300185,1.2760315264007054,-2.0182004327406697
1.2242431403691914,0.7380445213405029,0.5411145551157234
1.1082503316692247,-1.0736433140168022,0.06935223671554691
-0.036175827405925634,-0.7762494471541805,-0.46262163610170326
-1.221401859500094,-0.777413720157426,4.367204020383911
-1.1972146998998543,0.8785463650574732,1.037634610537214
-0.10555977701402437,1.4118777189525535,-2.320676403459495
1.116648459685885,1.186529638841799,-4.037688461848755
1.3325146127621341,-1.004315998522639,-2.8106513603229413
0.34530504076650254,-1.168607218412648,0.9365885162551368
-0.9082888894913959,-0.06410554006148705,1.3678747407361647
-1.2733885834568346,0.27634128073437125,-1.3393178406917727
-0.4859046658681156,1.1684025610794406,-0.603301407464294
0.7133636536082407,1.432010499317966,3.255047460806642
1.3571209441090264,-0.1885337560308764,-1.611353302502217
0.6317601021156102,-1.2621263397819853,-0.2862304675439331
-0.6880090268495054,-1.2136782453493904,1.8202386756650424
-1.4055274037557792,0.09965489284006979,5.2026406419778635
-0.7989227780338036,0.5997414848074273,-5.303031279533925
0.39437643315932863,1.4405903132543618,3.0938446018812815
1.338003595878372,0.039497207550284186,0.4813574733764983
1.0289098488788322,-0.3398356504741573,-5.780807941013808
-0.2638707080992965,-1.036065315767251,-1.7043683509823804
-1.181595181451482,-0.6504527358792944,-5.2534940994014505
-1.0628637102299257,0.7386444610825649,-1.9566593984395024
0.08317868052344361,1.1174141370735242,0.7739273505242272
1.1187597049243339,1.0411433054290153,0.1487932269062986
1.2364445423370074,-0.5827854285927303,-3.1848651239578762
0.12292265240757,-1.383988433362655,-1.5190596372633474
-1.0935223503148728,-0.6549415084544252,3.2215867708509847
-1.2423902981546264,0.8018989396140808,2.0347596070253107
-0.32074419635077955,1.6676567984664097,1.9154365400751672
0.9001760339590923,0.6499870080362513,1.0231635908829495
1.2840111256202846,-0.6388724885970343,1.4008112591067383
0.48295629733740775,-1.3814804874086457,-0.7592870828816056
-0.8502393171882678,-1.032436732038522,3.5187097713329094
-1.3874149337115431,0.5764640160355616,4.201815473686106
-0.6431859126047001,1.6518124842470998,0.8904217961194938
0.6630788508211911,1.0801178913245573,-0.9535931249592455
1.3520109569155272,0.3463657594366387,-1.5132464142149304
0.821068264326563,-1.2173917029906944,-0.25616999891706405
-0.4511119158264628,-1.8550089959158451,1.8676644277953214
-1.350248343407715,-0.4677135425793788,2.0715786061043526
-1.0224004852893422,0.9425096614321732,0.5478335345077523
0.33387826301553136,1.3598675310645907,-2.5086346982608543
1.3575237074283653,0.3151601037199858,-3.29345119402777
1.111659137629829,-1.2853138374412425,0.843848089729477
-0.05564920185682001,-1.25977161675026,0.9268289318314538
-1.2472244689950873,-0.3652108874842097,2.955502947249423
-1.202067928517369,0.6285221180241307,-0.8800405126353
-0.1315806898066461,1.3666023253424957,1.787715594227205
1.055445872642444,1.1188922459948796,-1.2382926251689719
1.264844597306819,-0.4409469632182472,0.009374010501855823
0.31987772283506566,-1.6009340915677068,-1.4224399091079964
-0.9055154172772805,-1.2579510456042409,-0.7269821891018935
-1.347204130990547,0.49530759980089045,0.7567800373379846
-0.4062926304124841,1.1573364868836713,-4.157390671556909
0.8334455073343812,1.1528116355143752,-2.424598669311253
1.387602632736417,0.18068795591321907,-3.524752854152314
0.6914287256319676,-1.235380703296312,-3.9162653600178103
-0.6329570057130851,-1.1789231810723992,-0.12592771993340635
-1.3184659794463627,0.09773895684664691,-1.097846302540384
-0.7667904692348931,0.9879392851677632,-2.3822946114564494
0.5652013162469605,1.0705917010499184,-5.6556573385191795
1.36446507672332,0.5715413734313379,-3.3575736112755665
0.9636712040322751,-0.5547613387209493,-1.904080604033484
-0.3648809682217571,-1.3285921126617712,3.71310658709742
-1.3568621211927678,-0.17488758241881563,5.985048304041469
-0.9843738596226199,1.0005154316098175,-2.7457152972496135
0.009571158286805784,1.7667881296391312,4.381648369846221
1.1926120469518635,0.47277282603721216,-2.1610243463638046
1.180960875233648,-0.30377526100198615,-0.7430207873152128
0.0934589604342995,-1.4384252205730057,1.4150256509891246
-1.1484228834199008,-1.014451156724178,5.365233121663722
-1.299876204345301,0.21613010076107053,1.482325963657039
-0.34544569528978314,1.2284548025124948,3.7774884001445823
0.9969089942519136,1.3592819461066135,-3.259446476982555
1.2796941787937,-0.13290314916299506,-1.745109336690382
0.4516641555547478,-1.603853715745212,0.9161824554566633
-0.8449481884885636,-1.0525460141971892,2.690245280800322
-1.3388941506188274,-0.19649567760672837,0.3966489428455958
-0.6510097155688008,1.598855891870099,0.963383411611497
0.6498208742187883,1.1179687781556906,-0.24365121900765008
1.3235566984203935,-0.4592677008897639,0.0005468766860805552
0.7281364143748899,-0.8064114121691068,2.0239827085226567
-0.4642839720238023,-1.3334725708511632,-1.8285895560085719
-1.3420119282901004,0.0163971529311846,1.5249081581129371
-0.9585232731125614,0.9638252855375951,0.12222349356804108
0.34130054212509053,1.3179445868345807,-2.0136608099157938
1.2318445710671655,0.7597522034440574,-5.36535438862747
0.7903510570048027,-0.7697748293048223,-1.9888297363801521
-0.37727378349491386,-0.774203882203322,-0.2350143431922258
-1.2140065954976862,-0.1404170769562474,2.8095105712070145
-0.9278738188994095,1.0454117367419695,2.851789154246831
0.2384092504460014,1.0867892340842829,0.2972363233130504
1.1309020613553598,0.06703488581487727,0.10652568695762588
1.0170754543016784,-0.8063331139561081,-1.2331226409792313
-0.11398050604135024,-1.2126689206966583,4.013923487285705
-1.0964531173718548,-0.9027642643148542,1.3081612592746739
-1.109960687110618,-0.13350469521963504,0.2035677035972519
-0.12859404188384965,1.2111966759547925,1.1615591385250434
1.0378929260885768,0.6538673672833739,-3.3316552498984864
1.1673519324487949,0.039186924598735295,2.0451886585537813
0.2417960328367239,-1.0141795998235543,4.672772343613099
-0.9233474326431386,-1.1105956113194608,5.460855420004589
-1.2226181677455126,-0.38987201465077614,2.2833396854019976
-0.4473080210277035,1.356048533665949,-1.0219109702396434
0.724723694942348,0.47188021517969136,-1.1979122444578332
1.1710533471452946,6.140462990078532e-05,-0.05707444810555462
0.6128327669953547,-0.5770903897600527,-0.03350042655967389
-0.6689543666086023,-0.7436413553137458,7.682817140915697
-1.2729218373546394,-0.3135345360831876,4.196764709003637
-0.8337816607629247,0.8803585029323552,2.724475331624266
0.40108945942472596,1.0887722118930137,-2.084714123247294
1.1525084533222107,0.11174151563078438,4.4958412975925794
0.8969107481885227,-0.9512994227978755,-1.3672217453314317
-0.18817951709297187,-0.938196693191398,0.9097636496683315
-1.1308762442619973,-0.6643659758383125,-0.6749354983681285
-1.0635938708853945,0.6346595994985915,4.332566316259026
0.06519809801848231,1.2764245347976058,-1.3655828438918982
1.098626563356307,0.9156183556933739,-4.045561877045492
1.084901601560165,-0.5332846190503149,0.9614489268936766
0.14748230288216163,-0.871590897716686,-2.2723462074921463
-0.8951204899070772,-0.8355905039184347,0.42178533650138184
-1.1738063150256521,0.880591293968449,1.1311348657891247
-0.27937454581991483,0.679843415040558,-1.11987987778347
0.8026002028531952,0.5744356396167893,4.226085837579069
1.2005264163763876,-0.16446744864565432,1.0510272468352284
0.5359502927577109,-1.229061597960395,-2.911564422437826
-0.6869885193062109,-1.0053263332798112,0.7773406684685163
-1.2087752838254724,0.7780334300995306,0.10209234135076226
-0.5992731951526986,1.4313984282536734,1.7286617673197813
0.6364307920768874,1.1498755803846417,-3.475519871243308
1.2965446115489603,-0.06759192118516388,-5.350001589852849
0.7390095358571209,-0.8684127274749837,0.23882254802561065
-0.359588221285917,-0.6710475914935804,-1.3454965733696194
-1.205550797676422,-0.43586285068972663,0.21249778322782242
-0.8592578314681829,0.6379751763793867,-1.7389140018785048
0.23906118494934697,0.8048120427614299,-0.013599177029092191
1.1931745558234497,0.7424743875737005,-4.097820510041901
1.053539809452649,-1.1681440630542428,-4.941718443321309
-0.08046386311440079,-1.1905074147300014,0.7506281191551495
-1.070508117916454,-0.4183258070392948,0.35416270999231225
-1.0448327019303139,0.3267468289213227,-4.0849136871241205
-0.09447954460261604,1.0348392904659458,-1.6070499016100837
0.9840126350156531,1.0416601499881728,-0.9335292076067592
1.2717312894226747,-0.48987403227104154,-5.089650410387271
0.35768339674007754,-1.5656239447040576,-4.285507721211413
-0.8331319446197861,-0.7031971471445164,0.6421681080593444
-1.2313911403454276,0.33849968907807115,2.152268047916556
-0.4037296930028069,1.3654377901347283,-0.1931371056454867
0.7650791360458318,0.4618520064986281,-2.7477864725376344
1.251343189886778,0.6577247362002725,-1.0193829266312187
0.599608403171214,-1.1110012135230602,-1.8289339754828482
-0.5567451609656809,-1.1093755916640726,-0.9073434844777151
-1.2441527886103971,-0.30360846324905877,-0.947225634144472
-0.6949205495085773,1.127637129790559,-2.2450681102547585
0.4522990038553122,1.1646177213346283,-5.1843466700138015
1.1921395905999883,0.47471199400863306,0.35873008236481707
0.91629560515808,-0.6515445586227087,-2.3674454618618124
-0.258451753162075,-1.1977422222337704,-2.4968283718463535
-1.1711912012676244,-1.0868070797431584,1.4472028748523995
-1.020430506131926,0.3779782852067859,2.3121711105116907
0.06944427758116156,1.5221953384075804,0.8068662056130166
1.0392464638942327,0.634716410319236,1.819691849613192
1.121339695510652,-0.581132359715959,-3.695105079678982
0.13291271975737357,-1.613690757443166,-2.328271846162915
-0.9890713059029055,-0.8688294170697242,-0.790961257188757
-1.1496444052822183,0.48834366526943285,0.35581799732317787
-0.3138453331664682,1.1070134424981726,2.470734685051635
0.875707199588874,1.0750118300402522,-1.998894544924788
1.2143523028225498,-0.010970312261132653,0.11084578419718855
0.4403536798217014,-1.1274142244766054,0.09976265945667917
-0.7611602685553738,-1.044664627940628,-0.7443430815137408
-1.275451802365619,-0.01302291125317101,4.043077907952087
-0.5916890587113147,1.4932869972984275,-0.25172169239845277
0.5936904174988802,0.7498301940424912,-0.5753398123337483
1.2392727050068413,0.5404056416980185,-0.10532101733900498
0.7218790860218042,-1.0990878239692197,-0.2315520680016675
-0.40464534641960037,-0.9698254644407075,0.46508417752888276
-1.161695389950258,-0.8073773204380641,-1.3816075873141598
-0.9119777757799177,1.0582595380195015,3.3409324346500573
0.22817466907492368,1.0956237006039322,2.6021593230394973
1.147219876702689,0.48235718256138593,-0.2377897469239501
0.9433175630472947,-0.9539933025156133,-0.20025879419287962
-0.04984013489465478,-1.5701897473321769,-2.461513120478014
-1.1329725084485427,-0.7997663327173582,2.0359119949626527
-1.0992909978930216,0.8046563748678542,1.3457630274605341
-0.11331690565545564,1.2061568976213515,2.362819964510897
0.9949659715071447,0.3459995722745052,-0.4200567797622956
1.1897361801700885,-0.5692016281352652,-4.4623758506056275
0.23907071804095448,-1.1241821187294347,2.1938166699690376
-0.8807522278010244,-0.8111478593348098,1.4054492686377162
-1.222507716537864,0.056955741965206697,1.5685106692790998
-0.49766826095725125,1.218691370576869,5.717211282197488
0.7750740034911349,1.3701691449303155,-2.7780106934823334
1.1940428084058372,0.393213057039441,1.4965182466358136
0.5216875133333027,-0.9849698689251934,2.8111233789105854
-0.5737939946828887,-1.0722285274021985,-1.3271638090199216
-1.2925035993773626,0.40731727924831373,4.937712402570111
-0.7100873732476524,1.1585017059303142,0.7410775447551343
0.4925775948084464,1.63199414603952,-3.5634038163326354
1.214006849961541,0.5355892010515217,-1.4953310005154044
0.852992430564153,-1.1991255144349855,1.4188935128447377
-0.31540212142804763,-1.556911456612247,1.485596939195396
-1.206801639673271,-0.418303582440378,3.10309913225807
-1.0041538790854745,0.6243021220834816,1.2191968645317863
0.09062790306500888,1.609099888982596,0.03406333239990178
1.1597805239222179,0.2208058528506407,-4.595967950016431
1.1443177420180137,-0.30598295793244135,-5.675535441566867
0.016850365990119118,-1.1348476614909249,5.8909742123313835
-1.0642971642577477,-1.3093772427191768,3.89296054483149
-1.23498184732691,0.13453124791445115,4.416367577478299
-0.24166881992351819,0.8539576304805082,0.06645002641315623
0.8840449548574807,1.2993086058491925,1.8343643630550193
1.2416465030868704,-0.08647420320623489,-3.1718037213231587
0.5429356469644375,-0.8622708667799528,-6.355566563856178
-0.7800339824542044,-1.092996677423338,3.3694510050723627
-1.2783424795152232,-0.0399270282746067,0.8235980129606418
-0.5508464117354145,0.9602666654944758,-0.5167852088814828
0.5819835939001783,1.1949064224280226,-0.1647608270390466
1.2539772632586894,-0.42505813240745427,-0.30252331753321576
0.7124698954680917,-0.8410338802890072,0.8968963683697889
-0.390279689568195,-1.3644117107644884,-2.0760096823593357
-1.222224673993498,-0.5862221614743035,1.7351017839651375
-0.8857973470286223,0.7442253821096595,-0.6914647031756455
0.2589388068048955,1.5918206935747974,1.7416927003829268
1.2274090016103216,0.11056328486731437,-0.9191546446169602
0.9700154749004889,-0.6697310402939299,1.5033343474833198
-0.05120889166111583,-1.0415167568815957,-1.3087308284218735
-1.084053099194791,-0.703604306373975,2.90869611457804
-1.0177024548593185,0.29722056352199044,-3.720434333644054
-0.12117471467699828,0.9393172976569231,2.3828280585013393
1.0133924502854885,0.8478927860806806,1.0913040121603268
1.1393040314424334,-0.10947618222629352,2.044566421712085
0.23359433197883056,-1.5768664354174096,1.3621915257605977
-0.853482978070708,-0.384833337846367,-0.9715439786349978
-1.2285762550095647,0.32283704693481075,0.88169851584225
-0.4290522377082674,0.8898164540935884,1.6354633812241215
0.748354838317411,0.7686529501347222,0.3757013261431885
1.186921537922553,-0.00768126824301163,3.349203681673213
0.5287496702223597,-1.4118407305849408,1.1054243433772115
-0.6280998224263336,-1.007448850182714,4.280237436600582
-1.2499020337793474,0.03276975452412456,3.689426501466609
-0.7457446928058807,0.9823103580604436,1.6047630763848746
0.41351724583952776,1.278933912507844,0.7256270884307303
1.2652060454677063,0.5600543777851374,-4.001320144355037
0.8585820416698989,-1.1104599652328266,-0.3805559200187325
-0.27446685806594623,-1.0498852948987953,-0.32971652969805754
-1.1415723590859987,-0.32114192375320094,-1.3511667615156036
-0.9089583523494762,0.4211139248244783,-1.6970367262678003
0.10627720375003168,1.408873428690395,0.37962972865732914
1.153572083592877,0.5423268269658588,-4.286005320419813
1.053193364790248,-0.15080014137294762,0.5891146295207988
0.046803553362205166,-1.485590315646862,1.4992346268220758
-0.9985095317703323,-0.3867024708052458,-1.10883837820539
-1.1711188769310852,0.6713819386414288,1.2926119813147068
-0.25508419283102224,1.1254816322751806,2.1396945814377353
0.8373369099809641,1.0471656294697422,3.083325654643257
1.1419562890114106,-0.14110674772755738,-0.3897123957595453
0.36071250712532543,-1.4654272180695542,1.7327733917239896
-0.7438204557861587,-1.4048886797678928,-1.2505003702436257
-1.2139825501448318,-0.0052187622051647065,0.62137197120582
-0.5485362835612958,1.1007563837386192,-2.1945682088464102
0.6130455610228087,1.098333526274106,1.649020552642814
1.2423001895804568,0.032565606145466,-0.8861512645939376
0.7141944654796128,-1.065658934146898,-2.7375617384443363
-0.43367049070651187,-1.170241287742269,-1.0728855704067746
-1.2545173301506187,-0.23897911077552902,1.5205794897830816
-0.8019406174827435,0.8518887362974353,-1.7572711747519958
0.275246148020582,0.9911474719692317,1.3973003711831389
1.1234061510882187,0.5743410216830658,3.3354238396190397
0.9574034599652783,-1.153736327083068,0.9690791613616584
-0.09499818796345277,-1.291287445093249,-3.469957649641898
-1.0518458759771239,-0.7982168786265209,-1.95019970190965
-0.9701145467841386,0.9457249138995139,-1.3870699936060882
-0.05374609340855228,0.7795719350360215,-0.4897963487470236
1.0548733177806826,1.4084020573330107,-0.6670308254383861
1.0476908842087047,-0.6353587318437148,7.651060710670605
0.19287049825039118,-1.2769220435592294,2.6271209484467737
-0.9669747310958006,-0.9319732618080645,6.4013472062617955
-1.1700142417064032,0.4120441581939449,-2.777542821780538
-0.3588910975607255,0.9631046207183016,-1.9506368352484593
0.777241156925099,1.1668916568031789,-1.5146101268876666
1.146100501491436,-0.527870517038197,4.219450427611821
0.5353825968759688,-1.3147474645015895,1.3682751064866598
-0.6054516222274537,-1.0110629511874452,0.6061634798598597
-1.2979961897064156,-0.27005107208105783,2.1589340546790234
-0.7348976584879771,0.5251941576041619,2.0935596384757016
0.46535038726458705,1.1885322874158157,0.955433708493858
1.2691713168495018,0.23252607011887694,-2.780774361846645
0.7898654187375318,-1.4144759824493136,3.5142441105106257
-0.26599399582558375,-0.8757200088238748,-3.0146035664175033
-1.1807061581924947,-0.05564213586344846,1.1860655422442972
-0.8972512495590694,0.975986664197443,-1.7037518753244585
0.11400567638268136,1.6444950597336867,-0.05625673862905134
1.1310419548272959,0.9313253078129685,-4.289303909528599
1.1172774218282695,-0.6741686507889688,-1.5803392697216545
0.05029158892880677,-1.3804815326412634,-0.8668346090936807
-1.0941838721331223,-0.7783271637178796,6.538048253035906
-1.163359289583133,0.15363398620793833,0.7993996293600758
-0.26693261834305093,1.3394000711240357,2.6030946645179878
0.9001033776740762,1.436073001068156,3.2801245676526785
1.2509625190494602,-0.16142212262803102,-5.5706700927611275
0.3816904104510061,-0.9740005463441459,-2.1170381094754096
-0.7556398002539535,-0.9545545593965865,-1.6590940508561969
-1.2795954002595407,0.095053023047863,2.502412255104043
-0.5572270794740554,1.0701877104085737,0.31004452072986577
0.7188009960735416,0.6617661722351292,-2.3922646297694943
1.2966971171673736,-0.08019783165162497,0.10135453846594727
0.7170183663899452,-1.0306282511861602,-2.604267234767815
-0.46277878854233917,-1.0247944605130324,-1.0043357133354074
-1.17469591921514,0.19225881218977392,-1.4867938007740495
-0.8986183099365653,1.194860866490618,4.759340628187781
0.2785136934710021,1.248076737104703,3.1079155714799005
1.1386165976185716,0.5587639636180353,-0.04681422470541624
0.9965863061743255,-0.8111350404490036,-4.486471793099149
-0.11412146365960237,-0.8820001927817385,0.10393795166208752
-1.0500989708741861,-0.38846377949787736,0.5794262956764357
-1.0834334866662885,0.14228613084173003,3.168651706010681
-0.06726222761610787,1.1248207397194525,2.0856342133249752
0.9688423818216579,0.4048430446843887,1.599438763341221
1.1410705609659593,0.01788810041356892,-2.094103922224192
0.08396847966092755,-0.9601025941071173,8.166841950373197
-0.9362338356016019,-0.7572677577532944,0.2870967857462997
-1.2177442763931174,0.5479388916513273,3.732268183477323
-0.4463860343789792,1.118365757637939,2.705938596466051
0.8309625760131901,0.7132546645646937,-2.609530154893716
1.2605106185797195,-0.10132461586538133,-3.1631682247909807
0.41767614678059994,-0.8705338392387418,1.97771514060529
-0.6585041928576626,-1.2190847164675511,1.2401344858247876
-1.224605948527986,0.39973425000607965,1.4801474217897461
-0.6503023604099906,1.0636603838411562,-1.1420802071518859
0.510954304603632,0.43915706468457993,-3.2613253195742846
1.265493127366716,0.5191323620791,-3.6329622270456507
0.8065230036293478,-0.932800006555502,0.5493406542686019
-0.3060814054354969,-1.145460121608214,-0.4106431254786036
-1.212632005159776,-0.8396888931748769,2.3209289514417653
-0.9901129346260906,1.1446092661207468,3.106829697691188
0.17701133625312726,0.7609286060913426,-0.579541834434768
1.2046245901860875,0.24348760992777385,-4.764615974835779
1.096401965267669,-0.9650071158239226,-1.703116964204321
-0.09265944897199463,-1.5393150067995012,6.805906672229952
-1.0493698777039988,-0.6640924993071817,-0.531430933220029
-1.1856135791396076,0.9143245952875478,2.6035553972183383
-0.2608995662076982,1.1465418291974079,3.5910525661714088
0.9169754463946858,0.3976963487425056,0.7620773202310138
1.1787723149647638,-0.2329710045674127,-0.8139307138253066
0.36637439234326846,-0.825293405321615,0.388755759373961
-0.7884953534059811,-0.6918390368094857,0.11193535013238942
-1.2381691165295672,0.2847530063838577,2.2780135187688297
-0.5799657111265814,1.350485310804967,1.6267147657462344
0.562905393855948,1.3269552944848961,2.507086289639294
1.2070998518264482,0.13211325991455247,-0.7670302427815248
0.6766531677426469,-0.7682566815597847,0.38619062642845536
-0.5975063197225746,-1.374168860724058,4.761216923975042
-1.1642770735889436,-0.40106934883544554,-0.2429915760782106
-0.8302967271966999,1.1656011633854462,2.548315348692407
0.3315281825130332,0.8955614191959135,0.22162902210000834
1.237488261411459,0.8145696391146429,-6.79201949022021
0.9844278466695698,0.05131938631965427,-2.145990760262973
-0.17894715172138156,-1.0981713502906483,1.1665280864993843
-1.161961727836976,-0.6158580361026167,3.3623563269797017
-0.9735762920905964,0.4466861810518419,-4.042342310720017
0.0120004399521233,1.2365014747920198,-1.3827263883009289
1.0925509511079852,0.5595575982829093,-4.850156302564291
1.1289808889548798,-0.27715940278436824,-3.36504624022791
0.20829849379761775,-1.0911545565274183,-0.03999662400451576
-0.9124975184259575,-1.0039027764836865,-3.0164911702522113
-1.2162554320378522,0.7553412671648729,4.097668212059614
-0.36167998357135617,1.5170253950859107,-0.9333093044406104
0.8318174142379273,1.1996072324603817,-0.7093975586661361
1.2589850124575788,-0.5095011853542497,-3.6588611742857
0.559846538670271,-0.8910530685650114,-4.256896542383755
-0.6086081085309576,-0.6809310648012956,-2.579512735254506
-1.25081502657829,-0.3027047309809483,0.4496524517498554
-0.6138452109280846,1.154547045080886,-2.5290605224168003
0.5510419999162965,0.8272886624961512,-2.6317080561372896
1.1914715708340573,0.07215969950388756,0.05576899410003
0.7529919161468442,-1.0733877938790004,2.0913052034482824
-0.3126439196581987,-1.135238806850145,-1.6487058911751995
-1.2146415539453232,-0.2886770636850544,0.5021668053981191
-0.9632649940640896,1.0874864274466656,3.4479361187191593
0.16374682472590602,1.601868075129499,1.3124749076444824
1.029596234340175,0.38269652582792246,5.310024538735192
1.0976183929704908,-0.565002315101783,-3.508141885140277
0.001820951390357141,-1.185280005776813,-2.251879346765948
-1.0552117356542954,-0.2669638599115909,0.7205629512728379
-1.1760150807650833,0.9678473536298526,2.39833619287353
-0.1726203788357621,1.1746904373897704,0.6561150258857529
0.899143126115975,0.5599272714436371,-0.05455498362493816
1.2450203481774893,-0.1786904321829541,-3.1239289787395497
0.35124913890950304,-1.255586471720533,-1.6916597248944831
-0.8135294080179598,-0.7947497883894866,-1.1913145439545914
-1.1919475676801947,0.26382990755264846,-0.461076547328326
-0.5372223378864203,1.3490404399374525,0.4822337454572745
0.6048240300428303,1.3732297188444997,3.2957659264374044
1.2144000763681466,0.19242914484590812,-0.5315232616171292
0.6780943654443885,-1.3291815412245915,-1.8262012494853497
-0.5712039546383377,-1.0547883339724118,3.1657232321796855
-1.2307498501539427,-0.36974846565595354,0.608181803475383
-0.8172139720410019,1.0761282202712634,-0.4586359612073876
0.33688798344938814,0.7465866100732051,1.0141075832139068
0.4661188868022009,-1.2694653331661025,3.4852377760524833
-0.45163806708954773,-0.7765011307254635,1.3580675073140747
-0.856355029707311,-0.3419803889939499,-3.8412363982797713
-0.5156237026212626,0.5546520515718641,1.373108007142468
0.28242885907890575,0.49974922651925324,1.7142691321452446
0.9051466527862957,0.47521494173659695,-0.9546517797934335
0.6586106217283602,-0.8797334454075662,-3.4250270898012345
-0.17409235252895958,-0.3754953869540176,0.2709038699149985
-0.8270977760894862,-0.3993691847424302,0.32149867336602744
-0.7867762520553164,0.18033932622836035,6.667288544802646
0.030464638238947593,1.108459892275031,3.030543357112226
0.7502877072568203,0.6487481107130044,-1.3216717590824103
0.7963408269583595,-0.6743968342170009,-2.572795457836464
0.03267384466994076,-0.28981327929606227,1.4686280234134463
-0.7708186710690826,-0.6160656898173422,1.9639313144815107
-0.8431388823810921,0.34792638985386704,3.042114135589003
-0.28082977677455656,0.6150904757924889,5.824067239782529
0.6566384290875029,0.8540712586299215,-1.8341243377504572
0.8612538201842634,-0.14493708782809478,-1.02630102263028
0.3479348975753891,-0.2925634751208153,-2.225154518019913
-0.5324452651743404,-0.889058417088307,-1.1597642587097516
-0.9385030453067049,-0.05033765018463643,2.008064249675074
-0.3733877247721939,1.1080388309774087,-2.0387341723939527
0.4725305978115282,0.7250286568574615,-1.4463675564558542
0.8736673855188543,0.01682646251836173,0.003795759426267198
0.4955156443474738,-0.07370703636318199,2.1717310601881703
-0.3583274646989283,-1.185341259042177,2.174565180503524
-0.9042967015326303,-0.5488164598544509,3.1185877743866786
-0.6111373587407763,0.5326323223856566,-1.0251667917059997
0.2412371933736687,0.3977153037466131,-1.240169588835594
0.8772300197524054,0.36169594012055717,-5.092639728700514
0.7390345928407633,-0.37969520615330654,-2.0475691569344674
-0.05467257416557077,-0.9393920959150339,-0.4410244421193549
-0.8398028647886251,-0.7599016980555418,3.7882355307417663
-0.7963870408683966,0.14356608978715601,0.28242992040644066
-0.043158060721921646,0.7167409644975575,-0.9948183158749541
0.7428427212047524,0.46115599692880704,-2.0166309812799574
0.8784851599781015,-0.3791773207295257,-4.098261898317985
0.1291102917007938,-0.9169500653241983,1.7351239925061817
-0.6322350242277072,-0.4637567347309435,2.029948850355024
-0.872028853175159,-0.10663393050159731,0.946639341037151
-0.2774534377235591,0.78709610529062,-2.3923118595167003
0.49671633323687003,0.5144285303348347,3.0581280631543093
0.8714802205520645,0.09191044095830103,4.101356525219149
0.4206380042310409,-0.8069130336495347,0.05916054106663848
-0.46105318762342934,-0.7364159345246698,2.475438176581944
-0.931202614459019,-0.2634462614913541,1.8838874182523702
-0.4873671358125474,0.9357355523798916,0.5611362913803697
0.2950920914738164,0.8410807437642548,3.4246102090732653
0.9234890587890736,-0.1308127423697053,-2.9132094976982668
0.676133496390099,-0.9559992488971103,-2.1843003182910197
-0.21379265922707594,-0.9003502211398042,0.5685926116147999
-0.8518915474381815,0.20766623228267556,2.7739746804458796
-0.7291928566743413,0.668090646383615,2.434832221401201
0.08211267498031861,1.0533094085651569,-2.465625822056442
0.829418238417363,-0.023774449366399386,-2.0440054034886113
0.7508228464940896,-0.35389678759596366,1.083589251987835
0.09449028634819595,-0.956928318598089,-1.6985147650634007
-0.7198958721036584,-0.6571641360680985,2.0095439939891464
-0.8289678631380712,0.2884581610401088,0.4827073459206166
-0.2550030192000985,0.8708759414281936,4.593300167691577
0.6651234515749646,0.7528109788326298,-2.764671712454564
0.9544759533374688,-0.6775731180162309,-6.7136807736607835
0.3709102993911147,-0.6250162526914761,-4.608287916360346
-0.621457197705926,-1.1023040745808883,2.2164909233556442
-0.8724396240400061,0.63009427285597,0.5624469121260774
-0.37019478995517835,0.9516715897163697,-4.844539641245392
0.4571093395934847,0.318940368605769,-0.34957950187259557
0.9279248965621204,-0.36193825104058497,-4.569941100374339
0.523615818441809,-0.4035742896135702,0.396604145772147
-0.34322320308693705,-1.0948977272872944,3.0556421783828025
-0.8624466030687402,0.1302787521842419,-0.19572837919472605
-0.660934890928306,0.622139765442451,3.7743406051466515
0.2650652503615938,0.8753109167623893,-3.6113493984999048
0.9151007981471698,0.5037957860226022,-2.109083212194985
0.7278143030120063,-0.9025538258406246,-2.2912223079399054
-0.05413311910687262,-1.6833451237414598,-2.161632539073589
-0.8790960449120796,-0.2541675685649786,4.253245540387825
-0.7587334599616792,0.7630481139455897,-1.0827678763445308
-0.040181908575423475,0.881371254851839,3.019905483892896
0.7638121763145743,0.4023272479878198,-0.06398786452332939
0.7999107701580257,0.09983180358516475,2.58214284894745
0.20783032784398311,-0.7277605783308747,-5.404570476695684
-0.7100107998497359,-0.47517131953054237,4.589953137950168
-0.7939160411228454,0.8077952571653046,-3.960164604383357
-0.3045313296157736,1.3616375532327991,0.737176721703619
0.5534719993085767,0.5710815376719219,1.763222794994435
0.8921699156109759,-0.3174673118627619,-0.7086698595823505
0.40151338585652374,-1.0231292290002025,-2.018346483096077
-0.4516740764080178,-0.6957408815245338,-2.8959680258823792
-0.8709718713893864,-0.3598218227849803,-1.8049956151325375
-0.4714567713518094,0.8381280022559492,-0.3924536842674403
0.3041833784743324,0.5373392028664975,0.5953775729860139
0.9299713959812469,0.1987079088808158,-2.151029535794816
0.5438741058886359,-0.4942153881418315,3.838183809174792
-0.31341208059605363,-0.8283748183227405,3.142955480392301
-0.8183988400452651,-0.5362418968845556,0.04952775514649177
-0.704419218926299,0.6806841089883958,2.052478590246393
0.05975612589281845,0.8760137388932838,2.0370415675569267
0.7812985091933602,0.5753910097530501,0.9788151175555845
0.7833492669759344,-0.8735966580414634,-0.1205032798826694
0.0351107890488743,-1.2349399394707294,-4.024149153181711
-0.7403258407709007,-0.41029789619389134,0.13160911796934432
-0.7902658764388333,0.6042414742948016,-1.7393183146948377
-0.14667038748851388,1.2996472771130452,-1.0639422468571957
0.6608876542867175,0.5031138334695312,0.16919648920092623
0.8481563437459287,0.0006858002430121246,0.25481574851316535
0.304688887943542,-1.4154002926004,-0.5507841203327996
-0.6737642349508506,-1.03026836450752,10.0497302002568
-0.8814597687592464,-0.5399403149671339,0.04515655493525006
-0.4387692723948615,1.0413194619949862,1.2346196690425693
0.5290569782874379,0.8852171527561367,-5.235300525797515
0.9289223770139164,-0.013567270916316487,-3.4088943310855555
0.4807595146303719,-0.5598693408096019,-1.2644294245740395
-0.28386584315403274,-0.7634902825055173,-3.4841013017410893
-0.8963896589600757,0.22023218440264947,1.7767460810267866
-0.5984610620507066,0.7176860357959064,1.7751011434782795
0.2364127772710296,1.667334024738622,-1.0638551996043637
0.9485874734561053,0.19958329892823423,-6.092481119748228
0.60685615882027,-0.699500479139879,3.6835496114306685
-0.10690173586573577,-1.256422826923457,-0.6347508831239151
-0.8383031560849995,-0.14663076574735923,1.3825354309362636
-0.6938472634070176,0.7474051760436007,-3.112539409906443
0.04611700616867309,1.0013423947524185,-5.894984769252917
0.7057330331411791,0.7917130273173367,2.900337026353451
0.7685774227953045,-0.41595184733177637,2.7443243280077416
0.14256100637368888,-0.9152515407670431,-0.9780303693091591
-0.7056197104305717,-0.6908253629199007,0.006558418579600267
-0.8383665424962178,0.19989684459842338,0.5068353780732812
-0.34613708350912054,1.232543166328553,6.1029861035683926
0.5410447327277437,1.1542263745307213,2.4298244584041355
0.9758894984916274,-0.5850803613757521,-4.253558494255503
0.309348377115929,-0.7805820077614356,3.4675077558799328
-0.5383824217540307,-0.7977445820055606,5.090556332268908
-0.8917906074714518,-0.3022070941027638,-0.1504446765845434
-0.4588629478072364,0.5433951870694931,-0.679447986078141
0.3524216345370181,0.9811348769297373,1.1218556095128867
0.9236015571258298,0.6504516984215014,-0.49691751184742794
0.6187968985294416,-0.3101681190087313,-1.182058546581053
-0.3278294038656616,-0.9664641854330898,3.856405798468018
-0.7875225810475905,-0.5765845195600067,-2.180225248670781
-0.6717748259605164,0.6878141143189526,0.3178831339403887
0.09344245510969255,0.8777096240158635,0.12232468068522961
0.8345744893369462,0.4261807740081758,-0.6083849519475887
0.783100115594477,-0.27181363368002365,-2.7635615408703327
0.07393184791217232,-1.0087332290633892,-2.0898511872901824
-0.7752509430314461,-0.8783417473576977,1.278831727450619
-0.7772419891322522,0.27729910575274297,-0.07937118368967475
-0.18955902765835853,1.2221168674079435,3.205145418292211
0.7331163541878607,0.34132709756931057,-1.2037911921964133
0.8829441062439397,-0.5303079810939387,-1.602876403625853
0.3173744545671896,-0.9457994768018448,-4.179009841582326
-0.6325688913892321,-0.8963079804491825,2.3598993656775744
-0.9472241023736842,0.3344107469321911,3.300523284674606
-0.34709430883332804,0.456747517420516,-1.1529810299067382
0.4883330833369032,0.8643300567101364,1.8290982370953635
0.9483732311475962,0.00788400728226002,-3.1590518175807305
0.44100741772944385,-0.6878670250868765,1.5881645028759228
-0.4247013546354007,-1.2874872903385108,4.096340130186508
-0.8665449542877671,-0.47837859422245776,-0.058050220647725914
-0.5917751722758021,0.5269574687981482,0.552782683401713
0.1940595876818009,0.6434009637440894,3.2610071763749993
0.8498840138177152,-0.355014528124708,-1.8208300103662596
0.6687531016158754,-0.6356833685157837,0.9703375820921711
-0.08863983856971269,-0.8435682680252056,-0.8543588111890033
-0.7766973365765754,-0.6952526807924064,-0.2780792814709329
-0.7582440237071472,-0.11277987281249513,-2.0822830763537112
-0.0709850191613388,0.6457876314165126,4.3205291507419945
0.7560393937440799,0.46663920548817905,-0.6572066070403643
0.7725195028146062,-0.6058946141348276,3.9059312514637323
0.16380127497374397,-1.2791428596033312,-3.1865704365622447
-0.661369965025647,-0.6667374059827591,0.8953909376956115
-0.8387436297454354,0.10732614701632726,-3.0512569824782174
-0.26121637245645213,0.8936796907178585,2.013318154376755
0.6172242444524962,0.5338969760292817,-3.782128640657002
0.877066910552819,0.21843624971159104,2.2651011305923032
0.42125954861908077,-0.6872718253628154,-3.6996837516130077
-0.5257615513621097,-1.2488839034911898,3.827481684170895
-0.8506831424446883,0.613238740726646,-0.5275780260178801
-0.5220301024617392,0.9983963881344279,2.8325666747633576
0.4571500423672582,1.0392237240700632,-4.466598374839936
0.9216655061910763,0.01929143116995824,-2.228964594124222
0.5490480754916837,-0.9374178035149311,0.7664548875749178
-0.2897478770100055,-0.9474077322182067,3.8955291613215364
-0.8920276084881243,0.10555145671496569,4.1662805293780725
-0.715588368673299,0.7156000821753239,3.222543714186982
0.12549705989782048,1.0129276244464365,-1.2464982128309832
0.801259334080762,0.08502216897849746,1.4570840288330107
0.788017764908289,-1.016372640442849,-3.7074183848899356
-0.04545730453035063,-0.8313070759678968,-0.1737592305376101
-0.8195940109918768,-0.8002249201746803,3.3850544934079854
-0.7795691545716698,0.4947059303241458,-2.866081066386062
-0.14614081313880295,1.1025865330099838,0.8652429861986449
0.7590727291409988,0.8809653141929885,-7.36231883449646
0.88841537736809,-0.17091637997092235,-2.5348148441427054
0.20244988705871214,-0.9767371745705679,2.5526604095414926
-0.4957183336251622,-0.24175568049812024,-2.438941376597098
-0.7538308036000163,0.1580750981781065,-7.572667714880033
-0.3582386444968564,0.25007213582645377,0.6526491288788949
0.5360230589061141,0.6136764096423183,-3.7783271614118483
0.9381486683417338,0.6101439941040576,-4.514440997455622
0.5218266574691147,-0.5021117886804205,-1.6863813906477658
-0.41941882349550597,-0.9579787507994453,3.4600189810154256
-0.912863118136572,-0.19347759929389696,2.801805833155278
-0.5244555879203091,0.5112319121990633,-3.234491938109806
0.22385509855387023,1.1424007299464263,2.3384373733954424
0.7976316703384424,0.6463038366816359,4.366504403734784
0.6631766058784785,-0.7695446838307729,2.6645545846877816
-0.18093196235894685,-1.0658327644938577,2.8573804859907903
-0.8242990389870785,-0.12640691242497615,-0.4489419164332875
-0.7265764624179868,0.573670560606358,-2.2516690746801524
-0.016375798101119703,0.9329747577558287,-0.6327074194671894
0.8114266797623442,1.2432902207084395,-4.805754543018635
0.7624476636076094,-0.24132530164060917,2.4682153841648766
0.09268335971085803,-0.8900371064162995,1.1897947973920653
-0.5997965041107518,-0.4941866881098006,-2.6443213019222065
-0.9262538623888642,-0.4447765464231934,2.713621128560096
-0.24791872138594254,0.7918629123663549,0.5332572696683024
0.5858133913241761,0.7598759206699757,0.4381935364493489
0.8822496980239163,-0.19858872369942882,-0.7356482866915709
0.34975347202841756,-0.6819249843404942,-0.13572659154721445
-0.5341767782285456,-0.8802410654219025,-0.08244834593383987
-0.8816647460882795,0.21239698171803933,-1.5419847542062075
-0.47010330704285314,0.707861280436253,0.7242742303883987
0.4075337319200217,0.7878207386723548,-0.9131573410080718
0.9720654075627583,0.493990985871961,-2.189391855007267
0.5690661503970699,-0.4372030724489334,-0.6220873490945669
-0.24588658913152853,-1.748854362161394,-1.5644065725756673
-0.8512100009182589,-0.27687056260083553,0.8585300974118892
-0.6015690722358062,0.8477152243795549,-3.6531445243087224
0.1407135489528947,1.288571270470469,0.2403669239465761
0.8412998334497644,0.19583493344120462,0.01833756425763694
0.7255979615960284,-0.8225558189920357,-2.2936537364773946
-0.09729652368156322,-0.9163814498059045,3.0018316416560613
-0.7668689789929433,-0.23993986236490072,1.3165344520688826
-0.8347960807840142,0.47357359292394874,1.6280236754587345
-0.09650899947269546,0.910688987347145,-0.014986730387891445
0.6959123132785077,0.8475461732677364,-0.47917671997042555
0.8056688075999052,-0.693648342546393,4.520894675485385
0.21794925845204927,-0.8779983854823892,1.6804168837280713
-0.5902643290722813,-0.8444810739692632,-1.0591757039165006
-0.8340631067814402,-0.11880309259776234,0.41803510548800743
-0.4056304872988237,0.7003935910974157,3.4778558573546112
0.5429471753592595,0.7974265380816686,-1.4624016052609181
0.8771635533177253,0.2576546929553791,-1.4322064363992444
0.5199958619107216,-1.3696009698325968,-3.649227469536931
-0.4465454334025556,-0.7724343180290035,0.232809113844894
-0.9586719219407828,0.1575039977830306,5.5223514040212125
-0.5750198601440921,1.046695877667602,0.3219010001063627
0.2771136543288155,1.240644647814363,-0.7827501185107272
0.885924311658818,0.2132535292469262,0.17872706468371746
0.7081553373844962,-0.6267893114831213,-1.676640952643344
-0.10703856600791259,-0.316691529760865,-4.0827834287473594
-0.8591965906872311,-0.40802316089915136,3.2758560513738164
-0.7959614210685384,0.9522121691089019,5.032586557447709
0.07287555708969334,1.0937699869124478,-2.3099573405225864
0.8135342843281858,-0.1340819300582352,-3.485790357594858
0.8316958801960148,-0.5302946680003939,-1.5836869091290258
0.1278194035116632,-1.5927350807285252,-3.645090349928595
-0.6802842725828147,-1.1174933216747829,0.977501378716123
-0.9041396468710835,0.842921179345773,3.1085661811577245
-0.18730688994997557,1.2355890670943577,-2.0662674251904734
0.6516271055724355,0.8971653818425418,-0.9334771513806633
0.9102017692847842,0.27448119567476836,-0.9801125220080117
0.38797520295598725,-0.7169869116704497,-1.9808967057023885
-0.5662575299118743,-0.5433432961536335,2.1714710536646633
-0.9719473453976509,0.17481448492370877,2.508206648504397
-0.43969273050093927,0.802240293662202,-0.9461621539596748
0.3775473187471013,1.326482857288276,1.6587136589190121
0.9567837939912089,0.6787194887106474,-3.152457214723801
0.5504479817046491,-0.39942032549918904,-1.0619065950496103
-0.25693846198959946,-1.1160593521945164,-4.445655238848027
-0.9405607611447669,-0.07578556508047674,3.3079788937975145
-0.677456263269015,0.9286117674148259,1.0450882764944829
0.09715451769455481,0.712238383542676,3.2327546502771165
0.8811500862322323,0.3306525710825342,-4.555846948233648
0.7869312676289049,-0.4668890635817763,-4.198777571314996
-0.04630961986093825,-1.104009114578223,1.4010644585926357
-0.8080416959160869,-0.3564139291616969,2.703192028098662
-0.7774379748641782,0.7958651946598372,-1.4635432206639187
-0.0815573923655311,0.7913892795636182,2.0010156327156268
0.7041862227786819,0.18375146441019063,1.1212398681668125
0.7936100614707906,-0.4281242097792387,2.3194747043167565
0.24285674483653877,-0.6204027006723257,-2.229144572619404
-0.6261948350814085,-0.2832382184438331,0.07486034222344895
-0.859994378540299,0.12037145896572399,0.7196025354687499
-0.27842638260598185,-0.03457576798791995,-2.0792148464077886
0.5194560450582064,0.5391564863878018,-0.085398787289519
0.9368100827926064,0.0395737755908776,-2.5002109648664566
0.34035206861356093,-0.5496325714986455,7.932642019511654
-0.4350348281784684,-0.4760670183535809,3.7405676411638176
-0.9341786375914333,-0.10345742720753837,0.5501880007642653
-0.5996821503186041,0.32203612145502436,1.6842076786647102
0.2700189487706867,1.2312203588850867,0.08011649863909454
0.9086411711232073,0.16824798593589652,-2.4795298258459977
0.7005612098589836,-0.9145823375450168,-3.691136258175979
-0.17496251937084203,-0.7384641845135121,0.43454994653103707
-0.9147291693185693,-0.4103204931045573,4.409187312929684
-0.8222946123952272,0.29848562936519163,5.956721101063805
0.07274337333488964,0.8105217682000677,-1.0871703271458655
0.705052892729076,0.5509982296656452,2.9076699938306554
0.8684655518192114,-0.20630055758962762,-4.068145766293481
0.07915531746633697,-1.3867600835554386,1.5103282655697026
-0.6701685249205329,-0.8109601265271732,-1.5096415459912083
-0.8131510219562265,0.2483629744300464,1.1845334729208712
-0.3100402832612482,0.832611074631989,4.288556459479534
0.60890424017574,0.5020401831504834,-0.3717709894721988
0.8689113255907613,0.2266907018064923,0.418881142020458
0.4013977470288078,-1.1048713707893716,-3.209642637372764
-0.5764756317648837,-0.8117343937323535,4.112007408910747
-0.8689457202699719,0.0033272364299957724,-0.7327990174628758
-0.41891347537349444,0.45426766883905595,0.25400145098372795
0.40196898622690796,0.7556640129643307,-0.5514712349082845
0.8964587882519807,-0.3747001898340502,-0.5914054040389863
-0.6248679858957384,1.2789401490067536,0.9474942127698727
0.5138652901629611,0.8683334863654218,0.34791558480111506
1.1698429657492735,-0.10036659101303136,-0.6673740915578324
0.813088403231235,-1.260422090116106,-2.8270199192101746
-0.32320057624120246,-1.164826849775831,-5.100691096671648
-1.211230355710764,-0.18013834678213825,6.146974333525131
-0.8771934289510145,1.1093930387813267,1.5226791603684757
0.2384764783370787,1.2607538586847935,1.717346857476884
1.0749067749065606,0.41597669463455667,0.33085303252132214
1.0044262962646517,-1.0636636893002775,-1.9694856244258352
-0.07983197381419009,-1.2702136066517629,2.155090538094449
-1.0375661657630197,-0.6331762847654526,1.6274057849675534
-1.0386848206139034,0.7877964485421152,-0.1882610779359803
-0.04645276840309598,0.8197287087714846,-2.6501182861218013
0.9183116941040673,0.563786861495984,0.9861795447527971
1.1474874447819388,-0.6159946027971552,-1.826100768162321
0.24550223990190495,-0.9546271603917157,4.7091761143892805
-0.855815154269905,-0.777312750179131,-0.3259737144734537
-1.1318501676383683,0.42213049199876673,-0.5998977345098744
-0.40383467122674205,0.5361201668221457,-0.5881252887471078
0.7543584662889856,1.4842221498142871,-4.5131528054300905
1.1313221016559698,-0.289889510578325,2.3421808697697055
0.5660005528578324,-1.0620212070368356,1.2590798237731182
-0.4872282034498144,-0.9223292993091394,-2.2380664694810357
-1.1621323021621546,-0.11282160832651877,-0.8840158347959368
-0.5933367945764788,0.7005718040891612,-8.70277851202277
0.4122548621933542,1.2230340803593347,0.06846655792696166
1.1583011126245724,0.20146346451088926,-1.300797104567215
0.9083198245504929,-0.5410776000333972,-4.838369144692574
-0.2545415164870959,-1.1321561146103658,0.5465935263682575
-1.0853936020488175,-0.3016454233122734,1.3809155379709093
-0.9298182354674013,0.5129961647757053,0.13278739702000442
-0.009350238555811755,1.6159049083111587,6.406701960386738
1.0512840876894047,0.9187341677095662,0.07899693543203773
0.9873316460123654,-0.5980628547626099,1.0464871572576477
0.1339634343677666,-1.0552205452649828,-1.6714245591116217
-0.9854451142207366,-0.46380104967150504,1.264904310599713
-1.100836887410535,0.9048540663787452,-1.487164683696335
-0.3017707196588215,1.2910554957879856,1.9583116469584099
0.8521911000272846,0.9572446086648567,-3.984003677252832
1.2145982161945497,-0.12897371438096106,-3.8897706762963957
0.44871631464237216,-1.1727980830455922,-0.9435557836468211
-0.6460369506052991,-1.2564820626510247,-2.39256164584353
-1.2067958911263208,0.2823783205828656,3.607697703259006
-0.5590856392987066,0.9643017857305264,3.2240911867669277
0.5468682898681384,1.049583656884499,-0.3086804985509428
1.1978647283524324,0.4829611875118389,-0.5141162506734578
0.6741195004236108,-1.1640920041847502,0.30318606690344085
-0.3520715123238597,-1.2849051954145607,-1.180118930439592
-1.2495310267062614,0.016230842302383808,5.51072544666797
-0.7955989187312951,0.7685243319729468,-2.991065726186646
0.291948710993686,0.7252501696461946,-3.0639034389511903
1.1015207290183056,0.8360978274011122,-3.0964959576484823
1.0197858439881349,-1.0310273771606175,-3.1495930883161782
-0.11405824126344642,-1.2277009566719161,2.7005823453140985
-1.019631410217268,-0.5940378919671657,-0.4026378605487213
-1.0096679596968468,0.8010463076259672,0.20646645175300182
-0.06739784640363067,0.7561797078423506,-2.380317623834181
0.9660507338842135,0.6925870906650261,-4.374447763917519
1.1371006053519643,-0.69338615858066,-3.91880184154502
0.31078858768356815,-1.3543681997695682,-1.966976083116
-0.7986482328116034,-0.7593104527580763,-2.612505964825804
-1.1122531866978467,0.11798610912877816,-3.3098880730255074
-0.42096011648983683,1.1128994658817462,-0.15692270225306615
0.6857864611907456,0.5080335805728953,1.7260968761353017
1.1228413683310974,0.02271407331896902,-1.016917433092796
0.6014433222829163,-0.7296437586187084,-2.1917819257271773
-0.6320124526962104,-1.0573490395227154,1.909836335741718
-1.1486172423558487,0.0650446430752949,1.4648732697614244
-0.75156853429222,1.323008933219666,3.532614539419888
0.3902501189840584,0.5663253224906347,1.0742022789808403
1.146753853682122,-0.0005909251001368077,-2.8856093217911836
0.847187507023838,-0.5191852755677723,-2.1875876023820773
-0.2941803351913205,-1.392469940694682,2.8974716123243396
-1.09576463852754,-0.6788855548501138,0.08303220497377639
-0.9243146444879229,0.6673167148489034,0.49919064120153955
0.13492704359577273,0.9633425106080834,-1.0460120515480864
1.086551215345121,0.02211290740606553,-0.2769658398680602
1.0495664279051076,-0.7411796616548522,-0.43380842503240646
0.06275704755246331,-1.4956607288766692,-1.3011275642076314
-1.02160342171876,-0.4891973027346419,5.422977133714083
-1.111914018593148,0.6205686969549529,0.1400210099486049
-0.20635992247830842,1.5530241152032265,-2.343431296978884
0.821841755762066,0.6392224227020693,0.6704113977401843
1.1638180499600643,0.12486738916790419,-0.5108920769028027
0.4393355133987772,-1.4042784019258385,-3.752438546099784
-0.7341907405039443,-0.7992756577915305,3.0219290871389775
-1.1968525002221264,0.1963485415648658,1.6853560088156085
-0.530856834964753,1.2309942142874393,-1.070085744207453
0.6112630824841426,1.082321005031578,-0.2653453250478177
1.2092672873776553,0.004255657108110933,-0.33714805948807397
0.7118819286561833,-0.7157460756438117,-0.743279511881747
-0.4024080554065004,-1.0577140432049486,-1.4653968613881412
-1.1867496772668082,0.050199900788339136,6.3139436068838455
-0.8426544085034416,0.7357395364282859,0.5261649706809429
0.19338379745820433,1.353056538573571,1.1660464808945108
1.0988564293969723,0.7986148749863053,-0.893087237803142
0.9794299486955489,-0.29225053397895107,-4.1294932486351374
-0.14328409200777215,-1.10672787928463,2.752468341098091
-1.029429260368944,-0.1711131828898338,-1.0611147738026512
-1.0227829510419622,0.7067113838186523,-1.44167988004453
-0.06446411199954186,1.1762237788904413,2.824865706077664
0.9372855507792219,0.6398915198560351,0.960780961151339
1.0621000793658333,-0.44196194918935006,-0.569905131989002
0.2434082692591821,-0.7477116743812995,1.3136480754720474
-0.848959310153551,-1.0912839656822508,-1.4579625699331267
-1.1412978182257878,0.34494861327529325,-2.0132300233607014
-0.35855158109475166,1.081882373483935,-3.2913356607389925
0.7216857442335326,0.7598990101543229,0.5348657775541632
1.212086809777181,-0.01371099089989336,-2.6068173819443716
0.5507005196408971,-1.306871368573172,-2.9064458141916543
-0.5147501192800031,-0.9552899980035734,-2.3211736265852037
-1.1482964489161438,0.12808809514073705,1.8941323470349218
-0.6812013960981357,0.743195755242006,-0.6192993161475152
0.4988523455432416,0.9968004621468785,-2.702474332857486
1.1619537522760242,-0.09734021028083406,-1.1915193350075914
0.8846062471675333,-0.7484195485866973,-3.1455591812435633
-0.20410045233902113,-1.340376441040875,-3.1538122215436437
-1.1799351278382302,-0.17586690773388702,2.9862627274773965
-0.9851532132330301,1.0068657708101607,4.989024304201148
0.08979566831480146,0.6760375481669918,1.052081589674863
1.0661204560654014,1.2579484361761306,-1.5713462288446283
1.0319309525653106,-0.6824336009178911,-1.474939050598515
-0.035165069900095845,-0.7900504963524708,5.448673139674225
-1.0232053599211726,-0.6253433407859493,5.350749058362228
-1.1433920663205708,0.3721632577095302,2.6739502778115773
-0.2359383092052167,0.7439763835776644,-0.10819992131738787
0.8957556320881422,1.0085330182610457,-0.3841412402928951
1.1590750955934261,-0.32937998753979625,-1.4333554089550786
0.3599222175229554,-1.0471148302601692,1.7764266049893551
-0.7644615841608342,-0.7269373938631296,2.731101826955953
-1.1188785794201364,-0.5384030329177436,0.43059610993430597
-0.5260490860273854,0.6815390341039812,-2.24976158022732
0.5828131968726169,0.4780809555396476,-2.6985864560349353
1.1790146275929239,-0.5669872858784575,-0.5939167756721883
0.7363324128876141,-0.7960876090946267,-1.4054650570604088
-0.48956563208630594,-1.390590434053512,2.447776423388799
-1.150581325276683,0.1322967839616429,-1.6969124282174677
-0.7782416541150992,1.247566689743828,-1.5343845235581826
0.22268029519377308,1.2822318985680785,0.42299343756671437
1.1406696349744236,0.4358336990431333,-5.781329395353947
0.864006665933356,-0.7364556095568103,0.6177986647131928
-0.12118829580787793,-1.2409061311158998,1.7572432825162387
-1.066460572311175,-0.4815699921698974,1.3069287982908162
-1.0802505924185692,0.3814325872275781,7.488999304395422
-0.08647362675657212,0.8525000316752448,3.3512854200413056
0.9687597580845091,0.7297128163150152,0.19913762425589843
1.0640385930066558,-0.3154629891430949,-0.7667531288202664
0.2643177695232922,-1.3431923657532547,-3.0314968134012226
-0.8586870111505664,-0.580581286651573,2.0150652797299218
-1.182506035165456,0.358296744413783,2.6443889743591695
-0.3206732495229178,0.6466082469001877,0.48798949972240213
0.736194195218367,1.4616159257004913,-0.5537644664882602
1.1591835766644336,-0.15857530353714955,1.3081178578614516
0.48749747592578424,-1.1148291705224116,1.2517686835980446
-0.5975577066736096,-1.2972063230123358,0.6563848440415215
-1.19701738730366,0.23799283108605684,0.7499107496834029
-0.6134644512843026,0.8744330490393204,-2.5176145168814283
0.45089795887511874,0.9614936719095604,1.5612513601457871
1.1686148942220818,0.08243735800624985,-1.8462105905158628
0.8443208763918645,-0.698943739189114,-4.777049111623544
-0.33161862360926336,-1.2584472808639902,2.3868083042818933
-1.1209725912361783,-0.22551834214501687,2.5355048670179015
-0.9033733660928888,0.6225307204681912,0.8556984533071277
0.2084465536966049,1.4799740017119891,-6.402635819901998
1.0424708883358182,1.0441481161544524,2.447410608034376
1.0407951323510514,-0.2622661766962642,-1.977865951389835
0.025084940257171763,-1.442832409345051,1.5041054437453794
-1.0106011323278237,-0.5555951789118085,1.375253716540401
-1.0677435511343372,0.6921665759485474,-0.9534951134521854
-0.16082781276600153,1.5634015790492886,-1.8805225323910446
0.8684912140370057,1.2567452222876963,0.49203163358638113
1.1621334747627106,0.32925229584006455,1.0170267048034534
0.39600182728185374,-1.369586302083098,-2.6297483370438677
-0.6899948006041022,-0.9580589936189982,-1.0277800688432226
-1.1633836547383019,-0.16050505084393318,2.3261368431055867
-0.552756485468165,0.5563169061840392,1.50340803806845
0.5580372300704562,0.9927133573164245,1.3460314769536041
1.2452739799983172,0.6093808490484987,-6.155840790505541
0.6773967277469661,-0.4285066055003284,-2.1934881409651275
-0.41001314184644516,-1.5697662180038752,-3.1284571467845947
-1.1340121782254582,-0.10027847180080984,0.13614876446158047
-0.8033317081422693,1.280186511069488,-1.022404539333072
0.32298420434984065,0.5242740156217135,0.5228823260949167
1.1163251247180972,0.42607812884555285,1.1647544025455423
0.8997497254634741,-0.8853201142643724,-0.24363533629912837
-0.19423887182324362,-1.2092921605039952,3.499792039029004
-1.0826649849887733,-0.6609155396544736,4.21973942226579
-1.0010813861978756,0.24951319963810392,0.1089570850023791
-0.03945784425054346,1.2516305370493699,2.6071015775070805
1.0257389075545649,0.5326245531021201,-3.0218715809897794
1.0881790104413938,0.010854754135447564,0.6594624125962922
0.21839891636319536,-1.1335505247019289,-0.8752977741558687
-0.9133201755861369,-0.43370064728278923,0.6114285057802062
-1.1434509377615378,0.1579960148850934,1.6720641241155416
-0.35943139472182895,0.9824171964541463,1.8613796162021856
0.7930637048688918,0.7179103578831936,-4.032976573586159
1.146701811218808,-0.06953799654084936,-0.9373799710617694
0.49322143094004256,-0.8763111128103374,2.9823424770179816
-0.5783366535514538,-1.322732461327747,-1.0702793259218768
-1.2388413570872152,0.112708637727581,2.226559208506202
-0.6670473213576196,1.0356395170683097,1.8538335096586127
0.47690225650526974,1.1425302880062023,-0.6850790628952752
1.1488553925094014,-0.02144115809606495,1.3913209267213293
0.7877076296697991,-1.4033614775438674,-0.11596119667951765
-0.3275994433048899,-1.5435923636313242,2.6981350151025962
-1.0831082154679146,-0.7184488012057788,0.7389150319300825
-0.9449208444732747,0.7170921963802079,4.951607455255496
0.2018034349439305,0.9871944149785544,-3.3619463713964075
1.150386427017762,0.2903676595825677,-4.491709527067995
0.9859971169508982,-0.44990974406314166,1.7504867627052747
0.025371892080936938,-1.381312892714627,-0.3017164219273394
-0.9756741310005176,-1.1541205607561327,-0.649902853869721
-1.0848957948011382,0.8353291036508359,-1.1468780618071355
-0.20190701624209245,1.8691476087290333,-1.7847496277893793
0.9471853659618656,1.1653107871600015,-4.906169887205026
1.1191337223671651,-0.12715712084649167,0.1920545256381903
0.3483633471932696,-1.230659012856596,-1.4261413286197422
-0.7528407806652516,-0.9274603106342494,-1.407983709123472
-1.159668508299734,0.5830640484243599,2.2153936748706418
-0.5485844147662958,0.7298034404859233,2.8136118624980004
0.6394125455208157,0.7417913252915226,-0.6691220663195496
1.2229385718300851,0.31444069535949026,-1.171057716858082
0.601891037988227,-1.0484402430706834,3.3145402522009397
-0.5108520791007954,-1.3123218855671688,3.6559406013365945
-1.2213111642383554,0.08770577877391328,6.032797383433954
-0.7541697877671555,0.9037560447032966,-0.7939140701379249
0.4119834130177695,1.3044474414800806,-4.504370049857582
1.1460840895038413,0.29104281476621363,-0.8893114299980243
0.7813705958296386,-0.6858674694416406,9.377251628277982
-0.246977360069764,-1.4433361722035998,4.205507735178487
-1.072150570737115,-0.44128858018035566,0.7391407297870695
-0.9598758697048041,0.40171594614276884,-0.3086722136515002
-0.09959573591542015,1.077785548386945,4.413723066568953
0.9599662563451001,0.1537331696390548,-0.11326407566071561
1.0916686158878308,-0.7688371838269348,-5.744547740795743
0.17436787492205286,-1.1928929869281002,-0.5592388526909686
-0.9314885951591003,-0.7761663625782378,2.7410115494594054
-1.1275544915520592,0.21132814088611118,0.10187666385497181
-0.3729388518656296,1.3279160307563276,2.1368448973122876
0.8160041059033674,0.4599664200735326,-5.36028185581189
1.1589434784351618,-0.06685748004857328,0.6621624615168576
0.5206142141192616,-1.532413918649316,-2.906244210911494
-0.7031919362451333,-0.9711342976105874,3.9116450901913633
-1.1678269820767617,-0.46221131704774154,-1.5195862385029626
-0.6380169449981866,0.559176587707686,0.3199390390043283
0.5128593133189684,0.6165469940230902,-0.07926826470542103
1.199101528480035,0.205948972316351,-1.894773276174439
0.723734533925952,-0.40083905982610635,3.033256027165585
-0.34034843532685366,-0.9495238129844749,-0.3389814381631068
-1.1692261113926252,-0.6635082292036476,2.7054277727959932
-0.9681232118102481,0.23875092974117773,5.438295175408135
0.26768407379207637,1.2102236879981016,-5.639750245777409
1.0564078895577556,0.5109632830637667,3.3903681756380264
0.9544440673968866,0.08323502116410086,-1.6111137113309975
-0.006788334232619037,-0.7249120145428026,-1.1843171162243982
-1.0321671397550904,-0.6469757933421239,5.184818868418551
-1.1228075994667035,0.7288420122693778,3.1366821680941546
-0.16117438920485908,1.864450291596415,0.8531132600538549
0.8707994163633583,1.0660182757715997,3.398465266524786
1.1361087230392641,-0.03511489181653671,1.8743972693117064
0.3113952661021375,-1.4112951314057383,-0.6675177410330058
-0.8531124185216759,-1.1228944166834536,4.320820205214373
-1.196930449337793,0.507387827183079,1.442017415239372
-0.4869653947718398,1.2581983389671991,2.8582880465125395
0.6527257811237306,1.3104300395221662,1.5074787217353658
1.1829700631917197,0.14138496693912872,-0.4438664039700394
0.5505935635641432,-0.7924561134256458,0.6197067022198144
-0.5025133514574072,-0.6421773854843534,1.3978309983293191
-1.2185961025100767,-0.2998582327976995,1.9878692021510553
-0.7503978729158118,0.9754422624758896,-1.7854395174561444
0.4010431979997969,1.2528423074838448,-2.2368969994947516
1.16092427218518,0.42544056558049714,-2.559845080292862
0.9284981107596476,-0.5426770148217069,-3.8452804193621124
-0.26917029518961977,-1.5836476944311977,7.378590025615612
-1.027134791248178,-0.47894406148812685,0.2825226502307626
-0.9956986468895404,0.5068012411652689,-0.5023406068147906
-0.04240090436585447,1.1168006826153805,4.742204144467254
0.9950117074092402,0.30131059720738984,0.9719826977907489
1.051817498247996,-0.45850778185504093,-2.5420834273249318
0.15179587238568673,-0.8906376042157418,1.0756401799853976
-0.8908988016687363,0.35657876931969257,0.507328728992798
-1.111784214676537,0.35171858446918836,1.2246068021083638
-0.32038329885182437,1.6078700541968827,1.610958129170913
0.8057678620652479,1.4345157368448036,0.12317737598923628
1.1036736401744278,-0.3276491037285656,3.1535028045111995
0.47809719115868243,-0.8747994821040863,-1.0608400269088762
-0.6110582651231425,-1.6879846044661697,-1.0489134290035877
-1.180760301226365,-0.5042328625369452,-0.8196332764164536
-0.6106502677228159,1.0459216300231233,1.2279935265568402
0.4560149365819542,1.3547118930733473,3.262509054735967
1.2178887120952302,0.1799889457947268,-2.16651418635766
0.7962214669864555,-0.4538417849330961,-0.7287065132285364
-0.3742742036397694,-0.8489708060753616,3.415748690379452
-1.2291952069549275,-0.3164989095739257,3.83965090757334
-0.9278389676045403,1.3341989568208905,2.432512350097535
0.12858982218796555,1.496821750647588,3.907797134716887
1.1323285594839474,0.06561243141643858,-3.952874488308181
1.0176244191689021,-0.2626821093452064,-0.8187591649375309
0.03103105297630147,-1.3317233025775428,-2.2779316379641545
-0.9869822348582347,-0.44780164110756526,-2.0852247909005803
-1.128350546387854,0.37464464972629785,6.742064033049817
-0.13211926524927495,1.1259772911270753,-2.8569643132033384
0.9405288954845833,0.9310023205221235,-2.590105040281393
1.0375965882919587,0.12015448266065376,2.768516196014157
0.3090059047025485,-0.9837923078224784,-0.6088026978433686
-0.8190040861121877,-1.3805249997701108,2.0758337600937287
-1.2385394591567076,0.027450934214550138,3.9805124961667615
-0.5423468497154463,0.8118536540806017,4.101134691319201
0.5900898706062968,1.3220621829162342,3.930202522761735
1.213707022432737,0.23138457958071124,-3.262076875800086
0.6194439749642837,-1.2104014566946146,0.1976459389245666
-0.43957625415877793,-0.7516893678201497,-6.079426890232207
-1.1131081285500264,-0.5875841700054352,-2.0010767563660106
-0.1631130370608856,-1.3979836370084715,-1.116957861438097
-1.282175175882433,-0.6370528441676127,2.5939910288236065
-1.2567833520105391,0.686021824795513,2.6727033318680715
-0.04041577709683425,1.2055312164276943,-0.8071593325897453
1.1126217879586904,0.4570999288607558,0.9141330901573291
1.3200315968235488,-0.6589253203581091,-2.790241078864265
0.35581154740003546,-1.4324032899447658,-4.8257090125027675
-1.0058658973954042,-0.835029224723205,0.41573059320477945
-1.3202633231112466,0.3431872194490537,-1.2395213224629493
-0.5252288973383363,1.8142851329771486,2.5210672682272106
0.8192046527047799,1.3041768686560233,0.8177955200438142
1.3965446497947478,-0.27648337484007857,-0.7444586272680248
0.7398417101212,-1.236643545300422,-7.043779096062829
-0.671101152440467,-0.8120552203502746,-2.265700387641759
-1.4051946838622682,-0.03408893944187641,1.974480352009678
-0.8250181338754923,0.893429276275029,1.4193924049790752
0.527535337108724,1.4406828464628432,-0.20918308719350298
1.2790805171100414,0.598088282137349,1.4524781162506828
0.9885620561475102,-0.6668859489040274,-1.210096678637082
-0.3227751738454513,-1.6308664692400714,-0.26869567177057907
-1.2973354807364903,-0.19648117242657248,-1.2936259206495104
-1.067055844545034,1.0343936656095742,1.944031175670891
0.13499468798295972,1.4998488234454028,0.6373421738947704
1.232629221214895,1.0173052525078985,-1.1182540549635027
1.2709215841079753,-0.5183362694864191,-3.5849158384985045
-0.009480399841089088,-1.1377536330621691,-0.4007524410644925
-1.1767087517897772,-1.1428945689608194,3.6088062998533488
-1.3031381469492518,0.4923189552270335,1.5097565674082507
-0.2289328771005754,1.2253812447479193,0.7410961006065653
1.0314646099345268,1.3993682614253005,-3.5496898691855074
1.3173118657343665,-0.14079603540341656,-0.6486001862774152
0.4359563795150408,-1.529708470155151,-0.3078346899281148
-0.9363644203177487,-1.323118892200631,3.7567255152508485
-1.4370310585466302,0.13924953227652082,2.1712063382239366
-0.6400685750657065,1.0473892210763358,-1.2450151955112243
0.7541376122652569,0.9286297026848572,-1.9877880497545208
1.4750492835487632,0.4099063868825281,-2.9300062210519404
0.887042475905988,-1.1173771858077712,-5.7981875839612735
-0.5225849596046418,-1.4357486058834619,-2.787817773001394
-1.3485341388224117,-0.10782879374263477,1.5560776469647937
-0.9497794418029782,1.2067918274953409,0.7293015815223952
0.3941605013069862,1.3100145673861086,-4.550764312698963
1.2966256951804842,0.5370617787402954,1.5754437029830417
0.9976564274455083,-0.8821111696189299,0.9569899867634662
-0.1610471023381,-1.1652787729373577,-1.3910768058122003
-1.3326356746283041,-0.6477462158137159,3.439751773943507
-1.159955816773086,0.21722571611137997,-0.5029139590993209
0.05884329865850958,1.4666839533723146,-4.125606657138998
1.0936156081760346,0.6243098739408237,1.9717173320757957
1.2839072306046966,-0.41982803990470385,0.2973400588716868
0.3332473214121794,-1.4255302596847725,-4.879793588568255
-1.0107861378106677,-1.0734361619158233,1.311523022458233
-1.3633251222774032,0.23246929013963635,1.8397888622699372
-0.4067566515216509,1.2178345422491783,-0.2891886640062924
0.942264171046885,1.0377840562045437,-1.909025314740767
1.376797112973271,-0.2534451164397755,-2.0755487013797373
0.6307533350747314,-1.775476738392825,-1.957750896214695
-0.7507715997903623,-0.5763151972077363,0.48346272927996814
-1.4193893686633998,0.3922637932765416,2.654967338934833
-0.7958680081259625,1.2335533900733102,-0.4632879521422739
0.5338847526814975,1.0972373484525193,-0.40018496980593343
1.3263281913290772,0.7383247006719584,3.11553406857793
0.9252813512227246,-0.9545244862352609,-0.7449196875884417
-0.37332233997580594,-1.0180096823155973,0.38050644456044
-1.32777939050502,-0.5498743794495242,-1.5952045638995553
-1.0901878369906488,0.9798210108248345,5.1175044396579805
0.1287998389813173,1.3203660880030976,1.0934774390226931
1.25062319938286,0.8104332913274515,-0.41913247055590575
1.2099235865373104,-0.4454722304992764,-2.4974393235799206
-0.0021663597234766567,-1.5496723540822936,1.8310824822516913
-1.1996888686435314,-0.3668360521348635,2.633994850231095
-1.3513925363141668,0.36607481189331104,6.584940377047295
-0.25659900275008574,1.2484342316847916,2.1459083553151013
1.0919408622925726,0.7032719146204836,-1.2173817104520201
1.330932243611306,-0.9112934018111218,-0.1601255395772
0.43713277840514825,-1.3232775523853757,-1.642772849290548
-0.9741546400765975,-1.2642508530806988,4.067810822627186
-1.3874455084197745,0.18814861811847994,-0.4367424542442766
-0.6009509128500823,1.2253990417473475,2.0697710267866847
0.7579433006141543,1.4214140336710368,0.694343388805202
1.380311694330884,-0.029809930604501877,-2.0568932822744475
0.7619261974898661,-1.230839417908745,0.8821228255743851
-0.5789422362606935,-1.4707856829607682,1.7320030305234946
-1.3996754484932679,-0.17258162165255886,1.864209104395748
-0.8650023922576514,1.360487142389768,-1.7174260681114595
0.3709359200374984,0.9419493069227954,0.8910000395848838
1.3027555407441025,0.29915750716096867,-0.7441285001255407
1.0401696978057924,-1.4092322914755266,0.929812377306441
-0.2319324991192946,-1.1329762174579767,4.078226203264331
-1.2513698297540683,-0.6260509061350739,0.10799943627642972
-1.2155183470882291,1.0798054859564499,2.531077275736549
0.0734633141238473,1.6053612552464047,-2.71798212884918
1.1091086921883773,0.5183221120073855,3.774146361690801
1.3294651587647326,-0.6192240939592863,-2.3387126507120106
0.2204771458904488,-0.809570506009474,-0.14306693741336196
-1.012348824001801,-1.2591568102911965,-0.3585845127444198
-1.3372648814623311,-0.012158411373418554,2.378335974057828
-0.4445077070135061,1.7177965869189253,3.769452374589816
0.9559762652268208,0.7362059257055831,-4.6897440840441185
1.415752521383264,-0.01879620462907461,-2.1900602300216514
0.5975130646758098,-1.7294503985706566,1.5401801546503902
-0.6885519171583517,-1.7247679609459214,-4.315866547706071
-1.4509123550940295,0.5288601225441059,3.630430952705289
-0.7393006812910711,1.829618967565907,-2.496579351942315
0.5976606008205155,1.209141483554377,0.5420119616107355
1.4342697988300173,0.13097809291777618,-1.0233818262486933
0.9102329495742624,-1.2476203610819459,-0.5245546928357486
-0.39565473159532016,-0.7027396065893315,2.7239474929599914
-1.370532754340104,-0.3545030545481953,2.0176736266067534
-1.1029707285109762,0.6683395376656692,2.8471536780353923
0.1920882431080052,1.313448320709919,0.29487005116050513
1.302723036297074,0.6963375613278033,-2.3402843494801
1.2035467256128594,-0.3039617861173294,-3.0092908547775474
0.029158684095307086,-1.6421418636134537,-2.221109677724642
-1.1376371980435525,-1.2318867064003403,-0.5965718114013313
-1.2703207546167887,0.48006741031380695,-0.23978663052980242
-0.1262531654455855,1.4775054321784225,-4.362528868691134
1.134952838198454,0.5101089495762956,-3.1030584250915103
1.3166802027146272,-0.47927557977212487,0.15888373673033654
0.35137617513455593,-1.226189404172167,3.6623620406151383
-0.8621815666491742,-0.6411306995534571,-2.0324513785898306
-1.3053698002011256,0.07253888639956574,-2.505671289686795
-0.6245289248159894,0.9660401904710203,3.9353210665994913
0.8112925697781806,1.1300987267200402,-4.274608669055761
1.4322071566766807,-0.214598374610383,-0.8839440992447103
0.7836069576633429,-1.363135577543424,0.8266902972502155
-0.5851047808905085,-1.3424639715049163,-1.9370116388801506
-1.412041951668972,-0.21214945082518977,5.541838211751695
-0.9307942661056742,0.9655013739963819,2.8107937801710605
0.30942319424240644,1.1043935370645814,5.909201072803151
1.3397543625957995,0.0286002214841774,0.5472833361638391
1.099631131892914,-0.6909966086185582,-4.7962124467561855
-0.21952703842499488,-1.2352215710401278,-0.27475329513168556
-1.2845542523213553,-0.5619897421869113,-0.32211783044185927
-1.1831125933745048,0.6459455753458154,2.4549697235083445
-0.043969261680863306,1.2955755567662797,2.5870261556545557
1.1467510974265667,0.7490645725592859,2.339829740792332
1.2936975523190126,-1.0769041748203856,-0.4251931656618141
0.20216908596052266,-1.5828291212726333,0.17303414194507205
-1.0483778715929413,-0.6185865952098574,0.19275461064192978
-1.3680965547810113,-0.102219550524838,2.692735141724795
-0.3337391776023907,1.4707480604723004,-1.1725892648625136
0.9188598957191338,0.871889665326448,-0.48366334821934587
1.3383085280700961,0.31913657618510616,1.5354160603242961
0.5429296623212803,-1.8569007489326799,0.189459089367221
-0.7466555734647995,-1.590991247597378,-2.0995017834290572
-1.384299255667275,0.42427531475178637,1.7008010072235187
-0.7932945966563253,1.0496308575313245,2.855361769310202
0.5963272898983962,1.2140815770447917,-1.5658221411630806
1.3970499089860893,0.3544565948736522,-3.1150895989683574
0.9285907831584806,-1.462530648969843,-2.251552465780019
-0.459231609537044,-1.3605298022579,4.633171032352637
-1.3597054198650431,0.011096149764528995,0.3878689660145482
-1.0185426872315044,1.328893296074627,-1.0493911617253437
0.21296203189423288,1.708296720417091,-0.39819535411026785
1.3116410985627442,0.8092670162087523,-2.7651960891671945
1.1553034413202758,-0.17370412523286083,-1.0148979353884873
0.04203499694823465,-1.594267412217754,-2.184254000189659
-1.2574708695342245,0.02062742240731774,4.40458508699696
-1.1819097809084096,0.7099348707957753,-2.2056565363467504
-0.15128461026117204,1.3544232674926104,0.6092532423875952
1.0865241468932996,0.491973849015922,-2.1895672028672513
1.4121801806349867,-0.1771489365671297,-1.8065345456487925
0.2963396725036427,-1.794124213994458,5.247023270576136
-0.9151919515879559,-1.4560141823355255,-0.8530357434425845
-1.4553357647689789,0.07512907700832461,7.564582654288572
-0.5804911885424823,1.1264154141853584,-0.03021443045588823
0.7291071200150666,1.3604686848712821,-0.5195328770350449
1.4601808199574071,-0.04637166091912004,-4.315154782978487
0.7676419373747725,-1.2867532562093125,-1.1738284220744144
-0.5551469768997453,-1.2284999701115378,-2.764492052756998
-1.4767916864060424,0.08654729715752207,8.837258064257316
-0.9322936376333107,1.5025333915447592,2.688024293664236
0.5163291428404715,1.7588936889387201,-5.673109154297441
1.291146992601789,0.40499970140901786,-0.018231478474673157
1.0307023269157607,-1.0804356854521406,-0.08942258615706189
-0.16521186144112995,-1.704200404732259,-2.5802418284073445
-1.30496660933667,-0.5260936698688212,0.8509025373276914
-1.1085209841582069,1.2569114671542159,-1.7608943242906954
-0.047730321755140165,1.1204019124231794,5.818203003701122
1.149943582771316,0.7534882514598051,5.173604395151005
1.36294646733677,-0.5167950715164871,-6.439348895583652
0.1932062667857255,-1.2687586270537055,-2.056966382433303
-1.1228229275678667,-1.186572110843226,1.057937528060943
-1.3231393267079856,0.24862168995423928,1.9417678689542313
-0.3924982779306972,1.9004809601418287,2.14079191943069
0.964933222551556,0.890281731039434,-1.6196397390722483
1.3545598808537327,-0.540451989480788,-1.5252213912211936
0.5482244769665638,-1.020291900651572,0.9850750637559047
-0.8065678899059726,-1.6400506564927508,2.5024189389707656
-1.3864989209433587,0.08249170189789434,-1.2074818961758544
-0.7159298612772499,1.7882326282897014,-0.7604078251591151
0.6797528861533606,1.3820608271012282,-3.617649231750464
1.43127962350096,0.3755933170458359,-3.2052144743938147
0.9355034922625792,-0.5986035986943206,-5.457760400047407
-0.4704004271775146,-1.1976277921472998,0.5528260371999982
-1.3328865187153298,-0.5975725267711951,-2.570936279770469
-1.0840208879714317,1.1347659911445451,2.493843990905462
0.26936892365969334,1.5769344465180746,0.2648017944686931
1.3126979261442695,0.6913311290042312,-0.6138697220701428
1.1436624664892339,-0.7596247796233424,-0.8474508787891311
-0.06473629377140754,-1.6579969130159882,0.8185663889005912
-1.2478714871255887,-0.24029356709547978,2.4421628321103457
-1.2129380459068806,0.18332771933834202,-4.1936582994590905
-0.15064285605659666,1.2093210327537425,1.6515348160598624
1.0366879827031668,1.053538625249229,2.2025458180024193
1.3742378853030246,-0.007504111334460939,-3.520758202655112
0.3443523851605236,-1.328873066005094,-1.5924074283233514
-0.941620523517361,-1.31163933031057,1.706121434445123
-1.3240813375551224,0.2688518265931694,-3.9253112566271624
-0.5934090304457061,0.8296728877265643,6.0893437985431875
0.7793859727756022,0.8324898312152962,-0.07969889159540888
1.3839629169777914,0.0950507949983137,0.23249607621569884
0.7324684986726806,-1.187748969380099,-2.9580921102934448
-0.647592076874511,-1.3551999254032288,1.1790356080036435
-1.402632031491316,0.17841622333963247,-0.34363512942984714
-0.8794971110135655,1.1439089697423133,1.659446722246452
0.46918295062840015,0.6474393256562663,-3.3427119104352365
1.3796825710706322,0.06621358858385107,-0.9999356226407748
1.0514398091100792,-0.5676520639604543,-1.8357581856605876
-0.30754159773440265,-1.3960275740176875,3.60064953216919
-1.273225653276481,-0.9002406772014837,3.050337882396904
-1.076237467926624,0.5742231917177909,-0.512039297484293
0.09961822505075577,1.6235332618167049,0.28374563062129154
1.1702595255087702,0.6621109370311817,3.709351179216081
1.2600681839752708,-0.7726443876006617,-0.6339425468253396
0.11934301353160154,-0.6701103334602517,-0.0563764374604836
-1.0488351783348218,-0.5713821142682463,-1.4002330007454877
-1.3754673091505538,0.6901514006236964,3.0581612816734283
-0.30077462128098725,1.575315272233686,-2.503796354831308
0.9296865972824824,1.245464736368313,2.0063150665258904
1.3059016235859133,0.23533044243362444,2.8601387991065153
0.5311044907707823,-1.29086234699922,0.5600069768193816
-0.8407152774828172,-1.3321183243654438,1.3696503744799393
-1.424648707163852,0.11941394428711782,4.8739986952235155
-0.6805613484156414,1.4158122380697817,0.8082172127586296
0.6683658979284919,1.5035235549428339,-1.8058975898235907
1.4045496530098178,0.035191610173647137,-3.0672158285106508
0.9462206044676887,-0.762467943516813,-2.4350051701334854
-0.429536998630477,-1.7667171681460707,-2.1214062618062535
-1.3355199244336473,-0.05443934569078546,2.1215723984710446
-1.0052860419009713,0.36262414889824957,-1.491645578261475
0.18552995647242684,1.744883709374924,3.498689065806401
1.3479869527334607,0.21644221154347165,-2.8094567289043306
1.1653460746307605,-0.5177180265557191,-2.0525933563461027
0.004526084090251792,-1.28119888899258,-3.8118185816206127
-1.2399628567875696,-0.8813394068927083,2.2586046287634174
-1.205790441665931,0.5026552278265617,-0.6448986342666879
-0.14954608246836332,1.406815703536948,1.572661616118144
1.1138592455505159,0.7242447120448947,-1.2167662223646907
1.324730333174974,0.3448736005616193,-4.207864502112014
0.32048947724837945,-1.2510252456735123,1.1555738642104463
-1.0233935398277898,-0.6862223522579863,3.30007958772392
-1.3645900127769153,0.20502527293178807,2.539495071139626
-0.542340260390016,0.7255637222878625,2.7691701186589635
0.793423872183086,0.9487084121562372,1.9601375852740521
1.4411329968970663,-0.15646548341288313,-4.15246962145951
0.6978103684580496,-1.1327086080486037,-0.792951985906617
-0.5643974938013853,-1.0336434665115017,-4.086802194991916
-1.3947709729094426,-0.5127766573338743,0.6431435184239667
-0.8169455387896657,0.8792462553933239,-1.2073583146450566
0.5166625764426801,1.159944913183688,-0.8551856314608303
1.4421671060126997,0.2630423679680072,-4.452049769058526
1.0139168925021464,-0.6478458060486192,-2.96420046536506
-0.24401402156738877,-1.1553639092962766,-0.43893078207700387
-1.2597740234318955,-0.8220977621352976,-0.019853218092968916
-1.1688349544465586,0.5870397823441664,2.3228818795498105
0.07548302983252528,1.3137139905400486,1.7534878283867883
1.177564609134349,0.87921196425367,0.8413734301089265
1.3593549736658197,-0.6001125654656669,-8.149115550549203
0.142014776701172,-1.0442485125779872,-3.236154523383455
-1.075164764954826,-0.74135801966702,-1.3866174002586567
-1.3234398697226752,0.5976478540723296,-0.4365027707230851
-0.3180385668769839,1.2852793835253244,-1.2362256439566588
1.033886923857031,1.2037328951828696,-3.8712299227880633
1.3895617850487005,-0.11759163033955633,-1.4577961750296191
0.5544097354333779,-1.4110356439616756,-2.384175799399
-0.7896753085992891,-1.1329052661298777,-0.22240989670657463
-1.447616520648523,0.1584740491852954,2.8178247583548264
-0.6602483383647416,1.841349398811614,0.1832858960583883
0.6752797751010186,1.461026511963472,-2.488347935738254
1.4056665034641451,0.22520156265849245,-4.102570879703689
0.8319060621412913,-1.031947513724522,-0.5146906425938202
-0.4677187365334301,-1.2649499870865946,-2.060929385416273
-1.3964314044169375,-0.5444558695568169,2.153775313725049
-1.0488002220671737,0.9962668508503586,5.126328198910097
0.34707861558377756,1.6336677671407511,-2.1471038698013745
1.2407795719541417,0.5709515762844652,3.231873317414675
1.1180881315571995,-0.5867164701022942,0.8773014273698732
-0.04006009923980698,-0.9019298667293458,-2.739915019784632
-1.1493403348711162,-0.5744813096047008,-3.620795681219279
-1.2335448064699108,0.5630873681118931,3.369600484655247
-0.17750269458665047,1.056399225070662,3.2656705411791873
1.131890421734822,0.870789122276574,-0.2822138627807175
1.2932121094886875,-0.6778553566434942,-1.1708988344661386
0.30671951722255464,-1.4271750606876243,0.16374947037712473
-1.030989999558599,-0.9009511444984225,4.637383894116036
-1.371759409443219,0.1700844551565972,1.2933362956981223
-0.576702770534078,0.9975020202405654,3.7160532358515175
0.8355792096072762,1.0645892080724788,0.6047161844949156
1.3815347176760433,-0.6410501706776073,0.36889027927072227
0.6633211083020465,-0.9722874637349987,-2.555310983258404
-0.6814146468876715,-1.220709558608271,1.7906768317502397
-1.420105399948323,-0.3873470768635856,1.332140970797302
-0.8766263412283979,1.3513994803434093,4.105336188143633
0.5110332704626989,1.727384061216564,-3.101672826552017
1.412537820273997,0.00788174496300198,-3.396612360479274
1.0066545267150901,-1.231047021762084,-0.19827227179412543
-0.2679317919311234,-1.7699502641214748,-1.5268541305246908
-1.428333677886544,-0.45480898527086144,7.6398599146087065
-1.1450941464703068,0.8733511073924138,1.4789578475890302
0.12129560445734512,1.24383036353956,-3.628291546762709
1.2923840883461315,0.8451064244188733,-6.561591815293735
1.263331474590164,-0.4047570834934844,-1.6329812169071878
0.6017624061554822,-0.0935569020812188,5.220529111496349
0.6498511693830831,-0.35669399143195113,-2.3434485112703576
0.03140056324250551,-0.7463249408582789,0.9086590349497292
-0.5164880490756376,-0.7066311261701025,-1.5056587311513605
-0.6784050073565593,0.5628929260268184,0.8551963659081729
-0.1448767178194741,0.36416399143353295,-2.9995431743901833
0.5221047430037082,0.11204619847353714,-4.0626539128717924
0.6148604938433413,-0.5226797057901028,2.095779077749754
0.28669833274331025,-0.7834996149251461,-1.1902123252585328
-0.3053540074258204,-0.5830537010730643,-4.341751846465871
-0.7070841620234529,0.13243945402238833,-1.5940024669223785
-0.3862369487448936,0.29867875326844096,1.3496312692195749
0.26044174474609555,0.5638140030538391,0.46326262696606835
0.6629026917358513,-0.3937307231606829,-3.1899454243667504
0.42481800937576014,-0.30357433210978585,-1.2169601601189133
-0.20405429234649217,-0.2409438858660573,-0.5392330658482388
-0.6209643801891995,-0.06787965528148365,-2.4864685619411437
-0.4675684303739852,0.6206461763402071,1.9267113853798157
0.15168636019526407,0.710598847026151,-2.580118667032115
0.6433012628351135,0.5986953158044089,-0.1112636681825735
0.5128898732197573,-0.575588237878982,0.9925572020862555
-0.046976651072880966,-0.5475934148058523,0.8555521437462438
-0.5811576897120677,-0.24393691631057035,2.0039719049666895
-0.5972883200589768,0.28730524607319674,-1.784083717300883
0.0024340393556280676,0.6598706675666213,-3.393704743662662
0.5333990312802123,0.38226507797498865,-0.06678930494277681
0.5999457380530848,0.4426805521651417,3.7947509364518686
0.10173943233022448,-0.8289454442777485,1.0859349904754647
-0.44200404868935333,-0.6346158556944794,-1.9563030161219825
-0.6711488211827992,0.29569624964040087,1.7971171539453803
-0.22230285969160798,0.8154824406484568,-1.6241429614238105
0.44592808167845444,0.8587750564644087,-4.737396849155947
0.6420808454528268,0.0925029145919326,3.416679292469804
0.355057755625042,-1.4196329612541414,-0.9897047369259837
-0.33539385447796927,-0.65855711290844,2.096016271749111
-0.6081335794824173,-0.07303203457290519,-0.8320511463990679
-0.5072518734901751,0.6016078409692033,8.155633901713893
0.228170572312109,0.28947075944326284,0.26273037340673544
0.706497794660728,0.11989323815631336,-2.232842582887926
0.46766689430297465,-0.23083927667704368,-3.1065052922462075
-0.161355665276114,-0.8297080961768583,2.5871428101899463
-0.5695710531095592,-0.3152267312085688,-2.7151494896428012
-0.6364906926253194,0.5920041500659414,3.385729737801797
0.05850925915362615,0.726870047014583,-5.011018759338108
0.6097014206381813,0.3105889653214666,-3.128042494917836
0.6572368711732075,-0.31034151727992454,-2.3070821882779233
-0.01598801794382894,-0.7972018223837137,2.974006335169828
-0.5500305327095495,0.29664844704741955,-1.2436568074683791
-0.6458017326006299,0.006926564701953963,0.3963097117205132
-0.13660005002333453,0.7834679938440251,0.011679371890677137
0.4783449622256141,1.041589336126159,-1.850809431696016
0.5693686411844883,-0.35952495020684483,5.584825004963507
0.28163654478205336,-0.1341379746818036,-2.3406988089123537
-0.43716901282964243,-0.5780655279829463,3.5801013774957626
-0.7330509609149567,0.2811736548731719,0.6927955030346076
-0.316630338721409,0.4083103999790305,0.7405488315943792
0.3153764355819259,0.9859031248298985,-1.6073127135841103
0.6357839475536223,0.18666288972689737,3.5200697582042526
0.4329003827430883,-0.4748581232223534,-0.8445985951759649
-0.24582598165323388,-0.6845734380800945,2.297305640488254
-0.667627754489523,-0.32322723603016024,0.6022416570540926
-0.4635619479242634,0.5495997969059935,-2.0327177818774986
0.06539056661331398,0.1670739823161016,2.960541403396433
0.5981780073314185,0.3535832185324145,2.79860486736124
0.5755482092377008,-0.27909915318067136,-1.4253438814016153
-0.09741386469591962,-0.07286807225663489,5.0180018739492915
-0.6445958592720944,-0.23829254971959035,2.227915897074596
-0.6310852314071809,-0.09700666224268018,2.5115303072132122
-0.03990635203135902,0.38406434677577195,-0.2662923531066097
0.5577081522048489,0.7409139268071546,-3.651648698266692
0.7406252940856494,0.153913301845508,-5.48096212634815
0.19861006312469645,-0.8494881632562504,-1.8369184485310521
-0.506913395938255,0.09109022103418962,2.3669803418594215
-0.6968339219510934,-0.16319897614425316,2.451646668293731
-0.25732019484230817,0.2274643848311146,0.14160624982539227
0.3963078511265648,0.4696375331612984,1.0314965669803193
0.6213333857186792,-0.10869677755874774,1.4803497119453781
0.326532547732505,-0.6680630935500139,0.13954245709527913
-0.3301370789405466,-0.6419427136419265,2.763758466681945
-0.6566128513491584,0.31841470914223624,-1.368067147843482
-0.416729916719513,0.6103342906058375,1.911769624772858
0.21358743654963885,0.41671836591818084,2.9529723692022105
0.6346881194360542,-0.22728866309667084,2.3936782046512173
0.4892678472377415,-0.4907935507499875,0.21609949752859514
-0.21912220403653662,-0.5463385100328652,3.8040550660966677
-0.6930776308503417,-0.6838227476137204,2.4533840798441795
-0.5281751077176722,0.5077085325192096,-1.990921461797664
0.03659417416164054,0.7648879924172655,-0.6553604852653755
0.6386481381051837,0.7127018551324155,-1.3086609822674928
0.647986782371416,-0.9135591141119609,-1.3397705614603765
0.06990455964530262,-0.46137326836055104,-2.328200835767801
-0.5198728043844029,-0.7632405391194996,-3.9377930941103183
-0.6930672265681173,0.22703330303178892,3.0250200719833678
-0.19141342620069562,0.963612491385796,1.1019642318144018
0.46397497609516225,0.17974194095969898,-0.23915213886539527
0.6581777874283281,-0.00800989781808481,0.1668690027631009
0.2820865659015153,-0.3098772639419861,-2.242933430970427
-0.38704944857284274,-0.2902774271441261,2.0799822914718082
-0.6561901579687377,-0.1396418294293783,-0.529143671078599
-0.29939714870706935,0.8299252898384955,-1.1481281274292092
0.34640958253540477,1.0471341233711602,1.0285530149319662
0.6467911506429109,0.08614877885475991,2.2398740137541453
0.3930901905320948,-0.3205003393644165,2.51891831956832
-0.2639745220444063,-0.7378392819460919,2.9001889976120565
-0.7001691091020464,-0.7660036258035974,0.06623729719069084
-0.4159998892396837,0.6304085272564958,-2.3946894434590416
0.14464051740438771,0.4403898201955957,0.49019709948623147
0.6533586576104257,0.3344609557197187,-2.032434000047776
0.477873187185461,-0.5708793951059382,2.6187215296925115
0.03508387644571457,-0.9468260423859023,-6.116478936772763
-0.5897710934824046,0.23156950498147533,-1.1137593011287474
-0.5454377047286978,0.29976189432387446,-3.1276129660319567
-0.004316125641091052,0.6049849346257696,-0.35139358506745433
0.5380052184197152,0.7019747475096272,0.04389734162203729
0.6260152177121759,-0.27883432513968576,1.6843247909623689
0.11293012431396576,-0.7733765229283658,1.6132634677419422
-0.5009146162276907,-0.7548553374839142,1.9348157108135966
-0.636425370225533,0.17173355976377647,-2.481005677961118
-0.21865905403740318,0.933283514551646,1.8296512756577665
0.3668767089667716,0.08833617408099875,2.0055604434375356
0.73813137584584,-0.28996529176751773,-3.2656945541880016
0.32827298112387787,-0.625991520083895,1.342117957908892
-0.33745887488776366,-0.19394918042067888,0.3554210833804644
-0.653513634195482,-0.09788997203404759,-0.1490633612053953
-0.38218032941202834,-0.062801580839561,0.7425628497767189
0.1785667019727514,0.5906977542907391,5.022491543118921
0.6784482597401755,-0.562278909975148,-1.7652228472998555
0.4831521767204675,-0.5730999226611827,-1.858352361127941
-0.11221355613733261,-0.6386751221817053,-0.7619868164866977
-0.6546652647251607,-0.3345745539781192,1.2984266909329745
-0.5721961463996268,0.6527435666501419,3.2016216304386202
0.018669531337659674,0.41953997719325237,0.712613494775175
0.6271442676048498,-0.03431216200035392,-1.3388105813519042
0.5605254152756233,-0.2971870872703747,0.7654147851650802
0.026036853578697103,-0.6450620141422958,-0.35090794008679926
-0.4853531824271527,0.24223844398840066,-1.5710335777479016
-0.6014324929422631,0.2475525791661981,-0.865577733437328
-0.2030982158815101,0.653587069957553,3.8487071122864633
0.47714485285458536,0.26296766117446885,-0.2579752330531332
0.6864010801498331,-0.09561043204452224,-4.021410929326633
0.24078125223922225,-0.6606941307758973,-1.3409215683742775
-0.47544118436948013,-0.3530598440929958,3.3890423042875164
-0.646340414949997,0.20435268527240258,-0.08129010652071778
-0.41076762477578227,0.9545104151655076,2.604298050057827
0.3327923453648678,0.3498924910748427,-1.6129463762128267
0.6614442602379813,0.42270691365482727,0.6889260208746364
0.4631091147276699,-0.7032763724522875,-5.688446343350028
-0.25814183338719077,-0.8270390003722117,2.4306557988692936
-0.6541124982111323,0.14009616611178666,-1.1085446908193353
-0.5033619686459146,0.42610198347280415,4.450171113061324
0.15829864441379052,0.4231757661575007,1.761319310875863
0.5690037628454202,0.2528316142749132,4.260736367333362
0.4717630924975592,0.05539036202976966,4.747005612714581
0.024198191160221552,-0.579020126950379,-5.173170705286476
-0.5702656836589217,-0.2825341802325837,0.7898337453405357
-0.5557154891672114,0.1276297490382744,0.014790698034188587
-0.07709356059108584,0.5373787688180839,2.0490517645596817
0.45162310473462997,1.1178123491786862,4.4848185806552605
0.6136859594755731,-0.45133400571815474,1.7077655489752932
0.18148439832861246,-0.8749289327629863,-4.629311269423904
-0.47757351908407,-0.900391537498752,3.3938002674836065
-0.6479938768406948,0.2114636718852575,-2.3955913836844673
-0.3283505052862605,0.9133110052481141,7.603021811345145
0.4610092132797895,0.8952478426770183,-4.048932664066126
0.6099601958178464,0.05808328730980694,1.680944767340234
0.2627702110284839,-0.41652458303265594,2.5367677717817942
-0.41261182883117825,-0.35833379668587767,3.948471702462729
-0.6901249801538754,0.10546333375306527,-0.5088248399869375
-0.4236210559414464,0.6570054625747287,3.1958987113805537
0.25280989587141184,0.31920725573707565,-0.9482506886549785
0.6818024476818504,0.43564384058767336,-0.724421048287849
0.4549274105112196,-0.2745036970396583,0.3378755722541815
-0.1386299130347594,-0.9558442492112884,-2.3899251038260583
-0.6158088417714795,-0.11863833666585444,-2.182479875120954
-0.5441197375462545,0.4953326114288295,1.08585487697427
0.0405860861716178,1.2560040877177752,1.6128325394615899
0.6130735857117932,0.5259897590769341,-2.4064613134027804
0.6040213353820858,-0.07076418501666792,-0.9316642571729845
0.09059303376266371,-0.8963340668180582,-4.107128393468879
-0.5661493748137604,-0.2411903828630485,5.1439402406023005
-0.6121187341058302,0.25149652092966657,-0.4572609786383963
-0.10717503187328777,0.6221390020458222,-0.4883822217343234
0.4798129516369419,0.42906072442842,-0.9487692793864411
0.63242431773966,0.03731663455438683,0.8652495073688535
0.2030502233561486,-0.43683673039615106,0.8199517384586552
-0.36718746691331144,-0.8682831788940232,-0.7835646777231172
-0.725071338251111,0.16642740884525442,4.055434819620383
-0.28179826745224523,0.7916180197130682,-0.7334775851547165
0.32577266066330274,1.0784426284324615,-1.1451452251932996
0.6531695564900898,0.07923243283086245,3.375303729723789
0.3375031579809309,-0.3468623249155259,1.0741859846804114
-0.25678447246288966,-0.4580240904189259,-2.052913753242679
-0.6394836568874253,0.38756027562057704,1.1599002542615784
-0.45557389633180984,0.11751132026352556,-1.6247470365895615
0.1362844159437232,1.06544688008706,1.750948390426467
0.6390702624683469,0.7256119666523175,-0.8327042717231976
0.5720706754160853,-0.5167556417605607,0.09139981408482212
-0.07291323105897587,-0.3886782614549651,0.371275986676034
-0.6311021176126846,-0.3040008905768693,1.5128902943563867
-0.5942573395127441,0.5674590916936845,4.209547527758576
-0.07398002037051311,0.38916091276413906,5.000017711533929
0.5323974611452965,0.23858127191780543,3.1532293488295036
0.6879391962098453,-0.6658237493242025,-3.36165974902272
0.10133278096698756,-0.374935033811123,-0.009092028562757148
-0.5181334931082628,-0.6374089099321767,2.869173454484313
-0.6042490829641061,0.35225321278818944,-2.0111014534979326
-0.24283142428793117,0.21495513008562728,1.1455307458242119
0.39082140353436307,1.0828178180391361,-0.4052569716183331
0.6311371271098051,-0.3403369512666382,-0.7122385694930707
0.27361549609505037,-0.5740775616658739,3.8774602477551467
-0.4298128222525584,-0.7660010763617483,5.493070514060251
-0.7310786410222166,0.14562066460970968,1.674163967296211
-0.3350209315511425,0.4480069097543829,-1.4803764734861402
0.26740990821314126,0.5050855972235765,-4.165836837233043
0.6788098278403331,0.6757053731721546,1.1584505426087492
0.4304768560449439,0.001829542763478187,0.6409217197488537
-0.13133769562850017,-0.41799434401614166,0.7395271967314931
-0.6532349017765027,0.004256859162649063,2.1630214040083033
-0.4562823719325749,0.6084266548799211,-2.716283627083767
0.09180754778698827,1.356966352873982,0.5323449058050689
0.6058966096102796,0.2785068784494926,1.5685959872086934
0.5472697789272108,-0.7049981132932792,0.17129933230900118
-0.02594578625801431,-0.540190427235591,-2.2049129736856687
-0.5504983479224851,-0.44672496666281203,-0.6364599816351207
-0.6467728946713076,0.09474288570357092,1.3590856726064726
-0.026838582749708392,0.5010909973414595,-4.519382048251299
0.504216542990327,0.8144467462304191,0.6957423588171752
0.7287827471588089,-0.7454958392630473,-2.721253869707144
0.2508641106041814,-0.570537173222649,-0.14839693183563735
-0.4831078351034172,-0.3421445698341863,0.8842931926065614
-0.6576119487121592,-0.5048649492207624,-1.4759254864411766
-0.31022461059379536,0.6947379947533134,-1.169196381793011
0.33946482077067003,0.31056698498582697,-0.5346748046360655
0.6967491943224552,0.4589950770227841,-1.7888072594000914
0.3562662997714182,-0.3520492787062582,4.111586073672041
-0.24363760777671623,-0.453707594825537,-2.679522384613234
-0.6406071041166038,-0.2594061833810274,0.03908873894536952
-0.47315354661235287,0.28969395404580767,4.109538617179175
0.22302824321070053,0.4153495228464005,-0.8345257131400158
0.6540403624600245,0.22047390091189778,-3.4898110424156505
0.540079671440441,-0.08016558708784427,-2.308420053086317
-0.0946125051010167,-0.8847283713645994,1.7088627350660008
-0.6066755759961806,0.05339105328024896,-0.9140448451016221
-0.5347210562341597,0.7560252379805404,-3.1458853565557514
0.004978991404426836,0.8505764278293662,-0.6654656044456708
0.523760123870166,0.3504442816700304,5.53307029318588
0.6548106850446733,-0.3854387031544704,0.35932348085438115
0.15076931729205928,-0.7789567200792202,-6.334271429646857
-0.4964413967191297,0.10840524064899659,-3.0824969283147485
-0.6661067170496238,0.025948180631202855,1.4035396472478394
-0.17402263595683656,0.5941437305089623,-3.0242665834944824
0.4142240687299399,0.5508401150279568,2.276960916239432
0.7301229984071548,0.06649126541083072,-2.2359227730002433
0.2560303648704568,-0.7335394860320193,0.946008068631853
-0.39977890955026846,-0.23639653293455382,1.9154641176980265
-0.6504396156495814,-0.1860740635245317,-3.8204657896065344
-0.36599257941341823,0.5734775192552455,-1.0352493249751842
0.31017341488192374,0.39097908807318144,-0.7214182981425967
0.6869177687088115,-0.10186030075978236,-1.3031312066773886
0.4727512188058975,-0.3613332234321126,-0.3174989728308872
-0.19320272893198503,-0.941226351635431,-0.21865433987066196
-0.6617042157650802,0.021000951896094633,0.5277075114568267
-0.5124549494743567,0.26516395280715227,2.2591162131828413
0.11704455971311405,0.5101606065785674,-1.7562087395224049
0.6030726780934628,0.2188121513740321,-2.706253155054415
0.6055328386996947,-0.4299331707933862,-1.4622695080678831
-0.015916332441811315,-0.689170854527343,2.4032829753958915
-0.6116955735758542,-0.6043006028832554,1.3773160670189692
-0.58250829079813,0.03233586128069399,-2.7845604898786935
-0.07816519743104919,-0.1697831413392759,-0.7952752530617463
0.5482723443366129,0.5083420797689364,-1.3524016626047077
0.6531367228605984,-0.5349049768734848,0.5150943720271193
0.1755503753188268,-0.7280926770259455,4.1276247499056895
-0.4018844265946089,-0.6691056822271615,-3.8625156884857192
-0.6535724550310426,0.5261289403138181,-0.05432488231986721
-0.2681137464548883,0.2705571285419031,-0.4327748738945092
0.3419790910975437,1.2254029050925386,-0.7042759309223731
0.7071176554173988,0.0781001745310339,-0.41160963106842696
0.3549011674903792,-0.4311416971280668,-0.5908319091939437
-0.2908199647484626,-0.3747521868375592,1.281170085624047
-0.6523484565500044,0.012636207525653642,-1.4384458223969694
-0.42058715329289287,0.24446002110019321,-0.64249403328739
0.21035511934474244,0.5587554889642222,-1.6699638450689058
0.584117035541702,0.16481930844478354,6.41726865468591
0.5179299355493675,-0.45977198194966457,-1.1362354731253026
-0.12725778123951131,-0.8240673001485674,-0.9395032844520723
-0.6715711484370961,-0.21130419014344703,2.089271153639888
-0.6096577684417331,0.6014302016861247,2.2586221923637697
0.01584454165641316,0.589829732691097,-0.6618881025387996
0.6064659162018395,0.702022820160961,-2.101525443579647
0.5992074889994492,-0.5033950324591424,2.419363689238186
0.11977800639129511,-0.12255449079965686,1.3413420708551818
-0.5229015865300514,-0.6044720463108383,-0.5775817962272889
-0.7294082832796682,-0.1836110344002817,3.5997171190646724
-0.13721011501973965,0.4681617167653746,-2.582481759659858
0.45191802092244043,0.9695620943352603,2.03985882195775
0.673743298593831,-0.324598641844836,0.9252624749539808
0.33261745217687244,-0.9383444809454553,-2.7428155630214315
-0.3881983943250429,-0.5377631886275066,-1.4067732381814329
-0.6827112211998464,0.23210761187319684,2.2465111724590514
-0.36711614146535454,1.088343892542465,-0.09920031004742008
0.3231026692169746,0.5844407213225169,-0.9583601448544821
0.6435955907765947,0.11070496462896429,1.3351032634916773
0.3947394794924393,-0.8739757919393215,3.006632632417605
-0.1790556942273234,-0.3275555559840183,0.7953954763719312
-0.680611394040839,0.23918843452663208,0.17020947901359162
-0.561678024132187,0.456994118838189,4.071612585829471
0.1842138179255305,0.3101087150617128,-5.144077941394469
0.6743773219585754,0.21828415546752966,-2.5723872865489694
0.5014740465383334,-0.48402667002781785,5.418114896717251
-0.0029306326090378287,-0.508599871906745,1.2855251040762155
-0.633429724684282,-0.030825127461519553,3.3482835346036333
-0.606412403602685,0.3701849298331189,-1.1233962003396132
-0.08542358515152433,0.8576557181350564,1.1661586878890617
-0.6355030460593851,-0.7727271342188402,9.959929696020634
0.14507760412563492,1.0777612895190243,2.392823778289879
0.8780047747758193,0.4040282154981184,0.8216130297313551
0.7364792212370496,-1.2231096256011331,1.25763842291031
-0.03369780172061142,-0.7237342830963673,1.9277659274855734
-0.8787146876279861,0.2179996876461865,2.5401071065142955
-0.8522467607397562,1.0228893252412075,1.110621094582371
-0.08089708076080866,1.315683062726134,0.1857956858992149
0.7450649414353246,0.7155678915503333,-0.5412102973318123
0.8065224668449771,-0.13873813539261537,3.2438215124881067
0.14808877190076816,-1.1355042687780186,4.15479080599972
-0.6522973840582544,-0.22653409181492834,0.9311100225033786
-0.8536226537452297,0.20329859471211187,-6.740388397141482
-0.3997005175600751,0.8652332611102509,4.219971336865179
0.5936954891356111,0.9610487672091508,-4.09122047008197
0.9259108020200927,0.1252100246143628,1.3313155103243794
0.45937334017758014,-0.7540054240591634,1.071623359526445
-0.4210968540408667,-0.7217976007752671,0.8679867645720896
-1.056608484665637,-0.35505745381670395,6.262697733938706
-0.5733388226307722,0.9272362767763783,0.4748292242846902
0.3332621945920857,0.908500937001592,-0.34356324780288605
0.8703292372216083,0.4473712876708613,-0.27934551423440024
0.7450438402571748,-0.9657970773145536,-3.1467745577526363
-0.21338202536480766,-1.3897608384737694,0.9097902567371935
-0.9371914105486241,-0.08852455019951688,2.2662931005280282
-0.8073894509435672,1.0192895288003616,1.124698939395028
-0.031656460714441594,1.398734419159443,4.476183788808948
0.8402703295869266,0.34287540607428224,0.2632318618499435
0.8814176307320837,-0.6604766036531923,-2.3459776481913694
0.08366237167377488,-0.8451250469420596,1.2593613857280117
-0.7726472087754869,-0.7379880520173226,2.265547190254499
-0.9289121830190519,0.2718279514414973,2.1401770562835267
-0.14584127873810748,1.1192704894319827,-3.2029299877746054
0.6718035119722228,0.6592338749159182,-2.555663293921751
0.9286594268499186,-0.24796745451420965,-1.5089916922545132
0.35917611082307194,-0.7077357097297249,-1.8531846313930478
-0.5451638200650095,-0.5934934637704681,-1.8809800182581475
-0.9275131796730965,0.3478530032886834,2.9665603759487746
-0.46445868975242605,0.6338218726696323,0.59187093951725
0.43864169173285095,0.28903580852251004,1.8031225296328057
0.9106554606531527,-0.23492296174264737,2.2257492726828363
0.5990731385163118,-1.1106863540616054,-0.9569598347971903
-0.3749683538066206,-1.248680507575224,2.902492815414928
-0.9292702550059674,-0.49321102401886974,2.0243772470096735
-0.6371125081162987,0.11094107279773724,0.19461472108183442
0.10178756335676055,1.1745964517988696,4.110281016918139
0.9199128044935152,0.36428697512454145,-4.5573355835899205
0.6701791123107609,-0.9148442684310149,3.7385828406735913
-0.04660308074538824,-1.27663017736747,-4.108028852329323
-0.8766632352529948,-0.7388039045092659,2.9997672336128045
-0.8470769585541384,-0.03317640152345536,1.7231480305809188
-0.10710275394788654,0.7200591775837692,3.4061532729497546
0.669986629250755,0.7749246815299882,2.9392341059749807
0.886809604163806,-0.06805971701784153,2.7994445024823515
0.1872863495472948,-1.1734161901255475,0.3430405543444659
-0.6942090167323903,-0.4722872140691703,3.9459138818790382
-0.9516556919931806,0.4565877545805169,4.664702364613832
-0.33667997164844343,0.9553577373155282,0.4260653926819852
0.5683132144562131,0.7516645442974829,2.1494047807081085
0.9693521511643944,-0.18112796364201156,-3.8073486814439987
0.40240054731294966,-1.0986555559871627,3.3732589459312403
-0.44069905958639116,-0.7968093505785295,-0.8788923007922594
-0.9356619608546304,0.2040960394475222,1.3749878819581596
-0.6064324573550894,1.160576735955251,1.6268728487855115
0.345700925192844,0.9854589709680591,-0.09061559434124344
0.9948571745074279,0.0007793615471068938,-4.1612914209305885
0.6299357223120474,-0.5497695365136279,2.464393706213975
-0.289313771840733,-0.9911066335502603,4.048893940662744
-0.8233023344107441,-0.5681443281737231,-0.6764254175847975
-0.7639467569949155,1.2793901574558308,-0.5504641412300804
0.02794985472748797,0.875393835740216,1.0257542796117396
0.8949614871237384,0.8000186916422419,-1.8721439997320188
0.8712683772980371,-0.3625839492177524,-3.285502898494342
0.0603505310093742,-0.9807450890743411,2.0349038735794465
-0.7066803884611216,-0.36302745665497294,-2.9238018897105955
-0.9433417242634866,0.34866370127278556,2.824464685107085
-0.15647085709304676,0.899710295626156,-1.7518422482743128
0.6819169977584888,1.3761070596736769,-0.798948038304847
0.8843834654147789,-0.5044811427293477,0.9673802706048645
0.3267091905368553,-1.364876522289864,0.905865961133342
-0.5577886263307157,-0.45210336257817674,-3.331875129089703
-0.9234495229623181,-0.08738750938104112,-0.010365251237237742
-0.46829293948060446,0.5098074850573849,1.9729926769984523
0.45496059140891065,0.8083734694838148,1.7208702235100197
0.899473754207776,0.2920111356866234,2.8528675870516387
0.6043949948710151,-0.9241815811580234,-2.1849671939054387
-0.31219580002408215,-0.9769335784695856,-0.11570120960181673
-0.9120319493247534,-0.02724001856667102,-1.116865861853883
-0.6606715142064099,0.7638585618110172,-0.17395672205563706
0.22906253061790005,1.0806214543891495,-1.4703802711419993
0.9392878521673086,0.05893975675767327,-3.7971574342862535
0.7698438471834829,-0.6955502642741074,-3.4841371453156365
-0.0864393972224121,-0.8312118216319223,-0.6708132224309621
-0.9042992517833716,-0.4753914618956778,4.027035443281295
-0.8182657677838405,0.47284783837048316,2.5237344144437768
-0.040117289004676954,0.5684879233012992,0.361337237367364
0.7575834875789377,0.5050432963415447,0.6227526679367384
0.9337998346030053,-0.06500485073500928,-4.464195087136283
0.16821059091188736,-0.8555065055979362,0.5454968406448757
-0.738810512906627,-0.8419485803884291,4.608463337532578
-0.9201963955131057,0.8564754049958079,2.272648907930597
-0.34269398943158047,0.8086084034652186,2.0837402432600096
0.6107487296655492,0.47301545631602493,-2.4015338416437193
0.9356811491682995,-0.04242702169841406,-0.3439367731423394
0.4641129708557721,-0.8577276099517872,-3.7680117523400156
-0.42202318136512784,-0.7626181226222486,-1.4942900168364466
-0.9243664685848183,-0.2884825779985528,-1.3640899031195255
-0.5789446644473736,0.6780230671397619,0.5210924634686354
0.2933273784639346,0.776359406639005,2.3011333183431772
0.9195666893305507,0.0230163219460483,-2.1923677318655246
0.6459757631048907,-1.218752896824568,0.462092307965436
-0.16624229959474565,-0.6779056566904451,-0.9931118896629154
-0.860181682974561,0.06308306362557803,1.0908148977251408
-0.7616790556107896,0.9273455030017941,2.203556072739569
0.10675562456197865,0.5792192454461068,-1.5644171401324762
0.8959202462096466,0.6314892657902665,-2.5196140792074533
0.835323057027236,-0.3117979974503571,1.4888377548514469
0.06754916535573341,-1.2534395831613456,-1.107619274399444
-0.8332491399644039,-0.23234160295320272,1.5603895380637118
-0.8561804434886607,0.27468964357786785,0.7667549458369229
-0.2326989452843057,0.9873782536182835,2.8717530443925936
0.7564524831535507,0.7615661576665506,-1.9723789773898917
0.8978923295360952,-0.06043435827631671,-0.7592281741437142
0.3567324758506152,-0.8282835181177075,-3.095127662245496
-0.5394806084683782,-1.46775409270613,-0.013028070268682468
-0.9610923373049983,0.028164870189371638,-0.3732674568628519
-0.4565383553754407,1.0890050243019058,2.657545466856176
0.5605294560725617,0.9841982925418497,-4.307167926881261
0.9253394215738736,0.04233006073681933,-2.2384845420452195
0.5945793726175967,-0.8438462260205976,-3.7902509604657664
-0.3564684842691844,-0.34608755480448367,0.870283107537449
-0.9305621083730665,-0.23263899534757715,2.122953019570118
-0.6497407692473596,0.6795329515907556,0.07863414052549422
0.20838251533081198,0.6822830835652521,1.5455686086625953
0.9494517725405521,-0.06963701732613903,-3.7531416229400882
0.7151653687090179,-0.7026870013542624,2.119063760960571
-0.08847746369693749,-0.5348473602436526,-0.11575764886953444
-0.8638582153814854,-0.711192947600679,1.7361875098698
-0.7703500005076842,0.536183561301195,-4.5227103085587625
-0.019409192407938276,0.9021483205134624,0.35456441439480735
0.789391258441416,0.43727020279998363,-3.3145466918400124
0.8558222601627029,-0.39837506569210757,-1.1331264258087452
0.18704901001909516,-1.0359573931068629,-1.9436290613661737
-0.6452469504523247,-0.9235477636466322,-0.3837087274243356
-0.8761918300679878,0.3478115758558359,-3.480549673150588
-0.28976622880183406,0.6018038228984349,0.2564030597541245
0.5983450349152032,0.8400773508272826,-1.510704011918822
0.9738323091395422,-0.13663092529914656,-6.037974262082336
0.4074853931320432,-1.285627470138297,0.4742239022268202
-0.5050733332195143,-0.9101046436325488,4.118777135839757
-0.8870676780690354,0.38181238580458354,-0.5696075670598129
-0.5046281940565791,0.5359628766931435,1.3948968370489156
0.3935992044253566,0.6765540242238463,-1.9043702080336755
0.9016704381076506,0.4275632907298932,0.5895060169124469
0.661571091451329,-1.0749410910777417,-1.4198190711978202
-0.23929844934374978,-0.3957634019520953,1.9823712940969895
-0.9223489801040679,-0.10124631350512114,1.8858456621882158
-0.799600147346194,0.7402296868032376,4.102836881222888
0.10819043559785262,0.9538684936068798,-1.602864330193287
0.8872092901645952,0.2016796011275479,-2.7837463615899902
0.8052049298052879,-0.3433623933097901,-1.5757277353533221
0.05203323591150291,-0.9070833577310061,-1.1416578613193311
-0.7943815435053126,-0.362925015570415,-0.42981903670067656
-0.7720087556473592,0.8380554467013501,-4.756380793919383
-0.13910585942678166,0.8199088192362523,-1.377549894957496
0.6811711621826939,0.5444426642125139,0.5999794871014541
0.9994209335340969,-0.14992315554086977,-3.447203434897934
0.3321246539560032,-1.1550724325407569,-4.492399218847088
-0.5940241808839164,-0.5656707714244952,1.766658308548506
-0.929543940103301,0.35012978016213836,1.378314079095925
-0.409370942665203,0.8627176431420103,0.7857420677922272
0.5216870045942672,1.366273191959643,-2.3249099169798018
0.9429940971404881,-0.2539875037939271,-2.709047822647984
0.5251303920573291,-0.1893714395897056,1.4908213792883407
-0.316696836727248,-0.6402575936007637,-5.849390607456808
-0.8943329140943813,-0.09871306874314756,-2.1654083317223707
-0.6844627814919316,1.021749587908316,1.2652703218606935
0.22300129209577135,0.9220440565532878,0.5831611798541358
0.9294891929277913,0.11310482148428502,-4.647975962717721
0.7127708673650962,-0.8175233448889963,1.050060474306161
-0.16310194392148758,-0.9178305229954623,2.002366311609427
-0.8685566381163597,-0.4107933190339308,0.4749125810072946
-0.8928098450726795,0.5177286509089085,4.906912619354987
0.06202622539828462,0.6541876365307078,-3.129308282643284
0.7812698933503682,0.07185482356288075,3.0938338414503463
0.8920656183569693,-0.15801612080350913,1.0615180664394044
0.13510449883982703,-0.8159887418100503,-2.304732628257032
-0.7096503160236284,-0.6166811957514262,2.043561200434424
-0.9251776250343448,0.32044969967610026,1.6449351691580938
-0.3537637913023206,0.644327618879776,3.7540051321441683
0.6682524679644509,0.8622075493943809,-4.584905911846644
0.9346075161228228,-0.411718656725904,1.3259760997876564
0.4502507749061605,-0.980221159404272,-4.803331215125158
-0.4747579948248563,-0.4388428127079594,-0.7637235004817211
-0.953642272990578,-0.3718707063060306,4.815233628778621
-0.5534254262734231,0.603275896095864,2.9102902981814465
0.44344013425343953,1.1319986892586549,-5.804835942869824
0.8961698703653083,0.10213418646555561,1.8963248269781656
0.6233068490108457,-0.4114570568078679,0.7804281187936607
-0.22323954333945822,-0.7821154242435443,1.633577979331911
-0.9062006827042252,-0.46900909129276636,2.3703811165185087
-0.754762336930314,0.7267908870022832,0.6940173989107407
0.09420189733325962,1.0625888515673088,1.9704361300200173
0.8404023865493575,0.39417485413673903,0.7683526775334761
0.8938465143908401,-0.13765664867835092,-4.573806735260855
0.03235143298816086,-1.1334748248657749,-0.5148620240161506
-0.7605857661486939,-0.6242323370628772,1.669380837587337
-0.9031163508565588,0.6488620379694537,-0.4168873430736991
-0.15616393364377135,0.960041437429758,-2.7755794713961
0.6780043497065862,0.5012559187227816,-1.4269380923716104
0.8795694603697197,-0.3885864970713221,2.789099931006239
0.30679074675926077,-0.3856957220951415,-1.3214648957597652
-0.6338762456520248,-0.8587083761803749,1.456481410438844
-0.9261114354479554,0.1865949502451164,1.592437933176916
-0.3761507471761027,0.8578590002071801,-3.4615529821435436
0.5312385709297657,0.8439054204913515,-1.9500765597040708
0.9662061742312866,0.12745970791041672,-2.5980661137925467
0.48331757140092446,-0.4237138530246448,2.5262872105235354
-0.3420383541946518,-0.8315786842670075,-2.3356508726760152
-1.0011587568119884,-0.5065486371731692,3.566373783797306
-0.6164484573269502,0.8113662460257537,1.2371838877574086
0.2650286497649292,0.8701147752174939,-1.2913031851191452
0.9034499939936138,0.3487444103028636,-0.13958684665211774
0.7742013962113804,-0.9462700657140871,-3.261448989445277
-0.19171170291464926,-0.791563784616976,5.962263349358789
-0.9252402410029359,-0.2946266138858594,3.4019351670251643
-0.8130127563103507,0.38985152964457814,3.042161199658278
-0.006328500908655974,1.0779005631748846,1.9583235364934886
0.800075753697644,1.055240242976681,0.012195995903432344
0.9516068512478528,-0.3813812890732893,-5.774317353007278
0.20158703325964678,-1.0742826900418083,-3.8436436627527737
-0.6751286201093772,-1.3008181103758398,-2.708424374081736
-0.973166872049741,0.232374666302691,3.7687083485712147
-0.1892709814693176,0.7350484185027437,-4.919724820697603
0.6503975608416767,1.0920757886676857,-2.621203582209971
0.9450318626245946,-0.25196910083261526,1.2224481061872101
0.45419429169626163,-0.7866010279252705,-3.7608094425268077
-0.4957473431273656,-0.9642498584641979,0.13214539803425407
-0.9408070742861685,0.2408028670900214,2.905525596886261
-0.5423295853545241,0.9754093682828399,1.8535386137452319
0.4318598256961558,1.1550522006685033,-4.044991398940332
0.9359241348172546,0.02515913473630893,0.31641285186406454
0.5970874884624361,-0.8279831312293046,0.9804925385012225
-0.29715437133803346,-1.0005306461216157,4.669790353613403
-0.8742065251284494,-0.876248928231752,-0.22695900547102243
-0.770709326854612,1.1532119599952717,4.0270996557432746
0.24444597094763534,0.6358140020096194,-7.554119297472803
0.8457983900609847,0.015837129089665836,-0.8454985740726758
0.8073939100295388,-0.6213186110183533,-3.0333712847157557
0.012903724264252738,-1.1836923172222085,-0.382845566947313
-0.733754143933835,-0.41227796846283526,-4.431754469849995
-0.9350405774132016,0.30729120259999854,3.4304599389599546
-0.12579517955924527,0.8579074223911666,-0.026157008249322877
0.712474963307767,0.9136442363691683,-0.06697819736178334
0.928540488698881,-0.2487178426371528,-2.076400630066825
0.2887799146933949,-0.35781651926642216,-1.9588624810737931
-0.6571731136121428,0.0019209174284623431,2.0863533981654347
-0.8742043663616819,0.5879930383112247,-2.79965839570952
-0.4122000354879729,0.43927274407865174,2.5909653554309995
0.5072716977429252,0.4895987703579188,1.787200580555958
0.9546456309519397,-0.09656663468143256,-0.5466942679257014
0.5123719444160015,-0.6616312803084329,-0.7614809148760648
-0.4022929474600098,-0.9032939241019089,0.8121939672493483
-0.9855977959504015,-0.21273225667852003,2.559798905950453
-0.6236280859093374,1.2860005270505164,0.8762660445072301
0.33566722908389557,1.0404889995657218,-3.530090414195043
0.9067502713913522,0.042754323740266664,-1.5875460922850393
0.789339260041947,-0.26989851429116196,-6.741922634243638
-0.10547049559150824,-0.9435638172555344,-1.816416018787536
-0.8545515312867988,-0.8560447903085977,-0.5655704734928737
-0.831553017241767,0.2082616329863035,3.4585255251956504
-0.04679023123614832,0.43755470580104733,1.6855987167071356
0.7681117663494819,0.22711238479529883,0.08407008702795954
0.8660172717791738,-0.04783466394439384,0.3161582600247148
0.15575429341084374,-0.6316930623927569,-1.4602993622883786
-0.7013707257967168,-0.5055355422804564,0.7963524128046019
-0.9133562424468206,0.5825249481292527,1.3107006597719828
-0.2703974907955192,1.340728990243963,1.6657363327119425
0.5814656050964205,0.9032439334208608,-0.40339364575628256
0.8738179359906312,-0.3143858667996191,1.7900275065413673
0.34792981651434796,-0.9586863654303398,0.7682424963949491
-0.5373757041412351,-1.0393901625303716,1.4056727105333955
-0.9454762023422971,-0.8791801316234948,2.7073835963816673
-0.5591909478990729,0.8277553853785693,2.6270739202144635
0.40697667028423945,0.9191174673810776,0.016025551685990846
0.9935269831706404,0.7145438093894441,-1.6576534532100289
0.6322748575479362,-0.24862736446337852,-1.3510636352030458
-0.3015099264342239,-0.5614410174265223,2.2327394285258917
-0.9119609788917965,-0.0819684101052065,-0.8009390677169883
-0.7452479003243981,0.6914306466791165,2.772704639149576
0.18459039192604415,0.9353813038253841,-0.5434901142328719
0.8237529714552844,-0.02522169390732465,2.74376630607208
0.7686506342484506,-0.39530389611388494,0.7919440630624915
0.020212150135451922,-0.8240327686502105,-2.1450202080561933
-0.8410508489667252,-0.9684694506710906,1.8269981105280257
-0.9446564207250897,0.2927778269837594,6.962539938162371
-0.06364181134288185,0.9000513971059617,-4.667825182126021
0.7286066771908055,0.584985318017282,0.9154407741673509
0.9250644332323447,-0.4295598866973094,-3.1612399001364544
0.23346726502935977,-0.7522866779285594,1.2910181378646557
-0.6733723805975008,-0.7254738306700209,1.4089993570140946
-0.8813842730608847,0.5648646056280165,-3.4830275939466637
-0.4542535164074613,1.1050111689032553,7.013797000492808
0.4773336813600735,1.2628977933388423,-0.09039939337526615
0.9503374296618394,-0.012716318147030226,0.8929866516971331
0.4997987678106636,-0.7959423665683193,-1.4075947305102947
-0.4085979308738473,-0.8936595908276581,-0.42802010418419023
-0.9827622114577945,-0.429093443936977,2.176663088731743
-0.6311434580956464,0.8239800750153642,0.49441722363880336
0.21346627961783676,1.051320000024284,4.459779470887498
0.9446322287782924,0.26327756849659323,-1.7315325196199276
0.6755645683398673,-0.5081481527757031,2.338674987640829
-0.08120646783968881,-1.0431999301010046,-5.329265316596384
-0.8516232414582476,-0.7628003475465672,2.310537300578844
0.18696069461739645,-1.679728273768293,6.266411381566998
-0.754733916398677,-0.5480541287139407,-1.446906404821
-1.0337717689983434,-0.2814723064071034,0.964250274388998
-0.2748213790286331,0.308622673739848,-0.10351980887774725
0.7103471861191953,0.7737645395870824,-3.884980848007744
1.0275561595036675,-0.01361984742479283,-1.0461063343378294
0.4522025337310919,-0.6161641290085929,-2.471209031666938
-0.6183111873565798,-1.0721704513332477,3.293480302215334
-1.0304214271560892,-0.1735558672582027,1.5525413898193485
-0.48808597341430543,0.6969851669131771,-0.6492757110924985
0.4216511086742799,1.4261244962558355,1.5688942679665896
1.0420348939030921,-0.21454625748159206,-0.6312265694488839
0.6647528623576735,-0.4580905795305701,-0.016976251463732273
-0.34092805771963275,-0.7924179592566852,1.52220332995194
-0.963358296392558,-0.3353195531521025,-2.495061671291393
-0.7453669442557201,0.9416352474277734,-0.45604239292874105
0.15059042452430565,1.094933064059497,5.084910698907306
0.9178880964871275,0.19019893089705808,0.48164873108552664
0.8364982097706475,-0.6998055645248724,1.613783138616723
-0.058564315465931494,-1.2402950776734658,1.9885289447597176
-0.8006443962249936,-0.4447433756949004,-3.6224414964749343
-0.9904625037665395,0.3292089827070094,3.2324512585812073
-0.1454906436149512,0.7331425969406028,2.3127215625417894
0.7074623621774072,0.5680324681646071,6.869639559440045
1.0912630957253848,-0.018855863821118923,-5.435071362009103
0.2269792388276331,-1.2667678989956515,2.51550690841089
-0.7432958073596632,-0.5267075919568404,4.703910496797782
-1.0470248613730913,0.45623635228365433,0.6620257896752421
-0.48370623118877976,0.9628704398682963,3.968813452367273
0.6103078495314279,0.7589064966590475,-1.3767949575179788
1.0835506172511153,0.32815788443567473,-6.24480078116342
0.5287945870297196,-1.0881615816174464,2.6985542931028164
-0.42690037842311646,-1.502725841094449,0.4765783152565206
-1.0882459741438122,0.1342334578885851,1.5889333766395846
-0.6520258235795248,0.8336649922572292,-0.8426071782309558
0.28415761616403157,1.0081766799694438,0.4254544685977285
1.0058530965416559,0.6512279486412514,-0.8678340145019453
0.8170949783228826,-0.29697882760128413,-1.7569726579393186
-0.17166394781341107,-1.1866126529573962,0.10731948914944
-1.0015004735736093,-0.642453308243528,2.4605272721537372
-0.8582482811945429,0.24439747388118493,2.113466126981545
0.07995427568890674,1.2547769118284153,-3.23280788031179
0.831941695266153,0.49803311907663406,2.4959856451525737
0.9096694940750245,0.24297999601004872,1.2176783805718152
0.10612070432883242,-0.6369482985563175,-0.4847718449266514
-0.8217833789045241,-1.054688430556573,0.4138436462067552
-0.9891163557868796,0.17085906988449584,3.5615103937594186
-0.2596217953020097,0.822407956835704,1.2960878064930275
0.6794904423124137,0.8117879599002009,2.101091222036319
1.0395418537237533,-0.20732512321823937,1.0841779950085728
0.33459862357095593,-0.7717509340627218,4.077195872029382
-0.6538316170616136,-0.5561630320826333,5.856713312037967
-1.07030288628893,0.21294403630164993,3.7926907350703845
-0.5248733870935264,0.7380065726388568,-1.4377580890918833
0.4404994208726407,0.8721811428172105,2.5964368749130653
1.10689799654004,-0.2308214234469369,-4.075215132305
0.5914104330880295,-0.28226715000028213,3.2572195423432504
-0.2903261307669143,-1.138612659841162,-2.6396921356770484
-1.035396890031551,-0.8640297152128162,6.027883795494042
-0.7625950302737126,0.27305510633559016,-0.29154169996116697
0.1648179169567443,1.440376712507242,0.6525064064781816
0.9718546645294777,0.06636744626602353,-0.9974138760756318
0.8579358179525906,-0.600446643895044,-0.408896308905099
-0.06855361524983741,-0.8034798132231963,-1.410013090693888
-0.8978254036699393,-0.5021044686923148,-0.3408057854977192
-0.9770603032977628,0.676398765854358,2.33925922124959
-0.10360621936513816,0.8102023685056043,-0.5787507232058597
0.8098430838333412,0.5201692257746099,0.3144994379888022
0.9765590940551246,-0.006041287127080963,-0.397415374470903
0.23369646719991635,-0.8415411174294843,-0.4707489650792579
-0.7192796792937981,-0.9132431945479758,1.351855164559615
-0.9566257815554803,-0.06807873922251129,-4.000279538281283
-0.4321632395640243,1.0088662988674406,1.321902264323499
0.5072184272475623,1.1131103457022777,5.306624935356223
0.9884216380337421,-0.18428522416665705,2.8623447419249612
0.4293577569869328,-0.6805075649772138,6.122719141985594
-0.5204440854687621,-1.0356713669290147,1.3477453971899294
-1.0953901738314307,0.35660182282633235,3.145259443952481
-0.6525035065185791,0.3211519388009304,-1.3230130130108153
0.28264032106237974,0.5696219044081652,3.8743498439772037
1.0458756542881145,0.5459088577953775,-1.3849791372802127
0.716977462758823,-0.5536972492167325,2.5107285731757
-0.14047408386317237,-1.4001190762369093,-3.6754182859475346
-1.0202189281858949,-0.7714586613093294,1.5544505880976807
-0.8376415172995559,0.42475926738359315,-1.198044741528631
0.08283494054420207,1.2228011426512235,-3.4473079243061675
0.936887874672939,0.7623171187303462,-2.9994277530929545
0.8854955263161144,-0.3364429722949275,-0.27814850050247336
0.08590913999976182,-0.9633172730912001,0.8940984139386099
-0.8151543717333096,-0.36069813264271944,-0.755738115503638
-0.930472430104695,0.6261035561072598,-2.3850164769530386
-0.1607396935958041,1.4864178272862076,-5.555359868026672
0.6900686787537159,0.5989852312473964,2.501929936502619
1.0456166718762938,0.1925449098042653,-3.31417677191612
0.39558416846930883,-0.6377824883054456,-0.6038062966568997
-0.6417837607134124,-0.27496322701353326,1.418849551167085
-1.060026842214192,0.24026657359795256,1.2506308916450275
-0.5838763633113094,0.7770026309277683,4.734172118665313
0.45572907246915656,0.7049475979263627,-0.8373258767198638
1.0576088985863437,0.14197693920020293,-0.6259480950788933
0.6751656216327727,-1.2040173377992007,-2.324890381071361
-0.4088543565959345,-1.1964606803910065,3.9736097993391333
-1.0145513995835036,-0.19932240928670408,1.5785252451215015
-0.6523952604251897,0.35172582346476744,-5.578923406310077
0.2270022808168167,0.8527866722216493,0.5687994834669652
0.9427248654537493,0.4617298132138892,0.620580359964057
0.8465191375871441,-1.824598102328877,-0.5076607467823679
0.06414401420420736,-1.2835576008249756,-6.223895080441781
-0.9118441596224905,-0.46260120518523906,2.1817162996387474
-1.0072720416527532,1.2404191041209511,5.54128253815503
-0.15188990790030787,0.8189359533957342,3.054349231828358
0.8557887792392649,0.4356106014132316,-1.877687417223024
1.040568163025119,-0.2358746541674639,-4.517235068142174
0.24141598736741732,-1.1599973145681095,-0.2515783747902067
-0.7939980320681708,-0.6211642183833266,4.5233138640537724
-1.0400467028599276,0.08003211083652095,-0.7797465549636896
-0.4527095726174038,1.3443762230541083,4.807586555386679
0.615267442723789,1.0701911803379576,-0.7137369918840791
1.0153374021907102,-0.16853017221365119,-3.2258652953014866
0.542605109229711,-1.2052302784920566,1.3977646145142169
-0.4949827867241138,-0.6216239504238585,0.1699135252686923
-1.021888388638776,-0.19656799339068276,-0.3221801465064732
-0.6185260168046528,1.3751485853228191,0.4624004650037844
0.36322474325324905,0.7447884592774958,-1.2765126815432282
1.0339634099951822,-0.23078084518597164,-2.2169109254932597
0.7603230701575449,-0.6389546172500715,-1.6013033795497023
-0.24414202974991187,-1.036621941954849,2.894861896162145
-1.0069974735968814,-0.3223637636136506,3.4726024762518604
-0.840150871128333,0.5606224144061916,0.18860834033289697
0.019524821985163976,1.1455020308801653,0.16392361569706804
0.9105013547126677,0.40290922512529803,-0.7056198748677883
0.9390391383055675,-0.7584055976188692,-3.000657441332889
-0.007712912120968002,-1.1977620950051435,3.2749167509916814
-0.8275600412119383,-0.9363198189889238,2.436550735918334
-1.0319923220124227,1.016788625474007,2.490616802719745
-0.286630774318984,0.9322411210033216,6.2180666468411445
0.669595591658149,0.6228711157264605,1.1156018814235007
1.1472857094430051,-0.6876365099979503,-6.1860568922743475
0.32143012269344073,-0.6410824676444706,2.2630486061992183
-0.6761900781806388,-1.1931274511329208,1.6882887210128843
-1.0970637938615762,-0.30986120465814393,3.6403006949115033
-0.4827833065898577,1.3181593147391826,0.2658357087046981
0.4597336853566657,1.2401969908112331,3.548154430261964
1.0469752269729578,0.13853500717515121,-6.153544739302584
0.6085016323549257,-1.258341276608635,-1.1189513139825369
-0.4274663944452717,-0.9379642311518525,2.3042128554990873
-0.9878994418279847,-0.3387236568033314,2.409777907062993
-0.68523680263442,0.8031085428205431,-3.3132117220872486
0.26088956864242485,0.8616641139054383,-2.346517891226779
1.0167073295667468,0.6683925102400212,-1.17194878007339
0.8602662426053534,-0.279184483003333,-1.6077868225611252
-0.052616031454764206,-0.9793466546220986,-0.855073505532527
-0.8914641346744899,-0.10750347434205831,1.562601320067134
-0.9947380065949945,0.30056131449038903,4.972120423635318
-0.09308533047607177,1.2710810928549943,1.700242896032691
0.8071874995656058,0.19236017626529378,-1.6398010847583335
0.9524821399994242,-0.31905764754358745,-0.5868500138444951
0.22794780345316606,-1.0867974679288246,-0.4772014514219236
-0.7359199415134796,-0.45870920852334685,-0.78155974338486
-0.9998166427514086,0.5984047664992692,-0.38066013820033967
-0.3362134143041011,0.7536242327432505,-1.6059479138038861
0.6139886005947683,0.558281995280141,1.8952261607604828
1.1099127215859586,0.310549133972961,-6.958699675086626
0.49273846944135974,-1.5339246997851015,-0.8855009376760714
-0.45872187632888234,-1.1922525153491998,-0.8264136808035921
-1.0723830874336373,-0.030037711515540355,2.1836948214011036
-0.6060452287145821,0.7678072909818534,2.929016474423745
0.3433727731279198,0.9562211998401123,1.5787296210898538
1.0447296329038118,0.40251939712515394,0.48531567856764335
0.7021193036046416,-0.6461454404818839,-0.15251332176301757
-0.2903552344040348,-0.47432933926402393,4.6698302235626326
-0.9879752236581767,-0.4537922877053113,-1.054369947563069
-0.7620138680010505,0.4257666043128,-1.5411627884962753
0.07200782924778257,1.3872237209601297,-1.7092866096898196
0.9138721177744382,0.5802891733540816,-0.7676587303117877
0.8873466689847718,-0.366911638366777,1.366395317720262
0.04380739079944249,-1.4551608715131872,-0.33388239534241304
-0.7980367330128403,-0.39853418929760187,-3.702528108206591
-1.015671346159074,0.34209267393876974,2.8851563155814084
-0.18748243336118817,0.9354797632564266,-1.0652378557356217
0.7722804133232609,0.5240661960326803,-0.5901453533879464
0.9357253059254116,-0.5169889132776845,2.596821731876198
0.3317005526298354,-1.0223418574551864,-0.6553963258746182
-0.6099753915918084,-0.981621283014561,-1.6923547233294893
-1.044460822771201,0.1420658742073999,-0.43335727449246825
-0.3979679872057606,0.6928749032967713,-3.9039771557031426
0.5679260988180984,1.3344136314771362,-1.438391691393625
1.0679079702280263,0.07007305366334537,0.8057709705377445
0.5967560375229514,-0.6329602690348335,2.2389360585227083
-0.34653421763800485,-1.2611727545026175,-2.769046093688613
-1.0543452317436468,-0.01589929709528093,4.041109840798235
-0.7205482641832398,0.8971052109950056,0.5804817069716339
0.26408652604381894,1.206580773732329,-2.8773877808857216
0.9897570046885705,0.4059107212731744,0.045272695164949306
0.9150227683306291,-0.8181189319654947,-4.454413943351372
-0.07879378660178872,-1.198365848021021,-3.391276949495774
-1.0002657414185445,-0.8993627906585233,4.38433485605408
-0.866341856818178,0.6713397843041552,-0.48355566854968973
-0.05129940026205198,0.8632130048258221,0.6926590542286248
0.8530694586281048,0.29200717776124874,-0.302093009599092
0.9541353899526663,0.10254620415604931,0.2548329744397865
0.14511917747067887,-1.001107668879119,2.628533612838697
-0.7018502152030867,-0.19822933010014865,-2.175752651616237
-1.0156759221920946,0.3328931193940099,-0.7551021692801194
-0.3782650948023529,1.0149800067020136,3.984919081814661
0.5762676353541438,1.1113120737505537,0.4582675970656591
1.0350905201211007,-0.5636865492062515,-1.6973213970629064
0.5271775518666133,-1.3647136754214597,-4.146987694705968
-0.510913416209466,-0.9175780482370007,0.6638711221147936
-1.0166693230445158,0.06830218408141908,-2.4555307988583355
-0.7051541500045114,1.160612953782308,4.598562823634478
0.36560045121811474,1.3232844518875302,2.4835573580989814
1.0605532332546665,0.20076031449635878,-0.9664434495799327
0.740158125264941,-0.3721368090429694,1.2851392783547722
-0.27268397345297724,-1.1085782325528588,3.0207093686710373
-0.9459642381574765,0.141773500103613,-1.353154158798503
-0.8256953921178305,0.6464590168734347,-0.2458800594190652
0.07925281231571904,1.1462488477355264,2.650606414631581
0.8223080403129711,0.6508190821325383,4.7340332327853405
0.9207805194456495,-0.24332906474279603,-3.152740340329916
0.012815522047817478,-1.4500157720926965,0.8927103115649809
-0.9109801246272567,-0.5980659060128873,5.113316368561898
-0.9995704520731521,0.10074496662775656,0.7027712882981797
-0.15079893213253553,0.6614131930514406,-1.5302446284097293
0.7805166214115179,0.6805540186199377,-1.8622603097118136
1.0157817851426416,-0.5749837102399108,-0.03311258366519604
0.296700733535613,-0.6067636314698821,2.9214553477235574
-0.7014979197760981,-0.6500395583355506,0.31293708623464034
-1.0754653086267325,0.1881888721588887,3.7280362908418696
-0.4155821079433843,0.8157562432303963,-4.852508925591115
0.5042021827017175,0.9570741148158451,0.03442027788420843
1.0284512625269495,-0.4536116323488304,1.317281859512348
0.5280347333151677,-0.7506929785716004,0.08176002867263166
-0.3851976888324282,-0.7062780726154513,0.6974470420297846
-1.0951466316848018,-0.041981962252244376,4.307319433209354
-0.6778240721584647,0.3839527833658424,-0.4986817421233275
0.259262701225574,1.0485550518569138,0.37410630779455556
0.961644439241168,0.09664722822014027,-0.8392104579974776
0.816826167323925,-0.25162855672993034,-1.1789195167972581
-0.11093793039643349,-1.068453952057423,2.121965320109263
-0.9847415061732184,-0.3822488934603674,4.519475351320211
-0.911494506968244,0.8275371619067046,2.78154605896642
-0.04074067161076523,0.809734646382044,-0.6929736715002305
0.870975760184113,0.7160581588222142,-1.8038236765603293
0.9720634709362185,-0.04827029291604057,-0.9652731570761719
0.1762192450729213,-1.5575970464225333,-0.010051780928970189
-0.8091862632627776,-0.25672887715809223,1.3687358354838508
-1.0413369252551266,-0.08769865914913355,3.3213591881296614
-0.3253872824988876,1.104826540406826,2.3328601413583896
0.6906707481643791,0.6695304862154305,-3.2989709281014923
1.0131331042489367,-0.2298243025798763,0.43570925239535513
0.5501808833116563,-1.1830445408677353,-2.920647088017912
-0.44745212383545285,-0.502598219807929,-4.290404500314149
-1.0474042568367365,0.03782912799748295,1.079602727255999
-0.6237950225679867,0.9208991715316112,1.148551522935341
0.37244169484263917,1.033961040513296,-1.1764647278438527
1.012964956155645,-0.1050300377832486,-1.018136065065825
0.7037419697608667,-0.5983761005306787,-1.9641468942166624
-0.17508182035058362,-1.20259379674877,-4.7823324442376665
-1.0225061325260314,-0.42887501566957476,1.3616543778598977
-0.8217551871353693,0.8364188266930689,-0.9187708397850969
0.1390430965302349,1.2297124698182988,-0.20725026963914261
0.9257270845600202,0.07442880289030118,0.009784616363425203
0.9374979669778677,-0.25738165007596236,-2.5283264724451695
0.04013623100146089,-1.3552534306988655,-2.2040726379022595
-0.8845550569086147,-0.31173794725491255,0.9077120125542437
-0.9275161389564812,0.14695315041688306,-1.8347960699760835
-0.21702442762521346,1.2555671482576285,1.9170329040378924
0.7350522158451169,0.3568739539140564,2.824077100442038
1.010619189647693,0.10170646675787043,-4.142325669209885
0.3372607232895135,-0.7317608406091206,-3.1381123681817655
-0.6916039948901916,-0.4360399375413171,0.42380127139906854
-1.0757073160536699,0.41742526552613013,0.6408248816616947
-0.47417453258897097,0.7784312427625314,0.011929095805323087
0.5789664871324993,0.8177841644719777,-2.8720632529494674
1.0713008414760097,0.1702741637114058,-2.1616359996455343
0.5437236613250401,-1.0476586445366867,2.5442736818975664
-0.40821971916345223,-1.0916348408935523,-1.836177219856882
-1.0403385834541394,-0.4783718664897696,0.1899192965885091
-0.6698978409484727,0.8426058826000848,0.35201231593814164
0.2582000967394055,0.9967697279869225,-0.12724799693190736
1.078294096719166,0.2954603592478888,-4.273232580260431
0.8710146265792623,-0.743727742156915,-2.2262801723786034
-0.11766182352769647,-1.2970541390612926,-1.1361430198103029
-0.8491892589111452,-0.4829309914188684,-4.436584124483123
-0.8857159621997216,0.4952179875191215,3.6045794204096193
-0.02820205945260858,1.1507747431109556,1.4964727483753097
0.8341720659169876,0.5113942996317772,1.5365149974959609
1.0063305252077384,-0.7023804523149141,-2.6479761099005796
0.2165270607250541,-0.6193398347695419,-3.757064164151927
-0.7890367672529124,-0.6849448006109232,-0.8775595496137273
-0.9486810183319688,0.04007169832235702,-3.5811931698678743
-0.28650886266907366,0.9598034990551525,-0.8957664405185295
0.714165976950548,1.017606110080539,-0.158477616030836
1.0296220458900356,-0.01983360725146266,-3.235219154121869
0.46016803649641413,-1.1126862413884848,-1.9987292100266478
-0.562246999038786,-0.889693090677476,-1.2879422183441247
-1.1017907416372597,-0.10784814394942555,3.628264344670152
-0.6409483734909945,1.2057219788235163,2.136338143504826
0.41806860055386247,0.41588999403496474,-2.055707184624186
1.0254871538944708,0.4096328218787826,-1.5851903734886545
0.6846226059422207,-1.1729996204668796,0.0839295116313421
-0.2944832503058183,-1.1476489437388808,-0.14445642379672718
-1.0525549913227796,-0.4900364931849116,4.690836775598706
-0.7255220920679508,0.7844588595639079,-3.3062250824575266
0.17992739819098957,0.016983811822267464,-2.47138850641472
0.9401164687540383,0.5919883922686325,-1.2500338773383113
0.8690276840369963,-0.43748467992917817,-0.37750806672130044
0.01963484094793421,-1.1015425650512005,-0.18749411151511852
-0.8710508885050455,-0.4700197460707173,1.3927803135799335
-0.9670444117735844,0.5025865995521783,2.4334664405068103
-0.11674855407325596,0.6708557692754552,-2.9291006605059633
0.7974099795873966,0.7842585468047347,-0.09775095485710428
1.0234311300931471,-0.4063775233291689,-3.5146537323871
-1.1517469662936193,0.19550379692038433,-4.3059632008909166
-0.9218970705672931,0.6561857087300366,-3.740214844293167
0.09446113232717973,1.3699435937338766,-0.42966381528641184
1.0916736209505284,0.4390500287171728,0.5962135883572972
1.0618839351514078,-0.8008461640004838,1.4458486440159786
0.09785126602200991,-0.9948120544852198,-0.8470630443064375
-0.9608368755303901,-0.7270716500150842,2.1250792084429686
-1.175486412493953,0.3302159511827363,1.5631138956319186
-0.2478725353439377,1.2053168153972214,0.38267608823891464
0.8914028763057329,0.852851283805206,0.15424360929635894
1.2083261164518806,-0.07629298015838448,-0.5794523310577394
0.442295549358747,-1.2034078353776847,-0.7734724690124023
-0.7222533921282531,-1.0630784995641012,-3.388354645372144
-1.2815857115243046,-0.136933530476131,2.550087424937298
-0.680908304006738,0.7986794456340723,4.691323818849276
0.5785842550626704,0.9355894704036377,1.0811246030648158
1.2048623272345031,-0.07793217503915262,-1.0002410231411298
0.7717629038162652,-1.4764221067847472,-3.319159633395774
-0.45019992216420335,-0.9048495036332906,-0.4106602645813462
-1.1464400880986856,-0.3441686238273556,-2.9898890708938146
-0.8796767320151642,0.6963810430768796,1.098071757471411
0.3709541343766678,0.8313771354168532,-3.8334926832338483
1.2032208432420712,0.44833143593995484,-1.3002256900779774
0.9177052545411293,-0.6168348982066185,4.798211811116169
-0.12429113897616727,-1.2959211873407679,0.9002702644842853
-1.1700304908600228,-0.5566754574881838,4.952600419805335
-1.1008036618663466,0.15418089217524744,0.6570893200263883
-0.052034130531280344,1.4978048961766903,-1.4242473661814203
1.0348425221799502,0.6618316510569061,-5.040785688986055
1.1552186220601377,-0.19873007317257385,-0.40020170578252134
0.23924399040995623,-1.060286760950216,0.3205923158594448
-0.8787784726110011,-0.6008874297023797,2.011668800593754
-1.2265092319666442,0.34310478998411775,4.3683132975991645
-0.487827230738342,1.6660148741671699,1.8393501892912922
0.7574206011069341,1.1583463309988395,0.13549806500018913
1.297123004596625,-0.16474157514932752,-2.0214267397145775
0.5878990068040771,-0.8649008929229148,-0.147567043457848
-0.5994432966773705,-0.7545368196345331,-0.35448591253115
-1.2328739499054115,-0.5801503871029323,-0.3694561060033566
-0.7597511529635533,0.7375869595010021,2.0206501688162675
0.4327642737502983,0.8229527700919572,-0.025829936474363047
1.2330548078708565,-0.2533703004492993,-1.423486426654264
0.8734360353174995,-0.8779660263318234,0.17880683730334912
-0.28768852562011893,-1.3479396361334472,1.1550244835219248
-1.1574882936532531,-0.5764859852622728,-3.176877017174023
-1.054877005731363,1.0487374470620685,4.30466474689677
0.12556119228108656,0.93529695436265,-0.22367402340932818
1.0621914534321237,0.49811847617334926,0.6194856723057135
1.0026453116658791,-0.49044288669625735,2.6937077588482814
0.0664132716170892,-1.2984863455864009,-0.5414245814341845
-1.0691890236692119,-1.0853043462034706,3.805150475615363
-1.2068754894524565,1.0894758614652156,2.2676728943740896
-0.26002306279958337,1.1350047440899453,2.6087866844679963
0.8604319628297605,1.1363490251868258,1.5835699560689447
1.2063928154559789,-0.09791633218340756,0.44760092632301574
0.4431783425392634,-1.278016989537394,-1.1078591464343817
-0.6960111273598343,-1.181466109826661,-2.4915333370381685
-1.3051414813593787,0.826943171400748,2.991331244952584
-0.6226616088683936,0.6996644665894358,2.206197087344831
0.6030698306102814,1.5306017332900197,0.24974727620709514
1.2373350648950847,-0.061932275004226156,-0.9051193359353676
0.693376326217354,-1.5054061101940113,2.3299009196620557
-0.41640794684491594,-0.5176983173618849,-4.147448554237514
-1.2144089008942938,-0.02781576667049812,-0.7170454255955749
-0.8938963441905771,0.5249776674128076,3.0710425725502897
0.2847959462753844,1.1663216611457896,0.5435503446676243
1.1847889524738693,0.7683678267045913,-1.1604820215828042
0.8973989112251219,-0.9309119754234368,4.091221235848986
-0.038498068830986956,-1.3330185910773051,-5.04518523668856
-1.1390033315500665,-0.47659397660711034,5.169493292176487
-1.1308560688678402,0.7327782396287852,1.6564011534765748
-0.033496979950149434,1.3362265658544044,-0.935168406944335
1.110439544704496,0.36577334209235035,-5.565321960932869
1.1678022333807054,-0.5201738652443821,0.07626535000034268
0.258694547890322,-1.4047203346893746,-0.3469043953965534
-0.9347756805917802,-0.5259671721822495,0.7832865790588478
-1.229345331074296,0.9180340138647691,3.77957040981461
-0.414423429586829,1.1088435595375548,0.27641419579593984
0.7757403552778557,0.6088806768415617,0.26753282638148024
1.2633444791811206,-0.5103693952972177,1.1205510395173424
0.5601294483289837,-1.2512798954166584,-0.9551187838948838
-0.6528020939743657,-1.2590499269685196,0.5572906816647888
-1.2592862211142797,-0.1376051618478613,2.734850227234049
-0.7069955890794238,0.8758191333513432,-0.9199447003047545
0.559739115962831,0.8143049936830526,-3.366087239470066
1.206410174950198,0.30695750643129904,2.2389520015899445
0.8763896306568805,-1.0189201043833063,-2.0388355745794753
-0.3305507606078756,-0.9267074152406076,1.2514675794462615
-1.2424577560004604,-0.7491320695798498,5.654761617202482
-0.9611131239941257,0.625723850933641,2.2011546582951746
0.11220776263692347,1.7451580147869963,0.37326816777209615
1.0907320931776283,-0.005541277834228975,-1.8443080584515996
1.0351253827004747,-0.40628577884748385,-0.7078218408706716
-0.009475546265765016,-1.5316819845610696,2.428666320805864
-1.0269555878392298,-0.5119880387066772,1.4348235428577383
-1.1564454338016263,0.7695151354842455,3.7794040743832062
-0.2420817364181988,0.6016342036299175,3.118532205929466
0.9534358511959045,1.0905090665939576,-1.2275749014239783
1.1565026080226526,-0.4695072077690998,2.697830058773188
0.4431310631274425,-1.5254020677441638,-1.8567850445251866
-0.8183617997054997,-1.0262187249265853,1.7612803775637265
-1.24163725615872,0.3807181971499529,2.9414820017398324
-0.5494883683349939,0.9134454051923121,0.5100387193142542
0.7170229608437848,1.0059417628962763,-5.874135839338737
1.2326545927635495,-0.010948930802890944,-0.9407679090119584
0.6719008650067124,-1.5983973211305862,-0.7004818508570188
-0.5724444161964145,-1.6636047808385186,4.419773778704341
-1.1743484301775906,-0.3060373195625077,-2.3691488112745738
-0.8489224463833261,0.99455213656364,-0.10711729173775997
0.3411247972383652,1.606240747383243,-0.8879008170210823
1.2147614898012367,0.2251036474237611,-1.5778057497938591
0.9728876001491527,-0.4098091826006811,-2.4664833995723305
-0.13189759998121822,-1.3362782905402597,-1.272182824541599
-1.1273785313521734,-0.4329868775043577,0.8660582931366456
-1.1036455555374283,0.9642281558962873,2.9009887039018
-0.017943647281329564,1.3376464299253326,-0.6075232959423138
1.010113131912197,0.7780284611879795,1.1926449168125786
1.1861196131737297,-0.5081031006090109,-1.0847723157993927
0.26059584285475557,-1.4217913713809753,-5.542649101686501
-0.8801682928166691,-0.9545952100439642,-2.7376969862478764
-1.2940864859300516,-0.006123647032626467,5.476106563079854
-0.35059147352561515,1.3995610108564254,0.1868942151387798
0.7845470528365492,0.7592863460227156,0.8742983187827541
1.2660952494910207,-0.4423957204252904,-2.8211117718308762
0.546552412834058,-1.5173289658461013,-1.5094476389070004
-0.6093603306639035,-1.2690486668922607,-0.3004315428739557
-1.339875442575655,-0.008985955731954931,5.570835908595379
-0.6772056410735213,0.2872244475328406,2.2708157515777407
0.5052382894410801,1.1490985703128114,2.291530162237174
1.2494462960388193,0.2629892804452705,-2.854306558819043
0.8755267804104472,-0.7053287280174952,-0.4073840734528189
-0.28487350916137755,-1.1416787940634636,-0.9587234501681308
-1.1928127104850068,-0.7749039804152091,0.05977750271254939
-1.0315168720347634,0.4766047040946064,4.808436967748754
0.24415293217506012,1.446408445332892,-6.758401218726475
1.1481251187194952,0.921830168148623,-4.027643159197437
1.0703706877847539,-0.45392869469663366,-1.6155424568059944
-0.005223780784297121,-1.1000611281754364,3.344422711358879
-1.0670122109034905,-0.8397822483231066,0.020666784447484488
-1.1064221017265603,0.45972635511110305,-4.252699349094176
-0.17752854696790243,0.9374192657138256,2.7306802807987807
0.9583365450341593,1.3012027149708354,-2.1434678285606727
1.2572677745891165,-0.19136182286716652,-1.3669748098887775
0.45527801166132204,-1.2034945898543783,-5.086695977191574
-0.8074800298596032,-0.61054864070619,-0.3645392606978265
-1.268297365999817,0.2242583505894391,-0.03248917306992713
-0.5886715206825812,1.0567949338020115,3.7761974321448304
0.7242554492306947,0.6925083452877817,-3.4955827632776115
1.2614398975639765,0.0728996124385739,1.1147852466197201
0.6969482940593187,-0.970821042320778,0.012647815631410264
-0.446816934212752,-1.2491831265635311,-2.851155809799529
-1.2445976827392657,-0.11358191222561653,3.1049263075469855
-0.9027135654562247,0.9837449935803949,3.4305922552761303
0.3234003798295307,1.0851371451298453,-1.854059678661668
1.1414203029567838,0.23600488546073217,3.3607472349539593
0.9884498944813795,-0.8974854380718633,-2.8612670080844183
-0.17060444257635848,-0.8998882869494825,4.491081488319784
-1.120211553489992,-0.10405302049375176,-0.45013263517701185
-1.1047063211532326,0.6890402892897673,0.43239762753170596
0.0888668573007361,1.6797395660677583,-3.9800545743019327
1.036589721369017,0.6815688108690554,3.1204306326189757
1.2026252960494745,-1.0871204395390777,-4.809769567186368
0.11531579352417423,-1.7516467309499528,0.3178678808977753
-1.0217373716329081,-0.7293497255122544,5.695877497850727
-1.2549388446860155,0.7639308012201029,2.8369293475832125
-0.3500492302906115,1.2719920405474956,0.5333258054870893
0.7393050128917636,0.818269693312535,6.237531521629083
1.1974000907659745,-0.3208734338783703,1.7983349710571752
0.5647184179626661,-0.8741885028696508,-2.6904811664490462
-0.701296909298705,-1.176194382796667,-0.006008839137326971
-1.3132147514792303,0.06504525741009792,1.0942807513709412
-0.7071427458057475,1.1336381134119604,1.383589585223346
0.5634873722837188,1.3928507360443636,0.13979279293903302
1.2513691048491975,-0.35243633609588043,-1.8258933302893083
0.8210226667125006,-0.9901573189099305,2.0092848443284597
-0.3572331971699358,-1.280260160407393,1.2363765650190122
-1.2077197993247915,-0.42445559682806167,2.9220895083449885
-0.9799750721518622,0.6240365080521815,3.68556462866406
0.14507049281402165,1.133501089410196,1.3940478346102558
1.200088347385098,0.6666674242198645,-4.7879860083123456
1.0926563280947803,-0.5925617902059083,-1.1615048722080195
-0.04766739306903092,-1.0114252786608247,1.4802154815554025
-1.0398435629179965,-0.8517501195690336,-0.07182952248189461
-1.2237372083769296,0.34854603141076357,3.7566252520630847
-0.12993353869970342,1.43026087686164,-3.049878869124399
0.9572458418910443,1.025627759983464,-1.8091717780684946
1.2295380149362933,-0.3063803441286961,-1.431526117895533
0.38581139261713054,-1.1997342823210109,-2.2491819432266467
-0.8511012350787556,-0.8353833828320034,2.30910761678596
-1.2431788418841447,0.016733794843797334,2.108858327945668
-0.5046062312776062,1.046019994817558,0.5364575322229304
0.6997741838869214,1.123999858613639,-1.7842575280448358
1.2715049850997626,0.1855006776507584,-3.098272585744689
0.6877030281613091,-1.5431699038297786,-2.096020697079687
-0.5762872160214916,-1.2220209902731587,4.08877354489842
-1.2352518690468255,-0.36189362465189,1.2701095408908352
-0.8673013726992295,0.6817142247157809,2.951456695898148
0.34754298422760904,0.48137384947466194,0.9347618690232529
1.1865665612209808,0.48307922187577956,1.0854614672658853
0.946902399234455,-0.28120883416784537,-1.8278432510198184
-0.12701925952229196,-1.1265505540678606,-4.6288425399378985
-1.1864171303226265,-1.0088104713716683,4.9412157952423215
-1.1380674311217382,0.4905702956363961,6.148848078847123
-0.015496701379258682,1.0395896357019474,1.6158646639129464
1.1135627740739242,0.4129562904547335,-3.989330436369601
1.1582686575155203,-0.8667923686856704,-2.7415823965017414
0.1870208546694207,-0.8630176007807324,-0.5354835624951471
-0.9633397412321523,-1.1124181910465247,-0.9689912447897742
-1.2310061099304073,0.6357346130228492,0.6382876533465534
-0.37363963450646787,0.9084837747980536,3.7597233912849863
0.9121208895572652,0.6453134714884917,-5.06429030913744
1.206489366268178,-0.0943880579300127,0.4781064285979238
0.5700729972722458,-0.9466815788059837,-2.791101986909544
-0.666237263748796,-1.028622987883624,-0.8499227074351012
-1.225375592257881,0.8591557355006951,1.0105186233492052
-0.632132389204052,1.4853947270920826,-2.7504728968356953
0.4839312910716265,1.110157642661887,3.4836911812462867
1.2628523215525067,0.38357573292440494,-1.725653850556697
0.8056265910647245,-0.857260015687184,0.20712511064854555
-0.4119960254169399,-1.2974717833590432,4.069787516279867
-1.1891229257727691,-0.1835249096130509,-0.3822246379073079
-0.9442152641144598,0.321428309457103,2.7246003028515418
0.1732632575087638,1.2142766783400294,0.6110877937750103
1.1624598437139806,0.040449024871414,-1.4671907744213846
1.052454659615963,-0.47028536638373974,-0.9465887535266032
-0.10373410775449783,-0.9510443259631303,5.228424991493035
-0.9749476714743781,-0.6800449131305442,-5.674754168449494
-1.215395436500303,0.7927092105635392,5.524656367977468
-0.1874784270709694,1.405920155962665,3.076249455180367
0.999554606653625,0.9299192174873977,-1.5522966650166052
1.2361429982528083,-0.669376669347227,-3.490670753516268
0.3308673991106132,-1.638523665687141,0.7730787921296978
-0.8932944656650275,-0.660973538353895,3.012111011333699
-1.2838699828671611,-0.13844235314272701,0.5684388650641973
-0.49694780310943115,1.18922842781081,0.7093208076774093
0.657819060566209,1.32979671795741,0.5881879686164243
1.3541975241805504,0.2272763776365394,-5.6433441586028765
0.6420438138933008,-1.0546497368088736,3.0921081461464075
-0.6121244493224026,-1.2782778891642916,1.1997691118096454
-1.242246752420664,0.20885079072480273,1.39955988073397
-0.778534235173875,0.5668255621201201,-1.7994500929954031
0.38599377341173496,1.5019785939487884,1.3139077750278683
1.2161941055360992,0.06349597027058507,-2.321045430423053
0.9480621301623706,-0.4967543989311318,-1.5185497420747518
-0.2678020542195601,-1.219624544085166,0.18072413386574393
-1.1864940048561914,-0.8449587024994676,2.0982416811882234
-1.0731671015627469,0.7588507761953572,-0.24044537392638732
0.004779425035156701,1.2862829259610478,2.4778888982314933
1.1380919127987659,0.43462278283925904,-3.871194514358457
1.1185764918922378,-0.16341538888017482,-3.1397566603775418
0.15803448137156303,-0.9867261482760878,0.30733796554181514
-0.9143223737710949,-1.017419294894159,-2.244081541298287
-1.2282898773000581,0.8523859789774313,1.6789673789006538
-0.2559354373678821,1.4511663044391632,-3.676985954401101
0.8973470142411012,0.8744374595249294,-4.316283669037857
1.261998659270018,-0.4046590238605441,-0.8775586949591413
0.4808492482668903,-1.296144891392335,2.134125475403401
-0.7216116755498336,-1.460897853462999,0.37607743804946026
-1.1913969881040662,-0.07956543848689712,-1.3548162678537863
-0.6078613207722153,1.5022903885396122,-1.9315762510484247
0.570970051369661,0.7654094956100255,-0.3675428282667148
1.2760018458457836,0.07204444043815261,-2.059705782170474
0.732650506963865,-0.9115538563905817,-0.2638796057688708
-0.4115715038692579,-0.9127507970026069,-1.248473177060846
-1.2109014962367548,-0.513096227881984,1.379199431509243
-0.8917601726724802,0.8482604350512585,-0.3660871421524986
0.15810703610350274,1.1748258114894978,3.0607755615537524
1.1564331008660047,0.1384789548414167,-3.8315621456173323
1.0619608865579568,-0.7279956783730174,-2.6195270285923145
-0.032186365006319925,-1.6704768098287976,0.9001772192867352
-1.1318954836819919,-0.37811633486463436,5.301567638795593
-1.1386016133309558,0.44963207866156263,2.8056735157232846
-0.125680416689289,0.5776420445898661,0.27437767970233673
1.027059426974793,0.9647824951725392,-2.502413165447387
1.2279661444110335,-0.19985432147974103,-1.5244813172723088
0.2614785221693,-1.0473376506827479,1.6240639588854033
-0.9366696075141041,-0.6265192380524037,4.837354655709359
-1.258455330538405,0.145331725254636,4.07563577893827
-0.5290931245353103,1.375291430671705,3.421061127851811
0.66736344838226,1.1786941514348126,0.9224127487347233
1.2816937765123941,-0.10411299334370572,-4.950526803551803
0.61766683957584,-1.17786759483729,1.093144888384382
-0.5869452838336383,-0.9254978863307264,4.815427879392617
-1.2536408289092635,-0.15219918763494378,2.13969615761076
-0.7645454522367856,1.1564904324716379,-1.9321679750751413
0.4109657859922738,0.9478035614339636,2.200144016820562
1.2581352760329272,0.5132380333977271,-3.8672176623356815
0.9188745576607679,-0.908855566006812,0.3733227676720041
-0.1753853610138574,-1.1556522458505254,-1.1585678353025741
-1.1447920202270392,-0.3214291669816105,-0.20458700236459793
-1.0233319291500642,0.9317169563309902,0.8318549957110905
0.09704821424042408,1.4419139004192205,-2.2246399830068206
1.099304639133938,0.9213582092203915,-0.029882439166622476
1.1372136979940546,-0.6631436995749118,-3.4063839468883836
0.1361734296958978,-0.9491512411773024,-0.2503201065239735
-0.9966974893163657,-0.8295262181431962,0.7510604161055068
-1.183748359693736,0.2358718127324433,2.5652726666622225
-0.2282701475671337,0.9440733535276348,-5.144425436708488
0.9082462115319825,0.9337837948701061,-0.01994050241484746
1.2274378940206405,-0.410626258356257,-0.6878867357264568
0.47868709944569565,-1.1022963620635053,1.335948410422777
-0.7760211448697345,-0.9340591663243059,4.326106120240106
-1.2887912588507873,-0.08863075119044161,1.9939943785512007
-0.6360969828182154,1.3386299557910788,0.9507562927801799
0.5860907770652591,1.0801335710666833,0.6395522434250661
1.2432345186155505,-0.12272497448440056,-1.572460893159134
0.7134958534960594,-1.348126302944283,3.003108215798452
-0.449125724710863,-1.4545820827330582,-0.17256702891039755
-1.2414235272860845,-0.7787273426543806,0.5355786487928174
-0.9724599892237955,0.5965654390505204,4.386635045746579
0.33838991672381785,0.549039088150935,-6.177172391131633
1.1467188729238689,0.05997070218721423,0.8035170535728278
1.0182983552989366,-0.8350606403557054,-1.4475855742368742
-0.12957608385163635,-1.4656736789693505,4.253704292322528
-0.8442585564859276,1.5026299922038788,-7.553767913164596
0.12473196464554748,1.4902707940644173,1.907648056313616
1.032715580259572,0.4246047395769831,-1.5997167758261015
0.9691386589938994,-0.2831146261276607,-2.873585582205832
0.0012106690783959273,-1.230971650188919,-2.1508395106562155
-0.8805261268687529,-0.7296076686049147,0.05918809262522362
-0.8858908607799338,-0.00588632537421141,-4.704433273342082
-0.12462394916154329,1.0447054022436033,-1.1764715245946504
0.7659005265213739,0.6015545228518354,4.261961830358358
1.1074768130213746,0.13878446299000147,-5.889712912987847
0.32179555369347473,-1.3321567579089881,1.753632446027954
-0.690391874449273,-0.8282457877006555,-1.1018736325332708
-1.1687963652894764,0.05761852509377996,3.68694554926185
-0.4730973149491276,1.211628193114293,0.4756693852636329
0.5798162020285438,0.7333351011621771,1.7801923629787868
1.0885523889280553,0.3206582227153276,-1.6357883330064498
0.5598045702765063,-0.9211718350801146,0.712745771945057
-0.4716366039523824,-0.8307616207816532,-1.5189949084362242
-1.0223167767132446,-0.6507320864967159,-2.238856520820154
-0.7391234341857448,0.3724668055945357,1.5793428237659506
0.3295680107417153,1.2962526366308085,-0.3922988882953693
0.983614369166191,0.46141259805613677,3.709195803611659
0.8312930847417713,-1.1496025613013798,-0.2786801598436528
-0.19406704253597934,-0.7852901681519046,3.9619931922688134
-0.9482159241563366,-0.8795168781776358,0.11291562120255325
-0.9095844579195617,0.6511946098549326,0.03663059571978988
0.0852793039114885,0.8030442767122242,-5.782072310343939
0.8852574811300952,0.609466759088525,0.8652369154098472
0.973916839295548,-1.0312585662856404,-2.8697986944480123
0.2429379907577794,-1.0715006439485704,-5.107900813513326
-0.7375033900146137,-0.7376781348646222,-1.9217511802185698
-1.0714300500304927,0.5520556682008987,1.6100264781551854
-0.2520658348049336,0.1554196642634259,-3.476396430641333
0.6709778647146359,0.8118631360209594,1.7525934694041156
1.196463138550336,0.5719051139100728,-5.135859675147643
0.4079904273462671,-1.2394257811842113,2.4859360820628056
-0.6565759309335907,-0.3326503179254636,2.7660980673170164
-1.1207585139351295,0.19365347883195105,1.49315085648547
-0.5994111338546566,0.8058876057120301,2.4633393878328205
0.45345809586792146,0.770736852784174,-1.4085844341227198
1.15892922417184,0.22099092589554448,-2.827604534882951
0.7308348226003796,-0.5140578253151507,-0.1671632276399082
-0.29580155815068027,-1.0413567244649957,-0.9653848714619911
-1.0282422419942086,-0.48213722157171013,-3.051471579739234
-0.865086052716883,0.5958545241044172,2.0252452189858388
0.1374702031928839,0.843699735291571,2.558995178150836
1.0376972618118918,0.49386892002408367,-3.041403797782772
0.9119925563302204,-0.43603028634625063,1.2088178221983796
-0.018683704395978953,-0.8857035453259704,-0.9194144565414658
-0.9074506160782893,-0.728562070387288,1.461957230525549
-0.9897381322797185,0.7850748067837865,0.6510622048291625
-0.1633360017925115,0.8005380459439437,2.482268708462606
0.7976293142868506,0.5479742270044313,0.6382353893661818
1.0296634854822315,-0.224928990828257,-1.2807404359315355
0.24710465385013147,-1.6279340180809005,0.320561649777622
-0.7733784375708013,-0.7299594336023935,2.551266586957227
-1.1182923391424289,-0.2564764323906499,2.1904404165976445
-0.4163018566268045,0.6951314649930368,-1.1811417477833035
0.5853863962035537,0.9124372119784019,-0.5235881956885491
1.1690230173019338,0.43744482592152134,-4.437144591004788
0.5871855486181816,-1.1151927827396853,-0.2722983056910816
-0.46365100394633,-0.7752440714735861,-2.207038790802468
-1.0780202586288425,-0.5021587980202036,-0.38397114664481785
-0.7332356600403828,0.4453049114214541,3.3191997593561666
0.4130323484327666,1.1428469566989823,-2.392471014852904
1.082041838178539,0.20006839856224423,-1.8709506725252822
0.7542422840503259,-0.5671307434330874,0.7385976579253717
-0.20346425885455094,-1.0368878561239114,2.511365414919527
-1.0900177959481372,-0.1570379625246937,2.947259586631571
-0.9499439785524405,0.5367127484142059,1.3184720160483772
-0.007298602314520678,1.1690974886737115,5.871180975827879
0.9994294225861283,0.5734254449218579,-4.888389058476276
0.8757609666096005,-0.7508068660872907,2.42597395338918
0.030886902434090133,-1.1683040072395472,6.972910441474329
-0.8759681712507997,-0.45039092424426164,1.9420437846832432
-0.9911985684661203,0.3535006636515875,-2.6087242910292185
-0.35183977756832424,0.5980393622869382,4.020441767516647
0.7780078063254701,0.807578799486004,-0.6416707049746978
1.0906413767068293,0.1963223549808535,-0.05828306747583972
0.42612126744722895,-0.5147309712836059,-0.7312866297835563
-0.6645246780651813,-0.864592602517838,2.635253492553469
-1.1651643151262694,0.05972995355848831,2.9760546959186462
-0.5022603247414646,1.04179925862202,-2.9357700794758634
0.45008338228145206,0.6835232657513979,3.0587457783882055
1.1063269157868458,0.03706121792425354,-2.491468182946378
0.650502308304523,-0.9715780441841587,0.46191014402411024
-0.37930413488439607,-1.257588430608264,0.1834708104558025
-1.1371254645639424,-0.20392869615202258,3.3705579826117362
-0.7822500008190574,0.5993410839870467,0.4648992937874208
0.32211177426113424,1.0568403549635452,-4.57461115206943
1.0233034688776192,1.096796792714173,0.013080596526693078
0.9033206127471899,-0.7362264594611112,-0.909035907135422
-0.03858836030515671,-0.6560044025126377,-0.3997332203100412
-0.968311976085404,-0.48097864278272395,0.8144541936040478
-0.9771786903378807,0.08884222019240773,2.302975736271055
-0.15920813793756577,1.6955088132830147,1.2309156210955023
0.8783537822821426,0.6007936587232021,-1.9005255108413472
1.0573065084999087,-0.5732063735768306,-1.0063395003354125
0.22271314819249904,-1.2790858290905134,-0.7423948260869823
-0.734647551366303,-0.5792464183124157,-0.8310482622725324
-1.1850943401913308,-0.07951789696122646,6.157605624732427
-0.4815349684707211,0.20227780026591952,3.285271830654227
0.6185625377847792,0.787654681875104,3.364329822601315
1.0499836243439398,-0.2422605454433191,1.0421118883324199
0.5508463370737356,-0.6387641732210805,-1.9515503469713702
-0.5003987661192778,-0.6170527850116433,-0.13833612457159417
-1.1028621399411889,0.0021665692376671153,2.043203655802573
-0.7424111877937299,1.6584010008989825,0.6102139366608644
0.3959999314963444,0.8474533693240044,-2.8890285624358123
1.0960978139981292,0.23743747292941486,-2.30142250525795
0.7564672929117565,-1.0288200026154508,2.168355059035446
-0.18343766883729176,-1.5936264476353645,-0.893883983854617
-1.0161226668019645,-0.021811718756389875,0.6391937042801304
-0.9145764855931952,0.33917131566442604,2.417010435607151
0.0037233662060761827,1.3003701973063546,1.4980694234447
1.005678964291949,0.29020120766268365,-3.9164975057922744
0.9881709712710706,-0.5659449069682199,-1.785819959716562
0.0808466227127241,-0.9249593267291156,-1.0705115382604107
-0.9208511318324962,-0.8693481080050336,3.742956534328844
-1.0373647594084412,0.29892122432261914,0.31410893591203
-0.30802855530914053,1.1639912125326897,-0.38123412666099865
0.7119671914381863,1.0026034766110952,2.4775907384946008
1.0721327337230406,0.03969691338428838,-0.11737409562360156
0.4200155265490198,-0.4939834514986352,-1.167920294534938
-0.6139421301893967,-0.7264019124047882,-0.6299951820186189
-1.1755256551315703,-0.39772085583469563,5.123505390334633
-0.4771734404714286,0.94600950407071,-3.173355333148914
0.5070836727202309,1.2355204056115705,-0.5037623103598798
1.0939058609858838,-0.10490733341596781,-0.442503960058838
0.69236054987109,-1.1591165435917699,-1.090095173293582
-0.39127780219896374,-0.8519964387137008,3.886934601727964
-1.1311239634377266,-0.2730721487701415,6.032376097887105
-0.7729043863671585,1.322322099451431,-0.6678170529204464
0.1989168169627295,0.6842957906399563,-2.031265976579196
1.0489457267809572,0.688163630927564,-2.185067650012363
0.8545477422914816,-0.5169143902379841,-0.21620716085209213
-0.0553569629758478,-0.9540551471195498,-0.47492291211964743
-0.9883910920070049,-0.32397490950774543,-1.0365030015998122
-0.9696418441592664,0.6602133315576669,3.1512585018511454
-0.13172050977237565,1.0125131367977485,3.135445932338775
0.8906224666242307,1.1613565112674045,-2.0805888562930703
1.0100836331071852,-0.2039398618674071,0.6567524964983276
0.22372449816658302,-1.6069281221234328,0.901765257941568
-0.735941674803607,-0.976059155508095,-1.5303935832577442
-1.0901175422666582,-0.02885967342407758,2.7928134049003353
-0.33938643508525046,1.3201962837180214,-5.251603494034716
0.6333510058201065,0.6341427864669175,0.013573245307411663
1.0772972634679254,-0.08734229279333094,-1.8362120558144517
0.4651772692310219,-1.2879256853488399,2.079660778190882
-0.5516442088893445,-0.9218402417359453,3.653738841046056
-1.1120848685409312,-0.1849450923252105,0.9428667717022834
-0.5632176095393897,0.7284711731565702,-2.5852446000494766
0.34855258263415134,1.0380692923516825,0.264347976799717
1.0783727048481029,-0.41450897230855377,-3.808958890657153
0.796676521605166,-1.0737368843322637,-1.4191099043151505
-0.19355289830174766,-1.3548842714955929,-2.571431989359209
-1.0201354048503666,-0.4387555608943816,-1.8565515430084838
-0.9300162540620912,0.6027583797399755,4.477874375192099
0.11121325791901748,1.9258888336330096,-3.0928121834117794
1.0216145962061893,0.6470634623233112,-3.95914133851347
0.9084255789014403,-0.5521644145155624,3.1576795914101843
0.11408528748985014,-1.3241287387805427,-2.1102570066434865
-0.7899121642218128,-0.2911072598911646,-4.311083900161366
-0.9690513186194155,0.7962466533992069,-1.8983598939048085
-0.2092296449337927,0.789128310046493,0.35482324115245545
0.7791705160690102,0.6258710662263672,-0.4368643035426778
1.0838057896576738,-0.2848685256955408,-1.5654939457729091
0.3610873416610375,-0.9331060782820535,0.024722992406207567
-0.6812250795633201,-0.808373963337562,3.5550232234581127
-1.1144285107674388,0.010702352985390018,-0.8776063505981588
-0.595868865054103,0.8325569116471315,3.99972515054147
0.5128078233747781,1.035266558144588,-0.6396986447140907
1.0789818095771624,-0.25393970125092036,1.4218539277123017
0.6597497317181,-0.7683704276535236,-2.8813553948579376
-0.3271888583948603,-0.7105599298711979,-3.11165312095831
-1.1330119150857703,-0.8397473901535168,5.913608974753353
-0.7512716795208608,0.69650215367484,-0.2779347916881897
0.19587207183253524,0.9322442707835672,-0.41304332388164
0.9724442043890068,0.035522364690694364,0.724880776480793
0.8416626908605088,-0.6324531222397994,1.9414100860049133
-0.05659597102103084,-1.2714256736637963,-1.6841137321198008
-0.9305237509925799,-0.7227847704948998,0.8525569907484631
-1.015182756218849,0.24746112927826913,0.7689938825069054
-0.06529882395961975,1.2165583625212313,0.2993530065162264
0.8743883072368848,0.5301501918782303,-4.254362054523925
0.9841965257373508,-0.3200109017062758,4.776043015396886
0.3193471673118279,-1.3653507776571812,-6.279472911784048
-0.7961874278026012,-0.5487171640626842,-1.0419375874959307
-1.0675135480095903,0.16093234504780507,2.600426552886768
-0.3628908645058971,1.5035522813541737,-0.7196586903217839
0.6864354380562305,0.774966155795403,-3.480777657799801
1.038335876269957,-0.06461768365468856,-0.4148526134157563
0.5829897391152573,-0.7344784833684648,-3.767715780582631
-0.5727236640027753,-1.085640272581791,1.5795168614792365
-1.148389363788275,0.45594368838819066,4.084518001372812
-0.6800912958888676,1.4056210035215078,2.7676713720565247
0.4023050469236102,1.2712759358853964,-1.1905477626445393
1.0280811996728492,0.5103025949076229,0.5768405225074489
0.7844289267371027,-0.965504967134323,-2.5412209506994077
-0.23131859404012844,-1.3390588874667222,0.7065949685971717
-1.062418460159285,0.034639490359946734,2.760908117883069
-0.8546380245011995,0.7213329572590876,1.0792765110698435
0.08245189154367358,0.9163076021158828,-0.43011904881360086
0.927319806097329,1.0607338357965317,2.3105381761377917
0.8455961735565245,-0.5380599344037956,4.55281994779325
0.08963964500843408,-1.1080140580327358,-1.8769140515919391
-0.9021921429359222,-0.830696007193667,2.5611698825581675
-0.9243557133634013,0.6248642707276719,-2.171638096237499
-0.1814264220395751,1.0822277322314444,0.14153530085117882
0.8147485743527347,1.1167835988055064,-6.3039294002002615
1.0500852519709023,-0.3838722524569105,-0.07788167777062538
0.36664758857621155,-1.1008905903308555,3.977691208030961
-0.7194764103924036,-1.1579531585924534,3.508804712482586
-1.0962640115295355,0.3228976840864306,-2.0350335502528294
-0.5410576091901111,0.6853492496115887,1.9564866441859696
0.6271768717298408,0.9634658209030902,-4.687065658111734
1.0878344633941115,0.4359212362316689,0.07153427880938715
0.6474501359584143,-0.818395396699293,1.3581331945610513
-0.35116989268454524,-1.026711862839067,-3.0792468874223915
-1.0616621802365498,-0.31515285809667004,0.22673119556093968
-0.8547882221544342,0.4878206941833596,4.4612698109563915
0.3050900367417785,1.7735999993236866,-3.644948464469705
1.032883553886872,0.40434151966657117,2.6940419390817314
0.8883571606750926,-0.601700739631093,-2.7772417241333485
-0.16180850529946272,-1.14584317967609,2.8440467588036813
-0.9455794720449838,-0.37262611861798745,-0.28139052755226324
-0.9766904710546082,-0.09051096091157507,0.3062999117739684
-0.08357346035271712,1.2814549514312692,1.1426461873372118
0.9334730883204294,0.6625880732841144,-3.080998689055506
1.0649069089160765,-0.46457895881050315,-4.554907018759964
0.2502551318131701,-1.262459201994413,-2.9666244470779635
-0.7357463073530449,-0.5735955409314741,-2.9220027841432272
-1.071700977397346,0.2819768006902845,1.038439763530586
-0.3476425083273233,0.8946114300974574,1.4136158712271596
0.6946540007472674,0.9631245501872959,-1.133794609883823
1.1509403228271504,-0.3161686780270101,-5.621109508141943
0.5126601374543206,-0.5478639573153743,-1.167660791396236
-0.5692543398226461,-1.241866751940166,2.8465350562597207
-1.1146918837291435,-0.1511732664546428,1.7417082984002745
-0.6242017805617711,0.9853567587307044,0.4823146883214702
0.34880325960838654,1.172307740141251,3.0645835408677526
1.0608004526964496,0.13434559368187715,1.9999244729215715
0.7219345110182547,-0.4716422406314946,1.1326038151174393
-0.20595056519876673,-0.7987175928616882,-2.8581111057412465
-1.0558352525638326,-0.1405053226585562,0.45899235902305047
-0.8851006415505338,0.87105257408643,0.8556731145268537
0.04984931258673554,1.021077787247678,3.371714187438366
0.9927391083532672,-0.0146840661993064,-2.7204284323359587
0.9312782709844699,0.012016551022294153,-1.2244556392004615
0.08580764574283295,-1.2287774694600102,-1.4800842013200388
-0.9154732255066796,-0.4429051631571823,2.833517675615314
-1.0678299178116069,0.21987594438335645,3.389795224226014
-0.25846210230174443,1.143219458395082,3.1809050583749303
0.8304569727273017,0.9062203981399342,-2.0981302735465728
0.9951106410364637,-0.3847208744094788,5.808179374469998
0.26675271234006814,-0.7331489018556331,3.0866414563229654
-0.6338255657834136,-1.0037539925938292,-1.7338899444996414
-1.1076572372577416,0.379557503749407,1.4559662521565548
-0.46980589554928875,0.9265125965101381,0.9675143970319933
0.5738396450365866,1.1278832372836174,-0.0602605066954065
1.0627699741513463,0.6445073510705657,-0.5415545880858132
0.6104258299929679,-1.2147469097727603,0.00984543720438047
-0.40826067559294954,-1.2128013882535418,-2.29019612657643
-1.1088339852485078,-0.5165586299405933,1.6584874739903004
-0.758694618259224,1.3714378738509896,2.0305024240222327
0.29274347923045363,0.9699030542878073,-2.940997064204081
1.0065260862794374,-0.011975937723830432,2.1084398888911444
0.8159779763825126,-0.6304126430632312,-1.3659973979679196
-0.069308302422255,-0.7608459905778265,-1.407838035010217
-1.0008895256592363,-0.7807796576260106,2.543838489365485
-0.8854412245581084,0.8253506310814768,-2.5718139868636114
0.0292141773218031,1.0830294438318244,-4.590376484358898
0.9125458699045997,0.35556215470911035,-0.5288179298209822
1.017110576506751,-0.39093935493233256,-1.5247910570624692
0.16365615146828666,-1.4742590981798458,1.0785001878659928
-0.8301010663590157,-0.19682921935164355,4.443765135731858
-1.0504293979445436,-0.3690290090152448,-0.2544019751066104
-0.3879009784007864,1.164306325030815,3.309727580512947
0.7470372930128502,0.9666172421593805,-1.386478323450242
1.071009107374269,0.22941443957342988,-1.2909691268476722
0.5472543819548134,-0.8966334953622462,-2.2501051948563955
-0.5630041903745894,-0.6406331278146321,1.3781995156508897
-1.0953479418346161,0.015993179904684185,2.047781863998517
-0.6009821065226553,0.7526778653378913,-2.5894380478725165
0.45064718775571727,1.2905069394014779,0.9763636160444433
1.068614010548098,0.36222187067598166,1.3452111043792288
0.7778007978645828,-1.1224159381569176,-2.092149221069223
-0.2956799695117136,-1.0091849721492507,1.6579064266357313
-1.0623108343836578,-0.42149402355448007,1.377331844616914
-0.8475011472348332,0.736150311284644,-1.5591366124827724
0.047433732944427154,1.0456393810193043,4.978567835498942
0.9497870324712843,0.7827845523299548,-0.5753982648191464
0.9440099360576144,-0.6911869027627843,-2.7999086249503935
0.09263742225667385,-0.7581151771331075,-6.427750998808475
-0.9289252733865376,-0.8565721357374728,3.162231441205776
-0.9420790715752047,0.5596612350928509,-2.5660000323757046
-0.1271855410053811,1.1734015342120274,-3.193989822136976
0.8328719215151941,0.37189337944319056,-4.069011458515802
1.0597020456914992,0.14813218829625052,-2.557117823822522
0.2443150718140364,-1.5935872262215482,7.180584783196362
-0.7393532232161166,-0.9092435588601211,2.911807796161728
-1.1107372761160812,0.23568326291924735,-0.44389029260070106
-0.49448048078895995,0.8731389694799854,0.4838054236514705
0.612532083408957,1.3038024118884255,-1.5261770876628593
1.1483776744644436,-0.5360635153283311,-3.0883226515296958
0.5945680138992377,-0.8681955790041718,-1.3073948805807583
-0.406740599615227,-1.143671659302531,0.22129557182547832
-1.115918452004813,-0.48791475864999767,2.172533304293623
-0.7421175179287737,-0.030511881773506166,-0.5465040361080564
0.3135343690062135,1.2068532967013277,-1.7684261978742137
0.9984650115793432,0.5632827337371871,0.7283031934206291
0.7840676008791251,-0.48072592414592663,3.876466916857824
-0.1283029706556249,-0.8938105218405304,-2.3837835435913566
-0.9997807187976716,-0.45060811178173676,4.315904464527147
