q,p,q_dot,p_dot
-0.7055844251263249,-0.26425307681556454,-0.22950366758278884,-0.20248530816885768
-0.6493842017419109,0.37593726154784457,0.43305525542886747,0.9542550288457526
0.022924817504903893,0.7828054908207328,0.17690661543693878,-0.040710320734094196
0.6786252196421245,0.34686025443574103,0.37247298027833,-0.1949617973684184
0.8074045645589187,-0.31074286103029036,-0.17285031106064275,-0.8131942700743922
0.04861321329933775,-0.8394492415565938,-0.7699558609795588,0.6956886809083801
-0.5852025099170478,-0.47547232082719926,0.144028345928906,0.7793168548602819
-0.762690870565517,0.27778073769960565,1.3404468955640463,0.8203139743133031
-0.1731414793046786,0.8249479958447032,0.2510425455527465,-0.09674804306267659
0.5960293941716901,0.5735523134772921,-0.05865036392124129,-0.4529226282604898
0.7791640707841933,-0.14991526113257803,-0.1553235574881645,-0.9946891918958319
0.3682616337057856,-0.8071740761691502,0.04598696185887263,0.18053948109541695
-0.522885118716886,-0.6210729815057692,-0.37580105583398554,-0.5610221504216142
-0.8638489658775795,0.011346599860023142,0.05769578903488504,0.5732584621722477
-0.4329505568148511,0.6884008181238627,1.227235858167252,0.667638776157447
0.47002118184983793,0.75223662148345,0.6682557275118128,-1.2594765976247924
0.9058442855706683,-0.041473065104478304,-0.022940888105522084,-0.5056083386496605
0.4970109988831348,-0.5810448067697456,-1.1384904177302713,-1.2315322585978077
-0.21130468751421694,-0.9172915089349652,-0.7030799354464734,-0.832868528116395
-0.7867449820671865,-0.18363424299811473,0.5955302850549843,1.3866570433688148
-0.4967825135900287,0.5770618609111962,0.3649992379714234,0.7975607003521092
0.37008117572616905,0.739704727538034,0.3849433806663871,0.42573839417896997
0.7897791771121542,0.39640875448321916,-0.14073887419489783,-1.5508062442712245
0.6252127084404463,-0.44239222007327866,-0.8848616799022152,-1.0915145681516325
-0.030401660040193883,-0.9992798559708547,-0.8294164360007245,0.38581606877734986
-0.6397475605729815,-0.36389400340467587,-0.5023637621971561,0.37189231910646353
-0.6671882920489937,0.37739229679996283,0.49044369703203305,0.6501812340371832
-0.14509880339187994,0.8066161023837003,0.8364421062105694,-0.2059179016067314
0.634112273192002,0.5557458248202172,0.7563262374761592,-0.2321558823854722
0.6646233324861046,-0.2452510062472788,-0.22186944970932765,-0.7910159234247933
0.11588811769245433,-0.7419041234280945,0.36666303450902216,-0.5294926661871568
-0.47407912317521206,-0.6748357712414967,-0.7133396451527957,0.8471575917276902
-0.779800232707476,0.19250830910650085,0.35646206295846417,1.8508339937903628
-0.19967289278364242,0.8487084199159111,0.8543000508870043,0.3685904588246258
0.5628835939615227,0.6465652002324075,0.7908826424977655,-0.2355885881152031
0.8243656079391939,-0.021351681119024676,-0.845378172211706,-0.8352856651689303
0.38863534940654904,-0.6900678863974783,-0.9435779942572264,-0.09645027174497833
-0.32526106561545454,-0.7007701872292879,-0.5564863260563815,0.16489858919211786
-0.72385939100692,-0.09221659776980712,-0.05760043223616951,1.075428286941661
-0.5425387738473172,0.7242939992369368,0.7229864170519037,0.46440637381323036
0.3796778331965658,0.7626925043170679,0.7240977776274277,-0.8618470819514318
0.8388301673732744,0.22918384908044784,0.44248167619852063,0.6238355827156786
0.5034412476874375,-0.5877543850875201,-1.0435779960868654,-0.528012789904338
-0.1679038418379523,-0.8338868644159652,-1.15976440293913,0.38653441787444676
-0.6474570091052889,-0.20776881738403194,-0.4418423143979916,0.7765437413926569
-0.6483683539484988,0.4284454120817846,-0.2443548875898044,0.6109949868541067
-0.07704919953714055,0.7683428429701031,1.697374203248703,0.09730980791845145
0.6213034618440283,0.4122411668208324,0.30322871822676456,-1.5902158086749125
0.636466067905508,-0.34945224383613027,-0.1032777427807624,-0.31377579426206975
0.04501427431817972,-0.8482694217688729,-0.8315920903008175,0.51824376891765
-0.6366203868794398,-0.4799676710234244,0.23192233655626227,1.248263855801554
-0.8055179557022926,0.3472013776024778,0.8172126104455818,0.43016500433751353
-0.09780794797457187,0.7649611084427576,0.12580020982556533,-0.03398048340390536
0.6039159823500837,0.6139640663205794,0.7674179220164173,-1.3490208151020104
0.8545801353030087,-0.2330077423568168,-0.15022086894699527,-0.3974858960744959
0.36956659088050836,-0.7059052216273092,-0.7992468756160327,-0.7033016062272457
-0.4681580983287817,-0.7069879849375507,0.04407468075097065,0.5867953392818348
-0.9718947791388872,0.05310046762159168,-0.3457032337753657,0.8657261293138393
-0.4472689257961654,0.7121256208396259,0.9319958775902792,-0.3480491537479119
0.4898403031769855,0.6816943501849646,0.4374101334694003,-0.4030734028688432
0.8111970223713275,0.051016518225662,6.329169549734726e-05,0.18142884994130684
0.5287184489814676,-0.694679203108041,-0.3140850663647002,0.07012371086115021
-0.2590837551155183,-0.7174438260703149,-0.7269133075747105,0.5041646109856446
-0.6320067383124928,-0.1286348881279165,0.08743956456820912,1.5574921068269565
-0.5409773100609124,0.6119702295237943,0.3160332402648988,0.10390796437492356
0.2541054933717746,0.9571900749347554,0.9840693225175325,-0.77479119960424
0.6726818118790908,0.2218811471060393,1.521485146026721,-0.5923797638926894
0.6492142184309475,-0.5012607033198552,-0.6309312133248246,-0.8815969465926096
-0.18120168359252836,-0.7141362422569032,-0.803328402151382,-0.32324698526405515
-0.7972693533374456,-0.34329251786934883,-0.5481604185786487,1.0769585182986936
-0.7676824712112089,0.42881750913591976,0.3382011138939306,0.7875291547639803
-0.052678787130124236,0.9248520805020861,0.8822406183202175,-0.36308431008898856
0.6077297886014348,0.4659035686444002,-0.41431172831246643,0.1256136420759707
0.7139687937298368,-0.10310194306881768,0.14158795720193795,-0.19056048473088144
0.2900011789858585,-0.7788526807569449,-1.2301632796674857,0.35339659573496995
-0.47843099801596767,-0.5537099133570742,-0.5554778051740611,0.7171932393881314
-0.6500883613193775,0.18929503259900082,0.42161585930871437,0.5957153910261992
-0.24326867027287688,0.706596316841688,0.6848205426298174,0.5769942753690538
0.4111747369362337,0.6824119782967417,1.0333033153414632,-0.3579052973640856
0.7864251512420484,0.0973503410576519,-0.36490928023664937,-0.5827496774381714
0.4167944806104825,-0.7866529188533993,-1.030286998150996,-0.7821440343697944
-0.3033509620184335,-0.7181646630244672,-0.6450258542554623,0.674621312237017
-0.8708712589392307,-0.07020942722440705,-0.18987543156189002,0.23853390354513784
-0.45272667776086895,0.7172979753259561,-0.028129894228098862,0.7285734849344255
0.2805922188541626,0.7950749505080985,0.17299305281044897,-1.3028646245938817
0.8443109036064048,0.0953322784996178,-0.29780037314340313,-1.1788080841975073
0.628124258806846,-0.6819060593136906,-0.6440966889666083,-1.7505376739451344
-0.3051945752054973,-0.8823903423925555,-0.443041085149416,-0.12197617845460529
-0.7745012190681142,-0.36623953786385727,0.35552845103397235,1.3001259536028875
-0.6395753795222671,0.5304808479707593,0.8276686826748364,-0.3812358346212122
0.025011171505121,0.7645828917289316,0.9025935620586826,-0.3637568272099889
0.7107341599596865,0.2528751937504548,0.5617450327675949,-0.8556603014063553
0.7183118446958243,-0.3614347690303437,0.04415313166283796,-0.8396899505023503
0.03239336517934429,-0.7595444828113121,0.27058798112489324,-0.7841674040345498
-0.7065785752726372,-0.33608088636164213,-0.2316952092645569,0.1522396678409882
-0.7237574513813028,0.3022343380752004,-0.2332003408558453,1.510294698826597
-0.13849006564994165,0.7192683364961829,0.34003051401850437,0.04315828599372462
0.7029666973894502,0.5918893709208363,0.3922782551979337,-0.3716444356528026
0.7182797846974909,-0.12205460583472233,-1.4061788756171083,-0.5014090850541897
0.34302407994091644,-0.7493505945021718,-0.579999316126944,-0.175177366290859
-0.44582761574246843,-0.6534718762114043,-0.19919767108387249,0.8449564227018086
-0.685095240943634,0.10912532206672064,0.11276444321134393,1.3886441553609834
-0.4975661660637207,0.7384079844570719,0.49095225468977016,1.5443934712837015
0.33133583011359574,0.6755054026416822,0.6156155675098879,-1.345521058010161
0.7783793295615468,-0.07670468651532883,0.10763583746110472,-1.2486769198027958
0.44227469773350253,-0.6597307053539181,-1.8571429379537603,-0.2117593518953892
-0.320497794121551,-0.7140204088759127,-1.0437428955646237,0.6093799387820759
-0.8069971544333049,-0.2557852246440194,0.6078990913145815,0.42156178090638263
-0.5296131978267616,0.6438294038134509,0.1522175049992519,0.20762509961838288
0.09564885593855106,0.7512560892132694,0.40479503975393183,0.724681285118185
0.757645079544223,0.3216884020533721,0.7424116230279465,-0.16196021983575365
0.6102427416389898,-0.43394584146791,-0.1565238246979117,-0.28238940483429287
-0.13455985564500672,-0.6732027471370614,-0.724595345610356,-0.07656560314892202
-0.7133911346992028,-0.338074911343524,-0.17682843125995662,1.3972698937179844
-0.7703622484662291,0.3780133095252955,0.07763147822935523,-0.1093777335659793
0.026492225221345943,0.7853128562875095,0.7612182581757132,0.08059449907850735
0.6833549200139195,0.4288224503125417,0.14183290917276992,-0.5572029363161024
0.7290267845355365,-0.255464638587945,-0.4012887003082116,-0.6260937597601801
0.13187864292314377,-0.8618726285104717,-1.4615486925663628,-0.3979786557422771
-0.6920709344311937,-0.5263414158697188,-0.6552812609678998,-0.2600338096371685
-0.8869080653981651,0.2784137993232169,-0.18834838238365514,1.4677124564773025
-0.18521942968546334,0.7817386558941485,0.6872775289675582,0.12709607574291515
0.5999772631421836,0.6975518166483505,0.8535721008542787,-0.1920578175107157
0.6517078591138746,-0.06694028797301903,-0.1896714652153203,0.07250603104189152
0.33542434673537014,-0.8239136214660963,0.4108454222021729,-0.3935623419898876
-0.38387148238398294,-0.768863787879112,-0.4994804853235138,0.5590251439622385
-0.8910606681712252,-0.0325969543276657,-0.41276938215769166,1.5192073342230676
-0.5180939877785099,0.6904310086053632,0.6263873576566326,0.08164415134243264
0.4547538576662754,0.794192228414942,0.3695728903735837,-0.4436111145930982
0.8359192167591913,0.1752114565439857,0.4507372766086798,-0.2642781350949333
0.45352366990887655,-0.5301511599982127,-0.6258655354257053,-0.18831097290358645
-0.22840394653007742,-0.91132285470771,-0.6288818940832652,0.17803793201216833
-0.7695850123862623,-0.22614399214798075,-0.17213689725166847,0.5411711778988857
-0.6540573880468342,0.4867434515680854,0.5438766456842814,0.26351423507222277
0.13581717804115284,0.7455195323195871,0.9495262497831876,-0.689316742933781
0.7085750266115033,0.4077354744067506,0.7827571920865939,-1.0780092695402361
0.7851656220932199,-0.3606432129927345,-0.0912875045449113,-0.1295590108916886
0.00301855399119471,-0.8581227260319285,-0.3903077456783978,0.5447668695476005
-0.6625079168806716,-0.5118689698336004,-0.4931041493266708,0.6241739572298224
-0.7748901344914775,0.1813025855650946,0.7369361296751681,0.854565247453038
-0.12726613280121366,0.8835492361116929,0.17700954519879353,-0.13137410075408584
0.7539376857114846,0.5632045411704872,0.6211008299158033,0.030802195501412055
0.7846926443494247,-0.2609644110878933,-0.5583734796092432,-0.8405180154371747
0.13830056651462863,-0.7311440752935572,0.016645210084197393,0.07766936897009746
-0.4683826618987142,-0.7057129571283312,-1.0300099581987312,0.5865911973068333
-0.7646996373612183,0.08338619221585315,0.22047552660670822,1.195608428716887
-0.31201676975262194,0.7827812524666373,0.291942244364046,0.2600730696483211
0.46663493134735234,0.7588096711014742,-0.2773535740989408,0.24507552711421188
0.8011915834467276,0.07128855088819944,0.08032444920741011,0.047323845286211634
0.4335271720039642,-0.5671971779350828,-0.9750605197289675,-0.6361330116541936
-0.3060295002842738,-0.7439116010049099,-1.6685391758051598,1.5716000941113395
-0.833865570314772,-0.044127363633878855,-0.22566256512905392,0.6695901525257619
-0.6195162583293314,0.605570441225684,0.13015944758589193,0.4156948599315202
0.1789251695113828,0.9022306601321662,0.4538503873320294,0.16797158775261778
0.784928580903801,0.22300313438170016,0.4283387207932071,-0.7947199434388843
0.4950166600535485,-0.5109239604111867,-0.10263182001954169,-0.48587811924172164
-0.10822529701575004,-0.727431123043427,-0.10769769122917086,-0.2462799627886586
-0.7606929690981834,-0.32155239808557884,-0.3987656869711653,1.0060398423243573
-0.6943158326705393,0.3303776501541811,0.8602171969341449,1.4137162887182533
-0.14510698610622108,0.7545871499515083,0.7338565822005344,0.19794165289134635
0.6987575532660857,0.513311086587529,0.4355916421807293,-0.4741268119164982
0.8591608248592659,-0.3705150020023393,0.28251048095457587,-0.7126844111486713
0.23779915450117428,-0.835727537750412,-1.0951790577961429,-0.5672326729585586
-0.4647220395902154,-0.4788143165297917,-1.000494939107612,0.36162309994294484
-0.6599549825530611,0.14980230465990274,0.7748043256478898,0.6881795296102913
-0.1651148243899742,0.6691418570423595,0.20862589554205696,0.08429399983138464
0.48506218610040636,0.4658428053919532,0.12348659060612999,-1.0373163157635013
0.7403848467914671,-0.05171679410296815,0.22197194348394178,-1.2930266072792929
0.43797238469309135,-0.687423059782747,-0.074036246508144,-1.0278936220087453
-0.28410864080679665,-0.7443886223505182,-0.264367807300277,0.828304013021115
-0.8314398201701378,0.06415868073726896,0.48160239950788886,-0.27714454827040336
-0.27872034095740755,0.5941788925276716,0.7510245811012384,0.10970228539090687
0.21172045680735363,0.7758296005548457,0.3214253280611176,-0.7604609897307507
0.7927880636063604,0.10780194537299734,0.2793045234414532,0.09570046126499462
0.4777673045484991,-0.7422610758849646,-0.6547382269237012,-0.4323023233708895
-0.2531183202297234,-0.7314116320965021,-0.6837759621587797,1.3448342413386754
-0.7075704457573675,-0.32563332014090757,-0.15452602862802922,-0.5427182636642628
-0.7395345196366573,0.5452203280959113,0.4744660193038408,1.9874390342356845
0.132296046219659,0.7816132986875763,0.6246953964682207,-0.8710342639516705
0.6476044625290216,0.3819243787675777,0.45881120040104306,-1.4736763026867052
0.601153893511406,-0.5150935955211076,-0.8248022320197063,-1.4965098666827155
-0.001480540205640625,-0.7955834432975815,-1.1524775103426022,-0.13338968501044823
-0.7044082970255995,-0.4537993600382862,0.425574967153573,0.4332402373406835
-0.6667044717567598,0.292157625420554,0.4338441578604385,0.8156480952426524
-0.21246382625009277,0.8141090150683232,1.3224292214206168,0.4117271600616379
0.578852376065123,0.5694494463094665,0.34962605240512423,-1.6641807569478269
0.8438106804372766,-0.1350461859340249,-0.9053162250079799,-0.7069098828562367
0.2440710811168736,-0.6653909162039485,-0.90343982631784,-0.310427596055598
-0.5435728182581433,-0.5169630543953343,-0.6840388018511186,-0.001580773584962114
-0.8571337480132586,0.05257263019228245,0.10230606617569415,1.1241132223559709
-0.3650636256727714,0.8077919280108427,-0.5485733419021768,0.7239731865138282
0.36064499940189393,0.7632781942419589,1.8429446546637311,-0.867853145624442
0.7858255100191028,-0.00954697801626271,0.3303958853004729,-0.8302889708969771
0.3702409580656805,-0.6247151740747675,-0.5332913253610946,-0.15457541240882666
-0.38437104026712254,-0.8682561892064852,-1.4358033004178439,1.2485153365529649
-0.7083557779764575,-0.1652175748642114,-0.2412199323882036,1.55916746448049
-0.626720283861558,0.7214497001664794,-0.18003900192531563,1.0467006565937642
0.18615323127291356,0.8338785797874054,0.9652892070391406,0.28893152873254
0.9006739570836424,0.2833887945562868,-0.053049623766446286,-0.9680129659908465
0.7220426041258189,-0.44444994341258,-1.6441065451526649,-0.9028438238521014
-0.004650196281062752,-0.8389350421452839,-1.0215268519376988,0.3750215767339199
-0.6998762047155903,-0.35957967721641426,-0.22004457055447735,0.7317094347568385
-0.7102647570109514,0.48295468461810503,0.33364194788843005,0.532781621785591
-0.0048082055897236044,0.7740371643276696,1.2094629710616522,0.16218799361914782
0.6650347354209293,0.3959251053787787,1.2322098561413446,-0.8002797637893102
0.6783172373050431,-0.22006403906921196,-0.5897569385461088,-0.19272748871358797
0.09645305003078791,-0.8157826531190489,-0.4669843027412397,-0.11567369851918807
-0.7493851058788287,-0.6179190548896041,-0.5687798567257274,0.3029303159392416
-0.8398155520345806,0.320507120521612,0.5768194956303929,0.4970747654600141
-0.29946944243503604,0.8633847268509973,1.8986740627521337,0.6144668532922892
0.5471906570937448,0.6133762588150364,0.7405636073146288,-0.805410551910351
0.8916116532359546,-0.038152835221254636,0.6429194638126218,-0.4762632912234167
0.43539476118959997,-0.7555628255371121,-0.9189442586774327,-0.7555544505620965
-0.4926526400182784,-0.5767552247560794,-1.0433696887588428,0.5792167532195691
-0.831269352007764,-0.01441229919644071,0.0766979324949224,0.7621605273884291
-0.47747496827857366,0.5801898363781799,-0.378371404034977,0.058794278012033185
0.4325167466029228,0.8340429468001133,0.9223462061365617,-0.7670095961676426
0.7925031807233586,0.14524662138711758,-0.6640605754635387,-0.8549130055733373
0.5917129678438849,-0.5728617305630685,-0.1860711306407592,-0.35395969361271207
-0.2902078294023159,-0.8840421298844784,-0.7376206564631117,0.2933166030889245
-0.7498816307111954,-0.29399025093950765,-0.4673485516324688,0.3697918525504154
-0.6750912546818085,0.403686795147039,0.3635205122460411,0.11176443046786555
0.17080976350738228,0.7268168689098216,1.0414664923054124,0.04716955940103962
0.7683179219831334,0.33635511944526975,0.43507142086034123,-1.2926835787858786
0.7033073518475282,-0.43748581053479996,-0.4088626391601824,-0.9300490751461501
-0.06296469788549336,-0.7319345592430884,-1.0812354098406745,-0.7148749818637812
-0.6451473831195723,-0.35512334481024055,-0.27881133747584885,0.870266164419283
-0.6744668071908462,0.2914913621727368,1.0080035690271072,0.7088630377639682
-0.15070600824571154,0.7410682072390669,0.011488989829293028,0.7503569606470339
0.5776150885967113,0.5246546720025317,1.0748897441981349,-0.909873994371268
0.849309306295092,-0.23692453265469168,0.1771385515714008,-0.4095409557130054
0.3604204830994929,-0.810642379345169,-0.5561899092041808,-0.34437379654896794
-0.4483700492834853,-0.578661722829207,-0.8899105427255954,0.9127455550348385
-0.7601917193884582,0.14473069952252532,-0.08055939319454142,0.8707842088084197
-0.2922710118365329,0.7821655600012649,1.368480051065621,-1.2016783132518987
0.3673048677716614,0.6743220689702982,0.19052388141151955,-0.5529066027644836
0.8554608531538539,0.011468436448844202,-0.5888452207177608,-0.3647077675699746
0.3843815100513202,-0.6101452891379324,-0.4507141259692607,-0.5687779354329148
-0.1705693615996179,-0.7137601750230597,-0.5751639913676045,0.8855159336724494
-0.8468417846194713,-0.08412350640837665,0.16660237675945266,0.25268407797991377
-0.44311475047112303,0.6596908346104167,1.0506209604264327,0.32420903808084545
0.2105501612877866,0.776748839551082,0.400152939709226,-0.8635802853239893
0.6792924118821004,0.1454595645777418,-0.006807264851828032,-1.6795144117571104
0.5956884466283011,-0.5308381557197734,-0.3148271217251958,-0.9465455430893707
-0.16235344527852377,-0.7271949687541789,-1.1005299655827532,0.592331809443058
-0.7878802128465987,-0.2580431377925928,-0.3655390479209131,-0.08718757124360488
-0.6784858708606615,0.37987435431889727,1.384174146736733,-0.36068069511577205
0.056731126155775864,0.8394211026961356,0.37967844166636966,-0.41055628022123036
0.7504522870539152,0.4023667668265248,0.09785764069046299,0.3891788072477084
0.7038024221164974,-0.413789180205363,-0.43209106731946667,0.06063207255055658
0.0840544300470937,-0.8537193840229307,-0.3912098822839069,-0.2952363881843567
-0.4856041157448029,-0.6389730350368781,-0.5655327663178328,0.3560308992405481
-0.7102250701113795,0.31526337744350463,0.06989673734990431,0.7742688939436143
-0.29850322146511765,0.8536833592379055,1.224495726894703,0.1484626342946166
0.5380576832874255,0.6091529389823621,0.6854913988173272,-0.965940447610526
0.8199121763006851,-0.1091001658732697,-0.07951542130542888,-0.4511455541746771
0.27045902897404905,-0.7670124924469766,-1.0899226016196457,-0.7577898830293828
-0.47982414913062676,-0.6598313754545693,-1.2270573736428554,0.9191728067682248
-0.8304849551936163,0.09429824630914257,0.4609446041869225,0.33678865871153374
-0.4293267783719541,0.5703687830064043,0.7699198839972032,1.0300059506249208
0.41073769373716285,0.6058810642517889,0.7629356148488092,0.03917425987842227
0.8438333682520676,0.11068026303256898,-0.07478279444936176,-1.1396118071340282
0.5242568097108232,-0.6828910982032061,-0.465681972942924,-0.06995069839705048
-0.31378402588276333,-0.8034980306901502,-0.6308594553410283,0.446282285017795
-0.8193151290621958,-0.27936275523994514,0.10025919362832703,0.578871032796033
-0.6583791656878508,0.5044074659208881,0.1512540513681887,1.1249766847636682
0.1098108122755349,0.5944662211200592,1.2126654447288683,0.0663174895107771
0.7086398246152241,0.3130722887033373,0.37219677700418785,-0.9294856976000831
0.6895777737193189,-0.5253113871092399,-1.026513638411744,-0.7500422202441794
0.024753947877742166,-0.8026445288488532,-0.12454672238563488,0.9232807660098569
-0.6878428092826994,-0.34223632378431257,-0.5569261691866911,1.2058821985057955
-0.7433353547012627,0.402746931171974,-0.3938348729069868,0.21463703389680872
-0.06796827162246084,0.8250956481633164,1.0800262208249396,0.7814210043727043
0.5784185676260721,0.4162037503906165,0.870671536204762,-0.8491921880682307
0.8061059455791572,-0.268203153457896,0.45610845223077734,0.08482822000921972
0.2778665620728973,-0.7341939862125152,-1.777707475324413,0.33857060544222217
-0.5407168736125008,-0.5484477773777143,-0.18276261589228848,0.016873075775059032
-0.7705853934865563,0.03502285266230311,0.8712554956083657,0.38473197861062747
-0.36857532253649117,0.6461486216344002,0.6097387765781281,0.7933711727692844
0.49310682775759324,0.770331625228764,0.939848323458094,-0.9265845115175375
0.7608346015481163,-0.061059846448712395,0.2499762686284368,-1.0927797089539117
0.45044491729803676,-0.7237609988472062,-0.7445313421311717,-0.02409693752738362
-0.356436435519379,-0.7131946202399492,-1.9760402752527029,-0.29370114857510565
-0.9340840954966962,-0.09208755096227739,-0.7959962721571678,0.5011806417458454
-0.4840791909942556,0.6395111348124439,0.06539096737894656,0.7949505095992837
0.2902914185208943,0.8097328859486975,0.8925126784109974,0.4848555399546478
0.8769499994167792,0.23493620705182855,0.340954032673943,-0.8586872642933968
0.6565331431820132,-0.5722418110175364,-0.778798725965763,0.011268121867809011
-0.0393218290975617,-0.7767492714396651,-0.6258403295770222,0.7002062968067829
-0.8172101549674122,-0.2328213855156287,-1.386745765792066,0.7533091124923696
-0.6342233801045573,0.5355123897587196,0.16492089487826156,0.7027199675704673
-0.014428137412820327,0.7474262708037583,-0.21861436487531963,0.23212995531275427
0.7550319920497423,0.4176187243166231,1.0350693498651875,0.10620827888777523
0.7610789316649955,-0.3547866401733216,-0.7287551500219491,-0.16569782659868
0.03682801093521054,-0.7738480372525594,-0.49620731879835195,-1.0453994269631766
-0.5063123800273681,-0.45868484658807396,-0.4492028414780147,0.6300892787647158
-0.7615023443350046,0.3230115428776173,0.4472799289172691,0.9200040532562554
-0.2537436883541741,0.8224763607321968,0.5680802075726221,0.38120187582142806
0.4159698451647563,0.5388604911540267,-0.2678004658601296,-0.8519621361166457
0.7688230553534388,-0.13577456993881798,-0.9164900402334952,-1.1398381460731188
0.35025051989402517,-0.7290269585716704,-0.5458224079825876,-0.460102219701633
-0.5039727774653404,-0.6285001063147226,-0.1439211888122921,0.9279223765453859
-0.7952829538520576,0.01764457271166455,0.5740555217752902,0.32850961520734595
-0.4688204863730676,0.8409216182578975,0.9500160706818003,0.6155892609433683
0.3992215290598703,0.7709128710805722,0.8240079766694577,-1.0772696928072545
0.8953312268556342,-0.04765301189927136,0.5960052999690713,-2.0795405419908772
0.5476761191715291,-0.560427795955203,-0.8618519065385793,-0.6663887424719761
-0.29517416462056856,-0.8493991020269044,-0.7174521808851009,0.1226045198607989
-0.7023800600862707,-0.17620942245961252,0.34335451137681605,0.24312154827496393
-0.645409055221585,0.5952205358452302,0.8239384130696226,0.9506567761522805
0.18208693016027788,0.8399531268622008,1.25439346461139,-0.009051872135348304
0.7390095657741891,0.38715227635417243,-0.2994386621479922,-0.38446565367340535
0.7149662051511984,-0.5050389762271974,-0.5862251720247008,-0.28718442546308537
-0.06819897486270823,-0.7403950348348259,-0.48325142845668034,-0.5641325123357088
1.0431094992367598,0.13244754826623956,0.5494084731508075,-1.0002944651830799
0.6387824105377637,-0.8836295664148339,-0.09801748756720574,0.07998880065865577
-0.355697903275781,-1.0543535276261298,-1.2831421410889436,-0.019257689282539125
-0.9636329073973771,-0.29766758338291244,-0.31569327125376967,1.2106889097936206
-0.8342733458119553,0.6903820942133649,0.9387064345560769,1.1562560895282292
0.38860783928352993,1.1457561974399109,1.4987884928155144,-0.41847376581251816
0.9500718154519002,0.4510393213956207,0.6291923860814802,-1.3534380011851062
0.8913820837547608,-0.6529003710019001,-0.9608695603124057,-1.4999696319910811
0.07099536171431961,-1.007971197485698,-0.29084540810157605,0.2026841754927755
-0.8684707781578749,-0.4393612089193095,-0.33788307323608213,0.599299202414656
-0.9621973548575753,0.47422976795087185,0.2456589938934478,0.19826564935070318
-0.2137928270341155,0.9724994837388742,1.359677426662667,0.04513732248036306
0.8560355409580754,0.6711644324663132,1.4607962753720094,-1.6646373199887459
1.0218322770639938,-0.32439002194590416,-0.4973406754024018,-1.2093988296048337
0.37589623107793607,-0.9825209867040645,-1.162350085746256,-0.17160426901792702
-0.74639928634434,-0.7577750358953741,-1.1921229738851784,0.38661937704515315
-0.9436356669368887,0.12505525674278478,0.3321741735973549,1.3714207131260052
-0.4710802689942158,1.0381224618171598,1.3778884240483318,0.23529673671009999
0.6090064600143477,0.8171698791600487,0.8142207616428229,-0.4888562807057095
1.0362771758835925,0.08704760421175421,0.353219306012601,-1.0271946238759493
0.5810005825122343,-0.8263403069972998,-1.0980788175606004,-0.5959700226150094
-0.45676620249376,-1.1383322545517867,-0.7997096665682191,0.28753374139226573
-1.0059810586167877,-0.1637810685487526,-1.0076746228230105,0.12743871754241978
-0.7478696612628932,0.8327653189004516,0.6815498698621875,0.9355933939256778
0.2812758625539523,0.8800267113903432,0.4757235775893473,-0.2518736754893358
1.1023689364634874,0.38539652763202975,0.20106077796076427,-0.4377662866653492
0.8290186461057443,-0.7974797249291229,-0.09527443726292606,-1.3420294372435781
-0.1626113533336887,-1.0691896506810519,-0.6553185626745989,0.3276606251875347
-0.9194962529433155,-0.4361324398578377,-1.0436759079182016,0.30686177439800816
-0.8847826127792577,0.6983785882611988,0.3700121114728716,0.965309912791481
0.03888425245567399,0.9704974187616143,1.3624808578005334,0.0878481181498647
0.9413117112428878,0.5451567603726397,0.7716948325670681,-1.1401019227652969
0.8792869886021195,-0.5021459912459539,-1.5038846918415394,-0.963271414571531
0.1780623022254294,-1.020147225620268,-1.033372053489852,0.1916468233509916
-0.7253130833278877,-0.7901039549144068,-0.5811722875371317,0.3061126582772322
-0.937468015835692,0.17232000409231318,0.4308594872909921,0.5244294203320521
-0.20884466968534338,1.0355807967297102,1.1398020769828414,0.4175390538659851
0.859430069094794,0.7675016498374262,0.12675246250291927,0.17937086300702065
0.9967119423822597,-0.13999401683814233,0.6658179560860661,-1.4009437317562101
0.4115092177311277,-0.9922392103866393,-0.10325991711059468,0.4801465370586072
-0.4954910250808341,-0.9508429962440212,-1.104241437097786,0.8499683416743781
-1.1399491527284744,-0.010361872851165339,-0.16526050934832726,0.07058790902324495
-0.598792770711061,0.7914013801100893,0.596466467264708,1.1827630361630004
0.4204630261792347,0.9478558419066255,1.2377322148828453,-1.0573934185417921
1.0193293553686886,0.12207229425339922,0.6374788384111263,-0.8988427977728993
0.7211891151339943,-0.8206858965901991,-1.3214362712775818,-0.11567133102956817
-0.23089499447119177,-1.1287385085599193,-1.0862984506568572,0.4122288843409061
-1.0049148845392224,-0.31853507247061763,0.3595329325260477,1.5279607761305085
-0.8038486954257583,0.7138854101750828,0.9063418209201263,1.1600270075897001
0.09567655653588136,1.0324351381560055,1.1214397551537858,-0.28366115279578996
0.9282980029561556,0.44342891255529593,0.5204432229993644,-1.6039867573305173
0.7500178687422333,-0.5221586362961725,-0.8854207359849542,-0.7787653560701546
0.06868065759546994,-1.041847856065514,-1.3157066137032052,-0.12278115028862335
-0.8594521245067183,-0.5408112345717239,-0.34908066891053136,0.883382281127334
-1.0697959284607266,0.5161606434074436,0.9078255589367412,1.2300288235746708
-0.05609727860039315,1.081748375141155,1.453478209214293,-0.0010980216089517825
0.7700570045981484,0.7161307534603364,0.4446795415087368,-1.1071649132063377
0.9986639693461229,-0.28359505744772934,0.3834789057693022,-0.8590239685742069
0.365291076927023,-0.9068702804040749,-0.9784643806220051,-1.0696682844638943
-0.6217780493086844,-0.7476099629848513,-0.527938575969068,0.6362671892960736
-1.1943788180511343,0.11446147931540435,-0.41766725468635024,0.7156618932677672
-0.44087303159746666,1.0198199616987178,1.4746317946910372,-0.06861439275391235
0.6187976590764912,0.8239936518144204,-0.18775458163270697,-1.2131043005292357
1.0603804734905504,-0.017768067782018657,0.6303551249815231,-1.024006384551798
0.5942456497786389,-0.7493706058137721,-0.8532668219203982,-0.52422463368416
-0.45461769075212516,-0.9358957654387379,-1.2527274479351997,0.11046202297232077
-1.017018458255138,-0.2073394925503288,-0.39177605296560114,0.9818918206901467
-0.7821310912442228,0.7722638436730387,0.746753277652944,0.7393875651706483
0.31650198903037485,0.9590877106197189,0.9527310632717021,-0.6999013664868187
0.969532854174843,0.29810754117394733,0.3707838127935875,1.245006113417888
0.7005998962548863,-0.8173760957517853,-1.0926978700772698,-0.547732236455909
-0.1636367776002764,-1.0351850580951258,-0.046879947891777934,0.2894264281550829
-1.0144354392460426,-0.45885700833359,-0.7669313879209894,1.1208270689788395
-1.0401428680237026,0.5473320465207729,0.7263323910697339,0.5687735157921092
0.05423631848097455,1.0637432073683402,0.5284662623533573,0.3361991763476613
1.1225831750153916,0.6518425021071975,0.26737314772667775,-0.5062433906294328
0.954179302501019,-0.5949102061658715,-0.3766379354352334,-1.045029263378601
0.03147398873980664,-0.9508892855698172,-0.9950579149200259,-0.7565356562309233
-0.8167696248458308,-0.5846876657621776,-0.514546139748433,0.08876271520437518
-1.0213392791532512,0.3700427035615024,0.562894809232502,0.923874728092442
-0.2208050138773867,0.9624517599838175,-0.2780926591358039,-0.3054125870755475
0.6723991673896139,0.7278298272702474,0.8697416853106266,-0.2932089477624972
0.796694973662927,-0.1603597940386916,-0.28031075121041416,-1.0834288486966375
0.4169438692253749,-0.9772658046367438,-0.8969636732847924,-0.4948037660418919
-0.3973539865219492,-0.8361328699041143,-1.2281060937463135,0.6461147808249723
-0.9953256095824377,0.014740486271873387,0.6383235523880293,1.3828259051468557
-0.5826054484347633,0.8176186087984862,0.55284906011232,0.05435563983210767
0.5054979245854789,1.0681021545805993,1.29468533459993,-0.7683412612848056
0.990915785265339,0.18631708772723823,0.18952677656532524,-0.9780710330734816
0.7023688098479711,-0.7881557061657978,-0.41287461265490766,-0.14213584369745014
-0.29305539736884995,-0.9988145610410666,-0.5907267581416938,0.9337954114735325
-0.8568009516701178,-0.5035685481105259,0.28169210336828066,1.8907473502439631
-0.8579638143455557,0.6396698090561096,1.2238138746495508,0.65524933593966
0.1932332060011932,0.9855184969716195,0.9247236678579813,-1.0284181541724535
0.9809565758194998,0.4311214108814347,1.0350414275300401,-0.743733692530284
0.9350737173777457,-0.5831364449184471,-1.6853394108091124,-0.8694470329560849
-0.10715212271011429,-1.0355271334566407,-1.5656013760319591,-0.42193651551394484
-1.0155994363273497,-0.46181738126112837,-0.6420841447593045,0.5242757493743011
-0.8641424447184419,0.5521773518072229,0.1380307624119681,1.600798836080957
-0.14850502023716594,1.0184668967342694,1.3250276865755795,-0.22613347743640544
0.8405031474445818,0.6316240472805138,1.3970772822383903,-0.9644274800170929
1.026197347903701,-0.4419117688061824,-0.844704604883551,-1.2610941250034924
0.30976995744370767,-1.0715706176016042,-1.6170098274448856,-0.5786193022643815
-0.7484993508645572,-0.6159378229681773,-1.507968690157011,0.6289313516798756
-0.9662191330541501,0.20397433549893235,0.5798778568679375,1.5644027535577087
-0.5133757244231196,0.9482616997573993,0.6320900275702651,0.2012596678326234
0.701165621119126,0.8911190863261175,0.7224915489430467,-0.36630443603062834
1.1090585458863593,-0.12439724589854581,0.060777472513693365,-1.5260796679487865
0.5745427798034797,-0.9241641534135028,-1.9831754714945848,-0.42261335575177417
-0.45148244747851024,-0.8822745620827951,-0.8745418941725608,0.31572333363708516
-1.045673269050838,-0.034868735452185565,-0.5573890965806594,1.6029276951748221
-0.6591469352269572,0.9203674461583304,1.1857524882714976,0.758029106758083
0.44521901026301114,1.0142283660740554,1.767385697145189,0.05355943724105472
1.0455783642371321,0.21788588649995186,0.505051354916064,-1.0630284480055228
0.8231357072312159,-0.6371284659250428,-2.0747109763151905,-0.694402598046589
-0.23956247571688005,-1.0277283823194712,-0.48533868729443636,0.5531015128624711
-0.9735242958715955,-0.44309266567414746,-0.2757707954367772,0.9201789548333658
-0.8852151988083728,0.5613132135628056,0.24199544504822812,0.22498376439373857
0.0679555321853097,1.1356215437427433,1.072682166700868,0.0038097560131217234
0.9669286543434922,0.619943018673005,0.8806433696125127,0.2079242999089298
0.9376483847767241,-0.5968338390331609,-1.1493233982386497,-1.4720548722058104
0.20136057501063176,-1.104900956295232,-1.3878396989436095,-0.05772277146829041
-0.8166097367879546,-0.7072546672135192,0.01313498165544269,0.8784187184822079
-0.9740477439823232,0.36870972417267983,0.707277267676889,0.8783453920022724
-0.2511945982586266,1.073538570060458,1.4260152280065723,0.014916844123779027
0.7657025792062561,0.662015025724437,1.0527813799800856,-0.49479448739868037
0.9788269493711816,-0.0749311672933415,-0.7323127520228451,-0.9943186798789841
0.43826775364052717,-0.9168657582151436,-0.7446930160167975,-0.4384802148822198
-0.6183394754448545,-0.8989851308014387,-1.3516182496542528,0.4198191363714948
-1.0848047367741618,-0.12257878824235846,-1.181195872381119,0.6436830853787582
-0.4833323986052121,0.903320508869082,1.0183102307211414,0.4404334448793329
0.47162740515730656,0.920790610318659,1.4323546382886787,-2.107781507150813
0.9127013061691163,-0.023293797811215017,1.1691348008060276,-1.6707181302013756
0.7068844565917303,-0.8266627540256974,-0.6273874818642478,-0.9718464499473528
-0.1911505100358028,-1.0282031214540865,-1.0016938007170195,-0.26228658555191575
-1.0400706091733662,-0.27880054991690567,-0.5756905749208507,1.099171526746548
-0.6381601273273045,0.7798656963321564,0.5363570069956575,0.6598931281857462
0.24163304231312296,1.0612684239398231,0.9417269816935642,-0.7021134024465614
0.9441617033600831,0.38030345872730403,0.6101400141833091,0.1757793211001457
0.8514112409873583,-0.5236134795588183,-0.5960058400806906,-0.5007056585519848
-0.05207134634027843,-0.9835701087702532,-1.7722694119675397,-0.14422681989535224
-0.9137469639776641,-0.5835688592936258,-0.21872337619587567,0.056830283774091106
-0.8515740589819082,0.42880271196973196,0.8281965282701337,1.8163404570222246
-0.04486463183486418,0.9788022967218977,-0.03309687381572432,0.2140309540202301
0.7655008117920522,0.7348846559187066,0.4512451842227305,-0.3078102001389543
1.0183116625248467,-0.2823325140163215,-0.18524413115463767,-1.2999768750284646
0.17485104654102462,-0.9902180232272605,-1.2309576920660994,-0.7929861718959252
-0.7621437502003288,-0.7596153998859507,-1.4346310193048417,0.23106451901153624
-1.1095323115059652,0.18822193343811808,-0.04903415278660839,1.0934528598407423
-0.397572086716242,0.9717156940613982,0.5541334775070211,0.9574598182996069
0.6165688354355533,0.8826226992930337,1.8154588813654853,-0.35279471121122175
1.0611725792887174,0.005263010696984885,-0.31187532087810554,-1.0534978930303225
0.5458297508734556,-0.9400911261353513,-0.9304616681363687,0.3761310749344132
-0.5337623883105929,-0.9326221175904946,-0.5490239334879415,0.7816170985042942
-0.9885193698609391,-0.03700403141583593,-0.12175496741782088,1.3411486624856568
-0.6197900933403592,0.8667817451060623,1.180817770453208,0.9318776782722449
0.2803134521092054,0.9624941611633229,0.7917230406626271,0.6122308370240781
1.0425908701650897,0.3178825167199667,0.6534120658697984,-0.656897279568377
0.6812349108071873,-0.8520836904435781,-1.1412213857713764,-0.31630085551000664
-0.21236467512519397,-1.0639074567101132,-1.2507430400837793,0.005219489925527565
-1.0454880884170807,-0.34623519269848985,0.7709806328552243,0.2483723230315965
-0.8042202012873709,0.5456191671501495,1.0281875093671322,0.2630788752593416
0.1366346619544732,1.0806327948971994,1.546709844751221,-0.38083074218754787
0.9211473268156629,0.5309446647593191,0.1252162026344783,-1.3461763684452028
0.9804360376886835,-0.3487084694412962,-0.383972460035063,-1.4056725244221857
-0.01968389244767621,-0.9170611253803467,-0.277610317922549,0.3483450159007939
-0.9500180544571412,-0.6892897592240615,-0.9228465029743138,0.3946529900678314
-1.1252135303590527,0.32897400818493755,-0.1506681858072878,0.34523618703972636
-0.37142058050522414,0.973525483373341,0.9596932175526862,-0.22194725923348924
0.7564898289387483,0.6452365746762779,0.007337387899892245,-0.6113360413377478
1.0600269920569638,-0.19686323774966782,-0.9650618344954881,-0.8566216261646595
0.36759077787954836,-0.955665362319873,-0.24882720366082772,-0.8866979552478849
-0.6800573487600498,-0.8517440782315384,-0.6280224059643325,0.6665551118150737
-1.0503604190115106,0.03652742635116079,0.0033427966429788736,0.901879711486604
-0.5183485168016306,0.9944938219330948,1.119875042249412,-0.44241496224724564
0.4634041645150162,0.8994504887808215,1.5211165659572907,0.038022213352081335
0.9532608375516236,0.044622861706650294,0.20673922122905974,-1.6455168592968388
0.6910965175587863,-0.9357133264366108,0.01432047950311155,0.026283141208079397
-0.31469132789011506,-0.8087352802612875,-1.758260224982662,0.27373582482744685
-1.0672584567471677,-0.25876191793128833,-0.6129265644211351,1.5357346398884586
-0.8351416519367105,0.735145312836788,0.3825478563199347,1.0816347014585475
0.2391177827135133,1.1129658694696327,1.2024412184236832,0.0647718438384548
0.9967880012762015,0.36072321974992666,-0.3879887006405014,-0.5658567371747864
0.9328009003184643,-0.628966702477504,-0.349973172436987,-1.2966643155204776
-0.11900458755942307,-0.9897673934160726,-1.0922557187923867,0.2696899792531726
-0.8941976945048218,-0.44440172273131817,-0.3998770423950593,1.0925453916147272
-0.9033922363450906,0.3548168244908839,1.23016433169868,0.15915196647164037
-0.2673747483870964,1.0002688345641801,1.207911308998472,0.981001316551971
0.9487182185139144,0.5703716606094464,1.056623349746425,-0.3645876970656109
0.9390300218652083,-0.47311706498506795,-0.4827729490478633,-1.7696595281496834
0.30746786673429244,-0.9569132432007486,-0.9227007787552097,-0.19679253056589574
-0.8374331439535914,-0.8205268434069388,-1.1329493108039168,0.7398661406008933
-0.9713674734851686,0.25953949670336207,0.9509638006253368,0.6719714702396452
-0.33249378183026657,1.0458197449429416,1.1255954513775928,0.3706655903918221
0.5849117499120037,0.7560895005029711,0.8664400752085977,-0.5477393070691794
1.0497016028828656,0.035211863792449435,-0.5376082709772145,-0.8956606308509011
0.4958025623298298,-1.0606364470117233,-0.7962224510318722,-0.3037754952649402
-0.49090010833228676,-0.917978071383589,-1.0745038969224134,-0.0925241993039666
-1.0552495746514605,-0.01665480216439858,-0.04920308991530842,1.119482241960644
-0.5959084452750967,0.6644003292950487,1.4388045433823953,1.6276107521622485
0.25291863226191696,1.0348439537472156,0.9931004121552922,0.16181143023761224
1.113713046901236,0.26265996251975476,-0.06025897343527209,-1.5010191865721103
0.8532437316997581,-0.6783886149784208,-0.8506365254197185,-0.9853185852878144
-0.31862649474014026,-0.9070739558699605,-0.9851100704695535,-0.3832980563045929
-0.862014895636271,-0.2694081696722813,-1.0357902303926891,1.2356534797989294
-0.8927247718014185,0.6165871008138023,0.7074114272085524,0.5046411856847449
-0.008377842043494788,0.9804025922413423,1.637423822518524,-0.8067709498451048
0.9136751288405959,0.5204172899825462,0.30172041234724556,-1.3043367695685406
0.9966719909070794,-0.5387599707080382,0.06143972014619081,-0.7184213767989805
0.14470818673153885,-1.0776104168652887,-0.8709329294200846,0.4554734223766921
-0.9600081414910968,-0.7102964105298674,-0.44230474008277565,1.4062744168129193
-0.8685612147260338,0.24960916219769166,0.9616854203371211,1.3754936720826076
-0.2569955378800031,1.055032583063597,1.30511075858271,0.6717971696745584
0.8728619863058545,0.8149471568130647,0.8657470060470485,-1.4961229209742914
0.9752019614716612,-0.37153083660706543,0.6299423921568792,-0.9130189915713564
0.40133914806918125,-1.0514188068692623,-1.188763146724398,-0.17356776968538434
-0.7272102275167568,-0.8815180846560502,-1.2389972025076605,0.6736325390680314
-1.0559929890080628,-0.02142422304143378,-0.26903967240863524,1.0749386023825755
-0.6534495757411165,1.0935832884089367,1.08769148654905,0.5637147973071194
0.41240469210325326,0.883106774881166,1.2392649960847064,-0.8473277046994238
1.0063266290518846,0.17021927947746657,-0.1481700702697747,-1.0185235006134183
0.6421623854619789,-0.8502704971115854,-1.4487677462757798,-0.8060030607095253
-0.40512294255284476,-0.9542600430355476,-0.39644681727929426,0.2726922469547499
-1.0474824021151907,-0.15014327894692714,-0.1426075263059451,0.794058394715026
-0.7511052996972474,0.7778107809188425,0.9399169219181464,0.7661026030427082
0.2902075758161431,1.0428991155883012,0.5132973548452302,-0.09351727728848958
0.9462285351626862,0.30825829427737905,0.8389205172865677,-1.022897101821021
0.8991776972454053,-0.6309677381584365,-0.6938366987909034,-1.3420477670891888
-0.11849822826527778,-1.0902070999485456,-1.5533824169432227,0.12955301472657554
-0.9075605543623927,-0.4527020250378693,-0.5923654639563725,0.3883888959267129
-0.9558348008076853,0.5823196047594961,1.0600959176201386,1.8292140351109436
-0.07125721325561074,1.2009531188075728,1.3623618274999039,-0.370449848586612
0.9427305147350737,0.6219606456579947,1.032090281296724,-0.6595048659435304
0.9988098616438417,-0.37888761576998264,0.2072395158387813,-0.7069724404414026
0.19300501460948347,-0.9878808104879442,-0.920472140425751,-0.5184433423030599
-0.6864322197883271,-0.8234770780440752,-0.25940287195788003,0.6917041670792462
-1.0844721029392153,0.24916010360697216,-0.04741978682677006,1.2688863490280178
-0.3192497434849199,1.0842106383656565,1.2799285507188174,0.07322979445648525
0.7119667822828281,0.7234425033220274,0.9436971727100835,-0.8129526673088472
1.077346759242058,-0.06495477853632538,-0.6519794426625569,-0.5586912591935619
0.6493057052932453,-0.9596310789920597,-1.3671437566080125,-0.7641576401696121
-0.4925067399225306,-0.9822621091736015,-0.3713771480137104,0.559852358527595
-0.9878317668941474,-0.06813862278251469,0.15844424053373718,0.3221233102760343
-0.6931743406391201,0.90473830307343,1.7136182715498174,1.5638584914312104
0.41042362301374546,0.8757595815335891,0.6911041295226658,-1.0253140110658092
1.1106600707847067,0.14146752858576822,-0.0923934746645455,-1.02568430638872
0.6716252473015106,-0.816984108741246,-0.7227429897359711,-0.5595357880224827
-0.32216734442628575,-1.0703103393569395,-1.188908856756125,0.6187823621258937
-1.000204751569511,-0.44396942911673387,-0.4464898527351152,0.9734259143247106
-0.8456707753022206,0.7086144011624169,0.6276208045559556,1.2606933788864239
0.18078592133779098,1.0393610411911745,1.2947050928483521,0.21875057874149673
0.8796225779655679,0.5488428081037664,0.3032998586633301,-0.6582021688087375
0.8331545190641173,-0.48221418597036747,-0.9251260833362251,-0.630400455643883
0.12147487254327546,-1.0377954452139042,-0.7083689707399476,-0.4491509401545246
-0.9683220945462517,-0.7099843277897838,-0.39019298531738134,0.4585566319608769
-0.934939295680281,0.3636755784906457,0.2251239767798341,0.378888996833425
-0.12511466113911596,1.0059681360196653,0.3169998540925324,-0.756218843714892
0.7611851887711458,0.6909827858383653,0.9406274163972539,-0.38843356892857006
0.9352983680235816,-0.25389650844409367,-0.3763454296184082,-0.9597184323389033
0.4286586022265101,-1.0627290027919674,-0.6047694691609162,-0.8161063693872345
-0.5865303553106038,-0.7895091337966857,-0.5607552451181358,0.7523194936698296
-1.036562390761806,0.14254903652597395,0.4099765216663609,0.9955284588211728
-0.513385162753024,1.0476026853762093,1.012070177358927,0.12637100541618373
0.560871355531026,0.9556919055193083,0.21963205105282602,-0.7605276184140419
1.1107362756079817,-0.006980042972777774,0.13172339515327924,-1.080211145437567
0.5331956429925733,-0.9148313325851419,-1.533327606586016,-0.704482646277006
-0.2899820265821875,-0.988757119721969,-1.8105308122612185,0.0991199841474999
-1.1083683344382804,-0.19399210390736288,-0.32625174987794603,0.9135818884284671
-0.7290625076024123,0.6458058419930592,1.0866362574906419,1.8882240370890124
0.1762631242719591,1.087718332152104,0.5519422889745412,-0.5487952289357534
1.0638303082421692,0.4678134190928047,1.268906647773459,-0.39744591410710445
0.8162019250803172,-0.7542153309809096,-0.4074906030661424,-0.04151330005277787
-0.027323041334121334,-1.0379962285609368,-1.7175888930786136,-0.023501637618299487
-0.9317443198978314,-0.48491890061926196,-0.34049361065789985,0.6348868414457978
-0.9967148283512506,0.505240373309617,0.6953942170662875,0.6674923917090159
-0.07567933026836474,0.8606476279868163,0.9840313799484826,-0.29668305402721695
0.8769307974062002,0.697570842415779,0.8818362694523157,-1.2454973042552424
1.054555000811096,-0.41335135713260973,-0.5046571611767436,-0.3865700422092458
0.09787050675494798,-1.0254148745390592,-1.216944275265709,-0.3266028548910427
-0.8229967665294646,-0.7409809438195429,-0.19850195848240826,1.0964785087089812
-1.2076644704808817,0.1464820858192018,0.8368821250487646,0.7153412549970796
-0.39697677634674317,0.9525913841992483,0.7141966941931727,0.5645461880494917
0.6485771853969162,0.7598613055822434,0.816935609791366,-0.46872526076534804
0.9751639616522794,-0.1789254979837061,-0.008603998234528731,-0.4472815544371304
0.4669862202382843,-0.8981649398772472,-0.7241710390280254,-0.255293572526874
-0.44803336994100473,-0.9127638412588357,-0.9462098155709366,1.1385836114948638
-1.149457510449948,-0.04562094802321376,0.23550624659422148,0.4631618802537985
-0.6033717767993433,0.9016078543508482,1.086266111594378,0.40575522974232225
0.4699201761911605,0.855650249790024,1.660845430895825,0.014091178648809044
1.0341849599294397,0.28074202437847834,0.2821997246573965,-0.8364851268287378
0.7838912105227938,-0.8046622926666445,-1.4985964455471545,0.026298577818342772
-0.13523644550926633,-1.1600740582445837,-0.0995858064431071,1.3640251991901446
-0.9213544650148769,-0.5126715489763538,-0.4097514830716481,0.7816345948901515
-0.8447837509553078,0.6993288018155389,1.3291552895118952,1.4873702426464632
0.1167203576393402,1.0739554155414635,1.9949923306117345,-0.4443381520478462
1.0227418267811978,0.5886122275806653,0.03198279560963302,-0.535086416451351
0.9559399502827687,-0.5290989716551417,-0.6604318716481822,-1.4225766356730651
0.002868083551266762,-1.0612756612955332,-0.9929418721753339,-0.5892673419959826
-0.903749054994844,-0.5238284979178205,-1.3922750781220432,1.2162055605324111
-0.9364938205572896,0.3538866608717277,0.8037884636181836,1.437498937010288
-0.1646019058197089,1.0168025385711044,1.4792618769744477,-0.3969858020500766
0.8208627714496206,0.7624480581968915,0.7701335884887217,-0.2940679160192372
0.9736402322644302,-0.255737217999473,0.7191643167537876,-0.9123226549106567
0.31954112589683215,-1.0790779546742868,-1.5045734094458814,-0.9535793993518665
-0.5928281397988303,-0.820666586008477,-1.1247596042937729,0.8619451600277522
-1.2032812267423378,0.09483757817172808,0.5370011649375883,0.8074384310068007
-0.42890049194268165,0.9013998470666618,1.319502433307198,1.1072672113101067
0.49781179541820897,0.9271814730756502,0.47559673301899585,-0.37088433494565254
0.9458973356718064,-0.09033908740476713,0.049841808386569264,-1.480128050856141
0.5681690345327539,-0.7969694860399034,-0.3319842570282383,-0.9115833212828284
-0.44252321166120295,-0.934424684855434,-0.9343818816559601,0.778973271564663
-0.9963580139065358,-0.14397945478089952,-0.17155721973662774,1.5020244421221807
-0.8997452233411409,0.7204378724177183,1.5219844155081546,1.532060807879058
0.12407100978180291,1.1150673529326234,1.5659713122251688,-0.25268466265878586
-0.99060968290377,0.36540231169995047,1.7296059315627854,1.725414105584631
-0.2661669503438531,1.0288784373730298,1.0118136480499353,0.5407490430937645
0.7656364597580488,0.690671488982177,1.0897875981805831,-1.147265489299835
1.1607331274890327,-0.17100762776745837,-0.04765867847338012,-1.043388234645027
0.40576324801302877,-1.0775889309147988,-1.1557096443698482,0.6567018551143555
-0.5868312298283243,-0.9266267855145945,-1.3536739845341244,0.45647563830610804
-1.1167616025689822,0.033569102557841915,0.7784736027642891,0.22689463730052445
-0.559810226683196,0.9004341033266995,1.1808361257071491,0.9124903055909228
0.5366515429685543,0.9443943303292706,-0.029530711596419956,0.3413735546060981
1.0560824484942029,-0.10328092588787441,0.6376914346449392,-0.9812287485516402
0.5808509840108874,-0.8355071240984516,-0.7757095699364064,-0.6756631805955865
-0.4866380913130418,-0.9832191536311541,-2.276883929336531,0.42954452151057254
-1.0553293376347128,-0.1732682115374351,-0.8334054248297523,0.23333814725047988
-0.6636521387372927,1.0017373005205468,0.7940969599699704,0.37826054069762804
0.3226881146847641,0.9080963636945776,1.136480940973265,-0.23409452488114213
1.018422193985937,0.22824458544256696,-0.6139050904645826,-1.497954488052838
0.8677153679056469,-0.7290307778042291,-0.7654473570719794,-0.1747946832892161
-0.016737731549408594,-1.161316655379288,-1.2733889508481357,-0.019046320839448683
-0.9247864549087865,-0.487393552510737,-1.103237919383424,0.8827428269941751
-0.9933850011848131,0.491239994072466,0.30221457121064776,1.1563009197626712
0.06647681263672398,1.0476621849340402,0.8334799346942792,0.3619347142521634
0.8846307188475042,0.6522859916584487,0.19740409615960852,-0.8753623213594042
0.9876819179465608,-0.4328593960908512,-0.18297771996455547,-1.2952416353251077
0.1749459294943073,-0.9979950477296147,-1.0544364847903946,-0.9366096671326735
-0.8711935491392958,-0.7314591146060607,-1.3529717085896424,-0.2802900053256535
-1.007676557208552,0.290288411208592,0.802894731955931,1.2856289708304691
-0.3724403509040576,1.0793636032308973,1.9246797200896537,1.10074933509132
0.779677103251734,0.9169796336519647,1.6574122609612,-0.7414248338837509
1.0140481580858265,-0.0309924494471535,-1.0160349621700997,-0.48425704088597865
0.4588588187340216,-0.8015731105275186,-0.9210972325208902,-0.5197343329055992
-0.5856801966425154,-0.9388861567615912,-1.5833675393523308,0.571657622979202
-1.0604028373483727,-0.12895654777689025,-0.082115453110998,1.1783320573917966
-0.6507088840356197,0.9493114246710951,1.9696832232574706,1.5093851119863615
0.3895102435163037,0.9575533222835803,0.8221363300514181,0.030037732472359413
1.1576267966752383,0.19347195072428258,-0.2717964042300758,-1.1988182437910722
0.7411604581771847,-0.8215093988560087,-1.2553721308148547,-0.5173616333589476
-0.23442408908938428,-1.0668340164104237,-1.0733043000473046,0.09679456184614077
-0.9767362069992291,-0.391738465645929,-1.149134155790853,0.009800424686698672
-0.745155574525428,0.642329473530977,0.871444791632574,1.6614644767628917
0.11535765462246603,1.0331757725028174,1.0933231344667167,-0.6468135009572606
1.0565875031670615,0.556488074597217,0.3473953440100036,-1.0497695347546303
0.936145818207201,-0.44956035859318,-0.5680051101325967,-1.1950345207711972
0.002777526634823887,-1.202822753510391,-1.4859329697901198,-0.17354753518383004
-1.0183122541611227,-0.6129337403485771,-0.258963661360776,2.0791920184117916
-1.1463423117431866,0.4622262453270751,0.45531944186850914,0.5978802138873812
-0.1378787257869479,1.1528503459502124,0.9686188810825289,-0.2098888932148668
0.8194511140404089,0.7502879795812787,-0.15225278314764945,-1.103593444277683
1.1412412434820338,-0.49916501136399755,-0.4982292345793582,-0.3077492392382111
0.29121823707095845,-1.0689362333455021,-0.7117667108371045,0.13131708949591536
-0.7211507088146413,-0.8912239771682102,-0.6491476290390424,0.03124675692302681
-1.0606883103849436,0.14187968619725255,-0.4132663603276099,-0.08389292461145462
-0.41649393034974913,0.8120269097568138,0.5468393427112128,1.0572627477675727
0.5518903227377078,1.0255935251962018,1.271770553175905,-0.8725850990326506
1.1415764370821457,0.040764135185315395,0.14484129436387883,-1.2278187858409602
0.5934500632614528,-0.9108710722112522,-0.8266108595712629,-1.7039213761926153
-0.41722450991053794,-0.8938345104987875,-0.5212573639906373,-0.043105335066678796
-1.0176925435612605,-0.12472223473307878,0.1723494942406123,1.695086163606373
-0.80772075753464,0.7039981355280068,1.2787308596533409,1.1465484934406633
0.42458983369433945,1.0198243982270156,1.2883802589570206,0.2397248454310491
0.9702543681200889,0.39538412946532514,0.9003076712958913,-1.025825784003593
0.8314290546932336,-0.6973690064190624,-0.24106752544172882,-1.0708771237841568
-0.20864661075053448,-0.9920433396640143,-1.1213744759750781,0.5798914140880562
-0.8585731483660347,-0.4966800473538148,-0.008669391512071689,1.3112410551144333
-0.8249382719941291,0.5915845807223603,-0.339810895672098,1.38975696499176
0.032984719982486504,1.1099275483515871,0.5215196490085596,0.08101069429084284
0.9517066995630098,0.5254826600759899,1.3608540085286935,-0.7403814397889935
1.0231409963418447,-0.26895817595616406,-0.9659227350739052,-0.4347213448739845
0.17343092541039046,-0.9905448355754514,-1.2133729510692477,-0.4607426267310166
-0.7962713684359678,-0.7096445028392746,-0.7284078588440923,0.46728213748145675
-1.0659655833076729,0.3370327123395036,-0.28861252396696235,0.1303915980062198
-0.4463071254341274,1.0647083688053496,0.4731619242707444,0.5075672499725392
0.742354606569641,0.8596180758962645,0.2501769612048821,-0.796683467108783
1.086866506440544,-0.15719873879329296,0.7524048764994185,-1.3382281384593386
0.41779245126688386,-1.0548633631689515,-0.9761608522572351,-0.9793216323555215
-0.4979374405737179,-0.9618534167355556,0.3590481634259829,0.40781870216308747
-0.9787114362269023,-0.022377094223349554,-0.19273220378684508,1.3468825751510398
-0.5354093373501843,0.960374479746422,0.5677951090020655,1.0794144570634705
0.41066541950834706,1.0071417193967034,0.9367739137704706,0.2378215197360356
1.1042697853625345,0.16096276910211887,-0.24516279429792953,-1.5213724288402757
0.755654647980997,-0.6754272253795581,-0.449763346342848,-1.0692206016810901
-0.4828104932667572,-1.092476104309127,-1.0189087587973495,-0.733085615170343
-1.0754379230229179,-0.21066835473349774,-0.7485172752938268,1.0842630147313526
-0.8344149850650814,0.6915287990223202,0.9952140644275514,0.9138749153159725
0.1358803707906101,1.1046953516583726,0.3261686946050052,-0.8805817594391824
0.9804437683731332,0.4691470753032682,-0.24754779725966847,-1.6666371862066058
0.8595214247760531,-0.7150865741650595,-1.1190808262155376,-1.3334262621937039
-0.05020266446708957,-1.2272913247756458,-1.193891571284334,-0.20235048174218506
-0.8684039473062982,-0.6366596576513234,-0.15837402601852124,0.6804610982767864
-1.0179929457976802,0.3659786756847564,0.48246306120956206,0.783788144380696
-0.1738855987438195,0.9719261864675889,2.2962674188381014,-0.005823227548918952
0.8803257517268968,0.6925821720066219,0.907495777777288,-0.09988908471049274
1.0194591078034263,-0.28297900680705135,-0.381588387963695,-1.3164561924231137
0.3511740214986795,-0.8780494152400814,-1.3369918073818214,-0.2905703728436082
-0.7348469239669335,-0.9072834918436276,-0.890093326565678,0.382759032537921
-1.0224758798976161,0.14264208014122912,-0.09612378741592265,1.0171300161975647
-0.4384151888160674,1.0255358351387178,1.5599080011603712,0.9121681460496661
0.7318956798710579,0.8195276178435521,1.2179280322878643,0.004451598946869639
1.0107390872953677,0.020245261648808306,-0.10529070390274842,-0.8741011756267264
0.7294476482965404,-0.9511537131048832,-1.1978060773194823,-0.9052233087470185
-0.505383139033723,-1.0020418448462036,-1.036736225822356,0.7844073370918886
-1.093010394313643,-0.23481591559904202,0.5807929809590628,1.3910454592037402
-0.7320533450013919,0.8521431720728535,0.3534330483295117,0.4321870463285099
0.3587297542996884,1.1302878669830807,1.0043601436792455,-0.4856815236438011
1.0454111548861904,0.33675085993260634,0.34033493083032273,-1.2185875439338307
0.7967747995816546,-0.8227313275989576,-0.0378098361005591,-1.354423819257236
-0.23496915820342593,-1.2506531669300887,-0.6397940730855181,-0.23530028096257372
-1.0165185102610554,-0.4728587498260862,-0.25542929120912494,1.437234264448825
-0.922689115552587,0.640730994269003,0.7550557173229439,0.49609555671215777
-0.015963618716429356,1.1749458202592407,1.6142527403443123,0.10430399920421274
1.0001906706747967,0.5044119277575901,0.7257626121182387,-0.9269958820427249
1.0626060055166857,-0.5070804223525613,-0.8913927508445857,-0.9089385730082472
0.1899179841673731,-1.053108683111429,-1.6585020750802364,-0.6152610699174854
-0.8754793648443334,-0.6934701583037765,-0.7537666168438223,1.1505597952880768
-1.0580621568385715,0.2859035873749952,0.1945940223017084,0.7511770908003385
-0.35648798158813005,1.145009417412791,1.1864872300192777,0.3751025263228891
0.8779201688102416,0.8076988862807967,0.5711435632971401,-1.4895108420472074
1.1067761823580193,-0.14161321526855078,-0.12587802543406634,-1.144483448322353
0.3886391353816116,-1.021902077483801,-0.6957866091210313,-0.9438874090357097
-0.6719304248145825,-0.9650343441114101,-1.3447459473935686,0.1319834992213692
-1.1711321174643747,-0.023119105151454378,0.032247880919823446,1.3208203166451964
-0.718615089779802,0.9209908814279201,1.2407349444619835,0.2313901978576305
0.4548363183701989,0.9758120244734713,0.8403370330038917,-0.665321701015783
1.048730370771505,0.10239453823860895,-0.16634691128791568,-1.074358779750116
0.7732044235827964,-0.9893795466788777,-0.25314111873682876,-1.267140634507694
-0.34710524966653933,-1.0545547443591319,-1.0878679078756537,-0.4197235460023985
-1.085663871916033,-0.3972023527912665,-0.235761764723727,0.8746770789708467
-0.8403220482564036,0.7035323356626221,0.7431657653688623,0.9751302849214871
0.12725779463711648,1.0699998926733316,2.4491047111235362,0.5964677017742182
0.99957362780079,0.5031748469034962,0.01567670924848441,-0.7482468808440484
0.933078764592326,-0.6124300920394126,-1.4380486602156533,-0.2676426244348887
0.1630079052860243,-0.9842832579156451,-1.4154258140806535,0.6000167409069557
-0.9585857170052593,-0.3777704938730751,-0.28788107361232995,0.5761615616264038
-0.9795399881662723,0.39934433133254565,0.3841259962568594,0.6217589977643895
-0.1444700729213399,1.0940455748798412,1.7256280095262606,-0.4441023487775164
0.7516509173027838,0.6600306182026757,0.6424545357926315,-1.3126955505324571
0.9864879745382236,-0.22445718077619012,0.08406333096202978,-1.1055120290192018
0.3045422349467123,-1.1110160307655053,-1.0825577442913061,-0.1018763584055804
-0.7286086856225475,-0.8716705485852649,-0.47024818095986465,0.6600074596092309
-0.9908696648993589,0.2367374631906851,0.5435802988080141,2.408573359412652
-0.42408972002607487,0.8848818991506339,1.2441116352996795,0.4834328060671522
0.5885260829891642,0.9821247205021169,0.7487993019290617,-0.8920629667163144
1.1074904318435674,0.11450127987360799,0.3198271159517885,-1.3747988933535582
0.5559322194167906,-0.9144247848183961,-1.03865739286259,-0.7523867485511582
-0.3942037826520147,-0.8483170204053967,-1.6522741597507111,0.572972077382467
-1.1690525464638073,-0.1427387664014996,-0.7671930563122553,0.6767485376523149
-0.6812540293714789,0.8666774070200225,0.07059583477763198,0.4481301714466396
0.3642239485654183,1.0457162566492728,1.4946701507069955,-0.5116526394271398
1.0747588929555383,0.33877028574313656,0.5638248447057559,-0.3684063547098182
0.7861943900291513,-0.7844945416351501,-1.7005885912867647,-0.1810901917306884
-0.08687661290721067,-1.1743729785125794,-0.7395805295226032,0.9611366710480462
-0.9745236597061677,-0.5922154267518531,0.4250639442275045,1.2023268322311111
-0.8722258291681564,0.6435989140351402,0.9524026053061796,1.5551850268489371
-0.04595790231143152,1.052927891321665,0.9849065728843939,-0.6016326826044438
0.9105541429893351,0.4720234106097493,0.4107531901422723,-1.4975803986796448
0.9899409213267409,-0.531622972627313,0.37679830516135215,-0.8654145488905082
0.28293447799371496,-1.0478007592837808,-1.5400345075438684,-0.10628456032210076
-0.7908218183232071,-0.6892878287264467,-0.5031108068162415,0.6755824944587807
-1.080632940035504,0.2975840831253981,1.144818201750596,0.7290167482559142
-0.25915605271759995,1.0290675594180636,1.5470376586986034,0.5172766699480935
0.6580930873328811,0.7759621183580834,0.9330668754626131,-0.9559127226124037
1.1013790705451088,-0.18612479834834525,-0.01735814234638866,-0.8283515709409031
0.4207423181218999,-0.8488697852157756,-1.2216593223681265,-0.3790598444125609
-0.6468166849703609,-0.8505121366454623,-0.838978493323907,1.1218870052429124
-1.1166584972909877,0.06654104907934431,-0.6918675147482944,1.5166382380920755
-0.5942675924583078,0.9211044510917998,0.45900424343234936,0.9130554360446441
0.6103588077755298,0.9864521385897481,1.2557044068286354,-0.726152037978865
1.0971434671485503,0.18867195430712885,-0.21718988355437174,-1.631607267440817
0.6912906880245356,-0.7411472296141314,-0.9382806533763771,-0.8896166529253768
-0.4053324879713872,-1.0228563213372492,-0.8671915176579272,0.44787182240613455
-1.1077438902240577,-0.2682447311441566,-0.0019100460534104968,1.5285547067733862
-0.8053363655109235,0.6776106634601582,1.6183098606933504,1.0452941302369494
0.16087248589230307,1.1429414117939163,2.031887941218763,-0.16893352620750646
0.9771869021601925,0.4209566538889417,0.4126228600702586,-0.9060842300871325
0.9118509597925131,-0.6005500608381388,-0.6045132466748665,-0.7678064390111428
-0.11076539837336649,-1.3162880016605993,-1.3634346847703631,-0.3555906871828207
-0.9279825039398548,-0.6829990974056084,-0.4951629598412166,0.8028011895247295
-1.0718021840878014,0.43156271939192514,0.6245942834406804,1.326974782529594
-0.15482924551955307,1.1431494986205029,0.4519915188203506,-0.4042179474170271
0.7568180986738926,0.5386140226853074,0.37807302252279074,-0.9651057995641127
1.0675050316851764,-0.36153084032785565,-0.6913333133151955,-0.33189337364610993
0.2583138029683136,-1.0444493958561902,-1.5650525184897517,-0.12700879742469362
-0.8219342710794716,-0.8136456527777244,-0.26554489360796907,0.8930820893967362
-1.0559216417736836,0.16222844642869932,0.3273606213742397,0.9893691310445619
-0.4160339803373757,1.000728433927015,2.546590491586876,0.6497776423727325
0.549966085695876,0.8363037059759061,1.317305443788872,-0.8320518180904557
1.1645478665489422,-0.11516701090260716,0.3984501869440116,-1.510163181334641
0.5917324474531306,-0.9579854432587243,-1.4610992652922785,0.36123239024222265
-0.5822471884968472,-0.9588564159958447,-1.2666334181076615,0.6654217925904393
-1.2164655166880327,-0.06180745101132692,0.2586547830409225,1.196640632099919
-0.7274805853759213,0.8485006210439222,1.0247608311837786,0.6200488579680707
0.3389084500399877,0.9993711087825624,1.0592238170867352,-0.1679896556499183
1.117706998833749,0.16426857656023702,0.602495127691362,-1.0479345539256473
0.8541370739222954,-0.8377469314046324,-1.1344762120585732,-1.1128858506104067
-0.17484367841338574,-1.0311935030941815,-0.5762155067141685,-0.008442419740356533
-1.087362018255391,-0.4872661746045174,-0.7251019268082021,0.8152169311352675
-0.8370478119767903,0.6496453551559325,0.3918190446423808,0.5919010472127079
0.05442210684375626,1.037725718561752,2.304376810077605,0.5349840313611132
0.855225035086941,0.5520356566466957,0.03429708785579688,-0.9823041646869648
1.0393157552394874,-0.6138256886414617,-0.44019697575935324,-0.7186508746755677
0.16650830085725582,-1.156611947710731,-1.4695436970293918,-0.5045019974142628
-0.843192463177178,-0.7504805365493925,0.2823939679566878,1.1932111292826664
-1.0389183555787738,0.449532465350447,0.3244509506091253,1.1759331302259362
-0.23656516343348585,1.1285619660322432,1.7508139327453072,0.4602566318347956
0.8864697421755159,0.8675246335576527,0.8075407740440288,-1.0702282531322993
1.0005762252123451,-0.16301063939361884,-0.20528256813312162,-0.36360869756258835
0.3227371943974499,-0.926456900527476,-1.4387507941591364,-1.7578805845941892
-0.5548638267241348,-0.7964299703764006,-0.3648048477407284,-0.05011884119986598
-1.1607094812257925,0.05806612337665718,-0.0335753842171338,1.6606949287619537
-0.6195181357211971,0.823138574405348,0.40991329273562693,0.5493651270020389
0.48689441878079254,0.9298382367060117,1.9308230456061886,-0.5125818953946121
1.200639800641865,0.21112273413332144,0.09082612877045926,-1.5359954868997843
0.7192014100387311,-0.8675589819313809,-0.5430179917299061,0.27765263478087554
-0.25367790419742703,-1.0474149434451407,-1.6978291093591316,0.9707352324669583
-0.9421463031415866,-0.3267233326199475,0.10941050860665547,1.26814282535882
-0.714531428967559,0.7825280215113225,0.8207923412918305,0.9187449697407629
0.13734258567818108,1.1092254446350738,1.3510119274710337,0.10657459494090693
1.0129434486045596,0.42123726009154194,0.2638487723198557,-1.2600253933481012
0.9123690389799318,-0.7766884943904506,-1.4180220526117575,-1.3181835459002007
-0.018506561227729812,-0.9935731397175173,-0.7579358628670296,0.16245787062364458
-0.9497466392873766,-0.5880041604704391,-0.4945774787529056,1.434759986928446
-0.9503837708865649,0.5665672186026387,0.5085305563544251,1.135883922185364
-0.09107072526294434,0.9606232352409765,1.4103585573932471,-0.3177749664899532
0.9151102928583394,0.6847664052661218,0.5623690969263151,-0.8264083722435311
0.9773421344721063,-0.39517639433111584,0.4516314100238039,-1.1406866371641406
0.292844245687842,-1.04389987131175,-1.206829049822685,-1.0141290392355007
-0.7626475351572712,-0.8205716613552405,-0.2402685015340239,1.0968001682211652
-1.0436817128082319,0.23862699109830082,0.29000567716133685,0.2833528166031343
-0.4734471111885886,1.0518496014951546,1.5438976297352027,0.9913113960278036
0.5583647450874033,0.8414947950670048,0.7509407789888178,-0.22709242491609327
1.0831160638938906,-0.0887670013440691,-0.5151144363876647,-1.5169269962691119
0.5640380807624567,-0.9424752736305341,-1.4724223968886203,-0.3254865477008073
-0.5995689030438973,-0.9760040914917314,-1.6756907211896528,0.29720054311495603
-1.153078442835078,-0.10179111736444277,0.2732060980935347,2.2396236914768823
-0.618801998462351,0.9745057057762722,1.056238474406666,1.0554054275639084
0.40733582713635474,1.033180543153744,1.163992658601089,-0.5672088265980818
0.9947767345314656,0.3012033733539444,0.23398182731795503,-0.6550918901844774
0.8077939619562495,-0.7008869461711182,-0.5885372117907894,-1.5773083509343722
-0.24869091007574612,-1.0759671239509958,-0.9177750214708902,-0.15909365751434978
-1.103662763641692,-0.35040762047770097,-0.19516448174695,0.709316048066419
-0.9366814313149711,0.6275485589332567,0.6408521156977209,-0.1045536517342982
0.06012469418650851,1.0317725385466976,1.4781185652698419,-0.49523537346565505
0.9688818242531875,0.49060018312031856,0.3239390344454751,-1.102301311324771
1.0635403357432938,-0.5700480945619383,-1.2419515120355367,-0.7965343336120164
0.19924036669145098,-1.1001728164296425,-0.6551496093127573,-0.7061534053065921
-0.8029822400188217,-0.6791943896747494,-0.11971795381500117,0.10029758086774698
-1.045321633064593,0.4094671524479922,-0.6712121915893998,1.7544464543575584
-0.26113902378269915,1.0526048012146796,1.1264421494595465,0.46002439663685557
0.850341316437,0.936456039649474,1.0822370111625157,-0.26487157974699915
0.9196552172080844,-0.1972270868202825,-0.4564908158664749,-1.5078594581361626
0.34928882939119704,-1.0655107069348215,-0.4941750842499981,0.39963813551816885
-0.683725327810643,-0.8260724800077363,-0.6239456644550162,0.9731855155578534
-1.0534881775261138,0.0009070463268830778,-0.7631685293679336,1.1000799488452588
-0.4877794476364513,1.0051950548317257,0.5923365112687767,0.4329127494752477
0.5256381146690321,0.9480463873756669,0.7217919805275405,0.19105424521938696
1.0036507970842077,0.026782175632862268,-0.930810710735589,-1.3931213229974628
0.6462726325666655,-0.907739102440016,-0.8779746631786752,0.14483057302900337
-0.4026828856316357,-0.9190919609592634,-0.7436236429258458,0.22865364829807944
-1.0241347033558232,-0.24493251436865277,-0.33187874194476996,2.0719504311087853
-0.8571901267180468,0.8684882743975535,0.1480323746664436,0.2261328676757468
0.11341888956317117,1.140656122166445,1.9542344164427377,-0.3181454437654202
0.9680036461943206,0.48792726569014744,0.7953950313096336,-1.3164158099356553
0.9441729552666923,-0.6087791406807246,-0.8484100016569496,-0.2583203884949997
-0.08708130332348202,-1.0228870064914168,-1.505597820410038,-0.15211978824876626
-0.9577980486238582,-0.49468121293540035,-0.31905072534205603,0.05639014658437247
-1.051370067494615,0.535905183513048,0.32095254636870074,-0.09559895796657503
-0.16331270844043488,1.109727464032825,2.035889605264634,0.5187876665000357
0.8531919516972153,0.7169033116690995,1.417611038243356,-0.09999877231572085
1.0043674797051136,-0.5014069317965418,0.6078882098432026,-1.3837950858382486
0.17324115962156,-1.1028167788844254,-2.030303610309699,0.6225355511329977
-0.7812453595082629,-0.7582829114950659,-1.4181021302404666,0.7944673685218351
-1.0068105095064188,0.2099797566935411,1.0526411390449142,0.7726219418482674
-0.3069765275708638,1.0850385887370144,1.194255518014553,0.38671985826927213
0.6783002047315229,0.9039609903584728,0.9858698069484306,0.2602588545184903
0.8439081872901284,-0.002751252409163657,0.12978340217487117,-1.6617872700708984
0.5325682145360143,-1.0233326120300628,-0.45593003094288237,-0.059453685495448605
-0.5886299516499806,-0.9647292740718052,-1.6776465152644982,-0.24722807355925525
-1.0725339606653332,-0.15616984932363015,-0.5192866273176588,1.2214911611710526
-0.6456543453407296,0.8590544674186583,0.26115552647282214,0.6717240206752634
0.3981992335298806,1.0736587031141256,1.2274105579460475,-0.8501156869149556
1.190654508136226,0.25363597577981806,0.048084609798154654,-0.8588966827241473
0.7797555615370226,-0.6785606932772702,-0.9273554519552912,-0.5750057806093667
-0.3357017974829365,-0.9828941325298837,-1.543178269195285,0.6589830566970944
-1.004548406276024,-0.49204924409024003,-0.8146152409527185,1.3687530543017785
-0.9330034621719446,0.5957453289171897,0.4378923695408654,1.85763049270244
0.1614847762149915,1.1032139830420047,1.491599734960381,-0.03558276191854115
0.9032791142245115,0.47579030418801704,0.6141358139228814,-0.10808370122357858
0.8134046526109893,-0.5195510017206827,-0.08902016412570934,-1.1673130463549708
0.10378802043781957,-1.0886193894321168,-0.5740058647450516,0.25494433400813254
-0.6739736873009716,-0.5476603828480734,-0.5426904217441381,1.1954293692405575
-1.0026000793440701,0.5092276465133367,-0.09061170557739306,0.67148932272543
-0.27495995000545675,1.1437028675301013,0.6206457980363796,0.49402753437715274
0.8030764878435658,0.7860544747009302,0.921188282064288,-1.029526057632879
1.011631569730405,-0.08166443684004107,0.41607329169268015,-0.5400553964970689
0.34310899934259087,-1.0147128348799221,-2.5230716031449516,-1.0719212871435528
-0.6119158398271249,-0.8839526319675988,-1.4998723997764651,0.459262743615218
-1.0454790334937993,0.1603121879321834,0.2579691044666055,0.7221929251609973
-0.5418175076244561,0.9028353591123265,1.113899287999265,0.7667545297969336
0.551852051019756,1.171491596200976,0.7000329639505323,-0.3031638673836029
1.1186673754196688,0.08748188611165247,-0.3914737901886223,-1.1834903905020862
0.6821041891561546,-0.9738612570886738,-0.5746868232234043,-0.15515013628089713
-0.3880530624839342,-0.9709412247363254,-0.8499080376979964,0.704876230437963
-0.9990968389050501,-0.2019190285373181,-0.3425527746527157,0.28988803213815484
-0.8621397949972435,0.7152120270491447,0.38194633413742574,0.24479530580866493
0.299904759422473,1.0771824752270678,1.5770441432586464,-0.3637709547818174
0.9463004193563018,0.4981543933693808,-0.002346855120561875,-0.7969409696114199
0.9778214607470407,-0.632304186773355,-0.05288236517476397,-1.0445909799638922
0.019576354707662585,-1.1506108293192194,-1.157067475820788,-0.19855942390420322
-0.9800293762467019,-0.44037012704305245,-1.0969232548743557,1.1966803425062433
-1.066951872923248,0.6395504251021609,-0.23240813337405575,1.2017252186460348
-0.11504008773620615,1.1839811061777534,0.9721265749362243,-0.9140636466642182
0.9767765626844223,0.7037094678976864,0.5538243857638331,-1.298721527577157
1.041316904211928,-0.29031331197897414,-1.0246135453977834,-1.9154322678888973
0.2309569059812786,-0.9704512539119672,-1.528027078260203,0.6474620887281435
-0.7021342608382477,-0.9278684802209343,-1.0459426887485406,0.4852889945051059
-0.7233234659336585,-0.9981800658078239,-1.866038958126277,0.937060708881462
-1.2483568375475942,0.12932156706935666,0.04914702395935944,1.1896432378520716
-0.6980030952950325,1.262727256261933,1.7228056694167921,0.48260449179068354
0.7166001463216096,1.1492294683748652,0.4011051147660494,-1.690031930963739
1.2849309404766012,0.11750314030946946,-0.13965099101614142,-1.1338739480651845
0.7366008202542494,-1.1055596645978207,-2.1125382556625674,0.21819914307072863
-0.44730821402866955,-1.2481096913879355,-2.0245382386652016,0.24886290555248602
-1.3390751200549698,-0.3282137265944826,-0.6942935682794216,1.592290087082795
-0.8581741445392157,0.8728935696452479,0.8721480601277282,1.2697966660556104
0.3225308658150387,1.1794437084827127,1.0032133623783908,-0.7436486456943636
1.2672160228099465,0.42214459039840113,1.0577882739218747,-0.8756941145353566
1.0386959227407502,-0.8001418226198829,-0.2600007460046183,-1.0859681672392485
-0.0656592463791863,-1.2389059265329025,-1.040199923623724,0.4624753273532145
-1.2337895810258552,-0.5756722483788145,-0.7325693605309858,2.0802128848863544
-1.2094084498539404,0.5855286865067191,0.6246887748605146,1.3859296862303987
-0.05293486629893195,1.324665492548071,0.9039022447240508,0.49709224025390686
0.952362639335087,0.7652082801859855,0.8746468094623117,-1.3676324946322027
1.2917784540643447,-0.5499651217962092,-0.7262666858885958,-1.7261845560620999
0.04853964411577333,-1.3202173202678498,-1.1240018831221015,-0.3804914334589249
-0.9136057153414702,-0.8892406698670452,-0.7207988880031779,0.8737313630439658
-1.2090299318223283,0.3732834385306506,0.7565315625010871,1.6685856683276135
-0.304260777857747,1.1910382887296211,1.1399569461783758,-0.012384092106599853
0.8689834660738848,1.0609370237386484,1.4976083252375554,-1.3010959036142689
1.1994106004661387,-0.15496655880777357,-1.0820562390264044,-2.0611986475379815
0.6010998876310071,-1.1056253089664636,-0.8435861932023908,-0.4038224324444195
-0.6452397803891704,-1.1875369981977162,-0.9520830188364138,0.019923748245672668
-1.3372747007982047,-0.04637242471443993,0.2965215354750639,1.415472097830626
-0.722754114906221,1.1071432941263812,1.1345679876964592,0.7460723759829058
0.45112503858363207,1.1257173468124981,0.7865302425633027,-0.9699426213151197
1.2361640549498982,0.20437232857295876,0.7597934218271041,-1.3719397003671645
0.9048658867058123,-0.8560104036920742,-0.8572954104578578,0.6711560438677122
-0.3464021309063383,-1.298373426502382,-1.5315782916599496,0.10008340499295221
-1.1960174995592512,-0.488138514652864,-0.43862781925054994,1.8689654154287434
-1.0527821163396012,0.8230235548275993,0.7841791838500478,0.6032917252900549
0.2054311407889986,1.2680661090886238,2.056121506344402,0.2940704129048832
1.154579351286643,0.5976864422869855,1.3107124813248427,-1.0971355980713131
1.0437887708766425,-0.639291065424145,0.7029868429436825,-0.6860703972192705
0.07841406770353498,-1.3456162094640531,-1.5198939840554637,-0.0014449528647408894
-1.0950471732224394,-0.9184021778016207,-0.9626129412577816,1.4649961038428405
-1.1263418272138535,0.5124601515300943,-0.2367521883109036,1.455985146620767
-0.22739691919064353,1.338282039599986,1.2946374487104184,1.350280220507012
0.9988257499894275,0.9049566050695202,1.2084165534058056,-0.8431804469104104
1.3387481912109884,-0.24386358076287362,0.7083886302471132,-1.4596299712481797
0.448333930735622,-1.2488181033388157,-1.1809710609740804,-0.6558350592504725
-0.7898217575812773,-0.9648576422828218,-1.8739252177743575,0.4321418506626318
-1.2519847486261537,0.05749286612321826,0.1905252878623287,0.7440276828136807
-0.5658449305025749,1.2841096615972878,1.14266015199194,0.689114538424701
0.7067109924174652,0.9813142327739806,1.1805669699757964,-1.2053164531276284
1.2619946206482957,0.09863534465811022,0.10412439323473133,-1.5163998145913242
0.7761687002892846,-1.078635058867534,-1.0869991644233112,-0.5938455782168139
-0.5388979094425171,-1.0905516185667306,-1.6459370462214662,0.30874457669565203
-1.3393024290710533,-0.23655046956203638,-1.6469270754456389,1.2317799274513364
-0.853566469754297,0.8533271707341451,1.2506757228932934,1.5485039681003347
0.3894321302355235,1.253465985375825,1.7516772543865158,-0.27267058012545364
1.3017045201755082,0.42462381311914993,1.0436858564488616,-1.3605593451129598
1.0082018246562585,-0.7818820480517013,-1.3866429235015287,-0.31643517756847206
-0.005100248315949657,-1.306832352984651,-0.6413914131273988,0.05783256951265803
-1.1049287126832432,-0.6437846928585522,0.023204021846753298,1.3678094766569189
-1.0885349975505751,0.5748269992058099,-0.17174694799632295,1.0660588351202842
0.0030271431338314836,1.3222772738846733,0.8825222677451369,-0.34422328028175353
1.0246380511365176,0.6242446157929324,0.8173134788648451,-1.362118651328063
1.0441953937629356,-0.4023665395134369,0.03954306286099718,-1.1748334615375606
0.2472595627309666,-1.2888389385355101,-1.442990863740391,0.007599777541704711
-0.9697624207927312,-0.8801314031572977,-0.9779538920346997,1.0910235089243503
-1.2029153720411012,0.3297789961456325,0.47959542257288823,1.3150995775741974
-0.4403210826863351,1.2177531995570496,1.8827465299302042,0.36921201936820247
0.8186740089274012,0.8806730481311136,1.1429279881036163,-0.5663431039406175
1.245502881968856,-0.19461337455707528,-1.2623381255276611,-1.4870084439922644
0.5649474303296825,-1.1270953383041946,-1.2057371391161213,-0.28827449336306876
-0.711048986611345,-1.0156109313190973,-0.42640856414956074,0.8971979783854306
-1.2679454131168642,-0.045939130302408794,-0.2809165846412387,1.4874973028091978
-0.7611023468533273,1.0417166207252817,0.8419370213172772,1.055784490454893
0.6552893051777866,1.256575888120526,-0.06803409281681938,-0.14712737807802467
1.24422107752745,0.16978442622623682,0.14342019706286346,-1.769572041127086
0.8294533422547616,-0.8716427195706082,-0.26059066736008496,-1.064939396419038
-0.3582520408446131,-1.3216331049856471,-0.6421461216863907,0.16232945477080096
-1.1988231683793769,-0.3163105069834674,0.539184843797792,1.946673158715147
-0.9636119707569167,0.8426836101633038,0.7142504354210222,1.2267050067947116
0.11752261387715485,1.4217279543052488,2.560215313626664,0.025321995169137468
1.1461172558006985,0.5100683211687728,1.3605916903873305,-1.095106024704466
1.0366869060465946,-0.7155029437793624,-1.246958147059416,-0.7504588382452082
-0.06626704815655059,-1.3570686524391,-1.2160089020055675,0.4533239921780208
-1.1642890014993503,-0.7058866118900583,-0.5775017469939125,0.8733317856810552
-1.1634056228358969,0.5551918250862256,0.5089665887371153,2.038572709233639
-0.2105203423552973,1.3150209059174067,0.9905708052124645,-0.37100718416027023
1.012259880540625,0.9073959656526955,0.40187069071669024,-1.3950451571184086
1.1834166319680428,-0.28115784485600925,-0.5189242533539329,-1.7841546100822996
0.38222627277394516,-1.3510974213783191,-1.175473458332471,-1.401233006516892
-0.7541870899330536,-0.9255883741747719,-1.6304443389263827,0.4788182479918862
-1.2928741578713656,0.18692168256161204,0.27844929772632976,1.2747108560113851
-0.5209614084233893,1.2414677892570418,0.8744458544477396,0.5950995413434057
0.6854835801210369,0.9772973007008302,1.3445950078643698,-0.44842495681815864
1.2277420718264798,0.029008637389604443,-0.17282944839573489,-1.192465033581988
0.5735308426067225,-1.0526043419158495,-1.6113895001835232,-1.358566548175049
-0.5022308590978227,-1.2118078960065553,-0.572348104119012,0.8427569802389645
-1.3207047246039683,-0.16029677877408574,0.05344107044781832,2.1542719705155386
-0.8890947288595817,0.8494760175760637,1.4259375855868428,0.5438553916325989
0.4177916636929975,1.3404797974077836,1.7421777565558576,-0.3650180114945134
1.2567381627337715,0.4372874470994234,0.003913999233262633,-1.5611363039779018
0.9485335811093306,-0.8316594595434987,-0.17999205597891033,-0.5871471224978986
-0.13552784623854092,-1.2332308611312364,-1.083660783952081,-0.23439608441722326
-1.1960978819534724,-0.5090921439173371,-0.1800448034041846,0.22380580598307276
-0.9950694752123481,0.6332120818201515,0.1790221178132756,1.7734211770360002
-0.04939977465466135,1.4138634941424493,0.7866791433258702,0.14842228350201436
1.0027385893633385,0.660033264863317,0.9207925323306265,-0.7394970425871683
1.1448206055647776,-0.48689848181919654,-1.2372100838823112,-0.3641991290293667
0.16635684518826233,-1.1985828436966344,-1.9997396327014152,0.2271369644033605
-1.0633428354349672,-0.757656383286696,-0.2651435279072528,1.8269005253595876
-1.239510376840506,0.29952132041410484,-0.05387730226210974,1.4167399109722156
-0.3452343249666333,1.2032554541319738,1.2554140161964205,0.4011715727506926
0.7437519844266107,1.0436835083023783,1.1201472133059132,-1.7496014674998306
1.385455462247359,-0.16648669091077287,0.08736172576787937,-1.5526086942754318
0.5235215779293344,-1.1698548307413479,-0.8871579298104154,-1.000966644054927
-0.611004419169767,-1.0918083188570171,-1.2296853354386355,0.9550155857454545
-1.0819920378742351,-0.09652016955804951,-0.37212075129967825,0.9704818342003311
-0.7346180252097354,1.0740737740004014,1.1533504224789275,1.073553852217668
0.48995592746698596,1.2365379880478553,0.6422641840664114,-0.6538642697081198
1.2252447765467878,0.17326971513015893,-0.05108452220965343,-1.606366776760495
0.9163490019008889,-0.9795396206934889,-0.918650880976139,-0.04831741402190448
-0.41065089342890393,-1.317393528882487,-1.2722691674708757,0.2591696540955979
-1.0949111707516135,-0.3788862731358918,-0.6873742408860417,1.0055591781541628
-0.8929001342692432,0.8271403535261835,0.542835826951133,0.9739864378958274
0.05382269838859763,1.3504007068938888,1.6144929362951026,-0.5126848329292066
1.288029944106074,0.7053499326099466,0.15560455831731934,-0.4453404960795565
1.1282718699973577,-0.6919832504608429,-0.779529482104428,-1.1091542814450617
0.09068720169198109,-1.2644050106737617,-1.1131246168052362,0.5550418886217168
-1.1840523976278508,-0.6973100219649577,-0.7509934399425,0.8016483386004614
-1.2387610061665824,0.5496934188330521,0.531538810434129,1.059950265230142
-0.19026701918733402,1.375775260285094,1.1708276315120572,0.35816809233905067
0.9169033625615535,0.9358322126913607,0.45716976807937737,-0.4085388041995469
1.3077502453637302,-0.3590716080279298,0.20493733223359567,-0.9602121362839906
0.4019889214986692,-1.2030882743157465,-0.8064949766339382,-0.6313751309453197
-0.7807890686313677,-1.0008330137964636,-0.9978032518659147,0.7507600468879078
-1.3165087151055683,0.23623325036308718,1.1910327444625357,0.7235816001521886
-0.6518403898308617,1.1348494150137671,1.3547525150864486,0.8415861365408017
0.6676577009505306,1.1496184035481656,1.5428670462716525,-0.6256361476139338
1.2608135474238764,-0.16820933084769601,0.3449187184933977,-1.2735274246401156
0.6350688477892699,-1.0413894101799674,-0.308468247991745,-0.4710257191002276
-0.5752500276668627,-1.1455031817330532,-1.0568044859300625,0.47187617128651715
-1.3027953155337542,-0.02422927811895867,0.5236543881138467,0.9603347711866583
-0.8270468149166115,1.0288283446144257,0.9546856715399032,2.0160189259656134
0.39350351386448545,1.1390498968497107,0.837769061884255,-0.27332037309888757
1.2409067374882803,0.25320579364202567,-0.041487136918064715,-1.3734177061136656
0.9864128384960626,-0.9149425048873712,-0.9353105087306801,-0.08794878677970408
-0.17094751019742244,-1.20527880415549,-0.793799843920753,0.14100857985891446
-1.171003287515098,-0.5720846187712635,-0.10409638374229813,0.6392972418480793
-1.0948784032944954,0.7951086115017127,0.9438463614050452,1.2346254116471538
0.028606142310902517,1.443331494468121,1.2968854142171393,-0.7219298815717001
1.0605969955953571,0.6694000428514524,0.13544094230412695,-0.8214628341104757
1.2294830762691784,-0.5108164052430957,-0.45527163847745356,-0.5555676678272677
0.05874287044992971,-1.27016297404383,-1.3662939852467315,-0.8049658881020028
-1.0263873040179856,-0.719697803089994,-1.4868832282919553,1.3820758113617726
-1.3796856346826003,0.23810540616350323,1.6173646802660513,1.5891914561224822
-0.4898335346837752,1.1955599080375687,0.8610486448561527,0.602727058078214
0.7993128414962867,0.9223495323677626,1.1173217312975774,-0.5563968881396442
1.305528007493241,-0.18399331028620833,-0.6705727054539723,-1.7285155844534987
0.6409479332413361,-1.1830765109248083,-1.423767736793557,-0.6191535446944796
-0.656356581557696,-1.0880671037439682,-1.2942039765658064,1.3192704001304012
-1.200645899111582,-0.04246814673815468,-0.03397152868511055,1.1455380475337333
-0.7026379464707283,1.0791184079498584,1.0729268221744004,0.3123090289291841
0.5850562760872613,1.0835526676496354,0.12406175569028788,-0.681240223297005
1.2818917111800059,0.19931157557672244,0.5176760596100849,-0.8385685838622357
0.8560519628309669,-0.9033923855503981,-1.0093530440267877,-0.9777089493358343
-0.3745994726869705,-1.2290314148979846,-1.790377983250383,-0.6419610130914688
-1.181874419635477,-0.45951535984122827,-0.8713179192655174,1.721449005465832
-0.8597424664315312,0.9867540887353927,1.5252657941344616,1.7277699203088253
0.20881712631032073,1.1724676835510006,1.9075625757305583,-0.14556437706575553
1.104587719909133,0.4948050340503237,-0.17863550396090777,-1.3159883633074678
1.0759593777697871,-0.756971930743964,-0.43840080502930145,-0.7657799433790607
-0.12830706388295002,-1.3348135543937478,-1.572104225997494,-0.0629876892782455
-1.1562701544841416,-0.7741531930750752,-0.2849201328937445,1.1678521172473755
-1.0889234629127598,0.5554113823266126,0.11111412899568962,1.633693750388732
-0.2560035288237676,1.382328134872321,0.5549123481133978,-0.4516390145465421
1.110216159329873,0.902332130043557,1.3268789518069835,-0.8787621697345405
1.2925386164178465,-0.31228024907461865,-0.37257792510060894,-0.7410071714969102
0.4858596084238531,-1.2644065800811628,-0.8595476242428807,-0.43123339394362636
-0.8235256587177242,-0.9938289435169114,-0.5424095718966954,1.1497579739887298
-1.3957773575568586,0.28536655344484096,0.20583276345966683,0.6037473321058485
-0.6174528065864329,1.0701813974082646,1.4577376689911348,1.024142363868159
0.7237077912051534,0.9979414043325678,1.2573416061882403,-1.4758363228520588
1.3632814347265525,-0.0006749667011857995,-0.30965926652141484,-0.9388101571200563
0.5826945369266472,-1.042556446256135,-0.5288730924669871,-0.8635585345438435
-0.5599069288166738,-1.123109334924949,-0.6421270370948912,0.7941312804077938
-1.3276547823950788,-0.08558856369735315,0.06633315154750075,1.3793990821217683
-0.6830914000386524,0.8809977852350104,0.6654096537462029,0.14135219830163637
0.39554030322909156,1.212453844909045,1.274373229283599,-1.1204953611121216
1.132692804051499,0.29512961252051667,0.7355267816442146,-1.1001629832795694
0.9701766987257907,-0.9845256106060801,-0.4969208953187193,-0.6585252620104881
-0.21901292196848265,-1.1425594392988276,-1.0384307164865745,-0.3700135587734743
-1.1198366968643363,-0.6346507579057306,0.4802266606358563,1.6194658138302078
-1.142925198226379,0.6505015487607234,-0.07442733922871314,1.6308616600169434
-0.1098263408436079,1.3572694347621044,1.014043852822785,-0.30843155694022073
1.1152940060806165,0.7714065068130105,1.035253692493651,-1.6241902654021803
1.1699640042674404,-0.5913906529494988,-0.8650779500597616,-1.4048829066565416
0.08790555451895057,-1.3158941526444452,-1.013391190292314,0.48507363040622864
-0.9398784186595033,-0.922285455515445,-1.5097839018486336,1.1986269101555995
-1.1271301908464961,0.2735959009350765,-0.07094960792110694,0.15518081655561206
-0.43292059334847155,1.2658246628727716,1.5246278752661069,0.5256056217693028
0.6955599451396077,0.930023404840583,0.667369593553031,-1.1213157169471881
1.170072814063581,-0.1444057668269298,0.16054268747231926,-1.4265204376567058
0.5692665792733913,-1.157790121816724,-2.525062666679879,-1.2493479883650738
-0.7628560572111034,-1.002993575809692,-1.0449316937769042,0.5400122905580007
-1.367720834370622,-0.017042969780637334,0.2499805964715729,1.193466170868161
-0.6881350107933614,1.0812589600934381,1.5607260641512681,0.127710007620776
0.6028195980766776,1.0793732456275522,1.6310764447045747,-0.5176764004748335
1.2717255288987275,0.14916981076670421,-0.3038837845778841,-1.2160644470986244
0.8121921047549426,-1.0477935467470574,-0.7688001006202738,0.001581635864713049
-0.33031819057963013,-1.2182031680685128,-0.851013990310282,0.4941241571535837
-1.2558296152641515,-0.2988303197688484,-0.19393778261293515,1.6018949133424787
-1.0629128663209144,0.9557245142734793,0.7176233643897612,0.9598554570346057
0.30261226901478055,1.396072015091319,0.906606044556171,0.23459525492748323
1.2772487254022915,0.45934828471884537,1.3204863635697017,-1.0129445684732843
1.160626691019972,-0.6315580443979496,-1.2872472363327536,-1.5396567840765545
-0.023814552028415786,-1.1534933605428173,-2.1381013136162297,0.3982521963396568
-1.1106755246376545,-0.7090104598505964,-0.3692962854446358,1.3923745778331476
-1.186228604493358,0.5568101160589476,-0.4762305712291215,2.0776623916507266
-0.13281327292064748,1.280382178845922,1.75439962159178,-0.12439462168440829
0.9379419720583951,0.7556591839056664,0.49203916987229923,-1.0907786518823863
1.2521941619798238,-0.4616934263204639,-0.3353090411733095,-0.328178032249504
0.2974405500187922,-1.3286524059155305,-1.7232911091234182,-0.2698942535223392
-0.6899505230317657,-0.858267119947368,-0.5257572815741457,1.5574463097253666
-1.318661218641011,0.2747723773303865,-0.3928336734097948,1.1651055310185838
-0.6013402451650451,1.187246116792509,1.148237932631857,0.6098211987787894
0.706877943018729,1.1227678576180578,0.42432819402214605,-1.4734765136344845
1.3815924250052651,0.1132559108926815,0.6958795286640351,-1.0765653514276916
0.7138782589280723,-1.194076704791557,-0.9029648985579986,-0.6433741775254953
-0.6493717344225635,-1.1610917112084649,-1.2147922806762905,0.4697733192649123
-1.2825515500360658,-0.04672948546065779,-0.7609628171285909,1.5878014540762613
-0.8837348245700003,1.073547609114069,1.0834802445403902,0.5415749053456148
0.49037354148827805,1.2631479545425721,2.065882039562633,-0.2728080355838969
1.3137926096127255,0.317301154529226,0.30938499754265547,-1.5520423439329871
1.0395366796688594,-0.809943038708567,-1.0452067345203075,-1.5798719933779364
-0.2881372432574649,-1.3411610597498127,-1.2962337879959276,0.08133368763966753
-1.231957802512112,-0.49465206754010616,-1.0899055536698254,1.0821569425390989
-1.1629634880908306,0.7132845832383511,0.6132135711630116,0.9524868718591145
-0.01022001832857277,1.2529863498998444,0.9719123372343232,-0.28518716307193825
1.1329777820338445,0.587994000124769,1.12907384598391,-1.3734481270699084
1.0122012498344004,-0.6069631066881109,-0.6081667825976322,-1.2434725156605198
0.1270506963672165,-1.3722232717377205,-0.8474145703297592,-0.52293505991167
-0.9587408833029258,-0.7996700528268205,-0.8624783164492916,1.2084381808516942
-1.2692878247043309,0.4931600713362205,0.8937104083756364,2.4564282765312173
-0.2607254219013846,1.2314913964923182,1.2650028190046716,0.028160923076477884
0.795605048891114,0.9283077506964326,1.14305092551715,-1.086398867626726
1.3073404673103681,-0.3186613629178009,-0.49885421744038316,-0.6721970159988567
0.5273413604913424,-1.0962387704362406,-0.8638962050318535,-1.044905449724386
-0.768564723904338,-1.139858504243788,-1.3610403176328068,1.448132997813533
-1.217227460456434,0.019455441974218744,0.2783496342107672,1.217521995296806
-0.6690861259897681,1.19563451331194,0.7714558495848334,-0.21060070651212404
0.4613099149784614,1.1148269880160586,1.0677680207107632,-0.367353302674297
1.2831814090674367,0.26708704934907546,0.1643387761669357,-1.3343697265424386
0.8423959663862455,-1.0686648953797124,-0.8390930452585654,-1.2331674121969216
-0.32389615624217893,-1.1843646448379768,-1.7367793228288337,0.2588412032274712
-1.208062066822632,-0.3806236653281225,0.44176780907041135,1.2621565263716166
-0.9960341956104019,0.7802583440479788,0.04556749642930957,0.41869590723906336
0.29532703394758053,1.321580949528076,0.7423903343029203,-1.305014446229933
1.1615609523373147,0.5444222886794065,-0.7639463902212185,-1.8051972511395677
1.0663318113064537,-0.7509320414508373,-0.6332582426657579,-1.6048306087923503
0.07042587305449613,-1.2740979238092558,-1.0157100947296709,-0.013758255131082198
-1.1451692937679006,-0.7214142135225219,-0.40719305185804133,0.5168819246942191
-1.0829875938367264,0.63541999226025,1.464704354072004,0.9798101070057252
-0.09945897850367107,1.3985741498539852,0.3626751795451984,0.2872314353609462
0.9420846118120783,0.8493411719777887,1.2474858477412136,-1.2176672391914745
1.3003684627889025,-0.4485667632812374,-0.7187394267356684,-0.8941397218611582
0.19473643856109374,-1.2014575629045967,-1.194463879056034,0.026081624176534923
-0.8207474018607885,-0.9284349346344016,-0.9798523133224246,0.9335406329520846
-1.3027008843609813,0.33034563453500176,0.6224271006415549,1.56502855313336
-0.49668117364492104,1.1769184835302378,1.4644223374143919,0.39960881015909
0.8483241415321694,1.037334426073298,0.11547936254889202,0.20140117490110576
1.1963952805812643,-0.0001538809033212185,-0.32837104924723803,-1.766354683015106
0.5808992865140726,-1.1449551136016967,-1.5738435556914847,0.17210319359122983
-0.6433737837815877,-1.130927534534384,-0.6812236762034785,0.24314964696266372
-1.099707330337035,-0.02285443298730515,-0.15038760190714817,0.43187619550064477
-0.8196211757663275,1.094020759610673,0.6443201557738426,0.4351887916864672
0.5144655356281617,1.2168366465808573,1.078461572427121,-1.8114093666663422
1.2462242658379628,0.4159743073427049,-0.2514197160998344,-2.2395520469389654
0.9915836226768965,-0.8411216995312037,-1.2094160962756983,-1.2448514831862423
-0.14714386765027315,-1.247747285894167,-1.2815022106801304,0.23532102733186955
-1.1559992105406816,-0.4543434573558687,0.3985373140754689,1.0927772180581918
-0.933175874097945,0.592870526812946,0.5006105550750906,0.873110083904523
0.10042431664019581,1.2291966545739297,0.7371641311232969,-0.5934338595377475
1.0210544315492949,0.6465527050104777,0.7861211015712233,-1.5283234061911926
1.1276583215116898,-0.5513270293886179,-0.08984992636774214,-1.6080437905829026
0.1286942805147795,-1.36120736914592,-1.926208764843086,0.3666948180332319
-1.0912877758138388,-0.7141065176551535,-0.958714258377657,1.6872454176348455
-1.1884407546383993,0.46319073691544455,0.8112743448153492,1.8541791252521393
-0.2526193335342237,1.155547074007834,1.521195799348013,1.436553242110139
0.9853087999923761,0.9718883127180286,1.078428373113649,-0.5333908690426797
1.2171477891849327,-0.24785471907174175,-0.9901126495485946,-1.7158036994425059
0.49678473836671205,-1.2389544619784556,-1.4588299059026784,-0.2916093317663593
-0.7578170294059937,-1.0127590577908747,-1.3853097919038904,0.2644249830867851
-1.3941555699577448,0.09988898063381087,0.22918516489566776,0.8375574269028457
-0.7055441304221577,1.0925874693297561,0.22630116345639273,0.6546671209578747
0.586349477614539,1.0664844517603602,0.8936557867227252,-1.263671881916496
1.269432762256034,0.07737396051554726,-0.1683218217611504,-0.23642295714420614
0.7168196525529648,-0.9249659480599146,-1.048952081117046,-0.492349736308868
-0.4401327840264431,-1.3472887133690736,-0.6463419586664898,-0.08997772839125395
-1.1251416822749642,-0.1699652957074047,-0.19327660402680635,1.145547232382194
-0.8834916737181928,0.8483366734430928,1.0377009829757349,1.4754873527593881
0.30762123678539527,1.326678969038766,0.31434946093173655,-0.3031471251416207
1.2311083572646293,0.4498847547459592,0.5088789691411788,-0.8752619516248752
1.053439450000363,-0.7427236743085274,-1.4289089061685216,-0.8129038891041568
-0.042465412424153914,-1.1986549926369316,-1.7375589204011332,0.7493745796740747
-1.1520119825061599,-0.553883501776839,-1.076058692351487,0.8787268548324941
-1.004682406026834,0.6944195885454423,1.83493578899662,1.337473851741231
-0.07144951910371301,1.3303249300262368,1.72468678859669,0.1293117656993925
0.9626758061052407,0.7411270381442453,0.9323914157998642,-1.2505817305303095
1.200282201929289,-0.3189896842453827,-0.10851460222054299,-0.5255864846090508
0.2017634606842738,-1.3311876653693984,-1.8656547951571913,0.008930369715181019
-0.7823109156110236,-0.9187498933540061,-0.41415973019972074,0.9936208303027966
-1.3642507651029203,0.3570797880605774,0.4399102711022318,1.3890362528660827
-0.40227050114946655,1.0931219763430107,0.7020739488594802,0.109497055716542
0.8877870705999994,0.9437629661736486,1.4184525470345999,-0.7725245582408946
1.2334504867476221,-0.16890697132538918,-0.5884653747658408,-1.4690633102854345
0.6732817948182767,-1.2122797525037188,-0.23016187111262243,-0.9874702808647551
-0.48938587382601834,-1.2806265708116862,-1.3864717862466829,0.7958285334379545
-1.4084040645442124,-0.23625311276325525,-0.22030682987991712,1.0240789422005396
-0.9624624181148969,0.93195708413311,1.112687162783902,0.5346294745137087
0.38255665559393076,1.318259582601998,1.4618287355449373,-0.47582619555856964
1.2480780244316712,0.4259794120934914,1.2981397056404764,-2.4810598467458567
1.0482656218621154,-0.946791268907502,-1.1946577698695604,-1.7995162360313692
-0.21430454066021948,-1.4665680068852638,-1.254055849509548,0.5168929797044342
-1.272609604036708,-0.5507250096465208,0.29769386289035027,0.4298104166296929
-1.0988179511398717,0.7579903839828355,0.32845707004562574,0.9968826851012436
-0.11102903162750447,1.2851281682317226,0.7893081402781607,0.7637196971209792
1.0718518531279475,0.8535450896110127,1.0650619272578166,-0.9285744867633905
1.4894501661413964,-0.5244948431009595,-0.8190386874943456,-1.1852888493503149
0.2156646446997518,-1.4525682692141741,-2.098533729459782,0.046680152561560107
-1.0184313803988059,-0.9645029863891276,-0.7249504858861344,0.24378478758359967
-1.4293794932691823,0.3113790399994701,0.263483388521476,1.0472320711233125
-0.36823445971476954,1.2522638563062307,1.7261674676882666,0.07396530696458292
0.8948882831380666,1.1421756301434958,1.073861417319673,-0.32889158007561536
1.337084757998567,-0.3820170171232611,0.16061122301097908,-1.8740896824138782
0.6282562250365415,-1.2443917971746061,-2.1898955251067247,-0.4762173532448766
-0.6226097933958996,-1.2451028345895288,-1.7330207251646823,1.7190789950016228
-1.5031465137535067,-0.0056216560698339295,0.17867575650081235,1.6301117496499788
-0.7749707337822387,1.267996712489908,1.8188724708637454,1.2112622655252925
0.5636813092608775,1.2725251914810292,0.9883870733520944,-1.452578893683224
1.290720042302185,0.20239484021789092,-0.2721188958104581,-1.0428580206525568
0.7923863971892642,-0.9430895347350627,-0.851184051399646,-1.505272966232143
-0.40852706030923036,-1.3971182669464388,-1.8494232026430895,0.1749495920968358
-1.3532291878077731,-0.5909969614951237,0.30813330799455807,0.8566066972335101
-1.125214396365666,0.9507357851512845,0.7292579105459951,1.2205027197053575
0.16696659051236168,1.4353034084413308,0.9015832971098284,-0.2591592148482136
1.187461812305576,0.5989714833620616,0.6439685775934445,-1.4645174759044937
1.2958379877479385,-0.7324586654092679,-0.5098407805312533,-1.6827493952442767
0.08379220578933519,-1.4413471879429478,-0.3555745769453348,0.9602953992034691
-1.0464406471707404,-0.8653085870193262,-0.524898339012555,1.1474486124380268
-1.2766332463102683,0.6082266718792296,0.5057100605795228,1.9873904648009966
-0.16598650685624178,1.418943394243183,1.4990635428878913,0.32275877568769484
1.046991165548939,0.8611910039843858,0.9595074305897755,-0.8787038047230789
1.3292797013061641,-0.3539488316870468,-0.7435747922428226,-0.29557034477586897
0.5528470887238403,-1.2997938689363546,-1.6909883066890803,-0.7530199021923756
-0.8211789282849382,-0.9624879801460593,-1.839083632087598,1.2818704988226748
-1.4107131498503729,0.06569676974660033,0.47129726921248727,1.9188792726171469
-0.6439814864325173,1.2085395986762588,1.6467800744726562,1.115458587806255
0.657566571673109,1.3203668040986194,1.0393177392244313,-1.122312058051358
1.4481602804234486,0.13161228842755684,-0.33733471998363296,-0.7740134226282273
0.8096001989695503,-1.0653170936130332,-1.3517060946046278,-1.7269147455283063
-0.5587511973500635,-1.2076278608936162,-0.6976878130908561,0.9285986457689521
-1.4458301740651958,-0.26197498281545045,-0.01648783933757003,-0.008817399729645209
-0.8415709310498976,1.2012635645232663,0.5493006813403833,0.6021170581334179
0.24987538622018476,1.3123545364218738,2.432863734241597,-0.14762500230270592
1.4110813543369027,0.3311290880167215,-0.5163392286163893,-1.8967061410923436
1.058612912648826,-0.9450457322817061,-0.8141483515186448,-0.8973635618002396
-0.2175961005474697,-1.5547482977522664,-0.7004630671912623,0.5746138920123245
-1.2999083189512344,-0.4768645315521344,-0.8103658473882647,0.27841626809940845
-1.1268610756763482,0.780106116745361,0.15802201077183997,0.39940428825367025
0.12269981302518214,1.4183510969820452,1.0892591800399987,-1.2271286693155226
1.1423174272347636,0.7790225922943059,1.1490291875153325,-1.6655142937145122
1.3362656131171904,-0.527235536063763,-0.4671664362825567,-1.2830811337479924
0.3894900412559915,-1.3190188949864037,-1.215226934996161,-0.07620436422583365
-0.8581904502779627,-0.9905567978044774,-1.169513817963087,1.347647701948046
-1.3902253550593,0.4478804344940433,-0.49269976743300914,-0.04236237051375796
-0.4080813131377815,1.3043163616742017,1.3652446867912778,1.0808939598185185
0.8575127604901418,1.0372489248926562,1.256566929505733,-1.060747623285614
1.3915112199501398,-0.0890783776145811,-0.5124704068882924,-1.2026851000493781
0.5799254559174797,-1.209828496771221,-2.437259409399105,-1.7979830583787237
-0.6612183335582128,-1.2912098221344552,-1.209775417936965,1.8987927187134428
-1.472417807577913,-0.1232026756448101,-0.6903886698561079,1.231684594371449
-0.789883590831228,1.2812968847188202,1.4756931301348701,0.861245711186801
0.5943418714611748,1.187280091571965,1.303294420669569,-1.4809102089720705
1.4153537219701773,0.32945349319093997,-0.16207129886311122,-2.189613284957755
0.9837506533660721,-1.0297299937251543,-1.5059685272636092,-0.0956971440168386
-0.4373396626721562,-1.3789633537750876,-1.97445251428733,0.1019028098595709
-1.3924515869396819,-0.37052871653301134,-0.4632663463811315,1.6285798790401207
-1.157713368303114,0.9198574627957983,0.47024667269445153,0.6631448149081104
0.2601928817592832,1.3883819347308624,1.1149509463874148,0.5310354230966974
1.2547694086093626,0.5637158659702546,0.22521321863614774,-0.6075804204764879
1.0428814024548438,-0.6802347647347793,-0.6836197106491604,-1.1214083959362275
-0.018773027184033394,-1.4359266851938868,-2.0934507877427775,-0.3139514012781086
-1.3257088221114495,-0.7319616638050597,-1.028063055659975,1.414162270237953
-1.3508214517283033,0.5675658203874047,0.7034442337715008,1.7724647817058263
-0.16759813338430538,1.2813056812341792,0.7235309133122961,0.04050366070364242
1.1813701567479062,0.9016435377281679,0.7668967422492745,-1.1870698731336693
1.317725923293596,-0.4550848305131126,-2.2551528055913694,-2.3537248011370524
0.3442340549635597,-1.250216165334968,-0.845670973268606,0.1275873961808771
-0.9694823943745668,-1.0051795639859138,-0.6005594786821045,0.8099442266113399
-1.4036740164744659,0.16149852738487108,0.0775179553951777,1.2419279526285532
-0.6564969698736671,1.4281602858687252,1.1083874861256238,1.0072655432097388
0.7777727616098692,1.2456531561055597,1.7312988685739827,-1.0172621630868128
1.3931704774512474,-0.021483196662773818,-0.30546360111596504,-0.740226555780786
0.8047356199882169,-1.2550199282661245,-1.4042926743091215,-0.18929419273518988
-0.679981440789469,-1.353156599936168,-1.1935994556959861,0.9842466205434208
-1.3656106734150486,-0.08450063947607828,0.4409633700161275,1.0317410331964
-0.9100692430612239,1.0608664246195036,0.23939679218042909,0.9807854323343068
0.3637264299737548,1.3155222640841049,0.8763958220154111,-0.5296928636690856
1.3446279690731062,0.36840362899485396,-0.6644070491234944,-1.8944289061603137
1.1102711419065656,-0.968608816660375,0.16349427390061066,-1.8729552816331019
-0.09628467039486804,-1.3275183990534374,-0.9813017208408604,0.6913337845117185
-1.2295597959878968,-0.49582622515352737,-0.6594239763483911,0.9945445550580109
-1.1904654557829095,0.8387596441309185,-0.658172362557965,1.0104905589742885
-0.06898985838879217,1.3574853453171165,0.07287821807191022,-0.8496716778831981
1.2728159559347834,0.7986032206151297,1.7742432797597651,-0.5163999909032962
1.3949571239951366,-0.5744955175879625,-1.145594360902148,-0.7602967670713862
0.36685073907155424,-1.4591720101591141,-0.7626297173492369,-0.11669820376755013
-1.1147598847578002,-1.0067526418009392,-0.40530912008337583,1.4751156952622162
-1.3512389037983796,0.39446236359634596,-0.28208011906670993,0.5591157543912547
-0.34395388437915564,1.3582810194219885,1.5444083693592865,0.33896788897777586
0.8929278191319384,1.0639085184847263,0.9867464010813154,-1.319982773785634
1.2957169639586934,-0.13041041524025315,0.024076677983363437,-2.49980625054078
0.5443586990860215,-1.2893845640897474,-1.0668840505888555,-1.1997536862284652
-0.8774000415779526,-1.1658590353300473,-1.4073366284558835,-0.3852728256065896
-1.3467225570969819,0.08464321960436556,1.0826986556655138,0.28092447349841526
-0.793847182962907,1.083630161358451,1.3917665298201392,0.1310070015659337
0.5851513351306166,1.194307024814796,2.265676375107042,-0.8070051430643355
1.4031261054314421,0.1959584679231966,0.6412963579084929,-1.6475645012917532
0.8523157809825367,-1.0983874822355555,-1.1222493154408308,-0.6895114489058662
-0.3403809227081794,-1.2555110423225484,-1.7589033716705633,-0.421562225232045
-1.4386079178925337,-0.36751231672975043,0.6746191012381542,1.6491907702180977
-1.1272786336970053,1.062553607843302,0.8587929258903693,0.8748306866343003
0.27315913666254515,1.502094813177901,1.653961371674401,-0.5461215179011791
1.2933827943464102,0.6477157750654536,-0.10421409156542438,-1.7392701045763077
1.1363086165326466,-0.6778582800899972,-1.6537467706640518,-0.15702879729931063
-0.10551044345686797,-1.3524399788458554,-1.872764582621505,-0.13553969454280557
-1.2604625122735325,-0.7276412915358682,-0.9589982859992741,2.039966111232567
-1.232899933495583,0.4799429343853756,0.8414123035897769,0.6839764398320819
-0.20690959918044927,1.3648583330015485,1.8468976189705923,0.6401058519488567
1.035639803519023,0.8687101014070059,0.605161361564488,-1.3402271275023558
1.2169584013025023,-0.41320166366367295,-1.1019591735440426,-1.0225469210956166
0.5365799346062978,-1.3121769218237151,-0.6200374994030113,-1.2361580850455645
-1.0007202726304858,-1.0405418149794192,-0.8195207238931768,1.3664021306855023
-1.3635805684879418,0.14323073730592056,0.5441371002104634,1.7072499236404008
-0.4561527471985343,1.1341133145403512,1.260124873066302,-0.020133467979360775
0.7072388893532289,1.0899728045595316,1.3882272930409412,-1.1904345726483878
1.4128103837349217,-0.028027546950261138,-0.3055295500897437,-2.29278287401719
0.7235823689271573,-1.2680145636928264,-2.103839063097715,-0.60280857162755
-0.6720725551537287,-1.1809343784394848,-0.48537962587367367,0.8820245258314874
-1.5315701863953022,-0.15314742161804812,-0.4773890968448402,1.1583229462582252
-0.9665592198389429,1.1087693662086933,1.522479889989805,-0.021949069373118357
0.4074417690378258,1.4489962330023116,1.1660797019909626,0.11099899296288185
1.3851597815312702,0.21501884499249346,0.8638962540819639,-0.9946352848651959
1.2288984383233752,-0.9946397165045135,-1.2966131285587827,-1.6347222595164235
-0.15823383829074927,-1.4543273952503608,-1.5417467545404644,0.6226608592713401
-1.3111057326259625,-0.5899246685942516,-1.026794849530056,1.2312397541075863
-1.116701298947101,0.7900392114189488,-0.008478159043080469,1.6924964503784738
0.007219102882709515,1.372215745464687,1.5618692339061762,-0.22295816901534926
1.2738864122031162,0.6917613673216493,0.7058059617935697,-1.6443626132711135
1.2083223995365788,-0.5512548059663325,-1.4704702638751432,-1.9321087620156367
0.2059246492558551,-1.4062990500152615,-1.2961501125350965,0.11509378504641177
-1.0473329953386668,-0.91043795569207,-0.45342032021421397,0.2303126283014445
-1.3234468750402324,0.5421975768560068,-0.09538114829082511,1.0770728460223649
-0.3450245114662553,1.4318445003140075,1.9089539681051755,0.5647156573030931
1.0596803266872252,1.2090578198630126,0.2779714339212297,-0.939842535472109
1.2416894624605097,-0.2568695954250425,-0.34954887334720297,-2.460886573041598
0.4531116686354083,-1.27228283859732,-1.0027854287683573,-0.32140402909163535
-0.8908278220661928,-1.0617930951751193,-1.204319152073387,0.1011573850990033
-1.460110063528136,0.1095108655099907,-0.02026693956081016,1.7165840163793602
-0.7365746450320069,1.3301400512446129,1.2559146089888595,0.7733997297632522
0.7146388675257032,1.2621730067268675,1.5975965255361035,-0.9625427408407727
1.4579837733954868,0.13538032631716831,0.2080474744844918,-1.0262836640462936
0.9354975287306846,-0.8825141949920365,-1.764214766800785,-1.0644474119198788
-0.46413267662011276,-1.3099910727232562,-0.9991170043962883,-0.274282457921019
-1.3679851270645045,-0.357024436805975,-1.5840024334388558,1.3414520550551738
-1.0463369386295216,0.9233755574703025,0.5152108370861253,1.289338938653201
0.2130072759416864,1.502188076527103,2.2069915894082763,0.1748678141462101
1.2999805938134614,0.5950776936317059,0.8407653587853059,-2.2816044702860703
1.1629631161391791,-0.8421718555091688,-1.0043430804598796,-0.4967620984154686
-0.12007194824812739,-1.456370243288976,-1.194251311710351,0.444047449656535
-1.189653724827241,-0.78105408933304,-1.7738565559765518,0.930118853189007
-1.1343635788491762,0.6446375741358031,1.108522447384267,0.8624028353911034
-0.0699899863799391,1.429721663423122,1.789321683105081,0.737341654006165
1.1537860363730275,0.7173296776942115,1.4080301282818775,-2.127866921618216
1.4388865787771803,-0.5634609261364656,-0.21755954949495004,-0.40636790739237705
0.3900639168683027,-1.4060018306484545,-2.262090414816572,-0.5263796119068376
-1.0305618948561988,-0.9925918487679297,-1.2531653518257457,0.7776454742576572
-1.4200269165540127,0.28915433212375113,0.17453144454431913,2.2644702441310764
-0.5025841972867039,1.1849081770884038,1.3624872512390955,0.11177233429296884
0.7062878488155276,1.1777084346061228,1.4013069230170199,-0.9108441003623668
1.3854601744170187,-0.0683044363562756,-0.36307698469170147,-1.1928888730470804
0.6243706457463775,-1.339412746967209,-1.467476622877845,-1.1646464489544273
-0.5797108659931556,-1.138352513076909,-1.2628126165664832,1.921721498478639
-1.4298773622986471,-0.3190955092982432,0.16870307901075243,0.7576920938330275
-0.8545685359144888,1.0825923827652155,0.37398431491200923,1.6727241662758034
0.4475520833047154,1.301448642867339,0.6606992819354429,-0.41881402712889204
1.3833537166347187,0.3032320008635104,0.39498883893807735,-1.8435735981629782
0.9640844845865708,-1.0517660294617088,-0.7870861894061199,-0.3438297369255433
-0.33630260495375724,-1.420419736966796,-1.4886220054514423,0.17350289717786627
-1.3220157046180105,-0.6337715681026003,0.29213446839768675,1.8151563231148915
-1.1577899676699483,0.7706119348500893,-0.20457951815264108,1.7938581430402405
0.09967114355114731,1.3437364922640318,1.097182350051721,-0.37257901408623395
1.1833700521676278,0.7535887979046546,0.7268867382021671,-1.4380931602246816
1.1314683009570032,-0.572864265348688,-1.16428874515755,-1.634374448696792
0.16728116449151959,-1.471660913389504,-0.5254348914137713,0.20884141977992376
-1.079000863863508,-0.8630768079471176,-1.5472755603157788,0.5440065196072491
-1.406089145529371,0.3672784163057341,-1.082340721773427,0.7144673936040665
-0.2636492198785945,1.4114053043546715,1.047330230386416,0.19817880804886
0.8572066009906283,1.0247521825431243,0.38686999621954266,-0.9581764934832615
1.4581887841170107,-0.31516216944697284,0.057977852858901446,-1.0952915123624798
0.5782493423277363,-1.191976957111283,-1.5906556535122824,0.18327703573573495
-0.8371809613320608,-0.9922900112641284,-1.0635439489056413,0.24429283446283923
-1.4291950055311153,0.10714090378350394,0.25473329210494167,2.508279857469196
-0.7308646295698703,1.286913459218045,0.8601485125554492,1.511487308774847
0.5307831349307152,1.154471541679501,0.9711453163703754,-0.23278327029905177
1.4631594179448342,0.19142168039923288,-0.10372442783319391,-0.9138699054213723
0.9178432485336642,-1.1887632653944098,-1.0181186599373298,-0.7541583984032141
-0.4806930962151607,-1.3481633690638595,-0.33406690515627807,0.4230430210603231
-1.5023617679539214,-0.307524124326269,-0.6261953451193847,1.5207113868170536
-0.9892085006041239,1.0156400741968348,0.674184990725184,1.4281973318811385
0.18352427920649084,1.4282096516867884,0.785661260979503,-0.8874387259010785
1.4215232690702495,0.5285063306971797,0.06534652985234479,-1.8207786147001548
1.2404439531993516,-0.9192883003342742,-2.1154714828219134,-1.917634599854815
-0.02157248803763461,-1.2837958033406383,-1.3157485305764174,-0.1266355466999114
-1.163120159003854,-0.6528758704841077,-0.7783187221323862,0.779506830646165
-1.319641375162803,0.6503847805186858,0.46410172245495596,1.6382267873824474
-0.120555328542916,1.4203565172723076,0.6022803284609769,-0.8142109574915923
1.0663645957016352,0.8993462966184309,0.3563840946186725,-2.0004785467790045
1.4072633838682238,-0.4667914241387494,-0.744829816831305,-1.2828616778285158
0.3378742947241678,-1.2784601308507337,-1.2930504979165724,-0.8629219421541834
-0.8144869391624792,-1.0368401147696125,-0.46643281715015694,0.6003289317759919
-1.3515931167522945,0.21015698765116791,-0.1232233175711861,3.02905561507653
-0.5788957939372663,1.1481266869764,0.724500896901088,0.8401003707636878
0.7515243287501576,1.143823544424011,1.4623758134819724,-0.8864135399361983
1.4760207538367618,-0.19099886790681753,0.9229159484979632,-0.7712037656162651
0.7578258403674751,-1.2432169116235539,-0.8526838383992191,-0.21764194773329248
-0.7175851364457833,-1.2732088572052898,-1.0875138486515583,0.4666565226365005
-1.5069978321026902,-0.13292604777416134,0.34352251984700044,1.083806459134393
-0.8636034710703594,1.0804059513883797,1.339858304848857,0.5127606209794677
0.5022270370107174,1.2965219780321013,0.7139649785048946,0.49926978560070334
1.3773560354327157,0.4035535614929296,-0.21787640767662042,-1.686689736292808
1.1006869895354574,-1.0769106359692628,-1.2384520208486804,-1.0063201907415924
-0.2683981918609622,-1.3024138054658536,-1.1209184379424633,0.1362782117826633
-1.2951987471130955,-0.5353893719573021,-0.48857845796632104,1.6759896048163387
-0.9988392005342023,0.8339021104711363,0.7067846287504187,0.9916774246725923
-0.042920692029336655,1.4337929146402746,1.2024919008736104,0.6209552379612782
1.2566507937087492,0.6404987508733745,1.315705254933669,-1.2922324585583989
1.2189234804192672,-0.7091739592903874,-1.0820176252961644,-1.7023188518165673
-0.000988286622451387,-1.5259039485013004,-1.7102971709999237,0.14082477815764993
-1.2100500058692136,-0.7582300548940901,-0.7308520749627057,1.0391495180586323
-1.3509418906840382,0.4574262234526577,0.5432010143816945,1.5282361617521667
-0.3712817395066277,1.3934646943510849,0.03466108086637526,-0.629153705373765
0.8328207022527924,1.0461260607169822,0.806992340720753,-1.2473449450326413
1.4153157422048808,-0.35529514032626086,-0.3957027454357398,-2.3409286486919205
0.36940470146359805,-1.3473024331060943,-1.0719856707744213,-0.21252295667319676
-0.8586293060053362,-1.1433360650742053,-1.7739114160357883,1.1237551663584533
-1.3858653940435919,0.028452059713978003,0.8002821590342923,1.5746290585170069
-0.737969992221963,1.3334982918628762,1.5176453534107666,0.7436436767925314
0.5707311034419452,1.2571749681895161,1.6458795821068408,-0.2538117793737982
1.3943297523162321,0.009331844020914498,0.5733804012058041,-1.6801415827686335
0.8074100220620559,-1.1918386469387106,-1.460356559741166,-1.1270648706985387
-0.48000212754348637,-1.3457624860681554,-0.6685106319668052,1.4719911846191391
-1.2700216139564602,-0.24741762863146854,-0.8621139782464426,1.0328472056363742
-0.9921616904601166,1.0963541538184796,0.5907413026482139,1.124233385661031
0.3226782917393687,1.521456435176742,0.97021887951488,-0.3554186832442652
1.377289043054206,0.5941634357718009,0.6458961978134248,-1.913711145317746
1.081420756939316,-0.8673185348967772,0.2902586686507769,-0.8559411936064537
-0.03663943301683178,-1.3785832278569163,-2.4942392973707763,0.07011013065029603
-1.2226581099283658,-0.7904888691244418,-0.3853561833609398,0.6848338651385943
-1.2023400127936408,0.5821672881065107,0.8285278850284528,1.7973614799020794
-0.1599054250572774,1.379231300790883,1.28288635314186,1.1420030186102814
1.1085023912271526,0.8623821354273621,0.7761097260300309,-0.3391816914837509
1.2973503872530525,-0.5025552591116152,0.3855708689026327,-0.959335705797606
0.3009764750961804,-1.5399688253446837,-1.859664925607975,-0.7811132731961679
-1.0457538884540754,-1.0321818923761108,-0.8518331928746475,1.3678275905263548
-1.2984806401828122,0.32135107114165473,-0.06777803225990975,2.153765766663175
-0.4486418332599591,1.3608345987730002,2.2426079725422596,0.7138397088798143
0.7337712040659707,1.0909339306802188,0.07211179619599661,-0.6554104736555599
1.2651462235187347,-0.07150395702864973,-0.010694985467574192,-0.8862801975816731
0.7237613933733842,-1.155094794018056,-1.2410126759844202,-0.5064347401122049
-0.749067819783101,-1.0533778735251096,-1.3622937863465523,0.23663678012731504
-1.4021501000207763,-0.14038888303690183,-0.5653431070124504,1.562692485269881
-0.7500671271838388,1.155103255587311,1.381918216835139,0.3605293961904954
0.6135771595149304,1.2605410343721273,0.8413580926220227,0.25298121905746873
1.4896909838466923,0.4020451948246738,-0.4510443218820359,-1.6882131529630535
1.0321797597621447,-1.0746691555834287,-0.8327403135579226,-0.8552292358207397
-0.3545490481875614,-1.4685129255116762,-1.5436446422091687,-0.2458233073338556
-1.3754373942034839,-0.5242670941916268,-0.6265142093338716,2.1502673452095955
-1.0791417467660853,0.8856524145509507,0.17180835439891462,0.6187649843425186
0.23984889238451468,1.3947051559561172,1.791410687883646,0.8940065454763124
1.1278695932351235,0.6950636008320638,0.16443004024008,-2.190393581530795
1.2659418223536913,-0.6161676510646318,0.435163571474394,-1.8378603682000019
0.05109718787321585,-1.4139362609787265,-1.5320522344427678,0.16951442582044618
-1.0764716391654245,-0.7882326828197862,-1.235621450357327,1.4632484454971255
-1.3078073410051418,0.47238664690136956,0.7795079775585556,0.6588408226332395
-0.3938940653774677,1.4348461367360814,1.3677305440676257,0.2224218740920625
1.0787963651648556,1.0238803087531179,1.611716561641049,-0.9857400531697996
1.406659940618276,-0.3816458877848123,-0.3472799769602275,-0.9300092451517169
0.32738075279676526,-1.3064038539288512,-0.9961331396733158,-0.98442139537394
-0.9452564219092559,-1.1157801567208279,-0.4310133704848823,1.8454769996101865
-1.3598431626974143,0.1636318263049326,-0.21949031862149582,1.5843684629093013
-0.6995110809307813,1.2474418920746384,0.6638633769071772,0.6096366656806262
0.6817823334083578,1.1015748496818818,0.4859366210191801,-0.8307763546421243
1.3871826190895717,0.09947493467091054,0.47327432826884674,-2.068770601507306
0.8857504481814057,-1.0749730243743543,-1.311443698431961,-0.465181137640861
-0.49177687884809806,-1.2301689734087944,-0.4454431623604893,0.5002059124963998
-1.3672732074567013,-0.2792218366559038,-0.07878993645740073,1.5090558328594668
-0.9145689783118724,0.9904468098232047,0.7072754888918431,0.3683229999088461
0.41462579716231907,1.4561877026117924,2.265760911433323,-0.7649552923115299
1.2386140282020788,0.5396202375857572,-0.3459999278203374,-1.0836019131778654
1.3729213670498184,-0.998892573641154,-1.613549966698925,-0.38995236699712166
-0.20142880446602246,-1.4402217269294755,-0.8431089484355816,-0.06346685708088828
-1.1058634052280722,-0.4464696368945863,-1.2947072195813947,1.4234758273518493
-1.2615242169726246,0.7065497901251087,0.2565893941060837,0.9194221026428434
-0.035258911124629824,1.4754413443936842,2.0100117184070396,-0.047752983777973323
1.1506143358303134,0.8945746068246588,0.6250472774303206,-1.0776429632148548
1.2855652533625395,-0.6264930022718185,-1.3907455028725269,-1.6226005742041045
0.21694439697585163,-1.506857714770857,-0.853038603749785,-0.45628328974035237
-0.9819816963761491,-0.893361210273796,-0.6851301927697151,0.25585820335771725
-1.4093054755830945,0.3382670362200042,-0.07771197642284511,1.4767248732593312
-0.5145349679548694,1.224295968011691,0.24700146719940363,0.4795921189694463
0.846022386353459,1.2460592077643353,1.5262831421953453,-0.5783476168816126
1.4680437351855147,-0.21485400735289215,-0.4251340816982785,-1.2884374082230095
0.6337724987964815,-1.2806358040758121,-0.5535483891266213,-0.6890600799125624
-0.7751505715324336,-1.173808151010687,-1.1167388769569713,0.6683997594943925
-1.4697221919881467,-0.23800139780633958,0.1728346542059389,1.3701829339619305
-0.8850730983363763,1.1612469058199504,0.8616371623355518,0.586868906391439
0.47911863991594217,1.321139553420852,2.271643764606249,-0.5012634195006993
1.4200344444582003,0.28818875806583155,-0.6430979517467028,-0.1645854709216632
1.140405689591924,-1.0570044549860673,-0.6616901172383127,-0.8815395360398876
-1.3710805321946866,-0.038622539929438184,-1.4716856964005265,0.9763990157461555
-0.6734202318653248,1.160002861642998,0.5344063700413587,0.5864099782224452
0.5528006810976565,1.390781934679764,1.4996538628222338,-0.04890697562175528
1.3024856429968656,0.28652144500410076,0.3022591022439003,-1.0106854068194435
0.8920351451735946,-1.1223900373135225,-1.6891659391199465,-0.9552224908880574
-0.2830124736855865,-1.3445463022066717,-1.901399709358469,-0.3996793115466801
-1.2330019329395805,-0.4666129524918098,-0.5149491293851449,0.29449546222709705
-1.0046121967115924,0.954976250398061,1.0533872365836305,0.5559646155299414
0.2096461685521484,1.4111729114223268,1.4439392563710498,0.36359347277670984
1.3550243304346126,0.6260429380114638,0.5433748289821905,-1.3328403021207607
1.1272810527252968,-0.7397787042087879,0.090317100196049,-0.9025056942174486
0.13573484962811525,-1.418378499678119,-1.2382683074154657,0.6719321779366005
-1.040382404382629,-0.7161978820968022,-0.9758151400606729,1.790792201507743
-1.3141325320356758,0.5409035033775087,-0.13215732925722867,1.0987208435738267
-0.2059873878485295,1.3754111704133156,0.8173198421259881,-0.12599860588005996
0.9916869696244864,0.976168471163412,0.1695621312834028,-0.6393639824255765
1.3434689085330884,-0.4653533847293237,0.4477334393502197,-1.6985983499269157
0.47680945473593783,-1.2711812413995265,-1.0696116881710884,-1.0311750569165723
-0.7780274240688235,-1.0992487805075326,-0.8218757698274881,1.0717335686004292
-1.3437687506728453,0.08390739041727545,0.39136815825086324,1.4399222501729432
-0.5179262209252633,1.3316396204656793,1.6347529801519411,1.2833425372688156
0.612735330210471,1.2179373628916381,0.9984319881496395,-0.8627132965788242
1.5549792972372458,0.019281228681488245,-0.17811759117200232,-1.6817233788844856
0.8361977135033207,-1.183578403356626,-2.059984820210819,-0.45483558369160404
-0.5229318059684979,-1.4047054533585763,-1.559953478558983,0.2624068273488389
-1.3581584376969773,-0.1452261165592732,-0.7092592959706778,1.3509181016203637
-1.0007719955258232,1.0862017404963364,0.41162465345325416,0.7475584172378213
0.3014276038433529,1.3345411554123565,1.8164796258899623,0.08791819938699263
1.2636518328521158,0.45490346334378595,0.5255835432663925,-1.4410878310971127
1.1392571028166592,-0.7857476032177838,-1.1142847170321635,-1.2122324402186901
-0.038040010423599335,-1.4887988143756254,-0.8512575930019859,-0.08686314249109262
-1.1213745005975593,-0.5611502094161256,-1.9979677916802285,0.7410878868013432
-1.2197843364191026,0.7826232646265625,0.816309259081972,1.4584829768608913
-0.12006382002765215,1.3561225258221723,1.638742741805064,-0.04260538952869597
1.1615474196583933,0.7647929837192361,0.6002697578577254,-0.8274803627811317
1.2827875227730399,-0.5743825718287393,-0.8270065311341812,-0.7637837528431729
0.26412437445769,-1.3748243295571358,-1.1052560114556491,-0.29728594484124904
-1.017357724917185,-1.003582910665196,-0.31354263068061883,1.18212492442949
-1.3698587535190774,0.392599763228971,0.28748585144178773,2.0100244075829656
-0.4013177581262134,1.2971842285463504,1.1352674053215586,-0.12098139532327856
0.8752046348959273,1.056199563473999,1.1259262317839518,-0.2878871591485177
1.3453081827522304,-0.09004337018116582,0.009001737939174914,-1.120693749278458
0.5623625174382891,-1.2006801880428095,-1.786968492646366,-0.5657144307858053
-0.8735869572164685,-1.1787766874201078,-1.6675933370396867,0.45454242921486254
-1.3433135685871576,-0.10775523301525941,0.0964891620116648,0.7821290076489781
-0.7838160988070647,1.0492713900416977,1.0462564313060245,1.5325937803760363
0.5953590940776665,1.4126871711861535,1.1498257559025187,-0.9673373095554583
1.4383891598542256,0.1332968428069648,0.3359807751788568,-0.9305012044906965
0.9339262776381659,-1.0668336146842163,-0.7683509215599016,-1.0751223418010325
-0.4569485434543531,-1.4396385127401348,-1.9017480054609337,-0.514503424300421
-1.245430896997859,-0.4276542516994997,-0.011968270330797726,1.595280912462861
-1.045620283012061,0.9934847891493195,0.8782178722954759,1.4167184280463556
0.07847866911252484,1.4826338562558032,1.183638602451848,-1.4662146748107618
1.2333729124157147,0.5051217426297583,0.849385413012036,-0.87319361596918
1.2145469235484434,-0.5686514822963353,-0.040634274912805246,-0.4523233499450391
-0.0395814646875719,-1.366061802771326,-1.796533617746267,-0.8396875527128023
-1.113003975015259,-0.6630936242507307,-1.337260648477605,1.1516720761539117
-1.2996880646698739,0.5748549285627245,0.14915344691400656,0.3506006904274045
-0.22961144050826318,1.3720537791126133,1.146033065493902,0.7455723526998903
0.992876644369919,0.8615462531105845,1.5616609332906455,-0.3219060706075655
1.3479994514133629,-0.3021832967696322,-0.09877932317699845,-1.6602639864019182
0.46617138973776806,-1.5044920872938878,-0.6287183753759212,-0.3886468887317429
-0.9506444145602146,-1.028189322498352,-0.8887529266201566,0.4727863049589137
-1.4570768883832175,0.12394017816895227,0.16347024518983844,1.54767775350987
-0.5376600118395249,1.327021972499645,0.8318273309408108,0.6424131270308309
0.7588884072554605,1.2780784851855769,1.8129684358858738,-1.3322734805029135
1.3695528852287788,0.08231055351571251,-0.049494236987613904,-1.4485134909516142
0.7101802583361065,-1.1546488605485323,-0.8559064825455487,-0.7027713178020922
-0.5886109460617461,-1.3764434184875065,-0.818098989607598,-0.2570991600720529
-1.4097792265209057,-0.27764880998874364,-1.1347193523208199,0.7903046193609322
-0.9612312194055762,1.1424978788999085,0.4308549362546632,0.8750302591897563
0.3729467889239202,1.2516153879577852,1.1365898835748018,-0.7413249491843121
1.4514796819373166,0.46828670898507596,0.12922619566782312,-0.6669997384346913
1.0250792360728909,-0.7937710948301686,-1.2988109969310706,-1.571083073107225
-0.11884861085566141,-1.3705659018594203,-1.3787746769249154,1.1094222154826527
-1.4712978095479468,-0.6648866704723846,-0.44834206071821203,0.352711060857156
-1.0901679833752127,0.6215866116001282,0.9963513750956443,0.5317304452368138
0.023834555871478712,1.4394662882758114,0.7406264229623751,0.6781498309549916
1.1775423484960024,0.7428629102034263,1.3473773192747929,-1.1412716245612913
1.294577056546418,-0.5780641056505305,0.3550843732561515,-1.009653209894263
0.21426635674129388,-1.318359286530091,-2.2252452130250258,0.4130595814568072
-1.0344651683072479,-0.7909157024003215,0.058906756517910774,0.8143961489115731
-1.3290430520831917,0.4284738424651383,0.3688266784173466,1.5451398924959008
-0.29196894848166866,1.3854899847812334,1.3964857088475884,0.3229004512990896
0.999533750067996,1.0477938949921375,0.33224970182026636,-0.9790304949528539
1.4909124438764905,-0.23542752678439754,0.5361552216585153,-1.0159188797688428
0.682748462493948,-1.3907157084310464,-0.9844366207852109,-1.0255480528781735
-0.8069423682980248,-1.2409957585076619,-0.9855265583804529,0.5092033660488904
-1.408176276580896,0.03867571649909803,0.09966500177755244,1.7177201362554297
-0.7231936409293199,1.1070514399814562,0.7165901995539287,0.6667561603960592
0.5751247307796207,1.2830141275595581,1.6033978983856882,-0.3674900174834761
1.3560230738536803,0.1323807375630936,0.36900405818903304,-1.653780195997615
0.756300668513789,-1.0367234351117491,-1.0432728580505894,-2.057398013126175
-0.44746627213060164,-1.282191620041616,-1.7493187438067253,0.6172964093665312
-1.4160368147048734,-0.3365283290326165,-0.11155179118967129,2.250324839285195
-1.0266340317675373,0.8324664597297089,0.5223501179364187,2.1134692577676706
0.24839822726083297,1.3512286073058022,1.269720176565882,0.7548239424746628
1.2528960325756537,0.4976274916327265,0.7682079023860766,-1.0964860128807092
1.107524978091567,-0.6707148113505802,0.04289252731160098,-1.0743629176111402
-0.09121480151280077,-1.2779808964077177,-1.8340935818550734,-0.10242507655537025
-1.215887734208061,-0.7723240594307628,-1.0922789318177795,1.1865937042429398
-1.368959646696758,0.48108756226094157,1.2457009083356463,1.08023473245894
-0.18416326274382763,1.4900884175646982,1.4835146736660825,0.21049051834430843
1.0953337128125733,0.9182254507223292,1.1753719953123531,-1.174526565595393
1.2973060435416675,-0.3641206671623627,-0.7510022411958139,-1.046908236421117
0.3037121848391888,-1.3714733782981523,-1.0924439893878697,0.7895933182234438
-0.881499053028326,-1.045098795054716,-0.659945686889129,0.8789538468879687
-1.3081443401540152,0.2072620574174334,0.28988559737920583,0.16654848536390515
-0.6472551957487859,1.3596235151664566,0.7355474284025737,0.5958119985582444
0.9242825379814844,1.3313566165230095,1.6946111814879044,-1.6018327219670325
1.5012449903399934,0.07480851403475852,0.9202555725011974,-1.187285981865105
0.7811679830504803,-1.1644978866281224,-2.4291197749536653,-0.5154170479226594
-0.4999959416579558,-1.2983106824758066,-1.5881620681796293,0.07837065230935747
-1.3946581731786856,-0.05115336452254085,0.034051367865475246,1.4774414814873882
-0.9519356694541792,1.1562204582998403,0.8487170159677937,1.035353459822801
0.44737034566170697,1.354201005017106,1.588667358401034,-0.7341388241922675
1.2103975521146584,0.4241849819246993,0.47407745947138147,-1.892732470135533
1.0585831789987303,-0.9610655005673083,-1.0777792982388223,-1.8903609268176336
-0.16567335023097385,-1.3209085806238297,-1.2070165818627339,-0.014480262659851695
-1.2798519194249516,-0.6247323470103674,-0.3509916559686521,1.6645216797935363
-1.0029998703504528,0.9014643910774363,1.0562506621386603,1.4872122387304347
-0.007606185430134815,1.4198014242512071,1.8504864152783578,0.5933993513380764
1.1911191478525895,0.7254328871486893,0.64567972393199,-1.1354298047986866
1.2737735392151515,-0.5447181599835018,0.8966070327119935,-1.5028706448658187
0.10390826495734283,-1.471686077750809,-2.184215296576333,-0.8635428873595308
-1.1152681006993805,-1.0785632760802795,-1.1659683403098153,0.610949573507466
-1.304129586209089,0.2872836180849885,0.022445942938265073,1.6798881269146044
-0.38877030332464796,1.3237845724918185,0.5423362608405863,0.4209062588669299
1.0159854113346996,0.9562242645936446,1.208481137791632,-1.2575573505744124
1.42708980225312,-0.15090585316599123,-0.017727069419152253,-0.9707078888798832
0.7458378362643765,-1.2866149585811613,-1.6869877266776194,-0.6778924968317745
-0.833260156160711,-1.2269799082815518,-1.5238732294277424,1.6047636610887972
-1.4362198574739082,0.004062533888244485,0.4919737160232729,0.794889550846758
-0.7117518720114491,1.151333155669732,0.9528652310596913,1.1379200787183186
0.5444403658516099,1.2730856680972413,1.1973983368016035,-0.5309939625618865
1.4323730904386422,0.13918821187980526,0.6642391764915401,-1.0872473785026717
0.8258036609334066,-1.0395288066356725,-0.9595634112516638,-0.8707774013143932
-0.303363526628613,-1.391717628616319,-1.271829481362553,0.04125353001972698
-1.383175457920227,-0.3810443870245699,-0.3381210092921427,2.031833997960655
-1.1038022366985571,0.9706769964123929,1.03924285996893,0.7344767064273955
0.31688000639399566,1.4543274191405886,0.5190778031008338,0.022182892483681993
1.1947688912276784,0.640654143973505,0.42146010361395203,-1.2036134353435204
1.0513676381755752,-0.788845541457559,-0.580739768725117,-0.1786013169430306
-0.03458918603248924,-1.4653885638095496,-1.2383562708036362,-0.1274485395547087
-1.1198002958646724,-0.6071608371379583,-1.1476400635916517,1.596724780724768
-1.1938942529553274,0.7600680393471165,1.4594500122626464,1.5831450655979924
-0.14717473392922706,1.3617316557421748,1.338393492061552,-0.761467277276443
1.0734746937765456,0.9682585291059568,1.4372455822529229,-1.1593310767372023
1.3932745684346424,-0.4245976855243933,-0.6595326121345879,-1.0389957481511032
0.42224966591840335,-1.2607572246251693,-0.6409395487286712,-0.8753650527777379
-0.9568295520474206,-1.0989869956452345,-0.7111268057783282,1.0035556280632056
-1.3534921839981457,0.16112260445412058,-0.05915021465770609,0.8402375839518833
-0.5232884987070825,1.4515983768847827,1.209015167430079,1.3680193825606757
0.7620304316873168,1.21622588450702,1.4208484070203258,-0.8306383881154678
1.4002361686651421,-0.07812733362696009,0.6289509897678902,-1.1600739844990726
0.6217119289702956,-1.2232724403781594,-1.7688102267497523,-1.194735293979562
-0.7046564836951595,-1.3046386876675955,-1.7324360003694554,0.31698201467878495
-1.427599581805297,-0.1566388029827143,0.050407928201152696,1.358384828323677
-0.9503097818105419,1.0934978623320668,1.590569311884964,1.5377934328132348
0.3395084837975816,1.3130562100750953,1.0142788660696196,-0.8700504806655973
1.4129490744281423,0.34195197089685686,1.3056352208960453,-0.6113384383628014
0.9146332201302623,-0.8998475344719307,-1.529176977154824,0.20485577931175114
-0.18187441734099996,-1.4537104957569327,-0.5991436695596748,0.16781247978396752
-1.3682528469693973,-0.4489686978907836,-0.19968589001876147,1.8172274222117728
-1.178208540448206,0.6841842087281635,0.22773639456902472,1.6466606709485854
-0.03542917272448713,1.3308026161016813,1.1451569255631335,-0.6818488187924843
1.1650361771862747,0.7100688785185442,0.47570347228633736,-0.5117905306651555
1.2702592517612044,-0.6481957174928441,-0.6846695286475124,-1.6330974710992663
0.12101458316893005,-1.4410096732372997,-1.3598439185035875,-0.5444596194965079
-1.0294063524960648,-0.9005129423963134,-1.4171943137964298,0.37517464327830263
-1.301322256611603,0.379698259699506,0.15232070054124636,1.1704694926509156
-0.26316566749377734,1.3898416699231395,1.346168958980895,0.107058673034367
0.8353109489013548,0.9749220044865115,1.2020057483888824,-0.4121310365626696
1.4087900910071443,-0.24745943583726765,-0.6501055618050489,-1.7460566671932178
0.6093996065269768,-1.2917918148708,-1.2748951713113776,-0.7848206908471622
-0.6806096559980455,-1.1785128730706538,-1.5410590528044332,0.44336138001160097
-1.358297245073327,0.1516569362032334,-0.8933984526622041,0.22569740753901288
-0.7799218277442274,1.257810456244286,1.736729353934332,1.6747692507137457
0.61050522259107,1.2398128130391437,2.403071023907817,-0.46482709959568935
1.3792061355254361,0.21046961558568128,0.21694113908380386,-1.0919675970626195
0.9093492878934396,-1.0951200656373092,-0.8458319220851168,-0.7522398560776333
-0.5031940617804768,-1.3656991860398002,-1.37562183217827,0.024048802619636156
-1.2080101022113443,-0.40956882217264917,-0.43873217033354894,0.6993416747471715
-1.0432634231838687,1.0446973577746095,1.458117850254465,1.2924994030430796
0.29577522409289586,1.366178074518079,1.7382712844873132,-1.0128048486227947
1.3966129933252132,0.592502081066864,0.9603165228154997,-1.283805735651477
1.2066830390425614,-0.8755930049733924,-0.32842745407630325,-1.361378850322719
-0.07358981007244136,-1.2560898170334847,-1.5209616250164073,-0.1862848740448686
-1.2738045284619393,-0.8647819907840968,-0.8260958263258922,1.7144032963080058
-1.3488755850824312,0.6926119587503802,0.30880742395218097,1.564094678503797
-0.14263445610424497,1.3727880917722342,1.5287978912331197,-0.054468828853883045
1.2583166609678327,0.9098890027521925,1.1205231526517594,-0.7307792330678631
1.3308371970870616,-0.4641489460629494,-0.7831207160691656,-1.051950149665004
0.30430809056121977,-1.4713830364949354,-1.6571408412733961,0.23088234953748343
-0.9264632031031754,-1.0236862655264218,-1.4839674739410817,1.1378206416471248
-1.315708926773305,0.21141092383800564,0.3741016873980896,1.7415819365982994
-0.49846698844343823,1.3895473244645313,1.4304375015890705,1.0485144103745936
0.6573154075371798,1.1402619594180856,0.6653359162345079,-0.24777842783375026
1.4004141403142492,-0.06028118221667059,-0.15698744553179989,-1.1337895842814953
0.7260028293563856,-1.2311114024517154,-0.8511417070262794,-0.5899863568336228
-0.6024879300840712,-1.2346652477223505,-2.1496359676802,0.8083943452016507
-1.3692559924389895,-0.1656857759150205,0.567863050410542,1.678503390288763
-0.7396714328162228,1.0937599740021522,1.1902006836629464,0.9514403985738085
0.37224813312857535,1.3490247746435315,0.8767098558441163,0.4798019654009733
1.3984293472999758,0.2719083221460865,0.18243856419351556,-1.2309854643613531
0.918957893270525,-0.9279245158981823,-0.6784031697074638,-0.9455566080908245
-0.3139790014422258,-1.396220270725907,-1.2675133925552755,-0.7044398562104981
-1.4044202345325347,-0.4287200884255421,-0.7465405582431306,1.7651483332554863
-1.1199920392299936,0.8439872732526541,2.057840101003793,1.3034859799835756
0.055092606216981574,1.3932965261623176,0.49439679331739045,0.49488067396236346
1.2742546694403782,0.7739343014930575,0.660446459521008,-0.9441776607981062
1.4247401852995027,-0.630793170881514,-1.1350432151596934,-1.4046291582816632
0.024512892784319965,-1.4890428792324713,-0.5884496288549146,0.698438499614582
-1.1451971074530587,-0.8405986745490649,-1.7036275225444923,1.692745144747907
-1.3595343686529897,0.4798015141188992,1.1191625499339064,0.923170709920594
-0.144199010009429,1.4052905693824052,1.4422627284280856,1.3538011895337398
1.044620051352968,1.1090087980558727,1.1518090246300094,-0.7803986010421188
1.3161442596000827,-0.2974405255302851,0.15181576647898543,-0.7392301487773922
0.4733369420802848,-1.260787501973562,-1.1255073100802908,-0.5346131626939299
-0.9489955996512387,-1.1787047768809844,-0.6874621810344722,0.8943218394366953
-1.3704338571382895,0.06893243535720349,-0.47023692339664414,1.478076549397535
-0.7439335021644529,1.2255478019110386,0.9021002601326639,-0.018682331429658028
0.6976024427201268,1.3979178159001246,1.2038883895029355,-0.8908963959316096
1.4655107018320968,0.07466227418187113,-0.2791337132876859,-2.233013238135143
0.8511091972053957,-1.2360694616413892,-2.076738019009435,-0.4230906382029398
-0.5374449335338193,-1.218360992260919,-1.5810769877515696,0.9060287770720343
-1.4171585297735505,-0.38962023426671744,-0.4175099397892945,1.4307533436507394
-1.0109429472036295,0.964931041057882,1.759924204913073,1.199943247735099
0.2578210337992073,1.2872696567904929,1.9424461536556241,-0.5700938983263959
1.3522703721206533,0.5547773569375287,0.35125348364456244,-0.3763455838799995
1.1705049416296651,-0.9371944717937039,-0.5372839149821618,-0.640319974184354
-0.028520012737855024,-1.369974381485871,-1.243591026562321,-0.5826381393367741
-1.178602582786911,-0.7334699414589708,-0.9022660115738168,1.699295088194508
-1.362589435316768,0.672552129232576,0.9904324594083469,1.446104553904744
-0.19922138322612554,1.3897951424734745,1.6331910767795998,0.2117036369693326
1.1458024520657928,0.8070971910821334,1.1876460919191667,-0.37260512934504775
1.3134301932193082,-0.5169403105597473,-0.5509633501828359,-1.7418768492313645
0.3435581497830436,-1.357942094131053,-0.9974739052830317,-0.15823860716566496
-1.0225972802739554,-1.0229712629895593,-1.3939284681247504,1.0132060257726687
-1.2900719976507788,0.2666775738955985,0.008430506777991065,1.6355602464284031
-0.5231776265451404,1.2370200250891603,0.5244699977104744,0.5678263262922545
0.8494877842534747,1.0848778921998732,1.078603931038569,-0.9621846328994388
1.4256332302247188,-0.04340286588592009,0.10777411582014396,-1.1087613029011285
0.6498350519418871,-1.2077683594076059,-1.3986239639818836,-0.3112322172969373
-0.7275429869243252,-1.2843083036527887,-0.3644891734235528,-0.24437950520896923
-1.3339956561162958,-0.0051648147184035625,-0.31476428240484355,2.3514055799652347
-0.8047109718211086,1.2602074780172352,1.752804270246675,1.2949512481486207
0.5208575536629282,1.2678738067344977,2.026132975872749,-0.9421470419352596
1.223142549710014,0.2982120230792426,0.8587069957387583,-0.9213480501766987
0.9909364898864433,-1.031869821793413,-1.168822064503029,-1.2086576751199252
-0.2623843816760065,-1.4511086712442436,-1.0369849550077017,-0.09417507650523627
-1.3586129000700626,-0.5654756353943222,-0.45443682950814135,1.7584707683635925
-1.0843049636790962,0.7388811629644804,0.2984446057034351,1.0902969167452308
0.012587861141097778,1.2484162427526078,1.7323588519520394,0.2295812338355918
1.2171418671558007,0.7579585693590088,1.0671213940467061,-1.5240466471889063
1.2788202201352665,-0.5704285553458324,0.12436404576543603,-1.6250305174199924
0.0641469854258685,-1.4063299750100309,-1.8783411056942303,-0.5952026847484337
-1.1274986635534097,-0.7295187246777977,-0.2747637246009649,1.1331950735582985
-1.402266568659946,0.48305709404794184,0.6812962965980751,-0.2712162108914262
-0.2083942313832395,1.2252929560034145,0.7662667766194686,0.05919800487100502
1.033807383458457,0.8963234667853053,1.4069339649700285,-1.5115615892170675
1.4003430766656566,-0.2268068705818948,0.10253325762629384,-2.219174457926072
0.586030624800544,-1.3158654496155486,-1.46669116978765,-0.585345771360315
-0.8725702177814741,-1.1305977391227098,-0.28308893815869207,1.4571672514163092
-1.4395822743640374,0.05245670605652694,-0.5535835198503514,1.2345918942842942
-0.7428112852862356,1.1334693111358791,1.1991858766463421,1.1447001710997606
0.6419432307542144,1.2836332014379224,1.0230284180733489,-0.3127971020264342
1.4757513750468376,0.058409389035588864,-0.06396059771131002,-1.9004169146602035
0.8406017071549374,-1.2000913447015473,-1.402484006456312,-1.326366458796131
-0.4527825010682495,-1.2384032163604646,-1.3393638572420676,1.0813534831170724
-1.4012430888937257,-0.23220944572982846,-0.7243094685398943,1.4706822282765986
-1.0836989842281115,0.945719917348583,0.5372537010713052,0.3538594135800349
0.37735399465383035,1.325148493746596,1.183648121053378,-0.2975412867351235
1.268898340501176,0.5164998745689956,0.7077704659778616,-0.9110448971262466
1.0507255810409926,-0.8721975721624299,-0.9021643577990746,-1.4128607608733317
-0.06537745042680257,-1.441082636533916,-1.0466398448665641,-0.10150199380817626
-1.203248442243581,-0.6182507187241375,-0.48632835242993666,1.6612608391388128
-1.1816132647243007,0.5486730045466053,0.40079581294781064,1.3290560072168693
-0.20236439616983826,1.3442870905347313,1.7188279581254946,-0.007004449901859555
1.0841208736733086,0.9277590544214661,1.3719801936119096,-1.2297144722327984
1.2484659492826313,-0.61790574858712,-0.7666051974598143,-0.5173983660247028
0.26204426840737594,-1.4201082135219092,-1.7836560964192842,0.9049827496962182
-0.9873830093271003,-1.052165870002327,-1.7684917748683737,1.2258679823536078
-1.2427801624907246,0.3823191294191599,-0.1861023403070683,0.638732388096713
-0.488268610150983,1.3611220793521714,1.5905664138542779,0.9662537697367524
0.9257844764949333,1.1053255705933314,1.4308606660921501,-1.3788578457835365
1.406379695095266,-0.08632224483635616,0.8332658471828092,-1.9229605535512866
0.5660724924695235,-1.2670426064903098,-1.8144494828542757,-1.5334894099371748
-0.6433528360495618,-1.2924854502542684,-0.7499905050664318,1.0256233052225494
-1.4153288145156606,-0.12819872020811748,-0.11859423920443146,2.147533030498195
-0.8579091852626319,1.0663004912736642,1.0427623331234774,1.370582072943165
0.551595004322319,1.2692034672355277,1.814966151706611,0.4901614761226125
1.4051614518077222,0.20733307621163527,1.5376303035435246,-1.0916167594608077
0.9829980367559683,-1.09261432737808,-0.8115092349045544,-0.09640962230514694
-0.34914797028260636,-1.3707944046985314,-2.0399420050282226,-0.09853246064481902
-1.3290279986777147,-0.4410376270297712,-0.6911197678707226,0.9713791499543528
-1.0985212202709453,0.8705247407376941,0.18933008863543765,0.16690002103506185
0.08006792171956258,1.4365388244353432,1.7123839112932233,0.21026819687065101
1.0683949669111104,0.6548005206895406,0.7258274945788978,-0.7401616832047403
1.3065630510418595,-0.8002545259652887,-0.5531386839911268,-1.5523295929259007
0.17543977913492126,-1.298542566451792,-1.4606059351597034,0.9257575595235457
-1.0492882739045173,-0.820246978430874,-1.3142552042321543,1.108865698444459
-1.2934460527397853,0.5684482473403729,0.3644500944216622,1.6809761209148495
-0.28739892915772874,1.3927525914876808,0.8446360366328127,0.18428767445745065
1.1179587244280096,0.9263396534730559,0.9844050305416491,-0.7863902009388496
1.4727096272570184,-0.287961915930101,-0.2842926783866562,-0.8922331977307432
0.36575783619816205,-1.3028043999651833,-0.57691469615855,-0.36253052302547606
-0.8472870732723949,-1.0298527203672445,-1.6971148547748476,0.8154702774426015
-1.3830338970653373,0.09582003225993294,0.3264983020730228,1.4229497954149446
-0.5908855080170518,1.365304164124439,1.3559265561415113,-0.0170740271695502
0.6657091047287138,1.2879903554806826,1.113793631925986,-1.0286183203053734
1.4451020055341595,0.03524428568017903,-1.4065029543281704,-1.4312794286562338
0.922080700906655,-1.1231885095181535,-0.9772314747495225,-1.1161950727179215
-0.49651892365206585,-1.2020089007075323,-1.449348464910163,0.4727085090601313
-0.9772663552448881,0.3432675250348223,1.2544615782728774,1.4871416314723818
-0.2706267590018957,0.9720611843465301,1.1235795755458546,-0.4941895075036101
0.7746090670397288,0.784846388021172,0.9505555071571575,-0.3569886116109827
1.0091011721738445,-0.2681406026098699,0.2971843548377445,-1.9400315900644853
0.2767426309070516,-0.9597793134345709,-0.6420944418473623,-0.3932067328169153
-0.68455242403834,-0.8706518409464986,-0.6373765473125736,0.8421316107714516
-1.1920956210219031,0.10107975110055557,-0.22087911805407257,0.637196848019517
-0.4990225544541552,0.9802587503914711,1.8039656523136312,1.056357023369151
0.48468007203689156,0.8270617073619783,0.5962340310833025,0.17880597978694734
1.0461318233795665,-0.010486189219821779,-0.14459243601846916,-1.2460627128708028
0.7178000830897748,-0.9139165751160023,0.4062725150869917,-0.8184406939837763
-0.37024106147591096,-1.0128376335473877,-1.7655819195316307,1.094381245198212
-1.0466181591495147,-0.16271032133044624,-0.5693496596832337,0.7530082095202579
-0.7168401407886984,0.6698749278831404,0.7106644061163297,0.6316982511629254
0.17477938400275567,1.0957883963919568,1.0939283759467078,0.6640678576196024
1.0577121933304308,0.26653318075963545,0.545616815326298,-1.454897911704535
0.7390767618358133,-0.6319183028271113,-0.18725162858304112,-0.8658527709612457
-0.10974633106791955,-1.0105001571696381,-0.63779270948723,1.4031308933248599
-0.873029206111303,-0.5874238755298915,-1.1332760161455802,1.5283867264389221
-1.0314472819784921,0.5630630410193928,1.77103580003848,1.1605156463832602
-0.174347430355452,1.1497905779355402,0.6179149233492844,-0.322397200697353
0.8352150327223042,0.5226263500935395,-0.16307432442441927,-0.3105145475075832
0.8861443152544901,-0.43230665725978756,-0.9183695541349018,-0.20646324881931855
0.2077398636577647,-1.078619046859745,-1.689169064307931,-0.8110157102732107
-0.7848141250499038,-0.7409494823100085,-0.5332311699854902,0.7155550136872668
-1.0916810205405105,0.25491805394763345,0.3931912083072431,0.7269325327516407
-0.471195340312245,0.8923801702244812,1.3280592804720674,0.742037059821663
0.7325855210020384,0.8071604182816239,1.1836652263710201,-0.2961415278307328
0.9903903543237692,-0.17580517528533113,-1.0109036305480856,-1.25019680967598
0.6007784381401643,-0.9032598129179047,-0.635708493378965,-0.49938074134343147
-0.5459720151353649,-0.903901080123823,-1.2293298550997283,0.5821295999395015
-1.0324965563029613,0.0004894138146019009,0.30974680100537166,1.503290076593215
-0.6375870998112521,0.9048206299217808,0.07717721422781709,0.18688813531914872
0.36939669641892486,0.9689959768493537,1.089130683704564,-0.24865278795455137
1.0738784439241345,0.28889128393680524,0.13831976738935436,-1.169441876739401
0.6083796743263847,-0.8265722881974509,-0.7897457279195597,-0.6244819441898158
-0.12014232900069707,-1.0187323830109674,-1.51924405729901,0.9415886567828952
-0.9096643432815134,-0.39106720709882864,-0.11183147597467302,0.5485108078155032
-0.8455031534004951,0.6706959139118677,0.6783406130019859,1.6790087513768972
0.06335445078836299,1.1535746381418723,1.8600571187256758,0.3054392032657116
0.9637549664617384,0.42747463700367766,-0.4365393071943757,-1.1581338751599513
0.8900717356962753,-0.5806473584082448,-0.41823956806506135,-0.5083671392672867
-0.030427233876225444,-1.0561771616249054,-0.7065183506503742,0.0698378194078908
-1.0737530601247969,-0.7100924787030095,-0.8127095230215448,0.7516715630701265
-0.9913814289998727,0.3592943433253071,0.044230483970731926,0.927165551711149
-0.04077230890175673,1.1587554554413306,1.5527976188574106,0.11773338946017176
0.9056214750775853,0.7170632899539602,0.5650037583750683,-0.8466994353286755
0.9897902337506385,-0.21214393002724588,-0.4261180816913357,-1.3737155093620603
0.28668245963125794,-0.9685064875602256,-1.277447076080618,-0.13545121400888815
-0.7279853367963989,-0.9021064707861648,-0.8166686820035679,0.38437566132113576
-0.9588658857746364,0.08633419365513703,1.2710947599333378,1.4116198100935828
-0.5395781998751733,0.9088431052042443,1.255219033580471,0.6637012345936111
0.5120080530276228,0.9765476705119869,1.0596009693018185,-0.8410361262601929
1.06123714278155,0.05267990119298081,0.37580710960086083,-1.374497012617341
0.6465461173015962,-0.8724826088593437,-0.6254027815849122,-0.11359936576531837
-0.3558166248901943,-0.9957167808987699,-0.8291621619862133,0.9129810651683568
-1.1344337467555472,-0.2235982536521213,-0.35239648311173766,1.2614563990848509
-0.7427163065046751,0.807697307295694,0.3853336734303098,1.2938340392563252
0.23735684561619813,0.9209887379439381,1.593814871878459,0.18279153933033587
1.0184359406874066,0.4259825087971317,0.597555507862052,-0.9734143816247102
0.8841138646176809,-0.5535661630712588,-1.198332023571036,-0.7327555278307785
-0.10343861947612218,-1.0485225685562933,-1.7249106360255408,0.27938426600512045
-1.0275134576754255,-0.3938124374625087,-0.07380354761882035,-0.5394623529063602
-0.8079081845178455,0.6108951831553834,-0.683519927728739,0.9033355803913151
0.0764464202899078,1.0803841709587194,1.7025177339086566,0.22902800672019108
0.8122903722234371,0.6316464361338551,0.6496743187144227,-0.5424973549492146
0.8873421774207793,-0.35532163656021554,0.20435361924647677,-0.5098665566372057
0.213353902925575,-1.0438987725112394,-1.389893581787245,-0.19396245560030445
-0.754443551881021,-0.6723124301408964,-0.7494488179148778,0.18814216135232875
-1.0795082217492988,0.2667425078543569,1.2424359201438688,0.4737453761395799
-0.2874506293991869,1.0546383561251855,1.6532479469147665,0.027840464906270235
0.6599062198605432,0.6784782424945154,0.9605061220368438,-1.1232187096572888
1.053809687746573,-0.1981674875204113,0.8191657753496584,-1.2075371501348544
0.435155894339629,-0.925054249368339,-0.5781682004541968,-0.14197218529778233
-0.5742008250795778,-0.8748849792556068,-1.225302932592669,0.7600025317766462
-1.015489295264811,-0.005160693866928842,-0.472209287062747,2.0015727679253428
-0.6087944319982833,0.8257146369342552,1.352636815201364,1.423415736682157
0.4065639331814149,1.0002735548082242,1.635628109519979,0.03527918333988467
1.143483507724034,0.14893904064570807,-0.6275343246554066,-0.25611180767015823
0.6983599110689501,-0.7503969942501275,-1.0596027904125882,-0.5724753420677525
-0.1769584844765441,-1.0062696485511535,-1.8560662756906146,0.5920777894079554
-1.0461081880570071,-0.3659034112235613,-0.08106663246082113,0.7957396868384504
-0.9204833395518947,0.698015356778193,1.4800935527448078,1.0362091351501945
0.14272978903147587,1.0060022105513629,0.41686811139701785,-0.3866914664935195
1.0739037158317273,0.5333153622065915,0.6563638071077516,-0.8439098727206068
0.9880326589192071,-0.5291512216763842,-0.40448929507786835,-1.3154374526235262
-0.05661966275600438,-1.072827423770819,-1.2778943897809296,-0.158224560732958
-0.9334532487140949,-0.7297921834373498,-0.9208462354304603,0.3683523598829064
-1.0162672706299922,0.4168753242815631,0.17059371413464586,0.2939584127491593
-0.1737492847494657,0.96177359015278,1.9411878433839154,0.5986596204017369
0.7160988352275628,0.6184609138902822,1.1909282163294188,-0.41414929984536275
1.0476547886003493,-0.354376188143621,-1.0095776494564945,-1.234464008550556
0.434529352145812,-0.9854479094847578,-1.2351451798229853,0.08460389081259456
-0.8154560421139679,-0.7905142679067039,-1.095371125302606,0.40297989363492326
-1.0616510440737499,0.04881119992229435,-0.19542609022922597,1.4614357936188416
-0.529265554402224,0.849066460496521,1.6072074288090572,0.3883889382366479
0.464416076877338,0.8394270279092975,0.035352740895043255,0.055965328148492866
1.056936152764734,0.11709456972971832,0.314366520309598,-1.9085751857821946
0.623283991432699,-0.947413780503026,-0.9213411458965892,-0.38859541795472463
-0.559101001010873,-0.9732444538879009,-1.4353413572067788,0.007452877574279371
-1.017954431033548,-0.06772007989331959,-1.3647695326727187,1.5381045351725586
-0.7155157608112597,0.8533675904295284,0.4573326818696194,1.286045060445104
0.1921433235082978,0.9628367049266485,1.0290712916557176,-0.20525070079835395
1.1422485007884173,0.17488334921612586,-0.09667624226985139,-1.2673153191820767
0.8730323599910371,-0.6571666967155053,-0.8854397065844971,-1.314923418972575
-0.2640070649348656,-0.9761862795796382,0.3693971122542014,0.7026493250063715
-1.0473418639697332,-0.5113464523439948,0.006102312549307598,0.549259395805406
-0.9263987577191606,0.6183551317593988,0.11011206483763025,0.30120903730983056
-0.17294131611158162,1.1122605044565637,1.3053761943670998,0.013171627576447076
0.6885991905934601,0.5709154425737607,0.5197704978316087,-0.4821793277509179
1.0495622612141384,-0.4491339490928758,-0.31740214432689984,-1.0249246993031529
0.2119010213162292,-0.9354424626349614,-0.5022691181005642,0.2167921328439093
-0.8174359321044926,-0.6965935300455458,-0.2345784391483169,0.7936545194548239
-0.9975756191480879,0.33522997111733643,-0.42331624815325486,0.2127343886307928
-0.3058822380216504,1.0754500692793194,1.0949895514403023,-0.10812040628395525
0.6414313664393171,0.8162018754574613,0.6239894586160044,-1.0337780382811246
0.899883576752785,-0.067021327538261,0.3323453978325819,-0.9434426352159023
0.5776401974105037,-0.9981654862562954,-1.3110192961956653,-1.3277214733221254
-0.6577059894865536,-0.8893665610633034,-0.9891468869408948,0.07042160894683569
-1.0862749143899713,-0.00494280996609432,-0.0689569661323941,0.5701954212659747
-0.5843885123826446,0.8512893424635098,1.0703122491988089,0.6121574049187967
0.35492468834403007,0.8825354423990408,1.0793935970550976,-1.0608763836885915
1.0702460151671607,0.1992045388132409,-0.32400170958152397,-1.5328145005429217
0.7197817750375999,-0.7901328344281389,0.16936365991837732,-1.5644828471034578
-0.28111771362670895,-0.922637764568937,-2.032134936020473,0.1851518279148212
-0.9774880902093064,-0.36612986532605457,-0.10071207093342971,0.6728522803998873
-0.8783189514275278,0.8165885257721053,0.49646901332630056,0.5586598907803758
0.07978944074888247,1.1184703360732604,1.3830750366337314,0.6805940531554311
1.036406438417545,0.38014738428012584,0.09521378216355625,-0.2524811567133198
0.9548661970642603,-0.5713098283986007,-1.12186632310332,-1.0128927128826875
-0.008886429606111752,-1.190058043220217,-0.8350042762137435,-0.6622800603667289
-0.9002187822008105,-0.5132284312848306,-0.303512918413148,0.6557771922414959
-0.945509949783583,0.44585105581527223,0.5915326773694962,1.741892015272704
-0.1759437818312528,0.9907672867219774,0.8681631467451706,0.07202406853326737
0.6921390630531477,0.6641820451534489,0.8484291541845185,-0.30046336177460276
1.0401114198721524,-0.2761648357443401,0.03778147315520952,-0.30847633345346154
0.3348354397825878,-0.9747821715679129,0.0363965052109666,0.08514426807084807
-0.6608869713901316,-0.7832613722034265,-0.9223387197853444,1.0725333926030378
-0.9751164039194177,-0.026366255062864413,-0.46919348208660727,1.4664328556027524
-0.42596412254182603,1.0395664156884161,1.2722387392870484,-0.17461824507842172
0.6196192779502465,0.8755049438838659,0.7884703124159317,-0.14907547444918845
1.058325081306307,-0.046298920662688176,-0.18790901588400466,-1.7262826406437326
0.5629232514679324,-0.8314805345805006,-1.289075890751586,0.08433472732536307
-0.37428751654986686,-0.9559947111504166,-0.39812405278337515,0.9517833004177645
-1.0174960080324564,0.010344019447310976,0.8765192523443827,1.5653485618712577
-0.6625934604068955,0.835582727286592,0.3828222701014472,0.4117061280362644
0.2472498728820099,0.989651632824649,0.6201014240675015,0.18848554348941948
1.1296227788158628,0.3799637593658726,1.0537885970548082,-0.7676700411035438
0.8795297966017732,-0.6908256803620272,0.09968830128076533,-0.29512152833035044
-0.15775001772153327,-1.1108996935395294,-1.8603955236774612,0.3719543098597444
-0.8396110221211521,-0.5262057851515617,-1.2485984097001916,1.5612364740162488
-0.7793811016831145,0.3919764189283239,1.488022263714837,1.1352379860733792
-0.06190937126417938,1.006252598603109,0.8283583729396038,-0.6980066365798676
0.9105003369713294,0.6580059037875692,0.7790810597734615,-2.1442353417396887
0.9624249298399118,-0.467499146271654,-0.9486054850792219,-1.134365872058762
0.08552797306096073,-1.0792810266644244,-1.285754783766006,-0.18039179600088828
-0.7472235700665851,-0.7724052905527884,-0.03881830202087322,1.7369159180079257
-1.0962951411705042,0.21182861988929808,-0.21994218788964348,1.3215195103939283
-0.2467522573486326,1.0649492575321875,1.465753400729926,0.7446782476309832
0.6374343666971176,0.8041618429732068,0.8041889585491518,-0.5987106272198744
1.018684214142062,-0.14867783910811697,0.1480461964537183,-1.4177991292358174
0.3360478321660314,-0.9551190662362821,-0.44403763945705665,-0.9325479140329601
-0.5023486445543437,-0.9822106943211724,-2.160026443336303,1.3265899498094536
-1.1130686898780748,0.05159453769607724,0.2475771705216112,1.201670686539026
-0.6270815273401887,0.8253077563232059,0.5585049657751773,1.0449371204277946
0.5095253926296018,0.9685458255943992,1.0316745694299125,0.12872991837664882
1.1108604506633555,0.23061563180116185,-0.18887810163441654,-0.9476016435292611
0.6700213179760937,-0.6941132505954509,-1.6061271864278341,-1.8421427238096126
-0.21664788438754146,-1.08067218271002,-1.4391683046392683,0.7282443652226706
-0.992652223433149,-0.36746198671333996,-0.43092697961604476,0.820567683456836
-0.9013177247770553,0.5741066284323407,0.6367977996234986,0.6576014761366611
0.19255032519406726,1.1041932032798487,1.074565316926199,0.15355795869032685
0.9706439679437785,0.4804997368803563,0.0313822075907616,-0.4662376055782111
0.9323790533692884,-0.5918891307021554,-0.7407728264047331,-0.48018235735724113
-0.027834237397531346,-1.1086659504770375,-1.6912175948017927,0.03255712309143566
-0.8788498207709912,-0.48034512784223776,-0.9145685881540239,0.8869298696228084
-0.910688972492356,0.46508760536687677,0.42043628638795294,0.5608515139459754
0.09049710181474643,0.9691087850193119,1.23505114139843,0.20791356497297686
0.8229865815612958,0.7573450079238575,-0.07692560930594061,-1.3467857190922787
1.052730119883562,-0.38129700557876633,-1.0523189028894802,-0.9699740776539657
0.2875630323571252,-1.0242308956946624,-1.0008890026658483,-0.48369606310731283
-0.7565901376450233,-0.7545157441375737,-0.5019245870075961,1.0748790176203498
-1.0918946099997797,0.11420886114402154,0.5702885542888486,0.7902509718167213
-0.43505754640611866,0.923471438240681,1.1005749681069263,-0.009677694757353472
0.5969384965386729,0.9295806007134293,1.560556498148259,-0.0093850833049125
1.1681503368759247,-0.18022566149274294,-1.2937720131200026,-1.3217975985175614
0.5840604754470294,-0.7577884507357101,-0.7070067577101702,-1.3374422517976348
-0.41017116937296805,-1.054306179369739,-0.5472433361520065,0.4976890957606106
-1.022647911874232,-0.18441095081712158,-0.1657125690080219,0.6260645214964788
-0.6427008808812009,0.9551544807443393,0.9435210074573019,0.5892302952896639
0.3616564935874639,1.0412482343268663,1.0910317882903746,0.3385003415343868
1.089400106656936,0.31491673286312427,0.6750011955904128,-1.4899201200356582
0.8359769394129745,-0.6635931754712545,-0.5819010190995055,-1.1668129190148084
-0.15928362983804278,-1.0137671689614254,-1.3279767704170056,0.24075626381741988
-1.009414302805138,-0.44243855907734136,-0.5732288281929349,1.0666070812166135
-0.9365470413701581,0.626484317802662,0.8476517219598245,1.797366032753684
-0.005965150312723162,1.1142467116471233,0.5159407068808517,-0.014374046299691079
0.9752496759337942,0.4816697099881683,0.6646170403752844,-0.6866223783916348
0.958475995843643,-0.4369496584907695,0.12040171194573568,-0.4958184596519638
0.08986131244168748,-1.078520805409401,-0.34124480631584697,0.02854477393464172
-0.8610983298019113,-0.756985282280125,-0.37959426140656505,0.04021851171332136
-0.9630160597003021,0.31885619051900965,0.8928523056837084,1.3136239770449771
-0.34637367354816256,0.9141948871086711,1.0095819587432515,0.11279106683450224
0.7016135211643195,0.7176594502642162,1.153915271877195,-0.9234596480310464
1.1049480438867858,-0.10424897085280704,0.3527911170876741,-0.5787929690250143
0.26331457416926785,-0.9358448617738808,-1.003611327589135,0.6958232049436242
-0.509159603505228,-0.7790753979344892,-1.6331651353476189,0.8987023217198664
-1.033866737863314,0.06836179499532823,0.06464292982552133,1.053222606854002
-0.5674658250453095,0.79925529674399,1.2186327610369385,0.4152839765227867
0.44012913392464975,0.7943631604654471,1.7375797334787069,0.8770158851803406
0.9991100004384748,0.15975299442984842,-0.2828112902649732,-0.5141903358128783
0.6647667648538262,-0.7448949818704973,-1.0650888036860233,-0.42627820030524455
-0.22177241278029225,-1.051137543336916,-0.24873976670686693,0.29666765396019146
-1.0809869182138097,-0.13590993297414983,-0.1612690517186638,1.1364487604696676
-0.6788580006428043,0.718938822954011,1.0860745451223413,1.9368223289681197
0.16844349648025309,1.0038868393711715,0.53209105090355,0.06823505561996179
0.8878555320451517,0.5108543195435871,-0.33587735297520294,-1.0968298195484045
0.8976515789724633,-0.6226226583658314,-0.5216443390318448,-0.7086779683051575
-0.04777281196175997,-0.9463965748002054,-0.12184797575788352,1.2047457737619893
-0.9178181358963199,-0.570684161883689,0.31671596720458384,0.3725471813853512
-0.9996021496536182,0.43937706898895856,0.798853249432796,1.105387150433493
-0.04276576130674378,1.0714668461744892,1.7652725686729316,0.31213546485745036
0.7288056658314128,0.5655184826152951,1.0208880319294988,-0.3761340242447181
1.047744059907915,-0.3131406251871512,-0.5098960092497279,-0.6101973766672669
0.28988599632494844,-0.9738491033051243,-0.19609374874353339,-0.46282179196882933
-0.7015467154642763,-0.9204040451943128,0.005495681021427945,0.977890076581916
-1.0954696367021433,0.3130692865140445,-0.9765159128355494,0.9466948843694653
-0.288846800981469,1.0007327755537034,0.7242885873100791,0.7363329403119656
0.637374185628659,0.8598384565467533,0.7804268353036808,-1.0227853478849391
1.119272490341987,-0.08162069155552515,0.00040087087888662776,-1.0808860474680198
0.5137249495146746,-0.8689416357968017,-1.4679530451004144,-1.3455670012945113
-0.5389164300352574,-0.9487237347115768,-1.2655800848457301,-0.09601019830184077
-1.0604567812846348,-0.04229436249633045,-0.08846856414487736,0.9790533273388086
-0.7361939492193783,0.8227829495142933,0.6786119431553067,1.1930919497712977
0.24668416715392677,1.0651252973388379,0.9093043891643322,-1.2146735879060466
1.0218940205728804,0.2690211011094269,-0.4238030919787511,-0.7033796326865954
0.7544776073460399,-0.6862189464173313,-0.07549049790585738,-1.5218418558711482
-0.09470950934309383,-1.0430057207536179,-1.2669549887612293,-0.06464613784742945
-1.0381740622283624,-0.463128708385875,-0.2986305355616936,1.3781180433520728
-0.9034241007747957,0.5581805457369148,0.6369773852142613,1.3572732459815466
0.08131001455198361,1.0991061758031815,1.075615294774325,-0.04363684491971109
0.8195493190110192,0.4863579046747165,0.4492078687831036,-1.0126055437651105
1.0052651514611968,-0.5358057199226468,-0.5659324734256377,-0.6972366502136818
0.07447707556084227,-1.0181411490531032,-1.3183013522786784,-0.8774964249909262
-0.7366437112450227,-0.7202997960808963,-1.169204613038966,0.5872939572511721
-1.0258936406040406,0.36267923884927056,-0.3173578325047116,1.0472296593402155
-0.39631778734133216,1.050166891244161,0.4226968178914567,0.7248985648601836
0.7470397514452057,0.690302599061884,0.47079452870945504,-0.7415389161296071
0.8987836887051903,-0.12830350392432396,0.077159347377741,-1.3851405119203857
0.3550108332507734,-1.044706437330285,-1.443429142559493,-0.20570970576937742
-0.6155063506306023,-0.8629549557400981,-1.4483747944882326,0.8340591095432087
-1.0616556453254276,0.046244474911566295,0.13283801258684336,0.5905353580150434
-0.4961198693895118,1.0779313457435604,0.4012787581513197,0.4709283761022809
0.47484511620322145,0.8483286079592678,0.7540593239634563,-1.072574262436523
1.069292022097687,0.10104446423660121,-0.22621559957517912,-0.49614186805260174
0.7555563553619224,-0.9249769972112254,-0.17641463051379036,-0.6824836680951157
-0.35542809243019396,-1.0214521772053837,-0.9028615824152189,0.6436349597776253
-0.9379100538812771,-0.34053240545232444,-0.7475260647955534,1.05949009564875
-0.9425651173662044,0.755473477203665,0.46655784444554704,0.48526386010619094
0.22958828566003653,0.9790073144608208,0.8704347693303924,-0.704655691900391
0.9851039570898067,0.35771804464653256,1.2830751268605012,0.06511945530715796
0.8498439613784042,-0.6786586903406472,-0.7019751135365115,-1.0698947966046213
-0.10713560823511176,-1.0827688540257725,-1.6404093763906675,-0.4013544637955191
-1.1250838676956854,-0.4983950231835107,0.9915244315876498,0.6042549869186797
-0.9612261402792035,0.40842641704284255,0.2612691279040391,1.3610009863704668
-0.2488090376093695,1.2139082514328308,1.2855414760979011,0.6055007644387489
0.9303110576577773,0.7062928210656504,0.45299722610208926,-0.4284359519445208
0.9228997176693484,-0.34193545024470995,-0.7096273266026132,-0.858271747587839
0.2191760311808843,-0.924672330648594,-1.6223945962602886,-0.13806612164415755
-0.6609565680287395,-0.7257472624183395,-0.8391767006449385,0.5570116353191223
-1.0364742572398231,0.10451771108706848,0.39661070490437156,1.8361713997319908
-0.43414719519120387,0.9954089924338868,1.3678834448999393,0.06519689008996965
0.6394822345156331,0.7874163849453227,0.9948068167428087,0.06390767147486043
0.9804319839341662,-0.08658730413860842,-0.12392341092521186,-0.45509837464535524
0.6507155752127919,-0.9723699302695522,-1.8761529192548931,-0.8290331806660789
-0.6591653578005379,-0.944951211487764,-0.7610503069069408,0.8224196755073321
-1.1537348774360576,-0.15594201874309307,-0.09892738202346818,1.7846454846007076
-0.6647452019377058,0.8070234194209192,1.2388190719650982,1.0286956072346125
0.31388206895184856,1.118777567264928,1.4284768577995828,-1.0878210530684063
1.0009504750522944,0.41114119362247914,0.01898837241125717,-1.4034047755572914
0.71358590340051,-0.7614952565501338,-1.269635964845931,-0.4824136476366808
-0.21882482669227693,-1.0032510258074419,-1.7691346460441115,0.1818662589949127
-0.9243034176529963,-0.4693971968639657,-1.0164981555268497,0.858417028539113
-0.8661883132594628,0.6734067378611839,1.3521950406772587,0.24997110861894156
0.10877051836069186,1.091952007926089,0.9321918725486462,-0.36911772203203963
0.8887565966813945,0.47920785245668945,0.2462548330816411,-0.6408217204282063
1.029175688752026,-0.5555185970935307,-0.546982180481011,-1.8889753563435785
0.046885894711865925,-1.0988688428935234,-1.7746204140359756,-0.009895976358492709
-0.8537188951213263,-0.663371576066191,-0.5004254945582803,1.8778965424695508
-0.8922375767000307,0.3917061675687968,0.36117172279210075,0.6118809058854443
-0.25513855975396604,1.1434957477877996,0.9797598361366183,0.48425413146130303
0.6811181115294824,0.7233032406200992,0.7254246392739377,-1.2831690164802878
0.9517470796653096,-0.14299098712954234,-0.556967917923552,-1.2108969306769317
0.3255589514363168,-0.9547356693217751,-1.2057483201365555,-0.4312419985687177
-0.7219634131776138,-0.8239965949613433,0.0006868831000456099,0.08226451328260387
-1.0643208336048102,-0.05383774549928631,-0.2707637036365129,1.5377287446093695
-0.5167740642853775,0.9733938729865584,0.6666117860846912,0.5728702311013406
0.5089676692584777,0.8729554941960401,1.0071046573806852,-1.0503123024903538
1.1136184651412733,0.215564537171908,0.19052378056755637,-0.8800879049653417
0.5980950325141478,-0.7584744419549794,-0.7550267944293576,-0.887432678824322
-0.40096355861575445,-1.0678256518247589,-0.3165585908025792,0.3751430074107137
-0.9900182389691806,-0.3940948112563861,0.1897296444696922,1.17368951309532
-0.7123581676552836,0.6791349579617965,0.5796493764889932,1.0899823688511423
0.1081059034014314,1.051380239998096,0.2845525688254938,0.08255481644195539
0.9771879333848476,0.34391963776610024,0.5277738020393175,-1.1158825783179507
0.9306180314648651,-0.5711470555500534,-0.8784246625752062,-0.6285237347789335
-0.0785180736434804,-1.0400123140189401,-0.050318689974077,0.44202324486455336
-0.9122058640931343,-0.5218027200029767,-1.081816977616622,1.096861951414623
-0.8852883251815331,0.48565821844935464,0.9253846283373712,0.5146802484729618
-0.1182626117984324,0.934082912718379,0.8312274960382373,-0.2405519780794585
0.8134421449503514,0.5729040319238512,1.37412578545266,-1.2190921719008478
0.9626126111228659,-0.28292398052000595,-0.2863060012940333,-0.9897441243758156
0.20575770802415982,-1.0502660498890637,-0.3572922831680292,1.0298298285443308
-0.7927309488703683,-0.7579287117335417,-0.711721566914798,0.5903173986597643
-1.3916517960346877,-0.04488999817541717,1.8612400124234951,2.5257520818675054
-0.6416437336989474,1.1138025333503379,1.247189495928972,0.7157597893281553
0.6572022908519628,1.297098301584229,1.2977086086633138,-1.084289739750936
1.2759700797484188,0.17103027426979206,-0.6414084122287267,-2.0683433981386434
0.8708246784878922,-1.1336894551878118,-1.478483387221246,-1.103478431203882
-0.4756116207249714,-1.2572368385180273,-1.8363667957862524,0.05588925245377907
-1.319861871241366,-0.3319001657042269,-0.08943975664963522,1.6050478322932826
-0.90070095032676,1.0077697128517284,1.7007786915166478,0.9136880237096978
0.1598846494475899,1.3464522991894403,1.3188591289922775,-0.9007686947939797
1.2155964732609124,0.5362720880000521,1.0980149383152649,-1.6198827520196273
1.0323649811234705,-0.5892938833900722,-0.9469075543275829,-2.0408609947196377
-0.07289137001223239,-1.4691750391692844,-0.8311777151018218,-0.14312443266776165
-1.183449204530239,-0.7190998141381367,-0.07701338147248937,1.2068100986025787
-1.1781082483977734,0.6598784317005322,1.647321450633118,1.5618736441460785
-0.07736251435418776,1.4412662666525693,1.176465482119931,0.8382982462714261
1.002536664882827,0.7550216723436607,1.154072562654707,-1.8037894305998825
1.308861505176771,-0.43367467838072177,-0.02455297236855669,-0.9329205989400391
0.42982355936122374,-1.403251269564906,-1.452881297729152,-1.1666042802374377
-0.8998798066421185,-0.8391254483345492,-0.9845490311764499,1.381524734948733
-1.3305851708483354,0.11840933803763734,0.2418775621065028,1.4180903923117545
-0.39322832808871133,1.244944240534165,-0.23704718613849485,0.7631265889887617
0.8314260625620706,0.9405742159127879,1.2482236781466354,-1.505430025838052
1.3402857012201455,0.01986976921187064,0.8940878405543806,-1.3727461302617152
0.6115817002449493,-1.1316709515208299,-0.8978147288317201,0.07295509886883877
-0.6188926311988402,-1.2742339066602784,-0.8011796011192714,0.5256168941871853
-1.2761121237483484,-0.08756861918408004,-0.21204111302927098,2.0460421023191175
-0.8590918636635769,1.043185199964096,1.357223341175171,0.4420026281219813
0.45465126342219675,1.25955477247055,0.8000753672882329,-0.8395081989771325
1.3692060570972366,0.19804124807983123,1.3336140238096472,-1.2018365199813708
1.0811097332594999,-0.7994317816658925,-2.0623228242969964,-0.7747102094761366
-0.20514843282578363,-1.280423757987419,-1.4155191822342332,0.01606644794052703
-1.2082881802826575,-0.6912764255264825,-1.1918125742667918,1.452759769856901
-1.0622124387438967,0.885729521484828,0.6179056506036906,1.6740726930760041
0.038813168998966585,1.472398022394787,2.302770856940853,-0.34845443509542884
1.2269290346595636,0.6227486995162621,0.7551725064394899,-1.6313879757087095
1.3330148281173932,-0.5153509315322924,0.016177749923345086,-0.3795676586152291
0.11081957031405883,-1.3756700243242572,-1.236537244717981,0.3718659098706911
-1.0514319956272093,-0.776858000213302,-0.6657797733041765,1.0934231870382187
-1.174581705624421,0.3704175989887645,0.9940388928697486,1.2568715439044704
-0.36641683268077174,1.3036201505797074,1.598817265710343,1.286225126678009
0.818322752304059,1.0047013126252426,1.133206272343642,-1.1014313078119435
1.238522073052218,-0.2536683142606778,-0.7908963998922336,-1.272860328469007
0.3713638130722386,-1.2751261297893803,-1.9183101547759251,-0.08548495045955007
-0.722848872385228,-1.2461772036958831,-1.1928806848299434,0.5361932276971326
-1.3230950572338256,0.05393510640478609,0.31771453440484265,1.0391642562017767
-0.6600586497879578,1.253543228008531,0.7466395832309991,0.6420875475674326
0.4910474799844128,1.3022939524216344,1.3963506001140928,-0.16597369799277506
1.4095775839902436,0.0024918014967067054,-0.3442688444222941,-1.878536164066659
0.8153529404801005,-1.0465837985856838,-0.7694376954103826,-0.7602703989340942
-0.3640364816248259,-1.176185193530467,-2.29636858828994,0.8859994095652302
-1.2984620573001036,-0.28986548923642635,0.14170844361716894,1.6020145191013058
-0.9767132982957721,1.0103362274734344,1.2876648588173545,0.8161268799358529
0.2747436069473173,1.3107701350898382,1.5334988714041597,-0.08104818902574529
1.357589260081749,0.5244715429894713,1.141259950207092,-1.3955851587681023
0.9756607575186673,-0.9255036990171162,0.5537318670515379,-2.7989778048657343
-0.11695223219478265,-1.3483896051741655,-1.3883500638646031,-0.06896207790224151
-1.1625962710135098,-0.6596442439391355,-0.7038633223796142,1.0286715868369836
-1.244856577919958,0.6129646028305643,0.19085840025169776,2.0364628339936206
0.08427308947713787,1.3224363689938918,1.7789357655051312,0.5858032952038783
1.0149731833627147,0.8032508403325945,0.4909141781859627,-1.1111693952807522
1.197251113152101,-0.5115731921259088,-0.11196017416539306,-1.9218504594957941
0.29255844343637066,-1.2819376306513115,-1.1566559175404738,0.48322350564260486
-1.083038038201748,-0.9281361123207584,-0.8171324403667679,0.04177172305125987
-1.253671191302686,0.18690200607697138,0.7778989367662059,1.2744185949350628
-0.44790711682926565,1.353917466186997,2.3286955528799314,0.6390654953164976
0.7979311153838219,1.0361067613906851,0.6933138498570945,-1.0869870907446189
1.4411784272780457,-0.19848167991783566,-0.23098742091655744,-1.8612302896196469
0.6863442406579715,-1.1974717459542559,-0.7875768072279901,-0.15608825059668097
-0.7466717386791236,-1.1779994436295305,-0.9849565939752597,0.8015418831323828
-1.3900186102409473,-0.19635150507385288,0.09341466081499439,0.6640736830288116
-0.7899048624966175,1.1310786343380705,1.090872954023906,0.8351683662840248
0.45149374457533586,1.2574830616519252,0.03859732170698321,-0.34217181426225984
1.2549647752255957,0.1927233013026725,0.2422458144402151,-1.1696836945717473
0.9511998007433291,-1.0075250771325028,-0.552758930971104,-1.4539641166897315
-0.21694174111327852,-1.4585804622983485,-1.8608476631885864,0.27063923726546313
-1.2421386020786496,-0.5454044796671225,-0.5657046374148178,1.6763556167953766
-0.9740641814954186,0.762601028201872,0.377733644645587,1.2954647014612353
0.12340417739693815,1.4553504205284713,0.5790792734132486,0.08734418620009232
1.141251614406949,0.6454410811642287,-0.501394524083425,-1.7076681949090644
1.18188406654064,-0.4550641237418547,-0.5453647882929835,-0.93749344599317
-0.09812734518963143,-1.367553173508105,-1.731721413579037,0.10275115302772253
-0.9879073165097133,-0.8181176796150117,-1.619752529575406,1.1582534922747534
-1.2862798722438955,0.4637407892225038,0.8452573659924301,1.8910904056758475
-0.2342597351306203,1.362085890157499,0.17078136544019323,0.23402572953944323
1.0396177073586794,0.9481719289841963,0.7133215207352095,-0.9100751260687234
1.2943952707536321,-0.20993155139928554,-0.05047290422218187,-0.7198265858460281
0.3947277489832709,-1.2606954247078217,-0.8664811700981542,-0.47825155710611855
-0.7747307389804807,-1.0010688354789443,-1.1717169873577575,0.7693772325930054
-1.3753322677655104,0.20601442930418276,-0.29895202233758633,1.9717315635272328
-0.7174058494707579,1.0040688569804348,0.660975711291103,1.1198303686395117
0.668138263882875,1.128435893046315,0.8067683592780905,-0.8113248480570279
1.3836740448353397,0.05738549410743204,-0.07188550978049602,-1.0515332543340767
0.7207390873996659,-1.2021344026241523,-1.001701180164754,-0.8705440560174477
-0.6728424986072056,-1.2025964176399988,-1.8002469835299488,-0.03888865262999586
-1.3690763607468268,-0.3414801780071692,0.380518584141486,1.2619657282743486
-1.111886514916539,0.9233186919276887,1.8645102383658911,2.0165652986950335
0.3004193766104778,1.2497127870625004,1.370303178952014,-0.7919952183893952
1.2788582600284235,0.4082699737514065,-0.27260752290594326,-1.1507579040427411
1.0411571217309976,-0.8572652693421756,-1.1159683663813524,-1.6490393588040975
-0.18142935596648616,-1.2081380615387394,-0.5359856734556657,0.10212314876798856
-1.2883182661316945,-0.6591629076470485,-1.1932484493184736,1.314399450724164
-1.13741673830376,0.6334487328654154,0.17128454378745883,1.5726529046024544
-0.0742114774628216,1.359899942882593,1.485341887780413,-0.9413749981175301
1.0555426217725037,0.84892367954286,1.2807704957150778,-0.8157906287287148
1.1673562721279571,-0.34777796335091476,-0.9522657096346365,-1.209985053186502
0.22376404609484601,-1.4036459278615592,-0.5961124788906704,0.207427553721804
-0.9501624899122697,-0.9489974667780082,-1.2170125288726246,1.0274230990325195
-1.4021624632515786,0.23511214984560902,-0.36106275022178336,1.2389229534279813
-0.4247247537397584,1.2693457388688598,1.1807013368478492,-0.12843182639129536
0.7910843408599942,1.0566200717435328,0.8142796820575177,-0.7508181296916472
1.1903934764682327,-0.04482623001094782,-0.7215129761942041,-0.7977006113421732
0.7156967868269121,-1.2641768635733426,-1.2411497789129082,-0.8991832774741981
-0.6654048154736215,-1.1559930728354695,-2.3517675267152103,-0.3301087848398676
-1.403652026172186,-0.1513824595889884,-0.8146335011691419,1.3593733259476641
-0.8039398924977081,1.1089778880731307,0.8195511546636114,1.4209079822388038
0.44488312337320235,1.2212107833452752,1.5606732682228381,-1.4010467215958633
1.3435745864630275,0.2955891001098357,-0.06689681508664114,-1.17235499333115
0.9821433691610799,-0.9284656270897453,-1.0380200139831934,-0.6605385454994794
-0.3363584711018019,-1.2711965230092137,-1.4251873928802905,-0.09199263345207931
-1.2727156124985153,-0.3845850629042298,-0.6602084437871469,1.1739540734064324
-0.972393966776997,0.8302921336097575,1.4153615043130574,1.219029321729721
0.17339914212309074,1.356741903677126,0.7423771855228167,1.163639989791041
1.148922897310986,0.6534358911577728,0.15813656742935556,-0.8251232943368569
1.1730961233653199,-0.6608383810547724,-1.5268806054941508,-1.0869503454866163
-0.048132060864146106,-1.4450496951476743,-0.8100545478892126,0.17318707913700493
-1.178896333043147,-0.7645031190063949,-0.745069892861423,1.2093561258575825
-1.0779505335233086,0.6011677094299614,-0.1254871659080825,1.7409566072362959
-0.24088033950475068,1.3472836978930427,1.6573781840167778,0.8464336331717626
0.973199694684878,0.9196295000569027,1.0461521316537197,-0.5642970264403213
1.3055320005405173,-0.3312850929683233,-1.3013573538317968,-2.2718403200082786
0.37948854429452317,-1.284170720529065,-1.3505373993786087,-0.5030729873139461
-0.8908658933496216,-1.155633428302538,-1.1789488682693632,1.4852057643488137
-1.3176484128293282,0.13419601368884204,0.3383998836396884,1.427235255547743
-0.7733957095371233,1.0290498763503118,0.9049327061745771,0.6335363177736075
0.61201745609378,1.1730102109848364,1.6928919167196688,-0.7028769060905882
1.1652768501002826,0.08106522458215625,0.09478825694006376,-1.037481454317195
0.8837662925043328,-1.0311519033003427,-1.768104733204926,-0.8838190992921491
-0.4833654385249447,-1.142797614429746,-1.2457270893961363,0.11352826270619953
-1.2804761819658625,-0.2236518888930645,-1.009283246418654,0.49311375184546685
-0.8418834983154826,0.892368697631813,0.8058832046693787,1.763247433898072
0.2411865952628705,1.25973182985993,1.190671116489684,-0.5253352362871377
1.2208024665631623,0.41979004349457605,0.5738612781324526,-1.4678974836986125
0.9741577779957367,-0.9550801272112087,-1.0240657188463154,-0.6721578906263098
-0.06371302804127597,-1.2929360525103892,-1.086687419714099,-0.16080309863306996
-1.2057967590234788,-0.6996143837481821,0.15590596558811343,1.874804426280647
-1.0586577524130765,0.5903178855646729,0.39848610830719444,1.0212568517536902
0.017092227855240817,1.4095785359341244,1.7237670820762276,-0.039042666048575425
1.1059789342967354,0.7896901761326887,0.615047382822187,-0.7610501917590917
1.3195387764167923,-0.47071921908987735,-0.6961202674117162,-1.3064444096544097
0.41757462993288963,-1.37486369874794,-1.4785756971906865,-0.5273335490145958
-1.1451152300761718,-0.9519013254051667,-0.6089854263694006,1.220292376355993
-1.3738015463448388,0.4341869428851892,-0.3947018674930003,0.8676910315789939
-0.5381161515443171,1.2878531567223928,0.5491479298050406,0.9993732956302037
0.7806702119922105,1.0108575032998346,1.2979732706751412,-1.1824691455867364
1.5104705364773523,-0.19783205429877465,-1.2612117496498465,-0.7311261790711489
0.566034702063805,-1.1425825377917225,-1.2881201918127416,-1.0817005060004559
-0.6822312827602649,-1.2101728624268377,-1.6487991921133394,0.18452884851072215
-1.491635396654091,-0.1709620911379119,-0.1510806105825413,1.2981148155428202
-0.7154118580718491,1.1075458199390333,1.5457587516526095,1.1288274061073127
0.4443757052497235,1.3166506938855405,1.1541925233927903,-0.3081884033375071
1.4320314646976433,0.13138329567734774,0.5878687857905263,-1.0580924487076284
0.8906166136976579,-0.9738907592825589,-1.4853327939790428,0.043440591760138814
-0.38476179067693456,-1.2480694776397288,-1.460034468301874,-0.34675643549228585
-1.320139979227434,-0.4738239700989153,0.05093091214029788,0.9502861791095307
-1.0224340653120347,0.8858091845180859,0.6485199414392306,1.275315277299333
0.06931729443024179,1.2815769805272619,1.6699231036281108,-1.1965365589584098
1.2052562853534687,0.5372927991600789,1.190189926027574,-1.9851969264530793
1.1741939084328634,-0.822038282335677,-0.19894184834178374,-1.5707733359619263
0.03769662000807926,-1.4192855535756463,-1.3865310332668028,0.05514584218140661
-1.106337599358908,-0.8379552050640713,-1.2163841747430904,0.9321816290465851
-1.2967497635229943,0.6639786417714807,0.7035222834977162,1.1595968390953715
-0.2305908833048921,1.4610274921600224,2.235659247479735,0.5404333796474581
1.080194586768665,0.8109032708125995,1.4582437426146337,-0.21353197379444522
1.3116094550579316,-0.2920526757640166,0.11452996265689408,-2.2442004284189894
0.3233919170653492,-1.2860136955097,-1.5132963667344714,-0.7215837018777516
-0.9204814117654594,-0.99987502167504,-1.5851305162097933,1.1361291511421046
-1.4273149102153961,0.17710089669940196,1.084484884177973,1.6947028712524153
-0.6235759155300766,1.1542223264421607,0.6941711963764285,1.192698364177387
0.7579553333953324,1.123932043710964,0.0551554410287336,-0.7260452376284954
1.1882047113542944,0.06396819218336815,0.5871085297883105,-1.6910083046083313
0.7730643589655171,-1.260628382298517,-1.1868383170716894,-0.6175438179346138
-0.507093495994953,-1.3019935637489946,-1.6734127464256292,0.988897081556801
-1.3205582564916605,-0.2303244788146024,-0.5157578027746679,1.6369686739098066
-0.8065110586031864,1.0222600650733846,1.3133152911410733,1.0755876276243859
0.36840039082453885,1.275173629761075,1.872469540299846,-0.2563278596490759
1.2425680510412576,0.43313442897688986,0.4262114323421462,-0.7154400051771059
1.01041087889478,-0.9873340329018175,-0.8074094674334015,-0.9533133147882267
-0.1650465897505951,-1.2404417477494536,-1.2599365304916867,-0.11956343040555262
-1.1651759041189662,-0.5052310903049048,-0.7419936748250577,1.6567006831116216
-1.0945697635953264,0.6076367217752616,0.6112499051051379,1.6316554584106913
0.03974364699279857,1.2953179375187418,1.1681671341598194,-0.35535124615576175
1.195249454365347,0.7620829458791657,1.567694627289955,-0.7838240281411774
1.2026903920129355,-0.5896109253147132,-0.40002451824030505,-1.1489625944665274
0.20971784684312447,-1.3884508114084249,-2.1803026430279444,-0.5259560990311096
-1.053748579237162,-0.9960226976968052,-1.5914992812747701,0.9973931005713893
-1.3790253066565412,0.34743493750625765,0.7195517964079456,1.6163205035793542
-0.47933210668328424,1.2969837895148972,-0.15232108939927047,0.5347652387626989
0.7826270265803865,1.0030996046418508,1.0982202551001368,-1.0354705616074038
1.2933480291467427,-0.16336261906915148,-0.30415394549309527,-0.8633383427921444
0.6917261807406982,-1.2699324812267065,-1.5406756726873674,-0.9725871388880636
-0.7154569374150633,-1.1321348218718512,-1.410673811374295,0.17984953802390957
-1.505879870576508,0.016207630597481204,-0.23712562048298635,1.8753256667289535
-0.7673140956611941,1.1436073913863325,1.460856522920655,1.0500728245154267
0.4922598757926233,1.1592120874915017,1.4488581858910479,0.10080343405713843
1.3148514355497176,0.15765532268605617,-0.31763973620477226,-1.4603186361705591
0.8486837529928192,-1.0932792985091662,-1.1816946238956199,-0.48018985638283773
-0.41405702200308914,-1.3406135699879476,-2.23317960457103,-0.6228424284302059
-1.2443469077690599,-0.2594988045865151,-0.1534518363838,1.3274703506995238
-1.0692305506142066,0.8589066978756387,1.3262304013448623,1.2858635542359143
0.19290870019539236,1.3387734766428785,0.25222935837374894,-0.10955090996248917
1.1790379294252666,0.5734314707011113,-0.009889624064275404,-1.4448515541138547
1.2655895389657477,-0.6880824203888084,-0.8816840408526205,-1.3059335022429381
0.10991566088343384,-1.4270558394824007,-0.6153836380059824,-0.21305622960442583
-1.201788881272857,-0.7285140334200318,-1.1012388653316467,1.566064300768462
-1.3128987173455853,0.5040065046963801,0.6814059344186496,1.2738773689600005
-0.3103966018773331,1.3540531005867937,1.300042106301992,0.5284072126689199
1.0225175597300638,0.9436481369368263,0.9653414093644391,-1.477082757479522
1.3025164082645229,-0.385463876540676,0.19092267991412837,-0.37094087247709795
0.40310954630216156,-1.306248223907774,-0.9897253380114204,-1.0744559282688648
-0.9066930042759932,-1.0783298570169149,-1.0497152845403623,1.3406548009235897
-1.320182143389917,0.17176866217630582,-0.3150045499139442,1.0428589341703598
-0.612335074766413,1.276771918809873,0.18768623779066518,0.08253194697048549
0.6271968101587586,1.1907901699511885,1.3066892371870464,-1.02604540525438
1.4165322865761278,0.06055316490420522,0.7800620167904093,-1.1755729146284157
0.8300044608035946,-1.059802135596124,-1.40098701901655,-0.20919984242481093
-0.610682380146595,-1.2961767031733595,-1.1950394271512699,0.8239786566049856
-1.476549180620951,-0.11806133611147028,-0.6163696214876191,0.7670306029482201
-0.8602611288639886,0.9918054081127845,1.300333503726066,0.6466225324042385
0.40474844008159033,1.3534718209954737,1.2767509798762502,-0.006079772083236179
1.3815808819030861,0.35039607860898736,-0.20690172119602113,-1.1079254114404846
1.097093545765706,-0.7711153489931176,-1.2490211547638874,-2.1351410486595848
-0.14256989316958088,-1.3424842402204262,-1.6025241152087284,-0.05567788187174849
-1.2588176201038779,-0.5592944610696181,0.09682008241584938,0.5004493225316314
-1.131583694150059,0.6255978500691713,0.16349691232559138,0.45746415689196074
-0.018069739236434464,1.3709887645966325,1.5775882458589676,0.7295376103755347
1.0991924551127676,0.6608397226642881,0.3914473458312595,-1.2470354545947415
1.2617484043639213,-0.6081739353650085,-0.8811510322858673,-1.7319647945337573
0.19513742851619803,-1.292362403829769,-0.6182947835974284,-0.42297002007830153
-1.0760162149835775,-1.0025552787043464,-1.2497374105691073,0.8228038662144488
-1.3131403734934581,0.42622902685211184,-0.05720300447199511,0.561062421801102
-0.38659696344986755,1.3747508030432936,1.1015823912637557,0.9211040315738062
1.0277075359695593,0.9781595383099743,1.0647638773501282,-0.8222046765638291
1.2851183787142202,-0.2695027165612713,-0.5263614263422733,-0.8656558428105521
0.5783254532195601,-1.205001511033672,-1.1843200851213398,0.0651786403342769
-0.8415210103153644,-1.1713973397651607,-1.9882774297332884,1.8609947246346858
-1.3280397497674825,-0.04211501350044669,-0.21432352077448535,2.127254736230309
-0.742863081271537,1.153359957715361,0.7148840339553536,0.7814935753185581
0.5256595553669836,1.144302339343647,1.0968661541370799,-0.1739598581410362
1.1722936628892153,0.2206018252235183,0.4387060823965494,-0.8987114578450722
0.9944454919650626,-0.9982394364963538,-1.5016936339051783,-0.8740013982859357
-0.4573223618642322,-1.3133619426095076,-1.2237734455751075,0.32498078574885736
-1.2414770484693545,-0.2810142994202423,-0.48663294017101677,0.6095079639037995
-1.0899779110371248,1.0027910646261915,1.62521505454356,1.3554330391521023
0.26464536946328454,1.2482048942272275,1.19380561060876,0.21051916542829896
1.1642673975438378,0.534860954221064,0.5878826378307811,-0.689569934042962
1.0743534837767852,-0.6726336697992726,-1.1560666758136056,-1.5059782107299235
0.05094465232975156,-1.240900197138663,-1.6030216897896015,-0.35222418787960286
-1.2417628684043318,-0.8984402546328134,-0.8725394534572506,1.4945960122329864
-1.1958338668563322,0.5635566617213095,0.8154617832020072,1.5697109390433417
-0.19060951963165787,1.3610526834392276,1.3436327598536808,0.6885451521247243
1.0007250675471673,0.7976666624372303,0.4213602293384777,-0.8253840321458022
1.3314720056597946,-0.3542908514481199,-0.4189823694698236,-1.326091052290767
0.35660528061214336,-1.2375817151529418,-1.7620787296473872,0.0673160959397201
-0.9430201704952865,-0.9610365252375964,-1.4893764159958056,0.5192869876680262
-1.452151444448413,0.25897014305339566,-0.15790240119085808,1.045609254214191
-0.6347345105041158,1.172706740934282,0.785009571494642,0.40744961108539646
0.6868283970366064,1.1117516025847736,1.028983238131198,-0.13120882386782995
1.3922545534696813,0.07855664147258344,0.16144178992579916,-1.8499404014131942
0.729412232144765,-1.0507408149724076,-1.3871832904995662,-0.8870389432952092
-0.48720800366641254,-1.1320901127121872,-0.6828859581229635,1.0569432832615933
-1.316036578908171,-0.24316907677136515,-0.7643181458830595,0.2982804839438524
-0.8813474857815607,1.0702316291585297,1.2625954940610233,1.1893952307147952
0.38445634485183394,1.3171350733596459,1.4508340088601628,0.9361826878031665
1.3559769188079267,0.43439867849124003,0.553714985382594,-0.7089469576350684
0.9676130045591554,-0.7958538410786337,-1.6077280686823359,-0.8328903272059229
-0.20202876450684623,-1.3056000901341573,-1.6230946100590706,0.13767361014341395
-1.3089952511941332,-0.4958329599095873,0.26509652598051825,2.0463448663026953
-0.9552512203967853,0.6748714039903227,1.8296281329506385,0.7501432618556902
-0.0050558505646215845,1.3595388188386177,1.4401637680432688,0.0478320551003919
1.1242137564411845,0.7710255128896564,0.6793200657943754,-0.8043829245862977
1.2142295001387673,-0.627507356504758,-0.07825409704482866,-1.1545158247792138
0.09149642063538806,-1.306521075471652,-0.8725091418776351,0.21077541738424133
-0.9950614362638638,-0.9567531064018393,-0.09579260674006274,0.5808018931844644
-1.390459415136939,0.5089915864871686,0.3438886240736727,0.11757349633667952
-0.3313265929003216,1.2467145092294185,1.7068668923387644,1.0233800210400457
0.9461848025690742,1.011424931007812,1.6235520458899437,-1.3291482402761572
1.2631973837042385,-0.06300113552454317,-0.20515195217079785,-1.2558817080077112
0.441691196125489,-1.1544646817804265,-1.0877772289707344,-0.22721354895659185
-0.754879825315955,-1.1418373790365657,-0.6236282494918993,1.2094747841791575
-1.3112965689647917,0.03366325534229716,0.8236233150031258,1.5057508437595601
-0.832398994845058,1.1911820227605574,1.0962142456575035,1.6540866041774365
0.5260591403606782,1.231801410205886,0.845129831172205,-0.7377788323116441
1.3355712702378995,0.2204647538847927,-0.5241757434635674,-0.9433402476224652
0.864431868495676,-1.0595590047044923,-0.8310259408520404,-0.886171072851572
-0.39053148659576625,-1.1733862416886538,-0.6509080225704339,1.1643985490285669
-1.1504456894805013,-0.289428972455801,-1.608017463200817,2.331282979985837
-1.0130265169020793,0.8439720539946537,0.8577260883981069,1.0267736578480429
0.29507714591064366,1.1767037923491208,1.6841288898418445,-0.016753742148515327
1.2704941696317888,0.6059554367936458,0.36974830743753184,-2.240338509101749
1.256887605144917,-0.5831910469300018,-0.36627982696531336,-1.3050506887287165
-0.08853917813111833,-1.2872157133754247,-1.7456210290604228,-0.20630577295266184
-1.2227266248619348,-0.6475137655745021,-1.1926719623664805,0.573553379602405
-1.292560202162734,0.6177797816969223,1.0344958544848892,1.0420068211197187
-0.15189984474037327,1.397145082400701,0.8970363880822574,1.883567388501669
1.0249999366707743,0.911616252356121,0.884895045271275,-0.670225570174342
1.2843353141277796,-0.4130790451712184,0.24160991627198425,-1.3281691939069478
0.2977078980137222,-1.2733050565486141,-1.139231175038579,0.861711116902466
-0.7970829544403257,-0.9600092100051936,-0.8016674960342851,0.5014090700651641
-1.1165886305735488,0.36263484174409055,1.3086474822945826,1.416700019562744
-0.5939834360261234,1.228374952581521,1.281182032839003,0.6281670592637101
0.6656290338722207,1.1450708138942516,0.6431391121682345,-1.0602335025722431
1.3252411323003883,-0.05836889126109603,-0.18877898468446452,-1.0812720733044736
0.7851960486143428,-1.0108948541952107,-0.4469493407754871,-0.046258831002339296
-0.603890835440258,-1.1811002208816836,-1.8314893524859226,0.5643048469845424
-0.3209195380939403,0.7213998281466115,-1.027059112742416,-1.5745786658945227
0.14929798191838023,0.5122870959557365,0.026085243340376874,-0.4449728532421737
0.7591847061789401,0.11181667950481179,-0.46280445185093305,-0.5572214656786788
0.47089492115634274,-0.39790523809200956,-0.4334967840206874,-0.14574367046212705
-0.1981199893694643,-0.661624620016099,-0.29049102742544936,0.5965807830168879
-0.697575675365777,-0.19051201236404416,0.4804879587541394,0.48980086198217127
-0.5748112192939365,0.3436442459398798,1.243211620050405,0.5723514283299358
0.21768944638117677,0.6058821273081401,0.3656492234716201,-0.2243031327441991
0.6280198005919349,0.2388687322563433,0.14960592177734489,-0.5951635870455485
0.5326146153732613,-0.3455270611813439,-0.5238087931229923,-0.31248823000053105
0.05355231024918046,-0.6310271316413241,-0.8718947661085205,-0.14084931402098044
-0.5501924797583319,-0.43970085635914263,-0.6258667486348951,0.8142251538906808
-0.6245074168878625,0.20854201133999373,-0.009157376700739128,0.5930747645753198
-0.0450934678482561,0.7422400375612319,1.526352919281815,0.5493948406516536
0.5323862220957213,0.5231309432964737,-0.14473068664995647,-0.17941282852965396
0.6169482418269334,-0.15629172521829426,-0.7661647827316681,-0.8450592763949994
0.3572363694606061,-0.6848658414213813,-0.30954427540822793,0.19327054320683879
-0.3080015733740777,-0.5415615013402211,-1.4918353759176917,0.028731139413964157
-0.5874184656833478,0.07457191012335855,0.1793568259151368,0.483117649316685
-0.20776172923235986,0.5875827426740224,0.005351779180090832,0.27756486951930004
0.3729759783797165,0.5497879939286459,1.0577818529702214,0.21618116807968712
0.668885818808729,-0.08008182109901152,0.47126909096630143,-1.0152199868262195
0.3259667459198207,-0.7497742641708094,-1.2805094424690437,-0.4832346830988704
-0.3569634673447302,-0.6974122347326177,-0.40839636920814576,0.02567467261854417
-0.7133405665409602,-0.033547582988833646,-0.1480869936695911,1.0361752534729265
-0.40094392136348106,0.43506084343231693,0.6416518411547695,0.9324179522023404
0.2306716983302074,0.5979758371723484,0.6997208312791986,-0.2288884880696107
0.7960235001209639,0.21760389361841914,0.21394766360457507,-0.8679482513619855
0.4727622637253927,-0.3794256090304078,-1.4500594400392932,0.7023478782620007
-0.015503543475396273,-0.7431883654286342,0.01650279684844047,0.8889239841307922
-0.45311374938517823,-0.33175309300662376,0.601971819992837,0.7792596132874565
-0.5165879742798987,0.35736186755536103,1.1040023364033007,0.09549419754828925
0.059063668042076196,0.7020893155028121,0.911388339551155,0.17532088755905673
0.5674252695270818,0.2996040167990909,0.6510627491550031,-0.1605110999195472
0.5702640597542401,-0.12306515195512702,-0.7161835661661997,-0.9203474884170343
-5.3146607285073366e-05,-0.6934643186323429,-0.5174411534506256,0.3731995776641639
-0.47085385311606887,-0.5030805680546502,-0.9059347841415635,0.34446248303468874
-0.49303257552065516,0.13330702062689465,-1.2778290720940655,0.4988615526633698
-0.1990085971539102,0.6610488053813726,0.43940778932868685,0.2114182443283419
0.5140268608616848,0.49232471015377943,-0.6361883927397,-0.2581880009346249
0.7464899462780474,-0.027880134673711462,-0.10986403840953674,-0.6793683275471721
0.18379958205540983,-0.5574351414808658,-0.36688930503411543,-0.6809063751852756
-0.46759496508197196,-0.5533928727095372,-0.5608360125059072,1.2490692441513023
-0.7615147034287373,-0.006863475134848831,-0.7537646340134901,1.1792945283026068
-0.1551509179214168,0.6037203867207757,-0.10115183198802363,0.7105633897059677
0.23000255433724998,0.49168756698161925,0.9324960131331758,-0.5256341146256183
0.7186942126914168,0.14253502528522727,-0.34711899734408747,-1.1793507449232854
0.4627028282379707,-0.557303084922755,-0.845756142755247,-0.7180912528748123
-0.19989710812785264,-0.5219584408870817,-0.5057123368763468,0.18547607126290666
-0.6941359397134619,-0.14044240391539628,-0.0445603947506934,1.3136813495164827
-0.5784948653772571,0.5011121902819854,0.37922475650334436,-0.2592114442506893
0.09846502469981848,0.5909431203146797,0.8991813080952088,0.03943445500128706
0.6061070080849884,0.13120902677716198,0.5214719509539573,-0.7479684001992695
0.5454519784476586,-0.2788107130699154,0.8587540395716037,-0.4191139152968029
-0.08968397545457983,-0.7148206690736019,-0.5782400784402426,0.45644138751320396
-0.6610433043400245,-0.4332934924757491,-0.49704778706457675,0.4135221438607223
-0.649967187335992,0.1468590027945184,0.4809859979534603,1.3019815199977616
-0.10420797378026284,0.7629688482170874,0.7776753690726724,0.7043225128746883
0.4992997669030096,0.44027725277663143,0.9932919536697762,-0.9110578690001048
0.6149566447830358,0.02528152200111186,1.0995457867420582,-1.626397039074854
0.21313880138409863,-0.7540490527755207,-1.525160523174655,0.21324600872103805
-0.367354272141983,-0.3933368452000212,-0.5165301592889021,0.37729592131918593
-0.7435130823390579,0.3053544489749418,-0.634515842197439,0.05312305221723365
-0.2766995294415374,0.7310425420968191,0.11943347717262576,0.3495297559069671
0.3729363409068327,0.610777137922676,0.14127440077181447,-0.16425494245574768
0.7507986708720683,-0.044204459231613445,0.5796422278938507,-1.1386726813099108
0.3351726469834819,-0.5327078076755034,-1.1364015877044509,0.43048144205801525
-0.2839164945360617,-0.7117353206444644,-0.6064433789920065,0.4887565931532595
-0.8234380123219389,-0.009939000316043722,-0.7915191813111749,0.7963951763129848
-0.5229512502583676,0.5199426148233899,0.6126982290547994,0.8396064668954811
0.24330019793241983,0.48430672164489524,0.2828607733274314,0.08639092478017252
0.6980488242750185,0.24634577442035488,0.49646773569575586,-1.0879664344476365
0.5320093658361023,-0.40930725750498875,0.14006332357418882,-0.5755423229157138
-0.08270092998325455,-0.475028449129176,-0.5472475495221646,-0.7182549150611117
-0.7901345602511688,-0.23194211093046654,0.1951034147490488,0.49476446511299177
-0.5800143343744459,0.47401379911935965,0.39227088729549664,1.2779081615132364
-0.11457146838896741,0.670550098853789,-0.06417302111488957,-0.5211243945525812
0.6304538069397976,0.31396873382295104,1.13203498070835,0.21838304862052876
0.6686230460199547,-0.30534949303639614,0.2786746623504044,-0.532075402165196
-0.007317840257039146,-0.6073860233536129,-0.32152221809221393,-0.5665539890609428
-0.6485341443327087,-0.4399099823201961,-0.3745196883103902,0.6157355142935961
-0.5825070193050462,0.21573331751138436,-1.2824233683659763,0.3355071829105179
-0.1553739643488854,0.5682434939940199,0.13812671965669376,-0.5133747339312428
0.38656229174376944,0.625031607272716,0.26040522061266586,-0.3313357882903664
0.7832591474656749,-0.030112797087153587,1.1153753606622312,-0.5598457030102225
0.38408604601292656,-0.4982417360259689,-1.3599022602044724,-0.37071605137841745
-0.3955986239156504,-0.4994860655534901,-1.0093800350908204,-0.024560808334418427
-0.6049438156534819,0.10396758451865987,-0.16444770858257074,0.2867618122630928
-0.34522471526883486,0.5597258260132524,0.19891616317575134,0.8854310001077398
0.3350955662959596,0.513949839734924,0.796361665946569,0.09437535885198634
0.7180064342099455,-0.01793867585410064,0.21875279458307528,-0.9587198287331559
0.4291054640836935,-0.6022179338047077,-0.13772632836544535,0.38253576177395554
-0.18860474220674936,-0.46226699205095023,-0.265096819903499,-0.7862765089411833
-0.517614009940341,-0.2275896072118672,0.2043296032590447,0.6990317352572131
-0.5509100229868087,0.4298056210358464,0.256321365740827,0.3126032088027428
0.1508321264480482,0.6411836913776914,1.0270188121724995,-0.14823528606714043
0.6581603932799847,0.21976484014783124,-0.41575153306858736,-0.509146829380977
0.6250719454945286,-0.4064933915852484,-0.35513152312319884,-0.4023628265681167
-0.13012828037407706,-0.5603200615601664,-0.3665261372303037,0.3351384219707698
-0.5205058598183552,-0.3776073548120687,-0.7158240438679786,0.47595171833182404
-0.7456962836134876,0.2275695196229975,-0.5795037144113835,0.5034228929241927
-0.11792846848318918,0.6549424089558479,1.5777974542602606,0.6761770950212193
0.4293401646049737,0.36687416155682484,0.6990537752592896,-0.5416640919321871
0.5155412871769101,-0.26301551925174976,-0.9420772905734914,-0.5365160816879291
0.18606445348078404,-0.7355659539410849,-0.42878044644658164,0.06272342122311148
-0.4468135350353362,-0.4779742497890573,-0.6798181243751567,-0.03427854730300106
-0.5490623598072698,0.026429673755131625,-0.17970478128756628,0.5460772747580176
-0.3242423410086516,0.6233474690661515,0.8590731661371611,0.9638584918287874
0.35902668874153815,0.6419725906202602,0.6507025952073022,-0.0002747565207844582
0.7942718636155823,-0.03524618041653922,0.47541762949735444,-0.828228119805768
0.41865859456870436,-0.47629512812516983,-1.4788408830878113,-0.6156495898609254
-0.27262181314848943,-0.6234227585263693,0.21363692415519886,-0.250560328025366
-0.6567677345242204,-0.11374916538701127,0.8302097013470738,0.5569450691759287
-0.3653012303607035,0.5347043805818358,0.3961033605850456,0.4838009280249794
0.09260434245845794,0.6909326179292666,1.685184323459058,0.2702729754441402
0.7202276250160699,0.30962723316102636,-0.32580044771857886,-0.5891033050722944
0.5756304372701363,-0.4850905707363898,-0.9957070706204718,-0.6520904606737307
-0.10231959833875662,-0.6233012865470722,-1.1010350061326053,-0.08198135469340673
-0.6141360490705505,-0.25987704473614365,-0.5353399733870196,1.2338405386974838
-0.6834392757369231,0.4218217783128231,0.5206659567539051,0.8438231265606727
0.04714015339300004,0.650482911755104,0.5980698371669858,-0.3663073282818874
0.6142353303753514,0.26639166352467397,0.24843527252305153,-0.9265984578044619
0.5412834635580537,-0.23564955721241027,-0.4095076478579007,-0.6701005658551434
-0.05409980688404034,-0.8536416792188614,-1.2986114099468855,-0.5119855454675359
-0.46823592063204894,-0.3619290737062873,0.1303225434207217,1.4205724441045997
-0.5725367807004581,0.18021413860882382,-0.36892848631863706,0.14255753591776138
-0.14176114624848174,0.5210548561984044,0.9304368061157094,0.056078556731820606
0.5476814165177056,0.49131781209246267,0.3092983441412514,-0.542764876957307
0.6746309880489638,-0.046032058255188996,0.18128703990569262,-1.0703489041510226
0.297698084182708,-0.5226522278829658,-1.0062936502616464,-0.2169893704534459
-0.3421063504260444,-0.6556533528873325,0.3267731360866588,0.5138680668938056
-0.7270838128442049,-0.08655854430779449,0.2797417351147746,1.5173639202295341
-0.4304836198877564,0.6340954581576718,0.7547313824473164,0.13901012566751358
0.18377792071799015,0.5995807233072956,0.428957164080187,0.060977192261393864
0.6675033384758129,0.16939689520123702,0.2940922485586167,-0.4017667051043393
0.5789867617221963,-0.48319174971706663,-0.5007056168068743,-0.7861413756739202
-0.31205974750568416,-0.6454462341972458,-0.75685222980512,0.26188851180361183
-0.5693425916729755,-0.08911705991019037,-1.048795089338497,-0.5601284785214095
-0.5092410958832433,0.5181981067646116,-0.4330561033709643,0.4998620164096976
0.07318213621693839,0.7807864048356277,1.4708980449151858,-0.4297257524664816
0.6936758928688618,0.30786643484797227,0.7048065292573708,-0.7967324512704169
0.4194222732860581,-0.4540630125754832,-0.4115646669360551,-1.1220290329455584
0.08526957115222808,-0.7074010717444188,-0.2212823274826791,-0.28321861304986595
-0.5612202650975097,-0.2925386260269918,-1.0825170073112746,1.071321098987573
-0.5646267431474009,0.3247692219590925,0.31305036795997915,0.8612120728933071
-0.10237904219544508,0.7199837066374308,0.8304944418145546,0.020690896574275808
0.52968311125619,0.4228802759579139,0.15973153206175622,0.8690256453614859
0.7379681501658272,-0.20677078244868105,-0.8965172479846673,-0.5241048541273243
0.10365234961198763,-0.6557944050195075,-0.5705115857285248,0.5117688429138079
-0.4233759158243114,-0.4490538737978996,-0.083076044240592,0.0921533963764537
-0.525734972915566,0.1801174086576323,-0.050179167520545964,0.5006469031531731
-0.1701437061132747,0.5277759039717775,1.448931450393024,0.22524931830572692
0.35296451939595314,0.48718336786438327,-0.06514404731522788,0.30922072430623504
0.685994991719938,0.0366780265068054,-0.1949030124381912,-0.17607593179718822
0.3602595603507028,-0.5614879664710336,0.0971599937412887,-0.1696264351878729
-0.24664029250837372,-0.7079856838803507,0.06154488846673148,0.3816888028291876
-0.6322574666563548,-0.17153783600913264,-0.6067430154710124,0.578972383923603
-0.3899077536365321,0.35877397525443705,0.05723762802023635,0.07866669135848381
0.29321557046418534,0.4448910511175486,0.646790266683184,-0.5129048746867271
0.7302470314986691,0.10612358044738605,-0.6513841139074145,-0.11847975307215236
0.5369846763270713,-0.4521854486131066,-1.1692468109451408,-0.8937861955395793
-0.1390018255043215,-0.6513347713956416,-0.3645956526069877,0.6670226177376245
-0.5635875302560326,-0.34870319195754507,0.04588035803659185,0.7717073705403377
-0.43004863359166395,0.40327853095518634,-0.08211413977103454,0.40804480388189734
0.04151499976152824,0.7123174008426769,0.3322151226316816,-0.08955781418561792
0.5505462658855843,0.48041148507988535,-0.07557185349349294,-1.2272107858256136
0.4522229670865214,-0.4458327536059805,-1.4124155909874274,-0.24444063357802193
-0.036569074018978874,-0.7347310672831462,0.10827174620014923,0.01205302645567674
-0.45496065381734074,-0.5527858665375318,-0.6848615487675141,0.341414696159012
-0.7423845141495815,0.2880198009108662,-0.35259792030849335,0.4651633074242567
-0.049729511029965756,0.5308111783457685,0.32801474045816736,-0.13947613221532096
0.44116084550180745,0.5139092241893548,-0.144725803688662,-0.19934813082352731
0.689444341464258,-0.04075182306539059,0.16770022142914232,-0.851413704945058
0.22952891290008712,-0.48970811156042116,-0.4175224338558071,0.2530987965131637
-0.49414432703547556,-0.5202108384020493,-0.5598700673727521,0.6346017302108375
-0.6600954816793962,0.04033886653565632,0.4249331167361603,0.6228184306486491
-0.2664155850252653,0.6826777158966468,-0.1896800888395586,1.186343027658248
0.255264279820604,0.5428206527862994,0.4466124333047686,-0.48586205102464863
0.6941510093647811,0.11385169145043783,0.5604198326110804,-0.6132783267136451
0.3322139409076578,-0.44162114779982775,-0.07461111470327325,-0.24798639661259947
-0.16683936334042487,-0.6962654619191266,0.4205429496122448,0.7328127385732996
-0.6724319009410521,-0.2405633828283645,-0.12640425235447894,0.7025736569493304
-0.5320434499541016,0.396920461021754,0.21219330569353267,0.7119295086769158
0.07540923124246254,0.5846515772736403,0.13154378781197726,-0.28854781791530393
0.7099065859272167,0.3287275809184588,0.06001069012668003,-0.4780498049505244
0.42723116453914917,-0.42664986906636565,0.5173443623229346,-0.7418819889790984
-0.13268692666179965,-0.7271347105204831,-0.2641329076228456,-0.45791754338957213
-0.5524243868941011,-0.3448317513716094,0.05946629047609009,0.9729669761773172
-0.5182070149302994,0.36080621000575797,-0.13622901178337588,0.5060637608208748
-0.08616120311501085,0.6003374798848532,0.4614671865129156,-0.3778267356119913
0.5633943151121654,0.3038460225276112,0.5561528084249739,0.18088007967637765
0.6424562642299524,-0.16396172321952204,-0.2778941755773001,-0.8084855003638093
0.2932462282234001,-0.6081392337076034,-0.004820210913222822,-0.770298730104596
-0.3866957545968205,-0.520694747489128,-0.1714583440598752,0.07532194984726653
-0.5750442895064992,0.12700469472404674,0.39167344786687097,0.8490332953159341
-0.29857172452037045,0.6870214748978145,0.5024892323677778,-0.5995130635901641
0.47190668536196834,0.589159482225159,1.2146375954789028,-0.9949766229378532
0.7716357448065454,-0.03931400307631793,-0.4688863765708362,-0.482998401936027
0.3461039433531624,-0.5711930027811871,0.5603713189318843,-0.6407746727048497
-0.31559169098872364,-0.6139480164891653,-0.31028689812828636,0.30831454810162584
-0.5979675323513424,-0.07614480867992351,-0.3410617657874748,0.14285022258654412
-0.35246274424628965,0.6177266821474152,-0.5102025130573978,0.3627825221575548
0.2630712699960685,0.6802590586069762,1.2697780083587664,-0.2170985623119015
0.6098796721882482,0.26115131181408135,-0.39294346391996193,-0.08282346288860591
0.46151720298258864,-0.3377265166861533,-0.6156415174503662,-0.35280704606192564
-0.23177078401200696,-0.6898462021002869,-0.6657367809371397,-0.31795782183599186
-0.7395642930203509,-0.23148774783618184,-0.8979657961211535,1.2073424071927754
-0.6204271873373688,0.5034539708308626,0.9067332733682709,0.451266124067945
0.0772475592257286,0.6926729163956652,0.2529502615235586,-0.8173363681834461
0.4792554070326478,0.5180435301442271,-0.09729635789226698,-0.7012261508881537
0.5888787348039389,-0.3018825759735777,0.06554022190703834,0.45292170753674976
-0.03706281389940908,-0.6590838730585896,-0.4970763531353137,0.9170787927923474
-0.5798271753152469,-0.3325256662720684,0.14371404223822715,0.6449720331391459
-0.5906750910268181,0.25174526759495847,-0.6840964916753289,0.1984434432957284
-0.1406795481459083,0.723176084229981,0.7792737193980056,0.23272475289562833
0.317492584605557,0.5088142925919459,0.38822448410783306,0.18454325064568844
0.5224646191503789,-0.15463257842068387,0.1077334590588297,0.10065058498118798
0.18615763660744672,-0.6219514667399029,-0.8541686908401899,-0.1666722540854243
-0.39346498265715785,-0.5075008492937392,-0.49646653032410976,1.2159099062026781
-0.6358645697539387,-0.06689960275226697,0.23825556555715943,0.5324725850342225
-0.4576596135079328,0.5498254365119982,0.8265763910107157,0.6923879483835294
0.4506702627569209,0.5710905625493791,0.07706509584706756,-0.7354003822317434
0.6718321301856527,0.022919770786144062,0.12084285854353394,-0.8977478064913073
0.47515375450472613,-0.5230038601485554,0.014664730792095515,-0.523431682067201
-0.2501501724175408,-0.7061949684729274,-1.353334763378851,0.6239367345210872
-0.5931113348617864,0.014454353604620884,0.7056449619347233,0.5060428195314809
-0.4951413533964579,0.42717199144590834,1.1488555587830251,0.32620965364951265
0.10232591261929033,0.611766544228498,0.5204346578760061,-0.030221838753646812
0.6259649894207927,0.31167515609570695,1.5368881729092976,-0.6017090885421219
0.511913142487749,-0.40350043982458417,-0.9936727478218612,-0.7699670994072028
-0.01517715194201607,-0.6068662637198833,0.0035797371291657054,-0.20488075934987526
-0.46949290392249843,-0.33354758187459815,0.056377295612737854,0.8453879542415734
-0.5470722655436732,0.26071275645198544,0.6195540649014469,0.10518185670224667
-0.04227252329968319,0.6307084472730788,0.5837547305285842,0.6155178973497039
0.5183662252994399,0.3486805321174894,0.1810946229502114,-0.5151500693792712
0.6905322478841123,-0.19704408210867594,0.23179820964025544,-0.9751648757483069
0.2456776658858964,-0.6514824556996797,-0.8410119131490125,-0.7577934880780829
-0.49413913645016416,-0.48567133488248704,-0.6529310984993755,0.4201386982704386
-0.649118304169351,0.2255429394562802,1.042856977972595,0.6168702926209942
-0.2514315214724782,0.705574775386208,-0.68902137218389,1.319665222696688
0.3874838300003742,0.5463452456428287,0.9017041811983484,0.5306118277019445
0.6765743335604346,-0.09475591073016365,0.4075210449106137,-1.1073858677380837
0.24548153100907022,-0.5770827536091327,-0.7619396100300659,-0.5719005742452854
-0.336910759424367,-0.677105197553045,-0.7129913460597248,0.6102502753912675
-0.6510200537141461,-0.009283003182527151,-0.5712289813144028,1.0044364507684367
-0.3929998922062095,0.6282607257971569,1.1327907292154493,0.3167899399317087
0.21218104699760967,0.6797914684806073,1.1347676827471231,-0.13969893104050057
0.5582362431469364,0.03100425840249038,0.37327915797540856,-0.7427577367578888
0.3832701364478366,-0.49103596530115634,-0.5645466539291377,0.4179179589869886
-0.14053264744511765,-0.6876363526784868,-0.23688504650178188,0.7928545196116293
-0.5849561292325692,-0.14515163318765364,-0.054535472832174525,0.640495152526307
-0.4772912536070052,0.4327619188933221,-0.519792122865191,1.3144385598557864
0.003297774885237935,0.6833729110625938,0.5935584390670111,-0.5009431926331376
0.5393978332030651,0.29359011970848586,0.32658425911056055,0.44164030374103336
0.5882572910774945,-0.39573245207800073,-0.04980686845740767,-0.7596293755501383
0.09821896678501127,-0.6661259235513498,-1.5650092670551623,-0.045971090663114444
-0.6754336644115799,-0.41786355348679655,-0.38391345484605155,0.8061852873924199
-0.5457502210438727,0.2558948821739188,-0.5496688521521725,0.36107101577971906
-0.1389051699259901,0.47474572166492157,0.31247655298667454,0.46293084889314995
0.4334067324786749,0.39294199181662426,0.5622983196085087,-0.4283683342041045
0.7231788280186415,-0.14236087660351293,-0.12517945571110634,-1.1700820450986744
0.2548730961456809,-0.7258087575000267,-1.1327110745790852,-0.17056197605649415
-0.5232664560764853,-0.5841898847315923,-0.6957082090283612,0.15187451219753956
-0.6743487131520896,0.0849066439439001,0.6308620917201713,0.1869908951664001
-0.27488058615840055,0.5017795718218718,0.7768041774837244,-0.4263632637266157
0.35044642768796286,0.6349624356158957,1.122224540979167,-0.3246061647589138
0.7144204479425847,-0.13470645272083057,0.5344070910178544,-0.3276731968536099
0.3998782468624181,-0.4761960519427989,-0.7947694435440711,-0.582360660237824
-0.30386941382972565,-0.5812437266828702,-0.6988403270021957,-0.15557846655843977
-0.6633267346070854,-0.0995723090321293,-0.06306595858584951,1.2224503065121546
-0.5299427161841769,0.556779183183962,0.6024275400467677,0.9290633698406248
0.31718965206878724,0.7309784169758848,0.727963142043829,-0.14303622215103173
0.7561961955350763,0.13031331112081185,0.20881912115846224,-0.01793006675357811
0.5576243633903424,-0.47194368915609464,-0.6469060907561558,-1.0839973089360004
-0.07813483739762123,-0.8063620504031073,-0.006556103552280423,-0.20507857324261636
-0.5477138149039202,-0.19822901766844497,-0.4324690434945222,0.2745089927838716
-0.6580167883906075,0.27778697444082173,0.1431073846568165,0.6058287599492309
0.01334209342941807,0.6705595603735225,1.2458288443738919,0.10969641072962943
0.5481571645730295,0.37042050913848557,0.36931535129394066,-0.9493157137374741
0.5920343761323532,-0.3064115425411805,0.2072867334492523,-0.6193596509086683
0.338256902529285,-0.6087744002247687,-0.949071149762531,0.14852424528830677
-0.4605293286616626,-0.32740960470575337,-0.3997419801893018,0.4461818389914157
-0.6660437636750532,0.3014395981959178,-0.00017726865260747626,0.7033369519116219
-0.23002670974535558,0.5739092463759994,-0.04764941395605654,0.24940409427477328
0.3436541383291952,0.479972758798454,-0.45305765947623866,-0.3334045186629647
0.7048208937643224,-0.07258509603948271,-0.7092291394903427,-0.983266765813889
0.18122445761506478,-0.669754333706648,-0.9653593409048653,0.1543776453568807
-0.34153707261506594,-0.5813046411656174,-0.44557025605602874,1.3871613328851362
-0.7936524684676102,-0.061364045141791085,-0.2143614732863297,0.6895474766333753
-0.37976727223088647,0.6190379886806416,1.2000586249415588,0.6173150140404384
0.2581071835542923,0.7118571493395554,1.1384211129061172,-1.0049937444493773
0.7237298515456047,0.10467946677034504,0.4176521714585246,-0.9098203868302576
0.4882153552134386,-0.5526372624376938,-0.4714959469257726,-1.0592661083106758
-0.2382131284437466,-0.5771445942860768,-0.895833732502345,-0.8450062914906614
-0.6520764257340836,-0.19708102889742413,0.0054181076063059,0.8739734719721967
-0.3734150959822892,0.494056896228133,1.3427524914264402,0.5979381109733933
0.10584000375990879,0.5234990243448207,0.5255728718890554,-0.06450867720212083
0.5231111714585075,0.23466612306702012,-0.35213127449545134,-0.4143719656906994
0.4926632520617936,-0.2141749470961169,-0.010904782864311069,-0.792587406047715
-0.06936858136330953,-0.6582435603240174,-1.0057786705360594,0.023731533144596972
-0.38073961210171126,-0.44458572789277706,-0.4062070634527193,0.8214301605290971
-0.7787505464384057,0.29141817765145417,0.14018723158124413,0.04894932930836551
-0.1282581561950446,0.7329706082120595,-0.4398669127134315,0.638131252748777
0.4065551348615333,0.41848123369349133,0.25570993453771285,-0.20571275204510298
0.5776444946756765,0.04735524576253075,-0.2970229570196514,-0.5971407828758061
0.31925904315409476,-0.7331216026497478,-0.6183036504071355,0.1403419534370176
-0.33545615986402944,-0.4049942794847672,0.008818106156511796,0.7124421308204889
-0.5460028681544705,-0.07800442787485165,0.8611553773588038,1.1253437266580224
-0.46428823624364857,0.587130338463243,0.2217600087271615,-0.6140556192039781
0.4053703469542689,0.602543101118225,1.103279419305172,-0.8332060603237779
0.5430638550029634,0.0037157387554833422,-0.3079653266600657,-0.8310771585609494
0.36018178605795664,-0.5795579086422286,0.11462308738583671,-0.15310616931997367
-0.4044161217187403,-0.6660413690475162,-1.0443316388239352,0.3233480738850564
-0.6472415280708901,-0.11727501479544089,-0.32623717906886285,0.8175815099751562
1.3142422664818012,0.4205932227917751,0.3445466512318207,-0.5585507220779945
0.9479904477000495,-0.9084815856384398,-1.233030792286504,-1.289379749297707
-0.2633289015581953,-1.318893223368648,-1.339292214938037,0.12932376865981476
-1.2270928690002805,-0.5496103386391981,-0.7229587885188649,1.5070183458990019
-1.0942082433433262,0.8420804276458081,0.7046040666163755,1.496789005121627
0.05891014241506928,1.434816632273166,1.9711098331115011,-0.03447732972788553
1.1563938298422969,0.7529245707351497,1.6857434764282686,-1.2259124788696751
1.1727967273759663,-0.6364682690252953,-0.5279642583320776,-2.4644998532977334
0.11184273834774443,-1.223586678364899,-1.932832618606772,-0.11492648221949509
-1.1940065546593164,-0.8174326973509377,-1.3131138380745437,-0.07879160382149697
-1.1564644537696507,0.37841781140120917,0.4447559385833877,1.6829978655773439
-0.3757005135326125,1.322370622676236,0.9491162277902998,0.7439029154412169
0.8589005196363058,0.9356061829550336,1.083512773766867,-1.055259716382958
1.444758267153756,-0.21124199227756932,0.6774841455993297,-1.2205096923305456
0.5985272955401815,-1.296412704786024,-0.6103551378907096,-0.22366997857476645
-0.7203211575149843,-1.048472583121862,-1.1345660323740903,1.5734294292353856
-1.4033676713008045,0.11509629259162096,0.9864817219483435,0.8540639415701767
-0.6921736729661472,1.151007435962361,0.8324033217133553,1.0612531188749363
0.611482787303248,1.2347404018469854,0.6387988155580623,-1.829086972592241
1.272809318276985,0.25990088647934345,0.3601670393983325,-1.5238426350304517
0.9258796341559864,-1.0571326771931444,-1.1352870317150532,-0.48133133417974316
-0.3532122138695159,-1.350252596220475,-0.9882126236475136,0.08051718437921074
-1.4140280200724906,-0.2378710861886929,0.4022708245114637,1.8777624199755842
-1.0812009924050527,0.815567444395978,0.34809971198190737,1.2712296396597522
0.2591534649818653,1.4043132160704823,1.6624452857950272,0.7647292153618024
1.221213580979378,0.5274888016212755,0.4573455598008014,-1.062114747679383
1.1671088875626436,-0.7059709227014063,-0.4947615472287803,-1.09705562798037
0.06403453750862023,-1.4106155591053235,-1.3630823379359265,-0.6019879209618861
-1.25903809505186,-0.7581183779010162,-0.8929315959664397,1.6469887114306685
-1.3463893599483967,0.7322768417899439,0.24431341148941965,1.8323708709428113
-0.24183468397082147,1.4046517519261115,1.5407554191849253,-0.2374752265486535
1.0113877780403633,0.957676271753655,0.23859796660502974,0.0551831261425717
1.2513883690637082,-0.4185726215028542,-1.0219069873342856,-1.5794426109463016
0.3161297640950556,-1.228519595501774,-1.6172635745503035,-0.16345691378142901
-0.7795947209746988,-1.0150453875731065,-0.8246470659623967,1.2897147636621564
-1.4491187161543164,0.2472556210036087,0.04306840709248361,1.8861204105827416
-0.6887451061151386,1.2105243662533276,0.7106841050329749,0.8693640995619234
0.7901265225903851,1.1539416768430373,1.030460622830358,0.15070633770368658
1.39222045484672,0.03097717293821574,0.2275445776539453,-2.0827799768859565
0.7774992747093183,-1.2580775408872786,-1.3521231595809096,-0.4267105151750372
-0.5236300588882518,-1.156627033884084,-1.2439470651053297,0.7221473686400071
-1.2947812795262197,-0.11243633775989942,-0.032035130060600325,0.99881194005235
-0.8244699237232903,1.124555669086813,1.8585763081745854,0.07058372746479025
0.3792127821909531,1.3406068238031215,1.6753250097066403,-0.1721831257814832
1.3762786687089201,0.40687998967823924,0.49143638193469896,-0.89771989312815
1.0716209598097102,-0.9262104307147592,-1.4315570417561707,-0.29045295511872293
-0.1664162929182102,-1.3874489236432501,-1.3451895047585984,1.2911135930317386
-1.2331041504489124,-0.5832207897429746,0.11799828784218813,0.8323514479191951
-1.0492849987857995,0.8087134435122053,0.39029321806030026,1.1200863788458342
-0.06196319772697037,1.3665785336677845,1.3463735251867222,0.3503561297853941
1.234322286977516,0.6388593354511414,0.3234406634925513,-1.0123204318206795
1.2038626505867975,-0.5006231107825927,-0.4270284014535708,-1.4549042186093386
0.16654385351948037,-1.2944681250415817,-0.6261272136451959,-0.8618552412485048
-1.1508277250750112,-0.8376173317254704,0.05587511547849422,1.0083982349983522
-1.2915040987663267,0.5019305116666107,0.09942446121284032,1.5053925661209273
-0.27293681524788055,1.2650632834011937,1.2290650324841885,0.8226695322743527
0.9681318936520017,1.0461698566134001,1.2175921418121427,-1.6743608355388129
1.3221575406246926,-0.24577437995700416,-0.576333837388634,-1.4773248863920712
0.521643893329607,-1.331422883082951,-0.7558303154299012,-0.9832213996123185
-0.8192843210091872,-1.020589800408828,-0.061002179505299514,0.11756293040109833
-1.2917195875554652,0.031163743969506698,0.128301710736195,2.2657391967986515
-0.6988240130881443,1.182338951619003,1.0918331599126219,1.0021646706860032
0.6413919316514787,1.3044521235065847,1.2055908021951378,-1.3477237979597723
1.3518234303562056,-0.009515394786246772,0.676838382473337,-0.4642204631217468
0.889875285889333,-1.1485137756113686,-2.472573675834835,-1.4326716055860438
-0.39388343784973806,-1.3014332576763394,-1.3578903840907992,1.2667144693322296
-1.2656283326687252,-0.41982034712075206,-0.5776383545175279,1.481019231966576
-0.9115822066524778,0.9094163770736176,0.8901778023486889,1.3516159376776686
0.30633818194287576,1.3744036052972781,1.7075335711806316,-0.5785920088496455
1.2604329709638442,0.4214253213998929,0.7560115982778082,-1.1583444341912508
1.129158781410897,-0.709431263604277,-0.7837448016557785,-0.5185948874998103
-0.16168106100549653,-1.3683399103654457,-2.2671594981893817,-0.07036150614172398
-1.1167170439126552,-0.6353059000262209,0.028915953844464992,2.1427998628901093
-1.212728611256627,0.6347215370863908,-0.579376896158067,1.1334162776894279
-0.20667704243387164,1.3591932062770817,1.8675090573108368,-0.23590411379374232
1.044347622376784,0.7731316434661704,0.9798961024169628,-0.6086992690060572
1.316282699416322,-0.41827988781456077,-0.05488774557609766,-1.2212716945420081
0.2740127394604191,-1.3687613968535493,-2.158283616390398,0.6153215716198646
-0.9628932005299409,-0.9684335607685564,-1.1514204058421933,1.322043537933738
-1.3803166908808155,0.22507047107188236,0.2631174746713061,0.7512954652987508
-0.5139977383610529,1.213314444410457,1.0411262405381567,0.05607969005206881
0.7743042166041397,1.200803492641164,1.1987448390481714,-0.7625537954612738
1.326972373391901,-0.1966005454656769,0.03274272657642574,-2.002602272877971
0.7335274598551255,-1.1479138612942397,-0.8945155569393215,-1.3290164862367304
-0.6578331963756724,-1.2115692538338878,-0.7838645269583144,0.03611962705638572
-1.3776489016868125,-0.17126396426413812,-0.694105687119646,1.9642055208309306
-0.7781578695774563,1.053819906075576,0.750000986626071,0.640074361074563
0.4141711102498384,1.4031776317673306,0.6837328484236732,-0.24568609968481425
1.2857762285783108,0.34464263668545825,0.7923970046967865,-1.0502529024991987
1.072098866416595,-1.0399405816053455,-0.4017607293753245,-1.1843269964824148
-0.24352848592167017,-1.2622996718683526,-1.3292834249312218,0.7879514344363547
-1.204226750834704,-0.4608898414245691,-0.5111769529758403,1.0969875270359657
-1.1275938065154338,0.8452138609960341,0.09436466718342973,1.078990723701685
0.06434621258255693,1.3673382828499205,1.3283706282467462,0.23027609579221786
1.1807914232649235,0.714004074806723,0.8054387670822349,-1.3329114264756114
1.2514380228047504,-0.6686493632826586,-1.3563712713362819,-1.448714672078969
0.12196701235301954,-1.3210178911510235,-1.1031266438462708,-0.0288570338622407
-1.0881045700046654,-0.8527650214398076,-1.4128538750561597,1.2307141921132918
-1.1922638503086358,0.521922527600086,1.0679585840614725,1.1034378899289443
-0.1935928173776491,1.295493712955673,2.5550407489644322,0.06997714790490162
0.9311395492668981,0.9318148765714644,0.8512453870426762,-1.2333026721952978
1.3110769320231324,-0.3807410917633983,-0.2827390275682673,-1.0748720393197664
0.5465810817175751,-1.2124524411307827,-1.2712256273084714,-0.018693658424820958
-0.72833797538891,-1.188856116066631,-1.3538518889787226,1.035845189103537
-1.3079698775619368,0.13710330846969088,0.5329924312014667,1.6309436507711454
-0.7284159707679608,1.289971875696563,2.3422800934497943,0.9184989480073047
0.7243674074725653,1.1976537978373327,0.33807238965023245,0.1328554348445543
1.4843070207297042,0.0723458255210197,0.038027191720562126,-1.5741350444021596
0.8607485219716139,-0.9758153441834919,-1.5523677130253122,-1.1620065273755225
-0.5043059825061385,-1.291660620654396,-1.774353875048349,0.5730655182969613
-1.2710308865202813,-0.33231674658211635,-0.14851883961101597,1.4439372612507633
-1.014112052647038,0.8262175485788128,1.0350422995719877,0.9078707078294412
0.23586484980320127,1.2212907495409944,1.402193242264097,-0.34260820840171347
1.281751478892243,0.381583183516985,0.40603176834432597,-1.7126555860186512
1.0872339864112,-0.7632213686566558,-0.4129696333215971,-0.868438536282764
-0.19235606120440252,-1.382867589371906,-2.1663767497114392,0.051538926652521244
-1.3386283280015028,-0.6815620849931012,-1.4973873052539421,1.1920413779674832
-1.1783816943246441,0.5060236197130518,0.7616581317888338,0.939716248085507
-0.011743747203077207,1.27657408059105,0.8715984190140946,0.6525185347637519
1.1946095147268794,0.8058315595700623,0.9659341193498566,-0.8364060007442886
1.3420036634002586,-0.44051273866108165,-0.9456674788599118,-1.746728612238169
0.3381795817740619,-1.3902287772086779,-1.5360809908484656,-1.3932187850546363
-0.9880766041583087,-1.0432969267410177,-0.6682230489207769,1.3070960732419683
-1.423461084816028,0.2955929584513692,0.11651034929123227,0.9075453821403281
-0.5275309267193934,1.3789364205147983,0.519465344335491,0.8036982155585082
0.7630361294203503,0.924562321762454,1.5601630560677198,-0.3973644545600441
1.3218177939492224,0.0033681001286670204,0.3490959689844264,-0.8664287867777265
0.6287641226784892,-1.178953992876645,-1.1071893259049341,0.027120007049662442
-0.7739302511143346,-1.250994945299033,-0.9858558419413488,0.9359065387551968
-1.419143609159901,-0.05539544287132565,-0.26188037634351513,1.864111903934726
-0.7800190087054929,0.99298140614778,0.8734385466907846,1.1756322902345528
0.3874390838731819,1.2424360628296016,0.29505854918593977,-1.0529044446909697
1.36413569936909,0.31056518637869124,0.6816428017920617,-0.8986582076166882
1.0018060111045757,-0.9356863982806564,-0.9855787319969883,-1.9499449061581746
-0.2221090872756399,-1.4495240120198374,-1.5170933034576577,0.7923587839990653
-1.3244383746907373,-0.46548719319742554,-0.734820167114123,0.5422131685697107
-1.100373177943136,0.7583902049465577,0.9570942668055038,1.2149233524544067
0.21753453981798254,1.3263774680045441,1.2906682293196898,-0.36352117817140317
1.098219132153339,0.703665615223895,0.2018699112478517,-0.9375732776545034
1.103888440155997,-0.8436830410381017,-0.817098262094208,-0.6764577565307206
0.09214274297234558,-1.397044092219599,-1.859053289754044,-0.9845685351029909
-1.097157744531101,-0.7410480237639707,-1.0907511113631463,0.6714720242735661
-1.3068446248210037,0.5932323941651144,1.315570451628686,0.9240650482868062
-0.23001835360252998,1.2953975648313418,1.3110190332089726,1.312874773780437
0.9392830666382975,1.0705732506491383,0.5961785673625919,-0.9385822871978422
1.3501453585737755,-0.23346117288809973,-0.47867690008233876,-1.4107192732975
0.48902626354119494,-1.3467134534360397,-1.4034798871135936,-0.5743919475725101
-0.8661279020285494,-1.1052914401508536,-1.1525029050492968,0.9130346022834945
-1.352890705000555,0.06731202208585876,-0.05369656666385336,1.2498382514071473
-0.5684988232404532,1.2753317664957933,1.3562331978873614,0.662705410664518
0.6110571291856594,1.1728286273568753,0.805421392873617,-1.4809418511881611
1.4627701830988358,-0.03283183378613326,-0.5256258584198337,-1.037515176233877
0.9473632651783623,-1.0174399081256527,-1.338800623870483,-1.7649665051064756
-0.46050742728089444,-1.3107646662262078,-0.3361355392998827,-0.32611823027780207
-1.45979435358347,-0.20950020510890205,-0.29262006502831506,1.1716343032397343
-0.9575568425152209,0.8936945588302284,1.4724453912620743,1.3376243790749291
0.26867433020553527,1.368865814855758,1.3157834702196491,-0.7341463327940889
1.3853667096113331,0.38120955282002533,0.738918591843748,-1.6234753425994919
1.1743691548441424,-0.9925293687280767,-1.417844409338419,-1.0266188843985928
-0.10431138041612018,-1.3539487000079993,-0.875230782703692,-0.28563174858044826
-1.198443517266846,-0.6815936137569424,-0.23240725182348432,1.6013040279638269
-1.1954525116954409,0.7535273048627507,0.9970418514763929,1.5443406764654204
0.07453289867612813,1.4041026745038105,1.6299301792897674,-0.3301873024211177
1.1059036314758168,0.9067410998272998,1.3175363716614374,-0.9244823397759527
1.3543359063537983,-0.5107357713802476,0.05541724821225946,-0.4561989139602682
0.30322093156851515,-1.336874047441434,-2.4684755778210365,-0.2485842029871177
-0.9590478887118704,-1.0310989511425832,-1.304976290575074,0.13570258713780203
-1.202040359509584,0.3768117443425209,0.8348316156909419,0.8551016996583988
-0.5849605173319736,1.3549363292524848,1.105671509453541,-0.13300238998740332
0.9366721815071997,1.103247721010853,1.314769990228719,-0.09027217228682605
1.4080318543794843,-0.09309403031734527,-0.21630911270663078,-1.2715892424630495
0.7019470776717271,-1.2267296178178562,-0.9408588050504757,-1.3252969381876512
-0.6746351424243022,-1.094947405205646,-0.03634347064570442,0.30637909873622027
-1.2789605795198047,-0.0649386673594052,0.2653588185501543,1.6529324391569526
-0.814342839900702,1.1054201572439093,0.5558535941690168,1.6229319927024415
0.4176466034998808,1.2402819770156313,0.5998762708925844,-0.1987239777371641
1.3966990324628856,0.1722225034719223,0.5359046884800522,-1.4648747963403876
1.0323558832410884,-1.042710857281729,-0.5753329873785201,-0.6390072987550105
-0.3067973052101602,-1.3811855658074823,-1.6087395003167233,0.14086786583470512
-1.2000569846020845,-0.3793788293553457,-0.7619531073277386,1.1293101103870744
-0.9589640411329254,0.8710580239133372,1.55967282894432,1.0475568843655914
0.16995561533665052,1.2463695663538683,2.1252718592308795,-0.13294300190881403
1.17007147545087,0.6073802485394069,0.12258469484949686,-1.7000621874136375
1.1008435584090241,-0.7584964577947089,-0.9347267898546274,-2.130662097685941
0.06508947336452135,-1.273834413216872,-1.6820402504741372,-0.1739251441192058
-1.0044495507342528,-0.8631876148985633,-0.6267077921495157,0.9764348155976688
-1.305633112941198,0.5361525027511774,0.9382992111029675,1.6719893998236128
-0.2587761257527525,1.2505249537789778,1.5756762242064877,0.7102468633792014
1.0719853726636637,0.9079586599938414,1.0985852710162507,-0.6151030713037398
1.2159091192453482,-0.25775212027774264,-0.7313571499203242,-1.7404135388133148
0.49499838871310164,-1.2688690751411775,-0.5729877807313988,-0.7850334333336828
-0.759629761940785,-1.1159543706648312,-1.3135980626848365,0.6431340152453835
-1.4428422059131254,0.016547320151727454,-0.2221550794543392,1.6848465872439566
-0.6715154433674579,1.2317215202334721,1.3587240460257628,0.5635654509270294
0.5965827727409151,1.0190393141149288,1.8960998694249327,-0.5343422472787407
1.37359138297307,-0.02796818486335198,0.5354668658423989,-2.321625416612886
0.9462832325198822,-1.078705834071873,-1.1198978186406776,-0.17458718320903177
-0.5315218393234948,-1.2030371496644017,-0.9532979106969943,-0.237428095685136
-1.3095848132318992,-0.2802186378327831,-0.5752666554323738,2.0413818073775265
-0.918861264342206,1.0192511501584616,1.205690747136982,1.4911512404180305
0.3349224729337264,1.272943214552172,0.8389356754732802,-0.15045275380854428
1.312673876728689,0.37362490578893015,0.4155411840999157,-1.5040928124732988
1.178920479331954,-0.8362535493768427,-1.0108314624017,-1.0345424231421907
-0.1649883257964867,-1.3180600873066926,-1.560613732574247,-0.497608195600836
-1.2660901254733765,-0.6602488782668717,-0.31988092221709286,0.6861249441341982
-0.9303346889361198,0.6751312642975307,1.1245009126220695,1.5817259767978604
0.046729684336762,1.4004900804031717,1.0803207318166845,-0.03658004418847227
1.1378259709911984,0.7356486743353859,1.2705063315081444,-1.8468895038724187
1.2921402713466743,-0.4780886525509944,-0.18187467384734868,-1.3031528313145775
0.13334258377442176,-1.3046816738937173,-1.0328609201686807,-0.4957709506725694
-1.0278604721346578,-0.9060707925667236,-1.8616551828157646,0.9452495293506363
-1.2686498481925206,0.3124827703816847,0.20597672221343677,2.028070609421454
-0.4601195484901464,1.299929377099661,1.4222698427492033,0.19760121527935937
0.9380774335540951,1.008742273012856,1.9787493192860088,-0.6955327253170573
1.3478715976007953,-0.1966279764035532,0.8919256610636761,-1.4173077097554456
0.587714962657568,-1.2975266056650367,-0.9135937821909396,-0.37323753219577926
-0.7166986861025696,-1.3117067257260144,-1.438636039360801,0.6717720793857307
-1.4137339407994283,-0.009828968205309152,0.02656172086143549,2.678852408906335
-0.6147697250936236,1.128167459673282,1.3881528327692654,0.47215391187311884
0.46601571615805804,1.244113722095201,1.5418659769071996,-0.4086473678183078
1.4626129832918087,0.2055387975936686,0.26103928284834765,-1.015400445246128
0.9367782666825228,-1.0431696302322209,-1.4937693709137394,-1.7529232182074688
-0.1925002195489983,-1.2828850155510452,-1.4421269326738466,0.11226669714244353
-1.2790483171838405,-0.3646042500953936,-0.24094732346387815,0.4266714587021758
-1.0659712149470524,0.9211838581272831,1.8675617611969535,1.2000864490001983
0.1135020391402265,1.4816831996966267,1.754326082226794,-0.21136613293620155
1.1565733531072537,0.6054280981933786,0.7633084137836366,-1.13023232746039
1.1635409559020258,-0.5982936003722648,-0.48635644687329727,-1.1360518948794067
0.04949197968852578,-1.410132097256845,-1.0199671904759202,0.6274932604437555
-1.1746999911771066,-0.7741574540929619,-1.2332681367874914,0.5797183025039587
-1.2765085029045313,0.4728162460513273,0.4536843767909571,1.5059906362676656
-0.3544595290606898,1.4020791110658648,1.436500584790823,0.036717749633703445
0.9755049039165796,0.8743310774178099,1.6641947455729444,-1.2762586627526662
1.39711712170521,-0.3244642168734659,0.012687002885556353,-1.3139857806390776
0.4855765776622677,-1.341044122945966,-0.8851224985599959,-0.7470685704168556
-0.8879610137436711,-1.1633335348618052,-0.37309252607923005,1.3038029207388018
-1.3601299920897227,0.22114573510813632,-0.42397641395716557,1.7605204014828335
-0.6252190766229567,1.2315555818041755,1.5491054617296707,0.8404869955159455
0.7044910931311389,1.0661972312043997,0.4217920979432832,-0.37996836215064445
1.3147745741784398,0.15406416905885587,0.3536125264575307,-2.2920819642941224
0.7720802356967925,-1.035893327035184,-1.0128373125748684,-1.1800111291290971
-0.6223572163462882,-1.289464419310445,-0.6426920807864911,0.7499176230446858
-1.243929354714143,-0.2423475441727527,-0.30878367879799473,1.9470562354254821
-1.045450149377123,0.9346268629959256,1.8457585560706429,0.6534667917483095
0.3956824859264685,1.334763600579213,1.3107425293196622,0.2767948496071704
1.3319597836958552,0.4649080846877988,0.10488273419926197,-0.4406126859164061
1.0543021062522901,-0.9235581360148244,-0.7626821138572248,-0.021655700754103502
-0.2004379598537624,-1.423537955525844,-2.1714342365840547,0.9354048905383172
-1.2713313518408165,-0.5799159269080766,-1.1358974059095617,1.2857430206287113
-1.075472573855565,0.6932928811150332,0.8718405735874979,1.6788863631415507
-0.042984529949593404,1.3681719839048712,1.058694913023377,0.49981203802901164
1.2419106711444876,0.7483781121556387,0.35734734397899537,-0.3934682061929151
1.2973393286767365,-0.5497022024272183,-0.07286325734162435,-0.9625686273987007
0.24137355534871163,-1.2409084406784445,-1.2186924917880595,-0.3566469285779361
-0.9233014570521331,-0.8482338808990527,-1.1324293731197932,1.3262319500564372
-1.32210031707977,0.353036242964249,0.04388160077282821,1.8667750971248447
-0.3699702238030213,1.3751302055771077,1.562407436225516,0.393682012759774
0.9545827987908841,1.020242606732641,0.8817981303014133,-0.23270871017618378
1.3970687942870468,-0.22145679093538523,-0.3783975835404074,-1.4755162148410654
0.5316159412015922,-1.346342075350063,-1.1780080883752637,-0.9013444176227658
-0.7270986622408301,-1.2050580749097892,-0.4485288247910135,0.785830129704963
-1.3092890317912305,0.029374652329184937,-0.7719644548827365,0.9773607867730663
-0.8468618164471005,1.0796256073163182,1.859620349262282,1.6151390035795676
0.45970761850959696,1.2128713989512967,1.3565420878533108,0.0020433973644817804
1.485528794704492,0.12513182364959624,0.8428439838918411,-1.4052771495036367
0.95042060812015,-0.9663873395244349,-1.101237433475255,-1.2436574762086383
-0.3552374268974771,-1.2593522794436436,-1.4176705182210658,0.27349052573776844
-1.3482668094039347,-0.44314513519004195,-0.18855329155793132,0.9260430417176349
-1.174060145866832,0.8143169701126405,1.0082991567803223,0.8522362643837267
0.08683775424103299,1.2733722405206225,1.0021165718895655,0.1094938207532381
1.1887338801483514,0.6569170951008272,0.793338880542166,-0.9131075432395724
1.160502642710102,-0.6443335874599032,-0.8207790333674059,-1.4561158086683639
-0.10037752002158196,-1.3716574028098272,-1.3157959195847453,0.4420415058197724
-1.2587281761710383,-0.8099621976484778,-0.5798108970105376,1.1068945475114826
-1.2426135875107631,0.5454855985996824,1.3877210056883083,1.347472198395589
-0.18458859810895584,1.5157342468986326,1.6157608215563584,0.13589394404466715
1.1200205098110474,0.9437686956973315,1.2189964944802678,-0.8536640101126269
1.1984147578493705,-0.3924505948618772,-0.7020972791999469,-1.1065986466466045
0.5539117869190175,-1.2187726081738137,-1.0714411680999327,-1.3420105061576626
-0.8933885514370684,-1.1551435983907714,-1.4376806741059671,1.550059183524497
-1.458054686474558,0.10930515195021452,-0.7291038365685221,1.4762651439026158
-0.5320243804305254,1.197194453351978,1.0632599573232584,0.2921688528869637
0.7335732043171468,1.0985264263254044,0.5614608330608883,-0.1886614923061447
1.2441047612910183,0.013886939378708702,0.42463857623175616,-2.1353089663673708
0.7543072650834435,-1.1275084915011195,-1.031434883914376,-0.1589499203083089
-0.6595269416362541,-1.3358320332199907,-1.9776275067935833,1.2425187901140389
-1.3961890542730961,-0.3798283829436848,0.11012653062650535,1.6611943350233276
-0.8754091465405004,0.9376703004610244,2.100410184536659,1.3316773374643924
0.46738701772481067,1.2755780687103646,1.0076507916869881,-1.2202974208562645
1.444976323620856,0.2864397321724073,-0.1176501524023732,-1.825310305181328
1.0309847384668887,-0.9048391319681174,-1.2319843127820485,-0.8551192048992207
-0.20065011360007878,-1.3335923548419817,-1.16375291948432,0.012556418595938146
-1.297037274646601,-0.6390655757138562,-0.9777438342170808,0.3350832150359795
-1.1962424477053586,0.7348268677673088,0.6854594554379689,0.06704000224224516
0.00893936058916986,1.3326340956584994,1.9725309826488004,0.3150247672852935
1.0685524142717635,0.7067588918714341,0.5108125759121274,-1.4413773157955205
1.2530704521733882,-0.5672108889021673,-1.0045871484243407,-1.351623005927944
0.325971355741533,-1.2290999264361204,-1.3646952715427214,-0.14306023019018177
-1.0577239977530903,-0.8111349212718529,-0.4533429063682415,1.8111228126283356
-1.3824800924380327,0.37271029506289444,0.2518613720427021,1.0010323992028387
-0.2973117314955477,1.2798516056202192,1.9700196571090105,0.3567032105534296
0.8576237998867311,1.1504498085179442,1.3055133366429106,-1.1674214414643758
1.2522000849100225,-0.10931942300730237,0.07587233464979581,-1.476586894778955
0.5900735985935821,-1.2699827983746226,-2.272288793823216,-0.8716153619088141
-0.808688635635271,-1.231792017493478,-1.1072417746378043,0.3868035544410664
-1.3328123467759445,-0.026795487008741244,0.1669841755279189,1.6893770889026731
-0.8549372069970832,1.1953632741267646,1.7026951858602617,0.6714652009223976
0.5562271791276788,1.24228157096068,0.9353054230994495,-0.5298648333855427
1.4329622233452677,0.2848563092172387,0.24033260259009537,-1.6898513449262225
0.9141401386818276,-1.0503650438112633,-1.5578318697451299,-0.29000767179593767
-0.4074251791979617,-1.2839144792607267,-1.8192125388879867,0.6383663882892598
-1.2250541283901055,-0.39486445424226435,-0.2628340864990131,1.5046516627918294
-0.955036502307003,0.9202365296648168,0.7930660097955067,1.4331463642427655
0.12881672103095143,1.238220794347718,2.0249341842663826,-0.2948801164454362
0.4035306046483729,-0.9661149090969287,-0.6375855946979087,-0.49030760257675277
-0.5947775765998302,-0.8646313533205848,0.5440537000227103,0.3708220609372448
-0.9904080136561085,0.0694740138860464,-0.604918551351944,1.333076894713348
-0.4320708165584569,0.79867346085882,1.119296822962846,-0.39439301173631425
0.4349988707820215,0.8174608974173192,1.1809799066312572,-0.27043282035474847
1.031923101902115,0.05198747612784939,0.4587425300230741,-1.1225655856489107
0.7188685864083716,-0.9328300089107747,-0.3751601093017537,-0.8116228828218647
-0.3299977775599675,-1.02835327921743,-1.075979201325955,0.457113483965112
-0.9829715603123584,-0.18117736790420166,-0.24972662294153514,0.49859816364979714
-0.8179124460993199,0.7431358221849419,1.2732906255298353,1.4223677866856859
0.28376764721916514,1.0899788503110055,1.186059135047239,-0.4368636234408141
1.1033934568266173,0.3945001975812374,0.3011738617067172,-1.129776886807042
0.96513220042245,-0.8034082859208296,-0.3970391658499589,-0.5686326470242209
-0.1781748542305235,-1.109223923227066,-1.2722505506316544,-0.1383548860312278
-0.8334261089563102,-0.4314777958736358,-0.20313638588061733,0.6025470300425373
-0.9159857456095951,0.5407206287608881,1.0944610940136827,0.28691895327621064
-0.08182720231468836,1.0165788605606891,1.4081177127865967,0.18586694667877546
0.8631254870702584,0.6968818955869036,0.35557146646572113,-1.3462345321226281
0.9653933790343853,-0.42169424684900014,-0.19966787410488074,-0.9551179675148127
0.20669970220347683,-1.0087712447077788,-0.47139604989158235,-0.3604614925306171
-0.9068706192846692,-0.6035340317849583,-1.6279210632816858,1.3473230030801446
-0.9786929575171652,0.16740001108461106,0.5386012892549663,-0.05039007837698686
-0.4022708483365516,1.0691496234326652,1.5247376034380573,-0.14817307981666028
0.6047760100850147,0.8443595064937821,1.1968022158172111,-0.9433466099530191
1.1234153484196485,-0.045793703529405365,-0.011343705434956886,-1.3354915083286247
0.5030208829714726,-0.9450546591308194,-0.599832612997479,-0.8424738425336875
-0.48220596089740486,-0.9522722450041726,-1.0117405293173691,0.8156385502199953
-1.0664907977977667,-0.17649549339480614,0.21564736149848107,1.4753366852074308
-0.6965757400253808,0.8609876029152851,1.4689700327519852,0.7961166471900422
0.41410317736815816,1.001870427947557,0.49201791992149857,-0.6637997238836041
0.9780471570359968,0.11855880536017305,0.13499434613460815,-1.2648313399698285
0.8505113761150223,-0.7901666479317089,-0.9050735672825716,-0.9263963165615391
-0.4339618567594066,-0.9702850066434026,-0.9495451110735054,-0.21497599787778543
-0.921922231022144,-0.39139422007158187,-0.5532449196745537,0.9228621629320427
-1.0059298285263,0.5120192383445834,0.5198474751409582,0.9599117781871203
0.005831777612779046,0.890287038685706,1.0016315261782853,-1.1484985799454528
0.9203836447194156,0.5559133219207613,0.5576114753653633,-0.4099255720519121
0.9252510305166933,-0.6046551175355799,-0.4533140014311965,-1.554050671524856
0.06653728409955798,-1.0414029580551327,-1.4067154692711517,0.053282861294090544
-0.9589902804465927,-0.5741598696817511,-0.5566293727241345,0.21930784262914282
-0.9761880389993592,0.3628593318939944,0.49883704269275353,0.6214424700072574
-0.20930409309492212,1.1150017776598076,1.2317219929836378,0.7135289124553984
0.6842568289754666,0.7741542717700869,1.30212469222357,-1.4591665626873367
1.0441268823813346,-0.20306238878724647,0.08011216088392337,-0.41500353040043375
0.33364270819525943,-0.959498690465474,-0.752827364516086,-0.28642216163681566
-0.6474602325810106,-0.7435924917604355,0.06801823574315746,-0.030309203083736524
-1.0728265783181306,0.1785023571945154,-0.5585896636731025,0.9541221714690109
-0.5141131166432882,0.9190594668960624,1.5936810863913087,1.1245368056985006
0.4018656619794458,0.7982567287363562,1.4589421438686179,-0.5689985675625775
1.0102745705935232,0.07144225565450586,-0.021371929162149472,-1.272224178723162
0.6239195396864877,-0.8728036982895547,-1.1512893987326156,0.0583130605581994
-0.3131751688734222,-1.0533823011151702,-1.3550448821636798,0.4011653560654449
-1.161389817462317,-0.2147122322167917,0.7026504415003954,0.6548712284507626
-0.8040367393095399,0.8712301774067805,0.13005245314273994,0.20563943837146492
0.359570013003955,0.8409860547518854,0.3398199635698433,0.2140452940217874
1.0542838090130522,0.23177561900645813,0.6540837866604315,-1.224270356538444
0.8131270064118304,-0.6548064455394844,0.0917989415420567,-0.7416763807168231
-0.11434749162647727,-1.0347011184511357,-1.197011692813227,0.6509078779051597
-0.8411028763928792,-0.5031919650384378,-0.6367221696887276,0.8192888294748651
-0.9744070868583032,0.49531856308678407,0.37882618657601397,1.390676176627641
-0.0956252627680909,1.0358599839927958,1.1236239051554326,-0.5423111974687245
0.7511829267451626,0.5967621450762419,1.1713296688352437,-1.517590248410975
0.9528323003985728,-0.4697280790895104,-0.06925681733715272,-1.098800043049344
0.2598801065010949,-1.0966671812683775,-1.2212750826801198,0.3704024094555114
-0.6620749798774923,-0.7297996582818682,-1.340808945619989,1.3846490832969216
-0.9803667620465715,0.26030400869392534,-0.15068630020170892,1.2369269830993934
-0.29249644830919164,0.9906376757526308,0.7041615406762399,0.14584458884102314
0.606689412086929,0.7657135705424571,0.7398657047915747,0.23472127881437932
0.96586943378275,-0.020465896935367073,-0.3501183528386531,-1.0052827193854261
0.4232777603719272,-0.9671505267116991,-1.64188292160933,-0.35964429552008736
-0.6153048375287969,-0.9950383126219542,-2.2183884098563,-0.15196688841619066
-1.0016388004045882,-0.08206158712146415,-0.8224440201148581,0.9443145431570216
-0.7433088941357243,0.9770687547621181,0.5361447764962363,0.648181181340069
0.3995756944003322,0.9410809526347584,0.3147705827683253,-9.865614573056902e-06
1.000904012498492,0.18243120411581037,0.24949245688337673,-1.206846731149866
0.8766284513705436,-0.7199386726732712,-0.35206103927244436,-0.9107805164384858
-0.3667836579345728,-0.8820410088531399,-1.3450802560010677,-0.1325634804192377
-0.9729257576868963,-0.17779402531824512,-0.7280734012182338,0.541085141574467
-0.8091124466406778,0.6888202858361125,0.04040324840214882,1.5032077518194733
0.11728076655843869,0.9384717281503168,0.8561155289110612,1.2234974539869485
0.8792144557414135,0.4206787110299497,0.4283781656042074,-1.390885210598532
0.9487371970062928,-0.4578800837821311,0.09484555854718468,-1.5171258966552708
-0.013396092933562108,-1.0420816273244788,-0.7909812491437431,0.5871601378023689
-0.7875007896034181,-0.5229143680671556,-1.6225117646579135,1.9559101309189897
-1.0415322573354888,0.5323528397104529,1.0702254087041019,0.30702832577158584
-0.09680516945752297,1.0259987921373455,-0.1234181656258515,-1.304056239947109
0.802321532357745,0.5888011992443961,1.3192068536967327,-1.4170811993585775
1.1324762799159076,-0.2380552773201398,0.13898958638173808,-0.7988783932076035
0.2890329643653821,-0.9960215597965901,-0.8729160371482014,-0.6726565184309169
-0.5761279876933201,-0.8364629586682437,-0.9899821702215539,1.0427397592159076
-1.1311801018897765,0.07521795519247315,0.10934336392058652,0.9563737858088526
-0.5194586739926053,0.9959390743273786,0.17493604452788858,0.3012054242227319
0.656429653974693,0.9174929723733697,1.1329096588920096,-0.9894078498339892
1.2197548355034689,-0.014934439897924721,0.2610645823118929,-1.0580628707979565
0.49408929342007146,-0.8984114900311578,-0.7724585417132179,-0.9100390017578391
-0.37892462315348874,-0.8871252058793393,-1.01044445761641,0.8022105315762218
-1.072233794555722,-0.12087502723234543,-0.4036258684755989,0.6417015401037182
-0.8130348423703644,0.7711400187736827,0.3866022662843216,0.21142226441539624
0.2827644071496614,0.9611042647488254,0.5960402297275114,0.32003991066133164
0.8706976002876938,0.34931495160315496,0.09003659401738306,-1.5107455973403543
0.7147427916748649,-0.7087662976714828,-0.36200508753890304,-1.483248854712859
-0.15797421678700924,-1.0729886657154262,-0.9374375076913097,0.11345422870163824
-0.9335771919210553,-0.487020432252507,0.012373430125397489,0.10607243608103722
-0.9350663516813355,0.6232743067585373,0.46985170286059086,0.2136795991861823
-0.09736481474617092,1.0371270287447665,0.78711542894596,-0.01883685231414911
0.7748165967578792,0.5121757964660851,0.8657502346460805,-1.135304328341256
0.9801907159740222,-0.3737710909939858,-0.8412730708654736,-1.5771844683782703
0.09154100079616907,-1.025061166677119,-1.071165899650536,0.12107635439450593
-0.73837571908096,-0.7435432779306065,-0.8141711004607016,0.7518740498594106
-1.0198065964554017,0.20634683435055284,0.13132773135292708,1.7134760896306236
-0.4444017210998853,1.0490386767621647,0.6900061954253534,0.11001069407163278
0.5555261272469919,0.8044923895116078,1.2842235485749014,-0.9254891546386762
1.01101942290279,-0.05400843658844823,0.06351755542124526,-1.1109779732988394
0.44114885737525444,-0.8397660583840875,-1.1468028799372143,-0.03803083790221873
-0.48465376103215174,-0.9824687297222718,-1.8196913528036873,0.9850662605057064
-1.0215629554116306,-0.019234213734878196,0.8172816058962179,1.350852831641071
-0.5355509748780084,1.0625703308678818,0.18653093535504206,0.8290282005428679
0.39555575892519756,1.1555488251418566,0.43827108480562343,-0.8187245255624537
1.144580769046125,0.05685769774474296,0.08378184117871168,-1.1673106586623854
0.85145755370326,-0.7274164642520925,-0.4362468665453717,-1.224298988832535
-0.24283477255411873,-0.938052358777788,-0.5553051046070634,0.2244959365519783
-1.0231984219949901,-0.42448743284326385,-0.6146709696770447,0.24732011455663339
-0.7546543393075804,0.7021120880293409,0.93124056250596,0.46940193501358973
0.09245792143130077,1.020640641934994,1.320715344258081,0.38537332731558016
1.0707643225088797,0.44226243470291743,1.2641638175989893,-1.3527322358990341
0.8101499490740871,-0.5573469273776578,-0.589182578105269,-1.1128488299909405
-0.14205377753109982,-1.1126191696689611,-1.2240529794777453,0.28613820638335397
-0.8274713417869816,-0.6858754555569795,-1.223377797302001,0.9978563552458775
-0.9410962186193458,0.5322786772658387,-0.025114018305013586,1.0576168361133047
-0.18731912546445098,1.0536975864438476,0.7783111519613525,-0.07149242673101242
0.7922198597471299,0.7669230686990506,1.0851514662996036,-0.3970283250205614
1.043626462782826,-0.2391983694787933,0.1428466283856733,-0.35811709191383934
0.31416380660877696,-0.8863024908647971,-1.0181811278398984,0.18509659136176082
-0.6499351829971308,-0.6849537676235679,-0.5166557089239276,1.8616941520909314
-0.9916637765238555,0.26218255561269366,-0.5555514843669596,0.6434242006431747
-0.3679080755278747,0.9338159175403821,1.5555029933854332,0.47484678159804505
0.5657325597359028,0.8545713529421859,1.4865668609827587,-0.41581348325331224
1.0024152867110294,0.01592556832897586,-0.4583080015842922,-0.9701718557433991
0.46187278931785913,-0.8809835348964103,-0.7146026288971596,-0.3422607139446382
-0.4324697869499253,-0.9732081454560361,-0.43916381032707674,-0.012416689157179195
-1.0733827844929253,-0.19802644847440917,-0.09095623283790377,0.5793213960466369
-0.7809510618335135,0.6021538392413561,1.0994302825363034,-0.48933344985611915
0.29395980504646857,1.0148365201125173,1.2363764043959564,-0.5046116633857228
1.0226310043199711,0.33582020553252084,0.40891880468915565,-1.454004692276656
0.7416747486049451,-0.6900653354291927,-0.32481400193827836,-0.6737956153227909
-0.1571731375965837,-1.0411400767985517,-1.1301226338555896,0.7187737826915086
-0.8259712066068329,-0.38094314445875066,-0.18865659112467736,0.912391728717237
-0.9407217253148116,0.5949129648775515,-0.07168385639896024,0.9534019003689126
-0.046641235898999815,0.9926943460423312,0.5959245667722172,0.44737348222440576
0.9341425128937887,0.6387957087940737,0.31634168054004375,-0.9277076615840107
0.8995747599245268,-0.43571870126370876,-0.45124890175533783,-1.2432971988883146
0.10230591741242905,-1.0657451615280524,-1.5439613110705854,0.18795232352695534
-0.6380593047068739,-0.6168171489990579,-0.5208206227885709,0.8002202152258536
-1.0723413121274183,0.2436763676680982,0.21125962764852235,1.879074194836371
-0.30329349854139714,1.1599111844000891,1.1307282610644682,0.32370478728604435
0.6693981804290636,0.7630937032946142,0.12845867177430803,-1.01815063767479
1.0047665458672375,-0.18809655691577845,-0.26343556225615905,-2.2189361185443937
0.4717770966050739,-0.8918931156904132,-1.2709742384162066,-0.5701931186247883
-0.6646246170222114,-0.842593696711529,-1.2558679834072684,1.2540612858203826
-0.9680179317593731,0.03181702101133953,-0.3332536418249321,1.3577994025999052
-0.7774345992363636,1.002584012904142,0.22290495169781432,1.0057386223078701
0.5474764366553809,0.9041913707504619,0.14595000425975696,-1.2197123993944603
1.0542950640273043,0.277201498163028,-0.23941606120748915,-1.0681622709757748
0.7866795098510838,-0.8803659698175966,-0.5132490681785762,-0.742571612690151
-0.2961032777683279,-0.949243290265388,-1.0236538946680809,0.2931410819667324
-1.1058817072707319,-0.28336732059186026,-0.6396499875246819,0.7904851229830842
-0.7678588681943876,0.8568164746665015,0.8011875412572156,0.1530623045043239
0.14885045712360212,1.045496509990643,0.5599235072508426,0.03024569863242843
1.0518386758888933,0.4425283512811304,-0.7306373210380007,-0.2591991569436314
0.792907430544718,-0.5831819903137392,-1.0332238753409932,-1.0525307092691354
-0.13262129193621225,-0.9428287238733013,-0.9015130411738814,-0.6075986120759191
-0.9695809718046215,-0.6642601164930062,-0.03838504777122553,2.1611658342659554
-0.9164217602823626,0.5032138847299277,0.282050746711241,1.786191946720384
-0.12441444563774738,1.1084482512715952,1.120407911309909,1.335087162352836
0.7870412433503633,0.6801324091763579,0.9499635899167497,-0.5094450459019506
1.031983659082015,-0.4395975061944234,-0.7083306895587732,-0.6801248439909113
0.21891292437405196,-0.9182497669156131,-0.346443368006199,-0.3307279402027252
-0.6930745513865718,-0.9339653389646112,-0.9347233037024977,-0.0872848832865053
-1.0457071698315903,0.10783581285183633,0.0005723460962814286,0.8568779868326792
-0.468112462380348,1.0013486016381445,0.21637001597119732,-0.411072975872005
0.586513975137122,0.9382338563313627,1.222410034300402,-0.8546244772111583
1.0900074479118493,-0.15569407197238497,0.3614739008232737,-0.3301325332471131
0.5456065412348118,-0.9404694326383708,-0.21761576440822938,-0.653740958616556
-0.5420335331964138,-0.8888835306111469,-0.6906807194305833,-0.41545393155541954
-1.0186814215351712,-0.09437733784018254,-0.6089311863909469,1.3828871758801964
-0.5892484175887149,0.9475865792053272,0.061109023970049026,0.5465862222163487
0.1734511030374265,0.9667065315341508,1.079444636684631,-1.078720713763569
0.9801716362753239,0.32365352575131856,0.46517785999054706,-0.6179608545024387
0.7175892515912228,-0.7400173092823705,-0.6338332114219319,-1.3548130381524552
-0.23072352744165525,-1.045552353962853,-1.100572546655527,-0.06695974182739484
-0.823837526253775,-0.4677852193092036,-0.25668725849297636,0.6698161655845215
-0.9642761197839727,0.5848183968865489,0.856717114226086,1.4149942303085796
-0.10660060672349748,0.9479010839826695,0.27813902982524086,0.4304282473245552
0.9228215399030183,0.4115771707425825,0.9325457506885126,-0.8795546543374133
0.8655493196220743,-0.38321783819664673,0.04487538782540268,0.34065225604090005
0.11178575392465057,-1.0674449286451637,-0.4440412907521208,0.06322790707180004
-0.7344917084020944,-0.7064486589619482,0.03769149618776613,0.08882296648029253
-1.0555862578804267,0.24918848113729775,0.1575746939368483,0.5318092552362471
-0.1664979651912452,1.0614359463126142,0.6610271685563082,0.013354284665320626
0.6622864979941234,0.721173041469681,0.56287233951062,-1.0200164557014806
1.0918622297944154,-0.1955913095366963,-0.018986179955631233,-0.09663408525942718
0.5306962422082295,-0.9809226189840871,-0.08598706924336674,-0.6637805479201025
-0.6159518629926269,-0.9058150703163751,-1.1848564016004608,0.0329527043407718
-1.106509227994383,0.07544113035647529,-0.12198033823759502,1.0156855920217325
-0.5184521480824524,0.9152022007362521,1.3761965136734182,0.23393789329329118
0.47115632329962365,0.8278757020295172,0.7167783223541931,0.6950358345971452
0.9880715249202775,0.11757301087609365,-0.6029798627512217,-0.18857484853538192
0.7099506602598389,-0.8504250984936507,-0.20158283742485794,-0.2866324181003266
-0.3707023516455537,-0.9878581115371783,-1.1514120944753066,1.2338538275169668
-1.0917110095327498,-0.24423157431247636,-0.9046351427648958,0.14786842044953605
-0.8515864452099354,0.6291385105836419,0.610344807452976,0.8924699590457374
0.061027612166404066,1.1266189659741335,1.4173441355625487,-0.5824028014745791
0.9807123017192926,0.4827592149786094,-0.12183027200014573,-2.5127668537992243
0.8734737169888255,-0.6477247439260735,-0.4873547451209348,0.12943874202145988
-0.07125584772033,-1.1585904220434586,-1.2775393031063933,0.5023795143429977
-0.8922592378997911,-0.6620771165807793,-0.5843813017504623,1.012052228881416
-0.8029586824240862,0.5081339628073867,1.5362744266302997,0.07571443729638472
-0.17260746789613127,1.0273272743302697,1.746556883936583,0.5242721923888799
0.7459071598490215,0.7814453848617532,0.5573298050879721,-0.09802617469985786
0.9683417023102658,-0.3501226654971475,-0.49688220697109875,-0.8149238914449627
0.19590741158631958,-1.0466141888302976,-1.4814883984621607,0.5969859272780387
-0.8243568633380459,-0.7997242536735453,-0.7675553739170321,0.6750554864984931
-1.0057525491051913,0.12223012675789778,0.028490951796796837,1.1217129430478017
-0.38682986879060827,0.8653476832693109,1.4115592337731713,0.5218127499628689
0.6058892147122487,0.9936270503344719,1.042363849308624,-0.22372222259874397
1.0185766379850192,-0.040281144789395894,-0.6605105401667388,-0.4109320459208405
0.6091019923236629,-0.8623261309448702,-1.0083644754876349,-0.95264979943611
-0.4050263538616084,-1.0266962324397517,-0.686469228875421,-0.02862637951000835
-0.9720092509916548,-0.18264725245354727,0.4935097444376402,0.6793879511623174
-0.6809247804058984,0.7752935401571409,0.5138137458309627,0.5630734490691797
0.3078539185474887,0.9776452009984563,1.0737836858954724,-0.8850057760796187
0.9588651105829188,0.3555483650162924,0.6384377697317922,-0.8660596530894848
0.7645505723621226,-0.7671556613792672,-0.2041194716699979,-1.3131574933555457
-0.07989501543405361,-1.1310456281471288,-1.619792583085401,1.1634540245758223
-0.9129836013579428,-0.43624698965975667,-0.22470532275746247,1.3017355771155377
-0.9518025127823333,0.4481909643217832,0.6575915510624158,1.1156181227535682
0.031277709563785144,1.0070420961566846,1.0280022220658425,-0.39460397063611263
0.9164660988155152,0.6057407492278168,0.5869681743661592,-0.33214044403154785
0.9199064103862991,-0.4823117335986061,-0.7667790676743308,-1.6070057750286721
-0.022103227112205165,-1.0439269311385484,-0.1225694732665121,-0.7656661220808697
-0.864434776135112,-0.7149235760487859,-0.8818759688328037,2.1282763564282035
-1.040004732992941,0.4307617175531858,0.23096789091843817,1.0021759552172682
-0.2936029826113578,1.1331284714936876,0.5012335691696623,0.5079766974743988
0.6121833092514115,0.8941342048597325,1.2666716277361871,0.002411005226756191
1.041971959433154,-0.08941575086451142,-0.269547522077232,-1.5273771619455656
0.32278976557547745,-0.9087844814472654,-1.3620083699566454,-0.3725776484989346
-0.5318467464399876,-0.9701352995022006,-0.5938796135920982,0.8500220621538995
-1.1191809988423633,-0.05708491055553325,0.48924058905336354,1.205057639578281
-0.5791305041129645,0.9157752384217088,1.0470204095282887,1.1042747682684262
0.4748547882107321,1.0231227997131844,0.8439942017408799,-0.06690803886813979
0.8993760129243608,0.038730518232217556,-0.10470470912993801,-0.9054962933017541
0.7113948445737649,-0.7472404293630494,-0.7554748328316835,-1.8009788246731373
-0.32480747647929054,-1.0513345674279482,-1.2990209091610894,0.11911807028292198
-1.0673648588968285,-0.273279337880576,0.0678222069581913,1.4076420757805623
-0.6786307851797082,0.6742570777690523,0.5249933343883262,0.7144653895756975
0.20839768543240403,0.9983842600814445,-0.01203899106981432,-0.27977786543351535
1.0118649737774414,0.3273889229880087,0.7229851589428204,-0.9197646813733146
0.8217449376661812,-0.5832636537757232,-1.2793466286390787,-0.931212831424621
-0.1470519674370185,-1.0903377272639356,-1.2551926710685195,0.18070069275420209
-0.8498118310085999,-0.4972169422191504,-0.047581485224160724,1.0254823452403776
-0.8811236605484727,0.3980483581378864,0.7052071530146381,1.215142123581318
-0.09144744362133202,0.9779119508307735,-0.12649695157774823,-0.7808090977158044
0.8341585033370236,0.639096834326146,-0.14407839555130697,-0.08842486880811351
1.0187718638924037,-0.5814322219277067,-0.889407326894337,-1.1532957837981166
0.4996671967823175,-1.1164131442759586,-0.18613400595095142,0.36870446982589344
-0.7563880332965508,-0.788074363482732,-0.2810782731567779,1.735611647065009
-1.0814049312688205,0.2939396057056419,0.5640078383347424,0.5325744100269858
-0.41004661416367916,1.0383239288197816,1.4800158286610994,-0.568940322259372
0.6317033486710862,0.7332855891187674,1.5695005651304594,-0.6385254952520297
0.9971931066122106,-0.025771990824136476,0.44142368120732356,-2.0662968888157116
0.4453038472334804,-0.8681505298799576,-0.20655774777107394,0.07705253009377189
-0.45813413767543176,-0.97602172635524,-1.2068327720898058,0.08782417992576175
-1.0498770136516553,-0.12359567124806692,-0.40494459959344864,0.8629453146927408
-0.5707595295552843,0.8977638517401632,0.12123820547190356,-0.28835001406878
0.40562149491889954,1.0269363109925707,1.5258386748082553,-0.14106800939284403
1.0930487151462842,0.2588270784565889,0.5541365440672658,-1.4920170937745119
0.6710234417745475,-0.7021179986185581,0.04505127967830147,-1.8122033838754064
-0.2226652104966247,-1.0878399102623169,-1.56534783991934,0.6624443601847801
-0.9749665884029309,-0.5152199180323017,-0.24773087179376319,1.7767030781789284
-0.9780604148068798,0.5233371978194163,1.5599625260722998,1.3589733063293863
0.008797240818837752,1.048414949446728,1.4248703202274933,-0.19956919830598885
0.9651923470577715,0.5150550276522875,0.7090953231293096,-0.7678091793922522
0.849108257656559,-0.4446817241595252,-0.11698521150536156,-1.28824198433984
0.01415898723560767,-1.0028830101534574,-1.0975040347608958,0.08504049711740236
-0.9194338886967677,-0.7477608880652641,-1.8111577026216268,0.8209054479828048
-1.0021453166647525,0.35605102735087424,-0.250823563835213,-0.1346538192913374
-0.17340518752376471,0.8982346174730741,1.6086147661421024,0.21326792633877711
0.6510943479216514,0.8197809107844338,0.8957543942617713,-1.6267613140370323
1.0611040798312652,-0.09992786555592575,-0.8772515927051139,-1.1895365394632598
0.31800911258145426,-1.0961538526115808,-0.7458205415496394,-0.8181447002494141
-0.5842365163644053,-0.761664624323322,-0.9311167756797295,0.38158033344765196
-1.0506773498561048,-0.004100321703374973,0.4631687137088464,1.3709477803162866
-0.49014321021844165,0.9479199648981301,0.22597127698507968,0.8746603696450189
0.6035748983008357,0.9791398146888136,0.48977901887894276,-0.3878702380344523
1.0036123892144555,0.04267672096889035,0.02595304026676848,-0.6824284594955502
0.7336916291769935,-0.7501520582654617,-1.3854828796817964,-0.6129256576333769
-0.37859605677453495,-1.0094849825851655,-0.7561704938487268,0.7867861350666377
-0.9433672995419071,-0.16824541783500052,-0.33849075922835703,0.6812521554924905
-0.6147405080991362,0.7748745718988727,1.0295430767182083,0.2098421914075388
0.14161267990805382,0.9526985433771548,1.4219480727295344,-0.4372601846787655
1.0067092334681331,0.4595195768169175,0.5133122225147979,-0.40592002411996536
0.8103193744620071,-0.5109076426153164,0.4869562143731343,-0.5287213889810377
-0.09854291573020316,-0.9684730338611482,-1.499249943137797,1.1852510353670358
-0.9673458456689432,-0.5689406977198044,0.21941971386748527,1.1186589924046468
-0.8722439600304199,0.6566732721444121,1.5438536696426568,0.8675766549011699
-0.08856378323837347,1.043347387487043,0.3656688534220715,0.0493784779699874
0.8295893550625901,0.6820545417263016,1.0221160577461519,-1.2398763429684116
0.9744170812073105,-0.46734756549024065,0.5412938379983939,-1.06395968497104
0.32146119189667727,-1.10968064083313,-0.9203744961718182,0.6840233122004163
-0.6442522142015845,-0.7595049694252084,-0.4960161427250104,0.6111025877012916
-1.2300647403682936,0.20425992130244247,-0.02433468196312405,0.838637157985136
-0.23077619455952939,0.9742838915650259,1.6129269559377528,-0.24407320959386802
0.5676627159421836,0.8636985939502995,0.6803808894959112,0.13153052032649326
1.0419255491792736,-0.018646594428163764,0.6425360605654407,-1.0890049378274957
-0.7991340303533263,0.7915212238513055,0.5028893198417894,-0.7087460216534691
0.337964331706335,1.1769994962558616,0.4690639067367336,-1.478603832945714
1.1463453066768203,0.4320847938528252,0.30826940726245367,-1.2905372491455014
0.9286764518961964,-0.537621799090483,-1.262879706245416,-1.0696137911342352
-0.03256059186819182,-1.1791856326676498,-1.1293288317774441,-0.5945259956748128
-0.9825848751520182,-0.7485085383024906,0.2690071146769246,1.8234669249480067
-1.0867835364366034,0.44922080516285984,1.2702027746217108,1.1414978603155896
-0.06587315062080865,1.2078580880832197,1.634249799210042,1.118319867273183
0.9140550604466056,0.6686998895016577,0.1620725980711224,-1.83910823869334
1.0782885792625019,-0.4068949649270257,-0.7772369377216481,0.23465212583850564
0.1611606407724772,-1.1302118666363996,-0.7410669588783695,-0.2991426639139094
-0.7772364220897605,-0.9142719919115697,-0.41852103298291143,0.7518435799915124
-1.044184719100367,0.3288867205002771,0.2876893459232399,0.06571688376543872
-0.39680272268873973,0.9469309117833526,1.094146603780752,0.27376239248695255
0.669059138640481,0.7838757912945108,0.8352451180261328,-0.5561519527487901
1.279008478609348,-0.03887198831307999,0.4413596474542647,-0.8560619810637946
0.4786432911141384,-0.9038996117081624,-0.4795723790969808,-0.28894152425196995
-0.5270206628942753,-1.1253343936089715,-0.7809767024614062,0.964108390377808
-1.102372618871474,-0.255426487989418,-0.11081628716830605,1.305723065498241
-0.82708551584681,0.9664912059540336,0.46254415175761565,1.3661044215778033
0.42604956122062293,1.237178202706603,0.2448172878096616,-1.4599273688321057
1.1322086192237903,0.2901986201618464,0.31971336422656926,-1.1444250607498914
0.8919734339573426,-0.9183097273242914,-0.9729952137063291,-0.6991820224444362
-0.20185458123316152,-1.1116198499608914,-1.3879938057101986,0.2051043386603857
-1.1253476110699698,-0.36580543377379116,-0.9839737818656108,1.959619469636752
-1.030497539749793,0.6454453138058023,0.9052019150189605,0.4567760571781898
0.13827928020325686,1.096383140013818,0.5881902746868852,-0.8118129540831354
0.9646291361734514,0.6291512519521542,-0.07042900357234205,-0.9152204056608776
1.0134246147069395,-0.5190560071217191,0.05447280880058747,-2.039057100286828
0.0884161131407909,-1.2001134447338162,-0.7535630223566225,-0.4858684427396176
-0.7935899640171241,-0.5847315191571578,-0.3619273667707229,1.583123356972782
-1.0393886493997462,0.4048965916242362,-0.6577851079127084,0.21000391893594234
-0.16024619936305512,1.1298069530324548,0.4351376468680501,-0.23885861657333862
0.8829037214690367,0.7862206221208156,0.6641095138585185,-0.6066049680854829
1.1643552760662959,-0.19307423746473704,0.05373678750817179,-0.855577345625991
0.3789618845548755,-1.0916361611159688,-0.7827391153017393,-0.24137021879455767
-0.6542651991085876,-0.9410441377266767,-0.32492089332976093,0.5502332168445762
-1.1148974739439128,0.0018772321180395221,0.23436928173913962,1.1360463634002906
-0.3651171644322714,1.0749969596628155,0.38273014732845945,0.38466242247734317
0.47304186019598515,0.9941693639792153,1.5842858139334617,-1.452672843025864
1.0421973687926602,0.13045705718365685,-0.5513215278201056,-1.2400907630720426
0.7808685148468635,-0.8922372857439126,-1.7696946540026393,-1.0644272987557624
-0.3308244820961858,-1.1790951641247822,-0.47161010536459325,0.6749908021369144
-1.1320908451279477,-0.25171754199323304,-0.18076773072783436,1.9767394792656705
-0.8493734345795362,0.7508193298750774,1.0515352222588548,0.9307159135420212
0.19673137619048137,1.0770173994762666,1.7178024401501042,-0.43397331702272335
1.1279368020223344,0.4881276239697484,0.022923394411361597,-1.466985406994822
0.8337128533405479,-0.7749825033159039,-1.1703768226712723,0.6714594776958754
-0.05193367806289493,-1.228619720199877,-1.1356267386523649,0.8687634455143711
-1.018575281825782,-0.5875064010510438,-0.46727698415096164,1.2476696857931235
-0.9286453608153817,0.4916555908208551,1.3372304553425152,1.3658089774352855
-0.2112162008976053,1.2066919028197345,1.280068710100987,0.02967767251618625
0.8710526675053756,0.5315859839945768,1.2702521030111447,-2.0807686607459632
0.8906489789580426,-0.3928023298644414,-0.4007750579446573,-0.1611646627707003
0.2703283035705614,-1.122462022669187,-0.6390550597890534,0.28920317374578564
-0.7441789001366169,-0.8591813199180699,0.13622721925412973,0.2515317207773171
-0.9543294019659443,0.31089735026100906,-0.09293138025991188,1.2677770609434713
-0.30160116418842814,1.0474903219756602,1.182248777435585,0.6026015180936517
0.6520738064935588,0.98586556654593,1.441390715784735,-0.3499147217560844
1.0964346078766918,-0.033438466860766174,0.13652234146595,-1.3294917861730708
0.569075457739776,-1.0652680604313858,-1.0190109252565271,-0.6289375754122317
-0.5442032680010922,-0.9509529327688513,-1.177826593623696,0.1643207375776734
-1.2002273051029833,-0.12576747915428635,-0.41629904299127163,1.3464863842453019
-0.7104999604574737,0.9427107302422145,0.9436330540645443,0.8911673735727471
0.3250266541989063,0.9268126715597272,0.920060574306078,0.7209031319621584
1.1070454033558927,0.1796803433220815,-0.1196471933587423,-0.09892448130745746
0.7156409339474763,-0.8483852928717075,-0.30009509759581887,-0.7812099232485892
-0.23269040576120645,-0.9885859305011729,-0.9908797941327164,-0.14825413584592217
-1.141142174828865,-0.4369374062371413,0.46813861983806104,0.7244963637853119
-0.9794008709276405,0.7674534943329305,0.5449379519741859,0.7808159966262707
0.14193949829683955,1.1920217163199842,1.5889527606297629,1.1802461282668364
1.0494521961795935,0.6539014183977847,0.9578249050902377,-1.4139059381811814
0.9737792886255854,-0.4471979441219407,-1.12041399782202,-2.2390077283578367
0.0645526646997725,-1.130948847979617,-0.7951393438303113,0.5381320582059734
-0.9075134884555133,-0.7444598659641705,-1.0910954758870266,0.8788755486087951
-1.1895574283794255,0.24922523051643908,-0.42486914571864043,0.3326318243977705
-0.2229910972261141,1.0898538967119018,0.8425390631447522,0.5642055851027472
0.862366457192724,0.8690482542218262,0.8969983394158648,-0.6764504944929545
1.0827420036207147,-0.2612414758557878,-0.06478269029681183,-1.2918265664902795
0.4325796146456179,-1.0830773344573617,-2.3993585476444865,-0.03025524357732845
-0.7793660647648755,-0.8827007014199024,-1.2823318863186743,-0.3198084071769747
-1.1582920255323617,0.20580710063519445,-0.4584651489476943,1.4519688325790536
-0.44954762090106126,0.9723654942183417,0.838509460301037,-0.3227221109729339
0.6596177461422323,0.9230169662608125,1.2815527799641375,-0.421593067017042
1.1711663251874698,0.23503568739755354,-0.2738045084157059,-0.18047332885095177
0.6895261797376624,-0.9661656302613466,-0.7849147595714073,-0.7603606432314491
-0.4579411169405341,-1.083797393209604,0.13065728005254518,0.7830974688654324
-1.1043076876476297,-0.31686646691397796,-1.203040314605146,0.7799024765801619
-0.8402511828929047,0.8324249549232501,1.0549795638063213,1.7759228937462617
0.17841883068279527,1.0472728479524884,1.2618064167136656,-0.760571955629944
1.0989105613196355,0.35724286844965825,0.3279605918806461,-1.8976264443069706
0.9837307757962737,-0.688576578185817,-1.1756964165910777,-1.2662731251932018
-0.057415139172315666,-1.1377914746650355,-1.5019149657610724,-0.4246458434402167
-0.9323518224786298,-0.5665830428909109,-0.8994345434243589,1.5936266034901048
-0.9979639650719675,0.5962402851724669,0.48780766464628145,0.905019376487271
-0.07746089751412746,1.2584609805071416,0.7863694258689796,-0.23866107374853285
0.9295431903560978,0.69146943559813,-0.22467231418774491,0.2963530563351152
1.0626835349469195,-0.3623316715695738,-1.0339872251366122,-0.9967031882904442
0.32821300364904565,-1.2654175150090696,-0.2926270655817345,-0.8433579901521726
-0.7114772196013831,-0.7694653977142187,-1.1509542004346174,1.6861006722113308
-1.0558047400343467,0.39000767725251073,-0.6113521699933644,0.5499086000431981
-0.3839512069532613,1.0706159605370051,1.305843804400006,1.289785332606868
0.65970171939439,0.9147508110417267,0.7435937751094712,-0.39483805167937147
1.2500100902577278,-0.0474059748538555,-0.12060954510721866,-0.8051816056215202
0.5616720668649665,-1.0039846327236184,-1.1634639524044392,-0.6493296972706641
-0.6440667069456758,-1.0101047746381318,-1.0582795127445639,0.7360222406324884
-1.083475223053145,0.009919847361801501,-0.5646089567736778,0.6564872446278994
-0.6343861857994715,1.071428129446233,0.5610281358532815,-0.29283157588568476
0.4800889288155454,1.1460413869955415,0.8410020709765581,-0.5289287785059388
1.1448469587122143,0.27894317783545464,0.2305822936666846,-1.2153159023955051
0.847591397195357,-0.901558232839924,-0.7815068181487606,-0.9882684189741131
-0.1467020944180049,-1.1543685466829732,-0.7720561609319976,0.3927393829341741
-1.2396784479631893,-0.37944105582253057,-0.29013347114344334,1.4835545573642994
-0.9368019262763682,0.8257095306415725,1.2928755427921201,0.9799726650418833
0.15292432403335626,1.2471696890515647,0.7581518519398686,0.43350938463636135
1.1088382889512076,0.46791572281910704,0.6519617274249145,-1.2964774211646224
1.0782156310388544,-0.5491949482944509,-0.3480627313983986,-0.9216302105367258
0.11565092730429667,-1.237590290696228,-0.9835112848360057,0.11436149864869294
-0.8731384971705951,-0.7096070187269484,-0.6251180354856417,0.8747952592155922
-1.0778524225330903,0.40383846129654793,0.806981054511775,1.5754186348437111
-0.23803153047324466,1.1605198160774448,1.4098965093213438,0.8762324369108287
0.8602317606515246,0.7385704920913507,1.86289209899328,-1.6504072638502099
1.1736581447405947,-0.315962622324556,-0.3991992094320329,-1.2124227993073369
0.44995539339484375,-1.1148899972332358,-1.323072489515284,-0.9675502910266565
-0.82911863657571,-0.9055906524123942,-0.34282033059886363,0.42731826594533007
-1.1528431207719168,0.16812688234032888,0.13207216082346873,0.4496902234764487
-0.45492220115951515,1.040292793662601,1.542518948750714,0.731481857472841
0.47920821769630356,1.0349843253817828,0.6795077580490749,-1.1114451762718813
1.0905178465578091,0.03320089393889926,1.0264780847329595,-1.160236821071969
0.7946260221215424,-0.9609357195368715,0.07420984731405733,-0.4433354203865669
-0.3801402699543195,-1.0584531620750148,-1.0790604341682575,0.10299338605967434
-1.032414698695505,-0.21557064365428888,0.10704513257335235,0.842121830072492
-0.7882077108387164,0.9096267510694512,0.28434248611830637,0.6806793446774578
0.19450744219774035,1.2322042927474897,1.3107024864604648,-1.7711053706959994
1.0004755194886505,0.4380753822731886,0.7545958856013768,-1.5083664351679396
0.9679050231750771,-0.8145109420050722,-0.248917974299957,-0.19401821167249256
-0.10856218915919723,-1.1708957505984054,-0.7048282656985613,-0.07760397186449275
-1.103228122930279,-0.5146866094731308,0.43995331469814436,0.322384588813725
-0.8002904261180299,0.5032510977306164,0.6335466133872292,-0.015526826057382648
0.059682629954707196,1.1664940955733514,1.6143480951914984,-0.9347181573399954
0.8718668537573654,0.6951571280831272,1.56039971593318,-1.3992027343732938
1.2328621016063828,-0.36713619855439794,-1.3886597551637125,-0.5446937574028057
0.20548272347162685,-1.1624113551825999,-1.0903991948063254,-0.03679093478461404
-0.84085162934097,-0.8422676256453878,-0.35894796809214424,1.8972167247112397
-1.0041844618584943,0.20498836443980556,0.6105107893040906,0.5729722482573102
-0.31732505768233554,0.9644068771977492,1.9365175301732955,1.0739557597668925
0.6994372749829006,0.9254463834523987,0.8505394540803879,-0.36318706911921184
1.2483228193934566,-0.062077638796431044,0.012483202784380198,-0.1800226464670769
0.48630318331752265,-1.0208574547715197,-1.4845970189671487,-0.35716039701425006
-0.6166969177329967,-0.8899983085634434,-1.675318201274399,-0.07699337678998663
-1.219606808986442,-0.14660357445566288,0.46044316480198355,1.0659801278506298
-0.6848175564185528,0.8495124613483664,1.095057444003375,0.9609046253492798
0.47627777449528313,1.0742691316549176,-0.23760334984122278,-0.36914167811918475
1.2715733343172637,0.1194402698262992,0.5896695197969182,-1.2316143831862356
0.7891798485595362,-0.9146508946936918,-0.8382474531591255,-0.42968990273324237
-0.21724863332864025,-1.1650632513893953,-0.4610132992609903,0.04839089823396203
-1.0213990651261202,-0.45741165383847127,-0.4317243843183838,1.8832995957151113
-0.9976272311796407,0.7271853194372787,0.3975145527811458,0.8038385875940668
0.14379291441646955,1.079158795640041,2.14237876808386,0.6953816495198817
0.9990178239900261,0.5833993515045802,1.4206032339299712,-1.1714866796215222
0.9605362426301792,-0.5773740070906684,-1.0495210522293874,-1.5862355206492058
0.09437527665807156,-1.2491266199828956,-0.6197943394911088,-0.1409407266089835
-0.9614097840364041,-0.6706096786647548,-1.06907360332031,0.9981198512823547
-1.072123571189502,0.47843758578406465,0.4389351571128619,0.05191414558840035
-0.17752607264551606,1.1912083684596813,1.4059865619006195,0.44654796995942325
0.9256605814735747,0.7958064289650075,1.1031833202925139,-0.8056204576391135
1.1819119441147654,-0.1524163105208484,-0.7371644630595675,-1.1121548716125769
0.4986177377745894,-1.0695030231079776,-1.809296959060738,-0.157820184606573
-0.7583036710054869,-0.8011793839859833,-0.2488834170329257,0.9539698427000631
-1.1810405079458857,0.03619878162308397,-0.7000139920089687,1.2347212306855508
-0.319042086891905,1.1077043117469305,0.8551070168331556,1.1069764942885751
0.5658216549476275,1.0416332199581755,1.162998537660832,-0.4729848376110013
1.2679369139636807,0.007166620837478162,0.25664870967817555,-0.6676049856408646
0.637554211019444,-1.0403570748735254,0.30234989696438674,-0.1767852291718186
-0.38091567757370504,-1.075022944001421,-1.1382762063091407,0.5406447103369327
-1.1243209926720756,-0.15637906666572954,0.8368608878275585,0.5705232447803208
-0.8280875273713229,0.7852848995089596,1.3387085046629992,0.3212033107549006
0.22720846592178004,1.14292996577134,1.1712361239838065,-0.21475992524047638
1.0243998450718788,0.38346744722555937,0.26635045898350307,-1.2880949790964071
0.7989306886003757,-0.6244659644620858,-0.35312629378848825,-0.7417582168252151
-0.033887838373948154,-1.1497149405919715,-1.3358039473315775,0.6723910662974364
-1.110490824542178,-0.5048206632385311,-1.651055131059318,0.49575934341611394
-0.9763465927723438,0.5763902777673092,-0.09443756108193146,1.586700704791696
0.03584327453022521,1.1364759011185164,1.0225904928082854,-0.8211119727707117
1.027229991717937,0.7444330838423069,0.29536994426366925,-1.8154579359246943
1.066942480848118,-0.37701737693229026,-0.47470269847623037,-1.3054691021416482
0.20253150193891736,-1.1986334968792518,-1.0911900202141198,-0.47509150406550904
-0.7681855503938521,-0.839967308474285,-0.9454849296353884,0.4606775999939533
-1.147807524690783,0.16722668787279435,0.7179649246523834,1.9992797198644285
-0.45972806816265954,1.1364957969591887,0.7019401329085412,0.22406889650066653
0.8452386849822202,0.9992308059898076,1.1158314386729467,-0.37511944072914916
1.11111692930046,-0.06204882031883466,0.024430928779882732,-1.4634223900784895
0.5707810610283239,-0.939660891913385,-1.3791794368095505,-0.5043025986461669
-0.6280374078634854,-0.9725709004889778,-1.1583457383731357,0.0443895337493283
-1.168126185507799,0.0026350463904670496,-0.48070715079313375,0.5850283972084247
-0.6509363660720973,0.9447741874383713,0.796184338976017,0.018065438136436462
0.6095621651419619,1.0512206240723585,0.46553591670725064,0.35432978343610255
1.1501765675470388,0.23288786959867094,0.16839216676298507,-1.5524493108627908
0.8007995609657554,-0.9745350807368199,-1.714594866267393,-0.5697533517077236
-0.2304229670371975,-1.0679351738787681,-1.2547111450319086,0.7438447343792087
-1.2213470113930611,-0.4200154169863538,0.3289271823461215,1.3606452079512095
-0.8408121315907724,0.6536556783864796,-0.08586741044789681,1.1457270416426706
0.18665447710758012,1.1393487082257097,1.2455140667348954,0.01918100426932634
0.8889209725499154,0.5002945767847754,1.0462623743836545,-1.147640169293379
1.0651095697570918,-0.6854520355859052,-0.09832792139829238,-1.6966157083486273
0.1342555179650458,-1.16722605245992,-1.0241393936541392,-0.749111571290374
-1.0501070132676253,-0.5855003992616304,-0.7840627181598842,0.5020248450781484
-0.9652889683313601,0.46384060430065965,0.11936086547593261,1.31994901746132
-0.11004150473128357,1.022216828355574,0.808015652518039,-0.6245262827040343
0.7220160901311992,0.7322875827726629,0.613038616163703,-1.1259808069374637
1.224265553369489,-0.22652187879419583,-0.599517510182751,-1.5081073451176852
0.3886412903855612,-1.1404830161360395,-0.7296324869483125,-0.12383558510763892
-0.6990232926486408,-0.7783721233209026,-0.5273059026968907,0.7273092950970023
-1.095864727274718,0.1306844481786062,0.3292691173616258,1.2235438620954104
-0.5592306007831787,0.9960909943992219,1.1939708434450083,-0.12873821674170116
0.6349464938971952,0.9807950751131921,1.0316482514271734,-1.1393734164934455
1.2264212339860798,0.007966360133881866,-0.11907463260225404,-1.7416880884130814
0.6374982162352117,-0.8952579905332831,-0.4747210483592268,-0.8665387287285059
-0.43374988096310313,-0.9788453982301121,-1.0443074108796657,0.3072490947977924
-1.0727304343665138,-0.16479778511750595,-0.332663313916316,0.8068460594495606
-0.6953714511664564,0.8483944371690769,0.6828255129254313,0.119875072822761
0.3365067576052315,1.0262180348501866,1.2326484837158813,-0.046783671263661564
1.1267208096919292,0.4013987643074734,2.071238076307013,-1.7394907673895477
0.9431140744496065,-0.721105431442883,-0.40588932508050846,-1.3906071634410138
-0.12864278933095888,-1.0312015836047577,-0.7540177027529722,0.8735561031963368
-1.0990795962505546,-0.38549260693611187,-0.6518154984844993,0.40874578467371775
-1.1321030938713248,0.648654012483426,0.6662659214562816,0.6436193326455814
0.009439244742753535,1.253469779822544,0.8029392754631156,-0.7713111630552605
0.9074357882470537,0.6541359106432936,-0.07444069988801427,-1.195924017776289
1.084497173968624,-0.46435436981226474,-0.9898436842137959,-0.8418429828230286
0.13530499795047035,-1.0726621706935207,-1.285590768826426,0.47324235092089495
-0.8348271999055915,-0.7659896196332093,-1.4006063154527193,0.9798023157493102
-1.127902654877916,0.3648295359583349,0.8937469700121314,0.9140674330650796
-0.24040636550428018,1.0980858483176354,1.4211756137838238,0.5377568706573976
0.657030185398567,0.8668477072273394,0.6156888747427736,-0.364431746887931
1.1247877491849372,-0.0644901296485541,-0.019966391980407172,-0.7383222360362476
0.4133094521579099,-1.0686499331637491,-0.6585362153554053,-0.1313786129504546
-0.4745139385736318,-0.9812861564098085,-1.531535217408845,0.32874902153340435
-1.1245948579852036,0.06181691305979764,0.21677454284026565,1.3926980721576478
-0.6431504676955463,0.9795322703383395,1.3126709360049826,0.9905681452644044
0.4776984775803022,1.0886876296284993,1.0542277569050456,0.311447172241498
1.0114976873755384,0.2253614211565086,-0.3731667874120903,-1.4840018607185683
0.8238608371439626,-0.8693706996344013,-0.9029525484248513,-0.6683040024921433
-0.3697713104145423,-1.144539256739214,-1.1978915259181062,0.703515761879917
-0.9560132612719066,-0.2625583068203323,-0.9162150571472216,1.0706112976345734
-0.9682912645892536,0.712124378134154,0.2812883783531994,1.6521502858429664
0.02807810899483759,1.0953773325024165,0.9249372124773532,-0.43829973826961854
1.0526839594070982,0.5307374207659332,0.5206918660978188,-1.8970439377376882
1.0232214350822424,-0.5945640486264265,-0.42158694412159303,-0.9253472303318988
0.0659712598945548,-1.1356476647192384,-0.5644460290515024,-0.4088389675228832
-0.9038869778906611,-0.6675485214278305,-0.7704725039136145,0.9019280054434947
-1.016473249715819,0.5263281687349396,-0.4525333681847754,1.3612957818008646
-0.08950394511033168,1.203483415955845,0.7234324653326242,0.44818943147863943
0.8695742558836338,0.8541845852379296,1.53792052267394,-1.3221369475365574
1.1517200615393202,-0.27711387252180564,-1.0233613174361766,-0.3347411049483251
0.3170862711835899,-1.103197169085738,0.5874395326608293,-0.15937906279727798
-0.6441693153329978,-0.9152376218555073,-0.7472164393987812,1.0447799831352456
-1.1533565312903564,0.0798519478163756,-0.1353618332262374,1.276655772258492
-0.4636959400349626,1.2104918579532118,0.7493485326948548,0.5936046308698473
0.7465240574679417,0.9460808549761293,1.448442429703955,0.012056370310880027
1.1411050707488561,-0.18860300634133836,-0.3832303585470498,-1.266619173643374
0.506333456546673,-1.0595538173361292,-0.6735115419066862,-0.9430284817422852
-0.5626230534412572,-1.0742009329338635,-0.936382782407332,1.0696477245817264
-1.2182160616544468,-0.013588583648334984,-0.5090258524261004,1.6664753245593849
-0.7547922139935765,0.7927775082918753,1.7101946440918052,0.27066117083645647
0.39530399982358067,1.044356363217074,0.9294843880399095,0.057447436012929565
1.0884525103048628,0.310504532263478,0.1546721008785501,0.2904398338166095
0.8530588174163072,-0.7333775530332376,-0.48580478256392723,-0.1730362315901962
-0.2022780014424594,-1.1949274840101203,-0.7435836577176091,0.30659430468604865
-0.8747694549839851,-0.44212503853560897,-0.6564924668477667,0.7075861119209514
-0.9291423470848966,0.5809264962252882,1.9249938510163467,0.7742433222678186
0.01234088930010031,1.2815918998400253,1.3317499637385046,0.27893205852977054
1.1408290185967478,0.7069989742335048,1.3625995284914483,-1.4990564582100467
1.0872617419246002,-0.4572927649171381,-0.6274815811751311,-2.0768289595141343
0.15843182933582708,-0.9771225442047178,-1.342934492878174,0.6398294495048962
-0.8728408641179648,-0.7259774096771555,0.33153008135996864,0.7474474460437852
-1.196375697237543,0.20269789605635258,0.45387426816331455,1.4679152955081554
-0.17307264483973006,1.0877982936574113,1.5150651517969527,0.22426088572295888
0.7047664147048365,0.961623988460547,0.8917648859929944,-0.34660273739741676
1.2691970432767337,-0.18324685389845732,1.001956117922952,-0.8513291662269731
0.49607390927298856,-0.9295225616973881,-0.26169485636480694,-1.0190568785954983
-0.5887907492222971,-0.9255784613279583,-0.8304596430897865,0.4400926502093244
-1.2596768261178353,0.007220105664782426,0.5177502188015415,0.8378119906375172
-0.5724465321611086,0.9491670077222654,1.0657242776892146,0.30739608959960585
0.5121298393071035,1.0768033576993885,1.808040222607224,-0.6221130783050982
1.1796973825247663,0.1685916107194233,0.5820442033116768,-1.2458440289825927
0.5127068129310207,-0.9459530931348824,-1.4328528838956855,0.18783900470303094
-0.3494231406797933,-1.0489642497012375,-0.6714236659337325,0.6181408531734989
-1.1056880679439498,-0.2936471579838853,-0.4463895592101186,0.7553969997842839
-1.0055849217123636,0.8095645079997451,0.9619677898611961,1.1988212885626086
0.09984886778299754,1.1707902877178389,1.2554544967574581,0.14499661404730024
1.1058529981331586,0.5537858907827384,0.4919562770150365,-0.6394989474098319
1.023394252483288,-0.6195189669253532,0.7818061247983549,-1.1931574897012802
0.014524648138998082,-1.189041274847169,-1.2071615118758554,-0.26021885618147
-1.0290641862581928,-0.6024663368323302,-0.05124968997860857,1.1491580480736163
-1.050681176679828,0.4979278226069109,1.425471090996832,0.32707990662903613
-0.10307809606690904,1.0932512663433125,1.4349921210616894,0.060129947433777975
0.7479410032022762,0.6541639694640101,-0.09843274175947048,-0.7959364819157444
1.3050300594387378,-0.2682234603101178,-1.264738460266539,-1.5951743387288797
0.31471515183759785,-1.244642927841963,-0.798238353784775,-0.04723256105985785
-0.889282794338596,-0.7854057517035735,-1.5609100670802267,0.19891420445469044
-1.0309153565022888,0.1062351089712688,0.22319175875985753,1.3632507484546212
-0.4949945294978522,1.089813265351059,1.3120579387396014,1.08449835834093
0.5738579723876108,0.9614842299069931,1.9387506670879966,-0.13348628298274046
1.1942548214437707,0.11339287763243086,0.659660449194378,-0.43070274438434225
0.698418327219771,-0.9219245023841615,-0.8174687295065436,-0.33207035063076207
-0.453802864576029,-1.0162122613464841,-0.27718651677776873,0.5023561113748931
-1.1825196979489863,-0.11440398751836621,-0.9219372554268868,0.9387723681999077
-0.7285601023729311,0.8799121614972759,0.499313523522677,1.022004639482046
0.280670814007271,1.0015196172086833,0.8300326810512811,-0.2177487500487263
1.1619835531487845,0.2914000646603851,1.643936846457923,-0.7387705180682641
0.8101488143191985,-0.7950780048245297,-0.5295099742594944,-1.0908364150502714
-0.17563737738091376,-1.0979127272267861,-0.3956239968356645,-0.303521814085822
-1.0864738193170114,-0.4310577215087753,-0.24228537437018804,0.9811828369498423
0.3141934927355468,1.0972509760141487,-0.2906316441491791,-1.3875629557068714
0.8983903958295133,0.24134982120906556,-0.1741785252285205,-1.2095286029453052
0.8524493821563214,-0.6435918590304254,-0.35148430480175574,-0.44038174292734433
-0.22961216289990635,-0.9670401150967899,-1.8746346243804162,-0.4849902052772631
-0.8813650186527976,-0.4810125150806837,-0.08851887790971458,1.00886226215263
-0.8518725268538297,0.48111022526983493,-0.2237556784060557,0.22417465779955403
0.16358893978327826,1.1138896728115326,0.633726512749578,-0.2458489822002785
0.892349228201645,0.510344663749759,0.6757884871433628,-0.4524908434653438
1.036327303007521,-0.5078099234351781,-1.599657535388697,-0.5635126157563219
0.04331173801407104,-1.0099719842496604,-0.7935088488292513,-0.345127345476392
-0.8282149518627846,-0.7335787889241971,-1.0522489623466162,0.7097076345088329
-1.010152610955006,0.2855678835451477,0.48941206070715393,0.20790603576858496
-0.3187475051362863,0.8536048579058712,2.1369594208284637,-0.6487874087922751
0.6253541513417767,0.7996820857565121,1.2126895550122745,0.1439605975428654
0.9451046182854427,-0.11780545478011287,0.5178744092822729,-1.7456872370869165
0.4904450092654161,-0.9507735906216153,-0.8277614958704018,-0.06770514897074198
-0.4587643896859712,-0.9546312167434968,-0.8470319408377663,0.4317542248228434
-1.0563781787415842,-0.017731586747362808,-0.36397774035729746,0.8475533535276211
-0.5445189957056875,0.9466470935757869,0.3659695817242775,0.16876352273662243
0.4020254647971023,1.024687941997896,0.9514428585586271,1.0581423144740292
0.9868154189665229,0.15928482195111512,0.20758830166699882,-1.2292584070803945
0.6608202807464478,-0.7587422523629799,-1.0771928772456119,-1.2453279751372937
-0.26461466114300974,-1.020233315466097,-1.0333327125736447,0.7130741521467571
-0.8258540836304942,-0.32475014193337637,-0.1831159295023621,0.9564294523930236
-0.7863373641818416,0.6427894895834615,0.9535653054825138,0.3474647817542764
0.18164906116295876,1.0803670987139098,1.0116861927238123,-0.3751930834838063
0.9817759048454514,0.4654234738633421,-0.6867469127061848,-0.9955991191666158
0.7801863798402205,-0.5513989325845903,-0.19635733693587454,-1.0301254596457756
0.001988884719038065,-0.9123649679611426,-0.14014581509017315,-0.5797268762536933
-0.8317081222706415,-0.5102672633181938,-0.6972733463633068,1.2641135168121682
-1.0498630731363523,0.3768025069306097,0.020422673498330934,0.8488248689807351
-0.08705907856720291,1.0070110502263485,0.3515328432078503,0.16178568239788638
0.8041069323341007,0.6047985041794316,0.20910877557650254,-0.577474597370225
1.0093837804344115,-0.19235468266452765,-0.7462750053872114,-0.7387795982414334
0.2735610684653813,-0.9651443098769533,-0.19352245761605935,0.44191299207870516
-0.6624037810771455,-0.7306949952410672,-0.9742294250717709,0.5025116966066429
-0.9696780398773279,0.2181083659366576,0.07071610757741209,1.4639992091093719
-0.35156070537857836,0.9698837860871206,0.7045856735374761,0.36239229881832646
0.5169765566357917,0.723571453239577,0.8701361360490417,-0.8202890565483573
1.1436392793956176,-0.0024855328129746723,0.07741620327579524,-1.2868328869338248
0.4738664907846378,-0.8798247046883454,-1.067550878542602,-0.43898142799804585
-0.46470566818851416,-0.9047030523281836,-1.1885303107119671,0.5511290748193098
-1.1024258621056813,-0.17031824877992152,0.23979455060587074,1.29234810833275
-0.4681357452125319,0.9032920428021984,0.7569190268841774,0.6997489862756556
0.2410882839061835,0.9222815832803174,0.6285025719043861,-0.5279041722102534
0.8822109199897833,0.224777598057436,0.15596353939940466,-0.3719350579687383
0.62488994817663,-0.6849319922741013,-0.6215361311481249,-0.8927222245549055
-0.1849061828798771,-1.1326387133780447,-0.39826860397720276,0.2016714382296464
-0.8792677540571511,-0.27231763776661244,-0.21542926314834399,1.2125299013233684
-0.8443905957879853,0.5950210858592007,0.7426006145689384,0.6936883580858566
-0.0212393014691047,1.0280741412787053,0.5419034481329698,-0.36541654787607625
0.747586936682861,0.47073142506549437,-0.10261003256809287,-1.2089219132142377
0.7829969317224298,-0.41736170275859463,0.12191263037900191,-0.27415141976235624
-0.009778141698038534,-1.022602308669122,-1.0770397207962517,0.21543907345112523
-0.8131132137421357,-0.6750381385957802,-0.32549231307702764,0.5287748372651274
-1.089176506970916,0.3882326070468165,0.8934427285641755,0.963306716747081
-0.19715537067441796,1.0297094781385276,1.3235955303646199,0.9479514412981255
0.6103416959050871,0.784448445135236,0.1625877537407988,-1.0235703527164135
1.0099036332690314,-0.3320544521754395,-0.8989411904742112,-1.260417971150844
0.3444892780113411,-0.9456794361662256,-0.7036031483114976,-0.025441251344346938
-0.5660756366771389,-0.8295352766753271,-2.054325223326471,1.13705693207581
-0.9712653684219227,-0.008972692963823546,0.1941656278239784,1.3157327646302424
-0.4898397756216022,0.8632369531905879,1.44912140438846,0.44334494503876887
0.3533221282460473,0.9202469357686697,0.30511289681676657,-0.737317159317441
0.896461255774546,-0.007063251034924278,0.2611004855780008,-1.2279748615471204
0.6937171567472004,-0.7758926491627779,-1.0330157474372954,-0.6674026355972618
-0.30562655449763765,-0.9996650143690213,-0.33051835389828405,0.19998342014929504
-0.9142234536441329,-0.26728602719182426,-0.5902293601779351,1.556717411693942
-0.734614285888629,0.7965968830708039,0.3198387934553376,0.6823725111581014
0.24777754103548075,0.8981538682053858,0.7029045233780656,-0.4926249062010074
0.9776058186601638,0.5007585811092027,0.8798244708519615,-0.5139361806337228
0.8013660099745414,-0.6092316778048307,-0.6169013885091712,-0.9726397991918356
0.05498126869583174,-0.9278355800198705,-1.7714510833652681,0.23623787613175407
-0.8434130023800347,-0.4812798279187587,-0.310153984397763,0.8815057300248643
-0.8578596863083197,0.46694435626081426,0.6438817461105956,0.731606493510289
-0.24729076504341813,0.996630882176382,0.8853866964109425,0.3769708653858822
0.6343103278982483,0.5771416423802717,0.4151886179608999,-0.014086491748970253
0.9838793618905035,-0.1298766370727244,-0.8716395701339058,-0.8595972292268241
0.30303251188662367,-0.9512775088421827,-1.178601855311689,0.03751039665556399
-0.7250479394370841,-0.8166367545843494,-0.7815375230377738,1.0044580379896206
-0.9536778741221947,0.19461692109788092,-0.0036264196935054116,1.1615991992501478
-0.42408736330155594,1.0679539590847722,1.4217210617799303,0.37420747228964657
0.5284095838532166,0.7832255819337837,1.5610026064251588,-1.3457295691356634
0.9715686004912549,-0.022164410829957026,0.2896973578854467,-0.9140115353940254
0.5761028331955393,-0.8666761479874477,-0.671472449345781,-1.02187314907814
-0.4865924866418701,-1.0357351745042735,-0.6742146976319299,0.4125740050432941
-1.0499565552510681,-0.23285155267917237,0.4945870828444354,0.5655408169224886
-0.7308942578754072,0.7920091129836907,0.6935167855248475,1.18056940463092
0.37441223030914184,0.8062431938620737,1.0371096903831363,-0.17627776653129035
0.9973409348138464,0.2765195939978224,-0.5427077025090998,-1.7356412843551645
0.806574887952479,-0.635048939183482,-0.7720119813561849,-0.18457187391947072
-0.14251871925289306,-0.9918123282055437,-1.417965557665814,0.17394968780018005
-0.9139356862699313,-0.4215861889490057,0.004348360137682028,0.6449179479229641
-0.8123778111380174,0.5120725356123472,-0.0956464615498942,2.28312069132493
-0.012881135519439854,0.9816247376785061,1.1260136078243737,0.8831524947357006
0.8411915539497318,0.4599759237800337,0.9132596961851613,-0.863781317020042
0.9217511149393917,-0.5289678047778062,-0.6644577358046388,-0.9653834917587586
0.11823189080128371,-0.9834713139114769,-1.3677675508949707,-0.6787000562593548
-0.9269563446734617,-0.657907593700433,-0.7016175555606058,1.1211142786002641
-0.8861937117418822,0.3470107987979173,-0.1786480344246949,1.35114543138022
-0.22278301045423526,0.9337125919128131,1.0856028269326108,0.07178820732683056
0.7190866076657008,0.629921111041607,-0.10071145805010284,-0.041415852639668516
0.7723619656036349,-0.2059175332958461,0.46162021856297364,-1.113319545116751
0.252734064536359,-0.9410266903595903,-0.026061219083366727,-1.6876367680051574
-0.550905300468926,-0.7316216758397793,-0.6445293781593181,0.3712009018075868
-0.9102357533851028,0.04862346125703386,0.1388414597906762,0.8041681348475483
-0.4600268343020659,0.990499997146931,0.882599541547108,0.5120871888968848
0.5055694521902414,0.7827180620199207,0.2582995716068587,-0.2258247501134636
1.0389174100807734,0.07869303549562948,-0.6873060337475656,-1.3469045266630357
0.6497803133927632,-0.8248867508742127,-0.2772443490860016,-0.9705760887248016
-0.3852087089514644,-1.027440940255677,-1.2824673521422125,0.6913897820175507
-1.0253355231539136,-0.22537254306211946,-0.5405462031098057,1.0508719969986964
-0.832819881599237,0.5833963039374006,0.13361764443112378,0.32641477567637245
0.20210970767387276,0.8663779172941195,1.492528615808445,-0.07957682100249497
1.0266596926397566,0.2675516561123312,0.2945562265589402,-1.3413770410052785
0.7789912994125954,-0.6245442617306701,-1.0714080716041945,-0.9274388639645744
-0.09254964287772219,-1.1377806814894398,-2.1527731793225624,-0.17423295104814607
-0.7860988985375854,-0.5848193466563674,0.010081272099907723,0.5537615893560888
-0.9469752995993421,0.5787093076363123,-0.3835639555863435,0.7525388532285168
-0.06598028065129574,1.0114115320122259,0.14996447628902515,0.12231633957019317
0.77704379454538,0.749412828254797,1.0607562335677727,-1.1536304278034777
0.9568322405020695,-0.24630132713234532,-0.39076874389783633,-0.3169280287639359
0.24239498977054155,-1.0175703968263856,-1.0346392937339521,-0.1480602649423457
-0.6272715168970825,-0.787841164831853,-1.1612157589591914,-0.06789539188133908
-0.9807970684840767,0.14546405516667293,1.2411935667962752,0.7737984581002866
-0.48978307507729624,0.821899188683204,1.5016964060359352,0.39010476585169096
0.5734876450344886,0.7982001598483083,1.5353055814891727,-0.3717347089228329
0.9880894912628357,-0.043163373698547586,0.2544050706557077,-1.2590093458217855
0.5446928778199842,-1.032411398635711,-0.7452049451913902,-0.6309860142588036
-0.45187031837608793,-0.7978786702011058,-1.1118744374104133,0.9571184039031344
-1.0425015464193006,-0.1468152068163866,-0.5653281162458101,0.8172387117102755
-0.48081465461428596,0.7625311632553177,0.4220469745344835,0.1652537480571442
0.24091397364883488,0.9435825545866008,0.9615808789865338,-0.3078818743092482
0.9063099241984534,0.1629579961848746,0.09356781745717635,-1.0826139137200836
0.6881659132325575,-0.6825780664736285,0.23139975759193077,0.40209612129625094
-0.1445548957087643,-0.9769110930948146,-0.909351081259775,-0.1566016769902756
-0.9058249919174098,-0.42593327626373134,-0.35994445635336547,-0.09963582685600658
-0.9117372370803911,0.5936317307931221,0.9896315137882039,1.4120304456497539
0.04487084109441309,1.1969760327751027,0.13996393297362333,-0.6825451074607947
0.9611161534902015,0.36266566899293495,1.1862506543333844,-0.8225926792731172
0.980294790808103,-0.39920409773563836,-0.20265211710819853,-0.8787365008455702
0.03718138128600244,-1.1430854003088724,-1.0496158299118157,0.4319087377755998
-0.7279416046468485,-0.5584338102119513,-0.7182700351431975,0.5648228537418287
-0.9131249115577968,0.408330076162336,-0.5143315342886767,1.478553347352467
-0.2918755257838759,1.0417163572727062,1.1850902603921882,-0.5915294053981468
0.6674711471091311,0.6046593621797913,0.6546964898479585,-0.4469987911374912
1.0246409327025705,-0.11856258553772335,-0.5107416266979825,-0.7332807344088623
0.46255096025771836,-0.8753098975884628,-1.2526688517793976,-0.17014385346200978
-0.5773603351187091,-0.9340906414231552,-0.7664057733548268,1.3169141247763554
-1.0468976474587157,0.0992092511990752,0.840373450532424,0.9255979236152142
-0.5834877035007925,0.9494772240120146,0.3888825066904192,1.0296016025392596
0.44771853112072246,0.8509000578344393,1.0739146668813186,-1.7629594773979862
0.9024064653386279,0.07935598376165626,0.713548718397129,-0.5932733531661211
0.5542948934768986,-0.7671303500290545,-0.8430095604737858,-0.7757596443922826
-0.3430962481081712,-1.1132879896877397,-1.103148938551201,0.18992723600282813
-0.9544736842992986,-0.2306684221404519,-0.47094375327307425,1.281360272137291
-0.6077702791212147,0.6179296575025602,0.43807378973902134,0.3241252769331726
0.2178221029533966,0.937245072902354,0.42856625827608025,0.4599794842309135
0.9780509340880688,0.33320373884556176,-0.10533815155536752,-1.2273094890687841
0.7846056052929894,-0.594385647702732,-0.49486635428924175,-0.29313358039026016
-0.06877048620715864,-0.9576080360871121,-1.1472993737044344,0.12512807648758562
-0.9813645997218403,-0.39099228087712073,-0.33961966637965857,0.7411213695211
-0.9071053561738074,0.5513221815483773,0.22787650003775362,1.4104434715801555
-0.040867071027620626,1.0344010067796223,1.2342034477873443,-1.242833455979342
0.8205049448173495,0.5133469886844455,0.6188911391445517,-0.03737478581973763
0.8320596489678422,-0.29075901908534674,-1.5411545230342538,-1.2324287284572102
0.27832665466343787,-1.0365636463014105,-0.734840465527741,-0.05485638792145531
-0.621140720352108,-0.60730475970589,0.3717651751000872,0.4549662783251607
-0.9761980986255631,0.27918564417234526,0.29843388770754375,0.18623842173171506
-0.2778425739014647,0.9194695784604263,0.40475723782474937,0.47879338951390904
0.6508103531706574,0.8600634399682704,1.836311576023656,-1.5251758062757874
1.0802590656698756,-0.19230434733216384,-0.4015913011672162,-0.9209909948194478
0.5020009817958998,-0.8448320816053045,-1.4067010965333504,-0.8151040906515156
-0.5655983423238066,-0.9359202743217286,-1.7876530777213562,-0.07382812350556656
-1.0576194286271494,-0.15041290023577303,-0.3964857428078006,1.1050993710355528
-0.6559909714151432,0.814134905713739,0.9728412259811259,0.34453941510834973
0.4392190871338464,0.9153815553891321,0.9510514383674709,-0.3084047508189325
0.7993148142889944,0.052589482065638654,0.13240831353572957,-0.6636227556198443
0.7209400889856798,-0.7829954076559458,-1.1917514876148405,-1.217756322321356
-0.20386446336305206,-0.8911693381543914,-0.9244386199724752,-0.18706790114061844
-1.0985893827387754,-0.24784087624512757,-0.24801365894982663,1.0550178848002612
-0.7849475010189289,0.45632371374834013,-0.006841680271600925,0.813077692982358
-0.029656466325631348,1.1408869980765342,0.7756751441449734,0.3082537679323616
0.8010644587848336,0.6293921718367788,0.9243070737468134,-0.5323789371851956
0.8865590129293351,-0.41192968164687005,-0.6634030492343501,-1.333484409361102
0.03974295741646023,-1.2041763241459496,-0.7118035424466707,0.8360659281318172
-0.6420825714639685,-0.5075729579585413,-0.29361524548663254,1.5398788578324751
-1.0816459345533498,0.33293224085640827,0.2874690902980115,0.9285014748715095
-0.17487377490325967,0.9787458929010375,1.7981544021759177,-0.6058319495145198
0.7594785283918537,0.7245870021696477,0.5017101993136425,0.3734551039717199
0.9254309446860121,-0.24265405078558375,-0.6378749986882487,-0.9066011137410664
0.3807046161519427,-0.9250867736092893,-1.2962061525568607,-1.3119766836627138
-0.5430077477432771,-0.8948214753125548,-0.23249943184187272,0.13439653691586007
-1.0626900513743927,0.11678829861571258,0.16476361787689242,0.8900590672754519
-0.5153973509423552,0.9142186226994286,1.0201532476277901,0.809768505263338
0.4698319350655764,0.917829060013791,1.573684300637211,0.09605662948815208
1.009187662893928,0.1709041425113904,-0.6173341148411327,-1.2134387403733466
0.6509847083735103,-0.7904473895979881,-1.2690803179038992,-0.4824488578148195
-0.3961677027058147,-0.8809337272091413,-1.0438652261837247,0.7209459622579034
-0.9238320492894612,-0.2534747430922322,-0.8220100797733743,0.6443149614162006
-0.5155524616214096,0.8080417651269831,0.5975655484986031,0.813310611282908
0.14482404154369355,0.9307544132237547,1.3272198646071325,-1.0900882631311815
0.8916978234442632,0.45301873763044065,0.062133640164748205,-0.02937496248892696
0.7908636906894846,-0.5327347393449954,0.17387743933129307,-0.7092264521038782
-0.10768348152691834,-1.010107397779294,-1.7297404500822056,-0.28508609298546594
-0.7687782100449342,-0.37387541686429654,-0.15157391726152714,1.3933069177652249
-0.7985153812879392,0.5674344420966334,0.9548865111370053,0.9491734363055065
-0.05426965821155549,1.0331716952298722,2.0298195715668124,0.3736576973115807
0.9089187145431488,0.5184169289921896,0.3853581909464704,-0.25631425389960105
1.028750401297229,-0.5480692855808619,-0.047239268537875856,-0.7221392504898455
0.3676012829800211,-1.0409941572445678,-0.7756552199167195,0.4874693394101698
-0.7333089548212008,-0.7625655808248936,-0.970305971011397,0.7313688857493966
-0.9681334398995078,0.335413432481516,0.09097105952236839,0.7629415358720582
-0.3715927969045032,0.9168631147887087,0.6342612366373973,0.20204357111331728
0.7390041962038538,0.693506237728029,1.8065695764874874,-0.5099821161721424
0.8605764765106505,-0.1391078387492141,-0.1994075313536492,-1.041521058153182
0.5085924444646165,-0.8885283349152552,-0.38428648584273445,-0.6169835809660279
-0.5686327316525387,-0.9180258840230382,-0.8842048001116126,0.8273538573173678
-0.9260720281696218,-0.15226715761783657,-0.37441130878251017,0.7692031812954332
-0.5897948662694551,0.8874664553484174,0.5837210151079736,0.5658717760960058
0.48840937349469166,0.9170792778061565,1.4364408031125169,-0.5955064470496846
1.0214632757030564,0.1930473179280371,0.7453036700168947,-0.8578176765407808
0.6106403596129067,-0.6603570624143449,-1.1315280309338605,-0.6634503614807602
-0.25695735283913546,-1.0292016237214932,-1.2623067033866058,0.9764869598188136
-0.8637221977168386,-0.31187968708268915,-1.0401996469023178,1.466726548968107
-0.8234277740904299,0.564302139838229,1.0722280028283975,0.38350855619281365
-0.012631122667477138,1.0202641935621275,0.9395604005178124,-0.33719305299847346
0.8514492000550049,0.5102096184106039,-0.13286884743148097,-1.9613752780681097
0.8985794474880345,-0.4765319352244556,-0.38878560083605407,-1.6352465791431927
-0.07134547869990696,-1.0779479233986604,-0.8932520584133297,0.44490604895370156
-0.9122285347860863,-0.5889115626396436,-1.0115266735070543,0.9896962765455031
-0.8209465570346884,0.37533094456560206,0.10664146897422233,1.2207915867415862
-0.13949086838884284,0.9339546731764488,1.0178605828103031,0.5128865574414143
0.7590051111487429,0.8002196127096705,-0.10507650175172745,-0.4496362413234628
0.8904608273713307,-0.3397233856006794,-1.096295067985909,-0.6452589846289261
0.332038447291818,-1.107992934861816,0.009060704033192202,-0.39748947860603956
-0.5676427708619601,-0.7444323843457619,-0.6465118662169239,0.6998291389620759
-1.0078337615838575,0.09771307012779215,0.6497858717090488,1.2150954344996319
-0.49162383251343256,0.890044975306187,1.8876222525770914,0.5132099758859809
0.5150402567318475,0.8560003242430175,1.1043130287762422,-0.4710525156333284
0.9351283508039885,0.08937438687364486,-0.4082067915704901,-1.164399565439032
0.5568276666314161,-0.8388390342305692,0.0018777083756682522,-1.7476107024293623
-0.368089614940534,-0.9991059706783554,-1.1344123040082044,-0.010276352269611988
-1.0144437283779442,-0.2596204129204203,-0.07462503820899302,0.5988021938898083
-0.8102478901768218,0.6861575538944834,0.473915325612867,-0.12664810275518357
0.21080109421184812,1.0430575329924514,-0.021525232925361237,-0.6838487478562211
0.9317602343757082,0.2952174747758425,-0.9005761943278368,-1.8034242332732657
0.8100994812790069,-0.6696627683278606,-0.5817769947836543,-0.47681451943168973
-0.0017566101450284255,-0.996157768020358,-1.4703996081946717,-0.24708378118366736
-0.8646929882179497,-0.4511668541316646,-0.12428114013204816,1.2472008224311104
-0.8956148113748023,0.43047859475789696,1.0070786405787318,1.2388884061320549
-0.1388477889445227,0.9569853485067912,1.2854280451339228,0.2990519444947942
0.9892136444552115,0.4122444891740067,1.1336718039384464,-0.5415060985842912
0.9546707911032803,-0.4791743980620171,-0.842290702713992,-1.220195712759582
0.1448553479299035,-0.9887415179420089,-0.9717014940562337,-0.7142473634813745
-0.5915588243701986,-0.6000057801759588,-1.2736835408112883,1.9160383814698252
-0.9542069851490181,0.2622731665781583,0.24421067315313238,0.4824263561650849
-0.26071320129140946,0.8880040840507402,0.8301000502923139,0.0055670972636645555
0.651497155333572,0.7458764923636664,0.5051081517684691,-0.5104637648001736
1.1140894130967818,-0.014231787345948252,-0.8059871845124605,-1.2707037567254456
0.5269136575567546,-0.8323652772321144,-0.9390552902584456,-0.4303928628148662
-0.5434009924073124,-0.9225184471982217,-0.46432451375437805,0.22254892664062054
-0.8758811337371266,-0.17003852740081268,-0.38120375409976814,1.290009326056098
-0.71035832149824,0.8158995648346563,0.5972946714331367,0.064992743125179
0.3548183861414461,0.939150955625869,1.4993853248313,0.010005005761700159
1.051731354164368,0.16455548927157224,0.37102453279444947,-0.6079806119161524
0.6841284132624151,-0.7752934557317936,-0.24027540517333357,-0.5411398448126337
-0.1953496795799958,-1.0362565139094502,-1.445674426017142,0.5109881824432627
-0.9400499815391685,-0.3921717885738076,-0.37695635397691996,0.8163860716265611
-0.7615473442756822,0.5288186471194557,1.100234929734013,0.7827826741801519
0.06739794824230169,1.0104788422839595,0.6172489784866156,-1.2218306862708583
0.8201402938398462,0.3186396267623076,-0.41261072023501266,-0.9473126767596681
0.7303956628449513,-0.47622634095838895,-0.39472428517780045,-1.0644328228410977
0.11590946924561943,-1.003453216291758,-0.6883959218346677,-0.772492929035099
-0.8895652700539524,-0.5406392406733695,-0.6255370307792457,1.8569112675237631
-0.9115723208590575,0.28316761771137544,0.7050415828769607,1.2481330592498354
-0.2017089835724121,1.0450148208595125,0.8167769447620762,0.020775056937907266
0.7776710575455965,0.660064345101329,1.494629381185028,-0.7321769519549759
1.078808828334261,-0.2475840757928478,-0.8147836669297298,-1.0314363642888762
0.44090661730595215,-1.0012451127099515,-0.9693797026686553,0.21528286239309968
-0.5410795619537266,-0.7653740079039778,0.009735045790194019,0.7403785390284479
-1.0636309770655408,0.059246864821155494,-0.40340740128647745,-0.5851423126030281
-0.4170141360977568,0.7970108478116705,0.8527356408681624,0.21008962124056674
0.5021777913009787,0.851064413419803,0.6617082161202625,-0.2605311109703934
0.9731659136167982,0.10567733297203447,-0.0018430912634892493,-1.2560550927284715
0.5865385915128536,-0.812111903789811,-0.7954806288930322,-1.1858983927936744
-0.3451063783072078,-0.9454295227163674,-2.11136428318452,0.33164534290464565
-0.9351188475596292,-0.11294538415393535,-0.7070696957156963,1.3910679133595476
-0.7991715389764966,0.784536438531969,1.2841949509175026,0.7274848480467366
0.2371202386509196,1.1175635073772756,-0.003815422994909029,-0.1619852330901439
1.01661734435519,0.29967329248647007,0.9271445913680854,-1.1304743748525148
0.8345504973079985,-0.66319645130554,-0.16061876641478512,-0.8331440444464611
-0.07369671998599484,-1.000264662944742,-1.9925031485725186,0.22333165658272813
-0.8638207418374,-0.508788299042448,-0.25886232032839684,1.3765579976098288
-0.8204429021091113,0.5394134859475539,-0.11100348127665083,1.4144771285203064
-0.0308685869767616,0.8836890933401205,1.6888286943105608,0.0003195318016646631
0.9000991625052831,0.5680602842187198,-0.4705585728098255,-0.4003423226276187
0.798279533346317,-0.46666622753626924,-0.4107034577245139,-1.1943680409664115
0.3164419175419805,-1.0469068348166037,-1.722108663886324,0.3757158030139274
-0.7198475015847581,-0.7615018083931501,-0.9882860339236982,0.9271120102421887
-0.9741065125827242,0.25497966034391295,0.2825679737388731,1.4369781775835284
-0.2684859428991096,1.0007494555160676,0.8704213304590744,0.6763626153213143
0.7508607561518481,0.8442793678526402,0.7442303789261068,-0.8442603065122967
1.0835962304115374,-0.022576486663736406,0.39999120826153867,-0.44064332456880073
0.49383794774421375,-0.7878628951619155,-1.4652823629066094,0.23419510909943153
-0.4543506881245004,-1.0013584002545766,-0.6227461894715991,0.32366665941157113
-1.1056425302629296,0.07931966208987225,0.37075872796277887,0.6785625556472127
-0.6240840065740575,0.8036877141819843,0.5165807046179888,-0.05523346721790001
0.46313671685215263,0.87330332569317,1.0141494423545467,-0.49961196244292627
0.8547396938398095,0.1264834078408174,0.07479817811456124,-1.4649941976449166
0.6295386863234126,-0.8094475149046771,-0.8667199073981929,-0.6560461053504457
-0.3162447340454301,-1.1106126019832068,-1.0248775540232928,-0.24448454589820368
-1.056703993234322,-0.30681389420834027,-0.07538501351947835,-0.2639890161804026
-0.8563231267408526,0.6589654760132361,0.9495680092586606,1.044787541218815
-1.0772723880312918,0.23170063692160797,2.7910322703070887,2.8177442998597617
-0.15785171944703347,0.7717992458843279,0.7363276201512806,0.028801050868723643
0.5125409886866784,0.8147189134566675,0.670698464304787,-0.333892057207979
0.9837439095252395,-0.3635933868995633,1.1747334636980167,-0.9353521898691763
0.22871030727820213,-0.8411601635211348,-0.9061571882983189,-0.8462911405326029
-0.5816067353473073,-0.7982780494915568,-0.4085293792446021,0.292402298509859
-0.9817552037848437,0.06771865956284283,0.10914980756405235,0.580604147676977
-0.6045337381213178,0.8805691405550888,1.1547763674694447,0.5890957365965033
0.4729879312545327,0.8736407506566921,0.4749694164255164,-0.18707659235992657
0.8725150118051476,0.06131031523709398,0.24583001058923415,-0.659519809850749
0.6526544007988939,-0.8572956164083241,-0.8988382070630185,-0.34162882414848106
-0.2757599723072473,-0.9450725111253995,-0.7859934000899796,0.7210360148607609
-1.0004281208963746,-0.34472092077324057,-0.06171793214372945,2.066895053967949
-0.8093633824017363,0.6146123716586832,0.7787807853951417,0.25771646978024254
0.34588754328732546,0.8661212654154066,1.53753703900398,0.22061324888866696
0.9614758396203138,0.35668729403757693,0.5582062550715106,-1.5039897191950051
0.7874191798072231,-0.516404677253705,-1.1973528400284288,-1.493601905353214
0.0034786207644408734,-1.128041692522586,-1.6241776458829562,-1.0260784519408543
-0.9353242462559813,-0.3915811682360614,-0.6089364005424713,0.7618163178244175
-0.8383564396924748,0.4171802714986107,0.5355780330208609,-0.4757582773629365
0.012510152101068456,0.9375860985780753,1.0678253198478578,-0.04069758438291382
0.7805623053122652,0.5667699621342637,-0.04996886030239789,-0.8023261946614119
0.7848672910318496,-0.2733698099205966,-0.6297805425813108,-0.7933622879793406
0.2773288369804894,-0.9631712216528316,-1.1195219353469312,-0.3892475440102766
-0.5701477393033425,-0.7226833497226297,0.30804713791221294,0.7343300951479526
-0.877512646751766,0.10705852115864957,0.6489207097288319,1.0308142499974038
-0.3464386241293098,0.9351627736321,1.0942395370954718,0.21606094119319352
0.6357053267814171,0.6873400269764876,1.4830319483907168,-0.9255946231870116
0.9757835327916315,-0.10732822337660891,0.7921154611469949,-0.47608548053602634
0.6100609132714925,-0.8296978489829718,-0.7791802731086284,-1.0380166890283105
-0.4907938324603492,-0.8621086446845597,-0.5019992729865244,1.1758812966706194
-1.0227300354834947,-0.1379443573678451,-0.30439574837615335,1.3614328939214337
-0.552273303740577,0.7797100215937163,1.2432450591918809,0.24734646849270625
0.4198642375479045,1.0747602407868821,0.5924916554090367,-0.1982967121296597
0.8822212364478541,0.24847611997528835,-0.4477363562716524,-0.9420572756348935
0.7548441469599583,-0.6730682090995964,-0.39146121777740184,-0.26219265974807116
-0.05736654651073034,-1.0149697285550578,-0.9427191729111307,-0.1358524996769922
-0.9737171792910456,-0.5499895535902697,-0.07939057453454634,-0.03640673861616178
-0.7466172276694416,0.6528180989914623,0.8416880456462245,1.35842871162887
0.06853565484514058,0.9013394000883453,0.8336231841207187,-0.4527024799344398
0.8024276618818982,0.5452905620726909,1.1029896120983722,-0.8098549982873634
0.785080085994155,-0.5354365601476391,-0.41655753716777544,-0.33443011314764737
0.03200363820399156,-1.0253853108187054,-0.7038707818955959,0.20630191280089027
-0.7658503525356006,-0.6180940676358615,-0.7310026610466747,1.2922560838724217
-1.0063523667650844,0.23372895961554893,-0.08241859925950834,0.21424002156050947
-0.20738571616264156,0.8692550977542856,0.41772603996673346,0.06866935526702256
0.6518192179390638,0.6555030816885121,-0.17506675963272933,-0.37424474312088396
0.9411283779369349,-0.21642983126318904,-0.7035955735543048,-1.376474195188725
0.2914815412493489,-0.8149229486449123,-0.7835483343382641,0.3084203442325867
-0.5780593018459681,-0.8706100383299605,-0.9313527741035917,0.1700236192136162
-0.8772941117831281,0.018103612922983098,-0.6701652089747817,0.8037564323697777
-0.5415824153319434,0.8259683850043815,1.4062350928756135,0.18062152892774297
0.49251757216813336,0.7501970720194279,1.1170755986028846,-0.5221264810535103
0.9564385742485148,0.13087629154005487,-0.7758650174675757,-0.514621502542039
0.5835007753379187,-0.6431525393226777,-1.0654462472781725,-0.8236503715684551
-0.23436146024340376,-0.917783469961706,-0.48888159589661945,0.22285640722508826
-0.9202378862864913,-0.2651283089673758,0.42090710473107584,0.8034702870203417
-0.6577796681431819,0.7417476803131531,-0.35146206174995975,-0.28732339303342125
0.3021819380830859,0.8844056629446198,0.8162057261536083,-0.4553417665267362
0.8859146601633399,0.2845376267425183,-0.3192483878953589,-0.8031897017147438
0.654209210777937,-0.5991346665396007,0.038030488892469294,-0.4795730955710892
0.030284219193728826,-0.9721453818642442,-0.5314263603956652,-0.7223004853847848
-0.7437617924557755,-0.48015290376782493,0.028428085005401393,0.40214013955745753
-0.8658540466871453,0.4686942623877955,0.43793545319653515,0.21417831418793665
-0.1383194827822181,0.974938994504351,1.5201172280997228,-0.25281503973597963
0.7580287144120523,0.5629661255592298,1.1883406823826375,-1.1092189294262356
0.854874989432681,-0.3320108348323966,0.022595738130670173,-0.13504307931238496
0.23571771251329546,-1.0037085933202727,-1.0288534456730325,-0.7015264401265636
-0.6678488709535312,-0.8557474633322938,-1.6181978124743268,0.3977098784927513
-1.0309168863372322,0.22449386317093079,-0.09914207181560941,0.6532953976452255
-0.3783375656068839,0.8811566752324465,1.0837666092512004,1.2423001574447323
0.8958595401894995,0.8519535497546631,0.8727288954805076,-1.3209167423633699
1.0206912625900273,-0.03283749104076149,0.5531678010040703,-1.2192903103788393
0.45002114551475725,-0.8662447608575043,-1.6972529141341408,-0.4133078077400332
-0.4031574580651841,-0.7961089664347858,-0.5054660429649355,0.3060071841927997
-0.9020727636967356,0.052266684270398045,-0.29854700571758264,1.2845557911391952
-0.6968523635623547,0.801885318552296,1.6402871858449457,-0.1497343499009901
0.3019078638525201,0.7521846549613196,0.9935463343184378,-0.4560311679922274
0.9250359094066801,0.14266329574488085,-0.4394835595402541,-1.1322042759255393
0.5869600825482378,-0.7945379610810439,-1.1054186199172649,-0.49261360477524885
-0.17335713361675348,-0.9802307313029747,-1.137390192365039,-0.2702112602023138
-0.9144846498712595,-0.214912220528177,0.7951970259739899,0.4520700216554843
-0.7727010571432056,0.6724241996538487,0.584736774479997,1.017124239045036
0.08321254925824484,0.9343621789128963,0.8114729646587262,-0.42390313513222533
0.8749882191428333,0.4272028391222396,0.9631274682145841,-1.1107140777312254
0.8737495884961344,-0.5685182896647183,-0.15125586757710363,-1.1056694276833423
0.09311299496971813,-0.8917343724177057,-1.211673785656524,0.3384390311462182
-0.8388304083535103,-0.6212834713311102,-0.015633107210489827,1.3000376505073985
-0.8923529039987871,0.3922887565141434,1.4589832072602504,1.0882948105385197
-0.15151122551152574,0.9664964189598416,1.2306200554968272,-0.28113733954940545
0.6215368465782124,0.6194778519362979,1.4151427410419637,0.37214692475876165
0.8253899347970388,0.005392909651878802,-0.20676761794095833,-1.6046391127340758
0.3161492977188962,-0.8701559204347851,-0.7304991525941807,-1.0909197333481673
-0.42514022512790994,-0.7116471762907457,-1.5641757117237347,0.7335045021528719
-0.9645510094914883,0.10292705767366575,0.9199112019231426,1.425438403331975
-0.4463758401552266,0.8114201381387908,0.2835238262665457,0.569769518326278
0.43826644260092934,0.7550980790678931,0.652592784572435,-0.36030712008146504
0.9845879723716318,0.13069965624288749,0.22836902595605946,-1.4334843821192835
0.6571445239895787,-0.8376769483580317,-1.234491553253666,-0.26731445881467364
-0.3540938486609663,-0.9359326250751924,-0.9301894029240304,0.9753816099173601
-0.9150802634647469,-0.27684867719310835,0.13386858287059322,1.1049482415738547
-0.510596422874118,0.7275694719531802,1.080295072332184,0.796371380965395
0.09420132376895247,1.0359238596186164,0.820616383383774,-0.014278307388690403
0.843988269445192,0.3331165963859338,0.173927659178868,-2.128677087658622
0.8379326537472599,-0.6566055050865162,-0.424911237935256,0.3040856716279572
-0.07721231445459603,-0.9956911360655989,-0.6470408618025928,0.32378609881897114
-0.8838244019302878,-0.5461166876345731,-0.12917762848494996,1.1618939199518485
-0.9487003383407828,0.49721040233343355,0.39201844687613563,0.5510455986435777
-0.008767475601023499,0.8811722982389162,0.6527245278502276,0.40399571937823064
0.8306905923495335,0.6868304916642977,0.2494345948148896,-0.644448207205788
0.8134017207811126,-0.4378678836143712,-0.3529801950826206,-0.8390026800607115
0.1867914648614328,-0.833970294276115,-1.4975709009913387,-0.6559957222010521
-0.6969525333844998,-0.6970029160191012,-0.8671169021183306,1.1100303209860511
-0.9536915951744153,0.27626244775006875,0.2668078187321049,1.2057699680582885
-0.4180045411627229,0.9749229197160475,0.46650841067021553,0.37271222820898564
0.4609879004055124,0.8052358964928304,0.5751063637963755,-0.3801333606384505
1.102033747696975,-0.05568786371782985,0.5906519237522501,-0.855309435330573
0.47997717804169215,-0.7282709842251145,-0.88148843976107,-0.4055961540078534
-0.5646650980280953,-0.8728704153900866,0.6797984277873637,1.1794998990501848
-1.0172954927090245,-0.1257251181361998,-0.3981225973010388,0.9765410389768447
-0.7745439751952179,0.6772406137777498,1.324766733575027,0.8834244216018278
0.3620138487270176,0.9554782711281576,0.9429986889263969,0.7029380668322083
0.9455369321862449,0.07984468011110975,0.2970694297452975,-0.9907165531765407
0.7614685686352803,-0.6538698791877996,-0.18637454531811093,-0.8486025611811943
-0.25832361388179365,-0.8670569838969447,-1.103339191068014,0.8019348845416552
-0.9347719302274334,-0.3620222818459881,-0.23962409693076225,0.6091645389251329
-0.6846368083385675,0.6108071949316589,1.1553175277347787,0.40534227405887024
0.08112772993870246,0.9994961627859682,1.4551551592891943,0.63923225847902
0.9531560947006015,0.5760756423388401,-0.12058340524726707,-1.1851960803017676
0.9116876791832943,-0.5010009148395052,-0.2927493947370807,-1.1625637511630371
0.08399722684443651,-0.8756444843526926,-0.8529454729877979,-0.2450793587868838
-0.7599591988412757,-0.5278803110986969,0.03197891521784402,1.0014038706287733
-0.8308939109272065,0.39650012611412616,0.3652796961448157,1.38101897274072
-0.1735548983668896,1.2079778271386736,1.7161599792067423,-0.03126801231273568
0.6190544292659798,0.6811438493812768,0.8400322992096698,-0.773076865400022
0.9257576207405555,-0.22801757798811817,0.5018590239529686,-0.9483885752556909
0.27856708899047483,-0.9020887463624941,-1.4186251150908142,0.11621841393982923
-0.6710227070354263,-0.8936035189092254,-1.2874954921233175,-0.028939734670943018
-0.9727967807381241,0.1705472882769588,0.24057795072193133,1.168244926689966
-0.49222722326181223,0.8695444949495885,1.4817080716229907,0.12228859144040038
0.39519953104063676,0.8339265570960501,1.9532664640682342,-0.6942040952500173
0.9861263498039454,0.005750667793087784,0.6740935929285452,-1.496045903300663
0.6391019857283043,-0.8668797035323613,-0.7125660130377043,0.6273291964567379
-0.36169465112562493,-0.8366463103770272,-1.2501191677274086,0.1837766754093284
-0.9998867878725805,-0.3308087051774282,-0.3351069559572778,1.2503443590687568
-0.6949747422667253,0.6721644269903793,1.014350808164367,1.5363260922847202
0.23513571445322978,0.9922045177283816,1.160987577994926,-0.7400931164426144
0.8025252883524463,0.2794878903008442,0.4910730022489679,-1.0478744921820475
0.7431727095987768,-0.5216416391829377,-0.17786483365615224,-0.06895767296663136
-0.08386864333082425,-0.954028174990415,-1.3542693642088932,0.11511147784106335
-0.8718770194364159,-0.3913539988415683,-0.0372436361697176,1.7542201888391313
-0.8676860504258573,0.5136289027662722,0.8167525245752133,0.11324890782016594
-0.006859581993350065,0.947516698175728,0.4300611288358437,0.1359159629072071
0.7161884295227449,0.553807369923812,0.3095859094439579,-0.8239913051470671
0.822050628209631,-0.28353522225673433,-0.6011288802136106,-1.0529051486528922
0.23096574330885916,-0.9916991307990097,-0.13948006864814802,-0.42640432976115805
-0.7102039014688316,-0.7136225996580697,-0.39831044050769426,0.1740496762508148
-1.007793912777562,0.27747700366970535,-0.07207829274646194,1.074377271279887
-0.47214512250769747,0.9555998040750763,-0.05065241828487055,0.8461125641719475
0.5362564904184698,0.7241812116918486,1.0922599999160902,-0.6389253734817835
1.0552951486441002,-0.05731899538339308,-0.3143285105209931,-0.22502394546409024
0.32167899720583076,-0.8753350940285527,-0.693525567204756,-1.2744997610170277
-0.4189242032937212,-0.7856283182122754,-0.28602320114414187,0.04388118042967015
-0.915244049079686,-0.0466841092579286,-0.5902188477035059,0.5301513750586575
-0.5648151946845792,0.6621975731050223,1.539341079186931,0.7565277308560336
0.3769582624969113,0.8848488731772733,0.8938386442205065,-0.6659342098274446
0.9587822705153026,0.13339945877896758,0.2339671034490054,-1.9640872293952318
0.6825404153977058,-0.717276472720172,-0.8888361570308473,-0.3117599988019043
-0.22842181851574309,-0.7496518863472299,-1.1317456438051803,0.19436105195508646
-0.93739791560861,-0.33465934913462864,-0.5365053874875342,0.9945462539841456
-0.7274356119136381,0.6287526482365785,0.5217455862741677,1.1038482248272397
0.10170652497589759,0.9439366377189355,0.5975878416324751,-0.3722402411206721
0.9458825092090768,0.5257991877925797,0.23054312110114272,-0.3814516401652501
0.745782710337842,-0.33507889638594646,-1.4565740312515296,-0.010575398575429773
-0.026896881014675626,-1.1384592443875274,-1.6506015680019965,-0.2997316274746975
-0.7535573485220896,-0.471202278178614,-0.5053688661643868,-0.16894105528086734
-0.9292655125310808,0.46237726028275244,-0.010863740860774795,1.4308722455258078
-0.18941011504261235,0.8381609916338488,1.4317951179506532,0.3075305811906409
0.6175771902575441,0.6262200494283363,1.3054302924588106,-0.5734750971748054
0.89690626748544,-0.11240576916498357,0.44769517005301795,-1.3942460046082688
0.20247936244861636,-1.0333918379901639,-0.597132831479438,-0.649275037542878
-0.6117362972298616,-0.7958606596043167,-0.5277982927985139,1.2027830424651869
-1.0078327800548548,0.13496360185953352,-0.3133919666628937,0.31897140007581026
-0.48829426802897025,0.7711804563386692,-0.2604858290412071,0.9332666840696957
0.40670539894075197,0.7570672687942905,0.7119916636189807,-0.9073712687546753
0.9014387480114829,0.011577750841727841,0.06496936693385413,-0.7069182534930035
0.5575129764147141,-0.8361348089241172,-2.3239674874182534,-0.3894495569458811
-0.3782174892142973,-0.9141554218248182,-0.9620385680009746,0.8405258047045516
-0.9857777356476136,-0.13074792445088362,0.2604051053617451,0.5925840423286194
-0.5526374605650399,0.7620037993592145,0.8466707866670425,0.7257209296733858
0.4063192602007588,0.9852950369277081,1.5428408748588334,-0.7486236381520556
0.8764223012075543,0.25431691188765915,0.17849059329038353,-0.40529158322129166
0.7697239666607909,-0.6526170078944505,0.26870174495181975,-0.6090922919225145
-0.03872792710625848,-0.9220185347318314,-0.646614676479382,-0.27460185826726324
-0.7985356536883996,-0.3209561798579481,0.10929075791010379,1.198781451425324
-0.7889852780317075,0.5863951220719917,0.336127195172507,0.9411385044963929
-0.0015507818986633462,0.9989961662407842,1.821835255130138,-0.6513316229142169
0.8218529210938791,0.48321937354919126,0.8216216688967376,0.004645925345804214
1.0009194479398773,-0.42049570098028244,0.36804605471943586,-0.7704204774251505
0.1210697564042661,-0.9318505849699565,-0.1702929213619582,-0.15126676841087372
-0.7002427229609964,-0.7572181739225824,-1.1499989856442876,0.11351053242777132
-1.0446656844802946,0.23059292427461126,0.17539964043024825,0.12500907219024443
-0.253663786498586,0.9125132147676062,0.9817686334983957,-0.10552813690739238
0.5865740255026202,0.8019361478952888,0.3485526487937052,-0.6028675401672168
0.9855970536820626,-0.021372238454048162,0.41784968433263237,-0.41799899856051687
0.41278297345729764,-0.8163164416068743,-0.8084522922607831,-0.6081294520061314
-0.4507985223045626,-0.8474198299309069,-1.5017579973254815,0.06546974944823092
-1.019894881803271,-0.023055970821917397,0.19437886288171669,2.006032902691805
-0.5413795647591544,0.7916768886900617,1.1612636891110877,0.3439039367191993
0.3530068369613434,0.877612228256541,0.18505026832145388,-0.9597564588523277
0.968508074087324,0.08119045538501879,0.038156991423676234,-1.4390678300882158
0.6040026963521621,-0.7961398530778073,0.14021218353388598,-0.13134709226620855
-0.30783942642978224,-1.0201027992419072,-0.1527615929731363,0.24013193210217332
-0.9149356075494975,-0.30859713381728693,-0.6790965181663838,0.8921392975078857
-0.6511121938568885,0.6252278613790907,0.7695061700266231,0.9031031164492648
0.24231639316306963,0.9371349971577243,0.7382534918119963,0.5276208136569621
0.9733429016603014,0.4353315240775691,-0.5094186110678328,-0.4868502587725934
0.7884528944613172,-0.4691642207422981,-0.6523190432844755,-1.2782936251159354
0.006644990516467017,-0.9603602941713685,-1.2339977051303466,-0.3616222392637114
-0.6618477584058302,-0.5080519280666707,-0.6481868927617418,0.19175744280374718
-0.8727786543292199,0.4819488429497589,0.42643994680223896,1.1037711657343858
-0.09748437630960186,1.0661125068092647,1.1347491200966477,0.3822765316563176
0.7477895392250743,0.614192755048987,0.5635592148658847,-0.19385601067487102
0.9317739361026501,-0.299807892563352,0.2859341402781218,-0.8517377126530847
0.30874683384382495,-0.9217972793052325,-0.714711765562506,0.3490929476197252
-0.6594318544592178,-0.7215168272966066,-1.7684605469302324,1.1285310937640562
-0.8848250803185292,0.236096323485402,0.43264450799028353,1.0645143707038491
-0.4762634352169489,0.8689725285532142,0.5927131451344686,0.9199576905201151
0.4192012553996258,0.832991952877998,0.5567916372517423,-0.31424751858600386
0.8930246795586038,-0.00696912650413347,-0.6698694610589517,-0.4105177159956108
0.5670797593325203,-0.815690865727358,-0.06075800451229296,-0.0016924458869782555
-0.35201825002759296,-0.8182626061179279,-1.3124734702360479,0.4414906696383719
-0.9269724589106239,-0.15228869474721055,-0.24253498274671492,0.991620187988428
-0.6510415592890425,0.8797815349364893,0.9442637194631109,-0.0880907361051031
0.23519046399329963,0.9854906414358671,1.152499089223183,-0.04349368432776446
1.026465863582145,0.30275096881195296,0.2635982849713664,-1.7550477779845188
0.7705001053891786,-0.5670212110624996,-0.7014857162276661,-0.9037794586286763
-0.14234042248953807,-0.9132826966777126,-0.8815431134120778,0.48948753060581496
-0.7592429057361467,-0.479745754642789,-0.16090225233766242,0.1934778535204154
-0.8565678455687235,0.5592536331611423,0.4943186406151656,1.3354922396490403
0.0057662957728099404,0.8897559982517756,1.1052359046942644,-0.2562987799054667
0.7847624904223072,0.5583661027194701,0.3258096178687758,-0.5825865614870374
0.8835229829890678,-0.4561009944446593,-0.17580718005560658,-0.5293435896116838
0.08893161959151655,-0.8980968199802482,-0.342982933991547,-0.1083354869653852
-0.6675843973694516,-0.46807086721719615,-0.6485924411196509,0.36257962961758566
-0.9408866632051671,0.2097407228461431,-0.3935267699754852,0.8127954513759322
-0.33305111425045364,0.9315251873357739,1.2556626777005278,0.4343862377895219
0.7183962658802068,0.7998209415105197,1.4095786964075185,-1.663620654205406
1.0171585044313396,-0.19698800560003332,-0.08559594609682586,-0.749145050471598
0.38728945956970456,-0.8283406119451336,-0.6691994665862411,-0.8919930239012192
-0.526537982736588,-0.9179279744151242,-0.9073063202725742,0.3025715012319763
-0.9262976650843073,0.1380157299432374,-0.16636462349599646,0.9966631862966167
-0.6673134571494718,0.705142800199452,0.8237881007493375,0.9830068438849099
0.4683355958916142,0.8997951699227303,0.680654469679437,-1.347368947310124
0.9656287836076117,0.10144900497305402,0.038955701624741046,-0.3937799112240739
0.6701730685663676,-0.762362209672494,-1.0084549240007301,-0.7510493728820283
-0.15974963190660657,-0.8243688713974922,-0.2243909993703047,0.4001784103180961
-0.9151399916234092,-0.2859335758372059,0.10267616709015215,1.3200894231323796
-0.6981132636359747,0.5822216003498865,0.3161902330793115,0.43892118030813443
0.21386093948625523,1.0886428679785831,0.6636752617540509,-0.12569383640926746
0.9011688527149923,0.3839731572162254,0.820419069569473,-0.8334511441682815
0.7735089256595674,-0.5534848429976515,-0.8944694261011682,-0.10805668233603322
0.013903672100754636,-0.9095290292262266,-0.8753767047621527,0.5235805920112385
-0.8886793106018156,-0.5279495809291984,-0.9794347439553608,1.0956750900632308
-0.8481139809802521,0.4590335456814506,0.824133355732925,0.5454193761539444
-0.08584938217105373,1.1144392274846844,2.151031466779085,0.7043057984659046
0.6155207214723781,0.6909146469973969,0.8139419177494744,-0.7078288829052917
1.0332747633640735,-0.29570741715434673,-0.17692996973776798,-0.562972274152973
0.37053000300984484,-0.9876236546893229,-0.9429573716845321,0.08244234539327822
-0.7561639698834528,-0.6790770808569554,-1.3681573835538534,0.49847651583127817
-0.8852607015094367,0.13255507943279285,0.06057323307094575,1.15204660692701
-0.38774217537236555,0.9098403595337914,0.5162517711501097,-0.04519940156030411
0.5801254128373623,0.7184012899905843,1.3395025510536074,-1.3717105964856302
0.9876768322305806,0.02818795877500601,0.31296837242420494,-1.1007796048626866
0.6377596489284325,-0.7325610421981932,-0.09335214974260209,-0.053498274090089115
-0.4190624819752333,-0.9352943354572797,-0.7642781633402412,0.7109769816783762
-0.8285166105663699,-0.021644900967461037,-0.31312619418666476,0.48822635875322695
-0.6263501736892999,0.6633684352207616,0.4197583869412941,0.7625485121792397
0.21621551189023075,0.9856098243530576,0.9861485215380296,-0.3441466883660754
0.9780740740082181,0.27779829546938883,-0.19577316612480355,-1.5462617532057499
0.8150439879102516,-0.6128411846445674,-0.8997474244661574,0.6004502622182145
-0.0995726348042868,-1.0184959134385196,-0.11147039513551768,-0.2267762202288709
-0.8687806841658556,-0.36572323582733124,-0.9167877663541352,1.3073071058524983
-0.7540736857461542,0.4955204175615116,0.6995724089063265,0.39839556172734436
-0.07736950053114929,0.9251621823488846,1.2790031158848463,-0.10069470621617116
0.712855455267748,0.5043021973174074,0.5041794877879269,-0.2474341981010611
0.8636077120244768,-0.44481624324379804,0.1907152289152736,-0.8386110046518993
0.12826343007024152,-1.1126499434303785,-1.5029060778170695,0.5357167238400357
-0.7518998011703951,-0.540168371393184,0.1636524428854086,1.2722581099087755
-0.9410258085756406,0.233483149520535,0.07781485461556437,1.362556291920542
-0.19265894004650408,1.0507562398477108,0.5652521205642165,0.8067186949367244
0.6508878453558942,0.6302621280647492,0.9002622620105738,-0.06336102758706053
0.8912493765733215,-0.06093447489780572,0.4775456254979993,-0.7485914339814645
0.3253334679517669,-0.9060310030173386,-0.6200872179234823,0.1449843055252914
-0.44028370372308573,-0.862508250699382,0.036484661516242856,0.09892071624976129
-0.9902828822307609,-0.021349344377321014,0.39611037154796025,1.6583689817250917
-0.4799818775363347,0.8525908838459216,0.5086878742192482,0.23680618660827546
0.2552692390681206,0.9096135964881072,-0.010890458261808011,0.08780969002120997
1.0808036189101713,0.2037248493185197,0.44482579100085684,-1.4109958230946928
0.5778355105753766,-0.8052914916739918,-0.5517069879816039,-0.4142684729843421
-0.20890691689743807,-0.8995205679489718,-0.7856559931389778,-0.3340780598475024
-0.8466357741719407,-0.2366021115526596,0.006623178444545297,0.3248357062700924
-0.866196170903093,0.6159776651848126,0.8565402342900108,0.817418835333506
0.08649458867979239,0.9568396171839529,0.8102056337099879,-0.30401780850628335
0.8679715261016913,0.4467200270789752,1.029612736078972,-1.5469123056856315
0.7923160827363834,-0.5469209606468153,-1.6613609037368986,-1.5569647774104645
-0.06922219092655853,-0.9743834871671068,-1.1460035212777009,-0.11800501433870292
-0.8384921881467909,-0.4613553778504614,-0.3698171410579498,-0.0031058201881609127
-0.7542552446740791,0.4181131771512991,0.635544975871864,0.6016496594080406
-0.16535368886886148,0.9262899968189725,0.4472734690712482,-0.28081193270539984
0.7224109006503129,0.6252814211713004,0.6051297961509883,-1.6245786712404338
1.0013639959462062,-0.311160319201149,-0.834357335595835,-0.03080468420785798
0.26905179051924866,-0.8320876046129317,-1.0845240685079542,-0.5741678740778655
-0.5864017728373623,-0.7306408134421095,-0.9931075313663307,0.8944130556437951
-0.23540739971546107,-0.9215109419766219,-0.5298410897016561,-0.6498511160793674
-0.9447700157151452,-0.38351732725912063,-0.3935331536738784,1.4925308561983086
-0.7454512552517961,0.44332580453157844,1.3070596108829424,0.812338812131731
0.05602331139617818,1.0562218848825013,0.09602801905438517,0.45987718740539696
0.9201789417947988,0.4924714385322452,0.3920689350137241,-1.1800346109973932
0.9706920068063979,-0.4482810424109068,-0.8105162565761437,0.25011014858072417
0.22211908217236592,-1.0090819140283402,-0.7459549759822595,-0.47885997851749296
-0.8411985860416584,-0.6075274618845692,0.10622444491934391,0.362474412459384
-0.8319905399882874,0.17408555242613016,0.6357088571532044,1.3530288556830972
-0.2535910080338433,1.0600948353076598,0.9058841528451979,0.0311648312174595
0.7211353748594924,0.7471043003431804,0.06936765115992338,-0.9388323091454731
0.924470554662618,-0.10248019452692073,0.4769009582864031,-1.2440158855130474
0.3800960661660077,-1.0494642559395668,-0.5220414203296244,0.4628441401466349
-0.5210325983628956,-0.9302218051635491,-0.9002067631093752,1.556833315777233
-1.0006039017509698,-0.011587598268749041,-0.6331751578125122,1.5465017657603122
-0.45126777341097835,1.0948225496459822,0.30938640326545225,0.7164808121318728
0.41566344681467915,0.9122749249198908,1.1213945494035078,-0.11236717128272566
0.9748560207078847,0.14444746267954778,0.45072702665827524,-1.2800883884211962
0.6297830922577455,-0.8573240870013358,-0.20930762396598468,-0.7514789900866814
-0.45499212772021924,-0.9514698792800114,-1.1707344618521354,1.009096536161399
-1.013228467991209,-0.37396184811667776,0.7487804386924624,0.7182080806269029
-0.7525842254159141,0.7938861716616145,0.6125520854086625,0.6797737805733545
0.11897356519459851,0.9787782629263955,0.6106147386348412,0.024551069869771514
0.8868025640615462,0.35200849286402597,0.8152781702017053,-1.0057489231335341
0.8883226325040392,-0.5561740231862969,-1.4679599018141791,0.40813903303058063
-0.06953136771587795,-1.0788675524062286,-0.7492791931313305,-0.4309731362432895
-0.986278650053379,-0.4469227892392437,-0.7097044740213826,0.9322361363742904
-1.0328183306246241,0.36096937097054926,0.04962229870243584,0.7808753901014189
-0.12708242865320482,1.0542797292993056,1.812541636279871,0.17538296618387794
0.7767231512124979,0.6222126238452423,1.158671635229061,-1.0810809872219975
0.9642285713931751,-0.2117639282127333,-0.6952791554355281,-0.9091108848963262
0.26022907826717007,-0.8710599026840689,-1.0498468013165743,0.2909308647437586
-0.7389152055489948,-0.7371094101842793,-0.4429324305584542,0.96056114423544
-1.0772849276206575,0.17554312199688815,0.2943654768378412,1.6724771746095852
-0.2590344330606802,0.9211302525227515,0.7523874258240378,0.7724408964532697
0.6996773938893326,0.8546279825228211,1.3769195426237906,-0.2624425939154018
1.1144149217007453,-0.06991067076130172,-0.6547196339932704,-0.11903157835589542
0.7002707352014186,-0.8952364403467781,-1.3642825454627543,-0.3192166991839773
-0.4784388837134992,-0.8612944459595862,-1.7112843967659763,0.27146250421580753
-1.0176686160841948,-0.0797985999982239,0.08438882707581086,1.2627668122260067
-0.655750238523814,0.7762018242652222,0.1853013930106051,1.0466451226578348
0.4872828534561414,0.8753260679214607,-0.031343857919644835,-0.47890857052369507
1.0683195922333797,0.19571204465037653,0.14830568415180323,-0.6119361056105094
0.7820144655777302,-0.7365721114536511,-0.6069205075376966,-0.595908468123304
-0.1995469197006544,-1.0322955576988846,-0.7971538748138823,0.3834619514727544
-0.9398170118084958,-0.3532321493447207,0.2842808195466512,0.3232393692518018
-0.8145859977614371,0.6976877665876036,1.534760882376918,1.0401767927397043
-0.10399336175901365,1.0704731805423633,0.766644662109603,-0.16595449789526318
0.7702111667002873,0.46166335381142687,0.5878279839900546,-0.5056854949113282
0.8768440253595915,-0.5272949106363799,-0.8668975795192774,-0.5604803261142707
0.13779654477437564,-0.9931923574225838,-1.181897628547564,-0.18154827010213093
-0.8144211900215127,-0.5480650266060759,-1.0047494360255054,-0.0616906910043008
-0.8856363287141128,0.3379678611576187,-0.04518037129711938,0.7803376470888557
-0.15616239784550398,0.9283196962880237,0.9222608198456435,0.523589883112498
0.6456878827698768,0.7683416653798681,0.8437723371496558,-0.9658796582060336
0.9041348126131659,-0.3136845824049956,0.07452895931384318,-1.446260502439043
0.4575933881741094,-0.9753531729556638,-0.17430743340934474,-0.3582960757663234
-0.5768154358832762,-0.8403774944105071,-1.2412385945948983,1.0506822244075513
-1.000278826725348,0.08573352655801358,0.4059736107190315,1.6955181302560767
-0.5294736554634156,0.8883519943196474,1.0021095799608954,0.5875891321347765
0.5051415915067182,0.9567690182739478,0.8990782839280376,-0.6006499366633161
1.086968664134063,-0.004536326731717333,-0.023398169971586835,-1.9152085870032665
0.46961361443928545,-0.7340423148099754,-0.3128503915913494,-1.2394700216253467
-0.3712329350762021,-0.8917119412352782,-1.2959203671608421,0.5868667968716257
-1.0391528455016508,-0.0691623675166659,-0.8327358146083791,0.3573518685050056
-0.6856488677481197,0.6821411321023149,0.34125777006874525,0.9792842349055986
0.20094448204203139,0.9367681814222218,1.7972510931433394,-0.34710170459762935
0.9319158785187328,0.3712677753838651,0.8360515240669758,-0.21099403817586432
0.792227002487495,-0.6473621172232352,-1.2420056768779146,-0.8578775910419767
-0.0483392563223862,-1.0818446620917708,-0.18008988548611174,0.6189832401562817
-0.9094562340597877,-0.5088106304411353,-0.8582683618588544,1.201952263929424
-0.9854645229230767,0.5651415136888743,-0.028206105984419638,1.037710977189526
-0.10015001506357232,0.9275155313593452,1.3846643038420527,-0.7048712032428983
0.8012858564264403,0.5722823943051807,0.9580894038735516,0.07015653659039667
0.983397639022265,-0.336249656862917,-0.010193318582895627,-0.5629658829199665
0.15629953343210162,-0.9916879651591941,-0.6482744472912799,0.9819171394483206
-0.6988889678127127,-0.8375488527749402,-1.3086335102009377,0.35996579712322896
-1.006029975598233,0.36467878804102205,0.29022995636036,1.2010126670990864
-0.4300927981253715,1.0753783585497958,0.06564227668943518,0.7887306112101622
0.6197362852678193,0.7678981762232427,0.2266212019128333,-0.3294551979948568
0.9432462732555549,-0.1421524693211792,-0.03240819257715355,-0.8478196042120097
0.533510299956061,-0.7356242817372536,-0.269451359965123,-0.5953018152850859
-0.5314006158907787,-0.9012798507258527,-1.271959077732537,0.9540061930518556
-1.0365363113766684,-0.06391940815710205,-0.3730549511740783,0.6519611578079104
-0.6528559024500492,0.749629078915266,0.8169496660173949,0.14031899210457555
0.426455975532992,0.9454278482905167,0.38963054435012107,-0.7050831520325557
1.0154398331909356,0.316728792321216,-0.5093160509348221,-0.9434859906614657
0.7658688480873246,-0.7659210137335593,-0.47561902231462394,-1.3063506072463509
-0.3147673876287845,-0.983422719497604,-2.3105475994894427,1.3406056088462674
-1.0326387158092847,-0.379002299824779,0.054035970664673694,0.6903866494864269
-0.8406108160268355,0.7165076572753372,0.48650759262078624,0.5957693105384837
0.06918157925558067,1.0833204977325426,1.0818319289196894,-0.14347027251215172
0.8581713349635898,0.5472099973279949,-0.22560746197577142,-1.2897509442255317
0.8316892472759015,-0.5339427574037072,-1.342046051039002,0.1820096431416246
0.00823332828484756,-1.0925418726731764,-0.6686469569329948,-1.2757951582728544
-0.8061610682070616,-0.513367810391669,-1.2354951919810786,1.1018635552724398
-0.8259888671229166,0.36226910307825205,0.3712445138253012,0.7716750297940308
-0.15041334207574877,0.9815586916507348,0.32277498666810883,1.453447879040869
0.7226227026763765,0.6497779714986308,1.4865862684808544,-1.2400729426384793
1.0524030623801799,-0.24417962173602176,0.22133471804344773,-1.0321094231406671
0.2684479623344559,-0.8813214737309509,-0.9252039930762709,-0.8553446570105244
-0.5223618082121722,-0.8636837629282299,0.14812162278342367,-0.044924523636760694
-0.9622660039301967,0.08428219847554771,0.24327893951995694,0.9802672303503459
-0.49283295602385363,0.8106361442988862,0.08373896677623394,0.24215974336533053
0.42511754125052853,0.8986186532599052,0.47859699917584375,-0.4434745468375384
0.9408942253437821,0.1563593200724019,-0.0158702037041758,-0.36725496325982776
0.6111837666862437,-0.9336659132894731,-0.539286782323628,-0.9781928317592925
-0.4677863537149253,-0.8989479171876105,-0.4268496418202902,1.1554120549508067
-1.0358758749665227,-0.2580955691577532,0.3035318109424079,1.1942163807642472
-0.6438042555061132,0.793093191928206,-0.11555308321207491,1.2458771776315785
0.3130187953865481,1.1805503813136493,1.2619515126060412,0.27535560016460736
1.0169073363561794,0.20370469339738126,0.1378114239570538,-2.267500109836559
0.8459518172453508,-0.7545605037293385,-0.8557503705907332,-0.6438868278874116
-0.10002877758222055,-0.9848054711408664,-0.7609539687540612,-0.06919291458954702
-0.9369786197168457,-0.5420130769546034,-0.3117835094985605,0.7160704123954983
-0.884937877084001,0.4157413810923143,0.9985211499421148,-0.2599784900811358
-0.10218777406566835,0.9808677075743184,0.9600002632658474,-0.3473258919984151
0.8262092953203088,0.4912940311213779,1.1208332156523975,-0.5757125817214226
0.848188951899842,-0.2706431086068095,0.2771826461442978,-0.4371233667864155
0.34458826763468087,-0.8810613999211678,-1.024201211330885,-0.10899110664455758
-0.7025063168534431,-0.7730244970803214,-0.48642724476879395,0.7520432002118915
-0.9911742871544439,0.18347845781360256,0.43590345787020424,0.7309171087287312
-0.34257794503091976,0.99546451662139,0.22676078260752353,0.15110626755451606
0.5946318013954824,0.7232480099991375,0.46420297364328456,-0.5502984088385032
1.0602323971262653,-0.160571528508442,-0.20906328060284862,-1.6921649242222627
0.3446202608702008,-0.8576287966986247,-0.13416109122907804,-0.7926752224311895
-0.47692456561610935,-0.9490274879879419,-0.47743634092399123,-0.10228887441582957
-0.9111852330506157,-0.23568683925553274,0.16278312484411583,0.7216362580607399
-0.5587164269496588,0.8788821831301948,0.49904829299458886,0.5253839509642982
0.40473203240504363,0.853054547902737,1.0007903084417873,-0.4722109289654286
0.972315215933047,0.24024332906074586,0.21930090017096948,-0.8469471924159533
0.7542585652222276,-0.741219648888513,-0.572496221722012,-1.4877797890673528
-0.2670721943236311,-1.0226562492849247,-1.9436116798703478,0.14083133565618522
-1.0081547307156866,-0.3281273875819303,0.38102294071882314,1.335876268060589
-0.8500511361156972,0.6311803123133141,-0.5091528826531883,1.6717900572229667
-0.0081976049949333,0.8594231325927044,1.0310791323778872,0.6212825290196661
0.9957804715311556,0.41708029513395617,0.6177560947915361,-1.9186220516983417
1.02912897152918,-0.5115733176481053,-0.07780524728441651,-0.7767970193137727
0.05847204370942104,-0.973996449705992,-1.4731150144057408,-0.10675402648009258
-0.8477160599158867,-0.5595264491674244,-0.38004451840518594,1.0820880525220733
-0.9812007603679298,0.3957811014148348,0.4973515751315055,2.1983415957636385
-0.2527686617986145,0.9937169768958352,0.7867496181434891,1.0947702212233916
0.7232553844046237,0.7400619741953895,1.0803470559979977,-0.09667951869581526
1.0173230655472825,-0.21742374051666152,-0.5328849127066754,0.17989693771111953
0.3875573801424847,-1.089333329618442,-0.669408467819085,-0.37026872143337497
-0.5354468239625705,-0.7099785239758307,-0.917090194475037,1.028456866051547
-0.9601478465559821,0.11864119975509381,0.44179406396346876,2.209175314872099
-0.5396561438120155,0.9245836551390901,0.49807780365141774,0.23270030665267505
0.4674318546447284,0.834689403540205,1.294457334206574,-0.5387179750464771
0.9502743328155785,-0.05884737781083634,1.2612264087635587,-0.9946145450915119
0.5056955300987934,-0.7218534062288695,-1.1479022652504234,-0.4741689098527474
-0.40010602903866227,-1.0239723016140363,-1.1240753537201387,-0.06399594910301565
-0.9273253436453195,-0.12558225967679215,0.5790069470749304,0.6997027303030595
-0.7900870332214524,0.7520534933334257,1.1559472095347372,0.7231747647743336
0.30444865416334094,1.0911521210632888,0.7420071902781339,-0.06133582476156363
0.9810350831364216,0.436276946269499,0.80903218006742,-0.9079957292283537
0.8611101565105873,-0.6800156207533662,-0.07067825870981981,-0.5446149846357468
-0.1512811654556173,-1.0250996659813152,-1.5669160675307041,-0.4330207919459922
-0.7725098686554904,-0.3620855776330421,-0.9596595035220151,0.386331271255419
-0.7813362680673612,0.5476675502854019,0.6954588703474629,0.41106836138305264
-0.06713154182275216,0.8735557146799169,1.1625605211572267,-0.06954448825581439
0.844828692149167,0.42482591534880043,1.1353537759482661,-0.11086697132346779
0.8919584464845953,-0.36084486466980215,-0.8727775917220221,-0.7246105717946721
0.1390935327415857,-0.9781172902650189,-0.7503593885436647,-0.12924664146284348
-0.7196380349087576,-0.8202445847752127,-1.1048633488824444,-0.1805722981218677
-0.9766244142547514,0.2853224533614659,0.363729375212567,1.0572622599011374
-0.29021147583018264,1.0994243476307233,1.069399881707836,0.28674163056155
0.5469717853326632,0.7907634537259316,0.32837846731724685,-0.8923074687316768
0.988175912125283,-0.24460811954195266,-0.07716547724867628,-0.7995482239544823
0.5012991283192247,-0.9334542338550789,-1.4499562430876127,-0.6138848004125125
-0.6790607432932907,-0.8243011751112216,-1.3687607289676307,0.3141776510185429
-1.0674070447232895,-0.1340333028258219,-0.353741780924276,1.3996339670647655
-0.6884208906917209,0.836091567048869,0.5845151037974033,-0.0401517724789735
0.4410031268755362,1.0047446240854232,0.5610679812560215,-0.7561101148412247
1.080788710887709,0.08982421574654721,0.8990251408509647,-0.5104777104204115
0.6847840221737056,-0.8702980492137151,-1.2632926958346906,-0.23163127996688515
-0.36969297054034966,-0.9484860865860945,-1.1249556223918715,0.2974568823820778
-1.0211497694591267,-0.405987819927053,0.2570083478571361,1.1441364763420787
-0.7378333959961124,0.6134243410941499,0.001487915854904709,0.5279073969534115
-0.014391015141373642,1.0852450858675702,1.2908502258910293,-0.4985878841354241
0.844340597430299,0.5659741867014616,-0.3900298172487898,-0.4303419480432488
0.857043545367139,-0.47011425027027254,-0.45116391816109547,-1.6070547828675776
0.11386810690157159,-1.0050135474192585,-0.4421590575874424,-0.07577924523053725
-0.8195898654559891,-0.708918487019128,-0.7162642813558234,1.1577195629742332
-0.9045420464863287,0.48179782789902376,0.3007587833133757,0.8283045613619772
-0.1267843649765952,0.9967042165915546,0.8187534209688536,-0.17769773618357076
0.6769140224929263,0.6536135772245051,0.8075994533102604,-0.6374087850355259
1.0447876550731419,-0.2850395461714521,0.25266704799867035,-0.5431998925010467
0.5115885308204937,-1.075761293734908,-1.3808113803335242,-1.2383211688870044
-0.7015628427160862,-0.8906439325522445,-0.7853089916403028,0.9568230243724701
-0.9360020505110835,0.09033138042040315,-0.25126527635144,1.3854496171936226
-0.4557783824458032,1.0035974950914326,0.6065750045104873,0.25859046136259056
0.34454495538747254,0.8954483048777889,0.4848736569366924,-1.102240876076902
1.0877557365075436,0.004990873761119983,-0.5509434303109628,0.2287442741478582
0.6017110818416376,-0.7986831275754309,-1.1572168540951837,-1.133679948580713
-0.4435245770112342,-0.8508440796164094,-1.1021546676620588,0.7799813220152702
-1.156688736977449,-0.14842808141627475,-0.011304604923821904,1.843645817549386
-0.5908656660421829,0.7880789471370246,0.10841752448674469,0.9702363928700619
0.17338105663829112,0.9661742585454033,1.0929445815806869,0.262965276488919
0.9342727139094676,0.26669517674331833,0.3147029758182629,-0.7312983311591361
0.7758103673728123,-0.7045800137987102,-0.61433514630308,-0.6934782372263315
-0.15366501375534541,-1.0865972018621708,-1.2542461539356513,0.28230368978816367
-0.9593915008948497,-0.39302776580912185,-0.28120759362606607,1.5179855316304947
-0.9711212795440191,0.5950950527320636,-0.02861958929857411,0.42524891339160487
-0.03493334749042627,1.106060474188472,0.6996816102162652,-0.469168172246347
0.9595613403510231,0.5025844092871797,0.4193784057701688,-0.8918468090238213
1.0284832202003296,-0.34941195545176545,-0.9252987737950524,-0.7956560426742576
0.1617811328775235,-0.8864267661880338,-0.5412955560802457,-0.43320931852966094
-0.7289888480336236,-0.6265573604161052,-0.3786052065601325,0.6938258221800198
-1.0705228440199068,0.45998377788918077,0.59526500179301,1.0715556121189662
-0.28136526899465353,0.9544806765277579,1.1522889927786617,0.17919658171701325
0.6448915659918129,0.7084807424102365,0.3741671896527138,-1.249767525484357
0.9276375830673105,-0.1613626606865343,-0.5221554005889828,-1.6303257076803495
0.4846476758307325,-0.9462429597835191,-0.7094615777813051,-0.23667022048271757
-0.5855661570499903,-0.7972154370655424,-0.5860529851266882,0.7968642861933029
-0.8954401155520202,0.03974479506220091,0.016489253153804118,2.5302824114820823
-0.563960019854835,0.81683757833944,1.5651075393673801,-0.38576704355627156
0.3940057910719212,0.8993308355284603,0.12506634216190998,-0.5690484384617134
0.9211917805190715,0.21716665209291694,-0.05030236743708616,-1.466050356023985
0.6882029283242171,-0.7874745282906109,-0.9258657754371308,-0.512090853350009
-0.38569519654324524,-0.9695065754470704,-1.3854894786010448,0.27655150229650705
-0.9491389054209665,-0.3255747934807759,-0.625566442961174,0.6430083723172855
-0.750579861128999,0.5178901044216907,0.8214132268968544,0.3611155902969382
0.01749817861663984,0.8230406104281294,0.5704531637028082,0.006700707360205449
1.0385610758137886,0.5439864275430246,0.5252438129499976,-1.809267898296189
1.0513785116808225,-0.6072333561159539,0.4104464895645582,-0.7668451853864191
0.006463341119285296,-0.9607892868934345,-1.0006672795358398,-0.4209092623295002
-0.8814793563065453,-0.635207486364963,-0.13075111967052577,0.40602433316644315
-0.8295571182831923,0.41114885193357736,0.3694051883795696,1.2679815569784927
-0.1050483983253428,0.8983982314580744,0.654890044716829,-0.24246838160611628
0.7170604898644061,0.6544101908364675,0.6966910044036795,-0.6303136240978668
0.8846301106025696,-0.2438685631744406,-0.02871904229558908,-1.0874956452535522
0.3012888084094197,-0.8800776313890695,-1.4075019922341243,-0.4200779898904733
-0.6413355733650435,-0.7571268382643545,-0.3162505376717256,-0.29748968518484076
-1.0144411411097898,0.16169755891615845,-0.8704188620258291,1.1159719317281902
-0.4325145703355033,0.8736922383792531,2.2082657082159454,0.08165913054395901
0.5188787390653148,0.8935273715508959,0.39009394417617027,-0.872809975551338
1.001544352305257,0.19056514090610158,0.7990091811995836,-1.159549248359353
0.4846384251763449,-0.9178721964893112,-0.6243682301196363,-0.8430521950636222
-0.5021300577545909,-0.8789801048293381,-0.6399320500855316,-0.42927129191486446
-0.9846790274049159,-0.15478546776790594,0.011375725145674753,0.8040462259251404
-0.6657770737193749,0.8991121006860321,0.9462677967503402,1.1217195080109432
0.39128559266801743,0.7885551456631663,1.1560077678251062,0.022328290849839005
1.0549183019919608,0.17167704103554687,0.2440088039901367,-0.5395346843465656
0.8768363080389449,-0.698155511382716,-0.5348454950182252,-1.4297242870103322
-0.08923664178066265,-1.066501297236286,-1.0000926546242286,0.08708260459404982
-0.9621579695091932,-0.3197476644621944,0.028193519871965722,1.1913001069566778
-0.8698647509169494,0.5966660442596873,0.6544928005841394,1.7173190127371245
0.02968086407744707,1.0256575771265861,1.2349663783624458,-1.0020500401276278
0.7905984565219749,0.6383286071281264,0.16665635926589373,-1.3741731143763085
0.8673564169409678,-0.6022652073171726,-1.0123181756521316,-1.8438119546976413
0.17657549397477712,-0.9654181682037672,-1.1469200009878664,-0.35874874188707884
-0.8508341580557537,-0.5725644147730106,-0.44402479311309917,-0.2249010543077934
-1.1061994201005445,0.40889379743975246,0.22716584676628127,0.9889763112923019
-0.38503069365552567,0.9437232433927456,0.3147397830059673,0.5086489377961512
0.7100544428632828,0.7564572139417977,0.33972446315488625,-0.0863217548769013
1.0611398490781399,-0.17414662100107278,-0.05630738997847051,-1.8427253106273636
0.31744208226490433,-0.9683965003283839,-1.229775376251693,-1.6952932121939002
-0.6902986094360621,-0.8137137486005598,-0.9638209236867179,0.7340447431714037
-1.0659249102647896,-0.041019210732841635,0.22916015968288517,1.8723172832661439
-0.513389084743927,0.9391077697323769,1.5819703790143542,0.08122465122414269
0.4616490912853669,0.9149014434285762,0.4996018732022828,-0.7863933203237594
0.9824347721182306,0.11515512414722341,0.28519706596851546,-1.0142553671484174
0.6768727013666481,-0.6676022194967642,-0.6699000162507179,0.019084895597286655
-0.1940339508639149,-0.9540438451252754,-1.3506971690988672,0.5223457916390062
-0.9494642835025109,-0.4485724270257344,-0.8239716455852097,0.7051401285171083
-0.6944687183196534,0.7698941832432739,0.20172479816102984,0.5770612501732314
0.2513786375051937,1.0129271917815452,1.1058568219866383,0.030804225592095946
0.8666773210933575,0.4464365989132641,0.79306233620282,-1.2905009303428279
0.9349749932537766,-0.5710778518856547,-1.229380392202453,-0.4349094097450576
-0.10255918506070368,-0.8787800631638784,-0.7618394699427479,0.04888702765082076
-0.8402359944796467,-0.4466910974754444,-0.12626073040654218,1.2731000855882784
-0.9058878927184699,0.4779171476219705,0.28414832019639236,0.8546982212955551
-0.26087410754649776,1.0284903713196396,0.5983086740617614,0.5121281999159871
0.8738118095589698,0.6990756458298526,0.37342025416334357,-0.7853945564477011
0.8966441494618347,-0.2759918566532663,-0.2655630776993101,-0.8248842938460784
0.19532477977664464,-1.0658219475126816,-1.7568592972482893,-0.5092502962377959
-0.6387034788078044,-0.6552570049697217,-1.2240826004698446,0.06122761219004624
-1.0297226559689712,0.07961356654580987,-0.3440493830751823,1.054291296898588
-0.4218567337538472,0.8579664618248792,1.5179199733730202,0.6852138850147682
0.5464487776816909,0.8822070294342411,0.9026329881367523,0.19654101794839784
1.0219170126804202,-0.16495607459330122,-0.3409320434033769,-1.0777606715046768
0.512417858421399,-0.8856489125489784,-1.4097307321334596,-0.7490573146187146
-0.4275411379494098,-0.8499113873349632,-1.0616440865672827,-0.2538690016597661
-1.0403599858590695,-0.1227509352291331,0.1381668009506487,0.7227419381224853
-0.6596312988414357,0.7407421419839281,0.6745905370372635,0.9086495187151894
0.29004303983585533,0.9382995027077113,1.2737803133451908,-0.9279627490960191
1.0344771832097517,0.2801123166674947,0.19536607383370763,-1.5609100979396406
0.6089288736126206,-0.6286138552658019,0.11670378328686504,-1.0856599892900387
-0.1529979748022187,-0.894318014527001,-1.383098527307326,0.43005716379554526
-0.8958881320482999,-0.42644666985484037,0.2603807256520191,2.040439407614745
-0.8628521671239928,0.7316234283834331,0.2019196071290924,0.8656876087364992
0.03384940705868014,1.0237547640607685,0.7259747047313958,0.5414642318970464
0.8287407244535016,0.4140931838561596,0.9146637660982032,-1.2363374607528472
0.877710903443391,-0.4653295884511739,-0.6767801174258326,-2.3476552012849545
0.16995696768539634,-0.9938744197500492,-1.0741509535240539,-1.0942158682726555
-0.831204661964844,-0.5800557312880965,-0.965118455978492,0.6288148652754044
-1.079236597188177,0.32477344483387116,-0.427740911095561,0.6973243442105238
-0.2635338356210936,1.028075486541107,0.288213493279702,1.0840958300950958
0.6043667247498932,0.807307258222919,-1.000675755096843,-0.5359309870238638
0.985917280407017,-0.19452490339476317,0.37163977054407105,-0.1556813669697002
0.5606590700937445,-0.8962236008663589,-1.2692955989795651,-0.010337898030121084
-0.4352913424358337,-0.7886365588586124,-1.1743545616755418,-0.40095988995666243
-1.1363587643380142,0.09768295488728443,0.13581886000950283,1.4860345483978565
-0.6317163088159143,0.9077649401332871,0.6615991157185399,1.18511042752661
0.44181742159753107,0.9210653668724711,0.8920585001892231,-0.9977146514877955
0.8889517008552577,0.2015456479160827,0.226053436185516,-1.9293921284831062
0.5910479736513911,-0.7720592193200007,-1.2697269152356931,-1.165410204608579
-0.3935725778356514,-1.0425124123004401,-1.241456054423631,0.8562013286273712
-0.9804111144138604,-0.2709161573908571,-0.8396354735749206,1.5839306445556935
-0.6907825865515883,0.6853026074059904,1.1620144576307545,0.6607820692217975
0.29852797281998567,1.1063311435031817,1.0394023582679983,0.27682862764979055
0.8999510864588809,0.5504092789161562,0.5393515865820486,-1.4871571272274033
0.884931687483702,-0.5143040984927331,-0.5687071613671357,-1.4819677155899857
1.071858563567974,-0.05764550277772687,-0.33290156945577243,-0.4959252396745281
0.5167024489563946,-0.8481008069094883,-0.028611738207063864,-0.8348381187436971
-0.2864143727916255,-0.9356175178282545,-1.2603250524842307,1.4038037852257028
-1.010857257680433,-0.35155374625478314,0.18502887138492463,0.3035096372768385
-0.6637996726251341,0.7146631333891135,0.7939366493778599,0.8900899267842094
0.15216258753205236,0.8878611981260158,1.5446532524780892,0.10054335873814713
0.944632555465753,0.3020611065915133,0.26911704540956594,-0.9528313324414736
0.8848745660667987,-0.6990826704888657,-0.1665554232612193,-1.2621876243303194
-0.059070142850208764,-1.0112277035392798,-0.8674200302005086,-0.014332137571932968
-0.8373348184214675,-0.5789735972710932,0.062468143878005034,1.4318109621895991
-0.9008995579593349,0.5204556154134485,0.8558939770615848,1.2432708902682932
-0.039561833317429546,0.9948780024437744,1.2101265778817452,0.36701785309938395
0.8097977255479107,0.6706084205271354,0.8379510977765225,-0.8771425709475567
1.0188742707486873,-0.48757117716581355,-0.49675651370814033,-0.8934827272714235
0.21759368340582122,-1.1144521529105789,-1.448194433163406,-0.1574508495719329
-0.8167871427375307,-0.7345806445125261,0.6434771377094711,0.7226657697083799
-1.061854024030944,0.30817158528381405,0.2849151043292131,1.235286585543599
-0.3035947332045927,1.0581360437590996,1.725090970932825,0.6997866493335714
0.6132675694531674,0.9307348111898714,0.31812463466039886,-0.8374896617352889
0.953333227505584,-0.1461342838735819,-0.9137740276955164,-0.8726295964388566
0.49496361912450626,-1.1159386430792813,-0.7455815379773695,-0.46633327731681995
-0.5026574852448948,-0.8407727542782215,-1.7243851722777772,0.30086874899696747
-1.0594254085644048,-0.011213508234592714,0.8598027992535062,0.9169195953483295
-0.6598742369334537,0.841018417476669,-0.08432260678604697,1.368757515047977
0.4267174096323413,0.9391148406558262,0.8703243160445501,-0.40193003018196005
0.9278931705699135,0.28485224040089874,0.6326842764550711,-0.8233589725698206
0.756710357356546,-0.7157283410304875,-0.5756325019510705,-1.135101171159515
-0.26812682892847867,-1.0882464133218217,-2.1256292597294637,0.2234766428789492
-0.974823578218274,-0.2780798545667255,-0.6054178933040438,1.2047473359119953
-0.8345267262199447,0.6172452121756017,1.0435155800040679,0.7389555818408111
0.09347005963128388,0.9586729284607705,1.9216127245331087,-0.6447266472366281
0.9962966055270011,0.40556458543314106,-0.6935257693276414,-0.9321583933396118
0.8982051515160326,-0.41947966403010795,-1.1497027632436585,-0.20754490132069314
0.06183877467111959,-1.0627977622319065,-0.5838858599649868,-0.30081327586817697
-0.6960443607772338,-0.46897639719244577,-0.9398196092155231,1.5152538074343869
-1.0021729749682582,0.530440665528892,-0.23763571600901423,0.9007457850433894
-0.14327094407350502,1.1420489347034637,0.8428414939615734,1.231427979084817
0.6512030226933663,0.6834297656640859,0.7404469126941621,-0.5702060150131094
1.0460610486921729,-0.18492067903020748,-0.6207737763328197,-0.8729413014215468
0.316581808957863,-1.0150415417290017,-1.4903882061722462,-0.3829057038906347
-0.6141186872706833,-0.7845622990852079,-0.7734050886556176,0.21657167741426897
-1.1418818046341188,0.11770625694171734,-0.5691209818158249,1.49843772859391
-0.46679659723685607,0.8986369261679036,0.9992171457527105,1.373394592739488
0.49316695603551897,0.8977313856090297,1.5620905071504267,-0.46703350584871794
1.0401497724158415,0.10668207223064376,-0.18944627078867238,-1.1845298055858473
0.5562648408845834,-1.0323558309910486,-0.7192360015824295,-0.19785541949759067
-0.3100816688088074,-0.9366232604088345,-0.9437841638311125,0.4998292251053915
-1.087186986107111,-0.17037768064683856,-0.05851037224465783,1.0224847366993204
-0.7631411254581237,0.9251093550398396,0.9902910675662369,0.8021511384956459
0.25317408857859386,1.0729468903881156,1.136395840200946,-0.22848584126572202
1.0654971356886018,0.40168306095861916,0.2699170452809341,-1.4231252215885903
0.8230521945880263,-0.7071330681931823,-0.6493239844791243,-0.7538112111416295
-0.13486529974370481,-1.0487751084190275,-1.0617599934377198,0.4531327751489167
-0.9643237950682599,-0.5539172729059405,-0.276487833818842,0.8885171743303982
-0.7942409943945529,0.5254974317750345,1.1696168789363404,1.5742394072893842
0.007229915442256023,1.1249598790899675,0.9311998069618671,-0.2969635691691641
0.7725159427369608,0.6686200093332084,1.038954391651065,-1.1497698179314435
0.9970510978418454,-0.3321528962625899,-0.1749852619285136,-1.4058566346473762
0.22434691850251254,-0.9960176440700532,-1.5783060781893743,0.7129935828664596
-0.8041069049691143,-0.657442154753507,-0.4261762810018177,1.3305190764397805
-1.0908933814624906,0.26518753243130194,-0.05562030608336932,1.4892367501556216
-0.46736948064374984,0.9346457007386018,0.8154173065106765,-0.40517735834964375
0.7263893247308747,0.8349120044216859,1.2333933748742354,-0.8868292622250046
1.071831851194642,-0.1629628832658765,-0.08736842860694982,-1.5061273344150565
0.46686308216630706,-1.0146971178421438,-0.5470507967009663,-0.8483855497370063
-0.5160388030785205,-0.8404059661529393,-2.0251326030225982,0.20642505405678913
-1.0421369862899714,-0.012211814549428397,0.10168256598155512,1.372808454797498
-0.6566677164366049,0.8637369799969377,0.24514269668400923,0.4580229971407207
0.37247252003809656,0.9019885955748258,1.255048993925596,-0.41819994322678633
1.1349375928641097,0.08559423786202253,0.5914700483192337,-1.2737434045249862
0.8181288101028931,-0.6802398406141094,-0.5632138812810106,-1.0137995043977233
-0.22866892360226027,-1.1519844627881104,-1.1290265633047702,0.09674992674199911
-0.9550525930145749,-0.37785839357769996,0.3137174611401583,1.4142488390361585
-0.8249875157790393,0.5552325362443927,0.005133420570930247,0.5858177861733377
0.16950358097239346,1.026650659180569,1.5450960098760709,0.42480727384958117
1.0714093330081091,0.3238648581691869,-0.47194534342897276,-0.47247608292194515
0.7748925695860649,-0.46514293391199624,-0.10595140669360903,-1.0519239107463463
-0.11498773649540428,-0.9032971408413069,-1.157793592618968,0.1909367800915751
-0.8920514233181279,-0.48702540742007616,-0.388314677446861,0.5077608761656627
-0.8885252306174276,0.37510342028395016,0.6254445676124082,0.504206940379408
-0.1285118715774585,1.1038925722305948,0.5322476873294588,-0.5486333848708541
0.8292437862852551,0.6832076845841167,0.4767232758505857,-1.0010468946014484
1.033092018229162,-0.17144191111920298,0.7167783546553042,-0.3855344906639313
0.2612055275637879,-1.0920078945934948,-1.0499165096588636,-0.8585343346185226
-0.6548177812438742,-0.8300872849003794,-0.6049668544387243,0.4036786280453264
-0.9718897844091553,0.07511364143076754,0.2005242123529427,0.5958746057114148
-0.44279968449247276,0.9784912992397544,1.6078230940117,0.255610886205912
0.517624063918392,0.9167893734162746,0.1922089966963597,0.1196581729402757
1.0714809073245684,0.012938348144993202,0.4638907545893456,-0.5021862270630711
0.5458586189525103,-0.8919665480667083,-0.8672950264774967,0.2661171706455978
-0.397359573528118,-0.8411695953047538,-0.8314694780625059,0.7967765461250981
-0.9459674545137496,-0.15313020873397493,-0.6264208659854453,1.8090415211139226
-0.6170973824188072,0.907157707679601,0.6446378184848206,0.7634894796730751
0.34021399587643164,1.1481980396018194,1.1687069873863163,-0.11497617758610301
1.0049665440253124,0.30045535465517187,0.7982880641967893,-1.0497820228545374
0.7598474304465898,-0.6973124250875439,-0.9720970098264936,-0.6983492327286711
-0.25082007542348345,-1.1101687726125409,-1.2948414638447105,-0.5505991362521945
-0.8835915806930686,-0.42515259307759157,-0.7549577029980803,1.3433431143357888
-0.9269373963345978,0.6385952284081908,1.3680521931432459,0.9772378065078263
-0.03780062700947777,1.0203554366499887,-0.2023133439403159,0.29432689141927537
0.7649559445787314,0.42888639251252425,1.39448975319442,-0.9934319554606443
1.0278949096104057,-0.5378354271555994,-0.6958916040563379,-2.2112146377405235
0.13960695907380485,-1.0652700427616728,-1.8208435088499555,1.2322122110906035
-0.7874547807787156,-0.7226270896400178,-0.7483135476770231,0.3337943343367916
-0.988074464259284,0.17915193596020912,1.4610216591169716,1.35374274485124
-0.51307815981075,0.8467723905025719,1.3269616850958745,-0.43250741181977026
0.763406392780549,0.8361873469344085,0.4134077779547568,-1.0111766958083128
1.091700989958903,-0.13553995952294007,0.2851458437251553,-1.2367275512500935
0.4826944306350782,-0.8835086770995085,-1.5821435277908238,-0.5684682020606702
-0.5739345494736146,-0.885316793590448,-0.9840481718526239,1.3474588826848022
-1.0973468664214416,-0.02869880904088761,0.2751939805671355,-0.3304354025527612
-0.5417757963225258,0.849989555064558,0.32780145050356646,1.7746368552060892
0.37698351165547195,0.9278545302076768,0.9691939379034542,-0.7678840415499477
0.9912559308214232,0.15057226197682871,-0.0511963475663324,-1.4709981717135296
0.6960905908222877,-0.8162939054034506,-1.5381775800812862,-1.6855633929778573
-0.340084239083083,-1.002685603260011,-0.5595517275294849,0.7199935672689595
-1.0845907791276492,-0.31643548216311823,-0.9397472093086828,0.7274739668088409
-0.8426553490383216,0.6843985790548165,0.7088846491399553,0.9094786736931482
0.0635690178982693,1.12347957802257,1.0950947421714596,-0.45363757213287725
0.9908873320849576,0.3442630188530576,0.4576690286151225,-1.3130211690044624
0.8338878625500394,-0.5134180341820296,-0.7305863522850486,-0.29975215200780336
-0.06203923842388263,-1.066513761407978,-1.1720522659120316,0.03518769797601018
-0.9416585747830161,-0.7345531008056869,-0.48576110121039684,0.9965465119285366
-0.9859181564789529,0.533703696103642,0.9452763633095973,0.3372826474064253
-0.31961008332092555,1.0762414944318133,0.5745110684021502,-0.20458333378704174
0.7765899588189809,0.7588339313579139,1.1393019771128432,-0.768655036508038
1.057255912935837,-0.27529433080185917,-0.1544313492192506,-1.3987622116653065
0.1877053006898523,-0.9356081792744548,-1.2012473791107436,-0.4174902069703118
-0.664011795434428,-0.8358716789823252,-0.07063752044642657,1.0317770184639212
-0.9763275356629554,0.030066749742874682,-0.5561509650983693,0.4732103669837305
-0.4386100721904024,0.9022758134602893,2.176802928041166,0.5901193721215975
0.4914877240437089,0.801285052272613,0.7769987346484536,-0.42787137468670855
1.0146376825110097,0.0018720747668326439,-0.08323437921441523,-0.4322809331200844
0.541664235791353,-0.8008049900156885,0.37952766679183625,-0.27482314283212905
-0.5124548420973575,-0.8829849283465916,-0.9730000770445879,1.2580982432668768
-1.0883253456302338,-0.1973300181810786,-0.2308907166794394,1.2170316178201135
-0.6635001586036369,0.7982481579919404,0.7093672768926956,1.4658002776885315
0.3121515475441492,1.055973947464182,1.9262581146623514,-0.3054358754384323
1.0006771631843026,0.26260293082826747,0.15213943520597628,-0.7706446762865655
0.8299040652594852,-0.7621423622547462,-0.9048630420497933,-1.0220647485420669
-0.09264595122065392,-0.9241918494729374,-0.910928598826903,0.5703466252992329
-1.0132894642309682,-0.29147062407447577,-0.6629973899338315,0.25696230112138063
-0.8241948820698138,0.6039166341295317,0.05550515345023599,1.1685807032889024
0.04627584937909119,1.0476651866832132,0.688243167181658,-0.15410588936191738
0.8932535974772521,0.5256418365227202,1.0826579187863576,-1.2468252999663014
0.9681886094446994,-0.4667809486486196,-1.1980285892910651,-1.3224864993881504
0.14213054343955472,-0.9639617608391344,-0.8314256149278018,-0.05832160912274564
-0.7924526604278463,-0.6264962326016823,-0.5356331522292462,0.4171134322505671
-0.9395175661586268,0.3490407944150084,0.05093143870048389,-0.18034979612393448
-0.2899741506364259,1.0641360581389434,0.587123183895571,0.06033403787057967
0.7311772545674405,0.7160347586236911,1.3744196338201242,-1.1193704327003873
1.0163646618378472,-0.17617061971166106,-0.30084856200582877,-0.8328398009950463
0.4739965439133965,-0.937079742595601,-0.3255367475186016,-0.2779126758370498
-0.6371166858794639,-0.881636848140868,-1.2216675289517245,0.6724512227399987
-1.1084653692090354,0.029985972021423387,0.1107720355895303,0.7748608912827476
-0.5599077105280428,0.9554906862271255,0.7251240298166947,0.8373185031517277
0.5705911568928314,0.9655364528033855,1.054157330330729,-0.6321286853478814
1.0059025534750203,0.07211960439924495,-0.28966152100587284,-0.9196120856842288
0.8085576412663659,-0.7673997144429804,-0.8885474869979904,-1.1013662233163701
-0.3373838784997851,-0.9028587312850214,-0.47915254040228505,0.7915002852271452
-0.8953246766027084,-0.13059301154291914,-0.4767864551034201,0.6687482963681288
-0.653225291714238,0.6148025884961963,1.1137084280994158,0.29406154350820946
0.19645216219411593,1.1433021652868103,1.3894241113092898,0.12624142901546342
0.8839151449707772,0.2761321223706513,0.3070595481155375,-0.7310361265090262
0.7029375600606043,-0.692563172274733,-0.23333938864467607,-1.2794799904198924
-0.095202435041519,-1.1925172148510128,-0.580426201410911,0.7102045446656163
-0.9126371925419233,-0.5014236438402458,-0.9890458807069114,0.7067316248898303
-0.9648457727717588,0.3560437371602906,0.5984594464044046,1.6951484868779454
-0.08979748469798916,1.1040267176997096,0.5422868407540445,1.2430321271648903
0.7591179653665772,0.6174167737288928,1.3741283718206858,-0.882096022313672
0.8650608124400567,-0.2661777444856007,0.0702608858268905,-1.904689440225386
0.2997589417865527,-0.9819985841887174,-0.78140619190613,-0.33017606782162867
-0.7145247912046389,-0.6909385784861524,-0.24278624361822154,0.39630877090567784
-0.9551653824204827,0.31566543533982544,-0.5711380635482249,2.014566005584281
-0.4094120967092646,1.0044925304938797,1.1261393862816267,-0.05147289650764941
0.5272359969779749,0.8557916410887509,0.5078147058991489,-0.3527556594214143
0.9699496707793077,-0.04034185471814695,0.4467507992131148,-0.9528477842694416
0.49430152604193184,-0.9223834116227928,-0.13679554207411876,-0.6286390275103132
-0.4544135398445666,-0.9300922788027313,-1.0356238663167059,1.4147032915114803
-1.134652661493136,-0.08276669378638843,-0.5347012875078933,0.4446616744975537
-0.6276974137709204,0.8827789207980321,0.44860261782954824,0.058519854005349425
0.30901390182283506,1.0267411371673105,1.679626042893066,-0.27246489450306943
1.001377172109886,0.2052811084568199,-0.2619804424683425,-1.1998140797006231
0.8231106360251502,-0.6946101015627341,-0.8759737749058577,-1.8720582255629348
-0.13534705384767887,-1.1192758457689078,-1.456314208885258,0.6300030553706992
-0.905391019066625,-0.28796355577138855,-1.1156965121042144,1.3102473896597366
-0.8145323123260374,0.5846399795679066,0.9529908149234678,0.26902132609770923
0.039531937614038386,1.0359972106751456,1.8047926168234723,-0.4634469551610465
0.7999955356132329,0.49878613104568403,0.6557791451826217,-2.0376138316765458
0.7909424090853839,-0.41053045314364867,-0.8188673562059917,-0.6905969335999748
0.16237348149592945,-1.1408966517580854,-1.3287359059442738,-0.5054764647711618
-0.6179849814310344,-0.6713848153132017,-0.7400571845375326,1.2476941309525713
-1.0439722616443445,0.2543341357887754,1.2232507702156918,1.05651216719118
-0.27311268748837203,0.960905255480652,1.2833730192205246,-0.23096500795415031
0.7527568291536283,0.831288935580539,-0.08161758554293408,-0.627924462596251
0.9446333659639043,-0.10517811697480543,0.9333126361622407,-0.8487221072024959
0.3266648569153614,-0.9898881399988335,-0.4703781374987634,-0.0005200564374996386
-0.5503059659511689,-0.7513961607665858,-1.1341169084974734,0.5505672992892896
-1.2223107951210066,-0.08045683266860126,-0.5016956321955107,0.17608369212857877
-0.4689006681372898,0.9535634809754597,0.9810500910435751,1.083585430479647
0.464002107452532,0.9469421692359054,0.6841906454643282,-0.01562454649003897
1.0742722652683228,0.19449185929935292,0.7169238360695263,-1.3328918138985648
0.6262276507556167,-0.704820826660249,-0.36405029115725296,-0.04398125473055403
-0.21589864583844448,-0.8885349155941101,-0.9929545628749054,-0.7261867901797125
-1.0550659785972332,-0.24232930349000478,-0.5317046323586622,0.9718810435355648
-0.7380389340825757,0.6743598146725105,-0.19660391053867188,1.2765233825825588
0.18697138162798166,0.9785964866165249,2.111676555953455,-0.8973939496002209
0.9367720857276511,0.3627799563690438,-1.0864504046096939,-1.3079109163775517
0.7995356889219235,-0.6937682963172401,-0.29561967089940355,-0.13352952472014568
-0.0004951132332782077,-1.0267280465794035,-1.8486973594543517,0.8795457987768296
-0.8925319638026917,-0.6030015637617142,0.5084938882006695,0.4830008703222313
-0.9222594010200192,0.47689984906874405,0.18671412686314448,0.39940618160892144
-0.09687836245829155,1.1003166631255312,1.0738070329081566,0.374842520206668
0.7807035717750803,0.7104108846755008,-0.4326749374982608,-1.0009207708948658
0.8883021591276878,-0.328354625084921,-0.32076054378048113,-0.6232569265799799
0.31901736118234764,-1.023801770427281,-0.4911330130826447,0.8277753035603663
-0.78805648775361,-0.7255459293306052,-0.7664242454692788,0.506177399206037
-1.071683036065401,0.24798580200096867,-0.14172593428563363,0.9630151267666698
-0.3986895396640562,1.0246649606173999,0.4417164199973614,-0.17954042859025576
0.7170453929904004,0.8968378743188129,0.4337148326607865,-0.8493654081797136
1.0462434701242969,0.05481264395999493,-0.8119908246894669,-1.492030758686474
0.5208913886929644,-0.8956831476241259,-0.775938682789295,-0.4009004211522016
-0.4256565474261218,-0.8176606479200088,-1.8471650282436003,1.005801676548178
-1.0493369270702138,-0.13832034523806797,0.003864356757645737,0.3545533285857766
-0.6484571717846307,0.783528729941535,1.0366118681587233,0.24341819636519657
0.2663080546169551,0.9442104363624347,1.6622352483799752,-0.6957622388676266
0.9152349659867308,0.253242344420921,0.1315827261343433,-1.7955993890099153
0.692507782144864,-0.7309503358175011,-0.6959248237161453,-0.9170352540938814
-0.1850471489280306,-1.2265510611973913,-0.7921079792619853,0.334987191479883
-0.973891542689771,-0.34266593471350965,-0.7988218958418175,1.8714123897933312
-0.8537448889398419,0.608225859056743,0.39427879792286347,1.1627421344035154
0.03222199957637637,1.091087665954852,0.712700529497829,1.0339954333715144
0.7989578688767396,0.6335530987721925,0.9237544826705041,-1.0709597338165224
0.8980471948638434,-0.5662773802821449,0.13269643262167896,-0.13021064949109207
0.08167079906731539,-1.031116580607293,-1.8997033657111333,0.15229809947014616
-0.8932845192726817,-0.7008571791780975,-0.9134259682276324,0.30986624811340013
-0.9701327221895042,0.4013176331685195,0.6464256031308035,2.192761776851489
-0.21207922966009402,1.011272773656852,0.6857912499205912,0.35500705827820445
0.7489657161898362,0.6167147634021478,0.6999055254137743,-0.9126651670142166
1.0301269958408321,-0.16079924311585767,-0.4144886420834526,-0.9566434070274222
0.41407615504676804,-0.9406316743809898,-1.3031243038676938,0.05262021740348899
-0.6267078874762468,-0.8375166101539615,-0.6941361271359394,0.20945901886531504
-1.1383241826567443,-0.039012225248477604,0.36294844916029634,0.3320556543024428
-0.4569901815853875,0.9807142855547981,1.151741987688131,1.0787954124128418
0.43542397680013445,0.8886528117117285,0.8222497016939719,-0.5962880239603258
0.9861412321347357,0.07347066469380122,0.31587750027259276,-1.5018220471988768
0.7135047055953542,-0.8207115902807407,0.3628255286489257,-0.4870095444579753
-0.3211919129183231,-0.9274460977262787,-1.1730233185662637,-0.6110633904721935
-1.0613265560802936,-0.09797586449032344,-0.1939461990576019,1.1742377137940196
-0.5766025082741,0.7226724818512116,0.7974385958261715,1.2841345544555582
0.15021203184819978,1.0775182547166333,0.17676382395585943,0.4887232452738943
0.8777712278987614,0.36886340817973623,-0.006171191964157163,-1.0416948671441828
0.8548826978640642,-0.6310182614133959,-0.29275513599697434,-0.4550611324701609
0.008636115551636375,-0.9891468291824681,0.061198363551173834,0.2509630221372672
-0.8901653409893144,-0.5418934033787263,-0.7051245341155715,1.2981887491644553
-0.9679608686663067,0.5632376091467082,-0.051932732772952406,1.2425388042292023
-0.04881964092097792,1.0168489047112874,1.0601265293050945,0.36435172464161725
0.7372143848663623,0.656467609658398,1.2168937495176635,-0.5945390753784235
0.9595052816525546,-0.4185990584858139,-0.8640934985733845,-0.9663205609575994
0.11314928480384617,-1.1142698716266863,-1.0785333119654383,0.45913389014332673
-0.7334331882267149,-0.8309938683255175,-1.3945668513393423,0.7072299524081666
-1.0763800103986008,0.22413552278297494,0.6043522859594996,0.25336260565715707
-0.38585822674420317,1.034918889087732,1.2277865912750776,0.21995737093000456
0.6248540704405641,0.8212021454508599,1.7629434504769832,-0.32399895150896196
0.9865424524663912,-0.11031225124938399,-0.8443363187387931,-0.7402730400856097
0.4831157968963693,-0.9275830492997392,-0.12872070336409247,-0.760073992196188
-0.420515961205462,-0.8583202908482721,-1.6253268230594757,0.7811383728373084
-1.03785836473166,-0.20224535670986438,-0.25477709107766255,0.4686532961407794
-0.7732538418678545,0.8105389931607524,1.412450694964256,1.193000807612279
0.4090541103683789,0.8581688667681713,0.581641896213817,-0.06070781392924718
0.9851400632216203,0.14760910107734693,0.4580587369861322,-1.2600018548978427
0.713508396579578,-0.7454711708893104,-1.0828595773467031,-1.1744432718424502
-0.1777581017445898,-0.9847943702671229,-0.25868140940234624,0.25228689764903445
-1.0317931209289601,-0.34200764921701815,-0.03085563863947871,0.792885982677424
-0.7925881956333186,0.7510966229793203,1.222713766371572,0.7932336694731174
0.20283075211335885,1.0559182650392476,0.7040808058197986,0.6188087585649421
0.8318939658782285,0.4605344381083722,0.21811786134689648,-0.5772635747108337
0.7703407390544472,-0.4788639095788687,-0.2753754495220079,-0.22703420623373882
0.18393428745530777,-1.0632504500249493,-0.7415520556865041,-0.06401119154587076
-0.7137418873930955,-0.4707615696708783,-0.48115470989987474,1.8500249839304843
-0.9945125673389278,0.3919308621242257,0.35412626262758984,0.4436669955038239
-0.26646872085488377,1.0145729789045057,0.320866279751502,0.25362105457476636
0.6296967010226499,0.7475996982717135,-0.2505056786636839,-0.24768564429400897
1.045188941213156,-0.12424089967101015,-0.33479088608668495,-1.3712637770598135
0.42576787830554197,-1.0351063418265758,-0.5617224617204222,-0.561320804413663
-0.7288757089633701,-0.9539348908530378,0.333938432645548,0.5133985432965849
-1.0702443462496352,0.015846278463093902,0.9359399350905345,1.1607598166927295
-0.5568905855759926,0.8970802802237458,0.9552318537569549,-0.24793829345825247
0.5816845855717585,0.7965256049579423,0.9504174875517468,-0.5620388459228126
1.0206030539684292,0.015880812969073385,0.2665105125501538,-0.7217999584410512
0.5883983342693626,-0.7949861470291542,-0.5521243359307554,-0.47250545999653504
-0.4190287333240478,-0.971972029873853,-1.6690701452089407,0.0026842735265414364
-0.9776977513483799,-0.13729233294292725,0.1934340780709881,0.6926307472912735
-0.6319240696993539,0.6972423845396443,1.345502531950431,1.54176882082956
0.2834790632298956,1.1066494173499923,0.5458873207596197,-0.15496734243972743
1.0521857179698046,0.31823916646151784,0.4825921946540268,-1.5816928453917551
0.7750939515164171,-0.6634142791688037,-0.80589672365876,-0.07643150259540543
-0.07125724546286691,-0.9854006817031468,-1.5305121953768333,1.0803103012166337
-0.9667925417903404,-0.5405338177735542,-0.9630853133878708,0.6666231758169111
-0.8896865085454375,0.3424833808558616,0.03339944734263023,1.8656587698156104
-0.010168843352623226,1.0547702860705022,1.123538325212459,-0.28465582964746716
0.8737658830100701,0.5170000005125137,1.11557673714951,-1.293558159375557
0.9965131209124999,-0.3814883432029387,-0.777685059937756,-1.2396204772735693
0.20789734141765304,-0.9647512986868996,-1.0633920973834248,-0.08943818910736479
-0.5780263129748188,-0.6612267793127804,-0.5520263148234361,0.40016235046013315
-0.9592597642806882,0.17218853043729537,0.5060749504474449,1.3462724124501435
-0.3564921587725903,0.8622375622417949,1.6968322769871236,0.28007075344324395
0.5817422364448056,0.8203972580647971,0.5129623908139186,-0.8232662870809665
1.0591882394130747,-0.09653641979320479,-0.8128264726475504,-0.9757946732174583
0.44991026003108786,-0.8901038659849114,-1.2246688526432061,-1.0208045115202173
-0.44447348393785907,-0.8600685469382837,-1.0940302035745053,0.1519691347440033
-0.9696966260070677,0.10112024084928185,0.751327630531925,0.38478252526494017
-0.6146154708061178,0.7962149292302254,1.5010960917523397,0.6728623051818583
0.2065920789617072,1.0118146103080503,-0.05162204647057245,-0.990954575427716
1.2154476779805152,0.4490011980424106,0.20532528179478815,-1.1266847752977398
0.9931206964092226,-0.6045197771810475,-1.3951507664583884,-0.6263121329451227
-0.057002728574516486,-1.2667183760813434,-0.9759783795827638,-0.6230001287459774
-0.9780636547178801,-0.5782876089164856,-1.7452250854659213,0.26817719940678275
-1.0049653713396771,0.45346970499718575,0.6558789381720787,0.9068948581546151
-0.10521435007857263,1.3525470931245602,1.3039971694095123,0.3347232547710455
0.9058758875872474,0.7909752534400261,0.29143489278946555,-1.100103968595979
0.9940869152620939,-0.1258486717477125,0.6539305499417924,-2.002386095039456
0.3272064262356518,-1.0518889142541061,-0.9254037376706481,0.10164686464297579
-0.6901680309457956,-0.857570957947327,-0.7628303559112509,0.8117595175778874
-1.1774705250448725,0.0646450928435413,-0.2470325288398323,1.5305129165334574
-0.5690632173927026,1.0262746168939898,1.814658266888249,0.13692237156622933
0.6537106373871109,0.9506312069372247,0.4091838608700904,-0.3375548601000272
1.1331905424900843,-0.02363931168510824,-0.418339519684795,-1.2029184383890186
0.6110303092105485,-1.1379794416109148,-1.3745105571473397,-0.2688540719353638
-0.47397487598330224,-1.097234281343054,-1.365981361677056,-0.11039612671044363
-1.3086173734821,-0.16656898886155116,0.23219730292694973,2.0076678697287176
-0.7279944698108229,0.9001088808860441,1.4408801067326693,-0.0726552401323538
0.5154825231005835,1.0580760942777137,2.2098105599221087,-0.41167245598599633
1.2143653764793243,0.31493210136717503,0.7421098448540553,-1.6752458566952027
0.9793822759544246,-0.818405970155449,-0.8066472281881754,-0.8422004746804396
-0.16991062506436433,-1.2885176862877048,-0.6539174538254391,0.6574095235803479
-1.0088651391513606,-0.4206729340523585,-0.5908534492997652,1.4532554555050388
-1.0377526801919044,0.6543232061120545,0.7480855730074654,0.9981247636730334
-0.04695507562048601,1.2631669752241979,1.502589617455025,0.13284812660904644
0.9990240007211192,0.6678438218335405,0.7013996380748355,-1.1777754343255893
0.9843068153260619,-0.4494942738332013,-0.41750302570839337,-1.2619790238931705
0.2398030863653412,-1.1896110671871352,-1.5630421032189363,-0.10146624944264215
-0.9188258436373202,-0.8375474658707454,-0.3634592049741292,1.1231147567806559
-1.0956858296301695,0.26301776800559684,0.29344306884574567,0.2714791160708527
-0.2782806993914952,1.1761579443714878,0.6464531701971856,-0.04074639623008913
0.8054282711050933,0.8783667973947685,0.7871427155510735,-0.47864002905200265
1.1297943947570457,-0.1712354356246646,-0.058995019879307664,-0.5052472535554906
0.3893101482116632,-1.0665054768913707,-1.397955768051622,-0.3756972747993459
-0.5781747135205554,-0.8606365949469954,-0.867464938633768,0.3303104156491715
-1.219013485205544,-0.03300573437012433,-0.23898255358697273,0.872448451698186
-0.6212454400690168,1.0229543358657742,0.6220212643626827,0.0026629391641785904
0.3385623266305715,1.0291637600969608,0.34321570501767484,-0.41505166746468425
1.13654767050762,0.1258900170998103,-0.38498288563756367,-1.2877106019633113
0.6450199108974968,-0.9029803089061454,-0.9491975152198245,-1.125481306569921
-0.3188852017069039,-1.1698680121152665,-1.0476534131976263,0.8929754400802159
-1.1706921022778,-0.3457951165347278,-0.7127490654474,1.5908523599845172
-0.9360563891746968,0.9192616715224498,0.8837167900111242,1.1681796637919728
0.20180790664856493,1.0963707662093454,1.4385003728537575,-0.990430308666701
1.1115406600779414,0.48050811505957974,0.3498813925705613,-0.5537863956826719
0.9184753756238047,-0.7016419615365044,-0.45132735016736536,-1.1641567596521796
-0.04738815881916876,-1.2679533653555495,-1.3147721441243978,0.7194763888083355
-1.072119130068432,-0.6570376121721562,-0.2134928689099569,1.784589729515389
-1.014132387777662,0.5439985403866846,0.5506933937978153,1.0654852039235856
-0.05617330451670342,1.309865060625965,1.5799689608369893,-0.06287083432097607
0.8556467676001407,0.8210306455881632,1.64337580404746,-0.9929939530319809
1.0962963420251506,-0.3278613662719852,-0.48166091374400866,-1.2624870045159164
0.3340962652743759,-1.049377734065381,-0.7760689623181174,-0.5905523233513099
-0.7678416412721393,-0.7874107536620419,-1.1135175337202512,1.0182518987126914
-1.094707098584427,0.16907116322297577,-0.16809175912396057,1.1275302085478016
-0.5912458015602402,1.0857853811590936,0.7449900527057365,0.14545861533527438
0.6920852364290914,0.9402847412894708,1.1300200570942436,-0.9166576185652681
1.2140343836447147,-0.12399144977406737,-0.12038707980156493,-1.1190814453020403
0.7490549576909156,-1.0403399127721198,-0.9769701462957803,-0.9358024651964425
-0.5295884876514866,-1.0279273169465264,-1.3511838083692354,1.2007229114199214
-1.352057175885445,-0.17314803706083393,0.19456712104280127,1.920819576949551
-0.7636377622312153,0.994643901441973,-0.07068068807540628,-0.1506253020741044
0.4189585162020272,1.1129437817739705,1.297029897751348,-0.22389683700980711
1.1542814039190503,0.3994714674707587,0.32937166998878387,-0.3722783730623336
0.8292139949983743,-0.8393972882752644,-1.534967049307057,-0.7033566185993745
-0.19574849101844272,-1.1656277893768556,-0.7406919971829224,-0.015713437868887237
-1.0834749715639844,-0.383258541598131,-0.5909295834077599,0.4859367118374669
-0.9819176115343803,0.6137446934841517,0.5628361001643678,0.8878377174660257
0.15116650663382808,1.1402369362544584,2.0714972500330453,0.1155490703667994
0.9897951957158381,0.6672715052239433,0.5829666927359889,-1.5041520029034499
1.0059315497468375,-0.48513788654821294,-0.8280113829199653,-1.5027031024810256
0.06730536670473103,-1.1568319379237773,-1.157989390287563,-0.47825930314427834
-0.8594411915832856,-0.7352574565862107,-0.6840787995190328,0.9421791848274969
-1.0202937244048211,0.40362355584028536,0.67199038662201,1.0698032725695878
-0.35581558856683926,1.1533153697989067,0.9440822537687245,-0.5577634602862869
0.6963708430442523,0.8313553398240566,0.5555586344168761,-0.45146559435531197
1.1580423202534036,-0.21783504017384397,-0.5461267055867958,-1.4580583813756032
0.5793895033151165,-1.1100167333780555,-1.4410580034909592,-0.3498541470339267
-0.8639537286586706,-1.0147741915971182,-1.16263723424107,0.8455103730595942
-1.1314791506604926,0.07767625766394513,-0.15875875546556006,0.9320270392957071
-0.5571123698997851,1.1405482641010851,0.9978595599352846,0.9687831168084338
0.5518834687409513,1.0678609622089392,1.3726025482887687,-0.48692098645107595
1.1899669877483865,0.18815105674200996,0.5068370278396961,-1.0311253788063122
0.7324744081515107,-0.9372348261852735,-0.334088876924184,-0.6918384523788695
-0.3457236006577988,-0.9704825381683677,-1.6457701013585548,-0.22038363198956135
-1.2106859010713826,-0.20148302374628996,-0.22189125661840947,1.1262706921974253
-0.877798965609499,0.8031480885517436,0.27297937418428675,-0.0861479057167236
0.20727204877242172,1.2782023342154591,1.615482258574077,0.2484848962970898
1.223002826816276,0.4376600451281442,0.9437214826038065,-1.8364519249587063
0.9748803086867776,-0.5556283359410665,-1.6781371125908422,-0.4157493212359503
0.031364262871095,-1.117173919552129,-0.7789274576689595,1.6173168988020015
-1.0446946450234478,-0.6151779662083804,0.5853732579632687,1.3539117283966873
-0.9221756376575785,0.5930437486131257,0.5955324468607448,0.6984056365883964
-0.08631427884939544,1.119568495040819,1.1685045422019213,0.7647160992563906
0.9053126991696306,0.7570613978096616,0.8329451365833185,-1.2104155995786114
1.0391416106765892,-0.33018356983492814,-0.6156417717757323,-0.4532224849770411
0.33045756105377366,-1.0100475444907902,-1.1915807161311578,-0.2140257527252465
-0.8093851859766534,-0.771419391579977,-0.551678439222838,0.1450993941717127
-1.1869382698876612,0.1530198682582692,0.24954103243423953,0.7862954508645337
-0.45254076776476493,1.155048013305236,0.6929619691347529,1.5586508240488561
0.7013083389163752,1.0465446248121666,1.6666720041123495,-0.10855600534680432
1.1039128768232949,-0.16543702909380675,0.006996124414505589,0.2658645906486276
0.6701339791773316,-1.1150893073562265,-0.997752457703352,-0.22197343958808458
-0.5755230856840082,-1.052445649096711,-0.5986953762291414,0.8464029259282435
-1.0458357840139323,-0.2677870245269287,-0.07216735739494107,0.6088875168558231
-0.7081838748248501,0.943813705053421,0.7084041721330098,0.7041653245379947
0.4228118129807654,1.0545123185703795,1.3502809273348828,-0.3671813349131503
1.273085691368187,0.21449879701199104,-0.6531734821317325,-0.8581807604289383
0.8124401585492141,-0.7051397658986744,-1.1417537940459825,-1.3236147379530505
-0.24549506659556747,-1.0746333227438163,-1.476399583376792,-0.6897507968204575
-1.1222791874011642,-0.44030068413883877,-0.09605300033753483,0.8621131328581622
-0.9266150337781984,0.6222846443008283,0.8973827096875064,1.5293632528635326
0.04260215024671923,1.112157722966825,1.6150964566415738,0.8440471016660178
1.0054455276632008,0.5942309546310398,1.0927102814320233,-1.6474600567483684
1.0972139068358175,-0.625962371979101,-0.5466851132470907,-0.35056541182526435
0.15889765910934867,-1.2323390573444555,-1.6959080010553318,0.23312414105096102
-0.9681096200601698,-0.6118224479171486,-0.9759010589348099,0.7119382728100265
-1.1438102168869686,0.42477431909480456,0.18598708966662603,0.5918915455674092
-0.2545730332532123,1.2361618852862297,1.718517188181397,-1.0069587121804013
0.85260884027044,0.8246816910594188,0.9279144030313646,-1.0395037232703312
1.1997020305061636,-0.25581947385770976,-0.6458693841898255,-1.0934328955296815
0.5132232962808736,-1.2130184848825238,-0.9160111855034619,-0.9320290669294129
-0.554241319005012,-0.8120901254801614,-0.8346528334844655,0.611020325733333
-1.1154963602840982,0.05094336691771054,0.1445973475480533,1.279845907250604
-0.612126651870868,0.9926639077384898,0.24602612082576636,1.7145667007449221
0.45514026234585014,1.1107273045135464,1.5386277722822401,-0.27033317817621416
1.325313084288512,0.2107924805926094,0.11804724559345336,-1.8163953393435885
0.7703367724783319,-0.85646600007328,-0.751774124795685,-1.636201450555932
-0.4615577074674715,-0.9738752437255831,-0.5293600026185691,0.9926448751287303
-1.2737554590075744,-0.21282564356401693,-0.9770808383013674,0.5651012709892763
-0.7494388964331693,0.8183452464554003,0.572240680872958,0.8964546244098065
0.1639834007117295,1.2577878184239346,1.2144418961472092,0.08817403255105272
1.0039260825932412,0.4915540401745032,0.5146984984763053,-1.6385799767910043
0.9646420943561791,-0.7944954855171669,-0.7004905507331943,-1.2490578813426867
-0.1048922981708591,-1.1537277367816747,-1.4454465966770305,-0.19597316885222704
-1.1287966247771934,-0.5967615498725369,-0.9520717236145326,1.7144200460874104
-0.9680783184930392,0.6484840277888657,0.5445974235773704,1.5311856958813297
-0.01968822752530365,1.192515211776291,0.029014625610537317,1.0597858127791127
1.0031540603155744,0.6710030898545244,0.7152847515889743,-1.4138748713215388
1.1025060789718413,-0.37994932213600074,0.11924335827003474,-0.7116268928560471
0.23267387863629987,-1.3089314077727532,-0.8094492609125398,-0.1643095169096287
-0.815398777909326,-0.8334444439598776,-1.0006138836612333,1.5874174301601045
-1.1910026653117578,0.32248203112164875,-0.6968839842272234,1.3927442399670031
-0.396862588213093,1.2008856305520461,1.141281706147547,1.005265468472386
0.6495334633935643,0.9971796814054205,1.631742257433404,0.2972471577362612
1.187329052398955,-0.1010471902231607,0.856281299832522,-1.4277105168087334
0.48837056430456943,-1.0329427602604027,-1.4410058271628146,0.2889025390332006
-0.45253538585460307,-1.0805590116165305,-1.3919212727374723,1.0383703700245628
-1.2118273680717753,-0.1113563574712523,0.6908162815332275,1.0475064662436955
-0.7778039153907227,0.9348000183079322,1.6144428381529952,0.5051637458221503
0.3894557324237281,1.084399213483788,1.7385094080371046,-0.15321487014429258
1.1425888620028972,0.3223720918083677,-0.10983577976713566,-1.6594827206692848
0.8102307075132211,-0.7652239005459831,-0.907449663235293,-0.3584227742587043
-0.22845125153440826,-1.1854512054794133,-0.5032778343269961,0.29291935621517773
-1.1994842486521453,-0.5008920207076824,0.145741991998648,1.5043716972908494
-0.9997175039037391,0.5830880490972778,1.7924773785701553,0.49761991690151997
0.08981430055716265,1.1407235305908023,1.6548080290069034,0.4728454064058174
1.0653885184138816,0.702534413156521,0.5964172914671895,-2.049685053522235
1.1455254632201228,-0.38355243424271435,-0.5519161768867437,-0.6675328389953089
0.188817812895883,-1.0492329906637785,-0.6921527318968947,-0.49830042016123066
-1.0903006647942821,-0.6533364189044297,-0.48067903066841833,1.3192152657810696
-1.1034690369914395,0.29099354462958604,0.5781123487591511,1.1314600692931114
-0.2754495453354192,1.112590714962916,0.5823668442625427,0.4935896001477047
0.7588047405741342,0.9102916526220273,0.7610453613481699,-0.07599068498116146
1.1445043656687364,-0.24640394810950372,-0.9540988812450435,-0.37106865171098263
0.3416266178480619,-1.0538602931354104,-1.9049146098749052,-0.061738026203723706
-0.758497406146157,-0.9529586166953925,-0.8628371514706962,0.6975840786965742
-1.2390872690178827,-0.028877129308683178,-0.2965444009945206,1.6603157987395
-0.6142127402998145,1.0963052012732024,0.8256819999627035,1.1342113355131804
0.6032154020911202,1.0648760505011643,0.7922635651568796,-0.4073867229451966
1.2719268860259314,0.06659760260870042,0.11114741141849627,-0.3573914708022014
0.6846033445626015,-0.7167843654694948,-0.47934440854093485,-0.19165865959551387
-0.38021119709107937,-1.2428274250653877,-1.0972127520824448,0.8874813851713437
-1.1805853078053503,-0.2529712839838474,0.21759395798400805,0.9045297079276462
-0.7871278223707435,0.8598248857006389,0.3816083181047203,1.4762905530520598
0.3900431300875915,1.0628844835578561,0.9497060505177621,0.35011697131795194
1.0862967184283483,0.29879381122607795,0.7036880862020206,-1.0306241477259586
0.8909300749380739,-0.610725428992751,0.04988636300757743,-0.3072044318220457
-0.19971368843551926,-1.2170254710893713,-1.3185449605721113,-0.3267838613765861
-1.0431937960394588,-0.6285373884868684,-1.223472339257207,1.0228810247090918
-1.0815853921906098,0.5793639990652836,0.8918893797033672,0.27143580934646305
-0.07733293612502425,1.1189414428592355,0.43836727510931983,0.3117691984943871
1.0793137212572157,0.7735040942498678,0.035153946924313395,-1.1934445649366614
1.1076957209656955,-0.3128309734216183,-0.703228954545112,-1.801974851611729
0.2672949977582431,-1.1044740758250324,-1.126998000284498,-0.18024786438387896
-0.7444030182945034,-0.785341928588249,-0.7543741968214185,1.1088596256476846
-1.2204860542063753,0.22393066690714902,0.10323486928174863,1.8137724062292573
-0.33813101698487513,1.0492857941331784,1.2059511219666765,1.3785199552969318
0.6741037110846254,0.890501325527251,1.09102876963042,-0.8151346407654858
1.2161114676135882,-0.17842255733164647,-0.09848445955918383,-1.3276536647744401
0.473206634432982,-1.0538188974940526,-2.8018844301647925,-1.3391637095509001
-0.5976804991645445,-1.0097731473628035,-1.5546669964111894,0.7953536144936968
-1.1404405944164702,-0.08104012959927497,0.052121484761077364,1.1709136277051204
-0.7028956923166485,1.056821068990092,0.7032178424426061,1.2109577090242107
0.5108501588444123,1.0668726507608504,1.7291219112452456,-0.18421766393944994
1.1839616236975616,0.24654878199553346,0.7181207521320332,-1.2795542547315923
0.7162833202728324,-0.9310297811343786,-1.0033185615847695,-1.058665948016141
-0.22950100559518327,-1.0134588173646153,-1.2588666397692794,0.05169857364654473
-0.9812641429273039,-0.37386085503966043,-0.11144085215679667,0.5614104671290071
-0.919732225468355,0.7024539731960795,0.5429501796326064,0.12294793009542837
0.045126120679940165,1.2703820576756244,1.8070377453149082,-0.7218489196084032
0.9428837520998585,0.6199408301251004,0.9098195541872273,-0.515820925721141
1.0254193558244946,-0.3545714043493997,-1.0557806643469736,-1.7253387354354932
0.11587238385346499,-1.0928702612037307,-1.0326968715909395,-0.2228150432751519
-0.9237855796935822,-0.6928216121524283,-0.9585360567325285,2.0554534961965865
-1.0605963793889168,0.4395933226407113,0.35611920583268675,0.4445011013966971
-0.3579112344305765,1.0583426041296684,0.817090058907762,-0.3716766683153272
0.8352171954382864,0.7655336466146747,0.10352102046246314,-0.07941958172053343
1.0851896699349086,-0.18353832315111346,-0.3282011245237515,-0.7216649038368506
0.3201830782359821,-1.1270918476392793,-0.6221240953511475,-0.15044347936004399
-0.7919862423255816,-0.9152323940336263,-1.5789047568293824,-0.299722393253245
-1.1273642424922927,0.12120650502784747,0.07209997438460736,1.372506096418648
-0.4674361459884719,0.9819594538253148,0.0685136805008213,-0.1788662895530535
0.5871517011288002,0.9035473182638641,0.9219129459143346,-0.7406264720578504
1.1612852889293166,0.15811964790129512,0.13819986339669965,-1.9248994482485338
0.6509366215980767,-0.804134373459571,-1.2497785252436748,-1.0083399014486516
-0.4900562590582145,-1.096853458866821,-1.321065238269519,0.4096970631471586
-1.2011288977680583,-0.2803594345899619,0.38645169390878586,0.7602811264015038
-0.7381343873820511,0.7717818196526927,0.6855643119617372,1.2140069681550973
0.24713447637283759,1.1409091295394709,0.8296175761761302,0.42002148884660584
1.083881380451502,0.3457752203270718,0.0915118806160542,-0.6103964869122144
0.9374431410187712,-0.6431211866510933,-0.6697201788516366,-0.730058116703125
-0.20263157827612466,-1.2447284944842447,-1.3444747521867195,-0.8721069093608125
-1.0914019519503297,-0.5329962554673118,-0.7032050379315613,1.192194429070238
-0.9690231080857165,0.6130991161123686,0.48621301000861483,1.2883800484950794
-0.1099800701091068,1.081704773952189,1.9492885028891886,0.24520143862368227
0.9882098385985293,0.7137036743130827,0.9717868965113002,-0.659016737465602
1.038859965871084,-0.41304091798456827,-0.5831016105567266,-1.3846305469594749
0.1975122865206247,-1.1878492441953379,-1.778705217391675,-0.7328561414657786
-0.7929607637529157,-0.7918855113864058,-1.0659667243063724,0.6914527338639664
-1.1907517021580152,0.29200095748704247,0.25088106872076743,1.5043112959574356
-0.3178406535818441,1.2539290934595833,1.3840814565033581,0.8457860886395296
0.7675814909058614,0.9296735932847607,0.6981398956134705,-0.7205826046499458
1.2241802752738167,-0.10831825098073565,0.16868025220251992,-0.9120066644985666
0.45641024234066224,-1.128604328933656,-0.9147011921714465,-1.0209298936037485
-0.5363398910222769,-0.9418828898601719,-1.531918799759418,0.8171112208464648
-1.2045770033401315,-0.07942525401511268,-0.3016562277146939,1.0726920793185477
-0.6785475296896466,0.8986818796246114,1.3537915616193452,0.5602302981766377
0.4087390814012585,1.070473773814295,0.409411116250549,-0.7667013306600012
1.231398008453305,0.2258823497338276,0.1914273468800709,-0.407765166920885
0.8219127592312334,-0.9433563813563591,-1.1479940188759041,-1.0906048472244467
-0.2821269392933742,-1.2258050653591304,-1.1108558897230136,0.14154002353986228
-1.1542463998848138,-0.44873357579970774,-0.03781394728993637,1.194104135235876
-1.0348952037453694,0.7148213332177835,0.5728396379133965,0.026227704023483733
0.05745944560266951,1.2654327077178698,1.5908402886207689,-0.520920902028712
1.1210276333409075,0.5245220327937287,0.7827597716606971,-0.9388168511355107
1.1244951501052811,-0.6143575837188566,-0.47672527596563097,-0.9248884271021918
0.044522703799567694,-1.2355114589635134,-1.4006662817677984,-0.5471692731916766
-1.006746362034191,-0.7228750726415174,-0.29173952633902933,1.5553217615583848
-1.1534830050774412,0.5168634576855802,0.04142944675845417,1.8475579882323312
-0.17972553335959934,1.2259500679497946,0.7576167458106731,0.9637146888098536
0.8515891311587468,0.8278763448572014,1.1142750260509104,-0.9298215429117229
1.1270832373133066,-0.29063987018644233,-0.33645781692986154,-1.489196448715447
0.3000488965571021,-1.0956237086232534,-0.8942251805981019,-1.4083785122507464
-0.7075042506586535,-0.784764753664566,-0.5442329573966265,1.7151926487618512
-1.1928359010700784,0.07928181996727804,0.33690737726316256,1.0588442035716361
-0.5120123643125905,0.9812948038394967,0.4044065272255512,0.8405017723854857
0.6826715933979874,0.9553749632899668,0.7114655570267298,-0.09891760195072541
1.2322170099837075,-0.12172104380027704,1.1436863694189292,-1.249382718380254
0.8400223652453745,-0.9364945203687313,-1.2469031777158897,-0.38583510397576903
-0.44310729318346004,-1.0046399026435215,-1.7700898808316623,0.26520798878854834
-1.2873476240326707,-0.2026136658891017,-0.4969086870335859,0.7479802219654567
-0.900206620470136,0.8634938834017137,0.7707101193702226,1.2812919761875607
0.3400365464729541,1.105069630587726,0.6769290384141657,-0.25767371812689954
1.203886150039517,0.4854528569991742,0.28755704805751625,-0.8693538585503896
0.9387105183466331,-0.6938046897331062,-0.927304231800522,-0.651731373733167
-0.20396348356913985,-1.117369750121859,-1.8386392744776232,-0.28391937660912525
-1.0441286322667127,-0.4687503426269673,-0.5838121644889482,1.8300164905135943
-1.049620234443926,0.5384404241786652,0.6296321372311159,1.772453935881513
-0.03992206621320054,1.2662531628775413,-0.052932818021441674,-0.38903083494563173
1.0038886144325647,0.7354931722168317,0.49805830591255096,-1.4549105767646469
1.0808681330544145,-0.47463506189752824,-0.7512364093193447,-2.023609684273757
0.1532408803530398,-1.2805103260008746,-1.0337305253389046,0.5309496742031106
-0.9291019020498891,-0.950748955001142,-0.8611758859787705,1.3452674820289034
-1.0812837032923326,0.2954176074723709,0.3254695787378059,1.2768808137265586
-0.5177464445342113,1.180005974537003,0.9352685621113255,0.4134585071972363
0.6331164551700106,0.8879876328636496,1.8941174205309357,-0.5300707055655118
1.0778394486397298,-0.07147989875016812,0.10530955502027761,-1.977871894353438
0.5883408857416977,-1.0459918343629897,-0.6240178724186801,0.0726676196135645
-0.651422267456594,-0.9886723662821121,-1.1779735835271017,0.8345260977763092
-1.1926411069830323,0.15134839102099734,0.3653923277290039,1.0922371044515717
-0.6193505877432335,1.1166612705194565,0.5498864256919794,0.22727125568694662
0.46011556793833225,1.086879793157698,0.986374894009619,-1.0954187186580167
1.1661517718227132,0.1701399085123564,-0.07860480664453218,-0.6460745979067308
0.8169484147353415,-0.8700109716950781,-1.4194337973442355,-0.6461235571043444
-0.2949257639577175,-1.0822963588930723,-1.3486119820786995,0.6464722315852645
-1.0180966921447325,-0.30016058084087477,-0.9429641258321819,0.8861971090304338
-0.9635162859613002,0.7721403688280531,0.5042258916014913,0.979889465381304
0.2406310351268349,1.077987048835034,1.2732294984863495,-0.3928146812239586
1.0423613601306252,0.5057922322117159,1.0920059003739935,-1.6925696144151652
0.9664701573618613,-0.6295796102512367,-0.740864105343576,-1.2004598380284464
0.0030910059539647657,-1.198922285836056,-1.1314868262523599,-0.26241441575452384
-0.9882506325058003,-0.614014902186473,-0.5278484936050543,0.6245244719295806
-1.127610265536544,0.6762277343221449,0.4374930097396834,1.3454478109180361
-0.27630318735214215,1.0966532388827333,1.6766703840725945,0.35363660864349167
0.9527201608397541,0.7780528346182531,0.18911163982316181,-0.6196830342843229
1.1613822922303547,-0.3099492879676079,0.22356525174739073,-0.6743827569554584
0.2457542301545853,-1.223533186374783,-1.100856434516621,0.3067138912064882
-0.8170946668890541,-0.9880385018585074,-1.2613580083324598,0.2224189120641651
-1.265845209888734,0.015922245578233712,0.033303354897323834,0.6071923067619498
-0.5075873956062861,0.9893844038899835,0.8448521105019635,0.057004754363635946
0.5463612229930779,1.013830982216549,1.5248081522167194,-0.5752689239903308
1.183817182442345,0.014208042220920933,-0.2859115478353358,-1.671972348557749
0.7708113156019318,-0.9549557055722132,-1.0637806631124913,-0.2560265753101726
-0.38695601579991623,-1.1791804384560367,-0.9582829235384379,0.009844161155037057
-1.2431223020258602,-0.12375584722847148,-0.25637218271700846,0.6734569689203751
-0.8220009539977554,0.8429840498557393,1.2548761928619245,0.5275840692287104
0.3612456521273508,1.1150936619709206,0.838087597598601,-0.3478620553909506
1.19598568363408,0.27679260446687226,0.29789842317043735,-1.2489085260831396
0.8958218485278987,-0.7775649649672327,-0.11692028531471388,-0.49555183703509365
-0.19638155847004435,-1.3567716509175693,-0.6915366536428785,0.24544473472108974
-1.1115511353166176,-0.4591671014116573,-0.5701858142511929,0.7069332980263062
-1.1001962835506005,0.6703573175559526,1.322153967071547,0.7827986880997112
0.0800511241003733,1.2075978921666588,2.7844057166781964,-0.06550290003350057
-1.3722055341692407,0.13533969783343622,0.9104540746683765,0.29521441124387954
-0.7946601850144451,1.0401978157252854,1.6116783034785935,-0.039496020388266606
0.5350693181339918,1.041720750175482,1.8564914615869115,-0.6482859780204453
1.316568137466705,0.20380972441330186,0.38620943330308855,-1.7208201041326079
0.8021508393924482,-0.9889432405082998,-1.3187075553534537,-1.94361030319409
-0.5242046170349927,-1.3447264804063546,-1.0523413884309267,0.600569560833909
-1.2341314589231247,-0.26035912722010257,-0.3215248576222818,1.5399129734346921
-1.0216843936207818,0.9597723615908688,0.9719088545425136,0.36255467359060045
0.22965361338665663,1.242699863466599,2.206552969806351,-0.187150898629187
1.3317081275889255,0.5656220787106377,-0.5557696416995284,-0.6136220937069359
1.0591887266761233,-0.8769165441605792,-0.8825900219789201,-0.5302480959330613
-0.22030791033798625,-1.2268912301011112,-1.012718844527799,-0.7318930562974924
-1.1338119117815801,-0.6309896930235711,-0.7166994115146041,1.1050955656671435
-1.1571668826192791,0.5223399891602902,0.7690895136763365,0.8835068150087427
-0.14277424905117078,1.3530432507661736,1.362497400713837,0.28603557744985686
0.8929872559548395,0.8169677214871546,1.4206567072934089,-1.4259593182856383
1.2231160936886267,-0.4383038281348268,-0.5216747574034342,-1.7665987752826962
0.2624615295245007,-1.1473644551309907,-1.7420570122229873,0.24050895277687778
-0.9530579626536946,-0.7902218631613211,0.47440121442413163,1.2076156489146987
-1.2953046684914493,0.2599914473043822,0.07014466066747937,0.9347694783352923
-0.4086083088420405,1.3508146226178983,1.681780487316068,0.3947541569615265
0.671143855657252,1.0455565505994122,0.1480059706551934,-0.11124868472537242
1.3691494882247697,0.03901357695309078,-0.5916710178644524,-0.9332820590601828
0.5536406282097555,-1.1630262574653358,-1.9887625349621496,-0.8768284176185792
-0.5571913747645006,-1.1116394764725643,-0.4937731485192698,0.8587672538074465
-1.3015855251183954,-0.0862238936651487,0.28256562578271915,0.04583681757703656
-0.857999591672814,0.8954145886687217,1.4891976242826643,0.7179149990295092
0.5254697524841231,1.0585086342288046,2.1875880317696903,-0.19420050799731303
1.1659536654936413,0.21847026165730046,0.6532260443848426,-1.3087448419989882
0.9117516607203191,-0.9260780943785126,-0.3999050260654424,-0.2439091616073258
-0.20550180792453793,-1.1992756376572367,-0.6860759434811554,-0.05681948370748313
-1.1634293118998824,-0.4743226074308911,-1.0977334851297849,1.1729926898221936
-1.0600548917451822,0.8304876805889302,0.5509066483121433,0.8812806262963346
0.07145920958155397,1.2818739130111751,0.5605239296920811,0.37373307110448173
1.095829400928902,0.5225205290698521,0.16462874031363928,-1.805424613178394
1.1738241534701446,-0.5815265321799027,-0.1762277593859196,-1.5533422142068334
0.18269587848074037,-1.4860065220228584,-1.788061300233743,0.6764233203505643
-1.0511486198075077,-0.8448747953313015,-1.6245431413346672,0.8319993497522554
-1.25627862018711,0.5392740607725355,0.26978362711953974,0.1843994222204587
-0.30211766998228906,1.3101833307165052,1.2781659138793682,-1.1156612029464097
1.0070448549794224,0.9870879380570363,0.4811243245266228,-0.47228658412040714
1.2410260399624777,-0.26969394381285533,-0.2998218438029532,-1.8127238290082053
0.4445009994124457,-1.2267154438027685,-1.6413295347001555,-0.6053003899119802
-0.7517560979430682,-0.9592986877187497,-0.39156494318384083,1.3083020837222004
-1.2451190076248975,0.010573901669025138,0.12964350621524678,1.9574318608212828
-0.7007901580183024,1.1580877008753598,0.4770183232054259,0.2626977547166409
0.5943453396128145,1.0214471704900463,1.516414563662245,-0.8183824356816904
1.354166590321058,-0.006476528116820424,-0.06480394743594409,-1.8796460716543522
0.6553521661382891,-1.1169820371795243,-0.7411648131389342,-0.2988170852366401
-0.3627639313873564,-1.3022349159526263,-0.541204204466943,0.12654355647465643
-1.3090719296296625,-0.2066520644874228,-0.34201860295279496,1.9472585414439092
-0.8401330331925598,0.9562415359954363,-0.25294725047875777,1.271115953842995
0.37078824836342605,1.2147108410774783,1.270453167014645,-0.5052397138761588
1.1865890839707423,0.37885257838931324,1.8394454480869682,-1.2114120043726135
1.0968307591873987,-0.8015522699633735,-0.5890877794239069,-1.6194113310119262
-0.0832019575888329,-1.2265697789865644,-1.3219753787224127,0.004374366396494578
-1.0667484188229825,-0.5815387321515003,-0.04929699418761535,1.3277599162360791
-1.094346403223306,0.6056600057769717,0.09246015968090271,1.2772337242486431
-0.09359222798601148,1.2778714819085586,2.1560032722871383,0.7294151319951769
1.0037705424908148,0.7876382341886423,1.0698313535913488,-0.8788341750075229
1.4368546642899176,-0.4035175045956103,-0.42217065976201895,-0.24459489290206637
0.14267952677651058,-1.2222911291479652,-1.121027561185461,0.01729923430337288
-0.9206049506158834,-0.8721855576234144,-0.26262955326960824,0.5379433505733933
-1.284826307730181,0.32357807587881027,1.133804977405043,1.343412761889015
-0.42639998615270874,1.2129168076729568,0.7778523477013618,0.35122136178503016
0.8612977220047322,0.9759499319273816,0.7728037660070253,-1.980413817134861
1.2363140532916406,-0.09665587368802428,0.4769628792324154,-1.334120007070651
0.7361121740455375,-1.1514117754166482,-0.5792783841727239,-0.6979024768551245
-0.6757904671428233,-1.1544822264406378,-0.8109269745288411,1.078364556834439
-1.2390119241993616,-0.15475054868493887,-0.8783608636460993,1.7400985068818446
-0.7435408383401513,1.0947071678876652,-0.2460806220496059,1.2871902813643954
0.4684942344331816,1.2312676636530469,2.117349400063538,-0.5087466989135514
1.2278269473529053,0.31597360294186827,0.3215281083045285,-0.7198856236887802
0.9220483423476225,-1.0388487034526899,-0.4843845381242534,-1.6401310624198029
-0.27258168417357015,-1.2653214554602952,-1.7983121978823917,0.25442446551745546
-1.2566658037834113,-0.39708567127960204,-0.040244657039444354,1.3082075550857843
-0.9990707710815593,0.7399534908682159,1.5526134826016462,1.5010358369872845
0.11606320932056843,1.3415895605429975,2.3180587308283536,-0.7030423779293249
1.049555442313726,0.6111619641626878,0.2778089576428411,-0.8459849626870466
1.002446137213005,-0.5476025407326996,-1.2359092337330013,-1.1644779771522589
0.08863163415380144,-1.3552922514427765,-0.4588621444732875,-0.2213246132682689
-1.019536206602408,-0.9137448213031221,-0.5134504652917238,1.568047424796728
-1.164956737956836,0.39035030572645774,-0.10971801017030103,0.5530067341021877
-0.23094110971905138,1.326186945193637,0.6830474983868612,0.6022509262907405
1.0623563400455063,0.8738307718760239,-0.23995822537133893,-0.9074728789266739
1.2460186861411204,-0.22408150321622922,0.5386468598853855,-0.8133844227562073
0.4176182200577296,-1.2246513398049503,-0.8850395226641724,-0.007588807561744737
-0.7084790358731401,-1.0381001912857597,-0.9645272629377294,0.26864113557703906
-1.3085796100814437,0.05934083355937169,-0.6811561512997388,1.399682528737708
-0.5831789195122014,1.1075817959356613,2.00557317241599,1.3509184195713375
0.55418553099052,1.0560662863126649,1.6369007659697528,-0.26842410523260307
1.3452277850908911,0.062357889952169725,0.12955388427569492,-0.49787279705736104
0.6961825402746561,-1.1355745815208484,-1.089188366654738,-0.6552258871204386
-0.4138567011706816,-1.1933595269328678,-1.523566478915065,1.049814533793929
-1.2687514428863917,-0.1087942549970102,-0.001353504070920053,1.4694993571260402
-0.7144814873842502,0.9165624512701409,1.161667602847708,0.1596240453999742
0.31098519833957045,1.3433577132364214,1.1832271201733313,-0.6942282788674048
1.3112750900551693,0.4385811830592199,1.25813234559208,-0.7618406380258425
0.9749991061232052,-0.8356257872767625,-0.4917978577108073,-0.5432976532500144
-0.16013356928915845,-1.2891618761180494,-0.9964693272715011,1.0065674658790058
-1.1228806017900246,-0.5775791091750616,-0.6763183555786112,1.1636191543187773
-1.1788022299988403,0.8192160127878229,0.22396652130237116,1.17958576844429
-0.049734725733143255,1.2139665027306343,1.7193850815159568,-0.09886513458301938
1.1075691953633948,0.8283756293010336,0.45080849018594327,-1.2385209455815465
1.169786259068546,-0.5987750013711086,-0.6672635162535523,-0.8812525758644426
0.2312468761664827,-1.328330393574685,-1.9845172407348866,-0.2073417687698964
-0.9455936237003897,-0.7930253478667639,-0.7678593780756782,1.4391724954941787
-1.301741878729927,0.28750056933570817,0.8704218633256655,1.472654545376223
-0.3396297694503,1.3034685182534917,1.3031452701004902,0.24355388731761907
0.9066259801199065,0.9504356134753347,1.7206847312150846,0.0748174842950039
1.4259268649717523,-0.2741014316516147,0.38064161101299065,-1.2312885230336386
0.5663382449573464,-1.0265306526483762,-2.328812820724771,-0.26136028587205096
-0.5603933774322785,-1.1485479648161099,-1.58990542754407,0.591154514226162
-1.3256326838514167,-0.03113269064613996,-0.7291652916378089,1.4879771314488777
-0.8615750622596461,1.111182484782271,0.8423491630131774,1.0381087587738103
0.46618326843798985,1.1455396847412032,0.46598560920764975,-0.03276665003280943
1.2751307730715236,0.1423707856509261,-0.131352156253024,-0.807680328879965
0.9061215399663843,-0.9073551319562815,-0.5344995515787415,-1.2416666444806834
-0.31641228834720747,-1.3110362497768977,-1.3686066249156186,-0.214596008845791
-1.257857890951812,-0.37689923647767576,-0.5160444022717481,1.5505361402692897
-0.912637678097618,0.8747788755714145,0.4677637464288509,1.2056568540749668
0.1461638107612376,1.297039305435554,1.4458977152718133,0.3140822334231308
1.1852584674887197,0.6441056899902725,0.5472033870352233,-0.9238989125920216
1.1706603660307464,-0.6525255988636084,-1.5222021290967118,-1.364783778690254
0.022341904870083185,-1.2319531718087862,-0.6270704585449717,0.754528597989087
-1.1999436610094998,-0.8014929673288476,-0.3378820144656225,0.6389660808324504
-1.284185992312939,0.49630507120803563,1.3915711885871307,1.2464627591326722
-0.35255184167847514,1.411230058119659,1.198854747906446,0.2925859512706186
1.0565553283384121,0.9988799336529773,1.6520867501403302,-1.3144009051149446
1.2498446303097521,-0.1966961662962563,-0.13660366244413802,-1.5473732576421355
0.522313082559084,-1.174378087797083,-1.5445696571571903,-0.6082370821993388
-0.7733947574494364,-1.1168926067825806,-1.195866713707906,1.1577903303755404
-1.315286678041787,0.12409769893490294,0.1853959549421813,1.9927018414218223
-0.6164883368542038,1.3346784228998037,1.0688690399122638,0.6362106198853756
0.6290463071708123,1.2241875483009756,0.9854542035899555,-1.250359265475745
1.212998661645382,0.013211620343068022,0.36373112850059397,-1.2198914502123164
0.9080285638230112,-1.1438935989056578,-0.6979241793096463,-1.7504360656453237
-0.5035916084016978,-1.0992192956532356,-1.2654194175284266,0.784041432046032
-1.2430320599171325,-0.15328015949425913,-0.39910602605273127,0.011828508336402255
-0.8678296741402453,1.0083149440521024,-0.35643588166056006,1.1838647928894641
0.18841886016432882,1.2955908020747269,1.646941360422093,0.2464578395920869
1.2579225086019683,0.33517119645805077,0.8419283499637975,-1.3023672621788887
1.0248836294350638,-0.9431802511211581,0.17271010013020782,-1.0185549391260518
-0.16442606802549545,-1.2936732108320426,-1.322930109142785,0.37361232313883885
-1.0442587218574255,-0.6939756448852331,0.26827237106017754,0.8056889661746627
-1.2722642915380873,0.7280725938219729,-0.05889426442727941,0.5468178462510165
-0.09286809741853264,1.2040209468341245,1.2054441145492154,0.1592086474219856
1.0622767082763314,0.8577572655408743,0.4896659760834221,-0.6329424558061225
1.131651281674082,-0.4363539127217759,-0.7007364388317661,-1.7418861022148187
0.17660935132810618,-1.2169874298614085,-0.4431009502207266,-0.9024264235844159
-0.9308407534245121,-1.0670978382809708,-1.141712739818012,0.6223209234697918
-1.0794372039514826,0.25324369480413766,0.26359046717857937,1.9386955655915898
-0.402065777238844,1.1263714059831962,1.0411030724848875,1.0114423985535448
0.890487359842627,0.9217352867201639,1.250342224775825,-0.1270430590639704
1.3283032379342892,-0.06396380840418477,0.1862265692458187,-1.0955340218395417
0.5640305473059547,-1.1210126246257897,-1.057833929231911,-0.9726125324020796
-0.6318357143115443,-1.0802457062193,0.09493995575940661,0.7816939654158439
-1.3950013109742607,0.08007675116550075,0.1475684698531421,1.7808373569911873
-0.6643272737712907,1.1089193142635019,0.9513281893460296,0.41755476357631993
0.5289298507120062,1.251990055245762,1.3546151845945413,0.5882025926063184
1.2571138701869224,0.23647903080742266,0.22644420045464742,-0.94690314722357
0.8595988783026137,-0.9255697607998198,-0.5538266248466628,-0.5612627219342975
-0.36335513841069333,-1.2229531551648902,-1.752458122711128,0.056558167784760416
-1.2151453181355638,-0.28652554424733834,-0.9493079897776346,1.331465290051553
-1.053218233632227,0.8312884046234639,1.2960725415025542,1.7003125045891347
0.026742147463429178,1.3932242211908294,1.3004463792496173,-0.8634455656568962
1.2405067649648733,0.6180737102948255,0.5017256920845614,-2.1103200419491515
1.1545939791766127,-0.7823879100412123,-1.5120409970950532,-1.3006528564125257
-0.02732439199095297,-1.284168390455085,-1.2217112142533426,0.014446371686495096
-1.024926469942105,-0.7856355431312689,-1.5801953971683502,0.6595613892709978
-1.2262886508589017,0.4601007125553745,1.410106092023381,0.9914845899571589
-0.1458371155303747,1.3106850534204377,1.612129336503112,-0.15634899761116539
0.9871873148336274,0.8247395136653394,1.3548758425388756,-1.0752134992075595
1.345355045448129,-0.27981998295986465,-0.3793878816919283,-0.7802776112827409
0.3121130978403048,-1.2263310295641172,-1.5580583168744522,-0.27647502443578387
-0.78274629817894,-0.9323769023487295,-0.9580786876578162,1.2428115192238498
-1.300780934373699,0.17474164805225548,0.2894532652728632,1.8232546488500212
-0.5683785577111344,1.0958365942313901,1.2811044707179153,0.6009946156183821
0.7113035348693442,1.1697941659782491,0.8050758210140113,-0.06374331583429482
1.2316339175011997,0.05248732584340732,0.18973130127912463,-0.366369074751652
0.8182244480922504,-1.1528433946712375,-0.2580524069162332,-0.4625038821472316
-0.49811369782947074,-1.1656391305109115,-1.8260076013885753,0.17820481385235176
-1.2032989611956064,-0.2647699283448732,-0.4617223166537099,1.6786002362211287
-0.9220843636416514,1.0186759482353955,1.8194510933091335,1.1050961217621003
0.3035334092219737,1.2492409241101499,1.14121516811773,-0.20224032302333717
1.3132317081526759,0.3061480857496172,0.03829762147768867,-1.302778250656777
1.0369943470962992,-0.8482431738007603,-0.8872260585999797,-1.4088291888309223
-0.22499933594430377,-1.3870902112662946,-1.7305925385917182,0.2300230769875733
-1.1328702819773193,-0.609074004092991,-0.30415624440448763,0.39631770395526567
-1.0291193324348642,0.6389177004972347,1.146334719291321,1.504647370755046
0.12033649740493667,1.2705421270081922,0.8253933443231287,-0.5057705446979943
0.9736496348786661,0.6733318768204192,0.5887923982331056,-1.1711565672628232
1.2622346428832452,-0.5405972561792957,0.32529717903111655,-1.1525225909509922
0.15634696796483882,-1.2852350148231766,-0.631715437513003,-0.19772311587297087
-0.869475230904484,-0.8141655454494005,-0.5483418130148954,1.0911921942550717
-1.1993461259492066,0.2462319189878799,0.23243262079921334,1.6902237785854926
-0.3930177600145952,1.2653543025820804,1.3742901540494512,-0.23958892693259126
0.9122530030195016,0.873796532903163,0.6009733430267189,-0.363332390299253
1.1848346902516695,-0.18357148507201748,-0.507279912964026,-1.6147281569363914
0.5212195728755089,-1.1473018131573733,-1.2769276044080842,-0.2735651594480837
-0.6494524979063316,-1.070771316196468,-2.1066478220107485,0.7959902536527408
-1.3383622043475456,0.008493030419464705,-0.12152406948167549,1.1504471244151104
-0.7189388116642572,1.0148963769856434,0.9490538472373294,0.8525839627255627
0.5276675691960264,1.2037363348247088,1.2417641820909275,-1.3146735691281985
1.3034768040780962,0.22599412267970323,0.09931366296696331,-1.4318034317399178
0.8892004014276714,-0.9594904874727161,-0.8036962856485386,-0.8787514472597091
-0.3015677366960306,-1.1020693842411382,-1.3503611331379202,0.4866206662569361
-1.3017756765887485,-0.3373903121545041,-1.0866775924840255,0.5029396056930269
-0.9873978658311874,0.7691861761291714,0.7912901226476549,1.070465722902783
0.20702148198392345,1.1989922078500945,1.656802836449082,0.6735640912173768
1.1290133290731776,0.5536698679845642,-0.00023635238649011292,-1.430345674531858
1.1957388012103518,-0.6969776962006686,-0.30623910950684063,-1.4030674317933538
-0.06914882960718435,-1.1395712306127221,-1.146271595384958,0.7998271922059141
-1.2190058528547503,-0.7647492795282655,-1.1921033693397354,1.4503791073393095
-1.221821370831004,0.6143138453295366,0.15404458857656955,0.18794746074734858
-0.32022724312749196,1.4075021897996691,1.0789346955311587,0.8046733060333555
1.028388219897947,0.78903796698233,1.471847387718203,-1.0169749136645927
1.1363975214690663,-0.3178710023326701,-0.6003944815843576,-0.7061039849467023
0.4200711456738654,-1.2409525833586834,-1.5676048445883128,0.08426920588433084
-0.9285628103990502,-0.9834581389681916,-0.4380654544358431,0.06889523446150292
-1.2869236665132884,0.14537323331173077,-0.07906821735416458,1.8727350656134434
-0.4827293317961017,1.1113132375490962,1.143883017675854,1.1588323209319507
0.831831570115086,1.099973618015214,1.424970817140671,-0.33444693835590955
1.2041125254254081,0.019688043444216298,0.188628593495338,-2.7344961252754945
0.8100180145237617,-1.0364623762612386,-0.4161676972507422,-0.7561905349122544
-0.427406518796647,-1.026075374305949,-1.3495577141036075,0.14438946685916387
-1.315800684027028,-0.1800992277434604,0.3522520492324621,1.1519005786910754
-0.8622544902402013,0.9858940021310824,1.191243537522713,1.0141784020636329
0.40492478936378934,1.197119898053049,1.2537530295666957,0.06489372434505647
1.1982431356124787,0.34482337957972975,0.16632344819949574,-0.9638705713415271
0.9310088880689932,-0.8030200513840464,-0.679719141470177,-0.8232926868721918
-0.19468307718623526,-1.254516354608155,-1.75763133371405,0.4961117077335464
-1.172493296168191,-0.58339906142003,-0.9568793738801395,1.2924264438874946
-1.2026204493459924,0.7001974494029324,1.860810252549372,1.5587475570001519
-0.0905541114292262,1.2992110657507354,0.8075517862486781,-0.5114132567361462
1.043340224085481,0.6122138396041293,0.7285354622439444,0.032496811660988056
1.1502384914669095,-0.5797979181475921,-1.0104296274125046,-1.2213801456922029
0.19526377712645152,-1.3386395203239032,-1.945911832183339,-0.15209107003052447
-1.0136111596438317,-0.8803924983506288,-1.292780875235604,1.6669741575111974
-1.1676678420419049,0.33494879804220457,0.9902046298168876,1.1446301254294062
-0.4248405983844684,1.2039830355056698,0.9375700081384081,0.17191110673190346
0.8365053917027858,0.9544985883130521,0.8750712998333243,-1.038147476417554
1.3155167811145847,-0.16942085099251336,-0.2841865460083226,-0.5569988539153584
0.45326993722799025,-1.1922476893397753,-1.0971802498883925,-0.3187102068540315
-0.6857593249373881,-1.0653944701935523,-1.399527199974906,1.2576120283502046
-1.2637846026882618,-0.06155404087255115,0.17239464043836472,1.4687950631457154
-0.7880966987057326,1.1020830306564413,1.2346557509644585,0.8063376448792048
0.6005801372190811,1.205656862012414,1.108223558046465,0.2306519301228338
1.2354992981519797,0.16960300656932795,0.6070856912228606,-1.3511383380727706
0.8516901155465875,-0.980496417415786,-0.09585268681739867,-1.1807204325566578
-0.4196242287081445,-1.3271872291105382,-1.6276026179710152,-0.19317489310413882
-1.2216112116792146,-0.38606546832343036,-0.5009281794567699,1.2243902175703485
-1.0331003687779272,0.9080481090499133,0.5436543997976595,0.3418606572401067
0.20230764781307692,1.4596124495439935,0.8625630717427942,-0.47610818648349595
1.1673378248031854,0.4865497206454623,0.31588136043940285,-0.82790261640544
1.0451340398429085,-0.7396130851226334,-1.321107072854895,-1.391422992237893
-0.017421161981295057,-1.3823254159941858,-1.9168144402660576,-0.36771539723424174
-1.0825433185770958,-0.863234675622478,-0.9051066357873283,1.2987059057147066
-1.0977600072458722,0.5801329451971868,0.6220095413766302,0.4846630206738925
-0.22798507763091244,1.2844722868228224,1.2865957969361146,0.04127704683471123
0.9924930173561345,0.8917498194364285,0.015198336319836026,-0.004016290304418857
1.1700061993922692,-0.4504081785784933,-0.7129821675578452,-0.9696017025681167
0.4477110240399892,-1.2977711709402073,-0.9254554801188625,-0.03905924605507316
-0.844531231705214,-0.9966607703327074,-1.463868548997022,1.0881039494242166
-1.337559562539201,0.27082411149953595,-0.4073373270903269,1.5701195208544494
-0.5486005249226122,1.2024771287731189,0.7980375483824228,0.45262281700720775
0.7408628108378968,1.050591046687353,1.6996673665900013,-0.7572011134425427
1.214492668074372,0.06977995297303802,-0.3071030750939441,-0.6961110613072237
0.5858664279887825,-1.0477276871029633,-1.3014118822642244,-0.20026000006281186
-0.5003990082191397,-1.2468288066923243,-2.129291246381014,0.5964527691591381
-1.1887780989581562,-0.17450188379662276,-0.4759122071383448,1.033813708163786
-0.7028778320467262,1.1228990861438974,0.23215852900138445,0.29005232925771895
0.4888245579850816,1.2651610003566571,1.4315460109542293,-0.5293891601311584
1.2705175967213542,0.2117266242943065,0.3164955814388193,-0.9249469463546948
0.8536669088058542,-1.0085561440405728,-1.9353902691584868,-1.0914163431290724
-0.16095542320142497,-1.2276020068410878,-2.321497183029227,1.574624721104383
-1.2385833053727069,-0.5848047619562495,-1.0814667826884539,1.2326306203566695
-1.0436486126706683,0.8058730202921415,1.0195488580607097,1.3226070392728044
-0.032436703353716595,1.4190910494733204,1.3396035700858129,0.26873682657343134
1.1185641362428576,0.6570193986493058,0.05411054534756099,-0.8055403640306802
1.1636293126627009,-0.5687886534818746,-0.9280750991914222,-1.0827548690376758
0.2518693146508132,-1.4035337590410706,-0.6789467849241632,-0.4095689543509229
-1.0677485325149583,-0.8772366065055612,-1.2687717070712994,0.20361464137255425
-1.2937952910645008,0.34750745227541835,0.7120548901248003,0.11578617562541804
-0.2949479104292581,1.3444053810295142,1.3328165698142982,0.4901721405539827
0.9348133163900272,0.963915110633045,0.6688504493960529,-2.036776576182014
1.2851280020794984,-0.19503275588920696,-0.14651813207067765,-0.6152036448208698
0.40820407995296165,-1.1614035300675014,-1.344235578014772,-0.47662601725393827
-0.7278089903442556,-1.1365944477691186,-1.3607063131279695,0.5320515324677405
-1.3385945871320482,0.08092555365539511,0.3395383213740688,1.1257211528922004
-0.6725379145244942,1.0912604048257608,1.1071356034519952,0.9263767249626442
0.6240554877951877,1.0825742087279289,0.36222268404998703,-0.053945665981945945
1.3375868586817494,0.08583425644506562,0.6170376868676475,-1.1467448444855168
0.741889526965681,-0.9059278145800683,-0.39969043881491584,-0.778646642660924
-0.34368033951292065,-1.1620635539318915,-2.065152523507384,0.1464610039343639
-1.2303782021008045,-0.3474957460532967,0.04724541230885504,0.7550363621054459
-1.0034432452055084,1.082196930902908,0.8520287669716137,0.9104923922071573
0.13726032885871936,1.335164326855681,0.7164166459023341,0.3028964038858861
1.1865545810238542,0.33048478578133733,0.7696760704742966,-1.4892237526159025
1.160544538661208,-0.7014885185209727,-0.9211203793656875,-1.2528014870662285
-0.019304397912185734,-1.3324694373055554,-1.3560241573789036,-0.1247121503592874
-1.072270422155027,-0.637071810433685,-0.7865695882748525,0.9313700160968041
-1.08248109898675,0.6060022078393356,1.2796090044929265,1.0213317312179033
-0.18032404063494245,1.2501355474769769,1.2803698124232878,-0.5045821145159723
1.0367483951907552,0.8735402205850182,0.5674673859946527,-1.8941071819763227
1.2872168245806854,-0.45593601104094594,-0.7431898546433324,-0.8614557151366636
0.27183234031911496,-1.2617577488752352,-1.5051124437082324,-0.03317204736832391
-0.851897125780693,-0.8377767861977885,-0.460053722485379,0.6231285012222826
-1.3200131319100077,0.22165656378241352,0.1637553989602214,0.4815257989359184
-0.385326598524345,1.3148390931200804,0.8973648250949418,-0.01773621086164412
0.7277714659120441,1.0661581238393414,0.9351121286628034,-0.10223658965902604
1.4472777350055,-0.04701869523337679,0.2558672497945025,-0.5895260725601792
0.7001712585221833,-1.0066750724033673,-1.434124530615593,-1.077097525928219
-0.5920013104737397,-1.1791895704472144,-0.5874309559514762,0.2908213357705203
1.1091259306310313,0.169480671157013,0.5295563461278818,-1.9197608542004685
0.7542265397280653,-0.8927838830866165,-0.7319579598398951,-1.1797197210205124
-0.40167375832860236,-1.1279857268393294,0.004155830321507237,0.5504490454592287
-1.0834868410911325,-0.4117126217642003,-0.47671436073206397,1.5563607648709612
-0.8756191715119301,0.7724881992029974,0.7742475054885339,0.9555479363869823
0.22721097741791563,1.0813813919587383,1.6010526854952583,-0.21330020270630023
0.9280464084898842,0.43931801854759606,0.6285486366493909,-1.6588349763288417
0.8756959908525013,-0.6103183303619897,-1.088631141580202,-1.225789749496401
-0.0838849646673776,-1.1519586710552834,-1.175968258329867,1.257817936993586
-0.888017491320053,-0.5657118278490259,-0.8237758564356662,-0.008571210504573767
-0.9752939410811132,0.33467188260637915,1.4148216166149257,0.880769865711275
-0.14075139189513336,1.2321290190723377,1.1993732925675786,0.41145122765602227
0.808116831694808,0.5800704308378457,0.6733292145451225,-1.2144412140655751
0.9637789812070122,-0.31655476168557856,-0.8710291937256404,-0.06366054766909823
0.32127661420388265,-1.0413177977671724,-0.5295066980973523,-1.2071064024276295
-0.8081275048445309,-0.6772313173217545,-0.9993465150853181,0.5446237247935692
-1.0604239885724591,0.27907903239648507,0.07066217653136087,1.1257709085289485
-0.4282791560945467,1.0715951584660008,1.086902071322783,1.3782923973744436
0.5642250618192947,0.9286304246167117,1.723571433510263,-0.6556521963816214
1.0675387001492256,-0.004315709022485119,-0.19706198631333938,-1.28296247285604
0.6050635979837021,-1.0433438950718505,-1.0076633137806852,-0.9077262249723411
-0.4339556596777547,-0.9798293125602173,-0.9542069206138809,1.3907423328001727
-0.992871767310843,-0.10634840571110135,-0.7675213633527972,-0.07360269487293493
-0.6625640313307687,0.7974043020562512,0.9353125195265738,0.0530861568017621
0.1742330982070953,1.0338305768551457,0.1781057171755708,-0.1188268695758854
0.9594961965352523,0.36652491653511216,0.8256540546231772,-0.8740196747001477
0.8154583580257913,-0.6989725458215525,-0.6025206219258478,-1.0632519007704233
-0.24912649513308913,-1.1835602146474777,-1.237616768226422,0.7861702009892985
-1.040438048440721,-0.37677625473034765,-0.08431138021757656,0.32323210535876945
-0.7269354915854362,0.5122536114214141,-0.270051770271697,-0.6684196724825114
0.08189069411394176,1.0898104042897196,1.1317029887358583,0.40992600653820377
1.0499391460751015,0.5194720709515256,1.4859464822445467,-1.1616615672956538
1.168140234111947,-0.5022481930185674,-0.459411493047136,-0.5388217959652716
-0.0322287522582719,-0.970139294578676,-0.14145989394663133,0.23851083140636553
-0.7967095793416914,-0.6876840446172987,-0.36252149262462563,1.2277382381027513
-1.01766545502691,0.33028812553687237,1.1411752402973474,0.9208797731198413
-0.20805572144657347,1.095526651170549,0.5460592348677104,-0.6327142897812676
0.8368204421612779,0.8432267446831124,0.7703924819512997,-0.7074085488072229
1.0059380436409016,-0.21760605224630827,-0.48960902267972783,-1.3395008171423528
0.45760438854376384,-1.0213609825094092,-1.1198922002698535,-0.9673581534799452
-0.6125118008565068,-0.8900262159321763,-1.0123638174643463,1.0235549243708797
-1.069669136221256,-0.06587232260159412,-0.23707772239365155,1.0892072756010958
-0.47428429607492933,0.878389719050431,1.8116441201915356,0.8477090846985891
0.45708711215590875,0.9706756178926169,0.327023309876526,-0.05252554810855514
0.9159797535560382,0.12564271355140302,0.46786774137734577,-0.8936137298328015
0.6775023572798664,-0.7969435184658165,-0.5926772096100408,-0.4595190927274817
-0.39483472079051607,-0.9719226084619905,-0.6315124058815524,0.08211226709349151
-0.9755864461941591,-0.1636492809877409,-0.6315810625840951,0.571681054917263
-0.7272925201087952,0.7982771114305951,0.25325612911384077,0.5473598638479643
0.2653862088367394,1.0746367657476044,1.875336455784088,0.01152067324505568
0.885319270318628,0.45248318824499445,0.5346364118978492,-0.36025290039876284
0.8250008669415083,-0.6869866920974962,-0.9294862273053911,-0.7445612779869034
0.05538655976459218,-1.125543213945883,-1.2612803590811452,0.641146778055216
-0.8480267970547442,-0.5635719335456248,0.01109786990627859,0.5472507147793915
-0.8932065183316397,0.4589347555858779,0.5244507140750537,0.12100752524123182
-0.05454551915308186,1.1244289686202802,2.4868772650311026,-0.10703785186199744
0.8110269623255901,0.58734159736186,1.2842953607033174,-1.308191212890109
1.1032225517591252,-0.4246684142921229,0.2930094853041254,-0.49222085585594266
0.32657574946296086,-1.012114736783456,-1.1062272648971436,-0.5383421181183551
-0.701698879257494,-0.7435479945306414,-1.4563958267520443,0.9061539237682725
-1.0094053003486247,0.16715106739544938,-0.5620186008380618,0.5012200145856336
-0.340020519566828,1.014434155046527,0.6579100035223625,1.026957188134372
0.6342903452113804,0.7872237805449841,0.5847584026531533,-1.7938638197684442
1.0614764029010815,0.0612921444155273,-0.44697926959605394,-1.7586277818045548
0.5226555673670044,-0.9762760063643371,-1.0349292844014502,0.2348495864101413
-0.46692787943820796,-1.1471806976435892,-1.1285964761300653,0.08125396934876516
-0.9286435388265517,-0.11348535635971486,0.27759980655062577,-0.2386834565033722
-0.6354043962491842,0.9238864663103084,0.4164954333338894,0.8027660044369023
0.36194078945678987,1.0576282653967919,0.45041275499211275,-0.5604545807901051
0.9689203413548517,0.2574163040915232,-0.10817196513550287,-2.0619772585968033
0.8009804018770639,-0.6806330537851442,-1.3388856474883082,-0.9826818839788515
-0.1518567755138463,-1.0776246316199491,-0.955607440803173,0.6091102282889527
-1.12434928298991,-0.36925984363744996,-0.2742616815182436,0.9834388294550955
-0.9146476347499447,0.7116163004576385,0.4344944451371263,0.9141260838304882
0.19486287867112329,1.0374061124169591,1.1328354273613765,0.7392746424374913
1.0644904925610998,0.530833051084698,0.7470189181745507,-0.6522241959842364
1.0330470189955336,-0.4975362721137441,0.8034124428893757,-0.3858902016080962
0.07039042304777277,-0.8897515117300168,-1.916191100856247,-0.2777940745489105
-0.8198744783034161,-0.6480807100380028,-1.0464566703280036,0.9403229422808257
-1.0416319613976743,0.37960159812325023,0.04274830531563967,1.148683086695701
-0.31232377292891306,1.1028692523158485,0.4367318872075468,-0.16675964239347363
0.7969201981042707,0.8385459615795151,1.2863374488306594,-0.3918375399274221
1.039842637365407,-0.2597817157913646,-0.8923639563458513,-0.9353731833957332
0.38612499687507107,-0.981991939239266,-0.040941935852836786,-0.663848191644954
-0.5867480882988723,-0.8216218728253101,-1.3712103253949333,1.0090173970201743
-0.9858959635760502,0.1797260037240839,-1.2004057742024536,1.402712962915457
-0.6239334575305396,0.8088592154490288,0.7543660917347508,0.7011395619765137
0.49819924997302273,0.9834548864274038,0.5026123081930212,-0.20610567604672003
1.079702001391465,-0.048130992654008095,-0.005562022622933593,-1.2154615918611427
0.7193651897803784,-0.8864232083042511,-0.5566650755809577,-0.9100112708393238
-0.2444283998323776,-0.9673830387093085,-0.9737872593827007,0.5924936755921784
-0.9553636497917799,-0.1452782339854614,-0.7050193290423434,0.36368554313614104
-0.6044393938211169,0.7230425201147951,0.873969399219493,0.6967158530998152
0.18025176556272465,1.0999301563143045,0.7779883347340136,0.1984451171129753
0.9102155136650697,0.5202698644744356,-0.15880566334532942,-1.1507145616361436
1.0104415405740081,-0.6260376554977202,-1.2605817855739443,-1.1095988438756812
-0.02274615912594649,-1.169085014328177,0.3244217917576684,-0.24183100198718277
-0.9084978628744366,-0.4826393459942028,1.0108566218529558,0.8331631927405153
-0.9650607810907239,0.5052317008084561,0.006672151704235629,1.5917124028938359
0.022748806469267788,1.0458774639321318,2.08390885939313,0.22665647960055435
0.8238712432183303,0.615202866309452,0.9687409284032478,-0.9841537085764324
1.0419561172103529,-0.36896390615614644,-0.7281399034569885,-2.1401102125399474
0.20003117787607458,-0.9875997505362528,-0.9597401991750901,-0.7584663428148369
-0.7127742647523502,-0.7858312654361665,-0.6500443981205362,1.5080219791481098
-1.1974294293042687,0.27112056124729367,1.227642074722357,1.8869350892493304
-0.37423428489769506,1.0096305918057717,2.1544678991439197,0.6535588606757803
0.7486269666004218,0.8987906016644149,0.5820209253360098,-0.9097305226930125
1.0476496263517983,-0.05010472362695231,-0.048123590637796365,-1.1912699889999667
0.5853086916345758,-0.975688889782513,-1.0535624680201308,-0.48217996654008943
-0.5385444056714783,-0.8383736683393033,-1.2122050639035564,0.4221008352552652
-0.9680614808365571,-0.03480189005391814,0.5019176344223752,1.7291279415025758
-0.6489646791797373,0.8096108007318702,0.7565346983825494,-0.01714236636514266
0.31325263005970266,0.9708214132845068,0.030592684734199738,-0.395571818189453
1.0380058789624058,0.3470213800522821,-0.2877701593609727,-0.4122932821338779
0.7086307450182806,-0.6930560441184029,-1.1471799576344965,-0.40623882649188925
-0.2304817606530475,-0.9697734078527033,-1.6525755243251106,0.0379461784691959
-1.0572630638923732,-0.4537496041048306,-0.8541996186735396,1.2046986817858756
-0.9660980341006286,0.6345072080459607,0.7037416596309942,0.4496442530546463
0.033642458241412654,0.9923776148887912,0.9185516766589031,0.3911822929353015
0.9182793012449415,0.4010166166659567,0.08460970131782652,-1.0902729711628372
1.0237964050198025,-0.6008494206919408,-0.3763110365188982,-1.093963956985306
0.08268808745904344,-1.0152485351372644,-0.44211004007043514,0.18239117267593863
-0.763374455723385,-0.5902906489468631,-0.5681171182773204,0.2540545954664053
-0.9420554180565093,0.2962275413976892,1.150942624539918,0.4831296005703825
-0.09920911789432076,1.0595063001289406,1.6598873768310596,0.10806749106862856
0.6711539847778502,0.6460285294521712,0.7677102599432545,-0.9253873373900912
1.129222730623066,-0.2933677450920222,-0.4052966217824494,-1.4935042187010457
0.2799793300394048,-1.1448699238798972,-0.7472190141348134,-0.6924085304839617
-0.5990151748416048,-0.9012871036806935,-0.14711327656179385,0.9688482102355106
-0.9206082998317039,0.10517288302547219,0.2938489975735442,0.7328865318526468
-0.40879005269417507,0.9517950243563902,0.8558089407510352,0.5997887464110901
0.5573057315127831,0.975298435330134,0.04787470297190455,-0.8102674923689757
1.1605730275273898,0.021174200204908226,-0.10568436425980265,-1.446608690376821
0.5484228162624506,-0.9066889941451035,-0.8367356192288372,-0.15976807150151928
-0.33855660750356126,-1.043204709847225,-1.3131429461633988,0.23849635781947764
-1.0922120691186201,-0.19597487454639675,-0.16699123405349514,1.3747070246158326
-0.6197809207994784,0.6409256931228782,1.6239259128406158,0.11478155599386031
0.21064496395472146,1.035818665317036,0.7461082118280604,-0.4564488406667322
1.0569745068198118,0.33130606328522966,0.48463478697203133,-1.4800020064766577
0.8094314717162624,-0.6511736213036523,-0.3674387256913858,-0.833064913937544
0.02513622943299186,-1.2082536924083764,-0.7367310465023574,0.8819937185607274
-1.0254802530562281,-0.5460630359972919,-0.32118972347146113,0.1945032889735998
-0.9904233877219062,0.5988829092230654,0.3825002747479911,0.24280875826508508
0.0813346816927972,1.020497796074529,0.8232780699382732,0.03490454851427516
0.7196589591200598,0.6752924690437254,0.5620439119656367,-0.024532997182863392
0.9042707020855392,-0.397581126359747,-0.9891145896642378,-0.4695064872875615
0.1866396991586258,-1.0844476602220878,-1.838878780086888,-0.3296784957653709
-0.7839623405427912,-0.8292065286277509,-1.2066252597663008,0.792748075374225
-1.0078096509130992,0.14074377803040072,-0.220884630282987,1.263590722879114
-0.33994489611375034,1.037879785980012,1.1905025390965103,-0.3311866267812358
0.6120991005192381,0.9448467960718625,1.3211584570452466,-0.6929011332379714
1.0269502361827665,-0.2440764750622377,0.031847492824875756,-0.9280507129888971
0.6203382528495412,-1.0220009320511871,-0.6417196373743844,-1.1517689209911546
-0.5100120381951855,-0.8795287840880849,-0.981124366509746,0.6839474179525101
-0.9831074335025238,-0.045838953200762894,0.06697770866547659,0.7284387576272707
-0.6045786449641468,0.8865460795253365,0.9947165829777777,1.3801536232634852
0.43784551240569014,0.9822708391477583,0.8387590730762681,0.06703946364973623
1.048067062498836,0.09658569077911615,0.7750831628005134,-1.7694360060744523
0.7186351081371225,-0.8379575679968796,-0.6061120947566578,-0.35893819919803227
-0.23437956780537605,-1.1315836610433592,-1.03704632529336,0.6579367184211821
-0.9075443452260391,-0.28095283054987774,-0.08930466939556236,1.3071167388912626
-0.8463056442527557,0.6602694894629128,1.0674128765232804,0.02957793675463727
0.12047155570253512,1.0647100087887722,0.994098104165744,0.36691713637319934
1.0039165633303646,0.5437406347233116,0.44708036738471624,-1.54317300097868
0.9076787290767,-0.6062194403229322,-0.4959710438616144,-1.7201396823879926
0.17444259276419824,-1.0995874809627066,-1.5102506618532685,-0.7342878832058441
-0.8774339359138487,-0.6347393733987012,-0.8497481874977636,0.40973897714451757
-1.0276308519050383,0.4998176049107642,0.8454981794405636,1.6379576680265269
-0.09203047126895032,1.1866668437098462,1.1860518487137506,-0.3348673105617639
0.7962604485098665,0.7479885020410433,0.7917869192228161,-0.4261294495074519
0.9577570753999002,-0.32140800893981003,-0.622241846674953,-0.6138253052562517
0.45940016303215664,-1.0610060130171852,-1.2862410689675468,-0.7514085018772393
-0.752512403857005,-0.8354345327203445,-1.4168440642494178,1.3526511572694588
-1.1395605786002603,0.022863441982429553,-0.04537003098807557,1.3507230337653642
-0.4146996178598646,0.9956659883501392,0.5938058098078364,1.1108625453482723
0.6804585280698431,0.9899551415424827,0.7801957715805979,-0.8273812870573832
1.1409976952767338,0.0729320671742601,0.16220412476280588,-0.6304913962112318
0.7036011995865583,-0.8922951591586316,-0.48923285380348847,-0.6991637358011055
-0.376425221023534,-0.9539134080048571,-0.8778077353848607,1.082397042753781
-1.0529790155671455,-0.14495814923407305,-0.08513461887186158,0.8881343357227361
-0.8443364753275061,0.7603622121022731,0.717448065893922,1.3034072969735893
0.2561494746831211,1.0312374982132027,0.7251490310831354,0.16717847425680943
0.9028199202834293,0.29770849889879825,0.2768578669253363,-0.8233315707149667
0.8000072294874252,-0.5889468175149366,-0.9585121172459932,-0.833902310542885
-0.12085139059819526,-1.1072449842307972,-0.516193817295263,-0.33308652772760294
-0.8997747329547434,-0.46768845885941773,-0.5493432909903856,0.6615608759248481
-0.9906199790918224,0.62188636216727,0.3552154743323388,0.7940761830916043
-0.08064095100925452,1.0890637467343296,1.3014948203120273,-0.1907124955808953
0.9056214360010435,0.5036465415801643,-0.17317667736421904,-0.667564433848147
0.8683138260418657,-0.49045129947740335,0.7787014271689408,-0.9509645691727592
0.027699286944571827,-1.0163310138538508,-1.3626985008284611,0.4236083159851467
-0.8118652313054227,-0.6941822598456211,-0.24802502505726798,-0.04977730205698028
-1.0468722821100187,0.22455959434308198,1.0321431983252354,0.6755404253421173
-0.4867038806143393,1.0928775978708498,1.0668433301901405,0.18754862598576616
0.6896308365201881,0.7610169635972729,1.1523845365635155,-0.7802826966945331
1.0115218739368477,-0.16536691693398045,-0.31191591068170377,-1.6316323573598057
0.45641235033086003,-0.9516347469641829,-1.024373097081626,0.1576611052734822
-0.6745460821892909,-0.9014596093739989,-1.771295927599509,1.0456351015186165
-1.0793412622149339,0.13280862510712874,-0.5077143851671351,0.2995837436105293
-0.5681544374661796,0.9426883412974686,2.078776812618566,1.4169512509927134
0.38588349177535936,0.9252127118860844,0.1270876528884593,-1.096096348484451
1.105999260505003,0.16089537484618943,-0.02508132070099922,-1.0606979927574773
0.6939042299510555,-0.8281167942667499,-1.3113290644357416,-0.43388429938862216
-0.31227453257048954,-0.8997857479783651,-0.8850531990376583,0.5211932551214343
-0.9603253118185374,-0.2640510476157816,-0.8536051057664151,0.9330999584616114
-0.8233478397092805,0.7466854331829272,1.340036881875271,0.5626906434405837
0.20282152720067342,1.1809761013444533,0.5356634698350361,-0.8963062170214542
0.9193686475344844,0.4620761737133804,0.4723360895220813,-0.43700103484980074
0.8409624042215436,-0.4891061258592795,-1.236235027388829,-1.0603442826346954
-0.030698746724254277,-0.9536946405811222,-1.4165847148248112,-0.31003627458167204
-0.8784358604383252,-0.5894578460218377,-0.017584126533633504,1.0221443878267216
-0.9865027375900568,0.4160905013000201,0.21991393482571508,1.779678378251724
-0.13105881252572865,1.0034722670116174,1.3954171798101416,0.5156338061306998
0.9843128657442094,0.6588301886014636,-0.3708123046370454,-1.0482196050636272
1.045095944057636,-0.21561495369839118,0.09046770716036212,-0.8204367382216726
0.4070651960332742,-1.1122162905419424,-1.0022435961576988,0.5520591234618283
-0.6334716036193003,-0.7656256064625063,-0.17223487361734013,1.0017664419132266
-0.996003333962334,0.10348248448516226,-0.08462746104071717,1.3470007231743832
-0.5217057966434046,0.9956554745978559,0.600278300086744,0.38976625541077836
0.5086451565812626,0.8650020662659386,0.657031981561636,-0.2268102812283862
0.9903057793103051,-0.04217858045287075,-0.41498913997210396,-1.092680618950335
0.5778650046662822,-0.9651032309578199,-0.6794246563815032,0.7462182431497361
-0.44817030986084844,-1.1335382473633022,-1.1040898588453179,0.7683857082978479
-1.0411639595668147,-0.0790712417325852,0.3989564722899286,2.6399056810504278
-0.5986562640228608,0.7644893856334891,1.0340806679307362,0.6486791249237955
0.373434287519034,0.967171825132242,1.3097613260695466,0.5255586173722715
1.003175313072707,0.24508009633181072,0.69351530342667,-1.656735037768176
0.8121255610417197,-0.6880912894223362,-1.8304065179023898,-1.6959758462250634
-0.04537117713326791,-1.0766096116647874,-1.2920707965685911,-0.4669957097799149
-1.074690837065721,-0.6575701082563803,-0.9747283703792237,0.8358535155772728
-0.932963406596283,0.4941671349941602,0.9695648144135915,0.8137349162658388
-0.008989282727113534,1.1206035534752878,0.9240907964729863,-0.39923827990926974
0.9738123860710517,0.4911205181861634,1.3994195228802258,-1.6844525658589065
0.9091665605911112,-0.33869699123727626,-0.677601679208305,-1.4780928829073186
0.15599461854439325,-1.099651229003015,-0.7891855186780472,-0.1747654833628115
-0.8263135630108642,-0.734436132546457,-0.4921588201070276,1.4157064214404924
-0.8599926113955237,0.3068665692981184,0.7373871980020136,1.8188848384085698
-0.2713926657332946,0.9762132935569372,1.2260318406100124,0.40764478014707173
0.7550294614193706,0.7865833408885151,1.417717931690795,-0.5927521971806105
0.9841293683643532,-0.18188928599833493,0.19597868705904298,-0.9699001300385616
0.5149657044069713,-1.0515771333679973,-1.0968230699124653,-2.0870243059216906
-0.5785081836627312,-0.7477989922142705,-0.9849998992512582,0.9303194358395267
-1.0330564860302134,-0.050844644633434605,-0.9813404581496488,1.5289777472595483
-0.6610737698303052,0.9200762408430843,0.5218928365099235,0.4324593197009219
0.3540149011020276,0.8873564529396074,0.8800533940373958,-0.4682957687347389
1.022775716121659,0.10215343343507913,0.5693283290634693,-1.0327365945388338
0.6462547055113839,-0.8369427045681858,-0.6518980765321714,-1.5805262345856352
-0.30609646221194686,-1.1335905295054656,-0.8152946721124538,0.09189905095993933
-0.9792700361966694,-0.34221553692433343,0.14101131928634825,0.954764633248524
-0.8490700090692052,0.7499737301761218,0.8537302793104484,0.7310067491153244
0.12099889465936463,1.067697399465763,0.8716606710932198,-0.7543696330444327
0.9323413670917109,0.32164596085752895,0.2099510309436925,-0.8906158024183488
0.9699051665490153,-0.7198072679031414,-0.9089954042137105,-0.9985907301934862
0.04250799918341808,-1.0675157874990957,-0.740012672022618,0.7818416225968683
-0.9015000871480344,-0.6856136401352578,-1.16124416529503,0.9961781249567925
-0.9679712195480649,0.40375792691364937,0.08547987009012104,0.5771557314229664
-0.3092755366660454,1.0513557966747253,1.2832926421930884,0.2440409300544366
0.7989618105962923,0.7088926325743881,0.9563327587879339,-1.044533790276535
1.13216037782603,-0.3876579952621619,-0.0979591767215926,-0.6108077017029868
0.38588397302896876,-1.0867145021877105,-2.257649831790238,-0.6163211090650061
-0.7776908670207509,-0.7717443338667396,-1.1104712684354323,1.408161428074907
-1.1806590331428644,0.09732070080333581,0.052713838579915295,1.1885095183475465
-0.4011612296486209,1.0573033586856455,1.8174488612646666,0.23591285211198132
0.5917063114692653,0.9198349993421675,1.6802360233940339,-0.7706643374187672
1.141278831042437,0.16665085748803235,0.30817241221684777,-0.9163461732822138
0.5851575210711755,-0.9091126988861227,-0.8377970839593198,-0.18296955458791175
-0.5009653144561809,-1.0283919941099582,-0.518360192102639,-0.37761672854527695
-1.099454193118359,-0.2563004153955281,-0.3612241406498229,1.2681391866715175
-0.6327573896202295,0.6850116306606377,0.9515985587154308,0.8580843333537452
0.24520549568844144,0.9804260039067855,1.6979565981122862,-0.3094014317019056
1.0228952754485916,0.295090542286752,0.2713819734638123,-1.1525765880474843
0.7646390949705547,-0.6367808557560682,-0.28336413471904076,0.500942070724022
-0.2168661667349714,-1.0397367455588375,-0.8834476064452162,-0.018755893134215773
-1.0032160229020313,-0.5070573832181478,-0.36506486588063436,1.7706538096093805
-1.0695851102870755,0.6011280723450535,1.8859757976447793,1.494068910964721
0.12535338964975162,1.0031117674988803,1.1172381140304226,0.10664703202408976
0.8900269262187067,0.6077723703902188,1.4588228102516498,-0.4847752691288537
1.0490385058555052,-0.43740322709633495,-0.61651698042267,-1.1688081135362398
0.19355079006355413,-1.142250836258941,-0.9245153595814004,0.39017721964246244
-0.8149196613020536,-0.6572078558197388,-0.39386165562013187,0.5559341271079438
-1.1438182151910905,0.35118197955569275,0.4023811438965452,0.6811630626510886
-0.34313907818440254,1.122710692828288,1.309786650322781,0.6183745017304415
0.6506524083145865,0.7968964476435259,0.31102837847384046,-0.8250531559968793
1.059559021065045,-0.2582360625310826,-0.6296855941041535,-0.3377286096104118
0.4380575272596702,-1.1118638868170683,-1.331915410479535,-0.9006603766764115
-0.5951849012580938,-1.0071297625491122,-1.7732893615000573,0.9202573217246945
-1.1318732490804408,0.03275912234021595,-0.4580757392631879,0.7780462278872017
-0.5494933842694283,0.7874179156815244,0.834144810918766,1.8269643839281284
0.3691946659127067,1.0690094384287752,0.7893029575425836,-1.4332381430451102
1.068226529594324,0.14918127592070748,0.5617845424496903,-0.8545870729886025
0.6754875197961548,-0.8015330590656102,-1.130341133674987,0.30567290465339125
-0.3151887492063159,-1.0336889817462294,-0.6480639598757681,0.2520289706955431
-0.96570318388141,-0.391850408838166,0.55891871692762,0.5808516668295954
-0.8454867426518058,0.7188675536475821,0.9034916717949915,0.5508952916491033
0.2235634668202794,1.0923736298736302,0.9491112646167107,-0.4679363976456252
0.9241742872439671,0.439832198414304,-0.6985406061269117,-0.9979117918879743
0.7590772315549793,-0.5639360522613993,0.09448493204810227,-1.1144560105263435
0.03476829884859768,-1.081857895077784,-0.6285548604455956,-0.17916914906385806
-0.8465313191453473,-0.6440640505167271,-0.9946513394766238,0.8622669385689141
-0.8848074180082465,0.4393344210850419,-0.20702992400268905,1.0402324830777205
-0.3009423376414726,1.0421069613401224,1.2736437068133921,0.3703218259589991
0.9049816232753447,0.6598915678470902,0.6450350199364929,-0.8507229795604387
1.0654859525203701,-0.1794156301353219,-0.6930158661950675,-1.4245691813942067
0.30185214549966755,-0.9915016916074689,-1.043746430669364,0.5824119378261794
-0.6750966696316805,-0.7964628442696334,-0.1842554311908573,0.9586796572349182
-1.0802648067587126,0.11391154118200955,0.25306907128686273,1.2615421020381556
-0.5364424829488539,0.9575182853320934,1.170679827658696,1.052972963342358
0.6074603605235526,0.8663767560597936,0.6226272190184675,-1.262586516028873
0.9874941367765405,0.03234719429851587,-0.3823065415931248,-0.6889558928260965
0.5767507153589165,-0.9191639990603809,-0.8883097415665786,-0.7138941112912384
-0.5546940510663108,-0.9823824021180743,-0.25202529795719714,0.07770676482003414
-0.9486922429072047,-0.17754493623881878,0.2520007636239363,1.170638979621872
-0.7642666393598115,0.8963477977654848,1.2350538816163563,1.6295054563973965
0.2725375233818204,1.1004072916770145,1.4059534452873756,-0.8549344547093851
-0.3619766921598948,1.272025046534834,2.4943014778827632,-0.3693949394481444
0.8597966174487355,0.8970046509252529,-0.21846475364828033,-0.9642207793473778
1.225647821921074,-0.3380004571969172,-0.2727893503166401,-0.9234872707773761
0.3431867755274938,-1.0923517817756434,-0.5152965859030889,-0.973870355765345
-0.7215384617735506,-1.0111816559543088,-0.797610474790103,1.1093473214291099
-1.2144969094892757,0.14673827970297046,0.21974694506174064,0.7207896153734367
-0.6957558285917886,1.0893652374107603,0.6050032396241856,0.865891854468902
0.5477044935407654,1.0612792005207616,1.1167521090976356,-1.2641456333367207
1.2791003302249728,0.03473407539571278,1.2775100922130445,-1.0846439841424964
0.6593844473299983,-0.9410967066644385,-0.27609135337849366,-0.3262896348580768
-0.5301668205478348,-1.1127010502766224,-1.253136722118127,-0.16999631469717946
-1.2751001481300013,-0.12651051639867017,0.27647920417785965,0.030922842012423846
-0.8659929576882238,0.8114456240781135,0.40069579324870375,1.1540942472113658
0.43270164688669227,1.2515814763720683,0.5627652323787774,0.2659361579354358
1.1770775639687485,0.2352468526870486,0.25110635888771493,-0.9459939989179236
1.0568239199847602,-0.9028469085598468,-0.4477248855631816,0.07820131849112122
-0.11111321565080814,-1.3717719127062755,-1.5132824185201545,0.9685633736786503
-1.2086883198442329,-0.5078540632912851,-0.33183597729577574,1.0212894125850287
-1.0305478826959977,0.7653675417123181,0.9941068067899572,0.769726329502356
-0.019192814847110218,1.1871687338237642,1.1487682383975197,-0.07056169601207696
0.957318354581247,0.6603344614085827,0.056809588260577915,-0.9036353489786259
1.2535989272738655,-0.4550262967183806,-1.0425258529925296,-0.7146007578327281
0.12148896827486189,-1.1697753206325028,-1.366646520922852,0.11180859773780583
-0.9083730466613913,-0.9341257072439915,-1.202645341856331,1.1974971142044937
-1.2071201363663935,0.3489753669164576,0.21599032640876037,0.8164589869812919
-0.3690682571229054,1.276319133691748,0.15615936180453788,-0.3449606304957864
0.8691200442251438,0.8843053355069209,0.6407712343884187,-0.7572773974281644
1.2475640426562122,-0.08738501532646682,-0.6547473701245765,-1.2158373028773553
0.643264129651445,-1.2137109461911693,-1.1692105258919496,-0.6377727214579476
-0.7509712483393305,-0.940309845838418,-0.8234279732862987,0.20820310838319256
-1.3164789306143527,-0.013359626084764969,0.44465638305110966,1.8103983132188495
-0.7259939983967657,1.097372237051373,1.2177193197607254,1.281233514668007
0.5788874829105223,1.1870956030058557,0.9544698116723471,-0.3174147223863977
1.1688544952560864,0.05408882168145546,-0.19646857725639455,-1.2936409731207148
0.834824443134374,-0.9732105469744237,-1.3247654589391038,-0.7439292079226861
-0.4947984847696064,-1.2343139821556852,-1.375310219151289,-0.07732649521980606
-1.2563254189191035,-0.3457321209414385,-0.25974437412601414,1.0847260374974805
-0.9913030745474759,0.8215148153367307,0.9536431717675464,1.2408478037494968
0.2137797674747191,1.3424386506723076,1.2710668520223762,0.7887693745463709
1.2256021235039531,0.5404249641404586,-0.5083209543335065,-1.4258855015032497
1.0383684666803374,-0.7505653735730035,-0.9839338727971758,-0.32292941295303024
0.13956988313312949,-1.2583259538930074,-2.0720871573928803,-0.5557433733118866
-1.1192423752674472,-0.6565937553089901,-0.6553860634787756,1.2976649707559345
-1.1480897160520733,0.5996660846129436,0.7905316264537465,1.090107070285257
-0.1400513363633713,1.265553997327539,2.2600560258808264,0.07727198814909242
0.9699101791125702,0.8351278615186036,1.918999122532904,-0.8829101098760833
1.1626598581174166,-0.3565732439453362,-0.37466366345921265,-1.5203402181431636
0.40820595959200723,-1.1481755641490783,-1.8772775521659273,-0.1587768687680169
-0.7518934393009262,-1.0504542271634802,-1.1613817278142384,0.7880980222079759
-1.2776687994458307,0.09721196444714637,0.48844039112093895,0.47676954400818206
-0.5095162319280542,1.136168731507913,0.8032552411370808,0.8897644319472342
0.5599014466416391,1.069799211720259,1.2051390626895941,-1.2918046100257152
1.2536276729047342,0.054534476554076644,-0.2869959766041563,-0.9027127616769339
0.7593184788963214,-1.0242199713450264,-0.9885985555381438,-0.0985646982114563
-0.5675301158567795,-1.1370842061416466,-1.458260983757551,0.40040900704309657
-1.2571737475384717,-0.2455756577453645,0.5605932952496806,1.2444971646731497
-0.7809906715162139,1.1077628295882507,1.209055977526558,1.2978173547199916
0.5199479746478798,1.1313537685963537,1.6264429390081048,-1.2720823785666102
1.1852729323624442,0.2904063967818306,0.6213752534376327,-1.6732961841217908
0.9237285360353894,-0.7601463605346626,-0.9153081561270027,-1.8222349321538016
-0.11005484493305408,-1.3176600016723583,-0.7131741389192444,0.6649639091909643
-1.1802909290496886,-0.5979764226604276,-0.7707597828659551,0.898395084722334
-1.1013346995936721,0.6439754056818612,0.29270532622568846,1.4812577192743293
-0.03917406550214445,1.3630468058021916,1.3689310371598777,-0.14143939397064154
1.0773980963619625,0.7214398644807298,0.4534401085776507,-0.6863080923595755
1.2636583710158351,-0.5637320530869381,-0.09788517295156951,-1.1702684095234643
0.08771060970027,-1.2409176182859958,-1.8102350478344433,-0.8051212800477425
-0.914790191037032,-0.7567853481977137,-0.6288249136449398,0.8888622564238752
-1.170533537690924,0.3548798864882962,-0.028823052605592148,0.28199720846448423
-0.3567390807966936,1.2042969109066524,1.1719256084838359,0.8596421868432913
0.9498993203389846,1.0180959541087802,0.2736423320777548,-0.49841089512564496
1.34146255384724,-0.24229265811743725,0.7519586717855098,-0.41669080708744566
0.48348729839475013,-1.0771344074047142,-0.6374368247466422,-0.7690606642683195
-0.7853228958399644,-1.0601445869744108,-1.2720310760035307,-0.11318042970104303
-1.2771530320593527,0.04954074388993981,0.07116004343143412,0.8871322804390797
-0.6657832596756033,1.0393084163813875,1.53848867933635,1.0124627216569515
0.5865721687042871,1.1022410260455957,1.2034339516385157,-0.20495356762036843
1.4546793530525535,0.19332735234309875,0.5352604514666215,-0.8675691042661956
0.8385287013529025,-0.8368165912740939,-1.4916805887121598,-0.45515467324706627
-0.30167027766090637,-1.3401286457297292,-1.6585417646341416,1.0316514270051458
-1.3705889920988694,-0.4024486119326241,-1.0190979114189536,0.6754220747343004
-0.9385590378590442,0.7759197220828842,0.8541261142920542,0.8303397134317608
0.19489524547734297,1.2509652864401324,1.7253092429362282,-0.5758222254087131
1.2087933603572554,0.5448253634054516,0.2875825592757175,-0.6199365760979216
1.030703835574933,-0.65173547954019,-0.09778941962630072,-1.5598814635412543
-0.006508292111358392,-1.2632041193913388,-1.2728644117882186,-0.09422603360414117
-1.1498729956021423,-0.7400178698216278,-1.297855537897663,0.9843707944834013
-1.1553083004423932,0.47520643061981144,0.9522136115713953,0.8672273797044078
-0.242531147199453,1.2043860258009955,1.8129104698786926,0.47346253318275244
0.9964369000580021,0.7225053619762218,0.4847618641333329,-0.7532698117144587
1.304824625347773,-0.34695541751809666,-0.0005696840874835907,-1.2309802698471688
0.22229653448880793,-1.19816009484196,-0.9733344000414098,-1.250485365948536
-0.7756683712579315,-0.9685007294668435,-0.9817961656653862,1.1705088892025362
-1.1483009671625475,0.10992468220981917,0.30428943563881705,1.7545240301076983
-0.552443126572037,1.1837961479301908,0.5800762544304516,0.34974754310005074
0.6494041962875071,1.0821296625902777,0.8620359795148114,-0.3302149686682443
1.180698670916482,0.029594703995213047,1.213173711267832,-1.8410668520213451
0.5902576352194573,-1.0085378392753837,-0.21924514230986014,-0.592819894832165
-0.5923262778245459,-1.130837129453571,-1.3842531259930417,0.8699992803062107
-1.2383725530610696,-0.09377039086489874,-0.4414919005322382,1.2039053773332349
-0.7966814876134745,1.0993796664788682,1.1851036598919256,1.2166911065957668
0.3795396496426336,1.2611493791646113,1.406102237476298,0.8626576794312346
1.2022257819150854,0.35616483250403375,0.21489847507047077,-0.9485735798379041
0.9199067435076485,-0.7634315866611654,-1.3331286487032405,-0.9553757403169072
-0.2703403580604873,-1.2559213667254518,-1.0348643687458514,-0.46326882334304376
-1.1332397485717673,-0.5820234304486139,-0.3061713347843842,1.115343114883224
-0.9893545153613322,0.6058228151986118,0.3173668716288697,1.5175300663437141
0.06107286365393623,1.3269462470647333,2.3895446608814046,-0.534249922150577
1.0550174389572597,0.7133567981411673,0.9547772243725072,-1.1504668129464772
1.21138117787421,-0.5906716815509511,-1.032043769686929,-0.9841650104202948
0.08938472456920518,-1.2111882579495066,-1.9908834467474195,-0.07029654338473801
-1.0375088898673543,-0.8649132781543363,-1.5970287526369509,0.8251022818590176
-1.1920354792317849,0.3296513490548551,0.11952657507118158,1.565017645529177
-0.4076079948354362,1.0813128838130366,0.9835515430201913,-0.11169550154302099
0.8098247240697845,0.9200002740400699,1.1171517982467583,-1.5490841953669787
1.2660941433056923,-0.18708398985736086,-0.37840425139088474,-1.253923771287624
0.4649651009441702,-1.16734266448796,-0.26456498629251035,-0.7748214905968331
-0.7701693110878028,-1.008525257898312,-1.249891364020571,0.788188215858398
-1.194807404226755,0.020349861860661456,-0.2978155256589321,1.0956681608617838
-0.7403226279216657,1.2080059536145937,1.1567267863315605,0.5871525194395999
0.580136965805718,1.2217341597055613,0.3206857402758162,0.08043551391169301
1.2906914173244872,0.19006941528911037,0.9718112563509851,-0.5621123616192123
0.7424393416357177,-0.799332649501493,-0.10101348307452462,-0.21760225429651947
-0.40144914900382367,-1.1773884369994083,-0.11040830086600256,0.08077505525543649
-1.2397854981559442,-0.33008737003816063,0.060757216722190366,1.3779526615723436
-0.9884150065047562,0.8020448309098989,0.6242157987310648,0.7725842824087048
0.12308329055230713,1.3142290835841492,1.0815032961570834,-0.42856710365428596
1.161618460179752,0.3983459324992781,0.692094740494239,-1.299547505306145
1.057483753741552,-0.6012261818129209,-1.2164713445032576,-1.2585590912831013
0.1285948613050796,-1.240331573752439,-2.4742252616131357,-0.043484592627991425
-1.0349122704301765,-0.8369637579640402,-0.842889750872351,0.2743418995159508
-1.2014876118238966,0.5195704547175456,1.310908309010228,1.1158819293532267
-0.13331781378898647,1.2606465655609551,1.5669810974067881,0.886705762869171
1.1172891486325718,0.826859702720537,0.20542837370814082,-0.447796908288442
1.1449089917629371,-0.5134532515056223,-0.8724516336237709,-1.2627988770221192
0.2521826371405783,-1.2739164961232299,-0.7391798113728212,-0.29985501069960896
-1.0557266373626255,-0.9432014546909823,-1.4601791736874863,0.3554018222661981
-1.269719163895619,0.24026709413116393,0.12900184101680479,1.8734325124926554
-0.6238043137818173,1.2951900405078909,1.6322076587932655,0.08792531280521376
0.6984094635264804,1.0540760062724626,0.6343766159085273,-0.032552462673232085
1.2733405409771705,-0.06051053296753153,0.961027274480436,-0.8858439850011119
0.5961657573451848,-1.0569594152908208,-1.2672687128484128,-0.7908781206125282
-0.5202139936260467,-1.1442999492296535,-1.9891718003133618,0.5884943405926868
-1.3384748227297074,-0.16076034232871472,-0.003985888174647956,0.5131082852993615
-0.9095098707028519,0.9382102917308374,1.5466996548134215,0.7946207788213344
0.4235181957031279,1.0422380133050573,1.2419595664787655,0.5446374901375217
1.211881596586961,0.3284848103094278,0.5767829617860376,-1.2870433824900551
0.9183214059656388,-0.9628798593308627,0.09111472733884185,-0.5610289003472863
-0.21977738994251347,-1.2159429821640846,-1.7034974224719335,-0.6710143039565641
-1.1897760044156076,-0.4321057650805079,-1.0540051014496454,1.9348233328142244
-1.092974285703845,0.6708238366879036,1.832430141496627,1.967054235312639
0.1657437771652988,1.318472401000964,1.5709040324989383,0.1014583987773432
1.1533130034746306,0.6798462685580196,0.6590331607330302,-1.061457605864336
1.1076855650222042,-0.667064029924711,0.5924436495021135,-1.2751618599984744
0.07268151746586954,-1.2106304299695514,-1.3087300013947607,0.6635470363392648
-1.0942890773428184,-0.801985738011417,-0.8197271344256113,0.5453792066371388
-1.200068162691811,0.2826868962262208,0.5827018653307425,1.8337587502922825
-0.4037202790794326,1.183037003091513,0.7952598276555628,0.4574440323396678
0.8522737028029982,0.9874307558084627,0.8300619551587957,-1.9563046055886335
1.299225183573014,-0.25210487332194287,-0.5884600273207385,-1.4619158076334706
0.46768816880854086,-1.0900471728737704,-1.277998815404058,-0.7431838580948569
-0.6377559693039012,-1.1710850764957161,-0.4239770918177671,0.6616290494661464
-1.307170071475319,-0.043831621521538196,-0.19591943548573187,1.0614027912252637
-0.5422034649293238,1.1285830924127547,1.4993462135453524,0.5629391196228617
0.6186299162627847,1.2266555890089406,0.5387827449896132,-0.2521479173503882
1.1658791111749225,0.266730668703641,-0.5696428585375757,-1.2844026364057293
0.768271373265561,-0.9413045430581527,-0.5024492462228669,-0.6907061293433747
-0.4417197589558572,-1.2271153968898514,-0.888915376702388,1.553422870664034
-1.3011350722406625,-0.301126445349758,-0.3608781148866691,1.379910656281548
-0.941054469205289,0.9202349781451195,0.8317252415237986,0.3771400937906916
0.3416519229558621,1.272358240218139,1.0593747772529551,-0.6714747855730596
1.1672835276275726,0.41610973206265783,0.7626243048640768,-1.1607359430034525
1.0808007464989775,-0.6992847595813124,-0.4497028719006002,-0.6554720290969224
-0.15151175841460343,-1.2580414332342114,-1.4389283027598048,-0.7621302193073809
-1.2706023150594157,-0.5869489600239236,-0.38476596990885903,1.0840146214496964
-1.1354019466687282,0.581170548331034,-0.33186844010394956,1.5409391136838286
-0.1937153476448744,1.2290469776020054,0.5568216560233197,-0.1375426326891227
0.9173206775391746,0.7924256887686285,0.9252966761411952,-1.3848651571105564
1.2688479514369198,-0.5456887515129688,-0.9098713374313983,-2.2065799556297936
0.321589290106255,-1.246551297596377,-1.4666594312678198,-0.14835909944447945
-0.911787177839116,-0.8358551239190473,-0.06472128309000791,0.9472480172346492
-1.2170801649554037,0.23709796589591198,-0.3922483448618319,0.8432737081048519
-0.5197810572333043,1.336730604112516,1.7493212532515305,0.35896820894103065
0.8021556352005591,1.1954893494312404,1.1054533992570985,-1.3226717889482424
1.3230115099201099,-0.0426291070680859,-0.5370243998111079,-1.5451885421240503
0.750361935882952,-1.0242340645058858,-1.171876713235613,-0.2940281397131683
-0.682411788782884,-1.1597496056988787,-1.4334809567675113,0.6795422017925379
-1.1578882264623773,-0.2017066530490756,-0.7203217775443105,1.8618346140980664
-0.8783801152723976,0.8741602217783169,1.5092468841851296,0.34984603174382456
0.3335592645471356,1.2776458862883697,1.5375714288048896,-1.566092624392883
1.1240889406761547,0.22952018297434912,0.7908279456232425,-0.7840446296535233
0.800703173574795,-0.8687577528970811,-0.9097151147824883,-0.9309523074872017
-0.32152655186500523,-1.2095170526919397,-0.7208764878679469,-0.1392679616636905
-1.0936928693706778,-0.3507867320958219,0.09213211701683988,0.7020916248039224
-1.050651012703683,0.7568883882801025,0.559715758128102,0.6166096067428745
0.12418884988907722,1.1795633189383723,1.013651022037553,0.5171514856599868
1.1529082867793776,0.71974178046747,-0.022766630788970676,-1.6347907638357688
1.146837513880655,-0.5531138222191336,-1.3456579723352058,-1.8322815718934364
0.02133618152083573,-1.3977682870137618,-0.7866417601478637,0.5849956082654095
-1.0240016530123641,-0.8492220330849277,-0.27011066862400845,0.5676692360451896
-1.2222256560017761,0.3831199523823829,0.012897880765191383,1.6677069557087831
-0.22499064842864036,1.2539318227867724,1.1353301988880307,0.5578140198165593
0.9085384253915978,0.9068370942589329,1.8463273091275727,-0.709598779521764
1.2809633149284676,-0.33674353558535386,0.12362894139268832,-1.7491862283739972
0.448841193764064,-1.277836834652551,-0.44494531632494755,-0.77171354859489
-0.8290685009432757,-1.0956098599091575,-1.3693712482569314,0.4900884415709572
-1.247833032902978,0.15021670476028517,-0.7744835430367569,1.175872276232019
-0.7035486754192677,1.2621856710957444,1.1290769776340226,1.2041115228036148
0.6085398216981768,1.0404888850217842,0.7759923426947574,-0.6808820288064432
1.2947559293322384,0.11270953185260332,0.32321934063588076,-1.6193277308186496
0.8351236125724305,-1.070202709604022,-0.9733770199244623,-0.7317737750955117
-0.469494172525568,-1.1782731989052033,-1.3688221985829263,0.8904765973327866
-1.1862414831476276,-0.273104278131307,-0.1498665094806484,1.2730009074397663
-0.9015128309515691,0.9758088032639933,0.7454827330261499,0.7603441377180381
0.13039874311500432,1.2772797374667826,2.231692232055756,-0.14784804417521946
1.3586087267912634,0.5143017030292171,0.11858960961665943,-0.7316266692004733
1.0494131069108283,-0.551734258443141,-0.19278983744537626,-1.0910517324460545
-0.04759417393796835,-1.1929120657914811,-1.410609529939804,-0.8421080188540109
-1.164709108617717,-0.592396351404158,-0.6294266298814427,1.7106188058157357
-1.0523770094356504,0.41988986518581806,-0.031230697053798995,0.8090218770987051
-0.20799214300557245,1.2607546801107716,1.3476771991643923,0.37269105030572236
1.0036228009832706,0.8140921123976854,1.6973251873359279,-0.12177158283527723
1.1746839421502209,-0.4183589530031652,-0.8625308377931395,-0.9492165466916924
0.1950192207463249,-1.2993960956732633,-1.2079145504408133,-0.34551258303322174
-0.8351677006246703,-0.8768499768642398,-0.7289538063114742,0.2548447069293286
-1.1949763418267152,0.24229328016570745,1.3054777535146822,1.9202435690121655
-0.3257957938386683,1.169585099665144,1.0459360827390118,0.6369654117703305
0.7223066485097746,1.0067062279511014,1.3968208445629393,-0.11319516626816406
1.2485340555708624,-0.10638363895331288,-0.26487578145121926,-1.7207612747404712
0.5942905667188727,-1.1242138663300534,-0.6772161907478691,-0.9393558155509696
-0.5461545563670962,-1.096484580260986,-1.569957377248432,0.3383457101529541
-1.3345261224973106,-0.07994279184558223,-0.7967161964091263,1.2658751358199312
-0.7518917334313121,1.0683447997814983,0.9037948360141407,0.6921697107869085
0.47906675485836886,1.2451026142646517,0.09064723418674786,-0.8155438806926352
1.2042961591254837,0.2977694415501782,0.9859499812050176,-1.636876393788043
0.9206221285511942,-0.9706632441350661,-1.0317297819913434,-0.1454271233225074
-0.257970739622986,-1.2860614679820892,-1.6426948439016502,0.5316344536061124
-1.2661966797074384,-0.3143028563296216,0.7109039053215005,0.255763196505093
-0.9808855147571922,0.7324598426935474,0.6633418543405345,0.7028300877006394
0.11478582378620637,1.1812167087692538,1.3325802993674019,-0.6226745464109673
1.06929991709242,0.6411226161097741,0.7740603379510835,-1.5269200207176785
1.1819112834788466,-0.6180985402857179,-0.8975678352237826,-1.5037673370006257
0.1858508256237912,-1.3727561624959104,-0.9871137640622335,-0.477701587401399
-0.8925846036828654,-0.6848920753570552,-1.564314825214848,1.71334570512644
-1.1406144401557718,0.49603703502099417,0.5375200848975814,0.8737236185723335
-0.2507117480185719,1.188656157976692,1.0943434137029784,0.38522060306439676
0.8569903555021319,0.8421947340802897,1.3127234382799462,-0.9852629739811442
1.2093438509834105,-0.33227269340566756,-0.5456390697095459,-2.0317852467094597
0.4956483786753256,-1.240996286952226,-0.3666163411667592,-0.8463406388198169
-0.6385066237829362,-1.1209101172669063,-1.1944724524729156,1.7659315194790448
-1.2373224739052953,-0.011774483205505157,0.0740970457159218,1.2529829469119595
-0.6468441215528657,1.1573910211338148,0.5910562975845923,0.7603042043930686
0.5580258488694002,1.0683458205754448,1.0607866496969744,-0.540827598184086
1.449234888240393,0.23916143222676028,1.206657478440426,-1.66742149633073
0.7266211641649247,-0.9815592807068317,-0.4555196265193001,-0.7889903069749277
-0.5361612461005294,-1.2688821505752765,-1.4595292051067228,0.7247727645283775
-1.2473273648537413,-0.32228905398710295,0.1521029258895379,1.136621078493847
-0.865481844419385,1.0911851358676266,0.9245497742594044,0.8872912638766556
0.29397546450647144,1.285836599635959,1.6995413439776779,-0.3720449936100889
1.099614997449542,0.4409740726802639,-0.07694711808725829,-1.4597526417878641
0.9844089020502015,-0.7736453630787712,-0.740313346563416,-1.3690407867445724
-0.20540978536506366,-1.321862206771888,-0.6967576219001544,0.6974264673098574
-1.141178086676734,-0.4881593126422363,-0.9021065010888318,1.0390497430481198
-1.1338683697739613,0.6537724722684929,0.7226952352896132,2.083805671876148
-0.17000757846108572,1.2441264138597183,0.267876879154142,0.09298614031592045
1.1062710268106364,0.911268140373266,0.4038342405092199,-1.2251263339541607
1.0561630832193807,-0.4562068086050135,-0.5035573100551571,-1.498403785320085
0.157550692170688,-1.181591188795721,-2.049909259959695,-0.6081707586686769
-0.9110199182880997,-0.9247634695691598,-1.005909592782478,1.171442683009487
-1.2686310683877022,0.2223273835310017,0.08087792971725682,2.0340087440206482
-0.3439335199488172,1.1795224665224973,1.1258929168337974,0.6119866103120808
0.7618721696905821,1.0487386612577336,2.067292487132073,-0.4367999829539454
1.2989889531790009,-0.03998371812475768,0.26583087591407706,-1.7330469966593098
0.611641993837926,-1.0968334513287525,-0.41997002472168365,-0.15337973493313894
-0.717982890042713,-1.131394625053319,-0.6261383970728512,0.8365077948158861
-1.287624742303585,-0.0562575454731073,0.14017618718848768,1.0647958953319785
-0.7648175567566968,1.0914444839190565,0.36507130725924875,0.7665337368606562
0.5873256025495313,1.1486914105731114,1.338403445456564,-1.0599297365485028
1.210428610218226,0.2908403189564013,0.13924305924691738,-1.648828739280882
0.9076690058282869,-0.8570351199551206,-1.870154449088463,-0.5447539350859498
-0.3803935130704769,-1.1789877749303375,-1.1292283321744805,0.4617008944310119
-1.2353007444338906,-0.3965197676027108,-0.6103981859789387,1.1814023947443855
-1.0000858681649891,0.7460885441547458,-0.051929825964574516,0.6480622820442405
0.1352326713597672,1.3678191710542449,1.4693693612141971,0.10596335746047014
1.1310536663120183,0.6038119995686896,1.0834336821860895,-1.2529298026340192
0.9555155278932908,-0.5396556088365848,-0.8450947643113016,-0.8441321491314757
0.12178411684770879,-1.2560939420909651,-1.3470846238982195,0.48507639529413504
-0.9296762983947945,-0.8141126984174394,-0.8281795365773753,1.2719539624007725
-1.2257955792071653,0.6116272380173565,-0.09697382045752878,2.8127035682962345
-0.1973230639369861,1.2947639703320892,0.9142843176318551,1.110849520738546
0.908755984016483,0.8936058052028648,1.1962082899449926,-0.5244547758167861
1.1868786297627028,-0.403579136900825,0.5687064683916143,-1.5382442231621052
0.3150714001884967,-1.1733562870399623,-0.3160487685759805,-1.6467409716240322
-0.8832214229279703,-0.9874425222006226,-0.5861372265421438,1.3035990261608614
-1.2349647620929198,0.2194966170718446,-0.017119198439207173,1.9046884309393153
-0.622620490367968,1.0578986596797009,1.593002086857177,0.516290000074261
0.6377765945790987,1.1395343089111643,0.7334772336438478,-0.8274046042108885
1.3408055179464007,-0.05422438540573889,-0.7166835271878991,-1.9757728451498473
0.8150598156765029,-1.0573867267648156,-1.584910746794223,-0.34444525286994265
-0.619720368766389,-1.322364747919494,-1.5914836324036135,0.6874201458085949
-1.2086071027815244,-0.34214410570234244,-0.7405451268977459,2.5255278472796827
-0.8834070994781831,0.8171088558691009,1.0956925368514085,0.8389581477091185
0.342472358692417,1.300162240634342,-0.1221209567521106,-0.22883254798813146
1.376809481590167,0.37625050077384364,0.176424995018577,-1.6907795221240942
0.9592535320515899,-0.671174790021858,-1.2681338736616121,-1.019151395994901
-0.210582730910064,-1.199030373347507,-0.7996747920082367,-0.29537570573694105
-1.1272463471722918,-0.4724033052293636,-0.4786459016318556,0.7892816700210583
-1.1467997625604716,0.5325376797345999,0.3013535988655158,0.598426284492945
-0.12598367629547752,1.132261352406215,1.2240519069564415,-0.056971620724215466
0.9531987169173141,0.6350747221449689,-0.35143902655234927,-1.5602155106671944
1.182988578531089,-0.6521322761532085,-0.06863296336185543,-0.8010336394652906
0.31276321719504974,-1.2975110304857607,-0.6822509911190167,0.7943156432213994
-0.921487730696395,-0.835090725397179,-0.3654369511054312,0.27512722276912815
-1.3649526041065243,0.17904185787855065,1.2324714603894793,1.2998741236658984
0.3185471295063316,0.7032251026596612,0.14251045554225572,-1.5766431329017527
0.6987377612604088,0.07063879049065068,-0.1855314040819772,-1.2604962754186193
0.38737726365985675,-0.411591857158231,-0.5881392978375838,-0.12164350749018171
-0.3024181937746139,-0.6455772985415924,-0.6489254586484942,-0.06413928404704394
-0.6949892835392444,-0.12739267652233013,-0.2038318041666498,-0.348915034213943
-0.547785866672024,0.5550655822827888,-0.23711113205401146,0.761518653318779
-0.014616759325086381,0.5831890826307992,0.25341945485333683,-0.061763289297127044
0.6537832686482624,0.3533189821641494,1.042584991743331,-1.4469213797461182
0.5025626410870309,-0.31423063830553616,-0.5028556549190083,0.25272700584519275
0.10349683565777718,-0.5154274924664835,-1.5464618450633727,-0.04276856429014819
-0.5577928620001956,-0.20159498531075382,-0.12983999071215113,-1.0511785314231965
-0.64670960386334,0.3262466387161077,0.5707167641427013,1.1203692789917779
0.03972536850950326,0.5802567538793065,0.6337470326802748,-0.974298755396038
0.4835480791353058,0.2598719873297496,0.0024107966846442785,-0.09170602796697541
0.7455278801037858,-0.2379698383054614,-0.2224912313411681,-1.2159554494761713
0.171265045484225,-0.6872752810092511,-0.760242642221392,-0.0899991494951663
-0.5367158066753455,-0.4039689388986879,-0.24212178689157537,-0.34624230329713984
-0.6128302801805058,0.03994286179290306,0.20676753901420375,0.47975871316134927
-0.37652554085948897,0.7383595821873964,0.8069515235914176,0.7519571092381283
0.4571153422509702,0.4920797819133555,0.1641194465871193,-0.7577978615277414
0.6128664181248212,-0.08633070770133594,-0.6035529573409909,-0.803006520554684
0.38504298512508467,-0.571240115450282,-0.19673938958384596,0.6190047246481495
-0.32688774099285317,-0.692934780214477,-0.7696135370307827,0.4436472794211893
-0.7523822237934269,-0.04070469428774599,0.1536837220290599,0.36850118145430644
-0.40775390356737407,0.7060936995086464,-0.07656278140053069,0.6660352678382486
0.26697504538127126,0.558053277791654,0.7307999313925314,0.6900245349693174
0.7800903600371366,0.1798607887849559,0.4111669675643842,-0.8520522542978488
0.5054111594921741,-0.5115748443315045,0.14058597400212175,-1.0942447607115335
-0.2475943558404439,-0.6470247573826367,-0.7859594401931415,0.2604136806319157
-0.47498109818924206,-0.3196818890904357,-0.508687082876233,1.0077189862856684
-0.5986798118821282,0.4404225477909255,0.6547010543638104,1.139097823402712
0.0858666676855801,0.7870109587652325,0.9476566360819455,-0.04816707169436385
0.6617162170655991,0.23103983627165597,0.7019922374916379,-1.0494241960270323
0.6860080991693341,-0.45062023060913525,-0.558337201853259,-1.5972286791032557
0.024436178804655505,-0.6572035224089504,-0.24135925196575392,0.6299460735808715
-0.5376335035138355,-0.24728762643158692,-0.8546222014598237,1.176952518419132
-0.7432435854874836,0.35350805382186873,1.9084218239047601,0.8189352013443575
-0.13405340829926263,0.647129476949838,0.03952207933398292,0.23368746518936612
0.40713968098709125,0.47154038985997987,-0.3195817528943279,-0.6183709758651346
0.7801935368253436,-0.1827320035143459,-0.6791948641819329,-1.7115317935820968
0.18440655622298419,-0.6051146255145972,-0.4554427049312307,0.7358716440923341
-0.3925485049306028,-0.6175285231380687,-0.18985322277385142,0.5230251973952693
-0.7863486925855703,-0.009505098631791511,0.025993588143940483,0.6403237447895246
-0.1946808217434704,0.6612876008074436,1.0970861770601648,-0.8725146471515555
0.30057372081828104,0.5727537664078101,0.6146718098054016,0.2574745379041782
0.6039695917865963,-0.04014761132870467,0.745221276369617,-0.14685325327257187
0.36034028034182586,-0.5802596602425136,-0.27366817614778993,-0.7929686850522629
-0.2917351264713292,-0.7083617022789387,-0.08763791344760907,-0.38790743440048403
-0.5429015660413556,-0.02860690867232661,0.8455498545329238,0.36514823427357634
-0.5291948867317032,0.5318600856366111,0.44837792240873114,-0.671720810240943
0.17356040183732202,0.6278812621029589,0.6346834359227257,-0.4661249916905197
0.7307256420604271,0.35065362800292404,0.07998387971534793,-0.7250154923279896
0.5609369778360586,-0.5012014176580912,0.17325115135802593,0.2917936181774594
-0.0859270378989391,-0.667934513647726,-0.456185176811175,-0.1268623258395385
-0.5208820786224314,-0.41869594088578577,0.37264769069101533,0.46228757486640765
-0.7679253684242433,0.16868083311845194,0.144081861842551,0.6606487855972994
-0.006592396774612912,0.5890037256896085,1.301755575364583,0.7555134296747223
0.5886461973484476,0.3440532195956932,0.772424809203428,0.20230369868204728
0.677566723735533,-0.2975943464649996,-0.25515734318040106,-0.22863287150778566
0.20919235148971266,-0.593608010372882,-0.9380937760218847,0.36461783218804555
-0.499379006247301,-0.4240551750060796,-0.8801863006817157,0.23351356813747504
-0.6708369033737341,0.22603269585997315,0.2661284012279541,0.4537726542080536
-0.15727233080688774,0.6301391527706887,0.22583221048829552,-0.13004091777435833
0.33862658056446165,0.5178161617149988,0.6780485505341912,-0.4738935722673099
0.6778328487613005,-0.04994065405966416,0.27641769914866166,-0.7152221210484194
0.3808077715102661,-0.6352326901162844,-1.0600199869429905,0.4135969417876151
-0.3584490128198932,-0.5739961509133223,-0.3479303268217576,0.18228574745339066
-0.5665637330797519,0.08145755173162626,0.48587309271531653,0.2523145089458233
-0.47228063372051915,0.5679402709487246,-0.028272617440031345,-0.15566402106321597
0.4065575542992351,0.6670050389438668,0.10114449830341793,0.09772594371192544
0.6736111434949426,0.02012133059913429,-0.45808622513617836,-0.7652201050491414
0.36356021098434077,-0.4283509629084563,-0.8619820474169382,-0.6874059995081788
-0.3277219986863912,-0.6505453958323554,-1.1320310001862595,-0.2432487142371781
-0.6729017535120381,-0.20111827265250432,0.21236349548344247,-0.0926988070790015
-0.5046634851259474,0.4124284343167326,0.3663365108588046,0.8981521071427079
0.07534881816295114,0.7063946330955433,0.46033479688300527,-0.1984461066890003
0.5223266875759782,0.36358714124959945,1.4230647484612207,0.31351361076080453
0.6401706110030329,-0.4023966112186217,1.0344356205880116,-0.707698860797353
0.07168339981494179,-0.6308376953324253,-0.932426945666841,-0.5487061918818481
-0.49031741467969353,-0.42740047748908727,-0.7371476917940578,0.41614669985032116
-0.6395862714575912,0.3209781154853295,-0.23720275696447357,0.5321206775304957
-0.2173570197662938,0.7249536167372982,1.1052037620897213,-0.06167073502177378
0.6592983500766953,0.5459775963019429,-0.29074551890962,-0.5614031882358833
0.6086961823211463,-0.13151588595486036,0.23079859501700717,-1.5215974438911255
0.23686455671750967,-0.616813203125234,-0.6156893008045968,-0.6295574490183925
-0.47490135776179976,-0.5940033160213233,-0.4876387100772925,-0.19996482000083027
-0.6860174649335957,0.10826309074220299,-0.30069856655686233,0.18634791314529325
-0.2928551665008011,0.38125473664618037,0.625936414312064,-0.4989517457419812
0.4090017527191954,0.6084957845914982,-0.26181061260551336,0.046313694774935965
0.7999124258383291,0.0025780706612264954,0.308152669685674,-0.4645328423987161
0.4590083196669267,-0.4512250341047184,0.010771587459408039,-0.8151770518612533
-0.25335920992389266,-0.5288325400237925,-1.6433063098334157,0.3263486704578916
-0.7009919176323809,-0.1198672706391982,-0.7816337601646683,2.244194459081919
-0.47944838486940855,0.6208256247266868,0.6120691529377986,-0.6239890184890196
0.05318511551420842,0.7882602492378282,0.6095034564979698,-0.351668625860973
0.8177339892798825,0.23040377738909382,-0.030408074959434317,-0.23831290276526612
0.48880384515372377,-0.3789862885981853,-0.6974599569013834,-1.0779296076257783
-0.029263779838533094,-0.568672941822852,-0.9131741792739423,0.33936214983084245
-0.5202065298931465,-0.2600576566501636,-0.02029402487970844,-0.3256263549367383
-0.5973044038282,0.2797080875408181,-0.8540326224592376,0.3546651658687708
0.05829499461633668,0.5573771029653054,1.0904237176681792,0.3029959552555872
0.565598235647323,0.4650543860313642,0.6888539509318272,-0.5286930582918583
0.6168316476120775,-0.3299462588859544,-1.7916938408373864,-0.21921806974248212
0.1605622365051535,-0.7852341168812861,-0.19096979476477755,0.6781174458907008
-0.5104791572076054,-0.35347774205510385,-0.42871555695312896,0.5470681026074428
-0.6973809032481161,0.16487548659669488,-0.4841727176459748,0.7867648131681779
-0.23951899619828182,0.5876873694156968,-0.2487306235233376,-0.402139482437634
0.47144121690638985,0.5321292535747816,0.48734960294480517,-0.7944776836624534
0.6486861980793496,-0.060090566523615,0.06482258578582145,-0.8379035731764404
0.22895828338566837,-0.5640909096098117,-0.38322595702729834,-0.5027272884599854
-0.36494490201863106,-0.5491396446184509,-0.8930805301620176,0.38545581677504437
-0.7181914157984693,-0.05472351894245645,-0.517261917403804,1.245856964405449
-0.37282403904343125,0.4882083432772858,0.07779347875373516,0.9858824119226839
0.33633394739405637,0.7095041003358791,0.6941601358861433,-0.5244107364433881
0.7196062606190264,0.13356287287527313,0.3292074142702184,0.409532649869432
0.3391879806339632,-0.4500570070021222,-0.4451370679120298,-0.7709403467871245
-0.2813459234585415,-0.705945840005752,-1.159978344463356,-0.6263770367170807
-0.8131939732843894,-0.1097122800029809,-0.42063369172436416,0.8713771358931285
-0.48151054577364955,0.4613112646789532,0.8177754599686587,1.0043025745392642
-0.016706510727084872,0.6002772053571824,0.8073457858091913,-0.31139203716296304
0.6656765826784913,0.23081447443073774,-0.05102299433504265,-0.8027512408256545
0.7057152405621999,-0.36845806982621115,-0.44158483529001424,-0.6029070489923577
0.07645850003717937,-0.687594833560686,0.0050387093319807785,-0.10934310639177103
-0.5940004288780836,-0.4003584398354782,-0.9434457160592685,1.2007880451764708
-0.6367336678835295,0.21411914359331902,-0.14911898249128142,0.9439128637935031
-0.1814691809340177,0.8123536371442165,0.8515437886874702,0.04558374800730958
0.5931326375864093,0.4925820566781553,0.2741615354909094,0.23449377163316076
0.705890494667048,-0.056167036142485305,-0.46317542778619214,-0.09176569717618793
0.2132737771522359,-0.6689091829507092,-1.605011209307225,-0.022542324311678463
-0.40284654225604344,-0.4154539273629899,-0.9675391198327832,-0.2557930161865124
-0.6749017346395654,0.006477569061078464,-0.9964761947305351,-0.19009062808889565
-0.2566774276383495,0.6971187833338008,0.1569970280926078,-0.10571560294012072
0.4106776499008023,0.5982859856173464,0.7186343195722042,-0.960228528059662
0.5118093922652944,-0.04132698065208453,0.3027308237292048,-1.0854719452538464
0.4451434267930435,-0.4756446995009367,0.050965321275956155,0.7363397283073194
-0.16617195820531805,-0.7219052506210746,-0.757472823799085,-0.07564682227076014
-0.5762253545950928,-0.12034553322139732,-0.43660653979655073,0.38107584349767587
-0.4439549442269407,0.6294396803569277,1.1101304463281203,0.3157521678758232
0.12698653760819525,0.5750306270082824,0.8552267863274305,-0.4780511201354637
0.6607008106350545,0.16045165568727268,-0.3690894870820638,-0.37287660649802445
0.505929788224836,-0.42114613043495785,-0.06834459658850073,-1.0512945468261905
-0.14693527866330341,-0.6848080641824629,-0.5510400278222156,0.8474570481600024
-0.5335930110314755,-0.2210653753042251,-0.00847160853217177,0.6211777259224691
-0.5372977462754203,0.209027195206359,0.16324019203781126,0.9671894507189533
-0.019570970170076543,0.7148057503567684,0.5163964411540478,0.1021332865405733
0.6088179593183349,0.2864050196204247,0.5636830542843785,0.25508581252769946
0.6482789795661351,-0.17078251916287193,0.4855511416216346,-0.05810399863480975
0.14454351225321646,-0.684675929399062,-1.0169094972793418,-0.4485631308194765
-0.4985809372422232,-0.5123447911585721,-1.111411679889115,0.04698206851723952
-0.7142697681081671,0.21879123595432376,0.4175632734324053,1.215931198586732
-0.1712499260518691,0.7315955162873626,0.9134219883648677,0.31595826232700963
0.46667314214479294,0.5165889524065284,0.29428510956574255,-0.013756721370848934
0.7445356319871078,0.048400173726057816,-0.6735279608864425,-1.3045341380455757
0.1882889910182603,-0.7201542652950731,-1.2559873099770007,-0.9515018014654028
-0.48135133213327214,-0.48073219297362135,-0.44147704738724564,0.4236147640746779
-0.7344016681321168,0.025540672084820706,-0.8577405643336011,0.5969068888133441
-0.48269555462950525,0.6164168734837849,0.4200706242611005,0.39432836347599143
0.30719180340296137,0.5474248887785426,0.23523343540005834,-0.8956243328784552
0.698713472858977,0.09335955292852242,-0.060771844347281,-0.37130193852397725
0.3965205342603418,-0.5341041454375028,-0.6715931977341832,-0.4490964779838602
-0.2715703690441428,-0.813443098069953,-0.7191936651044447,-0.23905954149843645
-0.7125012367655004,-0.21938404757467905,-0.5786192367130583,0.6666428424727988
-0.44719775285138064,0.5469112991505575,0.007612862040571877,-0.21599537794648405
0.08881404088262285,0.6744496778449465,0.6636897991275731,-0.4863222585741722
0.5730647800914633,0.24693660223240466,0.6758178147345495,0.20212925769326012
0.585388187211335,-0.30218186103023975,-0.8812591788296309,-1.0602033598273934
0.002257793568509108,-0.7238504703213836,-1.0803500884150137,0.14364620553587726
-0.5288624512696641,-0.3179054380536444,-0.14059081981580235,0.40766960952591275
-0.6381924381506333,0.3373037640245534,-0.7493252923353633,-0.15108561853735214
-0.09773614665887512,0.7750522810995,1.237853151793101,0.34675928377712106
0.5151576652666436,0.5166461525103363,0.6627939302912458,-1.2140994834099301
0.607341557170359,-0.1780894090614751,0.3544523509907299,-0.8199760057757313
0.06338020944476216,-0.6307377908661943,-0.3820005259634904,0.698830014470761
-0.44113312258376597,-0.4794328021072267,-0.42221690258225336,0.7575058070455243
-0.6410691656081398,0.11946704050107099,-0.25006851477675396,0.5914000258067331
-0.30990605981733593,0.6047939542115209,0.8528989088031793,-0.15480011700127916
0.2979220360795763,0.6037865856668733,-0.10772998399496692,-0.6553779567278872
0.7832053857305736,0.07146947435840303,0.2667080239653996,0.1770481484480442
0.316561376764204,-0.6112197805669172,-0.8548523320780277,-0.387336010641276
-0.22922502426393546,-0.6583698847970062,-1.7313551478498885,-0.23230037657434754
-0.7452595985727773,-0.09651662787131368,-0.17578297132131104,1.2990635879530739
-0.41735806006131887,0.5577630171210424,0.8505314537767691,0.6980155969538057
0.20716622536379867,0.5933190740716188,0.5282475101164793,0.08889653476868986
0.6471589037486847,0.17518397045721532,-0.44678264832641423,-0.5810956945766966
0.4936602435070355,-0.48017815223994126,-0.10339712032267023,-1.151201256083602
-0.02089244141270262,-0.6742335949475294,-0.23580761870229935,-0.4248315252283358
-0.623571518641394,-0.2343185158443852,-0.565174750552524,0.010584812481252426
-0.5736584881213048,0.5129253567379808,0.6682054978219165,0.4195753163881394
0.086533163481552,0.6259065268143217,1.7248670504285137,0.19997581986739954
0.5977474865110449,0.43385954233373963,-0.13489067680689082,-1.1696016025696732
0.6200681523087195,-0.24799521781191852,-0.8053427399270152,-1.2643833102369584
0.06542029054803301,-0.7326215227193938,-0.48938442155645256,0.8026926342087959
-0.5892988916215403,-0.4287291834147389,-1.0682174421839985,0.463668891449833
-0.6259927624938056,0.2460433805705997,0.3774452947299245,1.4618027517340448
-0.24101260467824884,0.6327911623873599,0.8958784659290228,-0.19245076328397892
0.4860969981436708,0.5861434297194386,0.6209523987668503,-1.1799038491826566
0.7423257800120422,0.02533782434046862,-0.5970500328385847,-0.6521441657966013
0.29593266022603476,-0.596165466824112,-0.31307004106343933,0.03076289797266485
-0.30194062970721447,-0.5531959520387523,-1.064701811889479,0.7626645429808537
-0.783563314511819,0.01344232287409191,-0.6781293717120374,0.11492804392210051
-0.30616704795843175,0.4926049980232801,0.459262633699265,0.527835497007827
0.31400118188833037,0.67383915209167,0.3461790739196796,0.06254403080320547
0.8393753893170629,0.13681295239629712,0.6722359906764486,0.2551513114108856
0.4242110041357793,-0.5275499583696901,0.5027863803710403,0.017096754205954134
-0.08487772885999068,-0.6204423328561635,-0.8530631037707984,0.02342117361557372
-0.655527795639735,-0.22290778860430688,-0.07751913597472404,0.570481623321018
-0.5144640367600605,0.313312371797303,0.518407157780309,-0.5193877286580717
0.19199223683733646,0.7347369734793443,0.1887854490966881,1.078721778343456
0.609030807104154,0.31724735104255275,-0.28285131222179183,-0.5584394608831269
0.6147502613974299,-0.4808927005501838,-0.4236538092514963,-0.7327571909624242
-0.14887434411095882,-0.8151461145296598,0.17199641537162585,0.005872537812235956
-0.6934352724782125,-0.4291528980747683,-1.2283165618416958,-0.6522356151253106
-0.6170343574304202,0.2583627734999841,-0.3003766670659447,1.6405038509216456
-0.10497173967479172,0.6320985306130157,0.8177499242855596,0.19149041213385898
0.442773389999177,0.5278505574996313,0.36892269066367445,0.6791954213980067
0.7021029974182749,-0.1687364492901021,-0.7114582044707318,-0.9960591835471678
0.17893387685710282,-0.6974209595768339,-0.484968713015034,0.4261890101113375
-0.5714369245130092,-0.510830338127806,-1.1120862855482605,1.460563391858584
-0.7765163909442725,0.17681301573368802,-0.25420501807487117,0.838649981755884
-0.36249713109130643,0.5727637454907891,0.901386185216797,0.401508293397142
0.3303141533709275,0.5998673027894537,0.2832706396752868,0.0491379828339622
0.688603601680787,0.07684259546780037,0.18720942266284735,-1.205549405879008
0.2767442702582922,-0.675029946103179,-0.8592507876377522,-0.49428863750840935
-0.31562284211759634,-0.5896753336361871,-0.24900043817765477,1.4093703553524877
-0.6450227445647049,-0.20259976320213782,0.471771994454267,0.8093764438656911
-0.44029616963399854,0.5984931353946047,0.5633729044244814,0.02840432752400257
0.2566194416417148,0.6806267526169625,1.2809069221445535,-0.04434594541677217
0.6507623676308014,0.1664957089575151,-0.02356768961180644,-0.2294936062109453
0.5806859319385443,-0.48254883488426303,-0.42726981148504206,-0.5916536451714521
-0.008575291821025996,-0.7139588806349344,-0.6710237004039166,0.15028852724062847
-0.5963133651006526,-0.16416568299790757,0.056231744746795265,0.9377265583615605
-0.5076803017562077,0.32239909483391893,0.718953469185406,0.9058931744650223
0.04029028093677334,0.7894455106085558,0.6255415928603708,0.48478757238558046
0.5438760503650164,0.2678393336175383,0.007446867855514516,-2.420923080606269
0.6347131742086717,-0.2617897764616031,-1.2997194973824278,-0.3561068850030997
0.019049178500152968,-0.6725443039965874,-0.8696303915720479,0.6133895342278256
-0.5416643809257351,-0.5054366453302324,0.007683448631995438,0.9328066969443257
-0.6568153988837526,0.31746969824345994,0.6729341145871603,1.4143639092096945
-0.18550623077224068,0.7460275096248712,0.29370839523229036,-0.30426110467117573
0.39008714940206124,0.5037541410069116,-0.04478662533499295,-0.4550473040220909
0.6189798586160137,0.04771810970827717,0.5657016193967179,-0.3489663778693353
0.26487949962795837,-0.600230017728488,-0.7325632392462489,-0.492025275272594
-0.2887635227484774,-0.6533084009712216,-0.22026351804510458,0.27672803828660775
-0.7193012603018645,0.05419377018511117,0.835220550186207,-0.19007563687250242
-0.3469636409971829,0.6360189301617322,0.28828191997124136,0.6493548229110526
0.25134349835711367,0.5513638447968824,0.7589009828648654,-1.1433324729438947
0.6952812119833611,0.07639177811633578,0.7179524258996994,0.31823289958553436
0.4891204943119165,-0.6084698486995038,-0.8255104242736833,-0.8993349579220178
-0.2422668412385145,-0.5781583387037887,-0.8202837237438035,-0.15854263296553595
-0.7317121950145143,-0.07876989293918182,-0.2727918486964037,1.1899490001943225
-0.5340553821302444,0.5132888395800997,0.1687148087827106,0.5823488691241321
0.15463856899520706,0.5283510040632007,0.7017433420095504,0.995990450980761
0.6304661933924824,0.4460832272345908,0.6243511395893725,-1.0335879321288912
0.5612546439536142,-0.4500161022537981,-0.22261338912730522,-0.43371750163776285
0.0038138897273281465,-0.7932110844555751,-1.1912023242269845,-0.8278587949002186
-0.5231928427493386,-0.34386785830956906,-0.6730004851459315,-0.1653651478756324
-0.4754860978405439,0.36740781045198667,0.6837533104926147,1.449760485305086
-0.07798444092723646,0.6114683837602753,0.3000264174571776,1.134613995249431
0.5057439457545392,0.39458795045763995,1.0465084687199817,-0.26911520160975005
0.688882061578589,-0.17793256738991936,-0.019029736969707334,-0.7183731507970043
0.2543896744930829,-0.6715887980310388,-0.4330647504874811,0.45745943397086264
-0.5421531474935806,-0.4009443951427081,-1.1699910867177794,-0.3713314185034189
-0.7031034012720588,0.22672588052914738,0.47043007679419324,0.7731458616820366
-0.3148406167657388,0.6508632671914855,-0.019495222180857807,0.6228315270349216
0.4127641404886939,0.582474469268663,1.217888080943188,0.10538957111675074
0.6105124347914639,0.013102882758360447,-0.12628241206588897,-0.33554430151488607
0.3817626495253785,-0.6153380169805185,-0.9482305329074064,-0.7784429910277596
-0.3175578413930386,-0.5166515212635748,-0.32607511013176077,0.3273334624539759
-0.7174937019983817,0.06545739758029293,0.12594510911289047,0.7510902238294446
-0.41302591932544963,0.49280891987140646,0.7798922570636047,0.7619843628197959
0.1764029279083461,0.6515933038154261,1.3036470158703644,0.2317177661331038
0.5902901515102391,0.16774511590015942,0.3040417656716743,-0.7257183971218897
0.5305179717043946,-0.3829936587042208,-0.937030042289041,0.2429001218222518
-0.030126267324272135,-0.6670189881011275,-0.5434725179032099,0.24801397988458096
-0.6270852873305788,-0.13481912047961353,0.20846011265494235,0.8474804697565247
-0.6434376088262495,0.3093669303833559,0.7378449055427244,0.6142061986809374
-0.05382987499603968,0.7347619188451229,0.7458088399487123,0.8016780841749266
0.4684287252598396,0.39920831953137065,0.6380013654158834,-0.2884210491243222
0.6022610081309387,-0.23862169179083553,-1.0081220578415873,-1.3926104312627177
0.1783761689367438,-0.6799169133610631,-0.5930415686108903,-0.440492857119425
-0.5233908707169367,-0.42508379806955016,-0.5613022293899933,0.4533371151163812
-0.6639689369757855,0.2754865542781221,1.7329259650598394,1.155976857736763
-0.19140332876959587,0.6127642548003307,1.414942666506829,-0.2176345061933832
0.5289060585717656,0.4517656634201666,0.8188400475683113,-0.015449593984602217
0.6655840168612155,-0.2555547427479771,-0.3298267726281823,-0.4501029450911695
0.24509463232570705,-0.8354942351238198,-0.4365429238077532,-0.012376702539426687
-0.3431117231172147,-0.5588138378900637,-0.5026972483863192,-0.053776532170886626
-0.8109983946726914,-0.010050395470733615,-0.5235121511938401,1.455458588248994
-0.37878489669636556,0.5738303084374545,0.7832490837979758,0.3196606856736872
0.350006327128575,0.5284774825471951,0.2724276423990926,-1.3846412500721998
0.5519335896708244,-0.06646122951179823,0.17542903969411383,-0.02005952050368215
0.4730494197663694,-0.45107142388566024,0.1294281593596261,-0.24792049295014995
-0.15966452876758044,-0.7655874686986638,-0.7972492420506838,-0.013194650182801193
-0.6426959450434166,-0.17857801922905248,0.7055979701668635,-0.23131879581510992
-0.4984324764082772,0.48253774273235817,0.6546967228386075,0.21952256807684478
0.14405130991790516,0.6776727448767588,0.7809134761611566,-0.9284021208396476
0.6122994983957326,0.08990220830960932,0.032903052726689364,0.45616820094802457
0.5695879564516376,-0.48965556955375217,0.09960070917850228,-0.7093666117813807
0.0265898131262451,-0.6299252290562882,-0.9250718531540871,-0.05027482882299483
-0.66860740465605,-0.3656104004630131,0.14813760718205504,0.8263625443434847
-0.5711844887673514,0.35780059208745174,0.6689216745751903,0.8978829011151098
-0.03299931094250638,0.7385482354736113,0.5933171088628256,-0.08901732363676029
0.5050497835595091,0.5369892401973427,0.1587463545211329,-1.0363012731768384
0.6538167390174423,-0.2358892830377795,-0.7644173845147834,-0.9359959375712554
0.24988301853778733,-0.7395280024653124,-0.3706088126556879,-0.17686182977556586
-0.49598541010745584,-0.46573914790678345,-1.2236233978093087,-0.3172305078210136
-0.7404684797146752,0.16831250071323536,-1.198364807964406,0.7423889459732189
-0.3243807373347215,0.6624469510641988,0.812873772941209,0.2191993658820618
0.3713985203347426,0.41528111550407043,0.591589016100092,-0.015350265601751789
0.8102758541000805,-0.08952894794859739,0.373238496494831,-0.8997558521677492
0.3541626945296451,-0.5791272889123839,-0.8808023706689313,-0.6284339267949302
-0.26327815140293553,-0.6344831316145528,-0.9593957149241863,-0.5708667746620549
-0.7161408822003249,0.03732213386738332,-0.535244952823104,1.0580784244068882
-0.4657906738416015,0.5714354049158616,0.12018862050126589,1.0735147373742955
-1.0549228891264253,-0.7813828785141964,-0.6784350396229466,-0.41223250335943984
-1.2437328432401953,0.33958698052395714,1.0702655394285943,1.399989554750244
-0.2906485896608947,1.3100852949414088,1.6159643145633353,-0.1880087393175056
0.871216989547507,0.9763741180980807,0.775852803037167,-0.6738624142995159
1.395512383201199,-0.14637238233141253,-0.6153091279288592,-1.1513279920497064
0.5294034426572237,-1.1910906130791252,-1.0054121963827138,-0.17457907397477657
-0.6507655124439461,-1.045228030245986,-1.2576844801915437,0.9250297327789292
-1.264038329265492,-0.028313709527896875,0.36928245163726836,1.634034585929044
-0.7981407147492166,1.0951599900656668,1.3803339319948948,0.2179296771423589
0.5055420626770505,1.2016463026895658,0.4556133188739653,0.17407050876181107
1.241535933506847,0.1792257220695716,0.38201451084960647,-1.5076122991974021
0.9153547874045337,-1.1079350704071496,-0.09805992700460453,-0.6269138230734794
-0.43701601319127564,-1.3101248105978416,-1.8924815570351357,-0.5755410552895945
-1.402509665158223,-0.2723749601374772,-0.8415411311156584,1.5314169951801837
-0.903311318708434,0.8168882487967853,0.5956835068925276,0.7079761932244272
0.08564217345135941,1.3732937330468826,1.212066248458455,-0.1540455197350732
1.1802295002017604,0.38382418355781345,1.0681556429520411,-1.6676133014602612
1.2110194832900545,-0.8389729903387206,-0.14724838060072298,-1.4723367207780096
-0.09613997542260273,-1.4066749888257977,-1.6170841240867513,-0.3821641629297501
-1.1641050652633087,-0.5627279659953923,-0.49666202398639725,1.1398019397778674
-1.1832322448285528,0.5104722980347522,1.2993653825506946,1.4736147069889562
-0.23055628436882025,1.2789049252574902,0.7535520269203596,0.3519831709408183
0.9677616368066868,0.8543976012170454,0.9968626125790392,-0.6413200842923283
1.1809817713567787,-0.4327699052107221,-0.332315964300649,-1.6848718147467945
0.41607809058053674,-1.2635722294544485,-1.5283177304198428,-0.1933161837055053
-0.9692721748317833,-0.94547849201186,-0.7742445692913602,1.1585676174539505
-1.2985744736497131,0.2351220990735929,0.1062714983393831,1.424657627342867
-0.5059096152663731,1.258960277724477,0.8707735637720639,0.8938391208077834
0.7284696540666513,1.1476003755504236,0.9774984975134582,-0.9184434693783344
1.3217505854359863,-0.09061265325572082,0.4670803491644915,-1.9891438967939397
0.6331113285373506,-1.165763499030053,-0.7270649313931921,-0.7257734347183942
-0.6431350861505929,-1.259811839111284,-0.3820527316537653,1.2960471938770979
-1.2093485229568073,-0.22755523633172103,0.11296441946921698,1.666759638838321
-0.9174620445918902,1.1022452213861094,1.022076741808559,1.3801186852167813
0.4693914922149465,1.3618492454563804,1.7934087020252159,-0.6840722390415943
1.2930115900805033,0.2057047315529757,0.2633444792452244,-0.5213692964404903
0.8296871793038745,-0.7732212769667087,-0.38462878901570074,-1.029331857112619
-0.3073878420925101,-1.2819904138022948,-1.4747043990454796,-0.25204827159469256
-1.1520455813313022,-0.6377102719491801,-0.5600790075453532,1.3644265831168167
-1.1322115371193207,0.7789358384488123,0.6506378315481887,1.1014199196337509
-0.019883115040338288,1.3082476906186664,1.510724012047015,1.45850714043262
1.2119802631762329,0.7391087169890923,0.8238500770709456,-1.6035140011777294
1.2069411904814602,-0.49987942424787224,-0.8606480304813846,-0.9405485375001873
0.1614922832305912,-1.1250529113832886,-1.8671737152308576,-0.8772927428741772
-1.0393135544746235,-0.9053091231519338,-0.8997838894093102,1.1322780564536632
-1.2006121706454786,0.48576655338700025,0.3213002784325292,0.12034722744590803
-0.3313437286125106,1.2400008327425571,1.382724797793307,0.15806963072447444
0.8722133274088557,1.004860926343103,1.7414519908646946,-0.5646311336325804
1.3513050266280369,-0.2034966304080353,-0.5528914911662042,-0.7684301238282983
0.5289184499254637,-1.3211662943339628,-0.9907635147721333,-0.9359555007016074
-0.7346004373710613,-1.1457861844793171,-1.2288525223039442,0.2497795816533699
-1.2807102837896969,0.1780468015640542,0.021727777640035972,1.2044298225553554
-0.6002331237963219,1.0260500834523036,1.5593595076849391,0.9967106488341371
0.5673979667610689,1.3772587847472784,1.0358750331583781,0.2296276009525411
1.3883334445756321,0.20403944863375964,0.5080540132857814,-0.5774116295597976
0.9414893893408157,-0.9158143258071347,-0.11655377599933348,-1.3149737298312985
-0.5031040105053254,-1.2336752067315022,-0.8210382239646166,0.750639301470869
-1.2479342742091561,-0.277172719659067,-0.4865728487752574,1.098544051686485
-0.9949237893937621,0.8648185644802961,1.5985331983780475,1.20182396634317
0.21593806854366218,1.3374425277656177,1.2108082720457196,0.4083992794091851
1.2461805301333144,0.3814871715228845,0.706983070767534,-1.1947788834335473
1.043485787092001,-0.6963314518761633,-1.5513038804541257,-0.5006760046236552
-0.11812768266008469,-1.3157221654235254,-1.892663216332077,0.830363709824713
-1.2047726816823803,-0.6805771899400644,-0.06842703469907896,1.3843252969328035
-1.2320211175237334,0.6515382624168968,0.4133355968861552,0.4080229141061359
-0.05821772103429844,1.3246343811042363,1.2813386924422225,0.26109847994435054
1.0495633629106877,0.8359952747645396,0.9353023198371618,-1.130372915086738
1.4154606880143867,-0.4529378463226578,-0.7070091065637141,-0.7666894399002546
0.2540892452496688,-1.234217054467857,-1.1288511714248606,0.15220045351419298
-0.7996276779124125,-0.928673496416472,-0.14720802568986058,0.9047086987685649
-1.3769179818760497,0.35612912874826896,1.013926526581136,1.432448140214924
-0.601382176481445,1.2312601014356719,1.0809998403863232,0.025171404317931856
0.800729815243269,1.2142649521106623,0.6153244431534616,-0.2305140871041511
1.3478701582764259,-0.09610258901321184,0.12555602202321992,-1.4420592306246083
0.6683732829856309,-0.9887491816283259,-0.733749503514039,-0.329867781483697
-0.4795899813459004,-1.2296629980619744,-1.3580715185551044,0.8555214164833014
-1.3528961054969875,-0.07392955145769631,0.06658085984942441,1.8270659342488649
-0.7612585950058446,1.0074198191525474,1.0184088129683104,1.2299574493897036
0.41440699552761795,1.0789097006177233,0.5792032103506641,-0.2270861368099064
1.2895213759235877,0.33479747796093223,0.47504085490160275,-1.4407706429687652
0.9269559091982156,-0.9860860123445521,-2.1077591538024034,-1.532789494873929
-0.2935513731105353,-1.4144317786847538,-1.4164517051748475,1.33856524254092
-1.3892307006070437,-0.5019930677216303,0.40904447952575085,1.1189235082688875
-1.0093974795680367,0.758749006002047,0.2010326190525613,1.0242462380220596
0.026284206839161023,1.3918006622741168,1.1993538204970176,-0.5630657122793614
1.1922668267993146,0.695045333131591,1.4804669946692994,-0.8364176600638612
1.1664388370916485,-0.64575243340355,-0.5014779739015718,-1.5675706496792912
0.10866717479825816,-1.2299745009556107,-1.9917054275270307,-0.08857604906355898
-1.061399007383761,-0.8400334809901454,-0.7425379969983165,1.2677239626918084
-1.3319726429621315,0.3920096750970586,-0.20359487391406805,1.270432313370794
-0.2847085817152012,1.231570799759263,1.1799501243219925,1.1248595918551052
0.9755773804261368,0.9617606918423953,0.059254992537268736,-1.0104741990307513
1.271120619394673,-0.2950718612520363,0.06335803136716556,-1.1404150452599606
0.5679435147295386,-1.2445257810899293,-1.606955985597066,-0.7341255149980408
-0.9062106795168149,-1.071852736908574,-0.6507251235710726,1.132518181847607
-1.2687408316721163,0.1299999889650714,-0.6916690889490285,0.6599603157379409
-0.6428868477709757,1.080872320612618,0.7612548257738283,1.1664671061387866
0.6788829726272321,1.1669329839501141,0.6214135396857303,-0.8822791306790012
1.2301929234238527,0.19315984922200694,-0.09079359379647878,-1.5789091313779708
0.778116544648998,-1.0584330735475496,-1.3662330351252077,-0.78750084043747
-0.46936027195173863,-1.1932645347985358,-0.933313881374499,0.6219167867157349
-1.2428169804431195,-0.3157651983768894,-0.3213946545643753,0.9180691925559881
-0.9023427553375768,0.9203414352842588,0.9451499155490084,0.17784240600176193
0.4472634098262447,1.2438251777033,0.6510065513472308,0.640934034228603
1.1731155496919115,0.5136249957644099,0.7740988478727606,-0.815082792977247
1.0655386809852374,-0.7934404684964593,-0.45308502428678954,-1.1731097782207383
0.014671355258465274,-1.3000954445974053,-1.5005667352996,-0.04860071248016351
-1.2234461909326846,-0.5324890786857494,-0.5702410559632942,1.4842458617012588
-1.1908481627112328,0.6302419993773848,0.23166572988262302,0.5184445813968414
-0.1389198924137356,1.29158547868828,2.030787411710841,0.22783512714304233
1.0667263560342652,0.8157018760365073,0.8736228774259963,0.6947640549768741
1.2633191807678559,-0.5059612256526016,-1.3562678537029982,-2.218053048341507
0.2997648702954401,-1.260172585229686,-0.9935785605745397,-0.84854226722893
-0.9758660846532965,-0.9838559432938951,-1.6377201383732891,1.0601741855789815
-1.1611824226037992,0.3453013986353,0.652449578325538,0.9762862789811674
-0.4693732733659584,1.258585483710143,0.86900679412401,0.5303484561620986
0.7527797246379773,1.0260367497131577,1.398951695983454,-1.0109877184879423
1.2895677915456916,-0.09374535204433505,-0.5389741044615437,-1.8219193024840945
0.6608569784384957,-1.1489215711796656,-0.9478806946560525,-0.5630779770844541
-0.5962561926995003,-1.1841111639031858,-0.8580852085765783,0.08365459190999847
-1.28307992476983,-0.05129627536258199,-0.2742136019577779,0.8614049641407586
-0.7845877854762247,1.0167920018873358,1.6366515104213035,0.31940324708529366
0.5679377291425517,1.1876479096709123,0.7585762343985708,-1.197845256864546
1.4291605571464672,0.36589012094498846,1.0087478601240352,-1.5478213692236766
0.8481698358905803,-0.8886400398446763,-0.5929629799211189,-0.8244843844993532
-0.24788694438743702,-1.3280777874235086,-0.9594050533189603,0.6857905770050265
-1.3679288216362824,-0.4909342134023099,-0.9109707663123079,1.871598102442949
-0.9917028694600024,0.7368406381028199,0.41861566103895353,1.8086124496936178
0.13371074181191855,1.2853815653821967,1.59017148276619,-0.41330800818378144
1.2226579737155885,0.7054830988171937,0.4002025952254251,-0.9572074787799145
1.2261240987212791,-0.6721602050960694,-1.0673951711552432,-1.0136575125280645
0.04791928423503487,-1.2482168169649386,-0.9543409592838553,-0.6896208329036624
-1.1174265302276598,-0.8081858058447051,-0.3026461996338492,1.2188290401183421
-1.2270169966828701,0.5622409692305304,1.4555670817636257,1.1651512506241093
-0.22515632283190617,1.3000385397558154,1.3162236924235775,-0.5747465770531424
1.0263826206285387,0.8372269064405872,0.8863635788092544,-0.5116924176883464
1.1879273431353563,-0.17281862858447028,-0.2339223557375758,-1.5826082452667394
0.5190198094146026,-1.3094029194234884,-0.6653556065253208,-0.27962979721478654
-0.8430006212256574,-1.0380159772281354,-1.3462165017463095,0.7339585290519757
-1.2363698158794554,0.09089992656868116,-0.31332735601033446,1.4110474222978877
-0.7044112697648572,1.191254476513566,1.5298356293291298,-0.003668937664305094
0.720534254647252,1.1006299623737437,0.43206805716559216,-0.6709121010361019
1.3110382599472747,0.09542050457890704,0.3934720824915916,-1.2072141193754171
0.8424773070064744,-1.1288042986829276,-0.8962800439521362,-0.06218377180635781
-0.4420374822538699,-1.327880387244808,-1.8916693889431362,1.547219902938285
-1.3408325278875386,-0.3002110995670958,-0.6153778987358294,1.6068797791984046
-0.9513291722951718,0.8335994314451947,0.6814471131483391,0.24124928066662943
0.27814886516746945,1.4217456092139176,1.4310277675431695,0.10689320607513486
1.2628135450453566,0.48492452115212453,0.3805462349602817,-1.6164024465334763
0.8755414471951207,-0.6695568440266957,-0.38394476098286834,-0.4904887914194306
0.006691068654947119,-1.3290670648284642,-1.0256680483847165,0.13771380485605444
-1.21144186155633,-0.5762076070121016,-0.023080461742431835,0.8209018952251468
-1.131570553885942,0.7084532525937746,0.7148682832748132,0.41007633282316325
-0.0024058902484578454,1.3038505750074012,0.8835019443407627,-0.1586530791933627
1.0856813356315758,0.751336179065284,1.147980600047223,-1.748914346391116
1.2340625567280405,-0.3799597552086207,-0.5808885195680602,-1.143698993776006
0.2661892152645891,-1.2781247302729406,-0.7408972735755839,0.7803895502979752
-0.8928753893002191,-0.8902205627156587,-0.6150502913095257,1.336462007683128
-1.3296650331276252,0.279688590002243,0.48257334162549625,1.936798411368023
-0.5376643862584759,1.2311677742718583,1.6143341843454777,-0.11221865420832144
0.7679620809243008,1.0470391729572677,0.7961121078835209,-0.3125054718998216
1.2121717292830207,-0.206712809380717,-0.040343758867364965,-0.838065844727421
0.6533769651021684,-1.1426586816756041,-1.1275644219133312,-0.8590858411586588
-0.559897153978069,-1.140298261673804,-0.5047070076522625,0.7316644772328762
-1.3722383463938785,-0.06284161549827307,-0.8772424288587888,1.0037075665128596
-0.7780138092615348,1.0394157864261948,1.490039859614667,0.5021300157672753
0.49230730462050454,1.2498914226243194,1.8514939624660192,0.4240916016975249
1.2480053179388657,0.312958499901723,0.1539826365159569,-0.9188981783905545
0.9059219546974479,-1.0348917721794593,-1.1156789866121413,-0.541139376704205
-0.34499036898680646,-1.3366846553384635,-1.061057907090272,-0.4124649243237699
-1.2665044259085103,-0.49565148891774624,-0.6730591669701802,0.8933312049456079
-1.123069278847972,0.8361117225750617,0.3635010419944429,1.5417234890368707
0.07043441025392327,1.2904143802910324,0.3288468696863033,0.44776972942893956
1.2536105094923449,0.5457580370970173,0.1783672902334077,-0.6812629241258705
1.067055737330566,-0.7433761470408647,0.4947427170442098,-1.4118577315462715
0.08798662654584626,-1.1829175679143775,-0.9048806817768068,0.4172681900220898
-1.0023678528240527,-0.5937254778781904,-0.7919310321046746,0.6367404678642691
-1.3175243106802375,0.4136623341009432,1.0791107371665698,1.2046342684983324
-0.2536068622080776,1.400043476955173,0.8868824589143165,0.39612429083543343
1.0395183174780684,0.9391180989560323,0.19952668326764678,-0.733561146612014
1.3879574940668906,-0.34471027665291887,-0.013714683310417364,-1.2105708579294199
0.38352334644297315,-1.2322782697905992,-0.7704311325363822,0.52975686552166
-0.7441408854578879,-1.034725832969215,-0.7112754027161505,0.8000424290272701
-1.369271844964418,0.14097746097501265,0.3904630503656681,1.271419361033656
-0.5185769406496985,1.1645725647539693,0.9970320662946491,1.233685379647047
0.6566855573210427,1.123950761964145,0.44432515458802,-1.1322819934465322
1.3979200520306976,0.16146456356233313,0.33753644998763765,-1.3254974525987522
0.8218335446931824,-1.104715315752448,-1.168713590381683,-1.006862084218888
-0.5528510698512054,-1.2498953900966312,-1.9720109851457128,0.5882500692610715
-1.3353744275533328,-0.10212233843780757,0.9000639224873097,0.08511350835130826
-0.9775082423160301,1.0437693069870921,0.5245716636739312,0.6072608295949988
0.317753813741295,1.3312120550233042,0.9500096161841279,-0.6719921220099812
1.3034024662967818,0.3594420940326315,0.7208241167926233,-0.3540229328428196
1.131732464857858,-0.8064047654543375,-1.1137738341704773,-1.7921352230985914
-0.01378057610067722,-1.3366519896159306,-0.8108991096741367,-0.028386811202073536
-1.1867627335204487,-0.6425931449860907,-0.5218601280097346,1.4557692173262553
-1.1219594053622604,0.5457376762745373,0.9428139980349115,0.8968465085633232
0.034216516105746844,1.2689214853745898,1.2225114223455862,-0.006265701265870671
1.0319347523289821,0.8774558127441221,1.0259101360767298,-1.9958791565478322
1.1851602506868244,-0.5038796150864852,-0.8431960759998558,-2.5652603748208462
0.2902656572634993,-1.345322179738708,-1.6030208388733627,-0.7454796799338104
-0.8986575789467074,-0.929588974585234,-0.4357235805130316,1.1510239733210363
-1.3164595777410817,0.3108255005457263,0.9023739365903005,1.7432363624796314
-0.42308536909332856,1.2050457731585769,2.06959082284859,0.3484127578541374
0.7679788080837482,1.134841034941006,1.5603020830725605,-1.6327230846387142
1.2406736425553038,-0.15839913876793885,0.32342556577518167,-1.4799350441437016
0.6213240730962091,-1.224023912293553,-0.9634143566673276,-0.6169923608686922
-0.6780910019941292,-1.2200228052173767,-2.0969707803644178,0.8330099003103919
-1.2592714202290325,-0.03762922501660684,-0.24444029773902587,0.8216682000696359
-0.7044484589825707,1.0583976553178311,1.3047601684526622,1.144033534328433
0.4703761539346238,1.242530936703466,0.7920488451498547,0.08288509855604365
1.337565277841511,0.21165443379281632,0.8058539847122004,-0.7450814988334018
0.9715972283921941,-0.932119259477383,-0.31617731542097016,-1.6293988874116376
-0.42045429997291184,-1.2793974479962211,-0.9688075880982074,-0.019122662603229257
-1.2717774909956379,-0.5589239382906501,-0.8285893545258394,1.6298236667664106
-1.077108575037382,0.7205855774608672,0.4291292852899209,0.6939137916533422
0.08104761001657115,1.3208679634466196,0.38413087859754835,0.1734415683949897
1.1724244948869504,0.5838746588621548,0.7629210222877969,-1.1474621614770935
1.1261400916620476,-0.604931961509962,-1.0245630687745488,-0.7502048775870312
0.06794574622326481,-1.4772340979878194,-1.1347757270141463,0.3505817989778126
-1.1880290146083625,-0.7686917605853737,-1.0714745983404195,1.4443987258407924
-1.2155768687639863,0.6550533658030497,0.10264678668028493,1.4506898886976454
-0.29299749271957565,1.1995597626511092,0.9784843137754858,1.0099815863058748
0.86655566175513,0.9977989510613916,0.33495811501546124,-0.6437207215381047
1.3317641287830049,-0.34525207502355837,-0.23833316283543016,-1.8419112661478632
0.44488787332827834,-1.2823036629465479,-1.247748793279539,-1.2457542945379896
-0.8742179923419212,-1.0717460292564074,-1.6962838008037056,0.9970821734714097
-1.26494880266893,0.25081570744124565,0.1255022823311247,0.9658933517036041
-0.7011386890531421,1.201730227529514,1.0400860191407562,0.05268397262897406
0.6698433077448658,1.0740043889540307,1.4010243004210905,-0.2073652954457883
1.325509808743162,0.11124814443946797,0.2563060812000584,-1.2579704556381968
0.754318796795685,-1.0711682556938298,-2.2736167076686473,-1.011208033780479
-0.460759534039527,-1.289644329436442,-0.42620688027790676,0.7414037096010595
-1.2781353761717547,-0.2398395827993979,-0.9275292367193722,1.3386241455767052
-0.9503880031570793,0.998341085749547,1.166872730214371,1.0678350199734299
0.43552295321908785,1.3532567069624812,1.4684348189622938,0.2276831980919336
1.1301706936735878,0.39440239535547006,1.415418342825988,-0.07284780695041015
1.0125855995690265,-0.9141929134360393,-0.8934690332179218,-0.4541548027705039
-0.10827078380428237,-1.2259347601202955,-1.5940445569908492,0.04998331066179196
-1.1783597124646317,-0.6837484240235306,-0.7435039081020833,0.8733068783659709
-1.0257820930761419,0.6277971787971188,-0.38222174361944306,0.8754377478035402
-0.14802133350042157,1.3622680986937006,1.5839043775380928,0.08851278622807213
1.09621669113401,0.8072435971941121,1.2363755494089306,-0.4056591588192221
1.2711959247927884,-0.5872108852694458,-0.563954536704695,-0.4888385590990324
0.16164791590398198,-1.2778199607980136,-1.5852206241387394,0.2714732719195645
-1.012296766509811,-0.9618050660694686,-1.5719801646074971,1.1373911327615365
-1.3658299790894644,0.33426702351632726,-0.31788885760689056,0.9574403274252916
-0.3468700405459655,1.2791670905669434,1.280158435198629,0.40032866225221286
0.8229094452959613,0.8805184148625573,1.0136213418878663,-0.9496344621141456
1.3008149353226799,-0.19795869657021886,0.49060268957330844,-1.0164352008784785
0.6161341885159414,-1.2246925085256042,-1.4625911635969058,-0.8509412689124274
-0.6264277572452029,-1.1229887530639833,-1.6754848926829085,1.1348943511105885
-1.2963481675427246,-0.02081812808649889,-0.5419335008552928,0.7640321356520478
-0.7038422874565973,1.0690269357081439,0.8699922785415448,0.9334649009909013
0.5073422315169198,1.1177697358933172,1.1848472066271267,-0.5448006282853712
1.3415884050890898,0.3373621657157726,-0.6647336722175012,-1.109537972356101
0.9600543810361856,-1.0377368462290293,-1.4072895803886787,0.2819563407869108
-0.3176994365238322,-1.3589723161442242,-1.5756446444687695,0.20664793851221996
-1.2627599094581972,-0.3290859578499207,-0.5142123695043754,1.5573605998285345
-0.9706196169894804,0.823411017184094,0.45215924263926177,0.25000030989074107
0.23933276657601094,1.297494807035401,1.454129074713663,-2.0060821267701976
1.2878124114446126,0.5692740079469545,1.0688557192868164,-0.6005019566862119
1.2031086955304184,-0.6006455420995817,-1.0143585341529926,-0.7102597160786883
-0.0027317945395229706,-1.3314148191117967,-1.465324094519469,-0.16047604324124887
-1.1901659716470978,-0.7950393460157386,-0.5999152141328246,1.4735731588818262
-1.2117733667235595,0.5511524439623959,1.266902911264387,2.06665949223845
-0.1729122454390371,1.2160271023699154,1.185369077446982,-0.15304784351755418
0.9654755484891386,0.7675193769812974,1.24729355485853,0.4620898575661192
1.3026844030717228,-0.36487102465001675,0.22449431224172756,-0.27767442434025236
0.39474876310676654,-1.2457283550681642,-1.6577601349425242,-0.2136865627419149
-0.8087176852108182,-0.9162277775590079,-0.2168839444842391,0.24134585277027387
-1.2926464963494637,0.21073291527243504,-0.5825720414613167,1.8550448008630012
-0.6770221677580385,1.2379840651035185,1.4043269795133122,1.2934263182288541
0.8171173450530953,1.0508263001777296,1.5371826336787058,-0.2711634139841934
1.2460729789928642,-0.0871382523238228,0.15237451043881411,-1.418767239322007
0.6788173139982507,-1.0728179190579608,-0.9981093230375787,-1.2647215240995062
-0.5350976040343457,-1.316954982348142,-1.106909769729717,0.1488119565300705
-1.2936092386767823,-0.1911983837780652,-0.5208220903626548,0.6507318330846085
-0.8770311729547229,1.1319221721256736,0.0675445526047358,1.0346193460820763
0.4067449664789965,1.3723708067176235,0.06766631975536758,-0.4620590673889491
1.2231566757011456,0.3696888643400394,0.950306532712315,-1.598686876972615
1.091654197419752,-0.754192853391534,-1.6267924732766141,-2.176568713272245
-0.10293754089286623,-1.230685335823105,-1.148941945525638,-0.08770035929909659
-1.1593836559790702,-0.42861685666944804,-0.046812460170755354,1.6922789040046495
-1.0405391451068637,0.7528270097838538,-0.23533710057427437,1.7365441424236572
0.015422351134756207,1.499124971492427,1.6241243066087063,0.008785155068314898
1.09668070265703,0.7066397473708591,0.1988905983371858,-1.5084463343556975
1.1529312192823493,-0.5032694628361131,-0.4562956592771006,-1.5969877265935677
0.28652171694013406,-1.2478091588463536,-1.7269560746886266,0.5097884555562915
-0.9222858524796564,-0.8665698538357816,-0.7267795669436117,0.5535436321953857
-1.2582270368981632,0.24945437392129474,-0.19734994085356172,2.11962707056363
-0.5074775790255903,1.3220510543206925,0.7401229218387517,0.010225913855143043
0.9042137662489445,0.9402612204876086,1.9399034713618473,-0.21709224915021363
1.34295802396075,-0.19168104315328743,-0.404885660426626,-1.605733805737759
0.7494224102852192,-1.234340667690063,-1.1863282631994028,-0.48137706272491587
-0.7772883889205278,-1.0397228003707937,-0.1069251418350986,0.2689749323991586
-1.351468797841026,-0.05170296066635155,0.4842652222982602,-0.28470237920781133
-0.6625261342479165,1.1043858005837315,1.6894867253095363,1.3148049605334555
0.555662022226609,1.1379857220051564,0.7893638829496293,0.28497846509052294
1.3701449814506388,0.16239981632876355,-0.8771867588013227,-1.8528887324085723
0.9066360812419832,-0.9351857748857252,-0.958926432989245,-0.08716067211783474
-0.3708195824981007,-1.2652233400828974,-1.5577507578868925,0.6511821048779853
-1.3446420655140106,-0.24516597837888296,-0.18638987011610708,0.976521021053763
-0.9580869176983722,0.9955567995108869,1.4125058031429427,0.8515537734869721
0.031123569354499114,1.3494336655150754,1.6214351212264932,-0.38293473989453597
1.2680400505218488,0.6572740627731419,1.555934201915793,-1.1619869790250494
1.2673422753208254,-0.7757575586734865,0.09685988698898584,-1.4662474594648867
0.04084801226747886,-1.2723247942486355,-1.5598906906450842,0.5724977454381086
-1.0715628607564822,-0.8199481723507355,-0.02635850270175988,1.2480304292600963
-1.2257201512214462,0.5688464779856351,0.29625229306475487,0.6131218211076106
-0.2344448645488928,1.360093526920615,1.8935767657761442,-0.13278134862089952
0.9958786828395764,0.835833594846734,2.7217004235362916,-0.8376015585885838
1.2221991960642087,-0.3915069500152361,-0.5394622962392293,-1.8050974944183167
0.2587011400135813,-1.315112103275944,-2.108012281338246,-1.1212185867073998
-0.8258563997394497,-0.6835697783426116,0.08723700299188675,1.4539691907683527
-0.9603371945167308,0.3010222872335885,0.5863150691148256,1.1869037520581274
-0.20292265254681913,0.9199044142062984,1.3028955421541528,0.06508429805467175
0.6962483488901988,0.7579056185589653,0.10562759589430204,-0.8108481363050429
0.9000952620783522,-0.04934152746641293,-0.8640871234982772,-0.5064867829744254
0.3327512842902169,-0.7950933114195524,-0.9104783369188332,0.08453191335537069
-0.7438153202997043,-0.9458413065335691,-1.3904055265943343,0.0857130622173996
-0.9964671371534407,0.09971077058631142,-0.04533425688744486,1.1896000187320057
-0.46932536064271113,0.7508041731803773,1.2070601397682639,0.49033891349587355
0.444834292162283,0.981433421936823,1.1192979539010497,-0.14014148979908547
0.957266469046004,0.16688686658128712,0.004090890964077998,-1.2924005365969249
0.7373058962983483,-0.7569671851570643,-1.0464666559015336,-1.1220605827654344
-0.2711623287730138,-1.0207207822151265,-0.4092552953765886,0.15392557026589537
-0.9858373884230341,-0.32663129373113264,-0.03913285474947514,0.2453582962839107
-0.757915093587438,0.6327310277888603,1.6647720159809587,2.5416081504921593
0.1207839587611259,0.9326994217817176,1.3601052254868111,0.46928937198711385
1.0411378616746267,0.45112149081092495,0.34349871000885046,-1.0525468589288534
0.8917893747568322,-0.5076281771079663,0.011595033563297497,-1.0702351449925358
-0.07681331648770562,-1.0773651095300663,-1.0737842825321529,0.7416701857646185
-0.8598532841322718,-0.547969866188937,-0.6934025243640313,1.3798109205212987
-0.923569450441541,0.33585378407552974,0.7815794229854861,0.5226023332090435
-0.089288116089963,0.8899395702474906,0.376156258454975,-0.13391882524077636
0.7890189893536205,0.6187124400877706,1.5739648333034284,-0.7764282954138291
1.0005168164859053,-0.31244667200962445,-0.9887317449476896,-0.5987254865232213
0.16981378796862961,-0.8292113379348466,-0.5229714277969766,-0.5756967159678611
-0.6794422209017541,-0.872000253103995,-0.7974579013477379,0.8353084708735881
-0.9726204110861038,0.23225472569279035,-0.3465977190498526,1.3963402222901828
-0.3434432773225298,0.9252025969708075,0.3739584077838187,-0.28246720289877236
0.559090275270393,0.7672341030847344,1.5755369809344981,-0.6588125903644371
1.0004543436551383,-0.03333033647762266,-0.31091077503547226,-1.3008583212788327
0.444365112858574,-0.8147767299708976,-1.496219748407676,-0.4906339481202626
-0.4512242679410193,-0.8453133531674999,-1.1244827172145584,0.3939624155924937
-1.0238961987672859,-0.07898424638700544,0.16566759191277758,1.2569487792733305
-0.5807234472689279,0.7962571631985221,0.49708172554997543,0.025889588370537897
0.2623025041859611,0.9440103102957312,0.2186579490142579,-0.15122213060065337
0.9539786232436173,0.2500103243133577,0.14629255371384486,-0.5256675502899893
0.7001865341427828,-0.6520380675319942,-1.3477461021130492,-1.0220504138860487
-0.2765202999998697,-0.9611157402233524,-0.27766087361246555,-0.24768999493313848
-0.9249716393176095,-0.4648851625244029,-0.8942947239824223,1.0698447824585129
-0.8442916569995789,0.5301751311585222,0.052551687018193016,1.3175747785055636
-0.024793517791517068,0.9232565227495805,0.9963889083140988,-0.12597790222947935
0.8334148348552088,0.4011276421907668,1.005879126783214,-0.27130016739460583
0.9134404736220522,-0.4684415168296656,-0.9135620922941184,-1.1028255091566548
0.1694502467421823,-0.9598100981344745,-1.3768394925152931,0.002621874737578911
-0.7864662480496781,-0.5844799363581609,-0.8211380395418816,1.1522187655514908
-0.9143309165042826,0.28181007799972946,0.7062323786348557,1.0026162835864716
-0.01672971418013494,0.9855437263204688,1.8412955506379516,0.4643869282452051
0.6445065933517204,0.8240786070886985,0.5929576599726799,-1.4411223116555376
0.9277122414086973,-0.1250829649651308,0.292114979558904,-0.6481213952532123
0.3979851684365471,-0.9713502790448568,-0.11538979375401576,-0.10791976957727045
-0.5578161355313899,-0.6711358987815412,-0.49590492344895376,0.6596592535138307
-1.1103945639710058,0.07820865253969772,-0.22324505090750346,1.717226410809678
-0.5289396784094318,0.8766559477873812,1.4380579605869848,0.2644055421437841
0.5073825304391245,0.9470025993474299,1.0417001541363569,-1.0556484961526436
0.9910972344614808,-0.05282921980340169,-0.20352957446485187,-1.2901806994157854
0.6815625020755398,-0.7361245441982031,-1.0010974092616247,-1.2870046683371839
-0.39736332417684445,-0.9548982420653643,-1.546234010486628,0.22700132986944344
-0.9275603263928128,-0.161293902181726,-0.46923052553522804,1.6289692593157379
-0.6581460694581929,0.7135811062266254,2.0144824904468672,0.760913696101988
0.3645762504632204,1.0782822911491323,1.5719459113751961,-0.5234360136088234
0.9183225493141031,0.32761972972128084,0.8460775589312197,-2.0193720641606814
0.7652184039185321,-0.5742050435809216,0.10837409611174298,-0.8026619785112088
-0.06276234696613171,-0.9613627006494441,-1.5844146259419671,0.46599828937198273
-0.9328982117133253,-0.4500684171046686,-0.11098635937137169,0.9627613838911366
-1.0404200403550945,0.5173701630175663,0.626082105184711,1.089092467372536
-0.14811360598592022,0.9593663626308051,0.778714876718685,-0.37144815036389833
0.7813368514582619,0.639695357754935,-0.667056731115156,-0.6923566874134457
0.8440520960924164,-0.3706749287034293,0.003857781631107504,-0.6347411239376873
0.22226327289770628,-0.9913684515780307,-0.4810959677013607,-1.4387948379971771
-0.6402924779047411,-0.7705919690685608,-0.3305445488930331,0.22353384607034565
-1.049530068364462,0.12173324775816358,0.21340092113382614,2.238347395043483
-0.29648327123210927,1.0170720507567852,1.04103451096806,-0.20522800077280245
0.5791927799754862,0.7527174681054248,0.7946316368372935,-0.3288996456519666
0.8839842774487964,-0.027572113053869387,-0.2695944198121114,-1.015018925741944
0.44160063957333445,-0.8387177834603173,0.39708214788406526,-0.3810724868625376
-0.41369256532058146,-0.9280634644897306,-1.8612628660117896,1.8415057936170924
-1.018277929917943,-0.05643361283745697,-0.7432719021796363,1.3937779903348606
-0.6864162361316942,0.8355276009481404,1.7517815310752431,0.8562563621611236
0.3443838953177966,0.9872843947056762,1.4456130811821915,0.031170164597619787
0.9906063925953138,0.3974485675656722,0.3972678648475775,-1.5199785388067624
0.6762711329074163,-0.7003271157031108,-0.8702711386948303,-1.1892628664782157
-0.2055740044062757,-1.0720867519994257,-1.5877315751238512,-0.3176041489076209
-0.8527117947130806,-0.3414821686260181,-0.28407122201259793,1.1925863092435502
-0.853762606501581,0.6170605990410921,1.3309642392155596,0.3441645735694987
0.011923732627023106,0.9891000981225009,0.6528415731911038,-0.3456083405978755
0.9241526268553149,0.4118271894940202,0.009777518461180912,-2.0062036523431037
0.8883888613825045,-0.5826172816039182,0.14206106914041283,-0.7489725717320175
0.038801034546940553,-0.9700195033137858,-1.2799798007998076,-0.25439325607504837
-0.8751224845579906,-0.6899324611601247,-1.3801628997931075,0.8307193850903524
-0.8180825869791147,0.39138962064294625,-0.5612677814511763,0.9100201578930794
-0.0820102690363248,0.9031602666140229,0.835650937247527,-0.9449047895133611
0.6222732998323904,0.7242580554160718,0.6661694661776651,-0.7429675240245853
0.8972363165627882,-0.15020660555793428,-0.13940405429062053,-0.9172472202017165
0.3618402288910606,-0.836597613880338,-0.6292678322893854,-0.024852713250229086
-0.5119169852954669,-0.8347548534605466,-0.564082777507316,0.3514877749989731
-1.0670242745816334,-0.08540815634587898,-0.6802364143040246,1.3319887759901083
-0.43046893100489925,0.9157749116136013,1.3140590235761611,0.7054079120129253
0.3932038138433252,0.8734691650035222,-0.12352012849852351,0.26254559499076735
1.0922948144926852,0.17620317486696196,0.05767150205705174,-0.6011464852261084
0.6393006737653275,-0.6610220847150882,-1.1007389162805774,-0.7667271914149837
-0.26235395769193304,-0.7987796259931961,-0.2853362869664941,0.647109912543718
-1.0507620736191545,-0.2591469775468645,0.039755821299245486,1.3093744612823965
-0.7074160451440037,0.7771246117845731,0.36876941460386226,1.6825157326493334
0.351643430422413,1.017037913530807,1.2550864528719237,-0.452872675717379
1.051449636760431,0.4885639999428,0.04459986745563138,-1.0838663391632823
0.818156878717788,-0.5471183521759223,-0.42803945672860055,-0.14538705443305905
-0.06571770326806173,-1.0195994423428991,-0.7076503894499138,-0.28261259600042776
-0.8031273753899694,-0.5249376856662282,-0.5791109647043702,0.7677695125395197
-1.0112922755121183,0.4216944727139463,0.446224569266474,1.1019258515177879
0.010999632792077593,0.8983765754110643,0.9620248865098443,-0.521879019713834
0.7574484116234397,0.6276739190928695,0.8879711411635371,-0.6270934882654866
1.077979304532791,-0.2993935510084052,-0.5169769081231618,-0.3130751693650352
0.3127888202209079,-1.034295162566094,-0.9862480502051494,0.5224705363384541
-0.7822122372953618,-0.8455857102684465,-0.20136662845490205,0.9040351501698879
-0.9512688265911522,0.07561203124365345,0.44223718104421106,0.9733708555728227
-0.3878837850945453,0.9153493654500321,0.8746076624203536,0.023550293301419223
0.6250881533103076,0.699366662751193,1.2069754548907548,-1.1033045863173345
0.9160770436503671,-0.07623298357333322,-0.3456446411707381,-0.48276132393369203
0.5065756922589855,-0.9265595068336976,-2.126826915417538,-0.2924624682593907
-0.4368216593035973,-0.870800625182411,-0.8029801308710673,-0.17716155436502845
-0.9487634993547078,0.019499867283699707,0.10348621253436385,1.6322411161791364
-0.6744506487902109,0.6960068960896827,0.16825836730656352,0.5514707541979086
0.4116300473618975,0.9219548085246229,1.2615547137836707,-0.09375095065406125
1.0607390967807477,0.11561912133818955,0.02754556176965628,-1.299652504224679
0.6509093570240815,-0.8673331479908797,-1.037746866423082,-1.265457601969836
-0.29766036480512686,-0.8845119646873532,-0.8000016379490418,0.8808909763969153
-0.832354598719324,-0.339297426553776,0.6619616610170137,0.6857787548664193
-0.771917400030078,0.6633255540364215,-0.06117800480786362,0.554793884466761
-0.11336155425521342,0.8998572032914438,1.4256690044031541,-0.39009973654382135
0.8812566062665625,0.5030529142446752,0.8855168881099756,-1.5275322109553948
0.9044753865541725,-0.5243548082934917,-0.6127166268246204,-1.5338468142263961
-0.035605793057333954,-0.9400932526932533,-0.7753515984599065,0.7569166434642421
-0.8065588760204466,-0.5135955789466102,-0.3995350302674544,0.4049329779217936
-0.9646167985984528,0.366568042915812,0.8507552947894625,1.338514077080785
-0.25336255181909484,0.9956087871631407,2.0249001066407457,1.0593750560550557
0.7746647980591823,0.7593522556114275,1.5933073978598444,-1.2247468553123853
0.9309997692626644,-0.2354281961260984,-0.45355716905319143,-0.3686919696054639
0.3915774145790161,-0.8477815073294894,-1.1723019723298507,0.003570814182145554
-0.551272090451947,-0.7759990437932607,-1.689380388517336,0.6485874102987138
-0.9581328987650799,0.03797974320911418,-0.6365749232344642,1.1019887667080934
-0.43969477125733186,0.9276675842412735,-0.008528141333792316,0.45791635117288454
0.5207895383492211,0.8414847647013526,1.0670639277115224,-0.864116930501555
0.961114346410679,0.14690146518595468,-0.4538583140422875,-0.46475025279422383
0.5626009425591212,-0.8069070006170019,-0.517402633502892,-0.7303489683880221
-0.3349522944592071,-0.8533834272623757,0.11860368140136746,0.7068008930168906
-0.8612550282682898,-0.12393811179797935,-0.4790062977854337,0.5825879864433122
-0.5959667155690818,0.7573125093711839,0.5693646204494429,0.7756023621726765
0.209472976825116,0.9764903694291585,-0.010315451984679452,-0.39896314774023944
1.0024236807642293,0.27641728528604725,1.003736076761954,-0.616819397535885
0.9103229951347374,-0.5803968567463385,-0.6491086360716009,-0.600352314863164
-0.23601842063993303,-0.9744576561043322,0.06668568608177411,-0.5850150416686806
-0.9283438931767186,-0.44590176182995567,-0.4675384076810951,0.5363530286421161
-0.9186581081465768,0.46177910349739965,0.7008472133135585,-0.1566568881773811
-0.07270139673565612,1.0549133376203563,2.1389700365769992,-0.19951306191682283
0.7943643020034773,0.5958235233557257,0.9088057032964125,-1.7204375657322857
0.9846007308497516,-0.33302475473954163,-0.8737929321590532,-1.579137301862588
0.2871120939873209,-0.9762549830212014,-1.386742343829265,0.45618823664269226
-0.7376612232951996,-0.843711055340467,-0.8465633122381788,1.5078848115483083
-0.8576498727212256,0.06712910722499588,0.4829753476082138,0.4422664768289723
-0.28452563293852423,1.0082599027334525,1.6348311292341022,1.0343818384671077
0.6083140715281259,0.8435667296790447,0.6756468983840752,0.03359737750986802
0.9763580743567241,-0.07486550633318234,0.48392339862962486,-2.3012917152347137
0.3224201543355097,-0.8360911743781727,-1.730369144541304,-0.3774745436527638
-0.5112019880008094,-0.8194138459169295,0.35125837758586326,2.0102083928772063
-1.1231430401276126,-0.07018723804181207,-0.31625536756292094,0.8772765710828534
-0.4828680383045538,0.8451632875269678,0.48074966036752154,1.0350737556373069
0.2188541977599713,0.930325185047412,2.1292689371029248,-1.7144735872036299
0.9201003912848819,0.17073373702283717,0.2534956446880754,-0.5223378622969721
0.7445435568736393,-0.6654533613167346,-0.40768474498348917,-1.2263659737186954
-0.2740811579690588,-0.8377272961506701,-1.2880237598051525,-0.004959652101827472
-0.9996162143969521,-0.248935095214753,-0.24440312819637933,1.4441306377118115
-0.8337074987124194,0.5901930663285886,1.1399848740962781,0.008220102220785064
0.12443896000748278,0.9741113322267275,1.177419349461322,-0.14210977198953478
0.8942038442853735,0.4683995965899388,1.066196827234993,-1.1216316800869233
0.8071339484484623,-0.4698659851875706,-0.014793944066239795,-0.11467475110125136
0.0718070082199224,-1.0187739165417906,-1.2908376442294256,-0.5400761493916473
-0.8222435140197796,-0.5369457343654622,-0.5790794022575707,1.0107558117558884
-0.7174658569036911,0.3355517115410569,0.31184866152623947,0.5545213987345368
-0.22028479772652268,1.0051548921453035,0.8622833683268569,0.3051464225145645
0.8070440260741479,0.6046242304254353,0.13711919428065988,0.10930942062366056
1.0086570133752069,-0.23393497108687597,0.213992244641239,-0.7188700474290766
0.20695301600772065,-0.9270028392501051,-1.0270832572000415,-0.7375262154065637
-0.5578909021899214,-0.7073674308688457,-1.6325187102271805,0.11976128496577143
-0.9982914327434543,0.2232351088401796,-0.4931110036798614,1.2311428781957623
-0.5052111381628311,0.8580425563742067,1.5316511629687015,0.633930484479896
0.39049550421826135,0.7272189748585345,1.6345696430915073,-0.3081840637518246
0.9746241280371081,0.07450119026212682,0.47236458678182325,-1.1513287947749546
0.5610474067830131,-0.8226411655740509,-0.8050976228868647,-0.2406597208504091
-0.3060709789771291,-0.8936508098621323,-0.7622497161098929,0.04269003311914543
-0.9558472914527072,-0.14717420253750152,0.20534982397924229,1.062011623411346
-0.7045780391259737,0.6733504826335714,-0.23463645042160974,0.9490092635842623
0.29628602701559265,1.0084213708495384,1.1451476424032891,-0.2393143513760293
0.991030138979711,0.2971510613996719,0.26647014676277725,-1.2039835020281124
0.8926727142252208,-0.4693707074514928,-1.2759395451282896,-0.8597641543413237
-0.12731048937796186,-1.0337792736078546,-0.5737373610925894,-0.6745231262125762
-0.8809267933157249,-0.40685905115348514,-0.7298971590554482,1.2365405415245057
-0.8670269823144886,0.5247545265214466,0.2522970574075717,0.635097917034644
-0.01300022014611242,0.9973687015316944,0.7600639558390739,0.6824754939773536
0.849236029670765,0.5729776133279676,0.8324775447931027,-1.3550403965739861
1.0267313347470137,-0.36647271005186716,-1.1914431610241387,-0.9451326872243856
0.09346527293860707,-0.9999793011834219,-1.677347254112318,0.041510333758352225
-0.784071587108062,-0.677365421288028,-1.2886240730972853,1.170916374689403
-0.9895296305850836,0.2802558218245288,0.36891973133960254,0.6309015118301237
-0.2761953565309814,0.9335490689910787,0.30578521928329605,-0.7228709250387078
0.6653280771722614,0.827971806982415,0.37481976136951534,-0.3277182600160916
1.019994269651767,-0.07742055827341,-0.021635139886886368,-0.7219125996420884
0.3047043880816268,-0.8921581020846311,-0.954463031876139,-0.26137428923563466
-0.4807392387981542,-0.8861677693437355,-0.2742032179807055,0.7629942663945921
-0.9983381183500306,-0.0824885960903945,-0.09385709304117529,0.6430493968600007
-0.5839820193310141,0.7999109336651185,1.315916683734161,0.5084961701914797
0.266811186521698,0.9025349961658315,1.0596954190362442,-0.4291929055941801
0.9986895827224185,0.07742887276754089,0.75952758569097,-0.4771480441010613
0.6490832676169849,-0.607698100055776,-0.10388287745736025,-0.8319161658040641
-0.3954860396103492,-1.0619408009703726,-0.7941497674832577,0.755846767438606
-0.9043503340483948,-0.43989864878206014,-0.2834119419264858,0.9523325512381372
-0.8054808579767255,0.7258314310608944,0.8154732759551675,0.09830362465630349
0.22049240747642634,1.0403488770763774,1.893342672617696,-0.14376422103514974
0.7396932114937074,0.4664833374269871,0.17073639017677833,-0.30976299801634133
0.8926058185606687,-0.4303849952044747,-1.2725372535953616,-1.066704985858953
-0.041964802471972366,-1.0447902642417768,-1.0688541267594596,-0.020879620054734538
-0.7899918630173506,-0.5202977604601906,-0.45974175875768075,0.29097123642039757
-0.9719528292237904,0.5611322501637181,-0.14893384757189154,1.1062980542090535
-0.2071471065242903,0.9813157947475296,1.5858368866256771,0.2201052633071643
0.734360017547458,0.6623821096047151,0.666589158800811,-0.45862579465387354
0.915208436654757,-0.2506468484888009,-0.12111084726482813,-1.0598996154374802
0.4025120173320116,-0.9618240404778579,-1.0428653589852888,0.12779790651431533
-0.7167160687327117,-0.9396101518223374,-0.4797663777507666,0.8134015756813856
-1.0347190642787134,0.0024476075912283207,-0.08308188338935985,1.2932084034397175
-0.4922072888892186,0.8921825652713582,0.8333930320562871,0.703876535477786
0.6324047585319124,0.6890070741194352,0.5592836944333326,0.28939397824478796
1.035490857693767,-0.05021419865210731,-0.01573468067598005,-1.4147635104583256
0.5536949317329314,-0.8126547515670524,-0.7241729183436226,-0.43025423621083025
-0.437432646960065,-1.048831090545886,-0.02761235769747572,0.2716774606566341
-1.0244638484100193,-0.08415576885473479,-0.2762002338498959,1.3540381494329314
-0.734222731085373,0.6186842462821001,0.4365634696016324,0.19635713339006766
0.33582392535653294,0.9646449406404695,1.8459298255806063,-0.374560218001625
0.8277207048100154,0.18861100599581862,-0.1921736972969812,-1.3856809672971253
0.8084426822838606,-0.5686617278533601,-1.3420145538091404,-1.5714900145085302
-0.16616251746210747,-1.0874929456369213,-0.3044103419707798,-0.2748077045856462
-0.8788964307885455,-0.4304145326537577,-0.20534868057911604,1.829740200148972
-0.8358007362592194,0.5993881614431635,0.6855445434606339,1.3640551853255383
0.07686776239871007,1.0678960586509836,1.366321962981023,0.09497200204876266
0.7653478996762209,0.5813936031631899,0.879404397056982,-1.0681780835024894
0.9694072674022134,-0.34461199360724754,-0.5268588737200253,-0.8264789882629608
0.0732888699908436,-1.0002628528146007,-1.081423163992375,-0.1736284187078141
-0.8833513636119201,-0.6186866117959706,-1.1244575429687809,1.8283330509416973
-0.9648383073029435,0.40008077663207126,0.7208240477344879,1.469086091235814
-0.3561721656609986,0.9332044167104349,1.1270482990753858,0.4139288009361347
0.5814030381774632,0.8455895427763203,0.5655589784888443,-1.623788176122734
1.0427189019236625,-0.1153834205596611,0.9487679911335262,-1.213367558838394
0.5115162004307163,-0.8693307423373537,-1.0487881479069652,-0.707624302004376
-0.5903050318328147,-0.8404452591555732,-0.6823825133988098,0.43638972081435634
-0.9100431535841893,-0.11551577059991133,0.3577345863019865,0.5267933306525358
-0.5851644062916687,0.7398451020617611,1.4718279341150948,-0.22993970065114888
0.3660587018748067,0.8799825118255874,0.8120851803094498,-0.2076771904453928
1.0046106203749334,0.19399232062450408,0.9370171682907907,0.20991644149393598
0.7207135186600672,-0.7636567916646101,-0.17660952833878807,-0.5278533691682408
-0.17094695273589117,-0.9471594596494259,-0.5354998631774164,0.8133411844079247
-0.9019245966691793,-0.22983906770439563,-0.2955242572244826,1.706614797270647
-0.8321401576064318,0.7415802900139147,0.1402892846879772,-0.3609817209418864
0.09027783572355265,1.0511322112345052,0.3086210340405532,-0.11678089981484674
0.8431524388364969,0.47093743112975067,0.160284101437701,-0.6870029142686507
0.8457771227832132,-0.47598777742028925,0.0458571808003394,-0.42057412556774254
-0.014623867083294533,-1.0759536665339597,-1.783846709570064,0.46145295664148767
-0.8169968837581011,-0.4428451027015715,-0.6061247440540851,1.2105726048359395
-0.8749558506071511,0.51814795365784,1.0706448933445205,2.2181584459350563
-0.121333688180508,1.041513254066823,1.620676330290656,0.0022400574940628637
0.8048314673998334,0.6021447341120532,0.3897348573027021,-1.4433826103892244
1.0127647753091107,-0.33818815535798274,-0.007820529826295664,-0.7562623122398807
0.2696310025355089,-0.995310772567187,-0.9477938980894441,-0.005552117106355503
-0.640127609976938,-0.7195504981352133,-0.9006797173882364,1.0310015390928617
-1.0499255725139474,0.20593067489273603,-0.01017392979743792,0.5707017657134004
-0.4316640864649039,0.8253837969896703,1.3618008943152515,0.07466990932528061
0.37869763268967116,0.8803589606224689,1.493872785553493,-1.507532836973217
1.0396569653493677,-0.08896152415180339,-0.0384721609518246,-1.3567577720347628
0.6631888979397467,-0.968795234179154,-0.5660044505604345,-0.28589362047547584
-0.4427307907479123,-0.9041703726902548,-0.5281389498039659,0.2513712264410628
-0.9662847377749431,-0.15886214060664502,-0.45413705133268645,1.2412257268713824
-0.6393556762011495,0.7329174791713169,0.15236342554611537,0.49868424538147604
0.2789524618739827,0.9394661715324616,1.2103788920425007,-0.47734814534754977
0.9503807259754709,0.29827306346058713,0.7474671810622041,-1.2753897414011088
0.7126000287067848,-0.6750483758970457,-0.4738569238824325,-1.1513005588036491
-0.08305787334736295,-1.101288691935715,-0.33014544466623197,-0.16334070233826714
-0.9510421459640815,-0.3731652700030715,-0.07012365077780913,-0.506945548542993
-0.9373777906667058,0.45238981859789307,0.49986218980886676,1.1159651099194285
-0.08801318466610458,1.0251357850709242,-0.5056918695983107,-0.750276547750266
0.8543813111235007,0.5615407090480046,0.947188978454856,-1.1158648499276382
0.8299822132019365,-0.38173148005342067,-0.1967730403676049,-0.0036960537600558285
0.1796398341646172,-0.899758973314342,-0.7102970363333352,0.2758703121608008
-0.8116349674859096,-0.6518207986806819,-0.41896623664835486,1.1068535017818597
-0.9270480106177348,0.26995240890542455,-0.31999065881869737,1.2616874892648444
-0.3168581143372519,0.9365252190656688,0.1434554020972699,-0.2427645001878781
0.6706171184272924,0.7877091719664807,0.3471454261530049,-0.46393739995550354
0.9160440334599323,-0.17083153563683937,0.44344490970625206,-0.9571854864327528
0.44532103498253583,-0.8936104520144754,-0.4507900099318793,-0.35155582257028695
-0.4604992542906404,-0.8701277104797,-0.8018372249367345,-0.07995862394209963
-1.1369428630563858,0.06196751449117321,0.48735671236836975,1.9174549731911212
-0.505731620428448,0.7707561648191745,1.303048575379799,1.1146482763054089
0.3640146791106219,0.9434526202226814,1.2200336748681302,0.019711963237611374
1.2211459275991323,0.14886679946717238,-0.810622557208428,-1.0234370593893987
0.6504457317059515,-0.7516378901551307,-1.1482327021809957,-1.1051115987506914
-0.26759617964232213,-0.951854390148689,-1.0001565115405755,0.8078963691755214
-0.8727492095608939,-0.20615402311830816,-0.8845745644069047,0.35354298384526833
-0.7931359431152982,0.7405356373694947,1.4134540464836964,1.4983176896219434
0.2349587811475628,0.9642424158705343,0.10673338112049055,0.08567449105734981
0.9248314441621159,0.5324954756790798,1.2186688797346268,-0.9324063723547871
0.8183342248562143,-0.5016408778529553,-1.0144038818009715,-0.47705667104762706
0.04948534933712799,-0.9905367828408084,-0.6318218312258768,-0.8031356629789371
-0.8320363870874786,-0.5913528623676019,-0.3125123263357815,0.5140360910643879
-0.9859985724458066,0.3655574051549255,1.2797669850643438,0.36894012667324644
-0.2366692499623202,0.9717551835782879,1.4281250054007837,0.1059966481500646
0.7188004030586599,0.7233117947548305,0.7956914352813654,0.46727453793362683
0.9151060770696743,-0.30401669984306756,0.08434478177756499,-1.2528110552906968
0.22595139618105708,-0.945074512274712,0.07145975323042272,-0.29323422807501887
1.2655406551438126,-0.8659555201777481,-1.7547527172289645,-0.5801619810769021
-0.021961723795801857,-1.353645089981521,-1.1152188892261887,0.23436266164354236
-1.2644341852481593,-0.633771372824126,-0.49982085908471086,1.4377390692217245
-1.2517309258179825,0.6405967061001391,1.0916909755714754,1.5766621488202892
-0.13613301595485033,1.3661638803029899,1.1007603602388383,-0.010056344904892933
1.1111359928866644,0.8237791202905216,0.7727450867097063,-1.0292439127577007
1.4342823837924694,-0.4943324599586936,0.10813021736451267,-1.4791305840786924
0.2822316125896432,-1.3486963804468186,-0.828295141880109,0.4218770386312243
-0.9318440519973277,-1.1157891120698025,-0.5710302154127245,1.0919923854193003
-1.2357514765765538,0.3008394466479252,0.6529182597457717,0.9263515168392455
-0.4821946098971585,1.3114888858854268,1.6676501718189567,0.1948397065701668
0.8346870263699794,1.1814920112209204,1.468662326633569,-1.111980534152227
1.4600359315526668,-0.0986598619339008,-0.029353279010515543,-0.9758074969721056
0.6753961204504197,-1.1102899396758903,-2.110071998528947,-1.577774607471557
-0.6701071126483265,-1.1616679152683331,-1.3780330543155384,0.05418890922403219
-1.3655117025522137,-0.15072270678261934,-1.066466320839926,1.3749827035175282
-0.9495542596686648,1.0804045890030691,0.6018002614274343,1.291640977779872
0.45531489513679196,1.2050386516317912,0.8584436998521566,-0.7923345171788798
1.3111888093307331,0.2548020277718197,0.37242096513265155,-1.1500251754430497
0.8983047032831091,-0.9187646722831861,-0.13052964407040846,-0.9922724446102404
-0.1906310744962111,-1.3296560243966626,-2.026160894491987,0.11857167201687169
-1.277980623827782,-0.40327835748678087,-1.0233252170222762,1.07655316453578
-1.240159024603024,0.7578377995339934,0.9110883152667215,0.740612325206651
-0.045425195018465675,1.3574515095854187,0.9456325881470271,0.3503629353450588
1.15803573024981,0.6151163994195868,0.23021170894956366,-2.5865177994214914
1.3331603287533529,-0.5856519616970923,-0.328305720660389,-0.9667281190811511
0.0896324342071595,-1.4447722186680738,-0.8491226220013194,-0.8378556451764285
-1.053054067055536,-0.8347730739056813,-0.5938760135981791,0.9050280599729316
-1.3951753187369302,0.454448406653182,-0.24239868108165363,1.1601385697736155
-0.41652645075432715,1.3034413496525539,1.7593847320534868,-0.23667403492321104
1.0006483570498748,0.9678794933887246,1.090311206693401,-0.022042862553282583
1.359463904647859,-0.26520225121210445,-0.44844812934761724,-1.652377261982288
0.5631883101793076,-1.325506165970553,-1.162653041761545,-0.1865674997658029
-0.869473683128032,-1.0642841531648313,-0.6803032774182427,0.5834483450342121
-1.3760721700926921,-0.13971746396281362,0.27750405706541525,1.459767327190472
-0.7397376422065788,1.1396682870969381,1.1086021609679513,0.6577358682019918
0.5604241212178322,1.3384774972814832,0.6513529936681717,-0.9293114611164477
1.3537130308550147,0.013316722485061078,-0.5081666868170343,-0.9193342287757716
0.8640591061313473,-0.9563165182585258,-1.6899134124978465,-0.6909476230992917
-0.5333013567506633,-1.3838482622727692,-1.48221764025842,0.8258344601982748
-1.2307490427099943,-0.35577270408139205,-0.2853585282990567,1.326444365670331
-0.9325458740432144,1.0107769495715173,0.67969001757337,0.26573869776919057
0.2514298805142101,1.310317525169669,1.279119523016457,-0.8430309211710274
1.3801711609132659,0.41227638531524574,-0.06331662494417967,-1.917228921229603
1.0460493498115968,-0.8247693705215963,-0.9038536415962634,-1.522732792754904
-0.122454089859212,-1.4456173558269803,-0.6745299964214396,0.006953267054378154
-1.1825331769173175,-0.7538961878284954,0.15163173013744924,1.0412462077444555
-1.1623915454033056,0.5718170812603146,0.45361402946467955,0.37352065855454586
-0.17115789639448684,1.3829783517106775,0.9855369975676378,-0.5366427179530164
1.2335000075195992,0.7718327870743461,0.5065225769061188,-0.9388492111369717
1.353445219905996,-0.4867590923678333,-0.5680875506151051,-1.9050836649574392
0.2573390005716719,-1.3997235853377483,-1.711941816111225,-0.1197138178692847
-1.087908442326163,-1.0327082003844035,-2.2957918625221874,0.31753204928708534
-1.4180609643019908,0.31828210191031225,0.04643447153306557,1.959534444511919
-0.40496576666034173,1.2577138450179994,1.0552838529985875,0.39904232388838
0.8579976788937296,1.00355941593307,0.8488554563173129,-0.7661980537035429
1.370565490854432,-0.1896233322069741,-0.49518742716312736,-1.5029205154474004
0.7165228396752824,-1.2631675199220067,-0.6079135082378018,-0.5293273459104264
-0.6824604448561584,-1.3773565059790482,-1.6157047730250875,-0.3846853094437097
-1.3929604520121648,-0.1524295606745648,-0.2671454466314527,2.1853046327978394
-0.7539816038447328,1.1272891395657052,1.4538217149720989,1.0678505691479772
0.4921170938790382,1.3977771126057632,1.691412987573715,0.47955892031903535
1.257084164100039,0.2973299406423575,-0.07852910179239503,-0.21598545613514902
0.9206342334418072,-0.9175725875909034,-1.4896111833812697,-1.038318224685646
-0.3664806351831466,-1.3166366079592073,-1.0323517233614528,0.43825248700289143
-1.262810148536569,-0.4765142221444281,0.22741874974915866,1.106317552738475
-1.1312035853014692,0.8426071890652725,0.7258587781670245,0.8732836258014076
0.06738950941999747,1.474442149867944,0.28234667161578536,-0.9046185649945537
1.2342259208423763,0.580485960485178,1.2182618182516047,-1.4344419647403133
0.9913270878869482,-0.7489540530399648,-0.9214757168484311,-1.7637868917762645
0.14099332516443808,-1.3710824232747272,-1.6562409946912688,-0.5932937902424362
-1.0756356959671676,-0.8760815371154058,-0.9593999641856332,0.894228055591505
-1.3363079475841324,0.5055061186820451,0.025962901161018515,1.9413957567712499
-0.3091573147590733,1.3997683294311534,0.5096718287789883,0.5898441366086837
0.8924227546623211,0.9516108125212906,1.920098374804519,-1.5749030531390011
1.4623480285478836,-0.2316054995393083,0.14234261465325249,-1.8182313350595998
0.5017511487384426,-1.3226553932886471,-0.6111117106140418,-0.5336491371285912
-0.8517065579527704,-0.964193957039861,-1.6095550216517711,0.8679421788365205
-1.3437294165055254,0.025692375700063982,0.15606775895568692,1.540381303779515
-0.7085382536845038,1.2000678776675866,1.6198440645269432,0.4289241323178983
0.7174678481296616,1.198448951673378,1.7161744920040114,-0.1688986667501191
1.424634997714295,0.1639980120693564,0.3633611102939516,-0.015196443047570292
0.8040842108924501,-1.0340269042572254,-0.38351946089225875,-1.505757376168682
-0.5308792088209244,-1.3063663559518865,-1.1636469510529697,-0.37707630358123967
-1.4294546820374765,-0.18905393383493857,-0.6868360512908089,1.016673905909951
-0.9405150713612255,0.8804533280043093,0.26109598855722504,1.2974033395295848
0.1720130845381711,1.4344271988336839,1.3414078253069905,0.06530019612155935
1.2526330922135551,0.4053584511470542,-0.49494718694845563,-1.863993744437426
1.2130992858674883,-0.8405822244281477,-0.8957622503181506,-1.7255697448984124
-0.11927835559548004,-1.3538543772340124,-1.5015691590641267,-0.15491009800825073
-1.3379158830219693,-0.6276395824839114,-0.6865841550823548,0.7053635594654156
-1.0446096469938426,0.6834627193589574,0.7537733016075143,1.0126254366070835
-0.19924779939280132,1.3719664921832666,0.7298488024811334,-0.06421895486868556
1.1592430171426709,0.7863489189695101,1.1820893363500862,-0.8575479166301331
1.2804749659297272,-0.5020684372177161,-0.6470109780293598,-1.5954751141397057
0.18940515791998103,-1.6151246675291024,-1.3727840673025797,-0.7928953492916646
-0.9946609205932971,-0.9757223173006362,-0.7426244541695648,1.2215239339612642
-1.2467237041061228,0.34689670364686687,0.14563848241512245,0.3470576523549987
-0.44844522545516147,1.2854676122729538,1.9118497637016891,0.6557851002095838
0.8078831375216607,1.1486520126180182,1.3252885086440496,-0.6717526799985163
1.2896759990931237,0.07172945392024607,0.24977820200012602,-0.9998426213057233
0.7784352519809794,-1.2642549071671159,-1.4635056224195164,-1.20876743244286
-0.7032288886549074,-1.2843905883599738,-0.44778180339317797,-0.08991422675617922
-1.29963354058338,-0.08806879097333822,0.13134462432943472,1.8725413424096489
-0.7814677000314003,1.261523412973295,0.5139311758945175,0.11737478265883783
0.44115379094288043,1.3477634535045018,0.9631911757812522,-0.27667733183845744
1.0957270981445553,0.33465847374536417,0.8399384267093601,-0.8792889107288415
0.9824275202952245,-1.0537927885930378,-1.3134816507713591,-0.7194546353344389
-0.22949385034801975,-1.209397534768501,-1.635352974024924,0.9191593087663341
-1.3236076155359453,-0.45665187998055623,-0.7584849940878557,1.648955533327993
-1.097227136780175,0.7133989270891925,0.6512691305442508,1.156486660119429
0.13255381153608983,1.4753635361809636,1.7708014012302213,0.2773437693082048
1.2204474382215535,0.5535792282312653,0.7130404439877813,-1.303663451211079
1.247550036225938,-0.6680307020666192,0.1352212376301376,-0.9334557036135377
0.05279084626985317,-1.3850129944550302,-1.9874159937886255,0.40556160236436933
-1.1106913138481624,-0.8524666860869842,-1.409636822430077,0.6606613895809255
-1.3316225552808527,0.5708206443657896,0.9186458506351192,0.9302610447298778
-0.30615204995748746,1.3390127237968268,1.0102517628344838,1.0272784801079071
1.118196882104201,0.9128342971060041,0.19815623203896293,-1.191596173868869
1.371716468229993,-0.20440798879387612,-0.22004283701659189,-1.0329879961572468
0.3215703320184213,-1.1472234493553681,-1.1252339456536635,-0.479842895286442
-0.7414069111764429,-0.9966507109852101,-1.21740401663097,1.3198605894535487
-1.3494490514755098,0.1826356796628164,-0.2711099817897755,1.2735206452326469
-0.6327998475628824,1.238264520285707,1.6507489028759819,0.9357125140636757
0.6975064687838762,1.2111184236693409,1.0750879022172222,-0.38528933822880695
1.3945425362063713,-0.0330337281457531,0.21218055439497618,-0.9824465920669904
0.7573674904268399,-1.0443602144545434,-0.9444717909018591,-0.8453272781836918
-0.5878634266616004,-1.277233499256203,-1.6463731861594157,0.5491098843188746
-1.3602416468142422,-0.34774835940826976,-0.39728275492564413,0.9443586979797525
-0.9276660532469263,0.9261106517946497,1.1213277985199455,1.516919629434288
0.4153290518640847,1.3898591797948725,1.6156035052233813,0.44068836146459067
1.2155458456760195,0.3328094394302088,0.25439516592569933,-1.5218767728565523
1.0370084491183744,-0.8981766451125187,-0.5961928655277116,-0.7857360109781819
-0.10011211931753997,-1.2914369979063414,-1.7413183659736835,0.11503165496394407
-1.1929098976462187,-0.6145912765813463,-1.020518499923152,0.890022261607169
-1.3196593543893473,0.7446391281152099,0.2845419897140067,1.3540167535353125
0.06382522744125109,1.3706686354054045,0.4630703054110863,0.3757310477934117
1.0293442925342167,0.9221735910476729,0.10200773708142541,-0.807647554744223
1.2656181229799535,-0.47559797359483563,-0.940491905612596,-1.0007138035675225
0.29047463791407213,-1.4240324314727664,-0.8475798599486745,-0.21295309198717693
-0.8994384162928417,-0.9577879943595303,-1.8187518570954047,1.5324155339032435
-1.3169305691426256,0.21247310456616458,-0.2685924235740844,1.710428630047484
-0.486336917198473,1.172483993696372,0.8138274974143686,0.012249221212627948
0.8857506060717792,0.9762212908565088,0.6252913980792357,-0.5642541728817885
1.2998348496311476,-0.17308629063051006,0.039170486539606975,-0.5131358120740124
0.6389763232124875,-1.2905463558964507,-1.3615984036988054,-0.14869512415717767
-0.653895280385514,-1.2453364161800442,-0.7999557633565879,0.43391352082458035
-1.408536343826881,-0.023517024334823305,-0.4251786396085988,2.120187303454005
-0.7609710717080476,0.9812646894321029,1.020739390659996,0.5174383972592389
0.5996974548204721,1.2009075207540139,0.7387230574645887,-0.24400943690720767
1.3165468784312415,0.1618235937746199,0.6834061628931754,-1.0941133011995203
0.8210140146859484,-0.9551269661861223,-0.7710815843152763,-1.3937161485247096
-0.31518991251904743,-1.2269831209583733,-1.4309362941709451,-0.28695062981237696
-1.1130943497582924,-0.33779642836531565,-0.06991529238322913,1.79293671400567
-1.17885345731027,0.8370037863605256,1.0838399585119534,1.4872129246833803
0.23959840605175164,1.2832634850467746,2.0833179626853773,0.32727982738036454
1.2010523831450715,0.6087797035064425,1.5109933843963896,-1.3106149575226822
1.1310261351442386,-0.6744037664533012,0.5516141738074126,-0.7764241035200403
0.00011704034643775924,-1.3945733633784145,-1.155893218935773,-0.15146386443241844
-1.0483105923697404,-0.7625245312519144,-0.41628683570513303,1.3339667070458872
-1.2907566039409957,0.6041660346419288,0.5846378546571673,1.0017454603574432
-0.2619699064181641,1.412429291712042,1.3096160959850767,0.0760579212730228
1.0176749800137082,0.9985793679669973,0.6168859962396317,-0.9172370480435355
1.3865451911036626,-0.2778943840063016,-0.3683114673989174,-1.1671976673565643
0.3375173358109432,-1.293429109983253,-1.1637284265559737,-0.2765379325656836
-0.8611355437219401,-1.0029198881870793,-1.4287543926769646,0.8878499267147449
-1.372351266573762,0.03479865547619845,0.32774924643252934,0.9851470764333644
-0.6619643040253129,1.1519408653123633,1.4853913439075495,0.8417685042522471
0.6601725876594988,1.173354871993221,0.9010142375289315,-1.2543744998688566
1.4374138907947498,-0.06254220118458068,0.09565706021058884,-0.9273639225172547
1.1206102046026893,-1.1914059630785214,-2.174302574834133,-0.4369217692686178
-0.5794034044483646,-1.2023787779825024,-1.3225662523513215,0.18407620581699868
-1.3401474078845952,-0.2836173562385211,-0.25815347116634246,1.1616639039763819
-0.9112538731053463,0.9742840786126962,0.5084142151842214,1.3432571393317083
0.40553754875390896,1.4004359775426778,1.9445461834902644,-0.32611601046552363
1.31696757988614,0.4007104901141589,-0.18240569945934815,-1.2693211159058315
1.0494347334956258,-0.8108434243893385,-1.9297352356281532,-0.9707907298091811
-0.10683292352835906,-1.4168340757532345,-0.4858599045809281,0.014932941011008838
-1.325453156952702,-0.672640452663007,0.25925483848870723,1.107730155141895
-1.1908463778106801,0.6181867093176157,0.2317606825257179,1.401942529647452
0.002686412647547827,1.3126855636473145,1.6212214924265536,0.17424549170040216
1.0463341901561987,0.7121174916907826,0.8485480185506211,-2.971438833086691
1.3405336248374702,-0.5089199753943056,-0.8163753793413331,-2.232460064634607
0.20367505201257702,-1.2658852158216336,-1.8489039573298662,-0.483639128429193
-1.0431112515035355,-0.8681171246758349,-0.6473218577867623,0.976193635580202
-1.3108114317481945,0.37008890989420884,0.707722408299658,1.5182080027415936
-0.4605178627903625,1.2745980208295529,0.6096718853561408,0.02286198852230359
0.8725924488459212,1.0460567598445634,0.015724195297254773,-1.040571420419149
1.493503729214575,-0.21045103931186465,-0.043926173675366,-2.194578706731165
0.5746084706126409,-1.2504542976869184,-2.27557836464748,-0.531633386545256
-0.725592359645625,-1.20463184276622,-1.182563757822223,0.6270149325226737
-1.3491269089474338,-0.12339421045640624,0.1858449962911568,1.8690698157062249
-0.7713974752117251,1.124863916190172,0.10647543357103995,-0.15474026155562814
0.6023110171308552,1.2886336448798006,0.8050520880551199,-0.2888680244234443
1.3991951766712005,0.25352361507165516,0.3215813953850133,-0.8206054370002192
0.8865146850815496,-1.0630228731799436,-2.110009462899706,-1.131980604668883
-0.36630719027313274,-1.3231099004093811,-1.9835879731478,0.6052393927080768
-1.3376734621625408,-0.36444053617569305,0.2640352951292668,1.4542456569979334
-0.9537917560392872,0.9661164638437018,0.7230405953851704,1.1639211622418315
0.16505279705673626,1.2889825586813983,2.252864049145052,0.8807544505143305
1.2728355453013163,0.5177878975993409,0.7840178390720975,-0.35187463204953473
1.155333985768591,-0.5897186763289346,-1.0786498978533432,-1.3734140600917866
0.006547076958689061,-1.27369715170829,-0.8918322330110636,-0.778653569423664
-1.302524171911043,-0.7549523259583937,-0.9716957561830714,0.8822809380514279
-1.2653594932119536,0.4930266210948379,-0.01936616996065954,1.6216777616525535
-0.28186522985188384,1.3597078860167102,0.9647331585486316,0.27286225764560745
1.0727115624759034,1.013327789300506,0.9271520524681787,-1.4535116869821174
1.4195028695721068,-0.40778888962996024,0.11663627620691397,-0.6022637077643167
0.34818100940301366,-1.3149149564321685,-0.8067738855811718,0.08953366356379
-0.8364631935851082,-0.9160741329567168,-1.460833257665895,0.11171985783516969
-1.2534942379988372,0.184113749852225,0.45639896115592715,1.328673906409662
-0.566942966516995,1.283410101595427,1.4362260549704597,0.04409619513676244
0.8178343061082957,1.2193239052895453,0.7016299330267922,-0.9571737158023075
1.3018710656429708,0.15230743339629732,-1.004241323170778,-2.0378255298874297
0.7617408389992061,-1.1812810888638792,-1.1981729813418878,-1.5847813330995664
-0.6331708677407131,-1.1524315005062509,-1.234227434035633,1.2062488176472463
-1.3554793836224948,-0.1614326702495908,0.6075491155915502,1.3163040053545674
-0.8610809790477237,0.9751525113014718,2.432833847272949,0.2461144525654635
0.35719842645612204,1.3307729597391356,1.1096810903231624,-0.8516806707652647
1.2682847290341213,0.2010947140258581,0.26235628086577534,-2.2885416141663373
1.0007465895486338,-0.755075349505695,-1.7457735279969555,-1.2848341527338285
-0.09753635198654635,-1.4114659425025344,-0.8915431447985461,0.5058471421729482
-1.2094653465092686,-0.6505094509099374,-0.16669293257518092,1.8299306889922844
-1.08785949282984,0.7557152136123144,-0.2703208581000338,2.021796578198225
-0.015537477747851606,1.3733473681521622,1.4410451623040115,-0.6078730627674545
1.0502962670612765,0.8165125415876411,0.5330781236356441,-0.33549908680761353
1.1131983057411823,-0.5722607834315647,-0.31016647671009534,-1.202104362645262
0.09806959536967091,-1.398225679510012,-1.283934604371209,0.08034120217645158
-1.0682908149308343,-0.7952211297204873,-0.4600252175607744,0.8864586463280832
-1.2204349973911524,0.40835709707799067,0.5653859859728849,0.9691906396762001
-0.32126396148593694,1.2703622455826005,1.1889068962692557,1.0471871763695972
0.9769468279774429,1.0003749310321925,0.7983360911796689,-0.5530529811534918
1.4159196774890737,-0.15002561223774244,-0.8207654037017587,-1.4822383665224819
0.612844973458934,-1.2086785856269933,-0.5696057159144741,-0.7819766434990394
-0.7512414954368634,-1.0836933350552307,-1.4622160614290969,1.1641198262669128
-1.302939842098715,0.03785942759376527,-0.4476429749186117,0.9067682876808144
-0.7515015174642236,1.0577512544039356,0.5437296019167825,1.5588576923856834
0.44687708512246627,1.305307287932186,1.2514372749725144,-0.7022171281764866
1.430182353971341,0.14845303005709262,-0.5570189027024686,-1.126597496005887
0.824333374398655,-0.9199912327266524,-0.8922784412807566,-0.8437549401187022
-0.4254135833575923,-1.3322110928383086,-1.892800667574771,0.20440168970707662
-1.3003415366602573,-0.48083917630030654,1.0957265733604526,0.9407878567880906
-1.057133679067227,0.9225983623601208,1.4044984271114462,0.17360744360773672
0.1756625298812259,1.427406289572964,1.4884935342420362,0.06743835842201173
1.2894110229351523,0.5879062836942761,1.1809964513548554,-1.6347506895826618
1.128988719435342,-0.8263324401655396,-0.9740649961282766,-1.8337134920463105
-0.006816524204907772,-1.365522300618122,-1.1097368039603763,-0.18615524479844936
-1.1529397938668713,-0.6693096559025978,-0.7888128835482522,1.5565666593800758
-1.2486507426086748,0.5146057965222447,-0.035005790499841316,1.1568387234827087
-0.23248417153818068,1.2876769224109952,1.237034952484259,0.01266655336841227
0.9991558697161177,0.9829642767480746,0.14331293036017434,-1.473313940526018
1.4144306716474466,-0.43233994585964364,0.3811011166857814,-2.1126160898031157
0.40440746027555036,-1.289203659357287,-0.8170912824764431,-1.0113656632649448
-0.9780766690102762,-1.026814180670486,-1.5015807332765645,-0.17543678341519708
-1.3973825662724806,0.17760528046300467,-0.05048626959422431,1.5480937311520087
-0.5329040190407045,1.1414521611173867,1.2964332264013216,0.07682952268168397
0.7297568742733666,1.2309794052181648,1.614829608931742,-0.9924659644320233
1.4795296776078108,0.12560772071600917,0.2458681115528094,-2.227579975973778
0.7112143735164226,-1.1506368588805331,-0.2766150064866535,-0.23596754383586216
-0.5591510208980853,-1.2300443536208892,-0.8807932728838266,1.7741109969437474
-1.3461404663425123,-0.19014662190220244,-0.4854726691120115,1.9459746539023903
-0.8535648607700262,1.0912553618574559,0.9988613896873794,1.249734626208258
0.2853450600297383,1.229668751911258,0.9042162510940627,-0.4088043683712006
1.3637929698971736,0.4192478301178116,0.2612364061473649,-1.1449856533671292
1.078142136852849,-0.960911823624914,-0.5712756682963505,-0.37442575162274616
-0.2719772364178248,-1.3174889160294638,-1.5854015667863386,-0.18837907715231972
-1.3374881389574274,-0.5360885535693832,-0.32366362299944496,1.7681090170524252
-1.140085740954465,0.8313411162547635,0.8475311175315237,1.2630258398500376
-0.01052728425207898,1.3404001819748532,1.3021315358070158,0.10502411031594328
1.2008192100724313,0.79580052060258,1.0972919635853473,-1.4581318856130598
1.1581510211110395,-0.5084344832412605,-1.033722570307093,-1.6818280916722694
0.15984557525468657,-1.3405336681034576,-1.194567987369274,-0.22975372248540404
-0.9961500859819739,-0.845760992059598,-1.474009929170547,2.401743690627854
-1.32999660345507,0.48957101062978015,1.2523290379065777,1.7141320567596918
-0.42496692796618185,1.3582968323222857,1.285373367509312,-0.632110778950099
0.9361315249001401,0.9840190254027056,1.3922985440175129,-0.4454313245109853
1.431127949920167,-0.3853885967833937,0.43187379105440904,-1.729641214258546
0.6162793126556967,-1.141522744846041,-1.5337501399047597,-1.2099399140827305
-0.8394382323787286,-1.2123998151616682,-1.004957988161747,1.6051885005795057
-1.4274682537566517,0.1660381927751273,-0.4039668660290663,1.1900519240859908
-0.6931666577878945,1.0808490883230981,1.0831956230305533,0.6557414866425337
0.7019953210639003,1.2929354801792594,1.7803363046896725,-1.0210749946963393
1.3595513714741165,0.1335818067327098,-0.057295760319765465,-0.8515121283945807
0.875876717929472,-1.0904058430850092,-1.1397333118758046,-0.23019997750591825
-0.36571132895345365,-1.2896970556432883,-1.2309828175733375,0.7793635183831793
-1.2836411221787918,-0.4263464731135484,0.010040942425240118,1.5434252454963018
-1.0269966019908012,0.8900896070253101,1.1572372373773447,0.6329976846981145
0.257371063664211,1.4999817136137426,1.3960962548315465,-0.21935142958267928
1.2208500001911087,0.5473198911162938,0.5038551681758396,-1.4860153324624328
1.2120428834488057,-0.6559343601510144,-0.1599845290870805,-0.9312143836384323
-0.03441681724359323,-1.2273588566166787,-1.8823453832132109,0.18012632359876712
-1.259244989367058,-0.7696860305009408,-0.6072302157471221,1.334986512662814
-1.2165504253174626,0.5426719088256919,1.1985252686720593,1.6762654736423748
-0.18594368471015016,1.3025140790135399,1.308427499131004,-0.008029351336286128
1.151893384326135,0.9806772466187963,0.43530086110396715,-1.3723750075244217
1.2063485227982262,-0.4289218038549103,-0.42743501620005175,-1.2446121033646187
0.4196598794862244,-1.303865373306396,-0.7283280376863833,-0.4418979017531044
-0.9254828068819232,-1.0795083207583616,-1.8346971228632174,0.9366653454685525
-1.3639635395968688,0.19888972904872415,0.014753300108583112,1.5484378503365719
-0.48749549429024913,1.3043327573833057,1.0967084804109333,-0.06617984613784267
0.7395147454346521,1.2412583404316504,0.6484616761537265,-1.3420217484447983
1.413705565708602,-0.049473044758192065,-0.13824324226409224,-2.1362995835315735
0.7238572563880556,-1.2470555379062866,-0.8443134176817169,-0.8289141304197944
-0.5859217651471522,-1.2347227060988988,-1.5267119416170427,1.2160509584355472
-1.2106637839068037,-0.22919570676663992,-0.1850852675824466,1.4179473107084386
-0.9608504354814567,1.0521260095363447,0.8613804798515678,1.0532572528375688
0.4313413038880199,1.2655337937919662,1.6996329035213371,0.1358398023046148
1.2494554012077475,0.31040341012616446,0.12925169201884912,-1.284253303459704
0.9857312721301815,-0.8799772262050529,-1.1475361425482071,-0.8172789274993542
-0.1872225656941734,-1.280306158668834,-1.9674547722038338,0.6071674584315467
-1.196170703042763,-0.5623969784182372,-0.9713517201355759,1.19704021748348
-0.9751399504044868,0.8423451708656775,1.585906410973491,1.3260872303024733
0.13049952280886717,1.4644394806707586,1.9255052486084336,-0.024878096699390007
1.0850913662671429,0.8306168769263261,1.318707037199781,-1.3774548818408583
0.7367132084796516,0.016727923403516698,-0.08355634496154063,-2.2323675114568697
0.24946711891668638,-0.7322686931677078,-0.9818509980168478,0.10173170251116415
-0.5897899346722205,-0.6200394934953637,-0.20596309875652724,0.8925281138349206
-0.7773967955228216,-0.05954317473657677,-0.290666012101114,0.23212619048016095
-0.2748763207854845,0.6168012983379678,-0.07040183072562961,-0.21626945254435592
0.33159004406886844,0.6258249743166852,0.4526131395573543,0.7492063958866285
0.7584452571007785,0.039150002129866794,0.8016817831202538,-1.0929044956226637
0.5437522689696794,-0.6755733744477741,-0.3203932581168986,-1.1775520097197159
-0.2426216202305508,-0.8092818017799,-1.1989600573232042,-0.811923806592183
-0.8034393790080624,-0.2699134523419524,-0.7598895060426009,1.7402401479685825
-0.5543075597200335,0.660944676102868,0.7159178867587531,1.1672013298973476
0.33142431147322043,0.724848705639654,0.5412676943486445,-0.18315260014317047
0.7718989645989714,0.15557585761915313,-0.1219690788762623,-0.2506800772932341
0.6559373876392256,-0.5701120499566356,0.7036461327121191,-0.6381480838482645
-0.06466185324048146,-0.7526516094507244,-0.6198023213055287,-0.10224152445702517
-0.670357771910266,-0.4662735116564634,-0.8814719821463507,0.8815381994930208
-0.6197096016270146,0.2980311670415665,-0.20471973151776346,0.23037775994271398
-0.00021199678282930734,0.8123644628013243,1.0063968455755952,-0.7213011345987319
0.6318417287062569,0.4787883925290562,1.3561014571479397,-0.5427450591487839
0.8037453468932725,-0.1629835266130999,-0.2258132319988737,-0.32859841980227206
0.20243179162175545,-0.8583539099989264,-1.771607036582646,-0.4594793114383594
-0.565470644740942,-0.6761517133874778,-0.8168022477378523,0.6226494569467256
-0.7346393106185898,0.29336108807900063,0.4729985617889809,1.377056428701261
-0.264858694061398,0.7142291364400181,1.243452657587971,-0.3727706211874704
0.46406905550707955,0.5917135518460781,0.600507396290443,-1.4049742616817666
0.6738476592697036,-0.045607764454446184,0.0041148890189168785,-0.4150090809501429
0.34348869185913783,-0.7100686908626175,-0.7822035236452574,-0.8431063101650318
-0.32020505237651653,-0.7007334373042428,-1.0485003556129837,0.07719262762973189
-0.751131252741579,-0.0884978516375741,-0.074679382913449,1.400920237104079
-0.45178821419373427,0.5802925323563619,0.9169230078580443,0.18940376096546974
0.27602417694030285,0.7002917677695008,0.4163077714023537,0.17345713743553148
0.807205595362575,0.17891472070099976,-0.7889190698189463,-1.6790759401960114
0.6461724851103253,-0.4705549551853518,-0.9062695518026989,-1.6393329861378296
-0.15319037330459326,-0.6901103045321538,-0.17858623686071592,0.18452142164360197
-0.7534748286857981,-0.25977228791594525,-0.2966115635313299,1.1638063055673253
-0.7299354319690907,0.3828534021490128,0.02676728024961328,0.594036972990973
0.06061742695883615,0.8474784703372187,-0.008355125351227032,0.0033152423284871224
0.5805101230838551,0.4027345315205142,0.46241964688340964,-1.3857625497411623
0.6777201892459456,-0.23491894318941764,-0.12648614363539812,-0.7229883474946064
0.00031592904159602475,-0.6505995380800864,-1.6196545349907328,0.1387674593385202
-0.5861564697454753,-0.4420008481020042,-0.7645077427938074,0.7743797449299755
-0.741708961801747,0.23908391442755067,1.2475093361221767,-0.23776571327955257
-0.21753442106549267,0.7904940748334154,0.5803396070186574,0.3946886879033157
0.3185427335317502,0.5951837985987278,0.3965147792745402,-1.0514686569075753
0.7118968048120828,-0.17520948287933,-0.5605837424475529,-0.6732421109458694
0.2819769534555805,-0.7422023871967669,-1.0587195542387136,0.4817389382600623
-0.5425390770673841,-0.6982417577640107,-0.3633016780336451,0.31615380211408306
-0.9438289604307171,0.08910001660208498,-0.7039007461039731,1.115488653071856
-0.3689296177448738,0.7475321349298024,0.7206169579222845,0.8571538772226245
0.4383775599082581,0.6190087839096923,0.014972750320162709,-1.0573219770178182
0.7250993088239662,0.07679401078308752,0.30872620336185375,-0.6542990751399491
0.3547094051442284,-0.6283220677314912,-0.7040999194441461,0.7181322831946629
-0.20890710602351753,-0.7307493419081605,-0.4006175679506291,1.2122703620092923
-0.7422069230707227,-0.21225452095661315,0.7237153303890903,0.8838599331788773
-0.5765927036618804,0.5704853280171832,0.30392697154296433,1.1182287605316965
0.21511007204689453,0.7910991692085677,1.4225600152322615,-0.4735518102324826
0.7362639164749164,0.21576611341740198,0.36414068106099706,-0.8071772232918354
0.6053910187373185,-0.45075998011489876,-1.204815463519785,-0.9116109540683232
-0.023768941423762267,-0.8230730863096977,-0.10805226088090758,0.37486409337200655
-0.7428313852259347,-0.4528203607689618,-0.5117844068867472,1.4792023798999714
-0.7011913477601753,0.25532406416959896,0.23361202550664595,0.5394796319238243
-0.07887779650526928,0.7478430094112685,0.47959582726923217,-0.5094593732621255
0.6451266738868099,0.44527290376961093,0.6494288163908402,-0.7243003861768396
0.74450734065301,-0.21694794947640214,-0.18630700100146724,-0.4060141573714461
0.0765268616467956,-0.7037593608867692,-0.6982111021999201,0.1294009121085582
-0.4860511301097122,-0.5629357540554646,-1.326769737972875,0.26918007423550633
-0.6335106305759295,0.14951122314227522,0.3744892785066056,0.9992111844097975
-0.35269073490007613,0.7245477574854567,0.2166791392569617,0.04654323142074035
0.34751342342233305,0.591411411013762,0.7686235339188154,-0.8251367200980425
0.8298731671935159,-0.013004545495238572,-0.76989764586185,-1.1614807264990967
0.2940936865477778,-0.7242602717244497,-0.4419270428029434,-0.4310807818284085
-0.2831959325975674,-0.683271080031704,-0.4408141682550559,0.30865740797121455
-0.7701407853772837,-0.1329167012280842,-0.36892395861652383,1.1772143181452972
-0.35184805901656857,0.5620775917396428,-0.4359656116133942,-0.005220432857300783
0.34183419114411334,0.8762549757399141,0.9812157606479333,-0.29315797167746016
0.7945528012470257,0.20394664556660946,-0.35777778654631665,-1.2058475331455225
0.4500718222501694,-0.4180207817615782,-0.8985327200144982,-0.16629719489978212
-0.16662050556028848,-0.7193747214631194,0.012109945890554502,0.11628955208739356
-0.7350936548458954,-0.22849707199067976,0.5211435823643468,0.8291157425800214
-0.6779541263461207,0.4022967529103014,1.0522820238486852,1.0621792081274668
-0.07695603197915182,0.8380575145777953,1.9544349769184914,-0.9521729550764324
0.7583485500438127,0.319823785312318,1.586479412175064,-1.5925861049008199
0.4875551671201101,-0.5162060171135272,-1.2686852246149127,-0.6038453885715123
0.023055934743442523,-0.7513502463953761,-0.922136681188512,-0.2899252680332465
-0.5658515685926828,-0.5675037836171748,0.6976669115294837,0.010586556317238038
-0.8435578764939476,0.15170991957041952,0.261229658777517,1.484273091054935
-0.13857776830898416,0.6839773158683536,0.35622466526656543,0.6207192302165881
0.6349348122577311,0.5292172217667609,0.254254824773405,-0.07409811961054613
0.7108749366877776,-0.10703191991311267,-0.00576116899908885,-0.39098186006229374
0.25148761440092776,-0.7645522883440361,-0.599193716773612,0.180767700574056
-0.4302323638051264,-0.6686279144452082,-0.018128244610383093,0.5831802796722263
-0.6890278900924308,0.12907687353098,0.4859346142292148,0.3904453737299374
-0.5046474341961429,0.6062809100650891,-0.19790490009449047,0.7225092855111043
0.24765448869419843,0.717969270398928,0.39152729085670246,0.5511321314978285
0.8141185924119677,0.1735948583794194,-0.027556840928815718,-0.9346615406011866
0.4717487078126476,-0.6676891370612468,-0.08504364400394648,-0.7857154902348162
-0.2758187950887868,-0.6604373873262118,-0.23541684281608938,0.9295819739708361
-0.6562553291747707,-0.1248695514726618,-0.48226458599109956,1.4602260794999251
-0.5608574253963245,0.6086764029970344,0.3125711115023849,1.3991231899419372
0.1332654616561988,0.7988116222142415,1.5100352717051573,0.21053393284463207
0.6418711784213035,0.20924623965276257,-0.01010322056485713,-0.5021264719039055
0.42311913761830433,-0.3712705899932829,-1.2733969817380388,-0.3577821522249319
0.04790480526550729,-0.7042608881609234,-1.1597666525614443,-0.3220517830881542
-0.7165543762730479,-0.41192977817982956,0.246493595768994,1.1575026596611506
-0.7385727374432481,0.4991893365316118,0.11305461557052032,1.088040863509228
-0.043488464232882745,0.8285629554853386,0.5429818214053082,-0.7868119280588426
0.6068662682784556,0.42784009365081777,0.280256167923455,-0.36407081999713764
0.7517519584541238,-0.29369086571057856,-0.3843947285694188,-0.1308061062281754
0.17698846636459178,-0.7152687444619569,-1.5731645439399757,-0.2172414530108352
-0.5854895951134194,-0.46367670820842144,-0.7968577420076489,0.3579044808680959
-0.7572266576910304,-0.020265846937920995,-0.020534466403183127,0.5240105663680134
-0.23018279480104947,0.846653221033853,0.4967467027311399,0.1854923813543763
0.5391138245544812,0.6851791371813293,0.760104180063896,-0.20852826165505156
0.7440932323975774,-0.14216926499133065,0.4104566902394796,-1.0662818834139713
0.2456124026601931,-0.7334940727189402,-0.7387708816616484,0.39757119367431926
-0.4016497031138354,-0.6277876484643958,-0.5501008286077891,0.888335957309972
-0.7310540176106981,0.026730535213739012,-0.6435052013034614,0.9562517075690526
-0.45514423985407154,0.7317059732824329,0.6482254472359336,0.23813346856722095
0.2559997271615698,0.6527981250639063,0.5164937211793439,-0.25931391005614146
0.7867005303242692,0.18149440122411842,-0.2677702764464557,-0.9639899922050246
0.7106896414807174,-0.5993434258976088,-0.7750524914829032,-1.2108283100524093
-0.17102305020529374,-0.8332634111059403,-0.6424198097086522,-0.16935325852811434
-0.7502536159729927,-0.3995250316197412,0.3160712672086269,0.7420589619937216
-0.6487725046661615,0.5450484008765839,0.6366046788581897,0.6391953587642581
0.0899628004878763,0.7071555082713072,0.7090857548379109,-0.23610862566286916
0.6096055533451039,0.1666171622748623,1.5991976145174136,-0.6983831011364313
0.8107301616733043,-0.5164702124618508,-0.5590196505081357,-1.4199643097463137
0.03257706708624549,-0.7760793008488563,-1.4696614029978394,-0.6243091580190735
-0.6332811498534786,-0.48341361078161554,0.3549286183391387,1.0803789429000072
-0.7327818934951876,0.41793848370040393,0.3822634281726178,0.9163631948955139
-0.11544983235835511,0.8220985639362873,0.489580611894183,-0.016329179996731336
0.41832299204949,0.5586961341759391,0.13825462076869244,-0.7033867208814195
0.6707911692878732,-0.1883728875679115,-0.634092048439055,-0.24965380151475827
0.28177237859514803,-0.6411491137866898,-1.1510682825002838,-0.4624565859728169
-0.5217911116171956,-0.6562006126546615,-0.9231128622695425,0.09146529330433362
-0.7851582385869182,0.07169606962110325,-0.3498150485813356,1.2491707492312458
-0.28088120504377184,0.6855713086799491,0.9489383939218543,1.1482374644101112
0.45784323859526743,0.625460319011329,1.0731344149961746,-0.020284525366955353
0.6963115129541569,0.00016507327816064898,-0.134198339591039,0.16532809261811568
0.36480361498670494,-0.726677166150422,-1.1812170507814883,-0.20961380901684368
-0.3444385056023272,-0.8405440691899053,-0.46356350231768345,-0.22510743800894517
-0.7641447453287685,-0.20622598301388023,0.9429073108435915,-0.17125169371930468
-0.5704294421690695,0.4645090993101614,0.15185190517051805,1.326889950757909
0.24877169797438775,0.7466080794998812,0.29549028820784945,-0.04862708194945109
0.7150738368947995,0.3104904773131191,0.4042593370974734,-1.3097655918122124
0.6007964661898356,-0.5151142414370691,-0.48661214783905393,-1.2428449454665096
-0.05567316039569107,-0.7952240752914514,-0.188309954518918,-0.13717905939746589
-0.6798880482783326,-0.37027918258567344,-0.1969961013357585,0.5469324372500203
-0.7519333067108788,0.47343092732876996,1.3410103120935692,1.250022369312971
0.0074138111960495925,0.7772535822724485,1.0169036380731316,0.12148078389175809
0.5380375487593853,0.5343844423299525,0.59164751765867,-1.075651280868693
0.7046386719797518,-0.3725637796742801,-1.154974789050952,-0.4429560548035977
0.23115502941594868,-0.8062342686062653,-0.031234843006870128,0.26467772646388943
-0.5301682314661058,-0.4758365145658578,-0.7928565770444779,0.9684924095649885
-0.8468389120586058,0.07909010556403522,0.07232465921238718,0.8777430170073245
-0.31875296389827273,0.7561678427093443,1.1706900279754373,0.0756510278341771
0.536049646886031,0.5822845986646159,0.28860960980581385,-0.6826361285261192
0.7803845269299879,-0.07386692804509298,-0.19435080846225472,-0.9928290017857366
0.27368429104749914,-0.6196452676333049,0.11111152268571178,-0.3523242487542061
-0.4725999258196302,-0.7282332370539031,-1.4471734731454584,-0.4213031266780859
-0.7169315596845675,-0.021862452955834513,-0.32933440361500865,1.9052040938171315
-0.4329534721074074,0.5988887626283511,0.36708698835150433,0.9628223625214288
0.41860524215114414,0.8566262234170982,-0.10486113424190896,-0.5466123830534853
0.7737863604155182,0.20727838105591906,0.3875158240602522,-1.1405278494339015
0.43543153692732606,-0.6999762840970467,-0.5604388557345127,-0.2014684462983446
-0.2895112623568553,-0.6148513600592065,-0.7277164637984351,-0.1697256113359935
-0.7201700077597385,-0.34764370538610967,-0.31488902880007774,0.8091918692317399
-0.6686692063250259,0.4292415453845495,1.1051195503378735,0.5393366177354233
0.02301874971611266,0.8392894693475373,-0.4351977120972722,-0.06899837184697388
0.697827411413047,0.29881553253613746,0.7839642823016357,-1.9272158851321353
0.5956423490386873,-0.49451285812620627,0.10274824726239806,-0.21976929346617852
-0.098114827931082,-0.7653330787925015,-0.4534932172525184,-0.443379257827175
-0.6022164772888379,-0.45618680011965773,-0.27491442587465054,0.8645159941496461
-0.6552373799976595,0.20415951622441697,0.05397288656099397,0.31182195795472295
-0.08792714166423149,0.9205811225741488,0.7662506396651011,0.4578516174810926
0.5454823978561758,0.36846711472336,0.3900706201623122,-0.41865806647246234
0.7542568393762406,-0.17110103648170766,-0.005379963524111964,-0.1761847710062689
0.22341049833964738,-0.7443360010066715,0.0712195370014089,0.22427120988981641
-0.6050498116136395,-0.5724116902400224,-0.2597653916654849,0.2908550103115509
-0.7257581737923541,0.1054755731981495,-0.7512219515615792,0.4609543572226957
-0.4510508004403654,0.650418743763569,0.541185074469604,0.4996404894846884
0.3538136926449026,0.7743734596733325,1.0272126150513046,0.10432324858827724
0.971447947784683,-0.10069456861302686,0.8107066274886093,-1.662755034239722
0.5263617756349125,-0.6368668056981429,-0.8508215890515614,0.1192089043940392
-0.33228521859931953,-0.7833407670249336,-0.7243642695092356,-0.12092799559265954
-0.7923424238279027,-0.20053431993092674,-0.7039352356025208,1.075878336333509
-0.5456809025604161,0.4717924661942532,0.7897148142124016,0.11169910360127322
0.2527748727443154,0.7640973344278413,1.1281365381728405,-0.395234668879228
0.7585837065036067,0.19215754024023737,0.26691015171419197,-0.2349482661287733
0.6790855871311119,-0.5759355205966874,-0.9511998094368196,-0.8742375388178272
-0.07418945141005388,-0.7835733108327261,0.19614068541538146,0.633711479589753
-0.661461580862157,-0.3197103731699603,0.09892331039769997,1.127523355426843
-0.5560680035783945,0.4657155276339364,1.285361484538523,0.6810722574843039
0.00921046737089665,0.7093123652536542,0.60681361352425,-0.1570691476783187
0.5799245087681095,0.3891448025768998,0.5487640813176017,-1.1749622226770935
0.72445589812127,-0.3634281816862717,-0.2010707042868204,-0.9548187142327935
0.15353085274155281,-0.7067626950549282,-0.5034437789288041,-0.4688852534202148
-0.5302724170522477,-0.583563450863779,-0.44427602198199495,0.1130751645612571
-0.6348363044915215,0.15022932899243388,0.5625578621514621,0.6537861642310936
-0.2659627341322949,0.6395576070131864,0.5403134636823055,-0.4977671109436521
0.6086166396133252,0.6797514594766465,0.2598991831473055,-0.5190660940819697
0.7715816836498514,-0.10927145318554173,-0.09111671510110497,-0.028025213050606387
0.330985402274281,-0.7036635235562184,-1.6130882347207642,-0.5245097678187355
-0.3972622429725181,-0.71936362304049,-1.0858376233520979,0.09041259579462224
-0.8103460434774389,0.015719593171490596,0.16138776095773244,0.8946016010896646
-0.41542502822622085,0.6363818055056768,-0.3138240832024636,0.09098828061268938
0.27678717665152175,0.6081937422142861,0.4255517615451035,0.7975339432030265
0.7653748921718738,0.1477911041131989,0.14322624150821195,-0.3770611722958341
0.5055120091547178,-0.6195724647216866,-0.43344929269901133,-0.2512705752600025
-0.22086517764062144,-0.7946016184169,-0.8461257911489511,-0.2943783904866476
-0.6027558965535149,-0.28897518056168336,-0.8920649321424973,0.1817768898051038
-0.6420519224752428,0.5294967910257593,0.406851709293532,0.8916683128039982
0.18787790545681465,0.7974957370227312,0.04653110506549214,0.6864046141824282
0.7289610653504948,0.3608917457290508,1.043949465847367,-1.1051324441051906
0.6260481488061388,-0.45331308334910037,-0.5387645951633968,-0.5240462715852564
0.007352903862561773,-0.7700088095038747,-0.11841499754140263,0.19094904031253024
-0.6717730634562011,-0.4672112683121022,-1.363122153472226,1.0525564052846004
-0.671687487079187,0.36773088742712884,-0.42939673291175984,0.11254791909451903
-0.13588173223799987,0.6475002233104022,2.402656258893842,-0.2837375028906153
0.6285121336453267,0.5647961909085872,0.5938804514678561,-0.6797132874883266
0.7960504384664648,-0.25374354307974295,0.14303655590902797,-1.0238031133500862
0.22071795278259737,-0.7899844243454834,-0.15719553028105793,-0.4459626139449574
-0.553338258092443,-0.5535257325990893,-0.6417890632239348,0.5272092925340421
-0.88552142105382,0.0687543632012145,-0.03567507949916948,0.05953269850565636
-0.19966768248328576,0.627710376671992,-0.2525205480403875,0.5596070597628255
0.4823994243101555,0.6802622587214615,0.9410867470201714,-0.31665889108837497
0.7427558206231568,0.09409285254517877,0.25235893027976297,-0.9817901025967015
0.5550906366406478,-0.7166124763590331,-0.529269361059543,-0.06821796319021911
-0.3093956090983036,-0.633087709257733,-1.0658742855967784,-0.46020292924187856
-0.5629365993501636,-0.1825730211451538,-0.5320009452670399,0.7354392163594845
-0.4796528459261747,0.5586777164783507,0.2718106944262594,0.5259650695886647
0.1809450803207378,0.5933823400441692,1.4264280614272469,-0.33424271883757295
0.7339978911318173,0.27677168579641914,0.27491984079296317,-1.1980521801977546
0.59026101054918,-0.58760433983501,-0.8758699791081095,-0.996311634541793
-0.08683096573389389,-0.7626105437401605,-0.6420379673461188,0.5249432408242533
-0.6674150697161102,-0.4224726893193109,-0.2608995816363008,-0.09519322649773565
-0.6146289030738127,0.502096957436948,0.338788386258258,1.05685657570347
-0.20074136781665614,0.8173165030386316,0.023483761415552737,0.0034083678016394447
0.6472340700527248,0.4577482999420796,0.2011689887463397,-1.2596489026072295
0.8045555364460792,-0.3720415063369406,-0.9452835149242556,-0.2135842566794366
0.16068232865243973,-0.8932742100191091,-0.8209130004276174,-0.7172026139772936
-0.7062512294335088,-0.4236648028287254,-0.6066294711963871,1.097607360796528
-0.8202049601756759,0.16304969412586157,-0.8274651010957262,0.7615545354758283
-0.26648465355532547,0.6777076451926782,0.6198110074204186,-0.7392104471349614
0.5181974266342774,0.6168401621773344,0.47223836774386574,-0.7228449925450428
0.768830443602084,-0.07809601949869255,-0.6297933985719756,-0.1578789226999197
0.3635228723468608,-0.6784517252283677,-0.6674307048431302,-0.0075273272619014175
-0.404127722741826,-0.5636803627436144,-2.0510546817785356,0.5453271368677898
-0.7588941100518385,-0.05354279372231172,-0.7244435562075585,1.1825937102748019
-0.4387494805002702,0.6241936168725797,0.24818953916911413,-0.2123525173117652
0.2936131437197765,0.6909626811545456,0.9167892985375725,-0.9129006848898552
0.7381777237586452,0.08210402007784115,0.08470084724734928,-0.9277279175593386
0.6161880358453311,-0.6455766388864799,-1.0319229216754358,-1.2655765426744907
-0.13866210843957244,-0.9029935850692885,-0.8621445270444256,0.0588861273216057
-0.7549854034365686,-0.24048719190773224,0.3106484374295282,1.28103362270429
-0.5477129162945414,0.475323042173263,0.7166443523816163,-0.01316358694378239
0.22904186882427008,0.8316641315434923,1.255512324530312,-0.8613956548146784
0.6067503502369562,0.4815970170125896,0.08507755856504651,-1.2851756785625261
0.6911414425512517,-0.40679356110968234,-0.41941413282894413,-0.6064498932349016
-0.05569489191045115,-0.874934103878337,-0.8448581252497819,-0.3219936540905416
-0.7020325327115435,-0.38878838235149715,-0.25925967941780037,0.24924267746053996
-0.6672695063530888,0.3747486475523948,0.5061445390009217,0.8950122551722178
0.015412118753380374,0.7592052629530791,1.6999803676920104,-0.15060810641951028
0.5931849669824821,0.5351632209374281,1.4388477163217732,0.1081586519962538
0.5852970245020361,-0.29039111106402077,0.6780609012377603,-0.48544752546344994
0.15078934412464193,-0.6601782105821694,-0.6411108635098491,-0.0827259659818047
-0.532216752255612,-0.40754306392064243,-0.15314369389954896,0.4566508211759496
-0.7401986124511203,0.0454780219269975,0.03960398704816126,0.7073692472795781
-0.2928569431577637,0.7290330718310426,1.0737402785720636,0.175246228324063
0.4165504069881998,0.5223310519675155,1.9892391950684687,0.0649562432362133
0.6715889290761312,-0.06525468849534262,-0.12766412951616068,-1.377532631898443
0.32481606701014476,-0.7215602107019972,-0.8691898436982223,-0.49636840976080565
-0.3591582970939764,-0.8143925514420783,-1.6047723963006888,0.016952690114147018
-0.948084538846363,-0.12099362631831102,-0.42452252664276713,0.23499318571439679
-0.4274726429515176,0.6461526182747929,0.14987961571694353,-0.20561818988793445
0.143259958205801,0.8629233352468969,0.6645212125901199,-0.5858359383521983
0.7207557000506442,0.12467750111127944,-0.8590652487555889,-0.3849235493232009
0.5767629803717497,-0.5331819118808155,-0.8423770223225154,-0.8062528116896617
-0.17032063870490746,-0.6678475073252719,-0.23549405684911318,-0.08744350003854595
-0.7305254168864735,-0.33217811854343604,-0.12524000624924092,0.488614821228312
-0.7072005981890771,0.5569127577319437,0.10444242002199289,2.157032765917817
0.01495717776154671,0.8706782253086198,0.36196615749456107,-0.09676069147722843
0.5783604612030383,0.5375393849519663,-0.360307615199178,-0.5560315133948279
0.703338258656929,-0.3471909157188978,0.28692552176723785,-0.20243053196673216
0.1630770225737801,-0.698183637893676,-0.5479143822360469,-0.08469271702533143
-0.5374036490434799,-0.47122569079982013,-1.085239572687684,1.286240131916327
-0.8567331235932131,0.12620411599226608,-0.427074518789079,1.1323709600622658
-0.17932252410868335,0.8301085254281222,-0.562810299735507,-0.3268809911422571
0.560034740413155,0.6946133638955776,0.49374511553269523,-0.5558541287791435
0.7617738102416334,-0.00803046439246266,0.45583244277926205,-0.8115797463310732
0.27795741966497634,-0.7138378487444603,-1.4957411676259447,-0.7777280369265399
-0.4641997806749035,-0.6371765494323666,-0.20841833737167442,-0.4405177652154135
-0.9160929556644806,-0.05689200140689058,0.5391182617367679,1.1088985344161713
-0.44221608568200055,0.6169264204225968,0.6052250016181412,-0.09137905571331262
0.37097838689052465,0.8332190526261551,0.7446666955417702,0.6945240684002224
0.7410641342017188,0.070162934772005,0.1317162941500033,-0.9990664897257014
0.4240140580113509,-0.5478071495664344,0.3274933436780639,0.44321935202080415
-0.342212400931734,-0.6829335445247329,-1.335852237071525,-0.41752860707647055
-0.7012680144382643,-0.06837816254634332,0.15524941332573872,0.9216181388565825
-0.5253192557481784,0.46736220393675804,0.32706507435880494,0.5720422801976399
0.10787773722010562,0.7649499442978288,0.39821962760032786,-0.6061053566914537
0.786692900059238,0.4535167692358546,0.11922876271669602,-0.8898574913828466
0.7021715743359367,-0.4649533286994479,0.07062057109713138,-1.4561954418154068
0.060195961939372176,-0.7161167668231191,-1.1342129934745093,-0.8415306089786301
-0.7178197398319024,-0.3490093960080271,-0.3590297313287022,0.9530551079005725
-0.6084788832433821,0.3447151739000347,0.14479462020186573,-0.24631367938046045
-0.10807003736747257,0.8170513588741055,0.17418809345765915,-0.31305061997566885
0.6817171963261563,0.5104617340969658,0.3498079283193778,0.10042441926752244
0.7595713470304969,-0.17075600870805951,0.504098498076212,-0.9146655850382799
0.1532303869396265,-0.8349903014667713,-0.3448343992018693,0.03717020433067153
-0.5024724048188394,-0.5496342831566212,-1.2104783487048927,0.6283418248660002
-0.696833033232124,0.2072445831323157,-0.4232574247755966,1.0986770441889881
-0.41436563164207724,0.7369305443072609,0.9966852133013441,-0.17711517641512187
0.4475257958139325,0.5898921932387564,0.4058406963645339,-0.8157459547309348
0.5515440722468246,0.9955480058268569,0.9341240566958575,-1.2882135992330923
0.9455142369674228,0.15009179728365923,0.3820940392296779,-0.7499651139272164
0.6308549666002601,-0.9343583019729778,-0.33196667229334065,-0.637091311737556
-0.533013128648353,-0.8279980079226498,-1.1874971331982844,-0.04809379116039958
-1.0697578085567045,-0.13104567299013317,-0.010650185871924345,1.1363918379640694
-0.8012006326538723,0.7751838947025395,0.9945208846768766,0.8371427851291136
0.2367577921266295,1.0788901828406634,0.5862677243873332,-1.2644395160155653
1.0366743256313211,0.261901831986155,0.43821842554549184,-1.1655480207827429
0.8447227619488247,-0.5901781236451468,-0.07410808786769307,-0.4507282242187516
-0.11239282651817452,-0.9524093976693665,-0.7089910081102446,0.05329360281159101
-1.0128980713562867,-0.5221637703923082,-0.5360294658604337,1.1346014749235591
-1.0635318398105558,0.579462590580754,0.8816345202522813,0.8262259282081615
-0.07337641144070743,1.0875221091939884,1.2903182447417976,0.594220552083371
0.8568121167217283,0.7313749363438805,1.2395124021303099,-1.4099759312893438
0.951313728454504,-0.3885883854754713,-0.22282033236372456,-0.8991261263982783
0.23578426387250465,-0.8752134304546852,-0.9554684682449385,-0.26719611002531396
-0.9226647686796531,-0.6959810195856049,-0.34093946296800515,1.0930656571426594
-1.0454116255610855,0.34609780065462237,0.24493925923159077,0.4178894982584891
-0.3601401540990254,1.007398408070384,1.2327533556665877,0.41967585223844195
0.6176707203488863,0.6875914206717685,0.6765354495940235,-0.02344519718163962
0.9788803542295709,-0.0012803974016516728,0.5121608010848328,-1.452440350001301
0.6250079288858492,-0.8839329655890295,-0.1806174221510909,-1.4661455221071917
-0.4740710272626609,-1.0783507223993358,-1.2169279560452433,1.2359143905165926
-1.0444736029000947,-0.05307669396513001,-0.042271547556015365,0.7442453940887952
-0.48844265695839606,0.8880093961960572,0.9101347047703079,0.7622633081152025
0.31105807925000684,1.0151876198679817,0.9124178805379296,-0.4553074672189028
1.0039153819492777,0.15458836099269563,0.6315349333699455,-1.4114098959315438
0.8061223556842856,-0.7929617878545099,-0.7866296945550227,-0.32308634296240424
-0.37093236721264844,-1.0681980045821544,-0.8441998099745149,-0.13175466026941085
-0.9682548056905943,-0.35144713784428616,-0.6681645279175791,0.533456217979561
-0.934053934696699,0.5241373521724908,0.7957793430742865,1.3094648418302495
0.02054567497609429,1.0756367509344642,1.491145729577811,-0.38493935482354247
0.9570723770586437,0.43915235590598256,0.8145386356118445,-1.4584108990420541
0.8772884650111853,-0.5615130956434152,0.5089048505846278,-0.651632244463683
0.10285514720357267,-1.090057282895716,-1.2234658979739514,0.042959570903424726
-0.9223367458297477,-0.6855914533002986,0.22940194673609915,1.2714789727422615
-1.1160385256928218,0.34815146702204425,0.9209072920925837,1.4251686865288309
-0.2639986114236933,1.0473707187048933,1.2564489916414712,0.7272078079841926
0.8657981395121797,0.7462366255399994,1.035106149413269,-0.508778489715695
0.964866908350145,-0.2255379214670954,-0.8108802981093216,-0.9948668099479713
0.25026234232484035,-1.1099120288283524,-1.652343961150055,-1.1801053336184046
-0.641487109671458,-0.9637157986494707,-0.4842591807791513,1.1276439924041037
-0.911926285910122,0.07007899736109918,0.9709665275938217,0.6232033544991653
-0.45507833111891893,0.8826115278217646,0.9822076495820072,0.8052700217822822
0.45735481167025976,0.9550109850523247,1.1857810860190903,-0.7903124330273581
1.0898144358291741,0.10172995944919302,-0.20264703031085407,0.5304945352849361
0.6125245846785492,-0.9621156791310144,-0.3590676266738768,-0.764716203667618
-0.46798167894466774,-0.9769932586581451,-0.39759512910643113,-0.5173052637196646
-1.0561049758183987,-0.09137688190936881,-0.3023127525675606,1.7670725619341139
-0.6715115560608367,0.7687405697783392,0.8510519889518953,0.4132990142729165
0.28424060172856186,1.0544293174375028,1.0263851733833618,0.05522935617569835
1.0717412856770514,0.4095586742489551,-0.13828127350943853,-1.4832472506698176
0.8143669780361564,-0.7342460781753458,-1.1780867472241519,-1.7908219853949325
-0.15889673822768802,-0.995005710136824,-1.3793835998097908,0.03823180158436856
-0.9920650617082042,-0.48310059310187736,-0.7127706309171539,1.1568409731622038
-1.051830203901902,0.6642390897425106,-0.06299843264559346,1.0137655872702471
0.029488586049177944,1.131335655305914,1.2191812305583944,-0.01506077787250426
0.780517960563093,0.67054087993634,0.43296690994122533,-0.8837266634192844
0.9705997912625958,-0.3271943058713959,-0.14502371402925984,-0.09032241436625815
0.1813148351259748,-1.2475417211810687,-0.5921338491481265,-0.2065461355162268
-0.780788612703219,-0.7559126118690564,-0.7907485298610201,0.38024180977593414
-1.0985105283880243,0.3878718713449887,0.43037903215315865,0.8036593156267832
-0.3976232220194857,1.151810136203196,1.25510354539287,0.9367662066071886
0.6302244886927444,0.8917702843189921,1.2643083700593605,-0.2495375649252779
1.0272305614003605,-0.08252971331420444,-0.08945234250582357,-0.6557322037166411
0.4580811522996478,-0.9321425499660602,-1.5503636133929135,0.2507076937743208
-0.49988468194879676,-0.9308210135735415,-1.0921918789440466,0.6973281328390402
-1.2077910215049104,0.047406472388929824,-0.26505293503215843,0.5730399689917083
-0.5130047118742339,0.9430246043679491,0.6741912936574312,0.6661044935943489
0.4447306768082262,0.9378246435683621,0.6305779615768111,-0.02213982220136912
1.1248518870901232,0.23985655970048192,-0.10934827023594607,-0.6804391789919432
0.7834502806138017,-0.8273468997743346,-0.47139678658450923,-0.9396883902711006
-0.39056507550999386,-1.1490538749116792,-0.6657799131365995,0.5027562461828972
-1.0096612331446204,-0.13648454561640166,-0.0320579303377333,0.7536415950563704
-0.7316771623111348,0.7291180675462063,0.798912956138566,-0.12185887850979626
0.037020920897147036,1.0604806805555262,0.983030219715235,-0.5303405903331349
0.9812815788859086,0.41536169246175275,0.7482363799665076,-1.0296924703732806
0.9279460065193725,-0.5218861352526595,-1.174552941133583,-1.1140286845641523
0.01158323091881034,-1.2850077234008959,-0.3728382861000279,0.39182674989801547
-0.8535957489500454,-0.570762179182074,-0.08561504037995216,-0.13069530612501878
-0.9455311703458976,0.36128430336042416,0.682317169470561,1.1129662999685948
-0.1693067639942088,1.033113066681897,1.1093696613372879,-0.010265678460201766
0.7100761072084312,0.7286863817474906,0.6415765945571916,-0.4133118280931031
0.9266453536750855,-0.3773030911807891,-0.18035474771451843,-1.6523029670139915
0.4098542218087586,-1.0806222133524983,-1.0296189436752126,-0.8067558441535172
-0.780879015181006,-0.8673038935062289,-0.17183887819806176,0.6326218533716804
-1.0639685095942788,0.1666892806849598,-0.08123339333086954,0.3856072460875729
-0.40921396127100956,1.034256043239324,1.737436716657213,0.6348912820876867
0.5850768999565632,0.8938046825791527,1.7961622488088784,-0.2961915822289102
1.1312785771179532,-0.03612062252006084,-0.43272283469629635,-0.9283993449308051
0.5486342948776053,-0.8892116316417958,-0.4912089091402544,0.217270760635615
-0.45626383658707326,-0.9646033405364219,-1.3517240114891615,0.053042389547751645
-0.9690424726422556,-0.1919925195680364,-0.15359293471087332,1.6718780186869553
-0.5599738289440981,0.7641588243648738,0.3930921478730087,0.4202900653680447
0.4347426074698897,1.210162308351149,0.9885145570842957,-0.9438829177096197
0.9965786795038282,0.35274978176979555,0.20685374718375504,-2.0065606831950364
0.7666649609848691,-0.5589488493669947,-1.058837327282488,0.15711208128242227
-0.22813514831390436,-1.151220145376206,-1.2216059315901235,0.4656747873254907
-0.9833023549639685,-0.457692881890987,-0.568711838492928,0.6018261313325934
-0.9538783344248078,0.6742869846190549,0.3612088155841431,0.8949999293752333
-0.10367239279527428,1.135961087707957,1.7569742700671869,-0.5092925359962641
1.013238367194718,0.5930022382700241,0.3405789613511184,-0.3531633260621342
0.971216563040529,-0.3917064898424748,0.17413051174058058,-0.8721450713933434
0.14369857422018942,-1.0724302006444395,-1.4910277097390827,-0.46191175529291195
-0.8122708098082921,-0.6936112704715751,-1.0024673447026216,0.25146098189343935
-1.011257807970527,0.2151863537051396,0.14025831574124514,1.7525593714598868
-0.26714303489311,1.0051842952526426,0.9037654077397161,0.3956589405409572
0.7223925298788362,0.7943835280413466,1.4366179611415832,-1.629430041056793
1.0669126104785938,-0.03260466618087994,0.27268540822709686,-0.8210888655749202
0.4990360529780728,-1.045028449996331,-1.4994466981861432,-0.8981881470932296
-0.45750213550366275,-0.8376152180556659,-0.5489165525309209,0.41455045890693765
-1.0845922795389484,-0.060943395879523014,0.12801968840045697,1.4780354102372901
-0.6057163462064165,0.8601705742119187,0.5487612385998336,-0.2112555906438579
0.3495490096440118,0.9313974588347873,0.8229705044294807,0.4592672788983382
1.1247420574764067,0.2802363732298703,0.6181207111636405,-1.4242185704381152
0.6701956287482023,-0.8173320042207165,-1.6228342884036155,-0.9513886174081365
-0.3380732512801062,-1.0472366942540412,-1.6068689299089982,0.0884050698284139
-1.118315979438725,-0.37954240698243175,-0.46419481973628385,2.696416398135625
-0.7219385286073322,0.7133488925940931,0.021144116956263725,0.3271213102663406
0.1755282323004728,1.0370391497255116,1.6909528778755367,-0.5537495041906948
0.8780746888985109,0.3911888058269962,-0.0752130931696171,-1.6479881269391006
0.8987557911027425,-0.6385787467259842,0.10458709308743819,-0.01321745802643215
0.040596796781517605,-1.116315245006834,-1.4058644479495626,0.15752396493305953
-0.8710734115442109,-0.6901210092395432,-1.0298874374173617,0.8763628011121927
-0.9420136552529395,0.487906385340093,0.8157827865821754,1.2903752048811952
0.01509631989029872,1.1237211666069964,2.015782831779166,0.8109549573306629
0.7322688868763778,0.6054450005716536,1.330766689073517,-1.16630417885634
1.0450453990226172,-0.27623338652120577,-0.5854358860978692,-1.0175051922066185
0.3852730223076767,-1.1158427200812897,-0.9895936082348957,0.06350241510815868
-0.6436256457996413,-0.8313026388148034,-0.8666331158015483,0.917614919639439
-0.9517787806626967,0.17994200235489363,0.30319860224587325,0.9173537656464639
-0.40512562406016916,0.9984187207198433,1.1911079936890423,0.7088063176333154
0.48791974252011067,0.9187236405610464,1.0848498796669481,-0.09713608495191872
1.052664638586429,-0.1023140738379456,0.08903357770496556,-0.6582920521164976
0.4851384001124941,-0.8834650315413916,-1.0041912879397725,-1.3313234872327306
-0.6005597640945872,-1.0149798977815474,-0.5445185802429597,0.5823358465331913
-1.0969673293158901,-0.049350706694875845,0.49567916320613636,0.6265693312106596
-0.583513844610692,0.8130209830814621,0.46725739868427874,0.4728733520121181
0.2681404708354115,1.0598464217968313,0.8907252486159952,-0.6550353971341849
1.1851443546929086,0.22000344885796658,-0.4259644044571087,-0.017333426664580265
0.8844444468613936,-0.7406339051388048,-0.8694957660941582,-1.952993877334256
-0.2395490307857005,-1.0794389985908055,-0.9286952440890186,0.05769896912429573
-0.8872017457889708,-0.4368040985478785,-0.8874378305054742,0.42541820940875275
-1.0413179340652414,0.4920915674368477,0.2544722157410001,0.5348159062796393
-0.02895965776891933,1.0384163679598868,0.405791953431959,0.11650206548880215
0.861139458753276,0.5856677086637697,-0.35669492424663385,-0.4318066305893459
0.962578314066404,-0.4647138691189446,-0.8201196061594623,-1.4226573223577634
0.23415034119222944,-0.9632326806760612,-0.4940386696976799,-0.6980606009633805
-0.8255221208129958,-0.6902671536824391,-1.2537662276454575,0.9798662573712946
-1.0637048046666568,0.3065264520281059,-0.22307605154128884,1.0653902116999492
-0.14763501266075085,1.0253322241671115,0.8785162807503446,-0.3184953929314227
0.5317616464193656,0.8533618018611142,0.3740197847674126,-0.6036771172571365
1.0282511560720435,-0.07439472122742674,-0.57220674542659,-1.9597931028613107
0.392146911812037,-0.947735648042132,-0.8873492524840887,-0.6323371168605008
-0.6209006309993809,-0.9463910821236022,-1.1122273665916187,0.3929773497807537
-1.0375541594459248,0.08472600392610502,-0.9681403123004428,1.0368526821985162
-0.5612247558304597,0.8671736596690132,0.32189092620594745,1.9093951151515731
0.5828612713814441,1.0781424319896753,0.7012430484186005,0.14378929317356015
1.0114871765011881,0.09713045593080502,0.217463342920734,-0.2720875042740825
0.7706980764773484,-0.8427325530500054,-0.6135285897097148,-1.5938538351330445
-0.35940488519035196,-1.1259053059015693,-0.4294052666696843,0.37481850669281114
-0.9730150654830061,-0.3692546751294439,-0.4023440294755132,0.6415879826912072
-0.782239968860782,0.8214336302929854,0.612542671589435,0.7373257392981503
0.14931516702675945,0.980637373287011,1.9226503264916002,-0.7399445966186119
1.112989412617181,0.3275830021916437,0.7772039641917983,-1.8236053605540885
0.8123535013551721,-0.7054996046833174,-0.5608510708376746,-1.5105247657078635
0.026301478164611754,-1.1586483662280476,-0.08989718709784503,0.7386855727738306
-1.0812820959824625,-0.5853041724929136,-1.0059397215972836,0.2761437444556164
-1.0000154955266822,0.4562835305719137,0.6979478539349154,1.4919834013171203
0.0073946371142461775,1.166992095941107,1.2615122045575828,0.6775657619917497
0.7321386469352675,0.6143093258445728,1.9480627637658476,-1.2246899162412694
1.0603699744835233,-0.29924052928461387,0.0438380164700658,-1.7436485320330977
0.3445578399415383,-1.0650962579390806,-0.5627223582801912,-0.22348059079647986
-0.7718091311741136,-0.6305793092147702,-0.8589505318853796,0.3313723198278734
-1.0860860469065934,0.30948878803800695,0.14697625640745615,1.0479890805897423
-0.4751252657953968,1.0444218863715915,0.35734830623274566,0.39503593377341384
0.6042180775790665,0.8910314612661916,0.6254255040251888,0.267302235157888
1.115546360124963,-0.10746171812089758,-0.7253892176212928,-1.5411960162464284
0.5340122746483716,-0.8621762017065787,-1.3378192520836825,-0.06790372630606223
-0.5253026161358767,-0.9194551937573869,-1.353220806758673,-0.02269143019091091
-1.1263996015342137,-0.14952037388216055,-0.6165245812476727,1.1000617870108123
-0.7430715562925878,0.8098510760384318,1.298896049923746,0.9932753602169714
0.21625636183116967,0.9952552119966807,2.1710643462032593,0.5369756899886491
1.0601053203733914,0.3416079058846412,-0.019959520156223043,-1.4281569861303949
0.8212912187505985,-0.7449048158452486,-0.8784118280347691,-1.4470539041148438
-0.10680312031225615,-1.1148269460291094,-0.489081602504217,-0.18589112666670626
-1.0119876885581784,-0.3425552154379806,-0.033122870508907054,1.0002588232771725
-0.8783871888573025,0.4608356578928813,0.7391090315293353,-0.33535347130332904
0.0037082102790232073,0.9841442324836818,0.9683148964413002,0.04954100419617857
0.8915403176127482,0.5397205129084923,0.1916670232494988,-0.89617950440393
0.7839590113954098,-0.5161355346641627,0.48111489178965183,-0.6681076207286543
0.10484136895439905,-1.0583046018995261,-0.7456481481276602,-0.697686892124123
-0.7828969334175931,-0.6927614411279038,-0.9228719470971114,0.8445763352693975
-0.9626925855387048,0.32309156276517065,0.6548037432487164,0.9530750344775055
-0.2522207125615669,1.0441730815069108,1.635629952481368,-0.3117272882113342
0.5569047105067122,0.7713573433936317,0.4929787257052948,-0.03438033923142958
1.139504065400431,-0.25487536386836607,-0.22982687640594746,-1.3784209022278107
0.502448446756803,-1.0061172930668387,-0.943192870977921,-0.903567535527513
-0.6013108054414535,-0.8489033400587931,-1.7592959168240323,0.3729818884326652
-1.1818357610254586,0.017569583372323037,-0.36400450954241603,1.4289380534994134
-0.5178291136963957,0.9168757794935474,1.2688261343186613,0.5793273584363695
0.5666197917306277,0.8461641770798871,0.8710617245819782,-0.12908604882454489
1.0685391718522552,0.19749883450620342,1.0188116130781293,-0.45222273498553317
0.7101374964224909,-0.8153953683200544,-0.8384098438879356,-0.273006209445284
-0.3563430869092444,-1.0089505524788271,-1.0738346927221085,-0.6270784879439173
-1.0280426810486218,-0.3265419736965073,0.5149390494664019,0.5336150494842015
-0.7631375292690086,0.7311805833363575,0.7510627205032266,0.5263581029572301
0.17836583958449784,1.1290473413936857,1.8988354387474116,0.2388363968337215
0.9259070665788618,0.4841947624009926,-0.014453599144894635,-1.4857446453441332
0.8737710600770923,-0.632219497855019,-0.5494427935509649,-0.5914001291174081
-0.07519479546474264,-1.0608454057750911,-1.833479530497928,-0.44795437031423857
-0.9220272978610166,-0.5000864282032409,-0.6102188718601342,0.38244834626783186
-0.9522493615886535,0.42986420972949085,-0.061512479649715734,1.0033122677647013
-0.20181387307409537,1.0094870469356974,0.34121178100548033,0.03801886814838784
0.8979210838344879,0.6120940969159252,1.0603046904292917,-0.6392130965983422
0.919255129424343,-0.3869387075984567,-0.20331563223693672,-0.7948164721892421
0.20398273863660166,-1.0332943647503967,-0.4844272946156544,-0.3404499895976626
-0.7684976705073211,-0.6639239818044043,-0.803597380545551,0.8799998226301137
-1.0179497228661023,0.0867352711030196,-0.39284895810358544,1.1929788077978178
-0.2617690431651749,0.8591402740286681,1.9515969023508355,-0.012917665656796418
0.4616119954271233,0.8078007660946405,0.7362780533123642,0.3510343360907614
1.1050511255423725,-0.04774827464506624,0.30868812512735544,-1.398126945664927
0.5739791082767876,-0.8900973549249174,-0.9886731500681878,-0.4521381795570917
-0.5684478267353149,-0.9350632035824169,-0.7947549484690816,0.4311459265051176
-1.1931342607196167,-0.02791821913744405,0.38528950901846826,1.278485764729384
-0.6965041803505104,0.8302336411596685,1.1483843796265218,0.26058264532246855
0.2218121934143552,0.9397403900599294,1.4686014875391133,-0.6035757816756016
0.9722979230017589,0.19856107903503134,0.7128163938041743,-1.8659017852832556
0.702968884006173,-0.7401185963109156,-0.6584415029486607,-1.105708527767652
-0.12832854520928982,-1.0588968203656244,-0.8435967037645933,0.26859201599489846
-0.927567282271455,-0.3479336711652024,-0.9515555886670518,0.8817875516533147
-0.9315167252775577,0.6643764272579847,0.4149934347761247,1.1152189432071336
-0.03212576727271166,1.100897985795461,1.088781004573136,-0.8489321294028784
0.8491881981909176,0.48556401266990445,0.19050975741689902,-0.4277936030668916
0.9465167916521158,-0.4512097114083008,-0.14046441021884182,-0.9087991264618345
0.17715197618622294,-1.0584917055435774,-0.9753565591923156,-0.10224960633339775
-0.8444079205374946,-0.7014159934652188,-0.38161061665342666,1.6358873784294137
-1.042636942517198,0.3775784678744328,1.0253730462190118,1.6421896478208504
-0.17733679343242353,0.9422548948148459,0.6437463173647112,1.000995379732486
0.7441634269521883,0.7541979586503731,1.2349873189172627,-0.331900175398398
1.205535028586336,-0.16668273770097297,0.294865801301083,-1.1304063964612094
0.3346997178791956,-0.9679299599579225,-1.2545424103048692,0.041564398900100774
-0.6106805527122953,-0.8283860156811323,-1.2085048259734639,0.6296054440155296
-1.0302362749900256,0.17903281986869551,-0.35519492240161044,2.188662526575952
-0.5511817879835053,0.8535715626145579,0.8051226709224021,0.4971583553247727
0.4823923678541028,0.959385120078307,0.499141061660352,-0.08548535264294943
1.1332601227642636,0.13271308596650797,0.48288517437236445,-1.2539504011683493
0.6410694962805095,-0.8477166839625873,-0.9325731175809349,-0.9237887504756154
-0.38485411368053685,-0.8558807705467816,-1.6170996818402232,0.40406869070692186
-1.0803494740196171,-0.2517272051958753,-0.6777477792366438,0.69858941047077
-0.7143727885866836,0.8127922063665916,0.041875574917371594,-0.3582879810222489
0.2484642139614421,1.0718860940157884,1.324240367340287,0.06677376932570867
1.0162403192407414,0.44619307921672147,0.26275008980310266,-1.408133737709859
0.7891001635927222,-0.6141431984878047,-0.7112042411945685,-0.3717359235577855
-0.08929172433972671,-1.101109087832108,-1.270512646759953,-0.07593898768946339
-0.8913671277289446,-0.5822873217290909,-0.05324996973479934,0.6814120218635813
-0.8650056036083926,0.5765946856314965,0.7325704616525947,1.1288826154956006
-0.2373258561146384,1.0818131416680308,0.780413372507019,0.8127750416966861
1.0247782151390203,0.709826750731505,0.5537942254544531,-1.040549523222029
0.9014105319855976,-0.4035447024699649,-1.0328929489754368,-0.12263606834225671
0.3209987489258897,-1.0907797794901546,-0.7733283438508345,-0.6023986519872415
-0.6645752526569398,-0.7683222076371428,-1.3686219089293932,0.24475802947771352
-1.012376489506363,0.1160710032707986,-0.3414625806641358,1.1215708176735835
-0.40018039679987255,0.8309134955950246,0.8449016703486356,-0.05106103295125064
0.5668350911354603,0.8734201819120678,0.3771051204489828,0.07714230370771014
1.0622773488279087,-0.06357412613025114,0.4228814911607126,-1.5436614238453508
0.5687097241146151,-0.9315488827852277,-0.5748545648418071,-1.235975583322878
-0.5490622264146836,-0.8393486187849077,-1.9861748494629656,0.7822714105715078
-0.9595116170689002,-0.05896020771579308,-0.09065494133563667,1.5704540253089685
-0.6836361467212341,0.8818303364936061,0.840552120901033,0.38053375694494906
0.3252525586924161,0.9305900770759625,1.8059879550183033,-0.7047501904909959
1.0851737480689432,0.227649845122852,-0.20680583494452676,-1.0197521073632227
0.6637189005443552,-0.7892296898492964,-0.03293078144041395,-0.22430279905463868
-0.3060374085871593,-0.9440840541745483,-1.846828909364544,0.8355746802235509
-0.8953667791095343,-0.4605948828888468,-1.329708031500384,0.33937966598361347
-0.9306088281426423,0.7236932501681518,1.5234326923136814,0.5407785752609529
0.038140852177060855,0.9175763868193255,1.5496477468978997,-0.5722471520470856
0.9850826363528923,0.43504291084927144,0.5446882851345947,0.2094161466669764
0.8715462881622158,-0.5435825813429791,-0.402951832290005,-0.9585172178995149
0.17528295429795754,-1.1423041161241507,-0.622065286438436,-1.344338106180455
-0.8882620244423156,-0.6466081683195558,-0.3610671666989723,1.4946466681132409
-0.9242392465626655,0.24008432362571722,1.426724429833558,1.368731340923185
-0.2961767323724472,1.054814302753533,0.6134200673054152,0.13431744461013362
0.6853124486360144,0.8618938544804071,1.4654794264178028,-1.5059956811368802
0.9732845682832285,-0.2504535173947979,-0.32521494407180274,-0.9366175495667772
0.31081062572002127,-0.9005506820324786,-1.2700186824926878,-0.17020263543560676
-0.5979760675379154,-0.9628515893545552,-1.1579966364062537,1.937413310686198
-1.1039981603800835,0.005836281584346348,-1.0078714682576817,0.9841751398959617
-0.4058142121851784,1.0497154851131136,0.9085287707939244,0.1776970106781256
0.4909816348237741,0.9425415047085166,0.45805494167098976,-0.8167057217478496
0.9929635226624848,0.07114404005337166,0.16580533415126886,-1.8714805470470335
0.7429007786727694,-0.9163112191510652,-1.2811849694780812,0.39761466957300706
-0.2843281471150072,-1.0460097102411583,-1.0926156082401721,0.5747209485919746
-1.099706815403964,-0.22862859108498237,-0.4025156317551748,1.0337056145051142
-0.748936795479424,0.8653592539642971,1.0666345299020163,1.2988844088884037
0.15489481761975657,0.962038995564922,1.8437687199459092,-1.2263941176273085
0.9538852895686653,0.38938641589650047,0.4260061123661296,-1.645292196138742
0.6945612121797762,-0.7061661340387648,-0.7261497910824638,-1.6358766288991784
-0.05639623933226125,-1.103029158586196,-1.1736316145043062,-1.0139693158641372
-0.9504079826169713,-0.4509721126007379,-0.16706809235118913,0.9889128678873521
-0.9179367164942768,0.5166437438178174,0.003203106025768676,0.6894597996068671
-0.029146456831384053,1.1280729510991332,0.27710497688731794,0.08798229235112309
0.90709338895002,0.7227981957337768,0.5846658630024426,-1.400524903041368
1.0687912679968898,-0.35128478271146746,-0.48092159191297223,-0.9186486458854645
0.21396120985456538,-1.1836133170398353,-0.9620857458724363,-0.04218264558358609
-0.8318711802854202,-0.7606464973312835,-2.027936958878512,0.9737822007581487
-0.968971421395635,0.18523158920744004,0.5826845032322014,1.2168587223772658
-0.32417585817060607,1.0078266334520798,0.669097046420666,0.8054624992513776
0.6815799774222883,0.8206255397395845,1.0156624068793463,0.14701035087533176
1.0929017712172209,-0.05119646333313961,0.5191969601388269,-1.0233635423829317
0.4413925168425139,-0.8317652800275601,-0.9785944632299151,-0.5373772788727937
-0.5221965937078066,-0.9578480767892534,-0.26432813482597073,-0.6053404930980255
-1.0598028117254834,-0.02773992455482078,0.7128802449584426,0.38158187460332266
-0.6109359454178667,0.7971575319765243,1.4586856738263736,0.8011440987882579
-0.8762625406568733,0.11092947211362976,1.0234842837476144,1.7391407014862426
-0.31172706275953765,0.8859096179097121,1.4991755045425987,0.6538066643540758
0.5133232049328945,0.5920338333363946,1.3136475356683253,-1.1214920977224356
1.003847466344378,0.030218351840720678,-0.70846995577035,-2.106057863311613
0.5304441669216579,-0.8931125472080101,-0.43775894942747584,-0.719010827126369
-0.508752850617958,-0.7960987230591201,0.33874358458158227,1.2234327945991907
-0.9454219091251485,0.010125315838368822,0.34968033820157507,1.1151996997279419
-0.4604020739745668,0.7407222620525065,0.951880132055053,0.5922810948390839
0.3119305566659682,0.8654285906452241,0.48452234593643645,-0.9790831944835593
0.9382253910313745,0.07385032373027206,0.09167534703039826,-0.7804032826537206
0.5362886402420968,-0.7303742697474895,-0.8995673465938786,0.15119406982851913
-0.31655557815376667,-0.9692417736918243,-0.537320825099944,0.8453840801096008
-0.8948349187076475,-0.2474762969632825,-0.6649943216316689,1.3059485417519323
-0.7560234171599826,0.5121721371776581,0.4772600275498323,0.31810290162901295
0.08899021899098153,0.9522310370149438,1.0438902111700676,0.6683157634820158
0.7775030033405702,0.4271812927544819,1.2499285982486008,-0.21548272571138977
0.7909192929365614,-0.5057034386073429,-0.935598828883521,-0.3649854621315751
-0.060728397694212476,-0.9744627749315198,-1.3232225849217871,-0.12134721056427156
-0.7298233104171797,-0.5203449125620506,-0.9066202954335423,1.4106359940137374
-0.8475419119938001,0.2998817959467033,-0.08534870267451589,0.2497934320201861
-0.15672173879493087,0.7303199052393151,0.9587606855605537,0.06005719683618904
0.6593726102230493,0.7015058274138386,1.0406146914564984,-0.22880561653353448
1.020143137373241,-0.2026737505579218,0.9162112247617926,-1.2605068043544998
0.30815956304068914,-0.9654254665517726,-0.6396734985302227,-0.4301421978822245
-0.5662086717529826,-0.7319189094364013,-1.3357749641988133,0.42835836197801125
-0.9467230442083188,0.10895665307078556,0.4735956048183637,1.2671210567296582
-0.5253422708282013,0.8928543122340775,0.7506215051561832,0.7349263186796956
0.5309256220012663,0.6379984218293188,0.1895558415615367,-0.8955539634077658
0.9325434952819751,0.06202010934488553,0.8611955131870735,-0.9525741199512672
0.5706644846801522,-0.6818306886734803,-1.3711027776005364,0.26989163711673536
-0.3435860635610079,-0.7868774610397575,-0.6596218848490434,0.6453244511391193
-0.8766725281315869,-0.11678811463795125,0.908184273800095,1.9865584171018618
-0.7957770678008323,0.6236248838369117,1.0131515544543883,0.7960773451900566
0.1364511153260931,0.8446246439341037,1.370569341910098,-0.6439884186088368
0.8014621710958928,0.2459815451058079,1.9007779890999292,-1.2581828030712328
0.6871790839216376,-0.6043062534760362,-1.0362860579693005,-1.1385059714365433
-0.06583729946951136,-0.8980304482549625,-0.6577926935810933,-0.044262716096687416
-0.8371619173817819,-0.47578258097484805,-0.28822940791517704,0.9407713646065707
-0.8621465518513041,0.44161410948839447,-0.4647188903956101,1.675568632219111
-0.09002313698984361,1.0333637597342968,1.3353783187493422,0.31282328116929325
0.7196023188530946,0.5212946797085831,1.0827994980147915,-0.3105277294383535
0.8872104480681102,-0.27245874704014356,-1.4123932449923526,-0.9101205452066341
-0.008441101510482302,-0.822053555128542,0.1738256921914129,-0.5387877745562003
-0.8006719289028532,-0.6218952862395744,-0.8767593322229617,0.9425788846710714
-0.8294260458952691,0.2049744822893017,-0.23843991876168202,0.5177501267572626
-0.23491658643830288,0.8409678880174231,1.381687227516396,0.4544594430370569
0.570037643508294,0.6830695755285581,0.9021215573165949,0.06727865031264546
0.8885814100143143,-0.009817977831815497,-0.19058926251624642,-0.1262638973310025
0.4372916714729757,-0.8057531170845127,-1.274934300845744,-0.9859412026013048
-0.48378916187908966,-0.7218965825535427,-0.9285588491961285,0.4907583024876483
-0.9880900291475967,0.03677481422076987,0.7341498105782124,1.1092490207895191
-0.6150613075725296,0.7363765450578936,0.7959160703503693,-0.10603714010247622
0.5705095998376413,0.836114879195191,1.0993062009233816,-0.442235366565748
0.8948044457289447,0.13016985616439936,0.06122200128914457,-1.5783756864406844
0.6651018665845291,-0.8655381020115637,0.6070786043225523,-1.2713392076959789
-0.11414052188241429,-0.7934940705002824,-1.0863017691473713,0.6517100979710883
-0.9500518116988347,-0.3702419834136488,0.5562380276633888,1.085174214242978
-0.7147886627197328,0.49832754245966454,0.595348078072721,0.836666774070344
0.16006756809304878,0.9647980436545727,0.11446759223141832,-0.19242420434564866
0.8554252324344165,0.4485223440133043,0.22419249780422756,-1.1098137519560225
0.8299540715194802,-0.4062780289343545,0.006702771308015332,-1.215037116453177
0.08051409327708789,-0.9790135087250154,-0.5544007564652975,-0.5746538972466619
-0.7128060726000301,-0.45615995147917465,-1.1055813375876848,1.242980479330819
-0.7512644863318566,0.5277461321745536,0.8320137270797995,0.49146564964202943
-0.06517800457300187,0.9274903158107765,0.3393465220188313,-0.3558834425017071
0.6018504967594338,0.6430963308279423,1.4636003721587287,-0.7389028311408502
0.8101100929122904,-0.1769709098257939,-0.0723135559776178,-1.0441039769162415
0.32585129426542647,-0.8107976550647651,-1.020370132721151,-0.35670155179187035
-0.6553984949213627,-0.6005740782772637,-1.185833613918983,1.2478039509616035
-0.8788449218194435,0.07916849031507492,0.2600393716746391,0.32840172357091646
-0.40942483566579047,0.7840787382535062,0.4178796586017783,1.0112884217284135
0.4742160195412131,0.7131864081243511,0.12043671501101333,-0.5887856094505578
0.9841574221329786,0.0018896839532643438,0.42161076341622306,-0.6425347645090025
0.49579528515248616,-0.810700061469031,-0.2968130963362364,-0.9660187575621354
-0.46118942667669494,-0.9272831834920845,-0.6562482588873899,0.13045738210433866
-0.9179305469366962,-0.05682222066488801,0.542332499839559,1.2066688248835744
-0.6499990157214279,0.6891227740053649,0.7971066703365942,0.8715281793556956
0.3725355775309498,0.7804470899622653,1.044254524807365,0.014402027355344127
0.8897278951014603,0.2834557331706525,0.08125863419450652,-0.8577691578963085
0.6686678359123083,-0.6201310352317385,-0.12132490808881402,0.10224550094875662
-0.04436366941195663,-0.9548750054625221,-1.516403595362491,0.0673843915023109
-0.8896110730942349,-0.3082835857976837,0.0030502091995554537,1.2372013782899245
-0.7269976402756271,0.5319685088050214,0.48636437630899365,0.7733733386520786
-0.06160179367560834,0.8702871897306174,0.17759029578255753,0.5156166840408211
0.7913772334423231,0.5164968117573415,1.4226455494351153,-0.27519796774556377
0.7814647495617517,-0.347760326657625,-0.8525544171731708,-1.1740852138108808
0.16225972938299643,-0.829870392953883,-0.02453546743004159,-0.1087585665872981
-0.7056069424795663,-0.5614814085682168,0.1178301637206447,0.6674060345502841
-0.8633715015998584,0.1825686081825148,0.10416091705533759,1.056640215814677
-0.2952161027666591,0.9328414226349275,0.8347704167399348,-0.11685323949420345
0.662234094475932,0.7538783629587915,0.6267924249063961,-0.8893829051165619
0.8806707244779546,-0.07167581839132395,-0.2846909184170454,-0.3200225871816593
0.3663583954656435,-0.8737726663724388,-1.0520487803135044,-1.112345367823591
-0.4629101298278059,-0.8824675572819572,-1.016089725671297,-0.06833418970963401
-0.8287768952244131,0.047299467545674656,-0.8684542973029385,0.5676008777393461
-0.5850477220790734,0.695947762072265,1.0699256942517195,0.6541512337706007
0.3228239569268614,0.8064002674758763,1.2986459758603797,-1.2474967558036836
0.815345934761929,0.22458335275223157,-0.8533367734671371,-1.141405754684004
0.5295997570593651,-0.6716313643548606,-0.310971667211305,-0.3614534068105901
-0.3076403015543802,-0.9436644188162503,-1.3005099047454227,-0.0018715915975797692
-0.8357254212223254,-0.19089952696396673,0.13626709255914804,1.0754871834503819
-0.7211070678019582,0.5817812134757971,-0.07089007370726819,0.7734670102125624
0.02306185781025348,0.9630498966596626,1.1194252086260543,0.2648381165100844
0.8763208223335683,0.4600288768857782,1.0570381262642752,-1.032371263749915
0.7082691066560486,-0.5243539814765679,-0.1548464566350738,-1.036717638723356
-0.01036464882874746,-0.8812919578541462,-0.5442273104519783,0.47401165602675266
-0.6776475559181441,-0.5410603742403907,-0.6636425498205145,0.8661492828619771
-0.7916663340437059,0.3365002703688723,0.45148119160906497,1.0132748948066552
-0.22937227510493347,0.8433318346441021,1.3791117518508451,-0.6886604724123013
0.672420633912094,0.5813238266925602,0.9716362428061898,-0.21721271461846547
0.880211939638296,-0.2137394356642986,-0.7493627366060307,-0.9091245668317295
0.30446881547830074,-0.8659037964917498,-0.002720943115017832,0.3581412526189681
-0.6744742213388297,-0.7267213723428508,-0.33899676001027945,0.6985416354494323
-0.887950792105978,0.13042597431852535,-0.4203738214861025,0.0017552350241489822
-0.3645720195900437,0.8577687050964764,0.29709323841278223,0.6454993651514962
0.4785942678036494,0.7611808410590019,1.0705876163830936,-1.5532210742675183
0.981829846718095,-0.01314912141956794,-0.08312765469164263,-0.7983666260221802
0.47394456450352557,-0.7228596240439741,0.3361665283262191,-1.0295083380783554
-0.3145176388637779,-0.8526327352882866,-1.4350462285117334,0.23115739170838812
-0.9127469224749836,-0.11228873085588177,-0.7800194288059525,1.2356729369021968
-0.5522882401504553,0.5972265751542093,0.4180379313776589,1.0361383662222783
0.28388752147147955,1.0179488156523941,1.2008376557777432,-0.03411903240086056
0.8542982836832452,0.20039534050512725,1.0259231575823762,-0.9641355816737657
0.6550758433642225,-0.5626064243583913,-1.444269806699614,-1.2913214066588896
-0.06675807310507136,-0.9792088629716846,-0.1806441649753815,0.13653703257176686
-0.8946068869420409,-0.3379208491283787,-0.15263347978496766,1.0903189323148437
-0.8740248670059998,0.4248060622834186,-0.01790577016962669,0.3739126007715235
-0.06104204315564839,0.9422914090605418,0.6815615883382162,-0.14750467920399524
0.7504233170611133,0.43946120746924744,0.7448981247132619,-0.11260752364083915
0.8213864409276229,-0.558188595638144,-0.728410926614903,-0.8728102459895426
0.05868027666859181,-0.9610912386547225,-1.2044677520914149,-1.3293257286638542
-0.7331261886380003,-0.7381002573891691,-0.31815976772902266,0.79876902574473
-0.8830773465963263,0.1451359916190843,-0.39903019220774716,1.1144577954934036
-0.1335782006502393,0.979678455265541,0.7048882693766887,0.03230358523094723
0.7109870079240953,0.7436801296056169,-0.20680704758800794,-0.1840950307911654
0.8462253501981136,-0.04333183144697224,-0.46630658976449246,-0.9257936556520485
0.36899806339321184,-0.6470907221315859,-0.26894462025044613,0.1195163099276425
-0.5483342882330114,-0.6997209511310394,-0.3032601075692831,1.0779647198867452
-1.0813314350009762,-0.03776570194060744,0.016891834034495345,1.0243919510998725
-0.4976384534556185,0.734145152159691,0.4608634880231152,1.1989955951040643
0.35186419559933885,0.8687745308630831,0.3816817110907228,-0.8263658326185491
0.792454285443096,0.03782497582410076,-0.401142461162865,-1.0766700481888032
0.5409602985318633,-0.7217431313794135,0.21814514644496796,-0.07578361680609158
-0.3085753307908502,-0.8696525258934773,-0.6737754170900384,-0.04832257125838457
-0.8168578282761194,-0.19983877871868655,0.8393924426971539,0.744648422336189
-0.6157536951254504,0.6045436007075349,0.5261613247840757,0.28093857659264365
0.16700582797372776,0.9044147495128474,1.119876466654921,0.4191835329148419
0.8746474105153994,0.3280554247914188,0.7242583187964968,-0.6304105233164659
0.6345311935734883,-0.5710561456367492,0.38054230498024866,-1.0420447472799639
-0.07223432200180577,-0.9158393975611009,-0.8027189319801639,0.45618074081344884
-0.7781341974935645,-0.5108990332101726,-0.369375338009732,0.1611095271110291
-0.7905430742537135,0.3733541760920119,0.28760262602623043,0.45432235506699115
-0.20446381904774796,0.9899847047311375,0.7906382838434229,0.5771835555523785
0.6402474778203474,0.5461284779439628,0.8386467066618497,-0.7273508401726766
0.8095825479322605,-0.22293147599659008,-1.3571306217489392,-0.7624893501028503
0.20794611987068629,-0.8500582859112045,-0.7461426714212303,-1.056590795780119
-0.5800841485339527,-0.6614870517574762,-0.5520095041848927,0.13414921223543486
-0.8627533536577869,0.06288566828706933,-0.22041962410096594,1.399252525363568
-0.4079873465618953,0.9240581395767831,0.5975967731109133,0.8655516072749975
0.5851496617363335,0.8312740380152491,1.0475504687751769,-0.7477071601776492
0.9185564517563932,-0.06313495740276459,0.936173892230735,-1.5028721960758042
0.4742723130644304,-0.8578432771468131,-0.9461056711973872,-0.8447752021150212
-0.28651456315208224,-0.8040429179015067,-1.3651906957658662,0.22512773870236147
-0.9211004039361093,-0.06452911157555388,-1.46400953678695,0.8154184364074997
-0.7129281402169879,0.5996714440308367,0.9302433284641254,0.7398663218131646
0.4292833548501739,0.8156298653436549,1.259534166803963,-0.09145059296064295
0.9589804623106617,0.2761779805076827,0.6368094675573172,-1.2621442518930126
0.5612160355542118,-0.579856914273615,-1.869499927338849,0.2712783367627736
-0.16917011280274877,-0.8534846947141022,-0.5415515768197671,0.3072724996408732
-0.7894312246990373,-0.3751942959200262,-0.9902429944148694,0.6718509905938636
-0.6939692420778452,0.5553280029445957,-0.10255229514214426,1.3349816993114743
0.0859317159850077,1.0430033338936875,0.6058914491530384,-0.7544628913264562
0.7463195895621363,0.5028491352393578,-0.12529347409306446,-0.18395569010445978
0.7749931459974988,-0.378431462181124,-0.5165403704496935,-0.5536768568331163
-0.01114219681810083,-0.9612280009277065,-0.54157762293641,-0.43986629246441256
-0.7515603070155088,-0.5595195024004838,-0.19280491712115766,0.22967364986513583
-0.8383387348668011,0.3677454817732865,0.05276835812998426,-0.22002515677587403
-0.24832416822674408,0.8642845410263684,0.7453832755449646,0.2605810186263313
0.6508624952305049,0.7643223005373126,0.4512133621370956,-0.2400322277350958
0.8982659821123495,-0.18771281263356202,0.7229118972195264,-0.7977003270417068
0.4644775821658754,-0.8702616817092445,-0.4216439611529141,-0.3080754059621016
-0.5297689634043173,-0.5717760001732074,-0.16584165665140288,0.9234896018526273
-0.8508947674874876,0.025813775200805904,-0.46183612141958985,0.9412644520080007
-0.5847139158005838,0.7886731797619266,0.48651155964122034,0.45543443233129977
0.52417606396887,0.8271965040772759,0.9450661791302702,0.010071820378706464
0.8885947995389796,0.1192428323753553,-0.11863179414804581,-2.3270818877868447
0.45325258080894476,-0.7621563777607,-0.7046982230533455,-0.11560675688155331
-0.31049010849518927,-0.8090354243400227,-0.5660251800444338,0.17176812362889982
-0.835173075029301,-0.0613946604546903,-0.566501745096481,1.2295179926923243
-0.6524628614982515,0.7091481476207243,1.6584242743228976,0.045959332011868415
0.18162212533326552,0.8810254230662671,0.6340061609675174,0.6448752837632493
0.7842489138182297,0.3743745623008825,0.4156777432875636,-0.8599725662033022
0.7666157857783059,-0.610431856690135,-0.595320547602014,-0.8978558353938095
-0.12381866773144723,-0.8330205047261339,-1.050724073615749,0.38680669961697556
-0.8242533129782532,-0.41457345767044224,-1.029404826856271,0.36881545691902273
-0.741404606295356,0.32376850210673114,0.3712827898022708,1.2916977575287496
-0.13279668316693724,0.9057622797370196,1.7074019525402453,-0.6814948540263854
0.46935538516426106,0.5601823662198876,0.5875507208982095,-1.3777024640598985
0.9185741501200172,-0.37741014312143467,-0.030976615689361497,-1.2490021090887786
0.2859037448192745,-0.8498750086159786,-1.1576450915340069,-1.0541092519539297
-0.6134046775192694,-0.8209692256698965,-0.3696526498953956,0.7228297905765552
-0.8118633403414642,0.17454356204691215,0.45094380795891453,-0.4392098645785437
-0.32678202947218493,0.7750165937663471,1.766422484453957,0.4554137133394709
0.4729873852923329,0.8715534543193908,-0.2764768869848411,-0.9417945247083687
0.8750556127767878,-0.012480500548190509,-0.0685616261008426,-1.597873510994633
0.45136276527796143,-0.6256240101592176,-1.1982361709714162,-0.6690922063748089
-0.37233760484415196,-0.8149782130244692,-0.5339779401491157,0.7441141618793468
-0.9629327569192313,-0.1258522711905334,-0.36593597367186925,0.3622397927017865
-0.5454230139207819,0.6894632879006191,0.7515518887733205,0.6772271816715647
0.20592454955145767,0.9254216307535788,1.2164599738772781,-0.15659206437444506
0.9411022146347726,0.2121048922929024,0.5691321230256752,-0.2914151589643299
0.6354443815316879,-0.6074518996909011,-0.9592545954886222,-1.319211467025077
-0.09756389355947312,-0.8996933411747918,-1.0998476288404873,-0.3036771437861596
-0.8284890864731518,-0.22127683262764958,-0.4322552563478277,0.4094491991397889
-0.7100492711945031,0.6319493863712923,0.861039431637583,0.2592496791603732
0.14511010925141737,0.8560296384518782,0.5708023677356522,-0.46329470071491685
0.7765023563483937,0.5404736765640363,-0.06691785385271543,-0.6024268468999422
0.938843901752146,-0.425969070558601,-1.0888014563545605,-0.4888505175855484
0.03907383730145762,-0.7711311847644982,-1.07348462014045,-0.6900512413881699
-0.6926968782093255,-0.5622945829336787,-0.8011511441243496,0.6872396178336562
-0.8772438424875761,0.3301261231618028,0.7803026460164603,0.31031467682688857
-0.13866676499889724,0.9521658974655581,1.0228255690699173,-0.2104200978325399
0.5824505094905336,0.742500417329522,1.4173710361923824,-0.8195956325872039
0.8147251224623292,-0.20389354764680803,-0.36695977979649685,-1.2759126061498804
0.2974118277683576,-0.8370798561910656,-1.0628975017543263,-0.2844208678270832
-0.5048707735854525,-0.6831958174603362,-0.9903299998057624,0.8113385849597315
-1.0626039165662213,0.150154924647787,0.9291422846770214,1.2294752457567184
-0.3336602051389084,0.8209189982628402,1.1313787654280145,0.41135137431682733
0.48149800546327554,0.7744460530899749,0.4403000550913608,-0.016285967767916132
0.8746210153899321,0.1065291713781076,0.6833864819337793,-1.1840174177362746
0.4444393293101344,-0.7218701580924888,-1.7509624243527482,-1.1040779094170516
-0.26528151889328117,-0.9048746619669845,-0.44178858332244564,-0.38104612705214425
-0.845565917091721,-0.20168734919259984,-0.24934209695943288,0.037249265202318194
-0.5493603241891737,0.6929169357804245,0.7728328053457245,1.3890503606858222
0.18842010422417912,1.001481043267586,1.3500369245464805,0.2654042087121483
0.916479158342178,0.37534454953288027,-0.060572502790112726,-0.6844261938797375
0.912548324358988,-0.5859544386823556,-0.6055374258926716,-0.7373704980137213
-0.036502904219880734,-1.0453602032903824,-1.4764579005275529,0.35060424931009027
-0.8999489714724238,-0.3790769610871292,-0.01642269126790108,0.9610060588114097
-0.8212352485923977,0.39936914404198864,0.37197568626963495,0.7038658881909479
-0.0460894862598245,0.9521408566594394,0.5510092603577346,0.5401640127641344
0.6714952684519221,0.5627270536308064,0.5165218225144902,-0.8301560924317405
0.806563083196652,-0.22699728510408035,-0.32038190904244757,-1.2587637694418468
0.1402065192245679,-1.0109234999483463,-0.19600400539734955,-0.3726037079949407
-0.6693939265886922,-0.7319493674321986,-0.8033914837648565,0.9682963269495642
-0.8899065058459551,0.22410942936378234,0.3197269820022658,0.7948134588582392
-0.4448286977082342,0.8198272495013857,0.5379769051627211,1.1758901532671888
0.48739884326786453,0.7041734809538515,0.3846277723506386,0.10965372259807038
0.9053233015978053,-0.022420866982547326,0.05313355744574866,-1.5590812718127374
0.4460927223653365,-0.8583762828059267,-1.2463087314021621,-0.8686955847387712
-0.4376038284009678,-0.9555947959804615,-0.989690417810678,1.3351545224211403
-0.9185246574831328,-0.11588470010685932,-0.17086744889984296,0.545877040051147
-0.47827025428544084,0.8207105489213166,-0.010062086063081233,0.3931061252980145
0.4045325309021618,0.6155119750491225,1.0970721864682786,-0.44998803587748326
0.9213394869439028,0.07084719319158245,-0.6275379980506329,-0.7377178453404712
0.7600820052724466,-0.6222564854960019,-0.703239649990447,-0.4327818894467761
-0.1631270541982657,-0.8730646389168211,-0.6766859153780126,0.7671528429321367
-0.8119951732135671,-0.22579986061958568,-1.3097729699612919,0.006527131948583786
-0.6468014857457741,0.4676736127496881,0.49764649881640477,0.6131058839569947
-0.02307327325523799,1.031895811024046,0.578876138283001,-1.2732767718597275
0.7877248629091006,0.34807884748239626,0.39522963637331876,-1.0911449984446935
0.8988947282329305,-0.4577849444319742,-0.822750751584696,-1.5535732295584908
-0.05114294435088146,-0.8468889946844577,-1.1781206632116181,-0.0586612167503725
-0.7907522105755427,-0.47420123493071425,-0.7358393765172017,1.0798897868876207
-0.8157620173968112,0.34799338805976177,0.8247483900319036,0.34058431675903056
-0.23316939640727324,0.8504148321374047,-0.11852134017812752,0.7828646098278846
0.5159207735342948,0.5534120246361715,0.8883865103739486,-0.15165055392314164
0.8314966191974086,-0.2027618957589338,-0.32190257012653656,-0.947647334488347
0.3178012388985194,-0.8186578303382134,-0.9776730060008755,-0.6537110503811372
-0.6084509236022286,-0.7141159403144935,-2.2517896174856067,0.5202880015930295
-0.7986268093333201,0.008585060685399083,1.165939894747473,0.6093302697234919
-0.49067615250294255,0.8078877518942935,0.9574155703984407,1.5138118753204637
0.37559605407724866,0.7760936160863873,1.0641633114108366,-0.1803804939186232
0.7903724113494325,0.12186394435238239,0.3880159626544255,-1.4467293118762818
0.4653522321325919,-0.7239695907787219,-0.5715376086727871,-1.447780347132937
-0.43426167445742836,-0.9101176746840882,-0.5908060878901229,0.8205740088852431
-0.8651289828417468,-0.2190685105099627,-0.4221369976302264,0.22276005946173946
-0.5676621638308927,0.6965695027368323,0.2525614214196398,0.6278184643303875
0.17594883834243236,0.8931862587401457,1.2324752487977182,-0.998559347188388
0.8323820226674092,0.28283654776002165,-0.182022643452045,-1.17370078202557
0.7314888265994294,-0.46456202505679356,-1.4518312620356022,-0.847542997744572
-0.01514110407507753,-0.9581258938058264,-1.7265602218112912,0.08991822592808674
-0.8141454471228206,-0.47561772476084513,-0.04551009242793558,1.4682128651609387
-0.8544582951884399,0.47680281515964373,0.7493166011630653,0.6509579479903144
0.04440619992234858,1.0176620996323624,0.7813361909213964,-0.2298568319307287
0.7683303469933617,0.39773158132657976,0.5294609262047528,-0.029710309684389813
0.835880466966863,-0.3753573239560853,-0.7458046226004578,-1.4862308541021612
0.13828538809791713,-0.9592668734328148,-1.0568804569637684,-0.3081112294578059
-0.7687237532634031,-0.7147256217119584,-0.7900663848651907,-0.0811414677675365
-0.8229984343930815,0.135112409002139,0.6892714451768917,0.20311189189426287
-0.3286577925487436,0.6634378557814815,0.6725121118010854,0.14402016189285993
0.44984577341149895,0.9098629193370417,-0.08701343281542984,-1.0384250606501182
0.7985681133250523,0.03714045368468717,0.5656948602307516,-0.9326266081107895
0.40686505331265055,-0.8533967862850769,-1.0412263149592296,-0.24367016782559536
-0.47850107205745157,-0.7762431186701901,-1.2646264915329863,0.14049646858639353
-0.9360192030021391,-0.02327696620110864,-0.37866414369475687,1.1451579337275055
-0.6105761145197344,0.7201466824571858,1.418492236570459,0.2724805861296409
0.39960581588176375,0.7857573934369391,1.0729630948574111,-0.4076664060076596
0.9635245732733352,0.11008403324222854,0.24223297487867834,-1.35030930113679
0.6954625447795739,-0.6874645133222937,-1.2277581362124967,-0.37788957422019986
-0.21269038875372195,-0.9387674801012326,-0.8641356206427684,-0.0013203070376860415
-0.9474824059555955,-0.16286492505475117,0.35365451779985513,0.8672070187617598
-0.6472985054980033,0.500210521543028,0.5267320159355626,0.12231076363809823
0.054188057738679025,0.9070228669057004,0.9223331000419482,-0.6477113830099601
0.8786986509230427,0.43781937635694146,0.657761617409402,-1.5240982498682147
0.8787963075139469,-0.47755123366741503,-0.9592270410994658,-1.0842361416627226
0.08454918889081622,-0.850559746690382,0.06200640917982947,-0.3936012577722908
-0.6323553713734757,-0.49566416040268946,-2.012920897230043,0.23284330924891572
-0.8282472215773223,0.3086852381656832,0.3090046798000423,0.42166276508429135
-0.18459602016651447,0.9919953456600806,0.7748007245397965,0.12634277580221398
0.5966399498812274,0.5782564699468734,0.5456477431268697,-1.5121284017247876
0.6946507953670756,-0.14185617851873258,-0.37819322875162265,-2.031335770798318
0.36034865902539076,-0.9050740114736496,0.5640194710039464,-1.546170178075954
-0.5735767364468263,-0.7506913204336182,-0.3518380834841084,0.23800966446837268
-1.1861218978040073,-0.35714284855247475,-1.0077461224170303,1.5271629184312114
-0.9508835996625581,0.7002252338180941,0.12979229734189135,-0.10043267271769796
0.09672078779223603,1.0513746682649743,1.2752873721306472,-0.26843138057562554
1.1135633678213683,0.47297518259661514,1.3449052341209682,-1.0448696879749835
1.109813677359711,-0.6771019387356455,-0.5432892895655317,-1.060378348743724
0.14049948084968175,-1.16381509657507,-0.6485333815177156,-0.16719936308611127
-0.9218253415763704,-0.7160370162700997,-1.2742916065440573,1.1532569551125198
-1.1172141090807242,0.34249898427379016,0.6035212513765759,1.1516402313623093
-0.1792745307442317,1.2298981597648209,1.2075366206498257,-0.16493436272839168
0.8082721479060847,0.7702191251771185,-0.10709264375902694,-0.7316734146417758
1.0965178251643832,-0.3836764062326163,-0.23678372287602834,-0.67552474112929
0.3536966667810764,-1.0917817646623387,-0.6024679085713177,-0.21808034743113214
-0.6723348916206089,-0.8263790132023457,-1.0174490967729877,0.2067037640256697
-1.1208333150884442,0.11931096842996516,-0.27959679194487275,0.46275541736335346
-0.460399535995993,0.9525252109506497,0.8418293090184145,1.0546669071117543
0.5745949313142494,1.0775804842400436,1.0735876634028412,-0.9694140085776431
1.2013818906428766,0.025373027634162437,0.8241256751585535,-0.4057299456965911
0.5785057764256997,-0.9720252261873814,-0.45820567552854796,-0.776470417354066
-0.49707014335196575,-1.1220254364735056,-1.2328222391266401,-0.6313758454129592
-1.0392084720333323,-0.17394198005578268,-0.6855110297592393,1.1904090749989342
-0.7843939773081396,0.7934046101559464,1.792252687994994,1.0509200528706508
0.2021541081662857,1.1995063776905222,0.1239107573969439,0.3103918037479714
1.0990332791218063,0.4306260311000851,0.8289436492452917,-0.8813801094487667
0.9212313389028121,-0.8743118676003854,-0.7744402737651884,-1.0258984346482585
-0.08865216423558278,-1.0406609176798176,-1.2472272310057055,-0.09089809735529863
-1.0837246831706682,-0.5184549507583418,-0.41439545174517645,0.6325492718291337
-0.9772821767045685,0.6389645243228335,0.44884597239167934,0.7880959453187925
0.024591424515791077,1.1105839164280191,0.5722940298561987,0.24161752503685574
0.8564159308140596,0.6405868276077058,-0.021668649921501304,0.17080092337615038
1.0214989172349378,-0.5056964335874757,-0.4809455045176636,-0.162092497380312
0.2088747431773989,-1.0826549388363411,-0.805696713469794,0.2053897570129426
-0.8082101598772472,-0.7751548652972702,-1.7473764748267056,1.2012546999921914
-1.1770924588769571,0.2863719309419893,-0.28176223715011606,1.7958570739542135
-0.24236909808254392,1.0625120671978383,1.3552306439558852,0.37375369043145423
0.787637538384483,0.9060470079680424,1.9031280616194306,-1.1151261879513379
1.1910539702456777,-0.05727139074334761,0.3095479794703382,-0.3622513872751239
0.6051416801577183,-1.0915150738339172,-1.0355952770651362,-0.5503487303051935
-0.6856263424717429,-1.0105442305119545,-0.6244870651886425,0.25790762248566745
-1.051884189529098,0.08837169163628515,0.058085020229828865,0.9293417184478694
-0.7171763657142125,0.9889003542771784,1.2917909367601537,0.24135028731551378
0.5259156147588664,1.09310714203546,0.6337119042212519,-1.1004837497895164
1.0837436125716333,0.25262482915790707,-0.12312455838047298,-1.2814932481475356
0.7653792599135819,-0.8416940594310549,-1.2099513705826508,-0.4891188797048912
-0.28044726818273114,-1.2376807914845884,-1.4427483979736468,0.2922428541294597
-1.1883033219667332,-0.37421413932112324,-1.1887928837781159,0.8741983878169646
-0.7875724558695055,0.7521810698490228,1.0984192583009382,-0.6015519227996613
0.21660026556648065,1.1934446395160645,1.726508825745095,0.26539728071930613
0.97117102570921,0.4917980265351027,0.6125445912151894,-0.21270237500309874
1.0756372272313708,-0.7203542568092124,-0.3155906997603597,-1.4690123357759337
-0.014024027611362563,-1.0772872612141506,-1.7154794569733638,-0.500083920368638
-1.0987794319707604,-0.5449975812379768,-0.4387249866365067,0.6545843307111826
-0.9774907879223507,0.4520451985885586,-0.5227804744232734,1.3753976699995891
-0.1820756652248271,1.2002165076874753,1.2357568092939464,-0.19769942595168288
0.8985205861075028,0.8381941286196515,0.38122182588823605,-0.7060286247471953
1.1280706879086606,-0.24700165507650557,0.27102920092301197,-1.7516567424948515
0.26286434516560453,-1.111301937044776,-1.3555704446482424,-0.57392909906127
-0.8886607366884534,-0.7681575455872749,-1.3107998590514085,0.9182059632910289
-1.1135253339346345,0.3084776427218222,0.5640146371389343,0.7014165454389423
-0.4423820848848405,1.1146211079271244,1.6338877660914852,1.6521590582317984
0.7009875361320393,1.0715351619857107,1.0656981890504902,-0.27860617388855924
1.0811778623766073,0.06058909695804756,0.19913071705314866,-1.858513068689383
0.6688643012527611,-0.9685851968482274,-0.43637768269190413,-0.284604185889723
-0.4639824410860293,-1.1707057037710875,-0.22110363341661637,0.5765272457288528
-1.183111032039481,-0.11135012481767613,0.4231462838953459,1.1073209655526173
-0.7959865580439294,0.9148054830703369,-0.617397294455298,0.41109934978441676
0.3151542173676372,1.116487306710092,1.2400008713625432,-1.077091729506901
1.169395304997124,0.38547772347691595,0.35220638205240795,-0.12794499669474768
0.8669574240763905,-0.7296494672275271,-0.6747000415789378,-0.825125958554736
-0.14702779267303465,-1.2386386636207833,-0.7017217546582755,0.3540615805537606
-0.9725597213531534,-0.47718107037650626,-1.1016026471115548,1.8259336289397625
-1.0085229507309403,0.6290692177801464,0.12573908266600098,0.4894212151684113
-0.10234048111626942,1.1309638404994695,2.0774790375583816,-0.3211283634859996
0.9503803283168636,0.5841535745324767,1.4600035690775437,-0.43772649553990683
1.079263882153251,-0.5158547161175553,-0.8744131129198163,-1.2061779238693164
0.08053143412516166,-1.1552259267128044,-0.9922873561953166,0.5274967922698992
-0.8376504432007721,-0.8547929415437975,0.3560824038212851,1.8644626070964603
-1.1171412694606937,0.20567140875862594,-0.4218686342081934,1.0935840969611998
-0.2638181651732343,1.1567921094346276,0.77101068442645,0.36140101040601946
0.764213475337089,0.9211524177324444,0.8342741688249528,-1.2328643756404694
1.1093421637681242,-0.132790539009674,0.48539385989180617,-0.7456837993763368
0.4672208042096302,-1.1161075475478854,-1.13962526953458,-0.7825229809821538
-0.5185821249594254,-0.9213057444201868,-0.37712969569235755,1.5020948812976336
-1.0867797141920237,-0.1552460502482859,0.22009787518580626,1.0758104967511686
-0.7414465077787681,0.961277976354193,1.686436507498445,0.6329146043859496
0.44505362236459656,1.2152157233093406,1.2217259996580694,-1.0482189083168574
1.1516943814788299,0.14786694485788113,0.2712266442200961,-1.1793109467613534
0.7033040325129204,-0.8727378980014601,-0.8613751282484072,-0.7981027382750611
-0.36774093453589063,-1.0555985930032599,-0.6622483847568408,0.5801991273278495
-1.0901633395720627,-0.3729560287984799,0.3551209085504614,1.9894743572607256
-0.9044834920798922,0.7636115315313359,0.776717424595299,1.017199769440259
0.08186105127282006,1.150434019787731,1.9228009469614287,-0.3229571230878081
1.1481655945022264,0.5583561335403863,-0.39310773658802756,-1.9690680269576069
0.9537303444966821,-0.6309405753905539,-0.7529148785146256,-0.7445449341556337
0.001634886700797988,-1.202517321650743,-0.2792453226361966,0.1550689054594767
-0.9603794723678997,-0.5020483029254421,-0.683820269048972,0.5815483563384616
-1.1640114740813283,0.5458910977294578,0.9027938966985016,1.3128460344482586
-0.18249171467981473,1.1447293973835422,1.3729673355193717,0.945937467865865
0.7257442259752952,0.7250584536456662,0.2682757333717867,-1.211613607817159
1.1995707587941031,-0.3290431386752019,-0.7334944646774066,-1.7529471354621589
0.4576494635674643,-1.0738051479522117,-1.4592549590075012,-0.31098704230389185
-0.7848665099543698,-0.8619496245888879,-1.0517329848318984,0.4424413612967226
-1.1598180303796142,0.2915603010677626,0.22154963680328987,1.1091860617696083
-0.42104314174319774,1.174276701574415,1.21050442624854,0.4417160257842756
0.5497647385996197,0.9120990044649971,0.6448547374664415,-0.6847383767196197
1.2218458469316968,0.05799587137519611,-0.028120233889930013,-1.0087418533143955
0.5323760220626882,-1.0096986394023477,-1.6083677850920308,-0.6313216389406184
-0.5165442103554344,-1.0005532655858504,-0.9946595998990465,1.3788928702638292
-1.1481625659757981,-0.15480580460980975,0.5099778196750893,0.2103746675730203
-0.6270132277247363,0.8577716787629663,0.3810369920344231,0.7634364424456053
0.2655928652258548,1.1629668104822217,1.1149104290196976,-0.36924833852030603
1.0432468843615188,0.16050014386982567,0.5882739272207949,-1.0639461023798753
0.7862612305326961,-0.8949407188835024,-1.2010498915733259,-0.5738737825145807
-0.1201146036491841,-1.1562888233228266,-2.9713850236554595,-0.4726472923658176
-1.0385808689339338,-0.43267463550942525,0.37992695190715686,0.08801230143806682
-1.0124997340162172,0.6788127093478942,1.080328497598219,0.14238045810766264
0.05041248895012953,1.0796402349689957,1.2585169987890554,0.5626521080106739
0.9816234347852985,0.508794249743162,-0.21403670883905046,-0.8258234227428285
1.0602399209653475,-0.5530839008103732,-0.530018205436793,-1.259907793202924
0.21715164951795918,-1.1269705032937338,-0.4037671720853525,-0.3182318917819571
-0.9676692396727345,-0.8475610940865513,-0.2370356007081531,1.9973021864689955
-1.0976249959120938,0.44139516854174854,-0.0697885006041643,0.2806388571961996
-0.5353052660736806,1.1212121102988526,0.6806881553451768,1.1295473899249875
0.7281454392843115,0.9342646854258276,1.3787045748237259,-0.18118422234495501
1.1832882708851977,-0.13519989740163071,0.0969613999869623,-0.9440275934045852
0.5161350338689299,-1.0648145715319113,-1.4016883307388386,-0.22412733036196952
-0.5788820178991065,-0.9651032983694479,-1.150689795847748,1.07843457325342
-1.1498079404791826,-0.010021416906122701,-0.6094397334518709,0.8953421936876884
-0.6182006119392608,1.0365327033995129,2.100928601335811,1.09728687208287
0.4952873393423028,1.0757167178113052,1.0313351587562494,-0.49619359383598016
1.14964365263502,0.11838232297633086,-0.05813377051536062,-1.2135080959204252
0.7890126297085757,-0.9811363510518936,-1.3619434531108587,-1.4712763130290756
-0.17656711279601406,-1.0069028789289804,-0.9831111780517132,0.5004004017228725
-1.1824667170340142,-0.4118096509857965,0.13458420767814117,0.12263106841232246
-0.9287700278757351,0.6946948855595935,0.8602195781848176,1.013774606199902
0.25950290726624675,1.2059801802553123,0.939523187323875,-0.347109616749377
1.0408456460582713,0.3922185701569405,1.0380170597645448,-0.38166124919794764
0.9788520180078368,-0.7161158297520399,0.2606420101821616,-1.330802632308787
-0.025369766825451587,-1.259718457409241,-0.5630333606058352,0.590510111162883
-0.9885305166553183,-0.5833061452768525,-1.2789961801567789,1.340259862362444
-1.0705455787783473,0.46523610114537656,1.235876955362346,1.3135297705321602
-0.19524274800799057,1.1680556395159998,1.3571977332439846,0.7770045101984702
0.8398494617880741,0.7085474477584149,0.7617994120143828,-1.132307351380356
1.0378690124359662,-0.33254036109870594,0.23186604663416155,-1.3640232377585204
0.3610600740967036,-1.0495753083604558,-0.46264225444118734,-0.6971521904995592
-0.8775898359800278,-0.8505072784458428,-0.9835418124568585,1.3212892379530305
-1.1925938757131735,0.10071891489378346,-0.2869223059718151,0.9840859766501583
-0.3852548369398249,1.0797474738095587,0.1837750515373493,0.8863745556694574
0.6896346287910678,1.032588544564678,1.341869004456067,-0.06156237676556542
1.120809306011439,-0.14487475184123672,0.437053156422198,-0.036221072309678554
0.5570234041902505,-0.8376679184667134,-1.3351252111938783,-0.2135133811491441
-0.30015705465340126,-1.1009786603853782,-0.9266575345020058,0.44147350849402245
-1.0680015964789455,-0.15133765158271578,-0.2579192927763607,1.8710749290456021
-0.8076085692589806,0.9220700967385821,0.8456864956535814,0.7262768096880473
0.30196502435794603,1.1282541434958109,1.9626114958971053,0.1482198832408521
1.0651048031348145,0.3810855685255262,0.7487672665816791,-2.386966281038874
1.0266037906075776,-0.7189020388720073,-1.153863603149689,0.0014938115918411432
-0.14011656524028215,-1.1456199968329748,-1.6093407984951327,-0.3410823393268736
-1.0611538508924003,-0.5716659661894571,-1.4736400956822993,0.34615178496311516
-1.0316938106632405,0.6801716740281755,1.3071430072329309,1.2315462949987066
0.03232449896253726,1.1307079181975788,1.3311164442624615,0.4202099684492866
0.9789541741796162,0.5822437412449475,0.8936986147464615,-0.7906412261042489
1.0623857747758474,-0.5075390068947876,-0.21580241622927765,-0.6405328408021904
0.09063050435240011,-1.2877828544902759,-1.112054561479907,-0.04659056206004042
-0.957144077646178,-0.7563750413748602,-0.6441223389150902,0.2789199509408763
-1.035719280843247,0.3169342068471776,0.5610289434598492,0.16172115054715136
-0.29017624381117596,1.0556568171701417,0.5385719746087916,-0.5254212316732632
0.7962305165232254,0.8879275508907546,2.034686769872634,-0.7037402255469755
1.3466855913766882,-0.15868353691666953,0.14282349701487562,-0.41142495956071873
0.3843500946377289,-1.1543740191003644,-1.7339273481774298,-0.7307778248541541
-0.593080547690267,-0.9610967357738339,-0.8708438039409488,0.2605976582365521
-1.1736135435759496,0.01732531659591771,0.09476029375175554,1.2222159781308046
-0.5232646096311452,1.0005913704043943,1.0587097634445104,0.6842306453720359
0.6319514974763278,1.0858615238798088,1.7072589425281204,-0.7650936411310905
1.248019874634902,0.14904435402029628,-0.19918221145163506,-0.630146763923106
0.6701456407662578,-0.9008920162792651,-0.7523066200079009,0.10698934409545502
-0.35498586894731693,-1.0211685159286077,-0.9558230864655326,0.3534046958788528
-1.120212800721126,-0.17439960879335778,-0.26691227896065317,0.5984658089555064
-0.7716401983967317,0.8600329111707016,1.4651580458709579,0.062006782359808055
0.2881155916953943,1.1694222720655354,0.8141863352023412,-0.08032739223620022
1.1377844011229443,0.4564224198612967,0.4427401601580705,-1.3470124123910436
0.9758781319271265,-0.6390671882168677,-0.6700220933101186,-0.1388512668915537
0.001969709238673706,-1.2270096745838035,-1.0765979546192046,1.0072206088974656
-0.9252050590503899,-0.6325905632769317,-1.4030417834844038,1.146172423263088
-0.9940197917123873,0.47011656515625316,0.8972392726129857,0.9218488850370684
-0.12557180197035633,1.2153364066341568,0.9391090094513473,-0.14713543411932428
1.0278807105425554,0.620054538056659,-0.03733390504100709,-1.3478603004162582
1.106141902029005,-0.4738775753475835,0.22970482131738246,-1.8009380019061043
0.3114224669052689,-0.9894510129480755,-1.3130135294250702,-0.40098332312778817
-0.7317245249753931,-0.779898597239655,-1.7549288775301768,1.0230928119751026
-1.0501770333586404,0.01805433766183409,0.5458531272435907,0.4013160542971489
-0.43129422275480594,1.0675077241512345,0.7005761295427756,0.6728585637778983
0.6968071606546045,1.1059074820110835,1.875225969719353,-0.6369462565130146
1.1115823771224997,-0.013144200362265452,-1.0317042099292018,-1.1349133499808366
0.5498636394828003,-1.0219079557878743,-1.7770355982111758,-0.005747100945537875
-0.44240332144299793,-1.1040520699409806,-1.455359760778829,0.9134467454173845
-1.2931669738924998,-0.13376292378619983,-0.201244247901462,2.3973804437825987
-0.8318168833649466,0.9780508840761906,1.149574065937951,1.2396103220608112
0.35698779991915464,1.058284046446279,0.7997841792505908,0.30717485547815726
1.2077019569900334,0.2795511888878021,0.2489793042556676,-1.1018601617276644
0.7325388935917487,-0.8953038964783767,-0.49032486037163203,-0.1978148880357733
-0.26045361816154833,-1.050563833803964,-0.9764287803483359,0.5650016595968299
-1.057420824116234,-0.5564598604386078,-0.9618390461478854,1.055404644254353
-0.9897644763817269,0.5789489990799171,0.23843726319920988,0.5849387588269805
-0.07214293537511243,1.2551378147022627,0.9796438174227484,-0.1526340282434735
1.0410731724585167,0.5832955048970154,1.229576436405354,-0.26560409350732284
1.033539473150912,-0.45154023836618246,-1.3444442627015445,-0.4593206042703385
0.18536481991492548,-1.1905557203468475,-1.5484781506546426,-0.3668776281393171
-0.8959071006572021,-0.7018456008746372,-0.67607715288034,0.9455402524522749
-1.0831456664197134,0.25719885353097577,0.6893212565040308,1.5719534317711916
-0.3970309888482828,1.0570214688782946,-0.02466875241646252,-0.19069071041230679
0.8471313965496703,0.8034974372971465,0.7141256088548248,-1.3524146368856098
1.014554526635292,-0.22180207880786526,0.12362776348452065,-0.3657191346791491
0.37481533182361615,-1.198039402167626,-1.1300705831579205,-0.4323181805008247
-0.6553181459696493,-0.9312306629696037,-1.3479118718145267,1.1737016665195403
-1.1754854820272809,0.0789338866799526,0.6021538272131555,1.3360145737315001
-0.6029302701238841,0.9536415653644339,0.8278790119900078,0.9264068367116279
0.5367507348947057,1.0287353269464559,0.9436770005975947,-1.2597952100661336
1.229507806100731,0.09867104413831827,0.4631081065044773,-0.9734291801931808
0.6840983412933972,-0.8312756640492736,-0.451562068552559,-0.20449981678171247
-0.3654874871792724,-1.1205712578248586,-1.154514298860111,0.9485327387242304
-1.105936471361702,-0.36602333521688446,0.4374074469799172,0.974113275386449
-0.8433633493289756,0.8269089740014482,1.4013468135935019,0.5560945349252244
0.1892948905353325,1.1747686473988121,1.4119677671583568,-0.20913225120111734
1.042336788569889,0.4186435863178854,0.28131703596091073,-0.5534907134441541
0.8844585574927568,-0.7446679478757398,-0.16272258128256833,-0.6353873380975439
-0.018540506137629212,-1.1744140405960422,-1.6130280290391679,-0.36129739410596384
-0.99944539279879,-0.6240133661531116,-0.3843850343613009,0.8673292182265646
-0.949980425067227,0.5461526768374643,1.3129177047792329,0.8223527362317423
-0.1558792792223093,1.0662081365437628,0.7184395430727045,0.6944257146294364
0.8873322990680828,0.7219318111226065,0.9386438371265732,-0.5733355831067705
1.0692573368657,-0.3922690152659985,-0.7450191451880822,-0.9053265234776466
0.28568333723808126,-1.1757474941866435,-2.029595731842214,-0.08238374469271115
-0.8852906444693489,-0.8866998574552011,-1.1379062645310534,0.8418627271081719
-1.1894581351341569,0.10094522791302801,0.2590783232768046,0.6840339965953726
-0.48320321538008587,1.1018670510662691,0.49590799794935386,1.088448741603704
0.7010873267413573,0.9497244363689208,-0.024651824972710124,-0.6388476554914507
1.2264221420648493,-0.03495583142175347,-0.3382208782647922,-1.7442651498215644
0.6196114210647551,-1.0448037594045734,-0.692277483027352,-1.056924840318925
-0.5739533785987357,-1.0298938331333132,-1.1106352818535061,-0.020272700899755525
-1.0200829883678297,-0.10323341694046193,0.8435335258489185,0.07115321531825848
-0.8316404896133678,0.8949076754911288,-0.22584961579497298,0.38623168014446707
0.4627219416298842,1.1828775331115646,1.6881766403530691,-0.6875412048855056
1.2043752990762568,0.29449188115568603,0.5263884620165427,-1.231230050092192
0.727224369770427,-0.7749059589487038,-0.2399553596141013,-1.0119818183965401
-0.21524938043504938,-1.2427812040337713,-1.2638194227381527,0.12822761543021421
-1.1012991830388779,-0.36894326656009396,-1.1916364999257205,0.5655297874994344
-0.9809000374199832,0.6177506294231027,0.15304995301890445,0.32318939808013203
0.10618837820016723,1.1246271299254285,0.8159236144189608,0.3008254043622205
0.982899093936626,0.676359714970993,0.08778905252960156,-0.6778240730965118
1.032735911867972,-0.604751115167571,-0.6267689583017333,-1.4360052437513053
-0.051604137287994206,-1.137149695419997,-0.5685193706484548,0.9333736235994927
-1.0662295675869962,-0.7153153688093558,-1.29811212294124,1.8349496120058388
-1.0387340768195052,0.33158979293824187,0.8967372279194596,1.5187753907952095
-0.3519460052119788,1.128361118420786,1.0902479254144302,0.5970644591143903
0.9084507473275895,0.9132237007107499,0.25985426236046716,-1.192384996310517
1.2340375000567991,-0.20514745064352582,-1.2389164354686222,-1.0533622121619248
0.41111503609548206,-1.048343497977685,-1.0939100389391987,-0.32398275522193765
-0.6230548153453228,-0.9187191158581284,-0.8471839460189401,1.144978946369
-1.0064128275928221,0.10587654593365468,1.5886679260289271,1.4572178622561753
-0.5109302558312712,0.9985256204565786,1.9340531258354159,1.1923800330941607
0.5620759205714864,1.1113002377380505,0.316086519942968,-0.42755169389108283
1.2961295337405798,0.23241467822013956,-0.4857555783803491,-1.3196525574669515
0.6155130900402181,-1.026559426010795,-0.05495903433132887,-0.46795459887831903
-0.3381036787505493,-1.0925690301240518,-1.0883007022340792,1.29278078584037
-1.157316268942954,-0.3049655900921365,-0.4424590461298128,0.9086588106669137
-0.761848886032882,0.8964924251223221,0.9652237233272809,0.33953155686625935
0.25312045938684796,1.110083816965656,1.7069480306374023,-0.7511410093951232
1.0533405678679701,0.42382907903326195,0.140735044598862,-1.1001312574018636
0.8621937353101683,-0.7457394672615524,0.04126450460881059,-0.936253110337737
-0.10862467152934686,-1.0899828426445222,-0.9498053478012811,0.09127704474493958
-1.056693792710227,-0.48692554110628317,0.06839921354282907,1.3181005777635835
-1.0194164779170296,0.5562513087626608,0.13253244526328367,0.9080189678209832
-0.018419994902339268,1.1152823019090279,2.120663969222307,0.18734314993012702
0.9603056769527651,0.8149076888300736,0.8954709658697868,-0.7846543978894016
1.016372484563153,-0.3951482888069025,-0.8278250977687884,-0.6291803862541995
0.2537773837001636,-1.2534407360174518,-2.4083978690089323,-0.38561644368887205
-0.8218856909956617,-0.8036292597625958,-1.2573574515207953,0.9261110684123264
-1.0738650731629116,0.13549246024952266,-0.06401042892373976,0.9641725606966103
-0.3246138929274537,1.0333389976824012,0.540159818744233,0.9560209568634626
0.5795399486249708,0.8259323178632032,0.8230624542381965,-1.2059901870557581
1.1150940213473193,0.09441469460744517,0.12982912575133954,-1.111596296081557
0.5316376869545127,-0.9579836955998803,-1.3134396803796884,-1.392769613519939
-0.5483393298277497,-1.09026582716093,-1.3242549137394104,-0.7243494062782152
-1.2713657701148153,-0.05547989433654307,-0.6827315788990052,0.4601375005755884
-0.7721412552988947,0.90037543654861,1.0645746550737267,0.9448375472042342
0.4340754536460333,1.1516645120113773,0.8989001049491901,-0.446151867418888
1.1773335607301723,0.3362672834283833,0.8351144533863641,-1.160453477123169
0.8480596456025625,-0.7589320340701661,-0.5636790298032657,0.40668093523742677
-0.298752490848287,-1.202879165426117,-0.4077416997912192,0.20566213241203446
-1.0493811711140986,-0.408112721511641,-0.05246668427272283,1.289856024108712
-1.0515442677241058,0.7080338711229913,1.0312490707435151,0.8322476355030856
0.08184065366321838,1.1619016712927168,2.2173959456499825,0.39691100895770326
1.0632647293734914,0.4734647597402509,0.4218580856031606,-1.6425407494799171
1.0618176324807147,-0.5387304439833683,-1.044775695346714,-0.8335484977832064
0.09224800511635448,-1.1237810856705828,-1.381721989570021,-0.8393225920094993
-0.9906051787856596,-0.69403810037631,-0.7180840931109422,0.3960847954428526
-1.1762610189147586,0.3334617213707014,0.6218125074792746,1.076586728922279
-0.2877813607848664,1.2180693847324373,0.6677401922464138,0.9247040930813666
0.8569478656884005,0.7813574578776986,0.17143095951468845,-1.4340131710337134
1.260843827380065,-0.17792658211492207,-0.48842633157825555,-0.6502965460579947
0.42622115616427636,-1.0803562114901337,-1.2372836667623126,-0.8998761324983329
-0.6555903003909154,-0.9244743251630092,-0.20766690611827954,-0.27881309137445964
-1.1424474493065961,0.028345177094719273,0.18160088406189434,1.165531915121929
-0.5748235453120915,1.1165320837866346,1.087468571778915,0.4750545303329079
0.6097443210458188,0.9582851393944795,0.3765719155275288,-0.18866406569316152
1.1570411550596336,0.03015205016839398,0.09868220662682559,-1.021135330939946
0.6784151261509394,-1.0316187357500388,-1.0196103894603552,0.10390552762693017
-0.5117663190876174,-1.0840561263324997,-1.4985980015042435,-0.011743581607941422
-1.181974457415111,-0.25463652308745355,0.67431778586314,1.3255274529445875
-0.7702976952885009,0.8599713826847826,0.877922574527803,1.0703846433288249
0.2178320688978244,1.0881473144289258,1.0263078183630898,-0.465430996957823
1.07560983487065,0.47736681529712655,-0.7708612861736386,-1.0693515493716104
0.899075623470111,-0.7836587355070658,-0.5483555034852883,-0.5590799157818338
-0.17789795027522545,-1.133624123478695,-0.4877466310538815,0.6854806914837241
-1.2889753562410253,-0.006174645024857577,0.2471697013882701,1.5594556200238885
-0.7737594586949418,1.153141648346781,1.0023402342836807,0.03698122038025331
0.4889953292572491,1.1126650995772043,0.7592557935100241,-0.6888803237705232
1.1835744885680781,0.04837284121039037,-0.7409847125208013,-0.5613768703674826
0.8930044991486386,-0.9265297633360393,-1.6134292245308273,-0.1919781257235359
-0.3146421316053909,-1.178242939909725,-2.1832261023020227,0.8681975331734748
-1.2232629028408566,-0.381302955799342,-0.22683279529899125,1.3185354251044583
-1.0453401924924233,0.8611557278902812,0.6770813484165739,1.559767066641477
0.08557424077968188,1.232736119653759,1.4232235482174762,0.7581242215659856
1.1431965566793283,0.47787235647152937,0.7392645153816979,-1.1398445543473457
1.0699617385666889,-0.7233689366478774,-0.8471801868869056,-1.0249828666230854
-0.02129640928035408,-1.2525399013011058,-1.3047598659871917,0.7202680667107797
-1.0603753928225872,-0.7642959531459764,-0.7338702913955375,1.5651375341154306
-1.202358550821315,0.53705150646502,0.1746886836387329,0.9326870375951393
-0.2532107536534295,1.223755002662018,1.4246104912233826,-0.610418923025936
0.9036678271860269,0.7125754752720923,0.60145002681669,-0.9395627398196521
1.174286174229051,-0.3908777710791132,-0.8562130211233843,-1.2584333970087258
0.38973835649705885,-1.1686810600326805,-0.8260693606919702,-0.5140336574311677
-0.7232855551533909,-0.9613245792924455,-0.43774202590770805,0.45676308515645636
-1.2459380506030413,0.17698740767791193,0.9934736251606557,1.560191664120359
-0.6467061100323254,1.1003802397481617,1.1542415647612803,0.7987603029641777
0.7127778603397091,1.0959677587950176,1.6211921862335754,-0.9301436149108921
1.2841230265462662,0.08252260123549698,-0.3849415263198508,0.442002484960786
0.6637400693402712,-1.0547746372967535,-1.0821087931605993,-0.7054082491658653
-0.40920293047307543,-1.1988526120340128,-1.5892909079335362,0.4445389952517509
-1.271308805909182,-0.07620007863421444,0.4917670128064866,1.3664913564863448
-0.9406930401417857,0.8131797499885668,1.0042227889522974,1.848226341253784
0.4425243020116775,1.2282861812043875,1.3757735387147847,-0.8573571055367069
1.1198085010029304,0.34614430103055793,0.5377784332194258,-1.4181705499181545
0.9244148744804759,-0.7978976047310985,-0.223533183445076,-1.6107663577547597
-0.1426541690004855,-1.3309188823710825,-1.439393008947382,0.3708991499924552
-1.2212226605697512,-0.5888803666759018,-0.3108516872203715,1.5279809439553242
-1.1303933531816435,0.646163201232754,0.3749053188191276,1.493063768654821
-0.01780421408142751,1.2153297184247858,1.7918830091288187,0.7157055307250748
1.2151650138187948,0.7548294167902259,0.33510861309247963,-1.5265115333538248
1.26118415392234,-0.6002903210511472,-0.7602112855499599,-0.8196239117341955
0.18110654185566286,-1.2027477097946924,-1.4993284357382133,-1.2209850013098744
-0.9791137649970502,-0.8557015300143938,-1.1708051839296212,1.1941457816849699
-1.2263616159470756,0.2837674043413438,0.16588113845087293,0.849459759729594
-0.38729288057913375,1.2888762511831424,1.0874152347715662,0.39902668453716594
0.8001079182855153,0.9804747819637754,0.7583933202131526,-0.4508196671476594
1.1762149932500103,-0.2546154558831652,-0.7624931744917496,-1.7641340297538655
0.540108274525314,-1.0519023185249918,-0.8391269767367476,0.004988790769069329
-0.6181587845134774,-1.1577297496778403,-0.7250201111061533,0.28968005745690806
-1.3466913957717985,0.04784809650326553,0.4869151662565585,1.3431484084143779
-0.7693037916562921,1.1850064723084066,0.6495011764559455,0.25285730016852304
0.4801921865630398,1.0901526919130988,1.1929656448664105,-1.0502017133620944
1.3515517853248697,0.25221440701489345,0.2570309222365852,-1.3328356734876594
0.7981890764031528,-0.872298548978797,-1.795531708985773,-0.05106266381018798
-0.27972074203554737,-1.2944085463886206,-2.0174186605839415,-0.17147765050435249
-1.2446830359742866,-0.3418454427219231,-0.4901576742217595,0.8704216477609661
-1.0049910661666182,0.862251505495637,1.0322297769372313,0.4807931383066122
0.23934452603873502,1.2190936418969294,0.7588232385483873,0.5726592281087728
1.2292279533432124,0.5344586538465427,-0.24317285228680374,-0.03714076062286159
1.1545451508613405,-0.620398526249492,-0.23479152631088684,-1.4180076741178542
-0.016127448267479624,-1.3081112177193983,-1.1242973180233877,-0.06795530572458297
-1.092922372546436,-0.5813651526863695,-0.7362151476320999,0.8751520175469657
-1.2197149317671123,0.4663374444419659,2.019412554673934,1.4096951079575037
-0.16876656411148983,1.2418096372843834,1.2508433628515476,-0.47777704562308565
0.8552942910520909,0.9675424578015775,1.052330884742279,-0.5015550422911746
1.1387395733167847,-0.48558532781227337,-0.4097742485819367,-1.3567692855691649
0.4100934337210121,-1.2133699693452167,-0.7240170224690662,-0.09248086045320791
-0.7181124858796868,-0.9021231945209376,-1.8947531825670894,1.2322036093629618
-1.365299763190563,0.15506290574283227,0.12102609587563928,1.3821447195927161
-0.5529153382170318,1.120798809317523,1.2528592517246373,0.05000232529441373
0.7980744745006416,1.1272237009720076,0.39435548969743883,-0.8139559582823197
1.401240264279397,-0.004933089287373815,-0.659685831992548,-2.1128061705567984
0.8423935696050013,-1.0642592268008846,-1.8117229055838335,-0.5157147103254067
-0.47008278490799776,-1.2502795000299498,-1.89629693067582,0.7585728584944851
-1.233948067783504,-0.14892817764238248,0.22762965389922063,1.601999030420413
-0.9593106588781243,0.8939325083038783,1.3436859605934452,0.925957135200231
0.36624736128932944,1.2302248054153881,1.1028597171534604,-0.5863491186097758
1.2637956819348792,0.2638055745007658,-0.7677899252204545,-0.9447999451703478
1.1020219268030924,-0.8789700747747848,-1.1065658268874206,-0.13261430178372113
-0.22559394987820924,-1.31814331603172,-0.8842820827147964,-0.19590153935556964
-0.9973698564373976,-0.44866322700426264,-0.24894271670303114,1.7490402455870218
-1.0204139148793367,0.6369974083222683,0.6338848091966565,1.0994274468481735
0.05902796478701119,1.1929572148102823,1.9607984049691678,0.4063791247690762
1.0478586420202392,0.6416034975422517,0.42888953970920407,-0.5177087468075042
1.100071679311717,-0.599736183355441,-0.09308459893074383,-1.4992440218163452
0.254798197034642,-1.2562060155589776,-1.1725821210413423,-0.6520424046155715
-0.9034115251279544,-0.7338176903920541,0.2173920053972933,1.3110361172170348
-1.1656580343812417,0.40100398836006845,-0.571765555127054,1.8787122838933723
-0.3069235076379296,1.2237921994383665,1.0446606650387282,0.7955994033414493
0.8830119270913592,1.0271207957782182,0.9775660687814469,-0.8111004166198083
1.365664606602869,-0.2076976576613051,0.45562785780715487,-1.7649789567497771
0.4532482714209274,-1.1621432259357578,-1.0780220093693307,-0.46595814711116956
-0.5854104931898136,-1.0467651516208807,-0.9542600511344496,0.5065480007690326
-1.433603293786515,0.03041985537603633,0.42538082708898584,0.4041942545229955
-0.6728540928125604,1.1723086216005831,0.11685411783939892,0.0002875272502200765
0.5226244510924773,1.148626587386091,0.873187053202294,-0.5615313363992447
1.3512446018555164,0.25437773605578673,-0.11831690862995736,-0.9786516012447521
0.9619427066658239,-1.0241316210202485,-1.2739398153809023,-0.45497284158681206
-0.34302015232729793,-1.1753557612507617,-1.259382551583656,0.23754477714881594
-1.2509926627015528,-0.3504591116952311,-1.440638522910399,1.4784016755568952
-0.9841220016490977,0.9885402899099383,0.8902911053837254,0.5501135437216548
0.2550585975907558,1.3171358084676006,0.9871835713540547,-0.9543518454800548
1.1774594382472643,0.4262262667254836,0.20129400399982011,-0.6301668649204462
1.0495329578946921,-0.656889422504342,0.5987387347436407,-0.8826080865592367
-0.12736957075310945,-1.3256393806240474,-2.5081995718476744,-0.1351319790158534
-1.2248868241677138,-0.7238080854572091,-1.4737006638226036,1.0766639940514715
-1.230453217290781,0.5062068371545344,0.3600437366334841,1.377756111659354
-0.15037720961318962,1.1788559096343574,1.732193351694588,-0.07050775997290204
1.0860213208961238,0.9135868767994256,1.0077803157044989,-1.9166474797862498
1.2704793346930834,-0.38649814060142035,1.1193905234035573,-1.3092242104950282
0.29691919174903125,-1.2712444398534224,-1.1557970351156355,-0.16484463975193764
-0.8371817711655987,-1.0013546461250122,-0.6548638276417784,0.9462936631411678
-1.2644013620059575,0.182029461411843,0.3457922715063688,1.4604452751719088
-0.5777069743519405,1.1848598676146065,1.0655704422147732,-0.2558252164522645
0.7888668787373495,1.110916350259563,0.9158080569884136,-1.6391739869564692
1.345535705997376,-0.027439422213404008,-0.03284373640339622,-1.1577047707354524
0.6062977064454442,-1.1069908725747108,-1.4666655787559217,-0.27179511613697804
-0.5744657910788953,-1.2322419637255322,-1.6153858159804824,-0.22042431799449091
-1.2412205686661515,-0.14666733749338648,0.42248824487166825,2.2119845875982125
-0.8325635924909641,0.9657462838018297,0.7156192804726252,0.8961767851347197
0.3461753430783358,1.2721505869281797,1.3901760075433915,0.02341410218643647
1.162179771646119,0.19409942394724944,0.6568502495061035,-0.3730065767403573
0.9358906132158848,-0.8587527268231826,-1.6478620579133634,-1.2104021406212173
-0.10932418916863777,-1.2310906007969908,-1.5000456366357835,-0.6390620489289589
-1.2550598816645009,-0.4907013358251983,-0.6660624281043659,1.3940425528864004
-1.2056878527453445,0.7628159349778999,0.5455707196674175,0.37726597587098787
0.09548243174658347,1.2619924063322425,0.19800020905487922,-0.9265954673129573
1.0161397553184635,0.711966311973902,0.724293433213189,-0.5944751372923468
1.0707794269487478,-0.6244154869820623,-0.25042993637446,-0.6208663008001708
0.15554502091573438,-1.1016881993501642,-1.6272443646651724,-0.4185992054186116
-0.9404289271687677,-0.9243361760955805,-0.06395044893506008,0.5309938384960483
-1.2604373795543455,0.3436475832243833,0.7128542434092755,2.0358980213047233
-0.3419384786519358,1.3614907462676331,1.016399643197019,-0.03500491931144656
0.7768907493897143,0.9570565674725046,0.48683611705554686,-1.5109513799320644
1.1646514298310198,-0.10604714901100874,0.16961647830812332,-1.7805648843238688
0.6912587510603714,-1.2744203503867861,-1.4141352997527434,-0.6825534450483828
-0.73761545509532,-0.9857626811528089,-0.6606614894694784,0.3997157455553235
-1.2842057602923633,0.10106431660663853,0.7751098299212655,1.4699353996229452
-0.6619507944528819,1.1403730210371368,0.6431416589744343,0.36169581614446056
0.5720775503517765,1.1630984991689062,1.1712654511536247,-1.3085093463611552
1.1259653374047318,0.2578464691026848,-0.8000242201524388,-2.2740680733343344
0.7267979124882353,-0.980843705646746,-1.0761703523183852,-1.1587289903103197
-0.362992582778986,-1.225365668389241,-1.2413562638800768,0.5241554967708995
-1.3939281714590765,-0.25370423885517923,-0.005927819140386648,1.4121334678799708
-0.9653738395950964,0.9172763519020324,0.5741133647547308,1.08952303354857
0.1984698382531305,1.20485791897489,0.8881297373860547,-0.22073018348386597
1.1451495748454408,0.5603920345660115,-0.17748469266521405,-0.7418559745714259
1.0127608608080925,-0.7502317196987723,-0.9572137096388844,-0.5322097096638573
-0.03939983754197522,-1.3054419119105047,-2.1849992952955914,0.5400411942840833
-1.0960045881100822,-0.6488192993445987,0.2638477891197044,0.8813673631708752
-1.273898473581976,0.5888665470006381,0.40081774571838036,1.4855605317730458
-0.08907273100465699,1.3443824825267705,1.9036872182995972,0.8685554402516149
1.0790530357666595,0.7829314962849101,-0.20743662027522758,-1.512464149350764
1.2386345799735634,-0.4766143619255721,-0.6438775869022939,-0.9218632079701513
0.37479962247874027,-1.3557818316080712,-1.0256617398176227,-0.038057964304506475
-0.8985978661789481,-1.0707788529755875,-1.6883424244332272,1.5135073657750935
-1.2546206877552222,0.17129522495728589,0.42526220725582986,1.9629483101204148
-0.5831393626097974,1.2260576803538132,1.184557946844178,0.7545731710285897
0.7556657423557529,1.1109328483955165,0.9188978866866376,-0.7156714705102502
1.2225856881897692,-0.037399592179400976,-0.006272379339877787,-0.8829872703493786
0.6870590642297446,-1.1795572908169503,-0.9662846787400631,-0.3128022598572022
-0.5750018390352611,-1.0558451062991072,-1.7389809400358602,0.5194631097340296
-1.266940879352665,-0.10480439009015638,-0.30416319004457737,1.769345622527802
-0.6834677898902762,0.9587744235635864,1.618022517604209,2.008057557130228
0.41964108383389065,1.1087014738934824,1.5350204600272022,-0.2755882675491361
1.2767662062917289,0.4294615235307566,0.47029787382081967,-1.5599448988209823
1.009829871896768,-0.8589477817176305,-0.997973238285057,-0.5317004121596441
-0.36674827521973674,-1.3518722520979933,-1.152144631227963,0.02045828194472521
-1.3202216295599258,-0.48508376197992187,-0.6824283611476101,1.6579587209651574
-1.0956636673482696,0.7695214720630719,0.663162939086564,0.4412098707530804
0.009561106026087472,1.2944927430723414,1.8114272529494457,-0.09796381298278645
1.130680011384932,0.6160102831979654,1.0186129625168405,-1.0398005037377638
1.0950120863519925,-0.5575313214752184,-0.7711114230648286,-0.3488126041078793
-0.017266037984117077,-1.2542871002723903,-0.6473328232217932,-0.39880474601213245
-1.0313010804970744,-0.6913378228410054,-1.3472048231184375,0.6944745321253687
-1.113437638635659,0.47845363513836775,0.5621263273409793,1.2240714781605582
-0.22996646341012042,1.2261695629937843,1.1625662712344065,-0.027431097376716673
0.857166694922976,0.9891328424261169,1.6783109570620174,-1.0170462942638496
1.2473200697738993,-0.20605592358321687,-0.0733568893042913,-1.9269852669900267
0.4478034521432155,-1.2972356139155892,-1.8578128085538599,-1.4818564008501744
-0.6826799417262293,-1.0245355386218475,-1.6887430379406725,0.9738819642094348
-1.2356923028432227,0.03484133354655831,-0.12765144387485994,0.9794814296798021
-0.7382850146519849,1.0795785623531626,1.2032175815000594,1.4758976709054061
0.6265837769585553,1.0234458470404177,1.2947074159946876,-0.5446758730754608
1.2348749246685924,0.24522356124245273,0.40991906141396584,-2.2101031543051928
0.8003985942365552,-0.9419904383680241,-0.5244622265277288,-0.6075189136089626
-0.4055011446946598,-1.0743337601435412,-1.6164565489143805,0.577855622686706
-1.215893491566535,-0.23009501583916192,-0.05152329716861859,0.2802479903234424
-0.9207943697094123,0.8405246839546598,-0.038202262186938785,1.1152155654471896
0.26610740969057556,1.288812146409928,1.7076558463308855,-1.2639901039946488
1.3180144281529733,0.5156641105504833,0.7941119098929761,-1.3843041212307978
1.1116059933061282,-0.6937836354059139,-0.4484751449425789,-1.9850101191668594
-0.06632476870597909,-1.2147879247671716,-1.1221119483887894,0.610080861411203
-1.0428007590228332,-0.6378471758044063,-0.3983892359576702,1.3135679757875856
-1.1499844915536561,0.5392862431468212,0.8949010468883778,1.5119024044977087
-0.10660425661665315,1.2889031274775786,1.3240816496274392,0.47553356971327565
1.0164107542327838,0.780839928883769,1.137450842815923,-1.6409993059032184
1.2846565807076278,-0.4258201439495352,-0.9589150838777905,-0.6445861233582229
0.19942310048904682,-1.311894459280701,-0.886498490247899,-0.09933333296194502
-0.9136316074360834,-0.986555645547617,-0.975142098397685,1.1684998912914306
-1.2611591418758257,0.19907160080569522,0.3864496123619354,1.3033527373893377
-0.5101657427654578,1.0517233924605118,1.0910441512074882,1.3786779854950315
0.756949964739533,1.0732649391729916,1.3407208384702944,-0.5096344410940135
1.2806325925841515,-0.21592967985215583,0.08581816293278255,-1.5878577143683772
0.728196225997245,-1.0941097515583735,-1.3447126098834061,-2.262121039445344
-0.5867731636225689,-1.0713215399367269,-1.604108740876902,0.37978923131598896
-1.2602884477939242,-0.17767503789192818,0.44001332762782175,1.1199829726963928
-0.8473037631642574,0.9967731140446389,0.9112665031659306,1.5501978755198125
0.542525723422218,1.25683068185691,1.1748688442064066,-0.39858836296072675
1.3035670465672524,0.22820819323046282,-0.5633143179883515,-1.579798698311694
0.8893543785470964,-0.7994369195032114,-0.11556431982580884,-0.9790263043202563
-0.1183727257193895,-1.2294200207346162,-1.0487229512880962,0.6914859877925972
-1.1098927490314299,-0.41988053793394803,-0.34566538587878615,1.2189161563788042
-1.092216300537358,0.7792756687656154,0.5426530391908546,2.1450483051692273
0.09567949876350848,1.2955317278408947,1.8564135542336864,-0.25932815171022194
1.0683168064333444,0.6073236615379202,1.2886243202033365,-2.5860296927113358
1.2154967321539807,-0.7371518129393057,-1.025620607901051,-1.7098908176044114
0.1473913757781546,-1.4077462378262586,-1.9693501909278948,0.5334729845157327
-0.9455605915241051,-0.7582073035843844,-0.41958465102197584,0.9101626733405088
-1.2140302604626336,0.3838138243295788,0.9031081696690513,0.9977571236453411
-0.26490638328814975,1.2887661330551001,1.4370459216520706,0.38642120670562163
0.859237939535198,1.0038696725206357,1.3279029201407122,-0.6585013090463671
1.3828633411654563,-0.39959100461845365,-0.6768433429979992,-1.0582827921426436
0.45119113620222945,-1.2698316851905609,-1.3510121498841237,-0.32873013960096786
-0.7515678936319754,-1.2173002971271094,-2.411411959433402,0.868538626222442
-1.3883078951320547,0.043597000639587144,1.300983946934895,0.9150485696950745
-0.6817048787894676,1.1555066705921313,1.3502738414996844,0.12611566017499465
0.5881958870883318,1.0821152928709352,2.0666850074136445,-0.6401420938773072
1.2969068025017252,0.19787987679346808,-0.4934514779053567,-0.6365385890515995
0.7474657638473275,-1.1536437112209494,-1.3878723439392031,-1.1192676459711708
-0.5397410933192253,-1.2131116296889979,-0.7440143756176034,1.205678523332332
-1.2856884745877415,-0.24727340923062552,0.2689343606356054,2.197533056736923
-0.9499400370837777,0.9100153434783546,0.6579532737916799,1.652138012062751
0.24944811332581568,1.1688116041133916,1.3045667941805417,-1.2554837382882689
1.1607572891113433,0.5024495452700448,0.48962626110642504,-1.5854800872293962
1.0356199215096549,-0.8663381241512762,-0.5342943040022025,-1.358826459793785
-0.1005528629786956,-1.2737098148624346,-0.8084950382543613,0.2013856374380929
-1.2286932459590603,-0.5215326538300317,-0.5461082290378505,1.137094311944622
-1.14714653737609,0.6753343151192683,0.051154709317106084,1.2357420902865202
-0.04600078557459747,1.3376949011555088,1.206068406610361,0.24328692118008588
0.9275571026023439,0.7145309776596344,0.757002432039493,-0.4374119865866555
1.2919080102259426,-0.533415180344726,-0.8519149014970717,-1.6831546903109162
0.16637482865926767,-1.256789466466007,-0.8097063633921426,-1.1580430609722825
-0.8082751428063688,-0.9044562533142799,-0.9054312722358027,1.1027259264637683
-1.2740386122652863,0.28233727012273657,0.3631663425250975,2.6623388157813044
-0.5360470772836213,1.292798493230433,0.9937850259125453,0.7320861001564771
0.7853259203887066,0.9466451466050371,0.755425782388004,-1.0882044878907016
1.3351443796242648,-0.024139039538938895,-0.1810538233056469,-0.7052769216671059
0.6061650006233928,-1.0473622258301853,-0.564362240189904,-1.3435288083172103
-0.6273082393598639,-1.119687867530529,-1.105194442995873,1.1537123775185276
-1.212526751864094,-0.14375196086706635,-0.09951706640648705,0.9904478901799466
-0.8078852067463635,1.0227073950463996,0.5971620489277385,0.819836916820536
0.37847110437293724,1.2679697304790922,1.6126276854342176,-0.11601358918589932
1.2960661818259118,0.2565063755685103,0.41394204088446185,-1.4593817491502492
0.8871725684426309,-0.9828205207204009,-1.619545437541075,-0.9688121808554817
-0.17220748848630812,-1.285429831440262,-1.1250805528832164,-0.5670657348007857
-1.2162730740604137,-0.4689406210144454,-0.5155327153172773,0.5780499052300575
-1.1350571328403023,0.8120257784738814,1.5421897609102397,0.8260404545168382
0.1351872843625924,1.2578569401960056,1.56984374875281,0.4575533124082398
1.0918369515175235,0.6120532258333009,0.5154773043042937,-1.2930267577574752
0.9763794976180916,-0.5738209786983023,-0.20142071568423403,-0.8084040748137117
0.0005773573376397639,-1.3029329385487984,-0.510282820385394,-0.5206975124799762
-0.9907767154763664,-0.9153726952492084,-1.2021263849453627,0.6572767765070942
-1.2777420564265023,0.5489513230227653,1.327896322858736,0.9797853624938587
-0.23725830243854276,1.185155052467066,1.7433163262186062,-0.22985146975995185
0.9335533117064952,0.9244571388382179,0.43712679595098114,-0.42411621600752625
1.3282912359794787,-0.30476813976267403,-0.6317996722431718,-1.4090583381666755
0.5155073134762072,-1.2829472003489348,-0.6999602459819598,-0.28963283729059763
-0.6836985953366446,-0.9193559654917888,-1.1085810681528296,0.2699668416005646
-1.3192896126888534,0.17593807107793263,0.49903790455019914,1.7402427636132247
-0.7066472497285656,1.205090463657259,1.4657576183061711,0.6079123247539475
0.5734155130564192,1.1210437753318692,0.5890510485230557,-1.7201487822278827
1.304515862490458,0.1298118458698161,0.3195861835955438,-1.4977056505236235
0.7108969715637667,-1.1006688067907813,-1.9494411594909316,-1.156986068659862
-0.6010324787138781,-1.1723210327158835,-1.5223712586719829,0.9496840273231044
-1.3081345838059146,-0.2942177928776674,-0.07763208995139048,1.511259423138242
-0.9130459317787353,0.9313259101927048,0.018414308407392888,0.5267346663169054
0.26134125440572437,1.279833186681122,1.5880652764313334,0.580360359050961
1.1831116631352612,0.37388714610324847,0.6181202860478963,-1.0303563196969312
1.0360897045966848,-0.9153532789204262,-0.49797651591837466,-1.8456462795612465
-0.14082069252694812,-1.179350867768088,-1.7436662662952729,-0.07395692889135885
-1.1832180604175149,-0.5672228233761136,-1.6675567608172193,1.2700599914042043
-1.150115844352509,0.6433507058851278,-0.003119046819273219,1.5744220722184277
-0.06579110908425552,1.3102521276355739,0.7895656231138255,0.27747420647381227
0.9550421962988356,0.8566931885618455,1.6407852591565446,-1.2892343849921961
1.1012073098828057,-0.4719690703290896,-0.9010207502577938,-1.1855395423200887
0.31253214687947056,-1.3431056429660948,-2.202541620382179,-0.5207898869454586
-0.904741023024239,-0.8467391319062574,-0.375733132745632,1.2528298928961157
-1.3136404847747312,0.31195513956407683,-0.27858653694974644,1.6588215817047092
-0.40056234091389953,1.2585526839152996,0.9631799464337087,-0.5272392784267721
0.7766544384755201,0.9281056519941681,1.6718840601063811,-0.9637414488179469
1.3277449934844694,-0.00487973127470262,0.2820343197931807,-1.866675784536515
0.5527979707262783,-1.2107255904440364,-2.113311577589546,-1.273661741150689
-0.6989018184858938,-1.070703142528424,-1.4813815968749233,-0.08807406257091199
-1.2743948622175727,-0.01932700993991767,-0.06561924179965928,2.0153734498222975
-0.84144464912871,1.1892904383271623,0.7762343319729559,1.030670974323487
0.561230842075513,1.2805092881077647,1.4374202228359103,-0.852082149815161
1.3124567786884287,0.09126838036656001,0.8035655574027833,-0.7144453752341947
0.8693785095089366,-1.0057510755709744,-1.9660013581723639,-0.8926710708619429
-0.22322653176031507,-1.099757279921847,-2.03158084296177,0.48548899898646525
-1.1737194962112458,-0.33696008916727116,-0.588889099281259,1.5067683794258897
-0.9863116465051825,0.8242878507651977,1.1302813812126256,0.8593914860419766
-0.10814965434266731,1.2420086004097548,1.7942272960827554,0.022676726275652204
1.1478592938840668,0.7258557644255705,0.3956268153562348,-1.930735898431371
1.15285624935049,-0.6436987606595822,-1.0278486729305103,-1.142783368076431
0.025989308417249786,-1.414609373671014,-1.1305963985502359,-0.04862068531900632
-1.1924227816182569,-0.8143959508593577,-0.48731607953448774,0.8086005524057471
-1.240520195357011,0.5348511036688471,-0.3289351391990858,2.585820458723461
-0.3021486649929547,1.1957938626832167,1.1021967071573522,-0.08208192973119477
1.0920337507379991,0.803846987840086,1.0265239841129719,-0.6882435653454294
1.2035341268792954,-0.18985528842994986,-0.5821333814662921,-0.28778587068930994
0.38718936912098095,-1.1406044061192637,-0.5406003506177526,0.35793767384334596
-0.8176410981843232,-0.9419057955187119,-0.652509256044233,0.3731206466461534
-1.1882637910752694,0.052538448105739696,-1.2457799539504333,0.8248539816678893
-0.5735306116557547,1.1577470849674032,1.2245910655800245,0.7668823050078444
0.6352678228150613,1.087918831181315,1.2368727662517471,0.2144212402819412
1.256543786153773,0.1388082562971124,0.1588539686072099,-1.4884987486078654
0.7271735659338698,-1.0566748364527352,-1.0343925354781858,-0.7714854671749094
-0.5492400252147217,-1.1620544695367754,-1.6232095860427245,0.5474010395299089
1.0429668192721753,-0.874270299332957,0.39121476275352896,-2.7100587413972277
-0.140310053243771,-1.5427485107505148,-1.2814745961621377,0.8196105787885799
-1.1441322982914544,-0.7231680272576502,-0.6399727139127898,1.3306817389330354
-1.2023872392154278,0.752947595013413,1.3093639467469853,0.4097686613765228
0.006845334543357784,1.5522258703111957,1.6226082416775223,0.21594222683316677
1.136732263863162,0.6241914524178425,1.4072729770254488,-1.8835492232687128
1.2785645899282845,-0.4729088447234342,-0.8623550378231748,-1.789049354049416
0.32119377017672424,-1.3924892564342002,-0.7066979110992052,-0.45739780732878876
-0.9029685416763333,-0.8586713563673627,0.04722542916782757,0.8516654952372965
-1.2680394125703771,0.2283361770000793,1.0944526295571821,1.5303337514225372
-0.41246936162741726,1.331388381291353,1.2473109296999723,0.32341539218164184
0.8496152697448178,1.0399574837193999,1.105617637660397,-0.3693573896112573
1.429178259316431,-0.19080103488841907,0.3204874220695242,-1.680335365065302
0.7235963276309503,-1.2233804430340829,-1.1392252278321027,-0.5608042345561837
-0.6766488579992946,-1.3118342606834728,-1.164247974254189,-0.32740645395598844
-1.3287201470518128,-0.15120902167056666,0.5883528168416519,1.4750059599486287
-0.7439647339795543,1.1262179579214242,1.5977663129405761,1.5800207338882688
0.4821283734696219,1.322642820408804,1.0863293197737822,0.2894593532858214
1.4296582092133103,0.21616806376992354,0.33919441962290686,-1.6643013173835424
1.0094743641904231,-1.0647265973321298,-1.1237625829463849,-0.7176816729374735
-0.3441533385057248,-1.3704585835394623,-1.7188525472245235,-0.07277542839258189
-1.3584200320831,-0.3983217661142038,0.7770017892576264,1.772300918959791
-1.0240976544246838,0.8875471601584792,0.7132602093493806,1.6433833582961432
0.17590806783514096,1.1810707393697624,1.515376696849694,-0.24846572162269376
1.2177093015584466,0.6628143476767944,0.484210390832589,-0.7787326285655918
1.1116633759582097,-0.760501001127414,-0.4697810561536675,-1.7045704865795697
0.07321688789382179,-1.1939206105602314,-0.9089910126772595,-1.0199306317728307
-1.1190071475833656,-0.6572177198016942,-0.6105237938375885,1.9185124434556193
-1.3043436151302197,0.4240142762986499,0.6334750634968622,1.6874383958713384
-0.21135728121256622,1.4206897284426194,1.8746310626679181,0.5124126148339825
1.1644441485027028,0.8762309279508809,1.225155671500967,-1.4217013355002739
1.3275436803102538,-0.24741911161592756,-0.8492631251819938,-0.08245079490423551
0.46625097527512427,-1.2503285019731791,-0.8885711868107468,-0.28501268599969154
-0.7998308771017766,-1.1107237436009196,-0.8812338059621394,1.0998937024610433
-1.356998906282991,0.1885651635348664,-0.6216240874746548,1.664119050667671
-0.5937971997283357,1.2146973155710394,0.29651235895677197,0.3979385548160197
0.6723321547686295,1.1111680753745463,1.2337374512757664,-0.619849987068104
1.4732512100195652,0.04950314478236714,0.1884559260995311,-0.7447025803475013
0.7541977868385528,-1.1118932681171312,-1.0305942601612716,-1.5930099125864488
-0.6681022269035629,-1.2957385794506862,-1.1066272829563883,1.482179782157168
-1.4421781654685204,-0.35352241050774424,-0.3636686805374312,1.8320106415409967
-0.881113466875415,0.937487120190414,1.0867536188182396,0.9851231274799754
0.3305679217291867,1.28102251342113,1.584550441208233,0.2555879604613809
1.3997647298614102,0.5214408131375532,0.4305860749692114,-1.7822874795019765
1.0237314568413112,-0.8572373242838872,-0.7137872709294857,-1.045534104390791
-0.08641129973100727,-1.2826875491136267,-1.107309265514359,0.040225043783339576
-1.2730364296218277,-0.6006338718168525,-1.2129767191488783,0.9313354020420955
-1.2708149671633724,0.7702408668258178,1.6670634795082744,1.065260654742584
-0.017994126404461252,1.3540980941597627,1.8030276684907602,-0.5467501362151395
1.2151831887550817,0.7846418228200477,0.4876241443079665,-0.6522030717859117
1.3395972451913283,-0.5707174981594989,-0.24730610562227362,-0.19489975232222567
0.16954351813463475,-1.4570231658618367,-0.8011924513708998,0.6025607821352696
-1.0734169979050423,-0.8638507898189853,-1.0774375458806456,0.8190940930580115
-1.3912139225850608,0.2566173446850938,-0.21073319908707977,0.9880353475282129
-0.4251108292868371,1.3292373223867493,2.2024330329258115,0.7920021848751546
0.8993807859828536,0.9898131329715798,1.0658672808848528,-0.7638011253179178
1.3296269175085538,-0.17695361461764297,0.9827011876541891,-1.9242876974397927
0.6117335337508719,-1.2500447604455955,-0.8878217755175355,-1.1609859296966685
-0.6747308775742562,-1.2588526694660243,-1.357997308545672,1.5706832659216197
-1.3709186627150838,0.007855049614831293,-0.503899333108716,1.521807330202363
-0.8573719963733795,1.212734534374706,1.1025762325297284,0.7567776158908568
0.5245351788444899,1.2785281550064198,1.9308020890835746,-0.9356261586611403
1.3263174367648298,0.18362944628772077,-0.6640374423506501,-1.5315147996622487
0.87004680603999,-1.081932663757715,-0.8645659247733828,-0.6993624632083939
-0.3728755883830298,-1.3913187869568555,-0.5886015322700802,0.7331920998085739
-1.4604159448562233,-0.515592901187196,0.7519280714683163,0.9069989832149147
-0.9630204341388386,0.8638806617110196,1.0146702213364667,0.9086667759256356
0.12615597652042992,1.4302647953633125,2.5334919769428277,-0.3175052975932091
1.2498767586434751,0.5722484709787075,0.03882871909678065,-1.2003558896622326
1.2461538544554207,-0.6829937345317476,-0.8413714926728599,-2.102293647143048
0.06813201062335042,-1.3611878814551592,-0.7008385580202259,0.5014774753355367
-1.0989458839129047,-0.8290525963321822,-0.7417662646544487,1.0902801851786919
-1.2935864477317214,0.5412357863316413,0.6836166592529069,0.27004500547080756
-0.2943129853734845,1.3392511375761493,1.4276499781033631,1.451235008673909
1.0905649787234208,0.959120379815039,0.8825830470937795,-0.7395333587600306
1.376629677343513,-0.31598112202450546,0.2138908684079921,-2.2626048710353963
0.49593310938262747,-1.2357161917247983,-1.533781447899909,-0.8915407104475492
-0.9431246886932063,-1.0250729454564884,-0.699204648815363,0.037868704210604065
-1.4028025568265434,0.0690181651429704,0.10957208729861612,1.8455479735016702
-0.5671890334190681,1.450832681248081,0.6054552589679768,0.8487426640286222
0.7197626768246814,1.1767567250485014,1.5121468650876861,-0.9342307952762408
1.2968286472723018,-0.08764204179615177,0.22915590553754916,-2.159094550355021
0.8430923659070404,-1.3105516053241906,-0.9600699848082628,-0.8697151576317436
-0.5272430104922948,-1.1372286735670143,-1.9466654959526175,1.0105920813684188
-1.4230746986559115,-0.24480661211229604,-0.5794346809326667,1.5086287847608637
-0.9017045293627792,0.8815107202271438,1.0674613190150495,0.44810377396920065
0.3775068058643477,1.3887888799346904,0.8748654717424043,-0.9233664606410086
1.295190568604049,0.47826732807274186,1.2400215580636031,-0.8638808638455167
1.1509432823505112,-0.8914170732227592,-0.5071131491899888,-0.4263620891958303
-0.22021102861360026,-1.270627724780503,-2.076867206123082,0.2567187255826575
-1.322066529876968,-0.5804557979552698,-0.9025278048402352,2.1379566124499307
-1.1342984671203116,0.711262259905274,1.5081774801761294,1.6917140414704395
-0.003854750453463413,1.320285208007313,0.6005578228186418,-0.2807080490489089
1.1199783262482288,0.8065693591752423,0.48599043410125886,-1.3725400707676505
1.3234898369480872,-0.5666739597156697,-0.022084803061171998,-1.3037516370278703
0.22222269620966967,-1.478282964723921,-2.2463209714874908,-1.3015287822495158
-0.9836421494957954,-0.8779562881239359,-0.44062236285910106,1.3258698068826613
-1.315940351649339,0.43583934958736936,0.7035461893953876,2.3043699506038577
-0.398322517210581,1.2634686177171157,1.391253815861801,-0.03232165466714121
0.8692080037959091,1.1957538886227395,1.374842275799033,0.19929989347607702
1.3046050711556505,-0.21450696178385303,-0.248606352802494,-1.2652265496184534
0.5863064907568779,-1.2484166824346006,-1.091778916938786,0.29529213872087845
-0.7196772532983841,-1.1168684328999876,-1.2668967142937697,0.40848619161796385
-1.3699064605135596,-0.01041212003231494,-0.7228449886407617,1.4124111243679622
-0.9240567904612239,1.0569892820983473,0.5833486542882127,0.42503028019328704
0.554644568063973,1.336284710746323,1.4347805550780524,0.22856435623481164
1.4731546903933819,0.12930869822874858,-0.1870643633077873,-1.3589947239514657
1.0242783376151683,-1.0952843528941096,-0.597006382576728,-1.0561330566387044
-0.3141845613096806,-1.2779138048021583,-1.3053424380673122,0.4124033429057017
-1.3015458053941407,-0.37002460286103844,0.12044968095941133,1.013843928290084
-0.9128569482997225,0.8911315652149355,1.8465665337831716,0.7222631313194711
0.10920796173065475,1.3572704651410865,1.0010426956863947,0.17759933458906252
1.0971770241770338,0.5615626734390794,0.3754441344801651,-1.132842413207867
1.1950247047240554,-0.8443760384382751,-0.3746723115949979,-1.6297342066812759
-0.01946166908003101,-1.408259760930783,-0.5775412466108534,0.6386108198436324
-1.145691166961212,-0.7820207684831517,-0.02894173042456316,0.4598462290883981
-1.2490251370945589,0.5921196391896146,0.007826819935110585,1.0648030190955209
-0.2610019698385382,1.4179908417512892,1.8928959246426769,0.24159640632862245
0.9963342322204798,0.8740157075821364,-0.0840548960084464,-1.03235200185964
1.3081672188667883,-0.30155248882899544,-0.6006571612280986,-1.0868079113989344
0.391899767480562,-1.2512115537893584,-0.7279918394112752,-0.41758601309945687
-0.9482868364369449,-1.0759204184280398,0.10342397053274555,1.073344700285973
-1.3193616586154695,0.15454373377060765,0.1675629471425566,0.8856954629213201
-0.6114383122305312,1.1505813509753329,0.5897922595098137,0.828776351724918
0.729620422183637,1.2147710981389692,0.9959331970287838,-0.8040660498767194
1.3626656597147435,-0.12727224641623075,-0.33683077268131356,-0.5671693123261785
0.7562150966228222,-1.06754360544504,-1.0008437429123156,-0.1621631536067769
-0.5262893531091216,-1.2223352427187668,-0.2481353142805809,1.0709233382150152
-1.5013002956973507,-0.2938647718289299,-0.38474348819927284,0.8464008662239314
-0.8904132320431557,1.0307033919484008,0.8238545413790416,1.0659362610743883
0.42142734450558966,1.4417516867084295,1.713635814129459,-0.2525805398038705
1.3517527629853041,0.36192781984753675,0.024592273919212815,-1.1708568479244736
1.160741380947077,-0.833154520942109,-1.258827942169039,-1.035452801727984
-0.19996063317482157,-1.4597547145326422,-1.6601529041143204,-0.4963654594738687
-1.207555827079861,-0.5760344392089972,-0.9084254369255995,1.2871495362909091
-1.086638257801975,0.8510508627822443,1.7937498122299322,0.8363205855690636
0.05660426562151239,1.5472183985543948,1.8940938474403828,-0.2895960272856457
1.2235608424227349,0.7126834061389913,0.6438149167851126,-1.4415976923466216
1.2856489887849119,-0.6882021104381508,-0.954925138094963,-1.4897598786878108
0.23504680572420442,-1.3587042724372393,-0.8495704585335478,-0.07197635170263061
-1.0777396222126483,-0.9254871048185833,-0.877511011901756,1.793426746209822
-1.2937944574231661,0.3541355979944402,0.3210618472015869,1.6408455368371018
-0.22234229253755639,1.4457739919009998,1.672304296442158,-0.0862878723266669
0.8414630521964411,1.0398894268659755,1.342167354969113,-0.593742689892639
1.4525134123939398,-0.20979973056634046,0.9045199326783393,-1.0192375902715682
0.4990334306530054,-1.2763050599478052,-0.9680502959727816,-0.6018529145931883
-0.7129510680697144,-1.1918074961388208,-1.2379017039259836,1.4137081679651387
-1.2602451749752583,-0.09566975334477688,0.8355806201005622,2.277644008546592
-0.6981818820656924,1.1856468876224489,1.1000490430064096,1.3611425538088318
0.7103487345839137,1.286150843400706,1.6210027046638853,0.1902242670637
1.2820854135152084,0.23584166644584945,0.6444606965196553,-1.0228782643180645
0.9354581522657184,-1.0188014437031394,-0.289960948257465,-1.2180586915734164
-0.41850530174892614,-1.301794743153389,-0.9597659094828345,0.7441721287837988
-1.4190698724712663,-0.4142915023707364,-0.7099334076343145,0.835506484857228
-1.085460129728194,0.8538323004049527,0.16135911433545203,1.1122779408264227
0.21541624712283075,1.3902918717868475,1.4980296002939488,-0.5189716129490429
1.2210287738327448,0.502855926821269,0.8333205324627391,-1.3375828702837447
1.105054367959819,-0.7444872513190497,-1.1989138018718537,-0.7543266811114385
-0.010476429571352652,-1.4263320238190644,-2.130311575062568,-0.07623206670613003
-1.0082619263229635,-0.8508162554480605,-1.4116002685063667,0.8516234805171297
-1.3435626419255875,0.5354285913384943,1.3559245730385738,1.6977764900249541
-0.1997804534854033,1.3789609511420393,1.2207984122421351,0.321522670984159
0.9317963620724002,0.9159638365583992,0.3816307823181597,-1.3636889269217711
1.2485842618996923,-0.39374693239272995,-0.7489772015905116,-1.1372323161899451
0.3610327531881215,-1.331767831690463,-2.037254819615818,-0.26358959364799817
-0.985177366614739,-1.0110845790603407,-0.8933719138256169,1.1973183152815736
-1.3755435570026517,0.20193467949018112,0.27679751731577884,1.7758092542715003
-0.6669715269163435,1.295093595032289,1.8083752030407045,0.6583536783487176
0.6770201450708082,1.1099414245574086,1.5634954817235336,-1.4343861139306273
1.3318533857241677,-0.03671849267515589,0.4884767267311363,-1.5076581711290071
0.748580322000392,-1.2828847170100877,-1.9696038360569101,-1.118502932524078
-0.5856286629832868,-1.250221153038074,-1.1036793954685689,-0.2485355528630684
-1.373067022640867,-0.04737885281724216,0.5717512446697637,1.422947099342814
-0.8829177011999864,0.8772121086853157,1.0866666533112446,0.8346623468027436
0.3264559863214711,1.3711167735035017,1.3345174683639118,0.027766013364641795
1.4557401253619946,0.5153912714982258,1.1208699759851815,-1.4346570567499612
1.0035035533199266,-0.7644110415488968,-1.4268961320328077,-1.5873153158214586
-0.18976790663540527,-1.3520995578519344,-0.8021062808037362,0.6775355103905634
-1.2225191003437532,-0.6156752913486754,0.19399946010289937,1.1423900305171453
-1.2545748130914827,0.8157260054249904,0.06423426762229067,1.123062836190899
0.07826332045011282,1.4264495360798575,1.0018327581040702,-0.397467884874233
1.0548992615940491,0.7061734232991405,0.8459484986250843,-1.4016339628605883
1.1541011444302498,-0.5991943402361308,-0.3238132284409734,-1.177719023259417
0.22447725942348573,-1.3742371862600078,-1.3746889263339068,0.18764848407269552
-1.15962047073189,-0.7520528185527625,-0.9116726899885391,1.0102049210817492
-1.2811045810674897,0.4747242293756883,0.0663982326092083,0.48337319742495416
-0.3721708766397212,1.220246262348262,0.8908127648969444,0.2463063006156807
0.8273324187347275,1.0582991963714046,0.5459319126694051,-0.4717109810083875
1.3469417390490823,-0.2568649641946628,-0.25714967084067064,-2.128672966618376
0.6154883342246656,-1.1593735409638726,-0.8103743281042103,-0.2361659079537759
-0.6846222395620132,-1.302487956207719,-1.480468535841834,0.09062636091960674
-1.2913269097062454,-0.07457936510502397,0.07401607903990914,1.4731517918238917
-0.6961629592058041,1.1432872119754791,1.2864740260663143,0.7648336889372109
0.69923901961479,1.2173419103821799,0.8483030254693613,-0.6697278559737574
1.385389212961874,0.0007129208361758288,0.33914281137620184,-1.8828059767317324
0.8408887214173074,-1.0675121633909752,-0.8990461585836673,-2.196752255541253
-0.42624894614823994,-1.2883104838492814,-2.2663024474707116,1.190719775769501
-1.16481867227399,-0.4715626314339325,-0.9729696379539976,1.4243752956317615
-0.962956661634172,0.9241703900036449,0.9875339919995446,0.7334994621918134
0.19597226408352666,1.4311813388613617,1.663350578577904,0.12552847630161956
1.3703179500812606,0.4732537829575248,0.9359246851961633,-1.2481236713963755
1.1882515034710144,-0.785037752818773,-0.8097252838119579,-1.7210314544180438
-0.15061210834578942,-1.2954161232449644,-0.9473592047264252,0.485634352507861
-1.213441819497339,-0.7009984272808816,-0.9663357592541311,0.386169574693182
-1.0762240298660317,0.5541632538855807,0.7105525109058441,0.4449241221000161
-0.23275393771501787,1.4183276809078624,0.694496828837712,0.01694371968551822
1.1788891117595475,0.9337104331974705,0.7686115810327093,-0.7486714367960218
1.355519797659318,-0.4524180222516426,0.1130644307933859,-1.2453207344756678
0.2710943848435019,-1.2931908423917164,-1.0852088728294436,-0.6963142081612494
-0.9305991672051466,-1.0183154986015013,-1.0055857830301478,0.5417466864179771
-1.4432013957827892,0.06648512404850723,-0.1583054072216339,2.183485068897867
-0.6006124054669956,1.244469362966753,1.6265406685593071,0.9346800715316161
0.8025121934692852,1.1900621197189907,1.4541218158702733,-0.5230848702102742
1.3828485615685846,0.042101973976765204,-0.03394840376389818,-1.8918893929023168
0.5844553534837618,-1.2979750425836598,-0.8520423631751162,-0.8203186363657888
-0.5791978494082598,-1.4075926787012842,-1.679623968642721,1.2226793020232885
-1.3660737062585357,-0.17364560155821812,-0.3582479054972565,0.9252136147659088
-0.7812327533865702,1.0687003976813094,1.444566941787248,0.6318810232530248
0.44630570189627605,1.4216600713334955,1.1444777544435774,-0.7396246071360613
1.4971274492191224,0.317465577905257,0.11073841710058319,-0.4454849193488464
0.9592738696554547,-0.9530393249392305,-0.8696751435268962,-1.0824189744621742
-0.31321599302556935,-1.3974958034652414,-2.390314860489156,0.6444576254735002
-1.221908817769085,-0.5959418332523918,-1.1150696554268102,1.0149184309508568
-1.0634090184357665,0.7594648004986664,-0.2715480411509186,1.001697139315153
0.10018424556777857,1.3090897210089052,1.1570832401163835,0.5404010548949056
1.2110185939394065,0.6830395747306223,0.04584586602732532,-0.36829779665562834
1.2227824813651613,-0.852103901272425,0.22183539174190026,-1.5603936343985165
0.20241140569814373,-1.5046692823204757,-0.8808491520438905,0.3754850835766588
-1.0461657300207097,-0.9067615393744379,-0.6099802359638262,1.1434687970915096
-1.3600894160092911,0.4588697106746845,0.5447616305920355,0.6413619829795622
-0.2927654270998863,1.3309471054433601,1.160694299906513,0.5525014005767659
0.9839085072856102,0.9845686294555931,1.1208922590260522,-0.8393491090931521
1.22853556824106,-0.32523026841374164,-0.7081923322605632,-1.498439887487164
0.539690920634885,-1.1910325913027933,-1.335760265186401,-0.4746540604151639
-0.7051065976278663,-1.226605967996458,-1.202676614493771,1.4010190394567323
-1.2668264382893097,-0.009613534014555197,0.3095653212429683,2.1268990601702913
-0.7563223671652365,1.087058683550799,0.9131637880975191,0.2414567454075256
0.7550481199356774,1.1478662179581627,0.6069609567096096,-0.18906599618347286
1.2663305097662556,0.1340186072262634,0.8495818597891602,-1.0622074142284583
0.9104441456666784,-1.1041525305416016,-0.7636670884554847,-0.2812097276153924
-0.46629775550827046,-1.2774918573528538,-0.7877760892976821,0.7028002691446777
-1.3434557197309616,-0.37761314918787425,-0.24246999487129495,1.8624975156558579
-0.9494372757707938,0.9910168929762132,0.9502987564867016,0.19323135334589403
0.205619923421492,1.4109904622568477,1.341042172576541,-0.23322715769770075
1.205271590341134,0.4710348385040299,0.8285735120795557,-1.1514938462668536
1.2049097560868207,-0.6620399173064757,-0.21335716605587973,-1.2193417491530978
-0.1289651566168793,-1.3728424875023248,-1.281794065509082,-0.20407275299697214
-1.2082776030092026,-0.6432582445897223,-1.1569717467775253,0.7007934330661592
-1.3846827932388055,0.58831444029876,1.1350438927273465,1.3903138029509614
-0.09122435475062135,1.408328625062031,0.2984285284471073,-0.13744824662843658
1.1791172159938268,0.8377091824494679,0.19857746157439182,-0.8369786290765097
1.2307711815412938,-0.49584376714762063,-0.8007873249699449,-1.3714782844185238
0.32044716394175043,-1.4793746532293321,-0.6669502862358359,-0.6083618875134034
-0.8300352315995227,-1.047290166070628,-1.1470456214737201,1.5837989425558856
-1.2717709508953468,0.19713435744741284,0.6125772706033261,1.0583172743475513
-0.45044704508939976,1.3731624087247474,1.683485194119632,0.3540680015232345
0.7519860515959649,1.1308514455134289,0.42442190506062905,-0.7649457958757266
1.4177816833921895,-0.10326525523898,-0.2665354008343268,-0.712573552493709
0.7121603009393519,-1.2003730665744545,-1.2529008014344472,0.026995133091429757
-0.5891354736592251,-1.1548037443893906,-1.310810010266336,-0.15528139577389855
-1.3976205435883895,-0.09813106626081733,-0.25539450735082125,1.5121519570220945
-0.8162715574711586,1.130065422765067,1.3660947520533617,1.2045979585980515
0.489559600493253,1.3344538965099675,0.4986225915821263,-0.11678921869261338
1.388318953316931,0.3766562628692209,-0.017808774797724025,-2.5301739556347744
0.9578273586743004,-0.9893046037456225,-1.0699420464754905,-0.8764735968527582
-0.2704278959440074,-1.3247586553601167,-1.3902076748127934,-0.1073391696750825
-1.3920284798893243,-0.45887226342997944,-1.153032316262731,0.8528898103393731
-1.0365548276323613,0.761370514241546,0.6125121951149698,1.2052303379636202
0.06061542697334351,1.2955587545725895,0.4102989353785151,0.19172817045108537
1.174107888679084,0.7133145969446213,0.5492305471071457,-1.4787374007443577
1.3347983664656293,-0.6381176835367733,-0.9165980784578542,-2.0262632911594682
0.13823062455649385,-1.4505437956828813,-1.3797872079376101,-0.7706775260900145
-1.1696945359131814,-0.803818088008081,-0.30694115451608606,1.1538641367884521
-1.2431507985030175,0.5408560357684348,0.84261143846036,1.7777907773988038
-0.22335574302274624,1.2924146169043857,1.190112910611161,0.8212285036600797
0.8976607341322087,0.9252938880944174,1.2850117445908227,-1.104100866291443
1.4275308484236746,-0.3195049467482819,-0.08807905527547844,-0.6757815511707546
0.7084656062043596,-1.2559765462819126,-1.3365025085883513,-0.928313070153769
-0.671218278437727,-1.1505939777012306,-1.804393299495568,0.9125373540146209
-1.292475519254359,0.024203263600810224,-0.3612367612830736,1.1444608803609941
-0.552805909208478,1.2475830240095158,1.664886339181721,0.36754810358455625
0.6212542228644131,1.0873291728080006,2.511742635539823,-0.33196660090419217
1.2503226638470668,0.12133261036548693,0.3693085945058594,-1.6007712820144553
0.8132304438131588,-1.1200836188711087,-0.25389821162126347,-0.5509941603219448
-0.5014639682938259,-1.2230475890180985,-0.5189434948297375,1.013946345551836
-1.3199063936204227,-0.22864786010703786,-0.46270799388712813,1.5471115189861266
-1.0595587703911462,1.0155128627362968,1.341880397962219,0.7337329594616415
0.2371476446289133,1.3778831134079745,0.0960279756094154,-0.3688866198106311
1.1636370935471696,0.4059861118086323,0.6389480186238694,-1.1346025345315174
1.134821992008464,-0.9046740803857728,-1.036136950448433,-0.3194881631115487
0.002704580703790496,-1.377319466971125,-1.3239410868922943,0.2877680365145985
-1.1421540255780562,-0.6461462712885494,-0.056804636870575465,0.4798313176824498
-1.0727185997290403,0.7226930803378369,0.6512652905976646,1.5865178333627887
0.05633243923620379,1.3935678741730908,1.1352977197789527,1.1197718821316205
1.10077675973951,0.8383190235561966,1.1905158385173547,-0.7535569500430178
1.2130776400104137,-0.5758952220580992,-0.9983754427530989,-0.8919149266509288
0.2814156522193894,-1.3545760287622324,-0.9750597790597761,0.3779080625057407
-0.938122013780611,-0.9867360684724298,0.1529398342529481,0.20921585166536305
-1.4188636922204887,0.316714940996001,0.09156073678436294,1.7194965696578706
-0.5105712383196296,1.3162327715409092,0.8514939516281661,0.5571890127372414
0.855848855460736,1.1443005278395721,2.105401958482591,-0.9328179232178424
1.3215412766693253,-0.05802558965078155,0.24797012269051066,-1.3553662493733736
0.5432084927500938,-1.3029534271183811,-1.2253821101344524,-0.27809679674921206
-0.7388055398265629,-1.259093900949797,-1.5957190171637918,-0.6180348150720516
-1.3865856040121798,0.03435119201606321,0.17070109764045993,1.0057141962672782
-0.8076820259225798,0.9998034905296381,1.8371547085242605,0.46023621556477656
0.470338000220185,1.2807409347677665,1.3949230289171946,-0.9454314032286126
1.481803160195285,0.33325626708033973,0.3480697390357623,-1.2967220375403101
0.9284782450594503,-1.0943486465859003,-0.953086325206165,-1.2893529399973669
-0.21814596313760395,-1.4080585789567701,-1.666509741376934,0.5003408632439355
-1.3101295376610214,-0.3897269269829673,-0.6353247275825358,1.885465611683656
-1.1243033139392875,0.9071872012057149,0.9677285138745173,1.0451916748462768
0.20360355550141196,1.4312661072926687,1.3527076601234134,-0.3269768828384312
1.2432636551705574,0.6623886402680901,0.01885916125507814,-0.4778694895869495
