q,p,q_dot,p_dot
-1.2379182446035697,0.24036718726207512,0.35827094503235735,0.577049327763462
-0.5389268745903034,1.1200920771868774,1.3038450814139708,0.5978876959203272
0.6587240195566012,1.0021746709657549,0.9547184695441768,-0.5877543109145222
1.2595524113019947,0.00048458711609671197,-0.30206744444477795,-0.9305032644181299
0.6139465581930164,-0.9481679124064989,-1.2315158826536876,-0.780918934150398
-0.3850578662464378,-1.1321990049738286,-1.6410270919982617,0.09091823174865232
-1.1654855343476793,-0.21311063822529036,-0.5259698294672266,1.093835340199945
-0.7752002921016219,0.8865134719270439,1.0087706565876742,0.5278675375596642
0.3491148646173715,1.1503519996668368,1.1767321899156957,-0.003038148095323434
1.1275421636710945,0.3015911396203673,0.4065236726621685,-1.6740423274469087
0.8419395173638725,-0.7641233363188766,-0.7189828069179954,-0.9501820672199973
-0.15487856001537417,-1.0174444950314685,-1.0074790523394774,0.019366024035284424
-1.0449773969780267,-0.49080025526660037,-0.20695090235819558,0.8848946009760835
-0.9096090314172905,0.5641879865159442,0.7258708971005817,1.9524872139241538
-0.015060112044936713,1.0952520674158537,1.637443097498823,-0.47121249340764393
0.8965905940037097,0.529482368273223,0.9044256849260429,-0.9994200883190524
0.989577966044998,-0.40532455214671953,-0.8470427279716486,-0.9698993100601822
0.17927053857826142,-1.0279912394169817,-1.079489616275799,0.08516925078790094
-0.6944785451990485,-0.608063118385312,-0.7258378732498549,0.6538038347142583
-1.0227764578037832,0.30799399812524625,0.20251245212870694,0.7182551859333804
-0.22959028012253802,0.9321362803743756,1.1869884671176736,0.4839663285803697
0.6309182326017017,0.7937277238692229,0.7468768437953593,-0.82956381087817
0.9926997193712984,-0.16568983162818318,-0.20121922422647043,-1.0287440047741498
0.3097098035137881,-0.9557950346078495,-0.6651616761847179,-0.23013961032288754
-0.5074949189683955,-0.8443075717538177,-0.551163962855096,-0.09433322599804284
-0.9822535233035368,0.007897805722013698,0.10259833708531008,0.9403127274151307
-0.5578200135705801,0.8170453582308729,0.8567469358652635,0.38397831591811094
0.47357503694426073,0.8136946758667064,0.8119609244947764,0.07807567737893151
0.862781477906891,0.13783487056398783,0.6460038777659255,-1.2758083228679744
0.5762768017976166,-0.7251704236076773,-0.6762450218375082,-0.343604227440511
-0.23719117974662493,-0.8712595108699963,-1.0548170477522267,-0.15216879303605824
-0.820013869881931,-0.2902246809592274,-0.100536965408346,0.7991414785616161
-0.6206121867532828,0.5988740940617743,1.0813431362150587,0.715923735471713
0.12439494746439546,0.8854518497762766,0.6040933820369313,-0.28546683929499495
0.777582621841293,0.3704649898796794,0.26130410081823485,-1.0925611379606783
0.7432939306884752,-0.44886139871384356,-0.811196916090901,-1.0242313114262218
0.028200276629623676,-0.9063747679167844,-0.5958827866421684,-0.1804732335540682
-0.7254406640404018,-0.40914375671440667,-0.5908446663382766,0.8890885917116381
-0.7764446403396538,0.41364581455974486,0.5222560240894769,0.6756396285312746
-0.19981334322658884,0.80661901258631,0.45509790560429875,0.11326036218048119
0.6293627800549684,0.5451022520639153,1.0027927978023947,-1.1745040287164334
0.8505513111029827,-0.1891666079974152,-0.07390515416262067,-0.9813987091795707
0.1951587347090058,-0.8192628330696748,-1.083773928458626,-0.3195004821582964
-0.48069183794321885,-0.6578365066581955,-0.4997671351300542,0.8649805401508764
-0.8247359885269203,0.15728334326150936,0.28972579217029226,1.0468951997258007
-0.2720243534467836,0.7242954030792943,0.6291919811589999,0.05761241767731684
0.4309873282271767,0.6303464431639889,0.33440542391721007,-0.15171624309754161
0.7587599132361005,0.01699030380633738,0.60635000000486,-0.951679981183044
0.42674030229735693,-0.6255179761614071,-0.40621190796034407,-0.30541961992535116
-0.29139797784232085,-0.7318188224569045,-0.6667494306474328,0.35716323202509614
-0.7734117809842592,-0.06276460714400184,-0.029922027931329476,0.9455649344560413
-0.5636142449313608,0.5787103237480947,0.5816021519209987,0.8307191272228472
0.1400433116333854,0.6512272025227499,0.7753393480514993,-0.9721951576016402
0.7310689831776613,0.20313118569720917,0.44090615456395865,-0.7695008814377354
0.5534961170077303,-0.48156249113168803,-0.5910988411876311,-0.6535584747696671
-0.10618273648960583,-0.7436582375407671,-0.5406338543014007,0.22468094688776918
-0.606019268242744,-0.22311305763706335,-0.28454001768122017,0.6026131201058039
-0.6249067625621543,0.419350921811097,0.36019718107334564,0.836300558290195
0.03236759679732683,0.7524132051713417,0.7977451395972124,-0.4285316599399436
0.5789597912707358,0.3363247521418225,0.5479009423427933,-0.07543429029990362
0.6778994260808009,-0.4051874463902988,-0.1829397387065207,-0.7658401045662256
0.10133406762495183,-0.6508768968142726,-0.6803678340591615,0.4872032236510798
-0.5317225771061284,-0.35309068399482907,-0.5418033641829251,0.806638326111524
-0.6493428722873085,0.18955503721667544,0.2235929308386897,0.3436037972714692
-0.20322014811452832,0.5886108024171268,0.5807327439032487,-0.07770582125310399
0.46321122814705473,0.5334495959390386,0.5101689973366347,-0.43169880430487195
0.6533998257674432,-0.08881021646332544,-0.34677380043358075,-0.4600661018670211
0.2703166002424652,-0.5605698211836417,-0.5701901330224982,-0.1846928906178974
-0.4027254645170433,-0.5094392061827512,-0.3856538378854174,0.3646217086533132
-0.6518713270228954,0.052464342910222776,0.03452735958622,0.6180174363023216
-0.30046787199901637,0.5784989973793409,1.1507555926736839,1.0020774080156836
0.2409363418427326,0.5128614383005471,0.748710635251581,-0.08108976363804477
0.6079784784321756,0.14054734841026517,0.004993834244598205,-0.3276318943372994
0.36019758146994235,-0.4633409669505108,-0.9444275199101271,0.06256537865976436
-0.23348299498382516,-0.6161873568930493,-0.829644233401818,0.12893789288645707
-0.5622074656650597,-0.19840272829088273,-0.32806453384308765,0.8767113437048342
-0.4609601317925679,0.39536315777317704,0.310376419092962,-0.19216464589621285
0.12952416896576951,0.6020961016827525,0.7115803595105743,0.3043350980316484
0.5957372023087276,0.2805879511916895,-0.015790167342635553,-1.0370237767695725
0.5324197827403427,-0.3019582386272565,-0.6665860070329033,-0.5988689342255817
0.001897993363444852,-0.5540001325385918,-0.33195817521570564,-0.08898316079873514
-0.4169548990992403,-0.2955136463674488,-0.02564389888259133,0.840869901132896
-0.48000463559776496,0.26167365257446823,0.2490300485877836,0.39069933548178015
-0.11250550872536833,0.5763307633006826,0.9860622005113937,-0.2767849791139376
0.41181487796496724,0.3176463489087007,0.6083619897868561,-0.659513685607151
0.4672985896449091,-0.21086849939532443,-0.13655030000875368,-0.3955225910444361
0.15608522677200884,-0.5760012598281878,-0.3112909635633261,-0.5927582294513941
-0.3735152221013945,-0.38172215927452025,-0.22958210380362443,0.25782607068159213
-0.49014845023308584,0.10889424858767008,0.2546102584212301,0.46680525883994145
-0.17821292688130894,0.48622030079904105,0.15530825232606446,0.2523519943323152
0.3581976456211642,0.4477691559446194,0.20962028191348403,-0.006196960631474069
0.5697897668997393,0.06471947965158181,-0.12780226381223225,-0.08618662366552832
0.2579174832424279,-0.43877730997771525,-0.4194506318175729,0.12212480616980548
-0.24814388049419572,-0.49733279075702513,0.2169221133900917,1.0930453480961524
-0.5470249363933674,-0.11340651813933098,-0.3041566582499561,0.6141945859148104
-0.3712478655758521,0.3273005845195071,-0.05027442148335254,0.2698610908607785
0.08954259021289235,0.4251294633580576,0.20422491561860176,-0.2806633141102638
0.3960939758334571,0.12456620885878925,0.1357799986955538,-0.5805652576734945
0.3154578704933775,-0.33962072003759425,-0.828732935385952,-0.3818015451827278
-0.09588511073458428,-0.46284871220208607,-0.877268617333172,-0.10041067527724795
-0.4792055777429894,-0.17945822234174788,-0.5488170282372181,0.6378865441744328
-0.3592959474064148,0.25663435749998403,0.07361966439380974,-0.01684555874602145
-0.041258280551905856,0.47983427207934387,0.45354758108947746,0.05335201744546714
0.391045094327357,0.2313553411002118,0.5312087146844848,-0.9587880602581867
0.3699169240490392,-0.17525314360739933,-0.13843836969329198,0.1261292759155752
0.07441276088061896,-0.48913065149732277,-0.801211755552604,-0.042767806734078095
-0.2783394503616913,-0.204793977307457,-0.4552351267805413,0.3402664588082899
-0.4176027276024037,0.09665796874050873,0.27616569900460797,0.5359119949505567
-0.05386184638530467,0.3923537498064366,0.6517185263991463,0.24997241631405182
0.3007324843116724,0.2530674234574921,0.3172465254609616,-0.6183616385477926
0.42124111894306804,-0.14932503427515625,0.09638367706644335,-0.6754492043077273
0.17061660479444488,-0.4298771625044925,-0.19699564780105497,-0.24183447159459748
-0.14410073055788492,-0.30727283893402235,-0.4277952958199839,0.7218626889826346
-0.3083888807304904,0.03318311656457623,0.2543017047744314,0.20430391444442864
-0.18287196791866459,0.36240157680803453,0.6682544851313496,0.4676935383137612
0.25133929450410697,0.3232139550052814,0.9987814426213304,-0.26020861581555504
0.3367927099947678,0.1347674185393464,-0.09683444149791248,-0.8142241783249207
0.21181258415404458,-0.24127402210270216,-0.4690713227271723,-0.01228893679467713
-0.10111137174500774,-0.3922502006185277,-0.5853878307000518,0.22942812284521885
-0.4285045616620927,-0.11019321613128755,-0.4466657004171959,0.71686636324895
-0.29011290906233506,0.21529690677635246,0.30589459029528254,0.15808403050841052
0.03196073317882038,0.35283844861638863,0.6529150905575524,-0.16961416622402442
0.2974999784040719,0.06793638678228113,0.44895444709525667,-0.282707205425439
0.2877495842671879,-0.20766176390092536,-0.06504752504657096,-0.22814835740049458
-0.0034306946709684403,-0.31980390137021,-0.3499316161231152,-0.017166954584565686
-0.2751551385436126,-0.12485421063235293,-0.6348797893773134,0.6662128988875539
-0.34465585653160424,0.137329932480565,-0.5005735705361849,0.39082683352217457
-0.027601992593575698,0.3463450338757147,0.3954722993002106,0.052001462731844084
0.27813917649966174,0.1556680472381351,0.04764833215186198,-0.17132013328429993
0.3426140419484589,-0.1096699432433788,-0.019199771757601458,-0.5579470884819898
0.1295960196831612,-0.35730446238735925,-0.16913385829892888,-0.1332235600634249
-0.24121956235944436,-0.2542963527119569,-0.1555879562524086,0.12741792392942777
-0.40099617419384126,0.09827451945492956,0.4445298066576675,0.1636055508153668
-0.12358939149506565,0.2909264473062405,0.3267640781850045,0.0435118169155832
0.17234738746568423,0.2693274360707986,0.378250976930212,-0.09643980318868844
0.34073239111590925,-0.012053109701617203,-0.3099966504686355,-0.19059038079390167
0.16783100315194388,-0.2943273383305357,-0.5896010665465453,0.05022385525584344
-0.060034205925626874,-0.26603993419055294,-0.3458484434743922,0.009017570552918575
-0.22953942125831972,0.07246174794794671,0.5031908262152726,0.3472817294496359
-0.14817562901063946,0.29882185289559243,0.2991806260869956,-0.04833925016674262
0.0564843179481016,0.21260464506504978,-0.06159764790723013,-0.08357199239908214
0.26469704875458955,0.13220792326840647,0.4528812496503852,-0.3384710126957374
0.19959612206248048,-0.20709103675795457,-0.01968484481088828,0.08504333935231534
-0.06525583637859689,-0.29760467243036753,-0.18746823415323077,-0.3405531671177678
-0.21403945105278185,-0.018851977005661644,0.07744884432257876,0.2446298065659279
-0.21607535592477306,0.15451706026786782,-0.12693200351667433,-0.05923111514901769
0.02690676227473907,0.2941752061874763,0.16757142350475984,0.019793563324115027
0.25627039759972664,0.1491998111115018,0.6405155528824366,0.04142215598228319
0.1670112969062274,-0.14148203251659522,-0.09093047265424786,-0.09799398774367113
0.049466804393195785,-0.17682813178245677,-0.8065568898893378,-0.30157152747571747
-0.19897823522273184,-0.23213140953021405,-0.12775893132047453,-0.18951457336164518
-0.3189168841772493,0.09565624516855825,0.02582360791143351,0.24295683259379267
-0.04092071483665853,0.2305750580404357,0.36025384215959894,0.2673045660085349
0.22755548420717145,0.20935676669908523,0.40195094480420274,-0.2596349604660748
0.2568450913435433,-0.0848817392333935,0.255728834553985,-0.05367631381370542
0.18317802025682298,-0.26760205386205516,-0.18214882764486573,-0.13985688367079613
-0.15526169406433588,-0.1940438029112293,-0.1898161454020139,-0.1401373524390398
-0.2440900016354483,-0.04274362276583296,0.12113341768745303,0.3515000832598811
-0.12241614058675004,0.21324146395824492,0.19885604774473312,0.42102350415247053
0.13809050580339577,0.2120052246631532,0.10522420703603381,-0.10461650484576701
0.2575059829141987,0.025675408914447376,-0.32850222816558927,-0.2885119495381166
0.18061137141022984,-0.1851704610854418,-0.4356640167041843,0.16939161116463555
-0.09836651458174582,-0.2324537031170979,-0.8289862961673289,0.1656103418007851
-0.22652459132828953,-0.09818881612947347,-0.147985048734027,0.19309976250103908
-0.21242563945629692,0.14261114930048036,0.550314899134605,-0.09615921886832385
0.0469778755305956,0.2487658258417108,0.5564087269609096,0.4161035375785241
0.25857555225425083,0.1416127717298905,0.24387686069584497,-0.4714621401791175
0.17865390589777902,-0.07617143820762245,-0.1544955674964857,-0.12326986364310337
-0.019106994042979157,-0.21197469547584466,-0.5081640114453536,-0.11343449586984661
-0.23181293911182124,-0.10167955407303618,0.37035465758061475,-0.02257620400082358
-0.1931521894324699,0.06512440353390256,0.8035930519853226,0.3625065386108145
-0.02103945721335675,0.2542176850230115,0.7577989840043953,-0.18870216261324638
0.14712072289479686,0.10741428139292968,0.3570654263133531,-0.5686770013262691
0.2724353029408494,-0.09505965566151181,0.1184548055620642,-0.7060952331497733
0.09142969705957042,-0.16348307645858287,-0.1378043991754512,0.05877313191095329
-0.11264372045779422,-0.20551010978535378,-0.6022522575779223,0.0008956251952328687
-0.2545415394268305,-0.0033513007999939823,-0.005002385911647561,0.4795650133269839
-0.10737228608051858,0.21806708913909192,0.7049677856753478,-0.1626822611666301
0.04704144382365738,0.15630600364368483,0.9077255206984236,-0.2450052821816541
0.32125553187086614,-0.10580379112716243,-0.5214649959910763,-0.5100948885139764
0.0678018046634716,-0.12522778583056615,-0.25505921088264216,0.352723081651512
-0.03990555815190395,-0.17208626730453208,-0.7183979967091482,0.4422318759765466
-0.24669727785160858,0.015270243667609932,-0.3368579670291727,0.26294476274566253
-0.0881739493561361,0.14793766655534965,-0.036144831065504576,-0.38900963290494067
0.028384543711759774,0.22126565735691736,0.2462161794120773,0.6278609145329858
0.2137577956833645,-0.014437788761558157,0.4401660687823675,-0.29030504140313934
0.1169032501452167,-0.14629424310899136,-0.24689047040589204,-0.07064118873170003
-0.018775750212028694,-0.23541289259735446,-0.25887238302496013,0.4452819531185992
-0.08010988447815724,-0.11332413039427838,-8.726909196093979e-05,-0.13019322111823264
-0.040616092918644514,0.0895218293070705,-0.17464285855129685,0.40399254378242083
-0.01331718097891255,0.1445174212011781,0.04897519884215659,-0.010475944283731414
0.1681205403885827,0.062405005149890974,0.05804352352036954,-0.0677426412750217
0.1894002612425673,-0.10345392679112828,0.36006742022147264,0.25230437111769966
0.011866572351173301,-0.15051035511800934,0.4506427919050837,-0.03812217699515147
-0.13249487619631437,-0.17186833127812623,-0.3601165202053144,0.9740831912275333
-0.15007867478504364,0.13117656692874988,-0.10769732357834641,0.6600251828124415
-0.02098834405307733,0.21739538755107884,0.2012129160226052,-0.0981226568922227
0.12924199548083087,0.10602385376899123,0.3178151717356663,-0.09455136135496096
0.1615547724472183,0.005465313710251669,0.08629782793874274,-0.3079415645859316
0.10997649751259683,-0.23578575941397056,-0.07005612099849987,0.2626019019679812
-0.12757365299165963,-0.1168772708433425,-0.5202883135549193,0.2138342520269143
-0.07796121669076335,0.015764388544500796,0.31822608825174276,-0.132374144831843
-0.11498357789165115,0.18777089903922656,0.04539488761146737,-0.3130145563459528
0.04750158430863591,0.16380381253341575,-0.12251086670344864,0.06640041059642818
0.08997912755521209,0.05747229352184643,-0.014882835480609022,-0.7484090849720743
0.09519641522157012,-0.10382790778994254,0.05927478857585988,-0.24159425626384282
-0.07927860254404152,-0.1409070991967758,0.26505256958025286,-0.5474172335258579
-0.1361187089450198,-0.11541148572578581,0.2388868191323052,0.16085264481008144
-0.09984925860644182,0.09653272021356331,0.16505750942222258,0.06831509872934863
0.055732435519502146,0.14844575153897133,0.4207079368838424,0.3495640607567735
0.16139229830996812,0.037570042414122706,0.06930709305626892,-0.21448647757413758
0.172084205743655,-0.09214461749968363,-0.37845048091905314,-0.18808011449821138
-0.021987128174409613,-0.15782784705354658,-0.3876520621314772,-0.3023406742607068
-0.15385888111140653,-0.06918497706199203,0.22342493390412332,-0.4182366669689219
-0.08315492320225834,-0.019193381602697776,0.20552876522369326,0.5022592527638177
-0.04053901927868787,0.16768304549125962,0.4159732223719467,0.02690217734557701
0.08658177146213392,0.11519561755833006,0.20223393249048627,-0.35744692399806294
0.13441319800956458,-0.04313649114294212,0.3370100297216886,-0.5038741278187672
0.07596776863881832,-0.17730941248080362,0.239871095714816,0.041019613200534016
-0.09188483315815077,-0.008068357680183214,0.47528697415522847,0.18899340656998365
-0.14925461846890273,0.0683342666584148,0.38622805017401535,-0.22117474125755435
-0.07125910262865637,0.1612661701263009,0.6831506703253034,0.11658795551668537
0.12350909433409224,0.14789110409408465,0.1947132600347657,-0.18168888596150157
0.13673827293144256,-0.01931014557940277,0.6063571008938626,-0.2901085696583583
0.07664860988878455,-0.059229838018440305,-0.1580392846661898,0.1917866707496856
-0.0221510177569769,-0.15267163483675633,0.24691837451420992,0.28049095781184896
-0.178160767038275,-0.02481304913551051,0.23506752439680367,-0.4559115844214867
-0.1085309548292324,0.08709738907424867,-0.27727115792689205,0.4263443808500002
0.08563892492430253,0.1644877191586318,0.07510102446247789,-0.5623581627100074
0.19807807859945334,0.05065456577615946,0.16790969710274745,-0.44111389212228774
0.12987724295281186,-0.10625713784060051,-0.5692155487091329,0.28719762183981096
-0.09323851268406891,-0.14338616858424105,0.23239294486246093,0.30040747496186154
-0.06761994472957843,-0.1351486946713523,0.6489975631394427,0.23756814138163718
-0.06299246224710056,0.0631122225469809,-0.5490435202677494,-0.47423037161353016
0.08490547378113776,0.15136333403626745,-0.10092150918869981,0.2303085698313459
0.04351776769253102,0.02118324090252484,0.07312093504893744,0.19208902324231386
0.07957764568777272,-0.0024532931416307163,-0.029451005315072748,0.05284119461623091
-0.029178857040083363,-0.19498431001134958,0.24272321470373412,-0.41058487938794186
-0.049924958822694376,-0.020378304769853632,-0.2696948561635657,0.3229019954188457
-0.11074088886196223,0.12275298086305145,-0.12512303309732206,0.6028318799578201
0.014416577287649245,0.10150206177344337,0.24055634852628946,0.144320541662087
0.09938241648882318,0.0326731890922976,0.20660299613776467,-0.15742651576201194
0.21710895038074457,0.009158619668286742,0.341482632729391,0.5781043128973707
-0.0034635499864153624,-0.16024641874166184,0.0694348040522283,-0.3950501608036025
-0.07055911553332214,-0.059421607778477784,-0.5482483956098422,0.38473311924180464
-0.04192829735377222,0.06908293276355784,-0.28920861112502827,-0.3435976823971108
0.006294712066047654,0.1505081859343212,0.2970552351146402,0.23989224193363004
0.02018026309250304,0.10351541051091434,0.28413263698438285,-0.08568095681582365
0.12530274287377616,0.0993119998236881,0.3466847383340535,0.6579046322036625
-0.025855518539886768,-0.09019449127585105,0.25805586585450513,-0.270018013946766
-0.05798070203673843,-0.12752922303014158,0.20819375004430005,-0.11895905478941401
-0.13029818297194026,0.002889435547496551,-0.13290031633462338,-0.08832162534699609
-0.012897601595583404,0.021865216388872316,0.3130259389089935,0.09548761603551267
-0.023470874324647686,0.14192331761699556,0.43311384188718166,-0.11414677431857277
0.1209722817209874,0.07508360142586187,0.5424571596941693,0.13242619605245035
0.07675990347954649,-0.00504874746166397,-0.30148171199924856,0.2873077495203971
-0.06692560755948262,-0.1159911981912412,-0.274162091170926,0.15927951681511857
-0.04407250682376419,-0.004059679552052456,-0.16399778056067585,-0.05501503807653758
-0.15312360494643074,0.12877272347748586,-0.34398857573691466,0.16698317884360228
-0.024477244519530587,0.10071652471674605,0.03461619534219788,0.22192912554356695
0.01473601393196259,0.02295768331370418,-0.14196692204189343,-0.4729751719036658
0.11907083271364301,0.01900763549751113,-0.23092253004821456,0.24910385885363193
0.025169793997740674,-0.18375852334508136,-0.3626826825076235,-0.20638391940319203
-0.06714442891924315,-0.1455973072255685,-0.9304698551924434,-0.34465390575589977
-0.07906100068117626,-0.02577860456213849,-0.08608232644312472,-0.5426702850347623
0.07335770844742702,0.035570881044767945,-0.043234929317979044,0.2776101097617859
0.04540738690559083,0.06636601147687646,-0.2627255017963336,0.16438927293630717
-0.003441112292834947,0.039084911211803255,-0.21414249499228205,0.0814215047558679
0.02697400571386418,-0.11240378054646163,-0.4158839852112371,0.04800088468516504
-0.02779502710955912,-0.15677487971063442,0.3533000416096316,0.07417931329955677
-0.051714631709187206,-0.014336337473282057,-0.2360551338903645,0.25428645402735467
-0.11613615515202227,0.05597254697408095,-0.05371687269729204,0.05698084226094274
0.08742958570795702,0.03748216711959951,-0.08490931664925622,-0.19811636568176985
-0.0029818348569208286,-0.00878245225234366,0.5912215412394379,-0.23656945868719198
0.07575858989665663,-0.12081105687489643,0.24629842345824632,-0.14611512352408876
-0.0007756260291273687,-0.1116228839322537,0.05356484492849478,-0.5296795312098116
-0.14214705801124458,-0.006724359196383034,0.11170737472634897,-0.0796733055073594
-0.05098348981028385,0.06337672073950201,-0.042857503332676405,-0.028197676415371645
-0.01655271862144128,0.0890109049801246,-0.3420031811732166,0.19312119868485234
0.08327807665407386,0.07383474872031456,0.003088253714864375,-0.36721749788790115
0.049902928749584186,-0.06347562405269043,-0.40280405149191856,0.09414957404172039
-0.03589508407767393,-0.02261082266411569,-0.22784759732958154,-0.24073656960883336
-0.11210997247000264,-0.0298680706450948,-0.5514005226366766,-0.4714762592673611
-0.1100712387830846,0.03499129133272509,0.13424619421984355,0.4146223742893938
0.015935887738819394,0.1514390673532573,0.17737046731486175,0.34497472526260126
0.13640345457118586,0.05282927940955268,-0.5115387059599892,0.025504211142804538
0.08399317739374063,-0.06317571945470224,0.06765646073287473,0.027245064810944367
0.01204587488380132,0.029624913645715054,-0.6495782994498369,0.12805407478923633
-0.07857826177989649,0.03226995957832999,-0.21389986090029153,-0.19234533062843692
-0.05822595527876321,-0.018853081573502916,-0.5525238926913995,0.0714816017616683
-0.07007773870627357,0.12488199376359779,-0.04688017665480961,0.09320553662504029
0.03830833539294517,0.07284333485758748,-0.13725201204598483,-0.5274556978319613
0.0968104969530383,0.03043896847002939,-0.09773704510775534,-0.2881853963710943
0.02218433306585752,-0.07606600714591907,-0.09393243162145677,-0.28624229068701756
-0.0474583493272795,-0.12249563811621689,-0.01571458015122356,-0.37916345023879006
-0.0588265347861638,0.011962273627726226,-0.29927270713443355,0.07801687090341733
-0.13016196260365098,0.04581024062603694,0.5623552733732948,0.04530298215523865
0.06073877439976723,0.08924064809785943,0.12707963736140648,-0.5125838293405152
0.05546336543487765,0.042526649729378765,0.2813295039640633,-0.024155261911940045
0.033300325106401775,-0.1070351700231358,-0.2990720056417321,-0.17412214665446554
-0.020034742232854917,-0.03902468266642746,0.031628786912527955,0.005238824099835469
-0.057298384593554845,-0.03430852306104608,0.3752993130442056,-0.1127961605827802
-0.0878238080311744,0.01011346670867811,0.19512875602082674,-0.04342985937813735
-0.016878682821806976,0.08315175145582492,-0.06785032329882586,-0.08466691247019584
0.03919205305942523,0.06734195195403889,0.24171310681000904,-0.40524261514667453
0.04204450933695068,0.030916087955386883,-0.08193102714155173,-0.114617600889946
0.05949988900718282,-0.06131469756373312,0.512282552469926,-0.388752277320739
0.028340605545310767,-0.0034616330729191555,-0.5719385639655413,0.08564447570417094
-0.03850850495269127,0.09315078340163385,0.22713152898720448,0.01547891126357991
-0.018581394240082753,0.06787634921247511,-0.03345584385846969,-0.0556542406916586
0.06282678462318003,0.03215452989093589,0.28250492211973194,-0.4527158047602284
0.06391995978700334,0.007289781461764691,0.06208402647081626,0.20311095769141632
0.0771176576805228,-0.049658380405490886,0.37356988172877953,0.10178674918123638
-0.06342410554912294,-0.08912062096626061,-0.14954473109325886,-0.007655033467245942
-0.19431086051441904,1.1176278797194958,1.3733341611304706,-0.33704234880949757
0.7209767864516586,0.6803173806468107,0.4692377217103061,-0.9026620478525915
0.9794972929216514,-0.2537037975350628,-0.16960684357354872,-1.1982260208828381
0.27352838724284706,-1.0020353514981488,-1.2171335538006482,-0.11329835217812445
-0.6589275583037065,-0.8020419114008133,-0.6636908956986509,0.49937127108512447
-1.0998063262836897,0.15420238174535011,-0.03562739009409066,1.3731943902414163
-0.43082184102486704,0.9336044940246586,1.0881056037084569,0.5320357803946307
0.5433617175163904,0.9258319597740027,0.8717420094567208,-0.7039376428117661
0.9306656303348378,0.025656827000726794,0.36865012428470456,-1.3050762717371347
0.5369548277875466,-0.8444257011275589,-0.9807103134218716,-1.0550488329746832
-0.3626551574877238,-0.9605200240453938,-1.3741079175858621,0.06407949274482849
-0.894092205778829,-0.15618491668775494,-0.3547617328980429,0.8960265301481007
-0.690330165000405,0.7098039936347545,0.8644888417174595,0.6895187577307271
0.3346080070684766,0.8952152261397877,0.5881057268164328,-0.6791055205899182
0.9053558846703473,0.22341491519857617,0.8618538900924649,-0.7625177879550824
0.6522893246755124,-0.648975167856192,-0.5866641757974195,-0.7476148181320064
-0.05345909433293075,-0.9326232598909344,-0.9108278930639724,0.24372242489102192
-0.7887634396002785,-0.37939530041359043,0.005941703069246018,0.7688845137262825
-0.7675329635037053,0.5195120350244085,1.007742619898555,0.6978573027807261
-0.024146526218937727,0.8456920260067105,0.6208843984139895,0.0847220805470128
0.7534266088160811,0.4457223523812816,0.2555365479498556,-0.7343538597051147
0.7352728094373282,-0.34031430079876224,-0.03662886270941801,-1.607288121999333
0.1654471289518766,-0.8775474513626786,-1.3972734553998771,-0.38310288864843
-0.6245669566522258,-0.6082858585973682,-0.3858354550422477,0.6698635629871874
-0.8204512119305241,0.28856323048431326,0.26488196932409835,0.6442490480133246
-0.242295334162862,0.7494118382403951,0.7955379320978256,0.9507752287925431
0.5638932429142842,0.6024565837893532,0.7114388846923642,-0.7032385112517842
0.8642019689432152,-0.10179218675778934,-0.17042188610801812,-1.019688519191423
0.35383155241675707,-0.7428247660682707,-0.8275762170512113,0.6135180603476909
-0.40732542662497523,-0.6864238637711644,-0.4632647519472316,0.6748021793969788
-0.7739748566051309,-0.004418108825953045,0.29048569718106154,0.9979340132245624
-0.41018389874390127,0.6718835365393344,0.4311752923750295,0.00638618067304475
0.34013645890845917,0.7484131231431391,0.679318541839646,-0.7789882904484552
0.7964923114386099,0.16567255458046123,0.21304688088259582,-0.41876040422364175
0.5104592533562762,-0.5327573170261216,-0.4180823623131699,-0.5083904562441494
-0.19912373829297736,-0.7259870214711319,-0.7101399750318788,0.39095787964656625
-0.7199051606035061,-0.23581445738185378,-0.41447647603095494,0.9652140307673126
-0.522287857456386,0.5974333646695662,0.4934799974641868,0.6526352271765808
0.13513462662042944,0.7608695988813279,0.6005987655870554,-0.18111696039117442
0.6832745531292854,0.356897844749695,-0.09712389653514508,-0.6585722976157994
0.6398910901634789,-0.44590547467686426,-0.07432834494719931,-0.25381114157816187
0.0012489411084521083,-0.6849970987706734,-0.9012984975606344,0.27601000443759294
-0.571951281192792,-0.350485482113966,-0.7659013922600999,0.36233081996352223
-0.6259886788249283,0.2851427169495972,0.3783601659615665,0.9186814167615757
-0.09565078099069846,0.6940921648895312,0.3007073548087416,-0.09223517397420944
0.5247851249207336,0.4189933670826774,0.5447327719135677,-0.9137146134304913
0.6877169459380078,-0.2662696400645114,-0.3374612302447888,-0.8423131039227392
0.16522136051186398,-0.6268788474141697,-0.5704904794591653,-0.44947023876955594
-0.42516460582969584,-0.4302321649269883,-0.511714459810641,0.02460253535830237
-0.6773055814835038,0.06258599537848344,0.2978123636817359,0.9159381920162971
-0.2909592264585485,0.6240583173064831,0.48683098563964133,-0.022804335089610106
0.41938172965816156,0.515658363838957,1.1233519447640228,-0.6371703311048257
0.6618573213950731,-0.016199183119858702,0.8362294007517479,-1.0280678063316895
0.3897565321753262,-0.44183563561538375,-0.6549982417210581,-1.0011703518877124
-0.2857091169740442,-0.5472448246683795,-0.4152263543510813,0.209136709713017
-0.6205085045206372,-0.08461133945796105,-0.32894315724997014,0.6828640813102002
-0.40299250941911213,0.5434876826512987,0.17088738537444137,0.147208799351492
0.08879562590596632,0.6625804328142327,0.619775396301612,-0.4669514952491949
0.5593763723656877,0.19811147327154993,-0.22409424813454593,-0.5449243666048668
0.433067386706578,-0.3667978862359172,-0.0952103576636773,-0.22459695054316609
-0.029599103038774423,-0.5766885969268725,-0.43356394410326116,0.11934052980383192
-0.4961813576944553,-0.29090618327324347,-0.478998025197577,0.2809641099739407
-0.5072806895649266,0.30601831660912276,0.5022931282892703,0.7305479427946034
0.026680605006621966,0.5672937697178682,0.9688642848297672,0.251054423167672
0.5520277261286671,0.27836868340532256,0.2508424414150154,-0.5931464752838628
0.519601969359818,-0.14367148183021422,-0.42368870030273287,0.08257381901244781
0.004213371901386681,-0.5629240088858712,-0.3701548420934789,-0.30371972220758103
-0.4288115147508529,-0.30901227018205685,-0.5032747359337322,-0.004901007328511342
-0.4536837776501327,0.13647470768815795,0.14786537868475336,0.8069843398814491
-0.1547138348927718,0.4689591503503764,0.9604020888533341,0.3746603887939459
0.34723217801214634,0.35701461969914683,0.4132049930029841,-0.28461952317171496
0.5790897766817482,-0.07307652241816423,-0.13259529468645892,-0.09509056038013611
0.24692939781726106,-0.5073643827160204,-0.7165792992537684,-0.5150168898181081
-0.22691591475488937,-0.4363325615547142,-0.4384306382321457,-0.3688445600173307
-0.4988303964716418,0.023867728611308158,0.14041461575149072,0.751244594172219
-0.2497086130162863,0.444185073764726,0.2924888043370963,0.6506228783258544
0.24249219144303016,0.4973364357830975,0.07446371755401568,-0.029176740845748006
0.5502633898086703,0.07093102444601657,0.37399675666954457,-0.1734842571631178
0.3344741825897024,-0.40591390655037474,-0.49260936664761473,0.013963168540295223
-0.1349087634362923,-0.4560849637897632,-1.3805724183692007,-0.12422035652717628
-0.45440225248135074,-0.1638423445947988,-0.2025994268713055,0.2429398885670935
-0.3527012540841653,0.2498181958459133,0.2901842136355251,0.41918142771778494
0.07303098029717349,0.4470979347499556,0.7606236140148918,0.034711234740295305
0.41129029077803136,0.16393163777897707,0.03949093362699052,-0.36622673755504986
0.4083361385926543,-0.27394624818301944,0.00858785696136094,-0.717398362537652
0.036521972799557594,-0.4386984007116589,-0.4235422968459159,-0.31450228404755753
-0.347230284239243,-0.28187649653386115,0.021820224996449422,0.503597114121262
-0.43441904518126456,0.16375952396222687,-0.37690706232122895,-0.2671067499570227
-0.032330106474047174,0.5111990012350037,0.723308430222791,0.14764263002147254
0.3523181178005056,0.3294245658845602,0.5144767348520085,-0.4035075828577103
0.4433544033910525,-0.08804856795060742,0.26202656277616726,-0.22079511570264304
0.15568693703236172,-0.3527878322023233,-0.36409246774239484,0.11890807806887421
-0.28034288678509184,-0.35147776120949087,-0.18454229531840088,0.4104581152270498
-0.3430495326765347,0.17568454184423465,-0.2929522300683726,0.3960922640669141
-0.23015886040738875,0.3768129713194063,0.3845955465543968,0.2930649898423368
0.24565329403658173,0.355342731042896,0.6315444375851929,-0.28415533687380146
0.419868131324138,-0.06401148269219854,0.5588852914109879,-0.2130723583125244
0.24795075650078596,-0.37577208599516393,-0.0544103246522365,-0.48208755852653273
-0.1157604093653753,-0.44648768992088095,-0.012513753338420225,0.16870013084228336
-0.40068489783711153,-0.06170875952608078,-0.13397130090649884,0.11443030128850717
-0.2902004204045118,0.3285837383628171,0.8743004090450143,0.5809553745527679
0.05591429662497882,0.3242592940355025,0.3472620464657082,-0.636047981728764
0.39994264123780804,0.07110917642064407,0.5187902599937089,-0.8607452685468342
0.3645207652890482,-0.1747583869139237,-0.17521347677791232,-0.749072349201704
-0.10619960981048013,-0.3547268559302012,-1.0345185568310817,0.2391818567535267
-0.35764370696162456,-0.17257729163597016,-0.5400749094576159,0.3226324239548485
-0.24087095318834895,0.1648008674384469,0.28730824331243227,0.12266663515511533
0.005034199876250433,0.357727856896486,0.07002287457343655,0.24350806044252826
0.29655971589359104,0.12396678638499811,0.2726002868482247,-0.7937695894253114
0.24169776005865803,-0.12388352811892292,-0.08132617225232397,0.24951034797286678
0.05634765781944967,-0.343837672519705,-1.1881306819782884,0.044787020665651156
-0.2347616208123487,-0.22803280438971152,0.05827058720097242,0.2175498121044793
-0.30901691225615874,0.0537484072943814,0.24606427382631524,0.3995986161916874
-0.01524349456951038,0.3391289337016563,0.7354667932956199,0.20019584904374943
0.22664730503140734,0.2192995033810164,0.5808592551445623,0.014889186181378244
0.37505055677362525,-0.11202292366518016,0.07326797590906403,-0.7429336201435357
0.06318852318745434,-0.3496736020760083,-0.1091595799442241,-0.8008246282822532
-0.20912073468105505,-0.23185748460702363,-0.5165989278226348,-0.289409212359594
-0.2952464228438968,-0.027576099272355076,-0.13224983144999175,-0.02528516423487172
-0.12760983309265958,0.3052748505447991,0.2384009398580554,0.2673848979158025
0.09965225516464832,0.32336610376128977,0.6897368476703671,-0.17380933074245236
0.3443790916613939,0.041439261431311304,-0.05432431556094658,-0.41363039879711894
0.24010441231668722,-0.21962948622926187,0.3130579535301751,-0.23201657940403062
-0.15323877165792762,-0.33861246473940465,-0.27916411653073214,0.1049039497287152
-0.2708084491782491,-0.07543924256110618,-0.40943567536007863,0.7728736490809507
-0.2370325880763028,0.23796401706328874,-0.08686825041554727,0.5554599091783835
0.06866417541685937,0.25712594755055984,-0.11920650107292367,-0.11505609384264703
0.24319687865423711,0.14815560384347923,0.22268649133674573,-0.46530980953737877
0.2213481839187919,-0.18464364537855885,-0.05582690911199631,0.0646390021593847
-0.05686343749901122,-0.2921505743353067,0.08988383121085565,0.4090553389911844
-0.24802528053109393,-0.15945120075441443,-0.5407919032432856,0.031068655233939674
-0.3590860682475948,0.1346721294428841,0.07396956832630863,0.5420400262113007
-0.00016423060320237132,0.30129339721870146,0.39431691523205775,0.1834118341919086
0.23665927643476406,0.15311506181338844,0.2750374280374526,-0.599696493255637
0.2645483528930839,-0.028692946694516733,-0.12947498333002683,0.019352281963659623
0.08584200297517862,-0.31047204849333543,-0.13653386436774703,-0.16880839885699273
-0.13687812010686445,-0.20824676067860878,-0.32387179615781386,0.14209756643131094
-0.22370684591137185,0.04689817440185765,0.574411953811752,0.24910425826755422
-0.14098361833341838,0.3103727355376278,-0.09761507627612881,-0.06610144043789748
0.15441833404851696,0.20164653697032695,0.03530710741879911,0.45033918964594105
0.26748708763745876,0.03711676549575296,0.33005636816010747,-0.23104261628990977
0.1584474693543686,-0.23486658248154563,-0.06670214909744315,-0.12011823369342645
-0.14920183636434303,-0.23813521500790175,-0.07820400389450886,0.1335974712506538
-0.2364015005396859,-0.05446019022853012,-0.12484183450033881,0.24747594695273165
-0.12540703479409687,0.28763937825553965,0.3868564566368446,0.13236499639291174
0.07981358524976657,0.24085547291296905,-0.34738777503420065,-0.6225429085712448
0.20384972534151807,0.06744112583887817,0.07072123496336735,-0.07598133917989802
0.15528590289607697,-0.19344649890164825,-0.3941412288390747,-0.18670286953996376
-0.06755446336937651,-0.29607095083791046,-0.39334337987327894,0.05443870589886671
-0.20380424038998024,-0.11781581711894225,-0.3396277983295734,-0.29635663022044245
-0.1740194375985048,0.11018251968946755,-0.12327536301118089,0.6230504141113654
-0.005857414876879056,0.28934128065028175,0.7385318862557017,0.6381777309252453
0.25346559762803383,0.14996822500179097,0.4576160960850485,-0.47799127441423106
0.22645188537024147,-0.023087496230363283,-0.13361568147410768,-0.5379996749123525
0.0700657448164121,-0.20470728765269397,-0.6675380932398295,0.7101457081442049
-0.20369428682554339,-0.13350688344343886,0.31573606043459174,-0.18586950101575891
-0.2650468741543103,0.06148643784827879,0.38932222774463215,0.09933309772366797
-0.08008867461124837,0.1995407476002379,0.24917455991268508,-0.3753688864549648
0.1563365264191291,0.13040110254024936,0.28482040101125294,-0.11557892806518685
0.24840732374412622,-0.023932755906521226,-0.5130765608657175,0.11084649344087372
0.0791029366873275,-0.15295988584375358,-0.6574798017969048,-0.2719958580418864
-0.13487245487548966,-0.18042927998461672,-0.20232087186382994,0.01377563093736281
-0.2399441143250358,-0.0449819867163635,-0.05417456683163166,0.1360111025448537
-0.09730654638386164,0.1636505703134998,0.3089773435424478,-0.07224085270018471
0.14595223873637234,0.17748002802750862,-0.23906302317006134,-0.48282507896696053
0.29508920181894255,0.05680926349773684,0.053341568637147174,-0.4725974583871571
0.09775114515727953,-0.18778973004271743,-0.1377305798766322,-0.3156725137144975
-0.07196108515541332,-0.16962971150908257,-0.25773780744574015,-0.29623867405725957
-0.2188186226292021,0.0273135691511947,-0.31922749627951535,-0.24522679212117648
-0.16100481389239088,0.13773792192030254,-0.08239733265052424,0.4604741640725682
0.041802927790760384,0.15343484503966076,0.5771268627496159,0.29440292323931566
0.17425403761691363,0.12347671059552165,-0.19858783989076909,-0.20457227155837843
0.11291518316491991,-0.06721130711305635,-0.07673494091667676,0.40724871184759526
-0.02690820171609101,-0.21302958533428185,-0.021853453302887235,-0.007187141660620483
-0.17688485550272517,-0.05870019875978782,-0.1070392399527717,0.09290492021683798
-0.15074235922296697,0.06592360567276553,0.09468478795157179,0.1411192796905815
0.014704240396488627,0.15204252620831882,0.4787483861051058,0.4797121311754568
0.15474484448397127,0.12225768060606118,0.21780858571785994,-0.008246269187062033
0.18121759615286104,-0.06966293798750917,0.2458882344621366,-0.43595006094236305
0.016594352205691672,-0.2140299880625132,0.08118726223260354,0.29604928887305326
-0.13724325145076205,-0.1902350832864093,0.037659133191967134,0.2756955367536543
-0.19303339938909336,0.03280340169615507,0.4344297955245503,0.5711775614572331
-0.08917164350943037,0.13136695982606192,0.04369520264834309,-0.015712867043219114
0.09815060260545735,0.1424216587769296,0.8020125682655072,0.3634583266658702
0.10187438644933929,-0.019327062306726716,0.27738566002863935,-0.3192949627343082
0.008939871521251974,-0.1963725906944916,-0.1568564983464775,0.06918560467501986
-0.11100783981572673,-0.17134420396341307,-0.7377181173194014,0.32839480007616273
-0.15768125088732501,0.004596785279317596,-0.46113626331735996,0.32184634695960546
-0.09058996470806091,0.19328177185541862,-0.32013718447640405,0.08139460512666091
0.03862581823921021,0.19722937989531883,-0.23942415482412302,-0.31995575570379475
0.09798970156492035,0.09848582670137607,-0.17492178807390554,-0.34123832163863893
0.06801934108428656,-0.06360269920139412,0.030601843386530575,-0.0849773248950738
0.03435747482122708,-0.15042210772462258,-0.24369834794507392,0.29363122255483154
-0.10976110556417046,-0.08634503490969359,-0.2408633626667453,0.34973514737155664
-0.09407494942418645,0.04323879486771773,0.6076304768405696,0.22053446639069108
0.021618157323451057,0.15089110064571734,0.0966553355713825,-0.512325670155204
0.13689328034608036,0.046891811396649954,0.09421240586303906,0.42417305294474017
0.16365831449350943,-0.06876017486126997,-0.4639464470503136,-0.19237708670980083
0.055746395404739635,-0.1799838590137778,-0.03812120927719147,0.15922995512129043
-0.10205225053702069,-0.08347190190846816,0.03432528604582867,0.44765231295140495
-0.10943005200084628,0.059968123441949815,-0.15618319519883905,-0.3837020535835254
-0.06234423848792797,0.17404756809768063,0.36989732879138104,0.683126068862587
0.06350748239903709,0.15104736048563594,0.2189541524019055,-0.435146497320339
0.1961905729894165,-0.06806730246984295,0.3323908850174745,-0.13558409873160307
0.005581815758887894,-0.1414188008372001,-0.18703930090469764,-0.5634566964680671
-0.0912940738541624,-0.03763115144719796,-0.5285371600319303,0.02412190874076639
-0.11500488231538823,0.06466882933975712,-0.15477587202662638,0.17009428427242776
-0.05635005567028496,0.14796902898397696,0.013418820356819253,-0.1003674634186947
0.09579867035209476,0.17645636676341112,0.07700704903103699,0.1644734692757581
0.08579886068738118,0.010330044139147227,-0.5397209522115096,0.18829280372603613
0.02164907481808609,-0.08757099741286839,-0.2385055417935623,-0.00930272398369146
-0.06037090950451306,-0.05854953081243193,-0.21808845110427363,0.10400477532279628
-0.14049410119757674,0.008556964677184344,0.015642888686935863,-0.011238302882145869
-0.14829273578234764,0.03512515118443105,0.1791580323595839,0.18991981476584893
0.06512209291319354,0.16108642100167395,-0.2887497865225059,0.02672523947123584
0.08728044413479907,0.03792365689678617,-0.4617241775176134,-0.39923453258584374
0.12321208261962205,-0.12262106745172516,-0.281513624055202,-0.2072195094973363
0.031819208013921046,-0.1273713083829574,-0.12347777705435284,-0.4538389485454174
-0.030162996094413447,-0.07036529685070554,0.037440453046811636,-0.18131918457794924
-0.13349286114202666,0.06162156166309862,0.5268358391480469,0.00469569382024429
0.012282020761818708,0.10295308260729943,0.07065421637956977,-0.9005305985408621
0.09979222762685531,0.0795807631313793,0.23056434562343256,0.1530470756179524
0.14829559732940653,-0.038205442482809944,0.14134511487163604,-0.5369935827602524
0.04842571290367702,-0.11137077814241078,-0.032952101243814605,0.130663640142488
-0.08494635935354003,-0.08571591269374682,-0.04067922237081828,-0.28597333995334123
-0.15781019822865539,-0.0908079497270884,0.2413356495841125,-0.34759337764371356
-0.05272456164545804,0.11088279679186747,0.04324994388593448,0.3867053838585177
0.14305680105722274,0.043911472644782665,0.4578511607898014,-0.422579239321396
0.1248135151069272,0.05584612468080306,0.13476981496714224,-0.13471916393446265
0.08585180050722162,-0.11660436771741073,-0.16543877676100813,-0.13005939005318398
0.009799563524767407,-0.13266250486118905,0.3278384258202464,0.7329671706453655
-0.05516538109321453,-0.028359617761487235,-0.7374052860665938,0.4048742706350479
-0.026037610368509663,0.093770766717422,0.11997123349224317,-0.2848417534174681
0.01248467830157085,0.1176651539557034,-0.07362392205835382,-0.7410289407399512
0.11915687056715113,0.03845282114111098,0.03872096024717171,-0.27948443328952166
0.10636381661148173,-0.09199499578660154,-0.2802158263680345,-0.7370587979390959
-0.021799903563522245,-0.12170246300834363,-0.16294994886879827,0.10236298041656197
-0.09159619445048116,-0.0627058813701301,-0.4357578301055114,0.2559169395806358
-0.07487996620164986,0.05562524311591851,-0.1000555792671412,0.18884394392864798
0.03960627525076374,0.1078790625888888,-0.26775917889711565,0.38327668634152934
0.12122552217752043,0.06216602634867918,0.04133995171539305,0.5616402594365116
0.08919757569359092,-0.05357125281597265,-0.13591947917582065,0.14168599598301584
-0.012007194461149022,-0.07190252178671533,0.09245443321885055,0.42681488734321305
-0.003626200645145114,-0.09922709762336629,-0.36551039658607853,0.11541460965522946
-0.027635897751592774,0.08046464304442211,0.5977948163369454,0.22971865661354465
-0.10346944737522176,0.11181468440042333,-0.20094028075823592,0.42056007485049823
0.07373238954108512,0.041192596153764915,0.06753843051005279,-0.7721264028165303
0.1046172494587006,-0.016062934416718556,-0.039757390532712614,-0.05073868657388094
0.024327352109633917,-0.12320018807018213,0.08065905501662378,-0.021616884597254055
-0.07792242642595115,-0.037306543818112346,0.14697435603875061,0.9371789213735227
-0.09473318601396188,0.08028336579506477,0.22433239401720725,0.26695660168389673
-0.08014474623528627,0.04661780786124779,0.10366401436346243,0.16231807375391552
0.05359472421158318,0.053029512538283724,0.23058746800386265,-0.012031392023571404
0.05196732239365686,0.00157284485201898,0.039526768928361544,0.02054714179378329
0.10993826271110607,-0.04026463231517234,-0.31881587667990524,0.07083715013886993
-0.06707953213874594,-0.054584811160365926,0.007657720901348385,0.23587087431641035
-0.16894050229750113,-0.020395159032987165,0.22925223379308182,0.2927157458611404
-0.04555341798152568,0.037632783783990695,-0.4012047585612516,0.2640585339151552
-0.020310333600637907,0.14272719581202292,0.015012841668095005,0.21041443564181786
0.07620526159386778,0.07522908317192722,0.19612689403725037,0.03138030570126085
0.07250632277631755,-0.07905711589822373,-0.21191308577678375,-0.03986237750702143
-0.0019165118738846921,-0.12514905931220535,-0.03781032271159388,-0.27946554564391785
-0.06424681104151968,-0.027355341428566403,0.15387983645735376,0.2655312584708714
-0.06580936219495165,0.03043983455700775,0.13319829602135655,-0.4529019976885852
-0.01591079954735463,0.09347844509592397,0.35761178524344794,0.07404577587327626
0.08059296259845165,0.04408165415825045,0.46720437560845995,-0.27355882228472367
0.024507261638169804,-0.06032554429454806,-0.30753540860353373,-0.6350539445704203
0.042517460411214875,-0.1045662430720983,-0.3404055372355722,0.16233015912969204
-0.04985052541623363,-0.09926285732697374,-0.5296192651977105,0.08032371073478313
-0.019869200078761397,0.0008946614099740267,0.3621346139214316,0.07698862136010429
-0.05632966668882481,0.0663956429278904,-0.14284551395047287,0.11184058576874777
0.1145196939470314,0.09342382294590151,0.02549521855931637,-0.03467119123677767
0.08070413164505301,-0.019486627207480733,-0.20257566999564283,-0.29571177158475836
0.05843771965221034,-0.048403340776878176,-0.5201934703727588,0.08421329005630705
0.00504534305442457,-0.10994292257175242,-0.4049083437780977,-0.11431331622023762
-0.11456013004465851,0.01154094950359352,0.42075636574352093,-0.07873776754108248
-0.0013629168259023522,0.020661344083195504,0.7120062271440752,-0.2249752455499572
-0.03189762313996375,0.0938995296534125,-0.35609873784251633,-0.32944124699627114
0.027165064913495664,-0.004351347103705711,-0.03130050937658682,-0.11079176074407909
0.06965080805499466,-0.06693694419018945,0.10903990382686977,0.33081653893922414
-0.09638368377447841,-0.013899632140323762,0.18302016773954966,-0.23816655799213263
-0.0035329701302061825,-0.029743965428945637,0.07835297646957898,-0.0716596830297768
-0.11672708929452695,0.07783363835044929,-0.2220469943517206,0.2865973894409785
0.030496726789013415,0.11421486637631739,-0.01557357793138989,0.22903212447633262
0.07830290112460368,0.03974101480233053,-0.0880258531441134,-0.16961706950662697
0.050947509207027356,-0.06725630635537515,-0.47519289157890165,0.18058834967207466
0.0307761063701964,-0.06550596628057107,-0.058496779004463345,-0.020840340788642053
-0.08256161758638046,-0.03103490131294321,-0.24429507511185894,0.26326949916348097
-0.10183577866462017,-0.034282350814176785,-0.05003832875423717,-0.37998231324824144
0.03688500102330983,0.049840284490602085,-0.008573653901473438,-0.435381760964809
0.01911314426659879,0.02611404449437369,-0.032674433566227123,-0.21483210148821075
0.05656231940504479,-0.011570750549192328,-0.15443853711726022,0.3121264282663809
-0.034182822002386024,-0.08822078425980823,0.30967570460750715,0.05875923813990044
-0.006660440162298619,-0.0023945870574601166,-0.22135233213913724,0.28367460385265647
-0.1073764140519542,0.00970390654156174,0.38655175860362073,0.1971027329986269
0.03735648821747939,0.028690621445834227,0.5527476773312815,0.5607593794311496
0.047818304196924635,0.031321724980881455,0.010502412363982234,-0.4377738526154226
0.004581091496280637,0.015122096515754505,0.10939896691209067,-0.10132453548337882
0.024971980791725013,-0.05979283221477477,-0.015916148931944193,-0.20092109418066387
-0.008214600599248485,-0.055899416823441045,-0.04871051720461577,-0.05208808734546898
-0.05862338404812327,0.04365415936094236,0.2610160051933667,-0.2724476075163901
-0.08654019276962807,0.09836423026468427,0.07218801667922184,0.08866318249466164
-0.005062684175701446,0.07561149718646962,0.36739112605624336,-0.2472896574004504
0.10650319890333679,0.05539127635934876,0.0699974091315566,-0.041564786627146626
0.040132574828696845,-0.02938770566641685,-0.16530587871595523,-0.10175079419324465
-0.012227529656680967,0.005701897517513557,0.09617269643808403,-0.15905279677298712
-0.06279067681138048,-0.018094032653379208,0.2651739737650534,-0.3423954261771632
-0.0469727485645821,0.019414393485001097,0.388858755704377,0.09692697668478892
-0.00537042598277606,0.03234822581372765,0.08832236560111562,-0.23449705418228398
-0.0003577895448340501,0.03819702067316566,-0.020852821464993464,-0.28580217737505814
0.07156414146687902,0.020035762759813662,0.024540509188505782,0.03778562738564991
-0.018706104562518436,0.037952811751957534,-0.16185502004646463,-0.13349392036769478
-0.014332987517915247,-0.0735657611427173,-0.6512902836631199,-0.2527979847322178
-0.038155338293686836,-0.003487011207276616,0.2257540048844328,-0.011408067800527735
1.2072244172620477,-0.1499957377375471,-1.09015472425112,-1.3264300539734335
0.4087249114704474,-0.992610873118445,-0.9970681490476946,-0.6253083368523321
-0.5298587527726437,-0.9992804478876816,-0.5766352933525304,0.6283232880125561
-1.0498980235190578,-0.02088335278474101,-0.056653812476955556,1.085524039370977
-0.5786887609441269,1.0244530504818392,1.1807098799658378,0.78568831313027
0.3669571871024984,0.910739515575854,0.8648230705266052,-0.4366785255682515
1.142710356192343,0.14418620471941465,0.655582585444604,-1.1380953217663567
0.6478418954043399,-0.8024483970431935,-0.6703733079480789,-0.7017828492063583
-0.2808789740153104,-1.0332981242296608,-0.6811922886494121,0.3842924192483338
-1.0232127859593074,-0.3441828722133051,-0.2584148345333026,1.403260957489152
-0.8230803152148551,0.7130186899932598,0.6453152076430202,0.866190671387741
0.21092717460571364,1.035496313909588,1.030653150087143,0.21735417176513117
0.8798714711783283,0.4600812996486469,0.623386651602657,-0.6400258654528553
0.8592942800323267,-0.4721704169044694,-0.7029744542309313,-1.1004508309228096
0.07268772837754786,-1.0252698430974247,-1.3330438014108497,-0.24247590267499175
-0.8076774479290508,-0.5652950184386473,-0.47702287503960994,0.41005546593371855
-0.9254282376251272,0.444676949934855,-0.11046835536987987,0.4180358075760113
-0.21243371780543324,0.9856010597634398,1.2222075618015804,-0.06309885561456896
0.7512836194947669,0.6529314629980779,0.28805067201046863,-0.7562113728171588
0.9688285534362366,-0.19098763758365805,-0.13075890458158157,-1.0422855890076461
0.2603176448466218,-0.9347916344448894,-0.6572504341290974,-0.30418542348437105
-0.6084441880383933,-0.7414956764818637,-0.9650146942377169,0.4208560343065276
-0.9347044074110524,0.17291056682240682,-0.54265872405873,0.640781987467874
-0.4646252986729077,0.8564530217549581,1.0077911356209237,0.42326012364308163
0.4657362589208503,0.7374862515359354,0.8333854094523404,-0.6499623132724575
0.9330862040847736,0.012682657787268303,0.22527433904567518,-0.5764500470532495
0.5298197979730888,-0.7615779423134176,-0.806354237967943,-0.9178719283924353
-0.3824008033004771,-0.8165618163891847,-0.6926940434326841,0.02820972347928441
-0.8838935453113487,-0.1077319953718868,0.0409759410252436,0.6452023200880785
-0.5780045229105462,0.6925877094635777,1.117672904114636,0.6028545068895175
0.15550634746940428,0.8728988350631017,1.2374591604107723,-0.7147274914956397
0.8080844302137762,0.2184301323621034,0.4584831881825979,-0.8463373345703298
0.670001664547163,-0.5928433496646118,-0.4373848377536188,-0.9606154293281605
-0.09250197006724968,-0.8520226385891311,-1.0992824798187688,0.08914560747410982
-0.775090543578139,-0.3834336004482009,-0.03576351096355734,0.7283330823217824
-0.7076478791247733,0.42297560589722694,0.7819664449682401,0.5957670575246679
-0.01333578924928808,0.8643692157639329,0.8425570034881799,0.04554163991630722
0.7156821079826519,0.46258959873854116,0.5233515381797699,-0.7701579519491971
0.7376586369477509,-0.38440829083481987,-0.26734495345409504,-0.4341991856003308
0.11542250157924885,-0.7452447343799531,-0.9602563984670032,-0.023152162341724125
-0.5613265078521184,-0.560936954558769,-0.944317399308966,0.6517181305578575
-0.7353630102770174,0.22225807159257932,0.40639783179356903,1.1103903683058376
-0.3108720470163823,0.7747770013997889,0.6868718608177773,0.06055474675005279
0.46678698564438875,0.6030437194853654,0.1343943476835041,-0.6954392895084368
0.7570441770405373,-0.12202797360000543,-0.39969817386256823,-0.37120483046084424
0.2356288653900851,-0.6580668527849728,-1.0940127072142385,-0.17368608798938256
-0.43293448753036634,-0.641610715226392,-0.380487853374718,0.8244881655643288
-0.6849571061276061,0.0043056740579166435,0.04685326929674938,0.5533914606354496
-0.42713346521091194,0.6436852921396412,0.6474737582743245,0.681655083432165
0.24956260545221498,0.6673196923846249,0.8036063486521174,-0.5297585045750436
0.7442956973756116,0.1777488905837926,-0.16939634021461925,-0.3038893650353759
0.5142508287496631,-0.4926853714611484,-0.2893337081693467,-0.5466557484227699
-0.22423027898628542,-0.6412402600930139,-0.34968981471745303,0.030557171537138883
-0.632366994889275,-0.20427834211134102,-0.0789378176811617,0.7271441457742114
-0.5208240648497235,0.4913807324604655,0.3843631812867321,0.49302522189296927
0.13485079439432526,0.6466884781120645,0.4280844290065387,0.2862182904378563
0.6589715087573416,0.28124718231870344,0.2051594121983341,-0.5459008483860731
0.4856235157491068,-0.3396220398639148,-0.525608219308078,-0.8055110105266328
0.02228213025982863,-0.6143264100177009,-0.5290766972941127,-0.21349153718483838
-0.4767538115369231,-0.3645892261765101,-0.5070043263944554,0.7275339181010201
-0.5731054795784581,0.24969158509468262,0.1701052987125895,0.3004965013453986
-0.15743774382300757,0.5874585883067445,1.0134094790153847,0.47866558424591255
0.4108617878934036,0.44750522957280847,0.14616987630853673,0.02254721790800357
0.6030072264254076,-0.1527863884184383,-0.2991922108412648,-0.7508768418983384
0.13683397013240733,-0.6216373735279652,-0.81761512869327,-0.5142463395999425
-0.38438898576480235,-0.4194576604465604,-0.43962789635100197,-0.26156498564381875
-0.6084941383122865,0.0597092953114109,-0.09800214160970822,0.5104696638142375
-0.2907269163021865,0.5945073996915133,0.592398994850164,-0.10663036789854363
0.2544408703014462,0.5375288795110444,0.29000370648129437,-0.32454878633755707
0.6253605929847023,-0.05449717951319444,-0.04930354337323306,-0.39352009950893896
0.26533394718201453,-0.5162119761375744,-0.484969861207136,-0.16476348907567995
-0.26999145064985397,-0.47306753865454454,-0.27009446851485014,0.315280384356888
-0.5003421851188604,-0.057370498030774014,0.13043846671817183,-0.036352558556832296
-0.28825463655993755,0.3918608033601232,0.4474795162533429,1.2199489281763287
0.1652339671815138,0.5508708864962578,-0.02511064491059256,-0.29359148352813697
0.5561495432600798,0.08649582298783326,0.1954204024311637,-0.2166481292254005
0.4043007508118651,-0.39438825492026036,-0.40374825317586877,-0.46621450023056815
-0.025782710223506873,-0.5197731065774598,-0.6235156797162863,0.49448780406609383
-0.4509182924034102,-0.26949501120173225,0.05918906243798955,0.11188305140623259
-0.4281303263613985,0.26947253467532717,-0.11512946178116185,0.2614087246108089
0.009262003726877324,0.4640223229174907,0.6472901261267683,-0.501423463980113
0.3783838267724677,0.3462523895594507,0.00865448473321484,-0.8946362944122696
0.48451602647899583,-0.1594581400870165,-0.5913147972017465,-0.9386967593961918
0.10196983565751719,-0.5230882027563531,-0.6371069387465651,-0.14671979790120138
-0.34567115330055664,-0.2247355578420145,-0.8606383661805578,0.19672529571668262
-0.497725931169781,0.10125984576928426,0.3337767230083047,0.17071466128169738
-0.08796666233008399,0.4630405993131808,0.046152842056540466,0.4238613774131625
0.3630244845866547,0.39576684578696225,0.5374177833075078,-0.30965354762017755
0.48822393672320946,-0.07961662984466332,0.15449292563519484,-0.6633736774690414
0.16752968942844126,-0.4410481027395429,-0.35615222817840614,-0.17937482201448085
-0.1937486848075617,-0.38715181822835715,-0.28217593645892075,0.014814756875272117
-0.45231131308704947,-0.018675943965284828,-0.13336119636797095,0.15503539274876169
-0.2544194238088268,0.3811110566390089,0.6101421743420963,0.3878102111480425
0.18827249226600562,0.4234776755158407,0.5170197382302841,-0.35306959018767653
0.47873313186608485,0.11549297500877911,0.0689991527112363,-0.379026984294125
0.2671337156275233,-0.3581897155016351,-0.5704042849500925,-0.18948833450456282
-0.0668928111107581,-0.4117698402898482,-0.536852783876155,0.11989651219022762
-0.4190349856978778,-0.08733001680676847,-0.6793055927975796,0.19835545598478352
-0.33036860629766274,0.2845541766052538,0.019173142139780885,0.06075828352555046
0.05701038200756046,0.42991333178615865,0.21846285107645735,-0.08275911032160327
0.4377867389525154,0.16278342322524764,-0.10237808859007352,-0.9016740397854375
0.390268113505797,-0.25269549703901667,-0.013376799579069565,-0.3391046074440529
0.01748565993913884,-0.382054052780781,-0.9453143610653099,-0.4053516835314025
-0.45257465409112096,-0.18316549579963998,-0.27623050557846196,0.9498856751288206
-0.3415060637430485,0.22534518073877968,0.27624746326769367,0.2859097295501023
-0.03467358233979965,0.44151915525013546,0.8996222014310656,-0.22957116479974699
0.27258769412677764,0.2285125976733621,-0.06435429625741257,-0.5632036166976202
0.36832818256517297,-0.04781254791810775,-0.25652121611747264,-0.3793161517651701
0.17591042321115302,-0.37995729777521003,-0.33258281543583745,0.16844505607788274
-0.25378082265576934,-0.23027652436062715,0.02116668813989475,0.052879648391783995
-0.38244289595552217,0.05095320298900963,-0.13891355369612668,0.5898800265607599
-0.14168093761143252,0.39244671840767303,-0.33771295757535497,0.1454993479622227
0.2328012826570846,0.3212043769324535,0.34189787946653477,-0.3903465610971424
0.30934868763132883,0.05456678434184505,-0.5725298802413664,-0.7531046821643573
0.16732294548772728,-0.32855324172599876,-0.7492688193616407,0.08639304150846655
-0.12575330090369521,-0.3261884745605526,-0.8436711752861367,0.6410043113313854
-0.32389412826428277,-0.03321655820932035,0.017954136093335515,-0.056585711723976584
-0.2505789035291424,0.2812570016201581,0.5346264366448092,0.07849080982532952
0.17281396641794566,0.35419895463553913,0.09148490095344367,0.3908546885551853
0.2861568491035925,0.12882959592039578,-0.12346617970057067,-0.6863617047906686
0.175483129674487,-0.23037069287259682,0.019602174129489947,-0.15716046089236269
-0.09863527764196076,-0.3410220219546719,-0.6418113005871231,0.11347629491991751
-0.3273520393085062,-0.1546832461165182,-0.6230916919626639,0.24364850059271004
-0.2903020269405688,0.206878954010226,0.2738153298935164,0.5194797112210447
-0.01612354383340184,0.30695462423582875,0.16166341072066756,-0.37606872249834417
0.33859870255700913,0.1487497409600412,-0.053668288026035293,-0.511058433616787
0.36146872645812755,-0.18881174348102447,-0.3413211383796044,0.14112396712772562
0.03203327394740399,-0.2571407843074573,-0.2890759069169991,0.4476401317292353
-0.2796360476031084,-0.1955912014242676,0.014903536904796733,0.06651775547009658
-0.25878130394940757,0.1276537185264627,0.38908462440967906,0.1639877816551912
-0.069551159852056,0.3115928442344985,0.2601802704908465,-0.16708990732027085
0.18854980568519003,0.31062138971354986,0.14337140721654096,-0.016594035831528908
0.2318106326949555,0.00667635385107937,-0.44349578086127883,-0.3984982048747277
0.07310944288007379,-0.33231469355205046,0.2816910903835945,0.04397450052693541
-0.2296284888911534,-0.3030728439240731,-0.2047745753001884,0.3608555596852876
-0.33835521586977635,0.0400689853052195,-0.20938803291950664,0.645275069406597
-0.13079386871171494,0.26073548925836126,0.2331406968344063,0.09162996902648712
0.11237547885656479,0.23555152941561444,0.02352980306378545,0.07931502015615016
0.25798936013799867,-0.00657052949903298,-0.23373812272006383,-0.21903343418764107
0.15546075466747272,-0.1999222123776643,0.15486803817803707,0.12926061402879427
-0.028653983198466917,-0.23638349718222587,-0.4073181602020114,0.013535073979372703
-0.26447275143956717,-0.12808980252415803,0.42879228090778765,0.163015507454439
-0.21997539099954116,0.16699993362155954,0.15056270980239914,0.16684474127420676
0.09488776168269217,0.3078004333590493,0.4637522158210822,0.14089371797594286
0.23508519448456286,0.11026101257050729,0.45365411739791167,-0.31147584649837523
0.2688953266068591,-0.20067844691841905,-0.11623939646767348,-0.29864722637958585
-0.005473425274390602,-0.22044493229289866,0.08242031495281628,0.4147288543681697
-0.2390359793798701,-0.08338986548080486,0.2207707532933438,-0.16465548450524434
-0.208806622855791,0.13227269739820993,0.1321289743366165,-0.02854473583719888
0.014856177923887822,0.2567995990485769,0.765767641034936,0.10822464208512378
0.2529904057413155,0.2153868843565429,0.038350428337269316,-0.0766009474467022
0.16215021359021348,-0.063285090457087,-0.05906171281400169,-0.3348018814823467
0.04573950801116139,-0.26180083077025335,-0.24248023961305326,-0.055103694831945826
-0.07826170705223547,-0.11548357165245428,0.002338078566138241,0.3537309894403141
-0.2309470846334934,0.01757312245270463,-0.019380383630166476,0.2355520935893713
-0.10636046568984003,0.2592540987205596,0.2588967847880326,-0.10577108182430517
0.11911445933059693,0.2789558276374394,-0.0047793526613931075,-0.48236746431267613
0.2847284805960629,-0.039055964999047336,0.47604816228825036,-0.2916331184608203
0.08105763977710564,-0.16531300048413272,-0.42146954589238483,-0.5825067285204012
-0.03798763912989689,-0.20977017485959426,-0.017018834453303294,0.21941914694395478
-0.20189749680865324,0.0370202352927763,-0.24625711953194893,0.27612527698653955
-0.1173185957092634,0.2527051052441582,0.2829744224305694,0.02261451562925343
0.10426673896751898,0.19900080421387786,-0.1840850144284597,-0.27020356417131697
0.2476251083245492,-0.004358263004948286,0.18116081089914401,-0.317381111213684
0.1927027614767365,-0.17270280436680283,-0.5887004916669136,0.09607779394689098
-0.061568840684740465,-0.15781611632670223,-0.4745048213430524,0.37276952021941906
-0.19918774459696822,-0.1363120591794732,0.05730407008053287,0.08744856736945576
-0.2146506959231297,0.11554711857811148,0.4609829167304539,-0.2091565324971309
0.03939799293254367,0.22345950877621432,0.14484836766173526,0.2913203134927182
0.14773203836249063,0.1513128203400296,0.37539348677736684,-0.3149186371534442
0.18145028613060155,-0.10273264083883617,-0.5049278931365033,-0.2136802303443539
0.0032892438438836755,-0.1634980617450454,-0.14214759277792574,-0.42569301035087787
-0.16691573052015302,-0.11276561915648323,0.24610511918051892,0.2001245644882159
-0.22231273650461886,0.059453480634435646,0.20049445811460107,0.33081337230815927
-0.03937365437021262,0.18688139400333256,-0.2251501378283071,0.35968893728269374
0.13964450988266536,0.1392459045946697,-0.1599495488420527,-0.03755918665295288
0.21067984412911228,-0.0838242776778144,-0.02094848040607264,-0.007761578807978127
0.0812602715983074,-0.194239234486676,-0.36441859106937186,-0.07970803027352008
-0.10603329120005946,-0.1446756455408049,-0.39949434920809757,0.2194986890923374
-0.17428102363168715,-0.007850180425063129,-0.053983552330171686,-0.22105979929866632
-0.0762626213111332,0.14150827695869492,-0.056994830390416085,-0.06454368323625392
0.10268804103563967,0.14827429961286528,0.12839667971911953,-0.6173947573810707
0.20362007491963563,-0.03149996643704388,0.09034100539158013,-0.5736807898444504
0.04708075781577084,-0.1274347099124981,-0.757674103459765,-0.2735024568594552
-0.0446967639393135,-0.09212343562382184,0.47775125775735133,-0.24312006397369149
-0.16693656389256364,-0.04535756428654838,-0.1988355577256161,0.6808039164386109
-0.12591809379807953,0.2296762677279806,0.21636430829505213,0.1356555930004826
0.022833467839347303,0.19825074424674682,0.3875995571458086,0.0696803013520926
0.202762866830229,0.060358198588403536,0.582576406008199,-0.11616877260122112
0.1834483575173913,-0.08618658513947627,-0.5337614566526555,-0.013547929780577395
0.04557918156141031,-0.16940065553905065,0.20201696164299054,0.21511184470948408
-0.22801433164087942,-0.09649717237959074,-0.4063611334855971,-0.237315253818388
-0.12214263130112701,-0.004660563180040239,0.6125587201067814,0.39831820024991166
-0.022584185823947212,0.16096827896894814,0.4345894922962491,-0.17397190662640338
0.09621723221189668,0.16850672713685008,-0.08974984136694064,-0.11833461279931505
0.19024512509230604,-0.03462468924620726,-0.08233489541939129,-0.08750219092617348
0.0556624565067286,-0.14779661058360494,0.14666042679005264,-0.004170407457965569
-0.11457988574069569,-0.06574698157479564,-0.25388980342708456,-0.09585364196281879
-0.1230999898310207,0.02993556041368888,0.15716546716855934,0.3329552150303494
-0.05595077190298761,0.12883264559699326,0.09331347613733276,-0.13805602912214401
0.056820082999926066,0.15525673776309476,-0.15361437350574908,0.2259443904752996
0.17060622685774107,-0.0064323954156918,-0.1808723379121066,-0.6128288960908936
0.04822466307288232,-0.14597148629329662,-0.5323428306277473,0.2474659773562661
-0.05099535205464975,-0.15657834617194089,-0.11492352788075186,0.32462559846250905
-0.16588407977565484,-0.02839654486260545,-0.06265509907950009,0.5989816213854978
-0.08813195032922239,0.10413164059278483,0.009665798082571647,0.47048980308273297
0.11877926571416916,0.18175780186765467,0.23501732367712538,-0.15637401166343712
0.1286466128716184,0.03560525856979467,0.013181146431528318,0.1846454275645886
0.10824119837366468,-0.13239929340918424,-0.26196141921132576,-0.03298194996978525
0.02520113976147921,-0.07530530929494944,-0.3285564841028539,0.10454563185586296
-0.129427524416408,-0.05651594091635096,0.2988898525018128,0.17825117962853335
-0.0406892550540954,0.07837905403258139,0.16010124925704555,-0.12125436884511509
-0.047058611596922796,0.12661131053727975,0.18997708529786625,0.11261204711484049
0.039549111218961944,0.06211912993124732,0.07830627192806715,-0.18290559297691586
0.09670896271801259,-0.022754670926170104,-0.2747474102040115,-0.17026135635948783
0.0700707504681888,-0.14903537462158656,0.1905236729482658,-0.2821862260176856
-0.07118362821746135,-0.16585014748374996,0.45991503514185506,-0.4352267712765745
-0.12932677060180736,0.1156355121400725,0.15328915008328453,-0.31394900952590843
-0.027106094209309654,0.11150991704092966,-0.10230123145607191,0.0008282544649297618
0.09964228451676102,0.026059830678124715,0.26639039339715814,0.10008961455747
0.10733143455013025,0.00896985241300969,-0.1600985146344698,-0.5333487377136068
0.13519438647150248,-0.11958960924932531,0.2035459248647712,0.2839730752032621
-0.0787995190118568,-0.0967874390268665,0.3584369840275398,0.028710301457777754
-0.11381841463830394,0.06264436884012813,0.20695003750016497,0.08585790379171336
-0.07357426047285591,0.11613456152488534,0.4645975434196296,0.3537981198644574
0.01070042959935201,0.09952637098096417,-0.44189370048169474,-0.6154227967581222
0.14814802070335295,0.09757810007291533,0.26065940560168005,0.24486156893618846
0.10362335392435046,-0.09372949490406259,-0.33087912060599245,-0.4745440856693403
-0.05261296500704199,-0.1473525732753686,-0.19320172146261083,0.2831602284542915
-0.05520064267864749,-0.028729584431762233,0.03744837711548571,0.5217803187726758
-0.07827723511127706,0.006296179652666378,0.06464644664587092,0.03616721989228126
0.005545258844589399,0.13806993629338843,-0.029418860195558165,-0.2332398492252384
0.04055041525196097,-0.04058513292503102,0.49200785098269684,-0.2132850822031547
0.06458971239842595,-0.03960864797360249,-0.40016277570738434,0.09196920278051461
-0.008348296497731557,-0.08774505313801054,0.29951290249384815,0.05693327588348944
-0.05715496340565481,-0.00038947050066783645,-0.2567045765447552,0.35805732610916946
-0.04864258403331527,0.05281769299840993,-0.03453486564442394,0.03399292666776781
0.053862388501490825,0.08741489287917892,0.2921798396174592,-0.19184222610087542
0.12005994375179571,0.01162217306311486,-0.48743298327030793,0.03991171321850867
0.07848565335829183,-0.03149588181545649,0.15191826664572333,0.24475080815866793
0.04054405873202203,-0.09359874962590134,0.129584187189808,0.6279433002664586
-0.10659103086926351,-0.07465862317835673,-0.006418514394036512,0.018443832472039567
-0.06253407706464517,0.08161321911229627,-0.28196384525108004,0.14929471958057494
-0.022165062701206946,0.07184973604217407,0.2684968237646298,0.45793608684646
0.03811888597533063,0.042935825059897854,-0.021426386970490006,-0.26305253215187707
0.11941050724148894,-0.00151730376210396,-0.07924543663986254,-0.1555683432442205
0.08795901901578809,-0.005148605354394209,-0.23241974707766352,-0.37877263677087747
-0.07864775154240178,-0.09799535473104858,-0.4490008088894676,-0.017712046751987842
-0.1845609393477041,-0.03466844865190833,-0.3061690996197859,-0.37717532840718604
-0.099929359344554,0.10443496742795343,-0.37633805568473705,0.2879817651342427
0.04551655724247079,0.11787045457008818,0.29661546731168376,-0.5935423219351105
0.05948801334363028,-0.07686423247271558,-0.3004258776002105,-0.05719307732402933
0.06675915571568551,-0.06929863283541146,0.25870315774384545,0.0020600879086417334
0.012038747295350788,-0.10182769295677012,-0.15868060593560776,-0.45818351944941355
-0.059477360337813756,-0.053971024052381925,-0.02068858916972227,0.23890807298931546
-0.03550582308628255,0.11259998461393342,0.26855580442015586,0.02929367192468703
0.03737375128227426,0.037111981195450505,-0.06311477995216176,0.5210823657916274
0.09275373507081017,0.0240726438306349,0.4338549073427293,0.10179446067325723
0.07825046298831242,-0.05392674714049517,-0.2013542076405065,-0.2838801262766462
0.007102241808958545,-0.10537226825676681,-0.14394810442047812,-0.24361476265560156
-0.02512863618430041,-0.044782957004209395,-0.18330402912133587,-0.11051369109168832
-0.06737351892140357,0.08187431592538905,0.004575680165953416,-0.012612194804298565
0.005620183524401429,0.04751997292814255,-0.2505726914978449,-0.62038782021872
0.12847471059538867,0.09259161681700653,0.3755053350394183,0.03580803768985889
-0.011393252848254917,-0.03165005453674154,0.3430441778883043,0.2503049587055771
0.0036733050753065648,-0.018065415278740178,-0.20327946021184376,-0.44943040635406717
-0.1120640020642745,-0.021097828673544906,0.09019526349239845,0.036441670662072795
-0.089535115652816,0.009350408297032752,0.2086157504884372,0.1779490120303751
-0.004216302644546421,0.014711383919253217,0.1871891737319014,0.19083079671400233
0.026255691815471795,0.0695598357431353,0.21976182290261304,0.20975441265842554
0.03597848621991722,0.010872535244125911,0.16711227678914287,0.24770105154489816
0.07750526665998209,-0.08075246337257647,-0.010121798134284793,-0.078632205965177
-0.00047034539880758813,-0.037365958925748205,-0.10066579402030591,0.7720100191488038
-0.08018860881731708,0.03482388487502379,0.28496833490941664,0.6789051539723779
-0.021541363954252542,0.029411838961701266,-0.11518998980870375,0.2274174732282347
0.011949239656482754,0.1253459175411635,-0.1868579033098979,0.28703830162783955
0.035148072576055386,0.07040037779402883,0.18768549136354817,-0.08328974294482665
0.06479079239342124,-0.062309104397026624,0.20500834764112913,-0.21950745959818274
0.004255994578407415,-0.0565868940371287,0.18722013564085302,0.35877682475835015
-0.17011427652798838,-0.015650691687819098,-0.38133773648839364,-0.40239855693539356
-0.03347424111075367,0.05651525229366605,-0.03258014367170055,-0.08932974027241421
0.016722791685046718,0.05113547913231428,-0.1613978987252942,0.3160756837414839
0.05476066233726719,0.03338815285898741,-0.12951483536316788,0.4457058960799033
0.14405105852204036,-0.03978390291141982,-0.32076335700205416,-0.3689876932619779
0.012454228779775102,-0.037040084721470454,-0.1771464855318833,0.26870999021811737
-0.05938401424450364,-0.09625303662110149,0.05046578211311898,0.5028159548461578
-0.07523576804591135,0.024723120176207185,0.31082213593742125,-0.20900960821120826
0.05218051263686447,0.06310385526234243,0.1654153360426877,0.35983208559421737
0.019671628399091267,0.05913791671530495,-0.10497885362257545,-0.14921355786312124
0.0040272388124084,0.024474836537414765,-0.13947242982498612,-0.2293640738196744
0.07054616367492206,-0.079136472023928,0.40303562710665625,0.2890441029754097
-0.056588911389348115,-0.08318514288588563,0.3003575476920405,0.06780981895056104
-0.0254636666514789,-0.0035051069753418034,0.3114027630494777,-0.42948935412464306
0.004481116022670484,0.0344052732528108,0.23070829638560877,0.06376267550737436
0.03302846092491326,0.08141833517961664,0.30878917286204927,-0.34868963848058404
0.030492978024027385,-0.046503924091802526,-0.1047511985912214,-0.4334213260867423
0.027871163141037034,-0.065328808245915,-0.1466523330173435,-0.09352248451982101
-0.017687884611634876,-0.0777655538755038,0.18144317664429163,0.3483071311237616
0.003250568548963745,-0.007731193398446801,-0.3678894218958753,-0.20731413470898838
-0.04729994248404547,0.05124875734394428,0.19128281284910212,-0.46432497277311524
0.026030879605738712,0.041506993675773554,0.10189353443316988,0.0497613947580405
0.03301271029915107,0.055441425727880383,-0.05591219887839614,0.17951912730273
0.03841989200925304,-0.025494367247771148,-0.07032408836571781,-0.3738574690742665
-0.022158018353959204,-0.06934444108350415,-0.006665526802911732,0.07869192842523298
0.03625353880283542,-0.01629848360370221,-0.14654863885670738,0.13959555937642254
-0.0916183104705011,0.03590591610693421,0.13826763032879294,0.4730539505459198
-0.041269718119714964,0.06222226520555266,-0.2109732886501435,-0.221210116646789
0.09088326593291933,0.013394463235084475,-0.16018036316934678,0.21811561355868925
0.10837374455709484,-0.015925650315530185,-0.15499593684733654,0.2564227507600672
0.016339134968119704,-0.010144952461968594,-0.018361234686965003,-0.23005321230071393
-0.019614058696649873,-0.10213710814649785,-0.18813245271412055,-0.4493352289863295
-0.09532676433866721,-0.019371340753578586,0.2465564107812751,0.570745650838502
0.013425095877079862,0.10157951597185441,0.08055218495470981,-0.01703176987757106
0.048722364199471214,0.038749621837673866,-0.16467225312503694,-0.3090774812787091
0.9048092878278355,0.36322833152235834,0.18505538329647409,-0.913707738308201
0.8506154822523313,-0.5650675192936467,-0.4522929132710646,-1.0589037481216979
0.02623183300009532,-0.9347343762407291,-1.0298385456349493,0.2528729903152416
-0.8197702977934058,-0.5356200239358927,-0.45104537186658966,0.7042879467069385
-0.8512127363904071,0.38553032830368444,0.7490105241167744,1.093768525819985
-0.05520324681574779,0.903966020080437,1.3544589661430102,-0.42951240855125195
0.7173402464706564,0.6275706638286476,0.5213081140673559,-0.73462214272005
0.8804590412430763,-0.28064289595259534,0.14773559350142962,-0.7959135604604367
0.23339786598571763,-0.899685341052593,-0.7250505275308607,-0.08467628478609046
-0.6084061610011755,-0.6549930455296833,-1.0987059180122032,0.5370644074841446
-0.8455234287321816,0.20375237926861484,0.39259061769970294,0.7702614507691419
-0.3293388540753639,0.7997701728868194,0.7478985566157048,-0.030940765637548218
0.4750078334782503,0.7231519235147981,0.5459111190766266,-0.23275414694514218
0.8440013010002324,0.003827896917498637,-0.24511545850390393,-0.5418777367725828
0.46529066614090203,-0.7536064301682539,-0.5363720183613832,-0.5708253235986843
-0.3658191773926154,-0.6946933627647371,-0.7588040151420113,0.46428914755063555
-0.8663532658230207,-0.15846839671345073,-0.2881989850232852,0.6792667053208353
-0.5075051654640034,0.6360675392102321,0.4201980892127907,0.31035036520378034
0.26364501547216523,0.7370381633207346,0.8448471508741334,-0.4324763856087527
0.8076239857431203,0.16011962902006205,-0.08771239922560181,-0.6998742188205948
0.5393916964045272,-0.5937467151747929,-0.43894489315749796,-0.3214268320038838
-0.18049245895138555,-0.7169340682082108,-0.7041582465923898,0.44355222158655283
-0.6856798795886307,-0.2555774868643826,0.20343647635507056,0.6580700133086096
-0.6547714695207979,0.44163661168835483,0.4333731204277752,0.5962510607586874
0.13295589339881525,0.8584292519531278,0.9486311838841461,-0.35691092391671564
0.6147182791692635,0.3570333655047222,0.2550262294269351,-0.22215288064526217
0.6703941492629205,-0.36076963124513495,-0.3093340615281104,-0.641053894304183
0.03930169939657941,-0.6561843844989569,-0.8584873674303447,-0.2773952938335078
-0.5286685485449318,-0.4957629625915019,-0.8826023746101946,1.0124047059689714
-0.6857134481576351,0.301996260103891,0.12678555058225627,0.5934417524243479
-0.19047613984214393,0.7365842744765371,0.6869652067176344,-0.5355194825422177
0.5182741558913001,0.5058063152275915,0.18594252948763462,-0.5093064208724524
0.7384588298203235,-0.09418453348801992,-0.21004492790822893,-0.7913372013060221
0.2662287840036761,-0.6865875843944791,-0.27609360012328027,-0.6209250566973512
-0.3498786016173181,-0.6205172891392384,-0.7039592282366447,0.131961585702991
-0.6599963518058294,-0.005837067406487616,-0.011305261813250311,1.119469256029284
-0.3440312407668602,0.684417887390734,0.7811112593373748,0.507669528646672
0.2613167209588569,0.6131377322111689,0.5779375803404035,-0.5697717347566406
0.713564857429625,0.10712141319478982,-0.09207897068357562,-0.5402306769093115
0.42124709747755285,-0.46573290054290317,-0.8385050110002307,-0.47424462346228546
-0.21240048979815332,-0.631550069041494,-0.7128214597607452,0.1931340492056427
-0.6318051847709214,-0.1310371691365502,0.29352921520354625,0.6186227878233146
-0.5378074153422334,0.4432367171237521,0.14491307745624127,0.4193468358670027
0.12687309322030085,0.5855465414544908,0.3429278111630285,-0.3709476038511339
0.6089928332893791,0.2943593004952348,0.747690014397237,-0.7364242463632438
0.5048672060270909,-0.36970207637595065,-0.12877689895585048,-0.7017832155141662
0.024199023512471805,-0.6246906902456824,-0.5165529107758289,0.18343727482166394
-0.539176708832409,-0.29725347106613753,-0.26413631779937025,0.5204715210467936
-0.5791345454990154,0.2763734698167213,0.2805150211365226,0.6397610358782813
-0.11751097067046373,0.6235605182218036,0.6867956623196179,-0.018345931562518958
0.46091547579620007,0.3840852072789393,0.5535933473238364,-0.4844506307708965
0.5536807691322706,-0.23113571636414454,-0.08298076876818328,-0.29491607147640375
0.1414178717867533,-0.496157508699447,-0.32672092573037753,-0.5941682829084038
-0.43922659986686463,-0.453825050831172,-0.5178513619277147,1.0960118556601766
-0.5198654064244996,0.06100064434596276,-0.17480360837426323,0.7166795191836617
-0.2072561071995714,0.5353745565662182,0.953403534345767,0.26154039997005996
0.33565104236410054,0.49375468639661413,0.513513314134775,-0.752351658735044
0.4725678734181501,-0.07528191566149867,0.0885314841908641,-0.5776548037515057
0.31315676537004083,-0.48731210196576696,-0.5459618756348935,-0.2940231617153405
-0.22454038126795056,-0.5191911754856944,-0.14553499528735525,0.23677879200818264
-0.5072935320282791,-0.12740273629343757,0.10860344666334454,0.8996438254569877
-0.2846867262552173,0.4618693331647123,0.7877891664223714,0.19552440435871538
0.18535067388600254,0.5275660664423876,0.4659700899481668,-0.26728292323305036
0.5028317443202047,0.06249378251772446,0.19845121080692169,-0.8877667735193581
0.37537024969736127,-0.38213642343383725,-0.7482545924098055,-0.4758015290150072
-0.14416095733175333,-0.48775872645191276,-0.34860743965852686,0.04758831976329758
-0.45427108115152653,-0.20789214720408752,-0.15973965859798683,0.43699831528014266
-0.38421609241122473,0.2170892771750622,0.6471211346768763,-0.011528933523980434
0.039559726970662484,0.5562307679227997,0.6851849074810348,-0.3472085437408523
0.3683239980760197,0.3071012380228023,0.6200841062571696,-0.5789682467969729
0.4284837251792996,-0.206437648915934,0.06370391863329078,-0.2534906359313782
0.05944387512293947,-0.43831806344534285,-0.2403613196720782,0.44600802095281056
-0.37502792054794304,-0.25258362948891955,-0.07152329011404807,0.4942199742383521
-0.4374835812533647,0.16125282225985205,0.44542199874048255,0.3534679441856016
-0.12663990741163839,0.49642326979609613,0.022156692937930073,0.07999122297811967
0.2780662309793143,0.24546420526401735,0.07710242805531342,-0.7055333060829513
0.4606565652482895,-0.07878838964260833,0.07460353791679669,-0.25265177034502373
0.14181654450916312,-0.4193667469934164,-0.31792706307105706,-0.20779217775100361
-0.3012431391269352,-0.3812448113445557,-0.3047682916588054,0.44499992066213717
-0.40629839951497937,0.03431268109649117,0.2949270059299358,0.818465860182882
-0.2489015193172833,0.4233880684002621,0.6316299237805879,0.5779065429919763
0.2537747754157426,0.34604403181942983,0.12903797623364757,-0.7902563429977224
0.31291556731250747,0.057421116771917795,-0.04366220597756154,0.07197411551480913
0.28322717886846005,-0.387839106581413,-0.850237649777564,-0.4133582079123932
-0.13668744896695922,-0.3754737540078674,0.033114129087755684,-0.10799793359203169
-0.3460345893398521,-0.12198151654505221,-0.1444168966697032,0.381967323341923
-0.2497869380537542,0.32879847517431465,0.15279733355579778,0.433668066597436
0.05432015642934085,0.40678685999537323,0.5675307469089381,-0.13380384819196595
0.37275523905620783,0.225352069653013,0.31911185899520744,-0.2667581525690482
0.35509903169435986,-0.1811427069593264,-0.26129199346695636,-0.4499679153062347
-0.04142133633666604,-0.36673800268730217,-0.4736742077779011,-0.00524480007785183
-0.3446238016802066,-0.1899674823593842,-0.052554670407101434,0.1387254635966427
-0.3282973544022587,0.2423578160336235,0.191902663202336,0.41165406339482885
-0.05116258715427814,0.3706920762588414,-0.2815173472686164,-0.13371002706078688
0.30978599498926507,0.17969768917430884,0.3457517487346526,-0.11959612739793762
0.38533838098314865,-0.08083159211042115,-0.30393072364941487,-0.4108663296029161
0.08890634797541788,-0.3622517480735252,-0.6497535301308013,0.6649335566816583
-0.32715803645587566,-0.26522028004643927,-0.557368375849255,0.3554685511850983
-0.28659963413628564,0.08008231081995827,0.16497447800280673,0.5353519675920079
-0.09473619971051489,0.3075481635804598,0.4623184966486628,0.40073153347953805
0.17078200418988043,0.30421588730774013,0.026111532875613824,-0.13762149961353665
0.35587788118736663,-0.035389340317072554,-0.3584533852128771,-0.09860350459896906
0.17452772640136122,-0.26813094448389074,-0.4915876736120582,-0.4273809654658864
-0.17721819548718956,-0.3867318799542807,-0.48395316987976006,-0.1887374576338688
-0.3708649067981207,0.017817917299894005,-0.4330013037467892,0.11631015757089591
-0.31145729962844326,0.3176437576257062,0.17854156136607235,-0.4066742256391717
0.07922604368596545,0.34245901654944677,0.17653728934925997,-0.5943957847626843
0.369368768694529,0.07895223947650334,0.5411348471755778,0.1520753717556641
0.23298515256567226,-0.2481572348758064,-0.8727821248528097,-0.03570243759484282
-0.02965925214886711,-0.3024987098406331,0.03047503084159124,-0.3037797732582939
-0.3301357265322807,-0.04071202885709409,0.2563923529991366,0.3173554596636725
-0.24886877189988807,0.14447635320349242,-0.15192916705230305,0.4901908460245789
0.023877248720626906,0.2998204552283255,0.1650490700170632,0.2807552946063324
0.3304811951240583,0.17477593433402502,0.07219714937841598,-0.19608830401923585
0.24749897177290414,-0.16265597129038373,-0.46957503178458215,-0.20784439825602552
-0.018364037016042375,-0.30417757833404246,-0.43738253959658024,0.11733668026607025
-0.22588854007255577,-0.20439954960063098,0.2185348770578592,0.4470532825762
-0.32686072974490343,0.02392906270054669,0.510790353315932,0.2803862315604997
-0.12792742796005724,0.299860248934597,0.24930902626686194,0.13084081998117364
0.22303218449559511,0.2992930777232581,0.010253146486271097,0.006022258173417616
0.17065892031343638,-0.06530466817582792,-0.12490884494873539,0.025225989984015082
0.1120512951158896,-0.3334251969015237,-0.7340063861258922,-0.21383832809541828
-0.1755310793719351,-0.2886702913403586,-0.5042350369934889,0.046651395008055624
-0.27501207498024993,0.044107445286938524,-0.02626960526191463,0.04765259540555289
-0.15631359372581813,0.28279440662938277,0.11030985396477226,0.2502647505035954
0.12333900264186723,0.18806152583992583,0.5829476537161593,0.12072437484023105
0.23482144273792876,0.03329262961914918,-0.12770785369072057,0.0028321945240142657
0.21788248845659103,-0.1733936236745261,-0.4852014814599241,-0.5793386143475363
-0.09597246182909414,-0.25047590510470613,0.09984204127921774,0.5125297511622182
-0.28264253269972944,-0.07870303916176265,-0.23398485720584006,0.2043672451205384
-0.12233594947966359,0.20178026675602614,0.40695692626965624,0.2712337277435198
0.01148854508843749,0.23562708168559476,0.09639439496009969,0.025561418533194824
0.27085785794930034,0.10541374018227595,0.006732403704870632,-0.014923438342958409
0.20097249821509652,-0.14172387335967815,0.34518105634211466,0.3100514961820162
0.017390305855970796,-0.23659566882902347,-0.08179607603043235,-0.6595718066160151
-0.2798066759057689,-0.16110518363583798,-0.3862059691203294,0.3337556661084834
-0.24016446085548174,0.11159472990608861,0.4490928273071544,0.389158315009714
-0.03335031606972628,0.2461053439095056,0.436056092143062,0.025450676539213735
0.1791816261988446,0.14188843667727033,-0.20187967497540524,-0.10639005777249647
0.2033424365218016,-0.05097332166730499,-0.3807540543320137,-0.34723852228117785
0.07603583443714423,-0.30479359948370205,-0.2254105362078422,-0.48463796040840623
-0.14745108583705852,-0.0753322894085017,-0.015444789838461315,0.5376515375982253
-0.20858300607822688,0.10012968149961449,0.5110364471104306,0.426687078818151
-0.14432384103868673,0.1858412544916499,-0.14757266560665064,-0.2873755832796815
0.14591532774449179,0.23949719333501887,-0.028115559867199977,0.11453976410898112
0.21703452098458276,-0.0985909627246002,0.0432649736983394,-0.4758065576764948
0.03420415746264814,-0.18796773717441073,-0.23378126225894885,-0.1608563499134602
-0.15705570788107942,-0.2214762163052057,-0.5359977589642126,-0.42923480536426845
-0.2623486010893744,-0.07497629517395227,0.36644252967320445,0.35456450286991725
-0.1205798829005631,0.16808066840258654,-0.27327637938801724,-0.288416815809205
0.043920917489714856,0.15089595138555068,0.5420877608585359,-0.015448179202508794
0.22819184458123495,0.011540581577993234,0.506635321504634,-0.8752893195251132
0.11868497804552364,-0.1556342947620281,-0.1884551844673113,0.18147085116438116
0.02486635602481533,-0.2043495295463283,-0.2876409027791898,-0.17090109827838873
-0.23412726678194626,-0.013316571269988906,-0.08510252536365531,0.4513468478357499
-0.17145718894393264,0.19921160232311347,0.20467507062558107,0.32836330081083537
0.0032942063616829033,0.24861286195472942,0.18521321799643767,-0.5005862266187372
0.19822673017198217,0.17957649197508274,0.1724300702193772,-0.018619290675699895
0.19997808965117184,-0.08597313899361747,-0.09280166506701784,-0.294684189369476
-0.020518107617795885,-0.26159819108753424,-0.7619855594319086,-0.25729605261484073
-0.17466038399918854,-0.049813308054547964,-0.019678024627138996,0.25712784502338565
-0.20684036189620647,0.11121872343561037,0.4942693338418348,0.664189915090562
-0.034394422678321546,0.2627303154597658,0.36045466746279786,0.34314146518653277
0.16666533595860372,0.19279471977877968,0.38616502773263633,-0.3814121843519283
0.19366688632913504,-0.06687157815772483,-0.1710677477645542,0.2658394478361235
0.062036519109918586,-0.18546442089358534,-0.13022805349748748,-0.18035406400587373
-0.1418162676362646,-0.13304461226698017,-0.461760628564708,-0.09397710043097168
-0.19837719141930593,0.07137204194865425,0.16052709111892605,0.11674021273995999
-0.04680287013140744,0.14546470266458614,0.33296821824763956,0.13309364858334435
0.0767406769045194,0.12231363323898023,-0.10899260061501284,-0.33394969011256753
0.17312748309452627,-0.023635835391260403,-0.15362084792871752,-0.12552155285241998
0.09889972487246426,-0.22365905915495765,-0.45714308019832617,-0.1026248135535724
-0.10365493988469744,-0.13870756255872996,0.4210331205748903,-0.08310208900353472
-0.1957173182024431,-0.016699532898023887,0.16925562163292682,0.21996180033833154
-0.14931602900720367,0.10012666741829394,0.36485404737413224,0.09727266330959092
0.04901561397624111,0.21594518267330134,0.20005287422036,0.23311959597826726
0.1260583104394996,-0.06155532316875458,-0.044158297844080624,-0.1441773536817114
0.12141535091289878,-0.11423822185422698,-0.05554862263224512,-0.6638277198757847
0.07639489340993907,-0.17743525100847965,-0.4891928180192609,-0.17590529982751033
-0.09881234675820777,-0.06535433528297964,-0.04150369121141334,0.20442943737181654
-0.11580826242783832,0.12086598764089809,-0.29871441131156834,0.13684868863471325
0.01136618640892388,0.09819925979923738,-0.08214851657098511,-0.19310289845353407
0.1264964935855838,0.06214717075952377,0.432698524968119,0.22528232777803808
0.1427811167301919,-0.12725197122388848,-0.20562384173814535,-0.4366064702527216
0.00220514130806191,-0.1257853705159937,-0.05955588011103661,-0.06236689163017159
-0.14953912394560093,-0.13180038490234983,-0.1803170315790147,0.23590109537326326
-0.14673999154156644,0.04287935787345162,0.0022224216609238734,0.3347391773471392
-0.05164031772325618,0.1840639975646301,-0.005371137430587938,-0.03928695183554959
0.0783358195592427,0.10166141620028973,-0.15764049833774124,0.17350188861726823
0.12129130484078673,-0.02178429956271508,-0.21936592665272286,-0.060647359664329076
0.09168275157191208,-0.12464938503924422,-0.21685221153877804,0.31477555103270755
-0.062354644624653975,-0.0852154107933692,-0.6826276097194212,-0.2476468590064207
-0.10743373972246309,-0.024477665999197533,0.29966240726676485,0.039647087178851875
-0.08134207244028048,0.050904905862578786,0.36092723640277496,-0.2163009739845019
0.0043027094535141724,0.14431436126350985,-0.005324948546181936,0.20112989292972844
0.18970067612193126,0.038227604722382465,0.1991441361483074,-0.2842715009577732
0.1260085466252616,-0.15638402709630095,-0.32811120379488107,0.15033716398246513
-0.018803765187211455,-0.189289722387176,-0.2169163523815814,0.07955146992394066
-0.1273754035616419,-0.04268008270841443,-0.07254925351536282,0.26535766627421
-0.10488152295573765,0.05024581980765516,0.765094002904434,0.4658797768208388
0.03024858779606686,0.14562293825972208,-0.030821489243784556,-0.16806447319796317
0.11840721335355721,0.018286817805358867,-0.07626456217584968,-0.48704299604652096
0.17074310211742166,-0.0634414526581118,0.24045991696225677,0.04575223718398101
0.058332840952846625,-0.19373090882452623,0.1216747887843088,0.6730940841479878
-0.11766474787360671,-0.0427516284908792,-0.43100230939569145,0.09787459129386965
-0.10055953337671156,0.11203166246194174,-0.06765698006892744,0.25217254065546696
-0.0541146054934506,0.10385021573183784,0.7157000931480668,0.06434218094250821
0.10362446569441572,0.12585118768244022,0.3159578105945666,-0.32699301471885167
0.1389407356381926,-0.02862485122877472,0.049755410753106605,-0.2569957085808917
0.03927098773441139,-0.1498914868359689,0.14705925770045802,-0.05606493551431224
-0.05374700948059094,-0.13938809769495236,-0.27652246490043786,0.1560405529921477
-0.1459911376137913,-0.05278163559063622,0.19384622181489106,0.09518710212103376
-0.025066124110455595,0.12337626315716499,0.2897451382359917,0.23536031693177506
0.04656780428243363,0.08365359802796195,0.13018433171033703,-0.20534282358474917
0.138731120035204,0.06860711302408176,0.1851874352351309,0.24312908850331083
0.05979688278848576,-0.10872525150425522,-0.017467155733942932,-0.4143661709932176
-0.08600774276268343,-0.10046300060185637,-0.3463842287325576,-0.2807484423644907
-0.13236637343713933,-0.04073490482267643,-0.41212508220773725,0.04534075985810527
-0.08126221282059176,0.13336388331402066,0.3339129129550375,-0.12312731836226984
0.051581135803440155,0.11201454141246894,1.0813914162422007,0.401931947779752
0.09707594558973295,0.08796321945676883,-0.34662696453389624,-0.3127260508106136
0.08999893401732538,-0.06320387974236605,-0.1963090258405766,-0.30871312598447626
-0.05104794178690686,-0.17767655934172927,-0.44081234545989695,-0.27398840348240794
-0.12474580013691118,-0.08519615616505598,0.491750675806797,0.31029917733953843
-0.07499209114298135,0.0323441987144683,0.21477282342249437,0.10365896912739696
0.028958537731482634,0.16699786092782087,0.22586254907156184,0.5219455831333134
0.1682741796939422,0.0879334831879599,-0.05946945939323531,-0.40982245573776127
0.11304758100133169,0.0026568699792462805,0.19801201200658036,-0.4037288000655613
0.08863318749583729,-0.10120188829022436,-0.12503899687116823,0.17525856364128697
-0.032601250926000934,-0.0741544704161389,-0.48985722435885676,-0.010906420073942338
-0.14786081438653093,-0.03414398937279095,-0.03591345411142775,0.12979277760611546
-0.0547892213076101,0.09258258413427113,0.41436511746557336,-0.05186659120632098
0.03637901263806673,0.08071821299162733,-0.1651862555214495,-0.05748460715702862
0.09123158473860671,-0.025487364697079032,-0.5027584388053897,-0.1314564971440014
0.11287746667607781,-0.09744105092561517,-0.4393035253113206,0.01665040581582563
-0.0011978095983683074,-0.015385572051008142,-0.2470820180952591,0.22195770147829552
-0.1084794955725345,-0.010326447958865684,0.0734905643234521,0.09877242684989505
-0.07351849871267857,0.11621075652155821,-0.021007474049918387,0.4115399727928759
0.03237133355179865,0.03921075637743173,0.1758287161388982,-0.003644609677515148
0.09645778375917288,-0.07696472309292413,0.40855515621689725,-0.10039522020971903
0.05045160940032673,0.015861597927256457,-0.10612078020390603,0.299469232464654
-0.027179072160694085,-0.06433231228023045,-0.26847495803669214,-0.02609471673538956
-0.15035467309914666,-0.06750060789271047,0.19134141163607335,0.03609285123619248
-0.13036407386702084,0.06977522543180582,0.12105484213627199,0.08696870334175426
-0.01609175941316964,0.0699025428767169,-0.4138001284230675,0.4924403200454471
0.10791647395276784,0.008317039031438479,0.26141437519985744,0.21075182398213196
0.07227268866584731,0.0369571755924546,0.6278349003335363,-0.43044447643167205
-0.034940009280666935,-0.1015674726922513,0.5017111187813811,-0.17723037578920978
-0.09014935965468303,-0.04638641407086735,-0.18722210035454145,-0.1615797687687172
-0.04168923860687224,-0.023257237514903356,0.24242721538154438,0.033522337876695694
-0.020314060396376312,0.10927613218835547,0.08551643785889922,-0.11118519055667311
0.0836035979383517,0.01865384792568866,0.2146365228764508,-0.036093848693421124
0.07155448229872213,0.017788966579489435,0.07493012420303834,0.05270127163878429
0.009562582427819639,-0.07169691629004558,-0.33877006502674545,-0.3432778567997389
-0.0006877002882329855,-0.11038060737146581,0.09943961664406982,0.09850555149867743
-0.07599808838903593,0.009820932776176492,-0.2939761452937341,-0.10348023763449167
-0.012149399010572656,0.14146602915589435,0.3484185003238453,-0.40817103808439653
0.00587680270980602,0.03150314946428082,0.35666774752908975,0.029792046829686253
0.0988315351605864,-0.02927425289460535,0.025629767377549975,-0.5066902451950819
0.0008127602746896695,-0.059384778640179235,-0.2704287290576999,-0.07215230489716284
0.00017717279931322646,-0.0871496841686875,0.4652938881623235,-0.3325338724772937
-0.05096977006091071,-0.01620644736180573,-0.29133912010955654,0.012812162057509267
-0.02618389549637842,0.01719384078279087,0.5516897017429613,-0.2399616010168309
0.0279206820918889,0.04777154516060193,0.35506208689435037,-0.07237655902245586
0.10048474242067712,-0.011160219808889982,0.395736042877645,0.13673229539689621
0.056973195305354295,-0.05216734074205284,0.10938188857017514,-0.31924257471344375
0.015319718088786271,0.003384558737584989,0.5054267602703755,0.17367928027720123
-0.036037822352807364,-0.08027860998437394,-0.28445564649323546,-0.23620065062040785
-0.04052730888373476,-0.016570318101144753,0.4039765381252877,-0.07617708377912198
-0.05875720804544804,0.03986965727480432,-0.31683941791790277,0.1801910897017281
0.04234361927991394,0.03715437981317265,0.3072397951638926,0.008163048626088475
0.07165912610981286,0.020619253094037136,0.07083868449616948,-0.07185657021070715
-0.013472480932229877,-0.037812935112280247,-0.2613541963804878,-0.2894306034848222
-0.008714023509426447,-0.12051760183932814,-0.33085493506694086,0.0224055099711451
0.0015716950578691657,0.058376732115446084,-0.3546117763403034,-0.34624269459321194
-0.038236760338557274,0.0272096744898645,-0.29932409892833983,0.41318768283414176
-0.01598990669738934,0.05140249269112449,0.29837986588091225,-0.8377196741231204
0.12448763306789576,0.005176428630346508,0.38784820812797144,-0.1706412326108083
0.07215003041920118,-0.05748390129085805,-0.17341804766094732,-0.32518024094744014
0.013735955523114123,-0.04546874822313278,0.12277893195361725,0.14248099522943597
-0.02394697506164379,-0.028656448511080165,0.31908970327734437,-0.15918463225364562
-0.0736891307328641,0.09917675294578876,0.34251910260855456,0.22448357342862568
-0.023405355327172528,0.05116370371171644,0.4266404060029061,-0.18689990863242634
0.015177836367545827,0.07691398162721529,0.2802439545971432,0.19943985183371093
0.06312616808029077,-0.062366185331589934,-0.15575940232328125,0.3371196862795985
0.013750871055506667,-0.08787003877457465,0.09944199084044432,-0.4588702209784288
-0.1175838017528591,0.012922110659991597,-0.26228282043255347,-0.07860876949031158
-0.0817469496780219,0.02912608895166545,-0.022058229317055526,0.34849585232566993
-0.05776129941020635,0.055985798007870596,0.2504055823806636,-0.17770727791113292
0.05350589485094532,-0.029681350373240635,-0.4061693887950639,-0.320071771261861
0.10989568441760586,-0.010883073128567837,-0.1158471731928062,-0.3462616251558743
-0.017805726443301185,-0.060966087246609076,-0.39948204647847857,-0.12169890654276566
-0.0027739103338307383,-0.09074886654727671,-0.11443256524641457,-0.5748336334180857
-0.03168978526061533,-0.07243627698004967,-0.16428239752112633,-0.007076947622158044
0.007475154890716608,0.03848060380915664,0.014597071231043039,0.01709242832726405
-0.03291618751878756,-0.03976244195307601,-0.26491025855894634,0.23651628506274328
0.0899925077361442,0.02191413804511881,0.05275872247824179,-0.09629226688791834
-0.01813833408875073,0.07612611133956028,0.06706970518263737,-0.3026815896340838
-0.05085016360217456,-0.09044691480934061,-0.10390996026928716,0.38618589590869346
-0.04690111067541586,-0.027261241752998877,0.3399472997378285,-0.02948512111765698
-0.03905976444052468,0.06547948425226,-0.0622333312990672,-0.11695242404959207
0.039906296535760756,0.1409235787772798,-0.025031299908375992,-0.057769943102876434
0.0688242651844899,-0.04453527458793585,-0.23818334799156043,0.38841851405581646
0.03814475686720565,-0.024792977300426483,-0.5585807712762767,0.1638669568111223
-0.08663462378428488,-0.05415239082520598,0.18203226796846286,0.27268399941352445
0.026840757894636656,0.04899297260504082,-0.07700839559592207,0.3649524350334654
-0.07415502906118439,0.09333490403247284,-0.7515605613875503,0.11100819001502497
0.02560012572889879,-0.01845625659121676,-0.06297028433856988,-0.03798272730580976
0.033751850430036257,-0.017547134848424226,-0.07196365595827141,-0.04524837746986518
0.11171587842533406,-0.03497321413073954,0.2670752294555571,-0.3858198758740751
-0.020260905681717005,-0.09841314715682213,0.16665085671456165,-0.22167727895836778
-0.033975659109939285,-0.05296543026533306,0.19020212306638856,-0.06633630281946258
-0.07134036885721304,0.01338268729901722,-0.0779268993262712,0.35963988041196054
0.061521236475153195,-0.0028922205265424494,-0.3814467978840728,0.11241354730983685
0.7118038921373664,1.1357767305628614,1.5185744020668912,-0.7906285218838405
1.3826152030096717,-0.03729286966324934,0.5502468112431991,-1.7712678464787206
0.7924975160009547,-1.1514152606737786,-1.3840490270092975,-0.9693183843349096
-0.5830865707645084,-1.2182078817783109,-1.025167108248818,0.2540164693231617
-1.384586655296146,-0.1695808169054046,-0.5155099729677604,1.1332655295339475
-0.8642891504819475,0.9540825017914049,0.7330642977315455,0.7015448800474244
0.31682081608160995,1.3811235813403788,1.2142373136451698,-0.4200730308769596
1.3269531958437721,0.4095621887035068,0.37074793706539655,-1.4836832375679603
0.9802275424172213,-0.8386773816460817,-0.6542097245949513,-0.9926298476552564
-0.20120785041438274,-1.265497077614117,-1.0607948466845096,0.12292471241309721
-1.1471728934385554,-0.5629965133899703,-0.7292837748906522,1.0649601189438092
-1.1034344340277977,0.7395874903680986,0.7324061360603396,1.1610031806287284
-0.052320837135785114,1.205684330406696,1.1701147341669411,0.41640286353020306
0.9855851628623348,0.6180204581898665,0.5682721824998399,-0.6582545464543366
1.2095305430620995,-0.4474799013964585,-0.21020037827533034,-0.853364835326349
0.18063181336648226,-1.2293664121576489,-0.9727179448273712,-0.2593506410961177
-0.838429743346593,-0.7391305634117058,-0.9703166786813394,1.0516364357246233
-1.16913314782602,0.325947299050412,0.4278578228956087,1.171528593014952
-0.29540961275256694,1.0815008283179175,0.7256768011067046,0.5269975032001406
0.7999951140733574,0.9270282880808713,1.0864334676872922,-0.9777038027977314
1.1491942183733899,-0.22825073922907305,0.11663537368155619,-1.5168734808959128
0.48841867105734604,-0.9987412516460366,-1.463607783404144,-0.3397240054314421
-0.6182924276772673,-0.8588309651995836,-1.273733710667971,0.8772251022582778
-1.0584460514847511,0.03594096341257258,0.00683101530492225,0.9686377450238057
-0.6106533358549102,0.9579742825094957,0.9899222654318942,0.6330229702418222
0.42257108277569855,0.9474370033036741,1.4109422070614637,-0.5862444138736655
1.0183108137497279,0.23053910794674487,0.36160789029674456,-0.9042459366472971
0.7166850928133811,-0.8631814167584668,-0.8274335240823494,-0.6300689033320278
-0.3643494474912743,-1.0328036061593704,-1.499015607398713,-0.10897255135453698
-1.0258339381568424,-0.27032128651921816,-0.1337532883184539,0.8324364248127856
-0.8255423691731815,0.7266323618125773,0.7170047395173085,0.5945415774378798
0.15756745904964028,0.9950922346936275,0.6763023559603942,-0.220160919457989
0.904801964728097,0.45651110570392944,-0.1732135149092101,-1.198434189029002
0.8719029507645261,-0.5084097329438992,-0.5457181025724239,-0.9643018626273364
0.006420244957386205,-0.9913719243235699,-1.1726811686363716,0.4272017506551812
-0.8321265125036692,-0.4994546987228184,-0.9099075350798103,0.6977360662842313
-0.9243541999310789,0.39792317625058266,0.7733336518969025,0.7741700578830868
-0.11804815685750933,0.9070234162334107,1.180388417490173,0.09960087718566435
0.7428598015223975,0.6774413167923581,0.44101162718316156,-0.69717166288292
0.8976650298234098,-0.26834927403280207,0.33733420500704936,-0.9533829284857864
0.1343765814653358,-0.8693863976692952,-0.6249951447512478,-0.09536610881997531
-0.5928724955333705,-0.7950914124305188,-1.118048743500733,0.6161200952598472
-0.8958537328536132,0.21336072370838194,-0.27126993403101984,0.6447742847101607
-0.34753323684469334,0.8743589276551088,0.24694860866917134,0.82807272732973
0.5949263042301056,0.7940129588694478,1.2757598559800387,-0.005760547780342962
0.9345190895133271,-0.05872691710401791,0.4850755942811552,-0.76011016940717
0.511256536414479,-0.75931523427523,-0.7593122915472891,-0.5959283359289197
-0.3436355751036479,-0.7667454123699428,-0.5582065469470118,0.2201095308175649
-0.9195590189073131,-0.144913546637009,-0.28843922540796985,1.1689574309822528
-0.5928009226338564,0.6325271453664573,0.4848564553265544,0.42372711398265595
0.24731623790447904,0.9038399917014193,0.913467505734678,0.06136062590381519
0.7774903901316516,0.16726680247435846,0.3436061297262727,-0.85684481571729
0.6128693432099455,-0.5410848034706546,-0.8240182631364151,-0.5343439482349355
-0.18038605192041543,-0.7936413883330417,-0.5179649276562942,-0.039924905316271464
-0.7023467225635829,-0.26902059711960247,-0.641642453545066,0.30137198814277455
-0.6821440614182336,0.3880582328349357,0.35615127501217037,0.9861730763675441
0.018835132907575623,0.7683772282806597,1.241418833741823,-0.24488039687558472
0.690773136019583,0.4383729543754798,0.844103505194968,-0.6600413598893268
0.7780254715128623,-0.3486656095598712,-0.2764597812295866,-0.4062910976146403
0.06363319605662893,-0.8127829069219181,-0.635885025179648,-0.09006242045229429
-0.6057938815572231,-0.5508511590047389,-0.8860800552782183,0.4743763515836316
-0.7810131496044502,0.1861770353635228,0.1612548849626655,0.7769709552219629
-0.15016213585841595,0.6827249002437716,0.3991816824178718,0.5277721481770903
0.4994285780446958,0.549729727154355,0.4993760199437025,-0.4335565879005687
0.7280333227336361,-0.2074611774248629,0.08131915607227647,-0.7924271774445829
0.2415880921891974,-0.7293631524258445,-0.7315276402924762,0.13239833019146274
-0.3913777392343662,-0.5713534937587447,-1.1248561008120666,0.4441873509868849
-0.7275051682946184,0.026514013858240787,0.359496963719782,0.8961969829778846
-0.31770523366259673,0.6369737179807168,0.5641658371893271,0.8260459716567503
0.372146602381197,0.669036841498644,0.36738698892201244,0.23523294027944452
0.6321353510265088,0.0950853194896095,0.3910340635204096,-0.37174118321746813
0.41674961802841726,-0.5490941093779721,-0.6666971837088242,-0.9891558656927915
-0.20931627193866176,-0.7054797326235298,0.12855814076246808,0.3810804270348722
-0.6927056061727932,-0.2045230586260693,-0.2622473564213651,0.2827126883516436
-0.5218832997508316,0.3975727884370446,-0.016542808334234493,0.6724332408802477
0.1130911242253987,0.6340801826650333,0.9710563248150065,-0.1408487054740598
0.6509645968493878,0.3395732905224356,0.18321383359983123,-0.6163558824801987
0.50471250898961,-0.37851647830017476,-0.9339976609869394,-0.20162445215831826
-0.018342794004454717,-0.5949476227880534,-0.26944653429467647,0.1048121908399191
-0.5017423096424208,-0.3052369739852235,-0.555407610528277,0.5607340923945772
-0.5150170343746627,0.2559129103268295,0.4255211093558814,0.8571621975796101
-0.10155789126102371,0.543606133545101,1.386598654717186,-0.4321977029670693
0.46990908324139524,0.38654650397984597,0.6464495523025632,-0.17419366911271467
0.566792618133646,-0.16845339876131904,-0.2017270259590742,-0.7192990217815723
0.12817675251327293,-0.5704274397279444,-0.40764546044927463,-0.3854054157731829
-0.4238375567620783,-0.4328877265090014,-0.6570838263747499,0.7780149668462449
-0.6628932895435847,0.07971558073458615,-0.16788406006808032,0.29914981204194696
-0.22850434233092373,0.5440472049998429,0.7147323090424004,0.4447323573176931
0.35476076522571415,0.5154265594505634,-0.06389513317137191,-0.3094708287891437
0.55760600779372,-0.023776900271039313,-0.1409707728651588,-0.5426449823058289
0.35982235328458195,-0.4428398126717171,-0.490614344095696,-0.48546595213808913
-0.24479424397454888,-0.48379690474579695,-0.23643231018249805,0.5454326480581534
-0.5726113614599635,-0.08745147993110816,0.22887192477340057,0.3703650485247321
-0.34835447668126124,0.4314385101819514,0.5899279772033558,0.14726383302448937
0.22723307252331712,0.47313903839719945,0.7470352929134996,-0.6462824630541699
0.4548636832583991,0.12228329800275196,-0.5698111846192117,-0.409643324453806
0.4537213732086786,-0.43117508014158246,-0.14942234011366795,-0.21521728313361965
-0.03164379865590465,-0.534086336755267,-0.7010027046365831,0.21910720768841152
-0.5140325331381413,-0.13089119349430012,0.6432114777292264,0.4750392603538747
-0.4676110335038659,0.2834688147412988,0.6970111727620221,0.5147351994582868
0.015101039464099221,0.4904433694560845,0.8413555319450202,-0.02187544311892664
0.45827241608973773,0.275019881049419,-0.12363126338183178,-0.3293059528935538
0.5044279864483501,-0.19707007486562667,-0.2015468102368037,-0.18628593304792745
0.06043631649371706,-0.413869201535095,-0.5522323400870822,-0.10636200280066788
-0.3862803605794379,-0.24260592316434026,0.2415905986401748,0.5003776203434246
-0.486335320011763,0.03953340202558063,0.09044177587674229,-0.2671739991645522
-0.13559626860711835,0.4351521835078604,0.5714043257438528,0.6435003187885787
0.3534222453811479,0.298124310166572,1.0176575130344252,-0.4774561435670571
0.4647172603420293,-0.11165182552636681,-0.5650799024633524,-0.6410072369442311
0.18328528586340653,-0.407476053270742,0.10290287806514115,-0.024372853158151075
-0.25171143512473665,-0.3771301890835991,-0.3392931073291708,-0.01849812546483559
-0.5211607007359458,0.06459718620216731,0.013178047298521012,0.15342043952396667
-0.2661303332997673,0.4165401792688104,0.14702360771194314,0.2305719437414394
0.19685808773106328,0.35815035297547154,0.8392986291271954,-0.5015226245373777
0.44980553594353434,0.040908705494199726,-0.3307793693529651,-0.3245525184863887
0.3256347288314604,-0.3922016436917332,-0.24764589616684513,-0.32716584716349667
-0.11248002993643547,-0.41569149297814634,-0.43876436133067076,0.0704595344668385
-0.4087852936770736,-0.1522528833147616,-0.11228007841381449,0.738314066238146
-0.41534886133188054,0.31040556176984474,-0.05370095361986266,0.7538695792327238
-0.0037344413306920066,0.43014068698837016,0.07683899714597806,0.511827482678577
0.417636267727158,0.14012769013887133,0.164800095620925,-0.40507640475100887
0.31419925092813056,-0.21212407488557247,-0.4678467203226863,-0.02953777149652448
-0.028198290457865226,-0.44781800953325196,-0.3870059087952727,-0.03321573857374999
-0.24999150908106005,-0.16120577288203713,-0.5339344508336132,0.3463956843745373
-0.41056235506400757,0.15503254274792538,0.15589633706374395,0.26145574284432427
-0.010738255464601255,0.32877186950684023,0.3047150223461393,0.14885285303969847
0.36751464689490937,0.22286809794307433,-0.05296363374434426,-0.3929702969176961
0.37479639818269406,-0.14278937168140454,-0.09741963710019119,-1.3160253538084876
0.09322893003647875,-0.3611432166217153,-0.5428452000899789,0.030681087766793458
-0.278577744972883,-0.30158866700372144,0.22008346674842028,-0.08002012747551718
-0.434125048409193,0.08935381215184422,0.7613366591204286,0.4638376722626336
-0.18623126463669024,0.3335455731208576,0.2756329529574598,0.02519252575720221
0.1936546378062115,0.25849120784510815,0.8552054558519124,-0.5116100796881016
0.3971145142384912,0.06034231883602591,-0.07204291337562535,-0.8824793003997725
0.23518619550662673,-0.3036397773444079,-0.952798834673767,0.18339759432768277
-0.07158620538345913,-0.2850697767623592,-0.5332083373611607,0.007557042916953027
-0.32144013341483846,-0.0044643759860639246,0.118327841749572,0.34607241220031726
-0.2154546211623038,0.19295949475559798,0.33160317396521893,0.665237647272609
0.10057554059605225,0.40113320757438,0.279343311806651,-0.016789242540600213
0.31526548745686384,0.08131768623860874,-0.4183746428611945,-0.794739633427406
0.2669157462419064,-0.2674750156023257,-0.7926756826374289,-0.625447660044551
-0.1100259731874908,-0.3165367740909095,-0.287356554261002,0.11589190597654037
-0.2758356705006991,-0.18343487183077722,-0.2553421956794058,-0.11411711428562565
-0.24875535957249786,0.18533806919478604,0.5094805399940185,0.11618709474608718
0.006153485516699284,0.254801977474992,0.5492710771492654,0.28601257933187435
0.32010989339149953,0.21064725906654624,0.2109664108370285,-0.2780754544873214
0.2674773519265301,-0.12632033258008604,-0.11958675152877851,-0.508464547187884
-0.048810214415918485,-0.3646991094981655,-0.6097584713598654,-0.5633662319265004
-0.26523719503052295,-0.20349200163937312,0.30695937170351517,0.39879935399109145
-0.2508113815279801,0.0968695029434263,-0.09747377901105636,0.418554977480046
-0.10869152013647117,0.3071707046628386,0.23022284593671705,0.48244105926168207
0.18781381906379002,0.2140469967467612,0.004320508820524482,0.29586294494005694
0.3421728405115512,-0.013255512046881038,-0.07903055652795005,-0.6237497775203873
0.19213448699701755,-0.18615835490865063,0.014795594120712435,0.3254953359331175
-0.19534598246548912,-0.18227083802762922,0.29217057775956107,0.5858228812663349
-0.29961920776771267,0.011295345102957304,0.1182250214738087,0.6654567050815664
-0.13760095534181097,0.2818123479480925,0.29385147173971243,0.2088617965444603
0.10099665448406497,0.3247134759880988,0.5030760334461468,-0.02322268058420146
0.3088143171566942,-0.020899207105560112,0.2236115519550555,-0.3130814370118676
0.1706734507000974,-0.21722594561830408,-0.20465483473266308,-0.1191547582947726
-0.09978098893737294,-0.22113855051834563,-0.38701707178854405,-0.059111680999153204
-0.1749649848191274,-0.08469614194688678,-0.009316860435141378,0.24543253820970454
-0.17752161086283177,0.21986388871604964,-0.050220433130393205,-0.32273303945469817
-0.0032058656089785503,0.3260310137886958,0.30726366372234987,0.3800306527386474
0.336941419891526,0.11282360745379874,0.5673845011089057,0.05485928419242267
0.29222379393066805,-0.22469575046384177,-0.41150253020330135,-0.2519653154073434
0.01153433925689257,-0.24638034172945109,-0.543721958421349,0.13059268695060133
-0.2883874558071236,-0.18741718280957237,-0.04318014001463644,0.10188403078708753
-0.27382938379265065,0.14105607163074715,0.1306009466651574,0.275814235856734
-0.05311272170163485,0.23305203038029826,0.14342306172419217,-0.11497618851432467
0.2150241021786987,0.17442503005996995,-0.018623121783742508,-0.858171950218524
0.2208894851091328,-0.07521139244849863,0.3558458546202539,0.21170688491321907
0.08083343216291666,-0.3244600843665701,-0.19270517087677325,-0.08187096271243921
-0.1611941508296789,-0.2267852768201793,0.2047160695800468,0.5020628656075025
-0.2329637116729579,0.13749891925080884,0.14793991527916134,0.6031797559370444
-0.07388389899387478,0.2162144689105756,0.2508302911408154,0.2986595495014808
0.10909980014464796,0.18599863822492899,0.3253035996735146,-0.29587259841408725
0.26815188451667,0.049887599048449124,-0.11956833969773734,-0.010896344764799275
0.0518454949888533,-0.22141519235331267,-0.3177377179789351,0.330881998731632
-0.04610177583668712,-0.18227680366915197,-0.42033494806177446,-0.22530896540143744
-0.23431286680931898,-0.0174068834644969,0.318506358475491,0.32420681968192727
-0.11359350622882014,0.1885263056395429,0.21935950532997697,-0.0843664816277942
0.004338103555504,0.21467805558257103,-0.13080753600693418,-0.1403350709732705
0.20204244893188253,-0.012886041281542027,0.2899729735540077,0.2099997655719506
0.13049271122417377,-0.17348155979855645,-0.2612328399312606,-0.29527769604894316
-0.08810687122905689,-0.28853560414030327,0.4567240246830419,0.1729998696317428
-0.22448613945505508,-0.04966862075814382,-0.3496910408445905,0.023047617803759676
-0.1562833462765473,0.10222444834910613,-0.24982683395671557,0.01771243537901146
-0.009124153107236545,0.22059300070047677,0.2479053130136299,0.2101846039939087
0.20788626093799328,0.09201227760085733,0.1354371911140652,-0.1596277539640458
0.22803804180381823,-0.14794735619342725,-0.6260098481453032,0.30980759639962
-0.01686666883757622,-0.1946744584494629,-0.3867764310775605,-0.16778389319037287
-0.08278351958287067,-0.14871737586875178,0.4418073216570063,0.30886500760767166
-0.23468303628565831,0.05314092178465969,-0.1010420869066403,0.05441227348449651
0.01828201144801403,0.17867773886903404,0.050420982821756215,-0.18044981641227503
0.2054930160066848,0.16851934574418692,-0.4918428303550233,-0.09611619129511237
0.23068674559381414,-0.033880860017797595,-0.3481417562721728,-0.15786033676681915
0.07939952621534868,-0.15328260280254608,-0.2429642120508308,-0.024839806667477232
-0.10825044695862139,-0.23063255291028023,-0.17126366531620724,0.4535115175705885
-0.161941258473163,-0.04310072966393218,-0.007213173706201864,-0.015331577233113312
-0.0836093072491868,0.16750679615200506,0.3103025484365085,0.1635187671191067
0.1570443169925433,0.14266524949275858,0.20150803668632067,-0.41375190670958883
0.2169410332580192,0.03269813546600892,-0.46790684672237387,-0.1308540140229189
0.1476574685082735,-0.17935669452916192,-0.18889653284547572,-0.1734522903752457
-0.12679607850366217,-0.21796207029497233,0.04750941264748454,0.6426804862769497
-0.21266723448507419,-0.03504095458433775,-0.29068468505032613,0.26599245674574096
-0.1405063356653753,0.11149353395339562,-0.40320324740662117,0.2965121586854972
-0.002973537399747296,0.11178794087700353,-0.12056496589150557,-0.15124678242053713
0.17465151257788009,0.041120163645582325,0.08721289067451898,-0.03889603223113176
0.12671934375410998,-0.09190248950002163,-0.29271821498274575,-0.3055340531694332
0.02034493521977726,-0.1716462734215887,-0.0627418556849689,0.3020878206877209
-0.07862771011529471,-0.09118071605884844,0.08761783974255109,0.33098357224348024
-0.1680526491444765,0.002246145386314957,0.13881583013139784,-0.11440963521972404
-0.05088764661358397,0.20280093142555575,0.13039460556785373,0.12769003200380913
0.1167839908772034,0.036313556709014386,0.38109645865909203,-0.0913245485602232
0.12168064002320934,-0.08879779834588078,-0.5339554181661313,0.6392826091733896
0.05960085851266397,-0.18749332071348365,0.3416547003731188,0.10144931797929219
-0.1260268198963985,-0.050895951895406515,-0.3872407039026235,-0.19359276284354812
-0.21298334439818933,-0.03741173540582489,-0.07339476506915729,-0.20558122060744102
-0.04064164004308943,0.16377442328629618,0.5618751433999958,0.477921848217777
0.06492305176254913,0.12272102984322318,-0.23586328138507326,0.1442043558095875
0.10955348194482784,-0.10129963762193264,-0.06838348610213582,-0.3557227179836154
0.03421965662303283,-0.13786671839712222,-0.46215925877887726,-0.583335123955081
-0.12681619762657645,-0.18025258661824814,-0.07411329455259917,-0.613162807143552
-0.11531951960463004,-0.02008109947160347,-0.21921754694766427,-0.1434109391626983
-0.0804700269491662,0.10009327173564564,0.3393998621004998,-0.015231910902831491
0.020211559475811568,0.19086608008107314,0.08099027399655921,-0.06791599886323746
0.13372067173244323,-0.013957717589599853,-0.15198608168450303,-0.23782347104519796
0.1390464964031004,-0.1081406695838514,-1.0319907738503937,-0.015985590026541194
-0.006028641470841239,-0.16055947821611843,-0.04620828620326124,-0.03066580525662832
-0.09634399193198309,-0.06433418167888053,0.037717228332175,-0.15219210187667587
-0.12709639910326673,0.08060313654051245,-0.18921462481668266,0.3653622126290895
0.01896810478445094,0.07562741280045676,0.057418711229827675,0.15347188198507672
0.07471487069607524,0.03257544438839504,-0.25584416474356275,-0.2515659155186273
0.14272734206241539,-0.12571804865982622,-0.05115635759068052,-0.12987651853934615
-0.029345640287444706,-0.1937177854461057,0.318532029664254,-0.13361065999243166
-0.08810035637142329,-0.006249198871210324,-0.21520282569945176,0.4980232986433376
-0.11464818591231607,0.025096924766831955,0.29091379649172366,-0.10286132926790699
0.01636170975636699,0.10646601284264812,0.40304003288519186,-0.08386648715390951
0.15809682769226047,0.06167103087587647,-0.4280271197213507,-0.0977842942273335
0.05491141652447286,-0.00803478727097746,-0.7113124609804933,-0.1951048317120955
0.053074683815539356,-0.03655454465301479,0.016921723705779802,-0.2660493189365873
-0.09363852726203906,-0.11964369139508883,0.015600367951463558,-0.3085159890528736
-0.12290401912257408,-0.028067806006392478,0.51423742822715,0.41013760417930645
-0.03173530767440489,0.18216051770643044,-0.20085420750027802,0.12096817687564515
0.10858080279352367,0.15378174062438887,-0.025214904941874977,-0.29830803669251715
0.12324599593554585,0.02180502360504151,-0.1301120311724406,-0.4253963317054918
0.06974043401258448,-0.10900180706182244,-0.08412534514190315,0.052365312058457736
0.0011356716534631286,-0.0969187207019028,-0.5502775170021432,0.3033234193083584
-0.09294817848180041,0.0014582009122878666,0.18597036713494303,0.07403692427388404
-0.06722223112942391,0.05845054993760326,0.43294476360755985,0.3893470274242681
-0.014378100051446976,0.21563114170570274,-0.0892231045256011,-0.23283767675998143
0.09226226784774114,0.06522019584464614,-0.22954516060524308,0.44949712661640895
0.1345512659361158,-0.08073916126882959,0.17610380279358068,-0.3087179410896592
0.04502784934251605,-0.07887660407652367,0.03757350058820953,-0.021703513490051417
-0.1159014838637394,-0.014495356639156638,0.3376288164063033,0.3881520765403107
-0.10596896604921184,0.006465606631526476,0.14502883729773072,-0.10899212294508624
-0.006324305097784628,0.13848811022985683,-0.5178434423151619,-0.0008126799379803984
0.11296232922839264,0.092334275361203,0.6217458735178727,0.544094625834861
0.08129923933014145,-0.0862630321587458,-0.17639433281321829,0.4909108332116534
0.007553944185870146,-0.06833413655008815,-0.45108949041382157,0.0793586494598722
-0.06696246728140723,-0.11606458374386065,-0.15395857828913673,0.002381428004777919
-0.12282359927613729,0.06283367443345846,0.4820257935214757,0.28679418531705303
-0.035964689492319,0.1290984401839328,0.18954534514853794,-0.14814971009739517
0.048348123599003236,0.0689795619421496,0.6846892645630817,-0.28104710711725955
0.13103494662847065,0.031553742821633125,0.4741182394903363,-0.4885516145021727
0.05194063017768758,-0.056977707383544074,-0.18774513626278486,-0.4927651937122443
-0.030121805994146333,-0.08054874065775836,-0.1749725050795094,0.00010324419302661092
-0.07049728706287639,-0.01607812565721836,0.010747785612198468,-0.20226241433579545
-0.05973092178067343,0.11654965442572628,0.39238327118504734,0.3133247709775556
0.06410699851590887,0.09172928752928844,-0.07567992355021959,-0.17068464628004668
0.005594854098466731,-0.015480592186066323,0.15316309197294783,-0.30698337065253395
0.08600092464898243,-0.05758001807975031,-0.39300744376481156,0.02129604050820244
-0.003253190365018189,-0.1452321521577814,-0.05961312025809476,0.5701064894564878
-0.12363636281793258,-0.06910970559216606,0.05190781864308658,0.6109647509006995
-0.09150752352405515,0.030154137018769324,0.18758333347968156,0.22737697187577144
0.006647378772483618,0.14124828280961696,0.10216370044495406,-0.421834281228934
0.08274507043597584,-0.018563890728997418,0.22170509065745156,0.3066420083110198
0.14620662555450276,-0.07407266677462578,0.13554590463509839,-0.07629767298141552
0.005424901602137022,-0.1017002254144353,-0.08015185338174666,0.15503038637886324
-0.036780440650283144,-0.029503780901553377,-0.15770104570700938,0.04374728007524885
-0.02302360625344458,0.03261449311706367,0.012377799994944746,-0.2654712343753249
-0.11279533641470837,0.039876052433213245,0.22926683100564968,-0.32279015020390556
0.04623812097643869,0.11641821677405564,0.12117360876167042,0.11238662409014333
0.0618754552084639,0.01748681929237047,-0.23908101236268964,0.24490437044825272
0.03729917914010978,-0.06103876453076457,-0.16184112147931198,-0.1924575478692814
-0.09104415554683934,-0.047368901468081585,-0.03147154176472024,0.09071645449198407
-0.044604628404744176,-0.020732925548202105,-0.09935188818034876,0.1940149069098393
-0.030731959204089658,0.04378201848052167,-0.019184703393004994,-0.0720332256101501
0.014996802602388053,0.006400705397012381,-0.1665551741849864,-0.014145433443647909
0.08239963871504835,0.054963432645088094,-0.09467828310627258,0.30641083159287524
0.05298828334393266,-0.03817043903586179,0.7190570329524087,-0.26681329084870126
-0.014806093150362841,-0.041677736035696876,-0.34397530264466186,0.13765828411026057
-0.07049943122692301,-0.025615014981223084,-0.0605908513208173,-0.008008364553208774
-0.04993123047989103,0.031700086674792606,0.309609697468941,-0.01037278099189659
0.030714660443959797,0.10977517592074557,-0.20952439488088395,-0.48077602085446686
0.10094797133593242,0.11092438098431555,0.0019607007553502226,-0.06689128867343272
0.13802388235310004,-0.008060740678917662,-0.02473158594144667,0.1815979950494093
0.07336586607006088,-0.041164668575557894,-0.04295354590802516,-0.06709769680059384
-0.09737834826727831,-0.04380495281947921,0.3005735810100805,0.43820130233660687
-0.059720780130387396,-0.0008552352871296284,-0.07163543104453489,-0.17971266545592987
0.014721335288163748,0.021765246612746307,0.22015308517509843,0.5181485573806884
0.11689854709480725,-0.025993369767116144,0.0373407410489425,-0.09252317906754737
-0.0020696490883096996,0.08962695037209335,-0.00508110371722402,0.6716205749542973
-0.002456617591076366,-0.03107556281176259,-0.039148519594332555,-0.4370388375477857
-0.09640311461740977,-0.08211014313091033,-0.4190124171671439,0.1759968203926752
-0.10348657690447971,0.04652354628493148,-0.0004388024029318427,-0.03271446402153691
-0.05666121408306567,0.02520517343826735,0.042285118564372066,0.2705009378448925
0.09303296126205275,0.025922087902928444,0.0004486536087929677,-0.029520874153963345
0.05228807019358981,0.06590558786991464,-0.10880904920694226,0.473955677607873
0.023525590662429326,-0.09843314489858958,0.2350828701269525,-0.10555117667759017
-0.06380557665430919,-0.022418545942113233,-0.06230493309919354,-0.008550266674557105
-0.05616440511387555,0.05294285119147307,0.17764348235001193,-0.4456568052238373
-0.07057377987688357,0.07877963859857351,0.1305877064323583,0.0715230054786134
0.7006674145620115,0.772593152698219,1.4683163461954163,-0.5518137355893515
1.0073184311429766,-0.14762004643792664,-0.06486625701397797,-1.5820142115929154
0.4120376435963034,-0.946851839180641,-1.16120328760443,-0.16419641214053204
-0.5938243478812404,-0.9312190300110155,-0.704497174475622,0.5595213004556865
-0.922785833214384,0.016408774837215555,0.13031884834644902,0.9105328964199184
-0.49661098481942983,0.8568273206643432,0.49241942849050174,0.6947030677064286
0.39658576509835475,0.8631730624422657,0.5705718195480793,-0.3947155808630126
1.0203091327087195,0.151757816874297,0.5193671293948443,-1.039773236419788
0.6565163035213597,-0.738853674496179,-0.6883002706655367,-0.43290637240431973
-0.2968754900416262,-0.8088225448086616,-0.924880454583626,-0.06838746089450898
-0.9088432119822132,-0.15524490856097906,-0.09075377618714353,0.7954776764252265
-0.7282468016193663,0.647633498692614,0.6057661424965255,0.8663999463270289
0.22943475549716608,0.9087307732020017,0.5089902072466996,-0.162896663490828
0.8748633327160547,0.35898328358295073,0.6359734636828801,-0.5437793178716146
0.8034592643788301,-0.4835496939211412,-0.38874501390989247,-0.7845524210316351
-0.09677256255697893,-0.9374678545962358,-0.6881534979116893,-0.023497228846026674
-0.835490810279698,-0.5163701868244289,-0.5575905873769998,1.0397640375658113
-0.7832496138184181,0.4319767298514602,0.41995650092484904,0.8780652186780374
-0.045835096871160316,0.8320799609666228,1.3316776275545856,-0.31106647905047413
0.7184301322954514,0.5203644456266961,0.47318133601636947,0.12450252535685602
0.788015627171015,-0.30449038308140364,0.0607015467152916,-1.142137386581008
0.15790873066031955,-0.8075675653270988,-1.055381812835548,-0.8780605506205585
-0.5514470104978025,-0.6403663930307025,-0.6545568150049452,0.8371812633077785
-0.7961731060419507,0.1499663782587081,-0.2881020426237163,0.6669113625708841
-0.3680757322313345,0.7865710613925726,0.9030508218964567,0.13176282065418765
0.3961156806886088,0.6782102041496583,0.2986042786317353,-0.1674631092319917
0.7944992791558515,-0.07197988702124362,0.3346008272808537,-1.3467427279086766
0.4249622575669301,-0.7145403427412237,-0.5204652154793832,0.0247666837307714
-0.4031959019846432,-0.7846866900101175,-1.0046985435284241,-0.15668545981394444
-0.7815717237172817,-0.038453840614621246,0.05240464613180951,0.7438082724727444
-0.5194829316861523,0.5951114820207315,0.938200426605982,0.48601228166620214
0.2772011316236095,0.7465493337003379,1.462197395768335,-0.5378407045429973
0.8053695346383948,0.19383318022030083,0.0036253370167216303,-0.9305783529030187
0.487933805238821,-0.5567943359749683,-0.7441065015115922,-0.827698628958724
-0.1537452727851917,-0.7516738270608769,-0.5210172107210482,0.3110746448120294
-0.6765809372014386,-0.28276474290297726,-0.5454117739396991,0.6649948740556189
-0.681881075204144,0.45372205409103833,0.4620407487386069,0.7087199527296908
0.012785233225645336,0.6574051687660061,0.4834486343498796,-0.14747989740194756
0.653640330245586,0.35838619771958863,0.28336754781166096,-0.5005420435785457
0.6485382076050812,-0.34248364618858895,-0.26834535183379193,-0.5323410017568372
0.033476396100386906,-0.7158397506692045,-0.5501749277902899,-0.3490232647571567
-0.5843326354935151,-0.45242587715303956,-0.3904965537732885,0.3863209753783775
-0.636052486043482,0.18065861743012707,0.5242894119465813,1.2059615564467032
-0.21009603407368974,0.6994672167913895,1.0058898707319113,-0.06214282585429942
0.4373113156887622,0.5602377043361751,1.0947102642012485,-0.5520057338236672
0.5974477962349435,-0.12686770887746768,-0.6119446719852917,-0.7966749150929551
0.2017504610055963,-0.6601237003542206,-0.3357732928854046,-0.7151553773207181
-0.34868193788728397,-0.558701279071945,-0.5572393354847945,0.3075908455095189
-0.6729743352426901,0.015078758319250693,0.32940272301979656,0.7346599181690956
-0.33766851051913577,0.6043595841966786,0.526891056539179,0.4316954607195242
0.2135505148552033,0.5627351617412816,0.5054944455547064,-0.5713015546692118
0.6784071887704688,0.09463180597163581,0.10617330558682025,0.01771453588408127
0.4296152821401448,-0.5270517770590992,-0.0870061025943919,0.2283923072077873
-0.21875543244811768,-0.638633533199018,-0.6918529388005654,0.10096178394574329
-0.6000149779521917,-0.1477472885933951,-0.2928332228564984,0.2293631613020622
-0.453045913160642,0.419650757562554,0.23736981644494504,0.9002490180475509
0.09267719347240688,0.6155833569101786,0.8725583349861644,0.38974275839610384
0.4863056846520954,0.22163369593720725,0.3283331520264704,-0.2471572288381739
0.4831395911726057,-0.3172581361389524,-0.750907177459374,0.08429308743008929
-0.02652780705815403,-0.5630019632348366,-0.2520491161777481,0.023708939394877504
-0.5659525949756813,-0.30267651676443097,0.16900525146963552,0.6575014285812523
-0.4594039726720749,0.28456424718080503,0.2666986910396102,0.8774898457266689
-0.0387778609631468,0.6048418015851786,0.19188936717315927,-0.010148789299623817
0.45305715695471716,0.4093206466505074,0.18118049140577464,-0.3960134248272662
0.49977658265748764,-0.19800070924690163,-0.605328665363877,-0.30938121243632805
0.10946242981992471,-0.5774321364492179,-0.6639745026380062,-0.2933676333267582
-0.36913906659363444,-0.37203825897772125,-0.5758105962473489,0.6289295080215076
-0.5201826958921902,0.09423366588946994,0.41543427627318136,0.7133298421194743
-0.1474265832242427,0.47882510389110344,0.8801867110344261,0.2421081680411577
0.3294047057130928,0.38980937266513777,0.7281414824569173,-0.42972557692647156
0.5087827244091246,0.03253245274679447,-0.9377432254877468,-0.69463991870462
0.23289206875041818,-0.47220665486610874,-0.37552195105565345,0.0836823153131172
-0.2424911303869003,-0.4482652901143935,-0.3813582386474909,0.3602195927546045
-0.550206360868911,-0.08153051301498136,-0.32444521177104724,0.5547495042368362
-0.26365102191460443,0.38463636825827374,0.2796944833642745,-0.04549336394970738
0.15006973080129257,0.4181429518691767,0.7777841746872671,0.015494674835947464
0.49833280400752994,0.09329532405716857,0.0056836661793230325,-0.3378060031477324
0.36107260098588617,-0.333464557917295,-0.2701293608126401,0.028382463891201137
-0.14458933099511373,-0.42287979527566105,-0.4638068250226228,-0.00153380204483744
-0.379386284937831,-0.18464536719936225,-0.24743435578038098,0.037613715427893546
-0.39361225573768743,0.37646024485596813,0.4906641025750441,1.10619810480665
0.04536442229783879,0.4840019966116917,0.415829053369119,0.144786457044023
0.4665685781124548,0.2965475200241358,0.11651576258589341,0.2120791392680349
0.422472666182282,-0.28417106329325975,0.13318318816773422,-0.6250054177900336
0.02206436883549212,-0.48389717184307535,-0.6344561905178262,0.01071179324933752
-0.3204207754804056,-0.21555429174571944,-0.10003024344919259,0.0940090063591012
-0.45185958010453947,0.19651099929694082,0.29238565382883136,0.4034586130600097
-0.07883784273896802,0.4684365165652809,0.3749305125332045,-0.06095397584026552
0.34308234325968484,0.4495133891312586,-0.15944913610110134,-0.5441152862569134
0.3929575157928214,0.02019569154097743,-0.45798419043283856,-0.8949268422676855
0.14411688042270826,-0.46682685006711794,-0.32331133380812477,-0.008564182363940132
-0.2207591997181008,-0.31124039075334203,-0.4756011396614183,-0.1631922941600844
-0.42780808566187056,0.02643482103773176,0.4089707337307624,0.341540618613478
-0.2242664615378611,0.37943157126899274,0.6540626727496862,0.1559148682506578
0.18154443431819317,0.38835806566186837,0.22899129331951082,-0.011397661665403236
0.3085213114735892,-0.0053142400620218265,0.31416835805023136,-0.5593656946115344
0.24212741083659967,-0.33888698758642344,-0.6130944930701562,-0.9949651696907338
-0.1333639015913672,-0.3856269494724582,-0.25362975905208446,0.09025138509155178
-0.3582717678904417,-0.10547928608741598,-0.39247526971302626,0.5862149523587736
-0.2723903073150801,0.23661704572145073,0.4620702575193301,-0.05229473294106307
0.04476944604847114,0.4110213401143177,0.28308236223461236,-0.1963206212226104
0.3270889190664476,0.13544242727507427,0.19637256205968512,-0.8580511514336553
0.24110256063823415,-0.22080410111908055,-0.16399403979378585,-0.39186077348294196
0.03106212062369148,-0.3625858257898858,-0.5428876214330652,-0.05500389038680248
-0.31393458196460305,-0.1595599624806816,-0.04167035137273983,-0.39586546084312874
-0.41177529098452487,0.19185956226555598,0.05975222569518379,0.09346479972834221
-0.11123035466212285,0.35869724650493895,0.3227929027157629,-0.32383856970771147
0.32724383664975937,0.19067697827842744,0.011905195003384939,-0.8679197256044374
0.3026890153308923,-0.21304102983891862,-0.04107244857192299,-0.17672650963315814
0.1441976403496541,-0.38392717202725135,0.08009441049093585,0.0797089860464717
-0.25652908180901635,-0.2207792597724498,-0.30251478955078237,0.06330704940672838
-0.35831940027835757,0.07812184342366592,0.07963774121191147,0.618771797090601
-0.1994364363060418,0.3899086657944946,0.691650393125998,-0.35259707604507834
0.2540943972030323,0.30719658367159614,0.3407942715570858,-0.322938917577317
0.3416424191114306,-0.018871586281754206,0.11293764540639906,-0.04879779386277348
0.23334261804565157,-0.28153647761491485,-0.5436058842016277,-0.3607757309013748
-0.16813720637556995,-0.2798509309266633,-0.1869304782226157,0.1727098820140835
-0.3008550072822886,0.01101641609485874,-0.22886463460122852,0.23749701788331487
-0.160066867612803,0.33970947833486825,0.09035849691400588,0.6551728227912945
0.11480804310427153,0.30759528269875613,-0.06617573586912714,-0.08079058601325073
0.2974689398705978,0.048405716827653066,0.2058395870394572,-0.2754520585218124
0.21045693329441328,-0.2966834593076928,-0.6512660892331192,-0.21280082498879055
-0.04499868861059715,-0.28046525712923404,-0.3201550522811301,0.28546649293748144
-0.3494040179343313,-0.10596567815140234,0.14485144332141875,0.4791895122427762
-0.23056959464834356,0.15791273754067847,0.28520625159250507,0.608943319833959
0.03251787898411936,0.3178422868195322,0.02779070381522597,-0.030283761227531403
0.2572151084452884,0.075506689829324,-0.27558629997533235,-0.17150310713182895
0.27844100088058504,-0.18447336175442974,-0.7415778494860992,-0.4911183204687639
0.00959838310948194,-0.3141916431408556,-0.49771358704712443,-0.1346741252953096
-0.32637167701386843,-0.1282062653455942,-0.422774303252611,0.17899746278662282
-0.22271366337098988,0.08492265878226289,-0.08999901163276036,0.37836166447915964
-0.06084280329533237,0.2718432501071316,0.05928286893897152,0.37710308082031685
0.2170548926729621,0.20494385162468676,-0.09406575285352978,0.3428191542235616
0.25520269480957714,-0.08046305002501233,0.01823821077188814,-0.0641242269347956
0.08489244431830839,-0.2810129219486999,-0.3856546328923932,-0.4350563659661567
-0.09770585754373073,-0.23057550062098173,-0.007596947545302768,0.5498968613745201
-0.306607995290643,0.02616978377443717,0.4341736577321212,0.5689923223772995
-0.17194959212774544,0.1780800461432518,0.34816181808152435,-0.15910881416529882
0.13340151086340893,0.29421557358305306,0.4108059396751871,-0.280037084321719
0.2426865927854662,0.01022057672285459,-0.056263085661092394,-0.3761597024510797
0.16230861042210537,-0.15758331923549207,-0.20541381742781473,-0.18431070788768059
-0.0483254178537138,-0.2594122500033015,0.15466399491006588,0.15973029682077575
-0.21532010413511218,-0.07308386020036466,-0.6488058048102768,-0.039562169638963085
-0.2092141370315484,0.20579046428084405,-0.10733179628641912,0.0391778223510264
0.006804508553027326,0.27856104216948296,0.062214780929794426,0.3380499573496995
0.26574206315007065,-0.004860392463365962,-0.13054761087663166,-0.6379871476781956
0.2108066240816742,-0.1654701498565452,-0.3427972895400259,0.10519096165054559
-0.0799880129466587,-0.287076220854263,0.4722346629424862,0.10387750806450297
-0.16412924995857678,-0.14513355843872258,0.1553566767951725,0.06639621144320089
-0.23842311451646647,0.11165307860501128,0.11676496358305616,0.3775458862668497
-0.029955000683952862,0.2781887363807718,0.45034176468281617,-0.18428979057027173
0.2511347732403083,0.062165293150650086,0.2848941864877308,0.1713652088690762
0.2627191108503934,-0.07486332550575285,-0.9870820073477249,-0.09019929922499867
-0.05634322028774374,-0.19964427012226496,-0.12742008930508675,-0.5026251255881077
-0.24208925558610878,-0.12386721474930212,-0.2517507817373292,0.3544904168918614
-0.14204037198246722,0.07634559285463793,-0.05569166995384317,0.13787182834089756
-0.13760359694306543,0.21748745118265406,0.31046077519300996,0.15438491936561563
0.14693187878854413,0.14180398825902263,0.4011502019191196,-0.2598604811851879
0.19804158489588103,0.004382081179781876,-0.269739681718395,0.295054227336365
0.08007242432715057,-0.10013344080259864,-0.2829181625501665,0.10423789302525646
-0.13209277311959153,-0.21508795370762168,-0.2209986433876185,-0.23242409820918325
-0.24182294423886014,-0.009371131928120089,-0.7099358208628178,0.21198188217237893
-0.07477647997589142,0.23092011126081158,0.08077015522044109,0.23474438504909878
0.012933811530505705,0.26454903028898547,0.220615073627842,0.24835183416283796
0.1646191105621321,0.08154689038675686,0.00011427501481725555,0.061487030410942216
0.13642835879488957,-0.11293230331453044,-0.3584832544349185,0.11713379959467071
-0.04135270811892623,-0.22550777967380314,-0.2921466134160248,-0.2082825537804972
-0.1771639235351618,-0.0606933052555221,0.14580115556335246,0.1965343004116438
-0.12325577992253495,0.06825354010022586,-0.20514619235047618,0.031690746756626864
-0.007104675264787318,0.1928966909286133,0.12371539644447396,0.20421022734629812
0.18817591002991924,0.12660771305840968,0.007357503092725037,-0.17305489500623944
0.07604209574755179,-0.02448967484375672,-0.27166270486625566,0.0007198832022300983
-0.01425754775405518,-0.2753798280801995,0.13879186669017063,0.008591089986556139
-0.1840421863804968,-0.12794355792130427,-0.07974904428989626,0.044696861696170015
-0.21010738381702015,0.08776221981647792,-0.05836610495373623,0.353661540385134
-0.00849880379743928,0.17956879789387284,0.40674628557101256,-0.3590298223299555
0.1327424065780374,0.057724085390570834,0.09039332037868192,0.34280601107335057
0.1794438961924802,0.013615090083193185,-0.6477981593896398,-0.5500968309372326
0.1060486242851518,-0.2020030642402824,-0.1931607906910246,-0.4972593667518711
-0.10901734950739958,-0.09995545179233414,-0.6357186898278706,0.15106559836276637
-0.20561591870282478,0.019396761593967155,0.44956036636221536,0.13842460010866858
-0.07280477415077255,0.23874469066640525,-0.08214698266029052,-0.09034820078751976
0.08658973955661545,0.1831790345242873,0.019444402957928403,0.4059422160147935
0.2246214404775777,0.035222103495217504,0.02653036160765926,-0.2030584411898969
0.13036933909712828,-0.12675995908251111,-0.6442144145878388,0.07323454589707193
-0.00042841556610726667,-0.24121667277360798,-0.24954136381558056,0.19557840164185963
-0.1424340500243342,-0.003745461036066662,0.5311579035524475,0.2461954317111363
-0.12252948555456525,0.08690167961523394,0.05164992488670993,0.3416879600203605
0.02864558276495959,0.13369650402150304,0.1888252990866518,-0.11183634338311293
0.1472696002540406,0.011134786702883946,0.16462691372967456,-0.428962394759348
0.11432523506194939,-0.10031891064862057,0.01612566054016565,-0.06296089579261116
-0.06739413531078808,-0.12222930645517366,-0.1581237915007698,-0.39094744456656877
-0.18335702127136852,-0.03302438149139779,-0.13374381992629233,0.5025141183968101
-0.1657492330629288,-0.012518266607532677,0.36478507286663353,-0.4085205930189764
0.024203056542946903,0.14474437196644827,0.14573971529243618,0.36343871047971665
0.12208681970228681,0.1505975129238337,-0.0927618223595747,-0.29928572171316836
0.10475527443914943,0.0036082768800213896,-0.25046028736386516,-0.39160387429627586
0.04781276991851748,-0.1248749925583493,-0.6534616178628005,0.09928790307771808
-0.07378089453269784,-0.15702896988666837,-0.09370100895544513,0.7064205715603074
-0.1810682962771303,0.020504091774867735,-0.26551957485883876,0.20264414577044923
-0.04527641141977499,0.15566413151970607,0.04615365409853314,0.34483025330561884
0.1039186744530568,0.15506398278543476,-0.19024786814826444,-0.16145642860045786
0.10943686196923343,0.0018879474625359254,0.09085244393699982,-0.34165580178000127
0.10758997468642922,-0.18596336382599532,-0.2454459746531378,-0.07564702898578295
-0.06710428620256255,-0.08846514586115706,-0.22154351511539042,-0.5998122942530006
-0.08969969437462391,-0.03049605100198584,0.31917391865558625,0.5367133911120753
-0.07909886346445646,0.1118365724006105,-0.27932124427714433,-0.15221657106584205
0.09636984669828047,0.12126874135198994,-0.004274232052743909,-0.4691035774750585
0.10181974344548209,-0.01577850123293498,0.42442947027774736,-0.2682046251812742
0.047898865184655186,-0.1431401579111805,0.5986541040460361,-0.09131830907109673
0.05448951266666082,-0.15530920399933196,-0.12643205585283707,0.02847088535661041
-0.07548157106777495,-0.020256214318300367,-0.043820416851088756,-0.07423068935191068
-0.1426685673018673,0.0327570925183429,0.20402706195020956,0.40621707032109083
0.024422871309136233,0.169994490932091,-0.04553796406002002,-0.39981872849241346
0.1060294021156157,0.06634004447563704,-0.18990072454432447,-0.39212892938084093
0.11657884378487601,0.00634127685834561,0.04436310278806879,-0.36555002368574996
0.08097487542758884,-0.08620376562863694,0.4618685899796533,0.38843649163471144
-0.12622097055118253,-0.06178077205108558,-0.3458093232523461,0.29437682397740267
-0.08973624167169253,0.04396267230722145,-0.2402970541155789,0.284494336867259
-0.04539558152169268,0.11938017739628871,0.6096623123356429,-0.13147198244214356
0.17157021562410135,0.04075780108713083,0.22479607184891087,0.0021001842749306804
0.12494100372711274,-0.09830501002883271,0.23088602340228817,-0.14596552216168202
0.0039198736225247235,-0.09721923896676415,-0.681811501411044,-0.007771288273014446
-0.10939390305980645,-0.04917282042722144,-0.07631017174262435,0.45310181955489953
-0.14917789408496546,0.06891726281637539,0.1704137409890663,0.13684984900117894
-0.043524102357075906,0.11914362958460023,0.1914348506871265,-0.2684901282904882
0.06098610521219524,0.028645992552439728,0.1505025890422536,-0.46901010715695735
0.12613530380360788,0.055980005213595925,-0.34064594071892085,0.059463062701702284
0.08596917256932343,-0.12265563239179444,-0.3534538011792377,0.11626772673907132
-0.01546422624652323,-0.07992106709995572,0.0800708628247883,-0.24599739813480256
-0.08945490387011226,-0.0028293605030331806,-0.06642673147913204,-0.34327072156213595
-0.017293070526455498,0.06834641450658929,0.22032756500488088,0.3887168985789303
0.05566514933413748,0.0749446454020303,0.1959726774800028,-0.21624869369844513
0.04944798091649722,-0.019387335297325288,-0.35647606429493245,0.19985162102535334
0.04713571339988144,-0.06004881872750921,-0.34705550817955677,-0.06085681311671559
0.0334338590191543,-0.11296510522168539,-0.4200130179584313,0.19723802883878422
-0.07429345644042376,-0.05160864895404601,-0.018677726201846226,-0.18922838218636295
-0.08612961334717442,0.037822329507219546,-0.19574355974266716,0.17434603747116892
-0.02261656973723806,0.10169183877067392,-0.14581392787403624,-0.10348750229274631
0.1303421596447649,0.0522840261849683,0.2211413962307711,0.08598907435877799
0.030996403274094794,-0.03948778119816952,-0.04612308161290067,-0.016149560681152225
0.0936428762477758,-0.11928209235852244,-0.013174613608629565,0.09966613944373606
-0.09538742552742044,-0.07150832956228052,-0.10904608861925555,0.4284186186221082
-0.15195928484930393,0.028546911439921704,0.08283741627729255,0.31929246439109493
0.06130539357182643,0.06067581556248097,-0.25050768804198775,-0.006063750980102797
-0.00048674349073171697,0.059541665870957806,-0.10807562916788749,0.41424006164575594
0.1147715898566055,-0.030447012124098373,0.3016858866448597,0.03480856421886131
-0.0158789281592258,-0.06894454375451742,-0.37313421057261775,0.2222604448813247
0.005066131999676961,-0.028948757524031886,0.18030557983707535,0.11588178335697835
-0.07682254008811262,-0.045523423932437156,-0.31078967477567704,0.427036032009821
-0.11925874006364459,0.05844306572214657,0.19434392916023285,0.4476380954496795
0.08720092109822679,0.07004962382754164,0.5796763593228023,-0.06392639021311576
0.12497080750208572,0.027325697637280606,-0.2724814567403895,-0.27852172282245413
0.040234418749573383,-0.10389526746358138,-0.46420887215008294,0.3115351618124234
-0.0750885779501021,-0.02541327337953478,0.32607570668649943,-0.046839321141710494
-0.012347827165901992,-0.025661703232194924,-0.16821658315068044,0.16841004549243146
-0.030054140942163958,0.08521482773628974,-0.15325487745636665,0.23154449483741446
-0.017520226108120124,0.07077663258277916,-0.29753789159536737,0.09383408597923394
0.10187828097682368,0.03151152696024483,0.2952750492840587,-0.2503656559860136
0.03383901741453733,-0.0034553147197228795,0.43209001203650954,-0.33289550450878114
-0.017580718767347635,-0.10862420546219248,0.26960110179387387,0.254309772521753
-0.046209074924552083,-0.02551314696248871,-0.07112063536005821,-0.26842181771716694
-0.08177751820962868,0.01589691336318131,0.35542560937789797,0.23126376537632157
0.008747874390076646,0.12041818775304734,0.29079246151617866,0.5909562010912368
0.04402832144535457,0.03411304394006179,0.2775259593293766,-0.17091349205981016
0.05935362053374129,-0.05798273896077501,-0.42216487442906464,-0.03319499734614553
0.026029411656497546,-0.043353935810217174,0.0416224723117458,0.6165697628474677
-0.13059333722837366,-0.0754089023603937,0.34411204776677484,-0.2620875770636748
-0.052950330374510496,0.011335585568606768,0.08805864649052873,0.006420576214323757
-0.032663182425165714,0.0490290401951306,-0.22811635783460407,0.14857183756375722
-0.017982492322686172,0.05192799088426358,0.11211647378865257,0.08437729963131205
0.06183347503327481,0.015835322999525944,-0.16447525493868514,-0.06290675891275202
0.05628000493183766,-0.07755536822553616,-0.2284898376860427,-0.0014159609967445003
-0.037216845025390834,-0.11379179557648596,-0.15858438699915933,0.22723226661042262
-0.04678228221268171,-0.017939640219970656,-0.014299155196671534,-0.041610443220639406
-0.12611296714239179,0.020625344683407598,0.15125482558033315,0.2464111307941691
-0.0357044728734113,0.010069018953759723,0.15494656677338842,0.09481375404647302
0.0862734720727716,-0.0033909578134178123,-0.11094431953107847,-0.3868199433366887
0.07015280708464883,-0.05243501081910264,0.42034379667210797,-0.30019392119992633
-0.01686716175127998,-0.07833272148345505,0.03463522646927611,-0.1625413659754151
0.026861658800808,-0.04325275594798445,0.005511857141684978,0.1371273484517464
-0.0978500429446946,0.017185917848904993,0.26295026917801234,-0.1774685515206821
0.016302916063728096,0.09167850970982341,0.07015722737579025,-0.3503067040395742
0.0893679750737126,0.055072534682088774,0.0389996973840755,-0.20416409055826262
0.09598372666908557,0.03938333328861392,0.1290428640957208,-0.015479928594246128
-0.0028677346471119424,-0.04227181583027821,-0.12299914897134613,0.5271674740131307
-0.021237892943012166,0.006495396262983802,-0.24802878286970628,-0.1373274943065101
-0.050102054196836096,0.03538691467364588,0.343667580250646,0.19223418988489005
-0.026985654708223297,0.04796550076266589,-0.05028056187678265,-0.09435631365762462
0.05337287559933086,0.010932388003414617,0.10370304363828967,-0.06131191343344604
0.09262006623910118,-0.009206752727031073,-0.13912036596790578,-0.5051184152530415
0.011600935656752133,-0.1174029098279267,0.051628237313458315,-0.16388009261288797
0.005791025723390433,-0.10146357895285177,0.5726071660443558,-0.007485569816856712
-0.11920574925353247,0.04496751328530288,0.5087283802298138,-0.253078853519154
-0.036618878437682974,-0.02760855117730998,0.4025033099243298,-0.08717361934671482
0.02999526804731525,0.002913356572395401,-0.2890819555798301,0.0394779295614071
0.08180472534846345,-0.0012151374364768475,-0.10534003760057949,-0.4649372263487994
0.0645525316968728,-0.016800051654151733,0.21212514764983945,-0.45105103268600777
0.015986575365359697,-0.012469293658074004,0.23631108877829662,-0.1936236229361299
0.018000389706876133,-0.0131104576830959,-0.466733440672767,0.16932773360793274
-0.035492240355273715,0.040271437292632155,0.1687904547488273,-0.6522724707761016
0.02413749965106805,0.037962061461417146,-0.038331396293414824,0.26484971865185486
0.13506787542716986,0.012160277483535513,0.5325976791230091,0.03204931857821648
0.04034554181365667,0.013150121592697055,0.15608800082983298,-0.44383123778798217
-0.03354214470770482,0.005447209488081445,0.13203076978392572,0.3760267046777406
-0.11235896752200687,-0.005605260919288448,-0.10132407748904011,-0.380225779734614
-0.10168436611665047,0.018339713045064925,-0.2860160586278778,0.2343108415356772
-0.02124224691226404,-0.030767096966997497,0.14652270167590875,0.46460182225629515
0.008410106918921755,0.0035963501351873525,0.026696481323654243,0.11435650195492944
0.08828329962536727,0.010101423816823631,0.23339983133484357,-0.02921473102841245
0.031003013620353938,-0.14431282416423785,-0.38912621984125434,0.1740273344529702
-0.05010945071018492,-0.012020309586679705,0.26509203509215734,-0.08614518167225278
-0.08587656330582391,-0.04764879864630846,0.38935901526300504,0.3626285826902993
-0.008527723546007237,0.12063142331572993,0.30902150922223753,0.1354097889744354
-0.9117036386245447,0.7883175549225461,0.1586875680305977,1.2025330690303837
0.12920136801788068,1.2621165851490805,1.0668874210271415,0.09583956743537847
1.1824951736046503,0.5580334034358572,0.801451356981101,-0.7901670844169667
1.0766935390742118,-0.7206119612998058,-0.2856893163460339,-0.713312567003454
-0.06572081882653967,-1.2296548260935831,-0.6124254315143187,-0.2742835634196894
-1.0725613323949015,-0.696864800104292,-1.1365556190036985,1.1580738838548614
-1.1100622279334151,0.4691902436550763,1.0954516441462836,1.0935279010934398
-0.12198368881532101,1.1517166903833227,1.2014615246005016,0.4010323211590716
0.9282862544446266,0.7640451837394062,0.8913856623553601,-1.5310509068475953
1.11635957898498,-0.321712097446212,-0.4639071344208301,-1.5968694944362942
0.42049283137377136,-1.1284924162188905,-1.1178028392459494,-0.44007438644955377
-0.6880483834610451,-0.9916197191260021,-0.6278906356581354,1.0745148739695614
-1.1779902759707492,0.12887419220604796,0.5198345061288923,1.4035511912814118
-0.5065773434063549,1.0820739962219212,1.6054943136487594,0.3807676115784808
0.6448821824355128,0.9668628411793283,0.9390065076055232,-0.13343088037845174
1.0777297174036846,0.07924889540540542,-0.09656433092818273,-0.818241537120567
0.5533650378661297,-0.9072225301858491,-0.636793993894067,-0.4402359586477289
-0.3770481262582044,-1.0105123922861767,-0.6479217563464806,0.8470449437926286
-1.0778787343201481,-0.08262030179540282,0.3569177960888248,1.4539488561182823
-0.716848499859377,0.9000385821404553,0.47604736976584017,0.8751605068990037
0.3094219287200404,1.0516805074718427,1.6421820558448308,-0.1011997477672677
0.9206865686336474,0.3682268663210273,0.2849036239574221,-1.218217202817178
0.8638886166833973,-0.7179342897554408,-0.33746692561670344,-0.8978145550950378
-0.10902869116413944,-1.055482802119889,-0.9984542407277136,0.1790461493471157
-0.9132749201288061,-0.3756142468574849,-0.37454984002240455,1.1911542110742683
-0.8898168265176871,0.5213942628860126,0.318806378057504,0.5990205283402866
0.03560616905410774,0.9954859668589466,0.7428985017405151,0.12090537796992207
0.811609468801494,0.5072245190716613,0.7341617337575823,-0.6624509599406944
0.8892360302054692,-0.44408774587767996,-0.45178727438087485,-1.0192311660424536
0.10816899979142398,-0.960971480768526,-0.6114127220819812,-0.4511401138575355
-0.7367500789810428,-0.6992600017093352,0.08184048603221972,0.7576282682342678
-0.8502821231714447,0.3185019708313567,0.7042725662071103,0.7200145930833457
-0.3169670253261443,0.9285733647093625,1.0893320203267927,-0.36228387244275184
0.5862647562425366,0.6453601490878578,0.8128978111160434,-0.7310517441713604
0.8502362389939786,-0.11157201095894449,-0.2805431258438956,-0.8194146646557091
0.3274160107484646,-0.8389822926023207,-1.1130020401713416,-0.4541578377603894
-0.521771736394512,-0.7025499706966327,-0.9041875455750553,0.5908190924471857
-0.9165556671011863,0.033475626956545046,0.10397423399764516,1.0310114002255544
-0.523749020524677,0.7757609453627242,0.3924536637781423,0.5807944296436846
0.3464603749594505,0.7684556454111336,0.7869413374616832,-1.0920041729644396
0.7478979597264277,0.09660740904406762,0.16359006877828874,-1.0394354740703782
0.5872391798992175,-0.6323037549916014,-0.7591499904489063,-0.49243132067433026
-0.1389453360375129,-0.777967715133581,-0.6300494712397242,0.34508216830638816
-0.8473590577278564,-0.2728270806976533,0.4955485853768593,1.0892075193104278
-0.6930217537614756,0.5482141359597987,0.3456159273384518,0.2718383902612531
0.08545368012986262,0.8284076777053635,0.6229720929737568,-0.4596549960562407
0.7542850033707188,0.3548925848121341,0.23789309138627868,-0.35582567083221633
0.6788963177219041,-0.3542021442015916,-0.8806583496546033,-0.5385548656898894
0.029936283406054788,-0.7683003851011239,-0.9004530812930909,0.3060584230610708
-0.6264292022143696,-0.4178636158076511,-0.6186570315304285,0.7907667345091071
-0.7258435101556657,0.3518625846675062,0.814766601313216,0.5886040132072862
-0.13009514195357924,0.7471233406858585,1.0386682617133787,-0.1901644148042947
0.5392707007159894,0.45940314044233405,-0.11369264556150782,-0.8356447339470507
0.7210752040651327,-0.2135197139708113,-0.8418105440136542,-0.9128574628668845
0.1769748399107095,-0.7520526678409545,-0.8370744626115267,0.08117527889303533
-0.47634557167488667,-0.4931170371953756,-0.3573956901189204,0.49454354507331655
-0.7415038710205114,0.10361278824484178,0.228727630916139,0.6044893231558378
-0.25997731892477255,0.7072376408320293,1.2996873706343606,-0.4238107749693315
0.3632802558709414,0.5746550892120051,0.37307722745052146,-0.3812931615033244
0.7027423286364255,-0.004398673961478941,0.10245892190956396,-0.501395699647103
0.43144377516456944,-0.5669285232950836,-0.31852560945966807,-0.13702999130728033
-0.2957760971985529,-0.64436766194012,-0.10252949682706763,0.23998804616685798
-0.7314185433731247,-0.14049295908120912,0.09689358839670092,0.800530639940524
-0.49301964345070315,0.5682150621207515,0.5962339090706017,0.5441993894394842
0.14003228941682413,0.6709669212211096,0.6290445296197167,-0.4408673043308853
0.6780884814871164,0.17234695952803744,0.17917266321300196,-0.7121990093446595
0.48418456229174345,-0.4309809299636927,-0.18642911408187468,-0.8120010097845987
-0.0025188052636075514,-0.6750607251375756,-0.8942117276315645,-0.13515529775113777
-0.5351394880750903,-0.28777221716799567,-0.06234182982927661,1.0079324152988596
-0.5513665989423543,0.36774242986992134,0.7703534858118529,0.9039686765799628
-0.0020606511413562563,0.6637182039569653,1.2899538293338957,-0.015289625339045543
0.4635386665373521,0.3437022059611258,0.5613693010076478,-0.6610469531624119
0.6866391698164569,-0.2335120316205519,-0.1235890815050128,0.04448227308591568
0.10496926360980632,-0.6313287312307706,-0.6489812152453857,0.39679934688785723
-0.5159331745285192,-0.39585993426391214,-0.18887274820648364,-0.06869681002420774
-0.5216919683860604,0.20031466004331933,0.0566934680070208,0.49272286271488425
-0.14788185094252287,0.5572628729323857,0.3018605806899081,0.4406815589596652
0.3379115638326189,0.4250510866633816,0.5930265948737146,-0.14808314476244977
0.6187063790605126,-0.01768340345873186,0.4047496526269956,-0.6765219961690514
0.3068428370170031,-0.5309454479012766,-0.6032741325182791,-0.11497865237439842
-0.30585915561981936,-0.5139710189228633,-0.06829972252050703,0.6035858756754919
-0.609846044085459,0.01899717122055212,-0.5354073663659509,0.0728716134197321
-0.31919478898627174,0.4585555011839181,0.6340212209971808,0.4878747134688166
0.2334752072645106,0.5053660009194001,0.4100490659647694,-0.5947056978509241
0.5524945636125878,0.04181232478821807,-0.2543312811399723,-0.8834179886140281
0.36026285801963687,-0.42567579267190164,-0.3115007814891643,-0.5410552809816035
-0.105616921016256,-0.5451522997307233,-0.38202889898905523,0.34202844940579347
-0.4980928816720281,-0.11035433726973275,0.12975755305027148,-0.020423989007608695
-0.42664844201455016,0.3931158172515454,-0.15268709900196326,0.9162668620305009
0.13181060995411675,0.5713510503879222,0.4402857282615653,-0.1414043131353282
0.4761838210619864,0.2052861316020462,0.1971661943792194,-0.05239086702813353
0.41299610455766994,-0.32780791460382563,-0.3321872727123948,-0.5760623300889104
-0.002646486028750998,-0.5213739986802199,-0.46343644224843245,0.16576965214575107
-0.38464588935441624,-0.36999530538594744,0.06532803129829595,0.2758298762916747
-0.4311196437250321,0.234459840537302,-0.09270173907940465,0.07534762291065686
-0.13389600126481793,0.4762482912187113,0.6357733820771079,-0.15207282713132098
0.35413329125075527,0.3355053321847227,0.10354232969172178,0.35596823692456453
0.47470651620322024,-0.16446683416745606,-0.19100897396345462,-0.39180479549511793
0.13975587334908227,-0.45728355218954947,-0.3795106421151699,-0.18638808207093904
-0.24682040889813592,-0.29330028857745727,0.02204964995944081,1.0913635670777084
-0.42508361257575633,0.10891144332687247,0.18387324768502744,0.4051592745778136
-0.16091366264396026,0.4939379332391885,0.5640868387495666,0.14571604771884822
0.34329305114713676,0.3505718327256671,0.1362111514039524,-0.2526328888749016
0.47413520737194453,0.007375850660004433,0.019637018061286204,-0.20113862306736335
0.23194328942796835,-0.4115554667229161,-0.6489309305504389,0.04587211224007376
-0.16704985746454604,-0.4706571665875597,-0.6069840853558082,0.2719008327943384
-0.5252171863953684,-0.0754327058506466,-0.005497761747137453,0.4398216973121767
-0.30698240553891953,0.34487346992203477,0.4014705126277962,0.1849823041086307
0.17666986458974562,0.4377242562077472,0.2859731895950943,-0.04543448610268036
0.3461902030285159,0.15255149731254955,0.09062115804296056,-0.5034549220883222
0.3142750937834467,-0.271884839999434,-0.02181226985019491,-0.020043379913287085
-0.07534837692284646,-0.39786121476149067,-0.5180465549243501,0.084470838843059
-0.4450193961451522,-0.22021957351200985,0.010641530829597345,0.48180478681613753
-0.3303823197518504,0.24618786863552752,0.20432985514297897,0.23521012456907395
0.03863131376693001,0.39977168835224913,0.4355817719985034,0.18734647690991285
0.3439473011026364,0.2595315384863345,0.5697151376076787,-0.6367960805396142
0.39808859943434427,-0.14623829420209805,-0.3987730458968991,-0.19054076459777525
0.05955329928960268,-0.4273308727972126,-0.6758747350640034,-0.023919200950551223
-0.34936960344756096,-0.2766785743568708,-0.2786808319751266,0.4149977333597977
-0.38315844131383675,0.12839030753936864,0.40769270550393727,0.09626044910822015
-0.061146385959063375,0.33861216254129883,-0.27636716696709807,0.17648205799097122
0.2860264560438052,0.28569102205394503,0.6703594663066509,-0.5381559464618737
0.39540160786783823,-0.05520164812988394,-0.007769975702879295,-0.6017263800919054
0.09232767579839482,-0.4077855330991108,-0.2631590086818636,-0.24447423028499976
-0.2131829154677185,-0.31848729864966707,-0.3553276545616685,0.31101956063243424
-0.36050413777111195,0.02143597247523879,-0.12871167736954708,-0.06263942632200763
-0.14952395772365368,0.38792090734634027,0.47702022073895956,0.28107335061899247
0.10611123174523733,0.4006727211902165,0.44631039338051864,-0.4922413555540098
0.37617223964499524,0.0260860672946115,0.07471319854202463,-1.0714773357284137
0.2711998825239148,-0.2975107026029829,0.11414843705310249,-0.12339150215563782
-0.10823530595601911,-0.37921682453858896,-0.7370318737400651,0.8336665115140369
-0.27646578447981945,-0.09232656629115514,-0.11482238386049698,0.47162306406969695
-0.2919347947800775,0.22893250881240418,0.07785384975951534,0.8587556529403301
0.03354648414969474,0.27001958034707857,0.2132162584217978,0.39106492235757323
0.34630302772044536,0.06676702494392063,0.10352255171872521,-0.5224505688981674
0.3489065565456203,-0.20052371904833777,-0.33568008018958456,0.017201304409178858
-0.08919574587724663,-0.2749255944278419,-0.6141987494960911,-0.012746307511265487
-0.2733048144295926,-0.12332322567984544,-0.667950892922184,0.223338181738868
-0.26297312067731565,0.20829635635993435,-0.05895023007907424,0.4718643867525292
-0.01134765800870825,0.28553159656604976,-0.020367249816732637,-0.3825248412854776
0.2890336927039873,0.23296063198819358,0.24425724788586164,0.41408875084403385
0.28496659204116387,-0.06100419946382131,0.10861496029204304,-0.5450858801900177
0.04845642965958909,-0.2949924030994361,-1.2015058215222225,-0.13800162105008007
-0.2249921079943847,-0.27199949937774126,-0.014047012510368523,0.3241845454807747
-0.3605323349094103,0.012619090033872557,0.18749171004767862,0.0099888992393685
-0.13115686271203453,0.2706293021964634,0.42878556078877456,0.020294431095558285
0.16312539994968742,0.24632346017783907,0.18454773350685932,-0.34706748930565756
0.32195098090125607,-0.04823756547526857,-0.5759723224502977,-0.6637368324986259
0.15640806879078975,-0.2291427680120874,-0.41510017867548543,-0.24788672680060367
-0.15422378635954664,-0.23221126991934518,0.31406669712553725,0.440450893687144
-0.2837259985062325,-0.05147816384460829,-0.16455935097450108,0.6337164740499596
-0.14816670714864644,0.18758665135584202,-0.20962032822016252,0.15892693343361006
0.04656275524763163,0.24148556059150716,0.05112596600980318,-0.21338918784400598
0.27922321219699314,0.0494107893567298,0.1788635990145157,-0.24276456403949584
0.23037631163814198,-0.22042331953585498,0.23844323801690118,-0.5684303174409144
-0.00499653518276106,-0.19170360365039407,-0.21227546099265018,0.017930225628007557
-0.31574550306838184,-0.08403593434285778,-0.23083689161600682,0.45078658150080236
-0.22333424221134965,0.1411733228527088,0.5912875836546874,0.6093181692155502
-0.009056474422056631,0.2633283102439574,-0.12344380517320973,-0.0958360129590903
0.2326817972534226,0.07568933578156026,0.49635476891150304,0.08609716470930923
0.24136538339389044,-0.14569307908163287,0.2587280528650593,-0.23020276137689574
0.08556313599359179,-0.15130144423016045,-0.01646927168469441,0.02031048623683862
-0.1864268779123438,-0.1759229457110241,-0.34454273765990234,0.11967800843606699
-0.16771451689161315,0.15818061365155017,0.37378430933016626,0.27381354874384695
-0.10685933018862567,0.13436085615972315,0.2462908715791194,-0.10373658439502331
0.1916534276025459,0.20900269572525154,0.09589037419272903,-0.4254009044153073
0.19738982779547853,-0.04065310725144697,-0.18048917774205586,0.2506412863216822
0.08467003460207558,-0.22136942825763678,-0.18235378673188793,0.31526874879116995
-0.10601057781953802,-0.20491565917570997,-0.3068866635093336,0.11060275019271607
-0.16375766825727994,-0.020105577747630873,-0.22365634563436446,0.1512135341978081
-0.16976664699163382,0.24253262039091406,0.28550136026784845,0.01382795460268954
0.12103025736170886,0.17866479082376777,-0.09125535036781429,-0.12990820568066191
0.20267121850553535,-0.016453510078010436,0.33479308665183366,-0.15532439683881785
0.13902016813535845,-0.13910958279062502,-0.0422174232938452,-0.17557361523550627
-0.011297135243431601,-0.1891888916522253,-0.4137844059546243,-0.03364044375941802
-0.2064945439126415,-0.06425477999665484,0.19338546067315998,0.39418223193694035
-0.1790174625465259,0.1719798514157992,0.585454442026995,0.19038670535162366
0.018842258992421927,0.17657402464315422,0.1204111606450232,0.13335755838295632
0.21589888348025704,0.1547352944765929,0.049423361909667896,-0.28553569063662765
0.1641511157884562,-0.15229399463226528,-0.04452417872043313,-0.33731094373649223
-0.02680383147665022,-0.14933096403054005,-0.20541281471326223,-0.03212340739486813
-0.12319174082966272,-0.14508968006102485,-0.3446199857356877,0.2095571245583052
-0.1966954298052121,0.06139841235662494,-0.002839882053277537,0.7284498104349894
0.026168040634416995,0.27609642383851296,0.16324435503079826,-0.12239573300872317
0.1725768160501876,0.05007759407537621,0.06305410149105115,-0.35564873284799403
0.21237360046882883,-0.06224930564147142,-0.3283839970720659,-0.32595060383789537
0.038979416202859066,-0.19502207020310833,-0.27377904909825446,0.2980602089599264
-0.18982846041357584,-0.14844927188621282,-0.2528764528629092,0.23841504807302336
-0.1822219361973588,0.09400658127968503,0.1715236949374141,0.23782413345298517
-0.08515612680381755,0.17478893623766,0.4124086524741259,0.3776813085088324
0.13596681124002347,0.11048899587833379,0.5087652065735807,-0.1595908311847282
0.21963932515754575,-0.03815123307686384,0.17098965572928435,-0.49877670801810364
0.0487329249005226,-0.10710611622430886,-0.1932946813615906,0.270941154466129
-0.05438471513194157,-0.20188950453417773,-0.2872743106427486,0.53246912873069
-0.22837782446570393,0.020016558166362178,-0.5243619215810436,0.4103594626379757
-0.13585350280322867,0.14614736183855306,0.019330647253779643,0.2764123079756751
0.09072631526802943,0.24312182850808997,0.6854585219567039,-0.3066026958836075
0.1764423698750641,0.07799634969095423,-0.14727597370484805,-0.09565777471770662
0.15882084613954434,-0.14357997667468073,-0.24144044903143244,0.07182454704637957
-0.09493063592984169,-0.15099011251145808,0.1219286695598736,-0.022195734153809266
-0.0747134298967288,-0.10892367731995449,-0.5538501808642943,0.34928297565442595
-0.16784414435124367,0.11165672802762097,-0.004974484762454295,0.5091294181879645
-0.06583877507978864,0.15326952743972172,0.20415436304047244,-0.21028498233711612
0.1567517443985104,0.14206104262096295,0.030526735954193862,-0.18792183772906193
0.17167638366501461,-0.00797460340303402,0.13116147663460107,-0.010454627313328732
-0.02394349406123294,-0.1674260576159892,-0.757971772503628,0.30183706652590486
-0.1252086301732748,-0.08144369872008489,-0.13883384541379953,0.07624413563272175
-0.1901534378054186,0.06003877428518469,-0.17270158210781317,0.35214559367855336
-0.009661445691194162,0.14227200563536144,-0.05712218770458738,-0.46946966545978197
0.07525869633312038,0.05224580520942948,-0.2582031014509618,0.4896292781152792
0.21572047163829294,-0.014846129212114933,0.004859180959823628,0.31066254900089985
0.024435874433456566,-0.14724554033228107,0.14928497740646376,-0.4573735769098223
-0.04780988022885087,-0.16121624483341454,0.13318256868167253,-0.10055835781189668
-0.1364278668489168,0.01391197932180242,0.3552379904848339,0.008691108552853375
-0.09729006779483293,0.172061608099694,0.17608002813379794,-0.21637792464258468
0.14750950690333214,0.13008671667098176,-0.26493116919451193,0.10040930057620918
0.11573151471218492,0.04729557873971896,0.266564342016376,0.3887099561022897
0.04418048644674598,-0.0986670799118604,-0.4481081686764585,0.24849580264058263
-0.03143442859423758,-0.1885280002417067,-0.12904581336040363,0.2593615550386144
-0.13129127197345467,-0.021036966502652833,-0.034434134221729834,0.1633952098732165
-0.16752962135750052,0.0953185770330518,-0.37054623331580505,-0.1755588365544601
-0.01314362142993725,0.045060766694999865,0.16692757456772186,0.22906523188733374
0.15344991801429753,0.06489075776814963,-0.5432481438918063,-0.28460942747153767
0.08808736456755131,-0.0021781802689730123,-0.2579614649581058,-0.025460414704796472
-0.05028832201769848,-0.16239624283451085,0.3670976340828642,-0.36231759246337897
-0.16088957454123803,-0.08484664127622382,-0.27385666502166073,-0.023554602349134222
-0.05879167977799756,0.07527502750183387,-0.37705396316412104,0.567488987128712
0.012722361485476076,0.10757665007905581,0.23270714486739263,0.16041325127633224
0.10664485294602656,0.051598216093430294,0.06524396775290972,-0.23685739852850796
0.06182223080149304,0.01974717417878661,-0.3044560348729965,0.24721727603808988
0.006047919789704405,-0.14980871478560365,-0.40352322842139243,0.5396888008231061
-0.08389938480150123,-0.0951995059110663,-0.1710826343566576,0.016350125972137003
-0.11031200929881334,0.032694550075938605,0.11281445867088583,0.1989258108577817
0.021824124392159513,0.07900463785676132,-0.07227450209762551,0.5499561554981713
0.04392565434525807,0.06912938585419984,0.2788933922418728,-0.5584270617709667
0.13841120707575477,-0.025489664291088864,-0.21567203916219932,-0.3559719863611401
0.03423632482059571,-0.10007162027259073,-0.14103040427837574,-0.2087190234712497
-0.12546652004420122,-0.08294809938389563,-0.1553041251118277,-0.5234362826590685
-0.11530633721319998,0.03577977659301481,-0.22791129824715192,-0.48890001838040525
-0.1113616450057479,0.006633963288124919,0.03207614059129969,-0.07277698969958807
0.05621577422802373,0.04831854159258418,0.4805895736656791,0.36529679778015756
0.07842149408689866,0.014745994047331889,-0.08269270773000034,0.137186484172117
0.09994488684347874,-0.07537635098724665,-0.13329635589527092,0.24940787960956703
0.022150056289354535,-0.06089514461566513,0.28210536931730684,-0.12214282413688583
-0.13776285848776132,-0.037522447383124005,-0.21817391687837606,0.20066617846501178
-0.0722140965665316,0.05800675504291624,0.49356584256564506,-0.05896950493086084
0.0833061827634013,0.20201275896242768,0.576393143125106,-0.3837668584358057
0.16654238685212605,0.03478135590902575,-0.31803338709670953,-0.5784798296005643
0.029410485963411642,-0.04007677841285888,0.5024153170760951,-0.12618404425701182
0.03321194882873773,-0.06316950692487987,0.3545298894019533,-0.01182677688174226
-0.07968424502743271,-0.09096611244091136,-0.039018460598254506,-0.021669962046931904
-0.07157455697391699,-0.008257221056687199,0.03714179210571954,0.2545569852433133
-0.03343634173441282,0.03862611745277386,0.2203022597076655,-0.36708292284081984
0.060052960142995084,0.0812337880676017,0.09278108578734658,-0.13030844777272887
0.12430172933602159,-0.04143812222634949,-0.36005281864448546,-0.1620086673657293
0.05375156598015207,-0.07111740418857787,-0.19621135787253732,-0.5075985825319447
-0.07211616952634814,-0.08820794139881362,0.6438682707264238,-0.10792509329826817
-0.08073538166447923,0.08587837024412512,0.03516127547057442,-0.00536154944352954
-0.07201315130644655,0.06891322273227804,0.15964656649694575,-0.17330751296282135
0.07720500283360196,0.09943624436783241,-0.38341698602626717,-0.24161068614979866
0.11465028938383062,-0.012721964005210924,0.22377949956145282,0.07461230421431406
0.056962908124193995,-0.16665431006339654,0.5158522782163028,-0.1920081155956939
-0.03653190461622701,-0.13279944339977626,-0.21530994218178,0.016740511520495077
-0.0824056752702315,-0.05944069586298703,0.1263350023448497,0.14778226180551016
-0.05089747632208858,0.08949930359853678,-0.06261095081051944,0.4537249065297156
0.07988872883055895,0.055142134716464015,0.08551711139024597,-0.030592039755553274
0.034177643677008686,-0.01668107815925202,0.12479107544102516,-0.2908526170292107
0.035810955682448256,-0.11265511239623896,-0.0034668781235554225,-0.5840091391106683
-0.020597960978660457,-0.0987476087862993,0.15061589988459648,0.14164448269848778
-0.18169873509287704,-0.020789129380568178,0.1425503561858404,-0.13399966092726537
-0.12348866339529951,0.08795799816981698,0.09310583132792483,-0.10281686905300451
0.015993942557166914,0.08398911708464227,0.17610885092725118,0.10776682505924236
0.056713714293744465,0.02825410592392297,0.1324247750552545,-0.11693200942164877
0.06933893431890269,-0.09503328600565138,0.16397276160126836,-0.09589659485466218
-0.03879339568666675,-0.09375538178586058,0.038650161896293875,0.3905817008855612
-0.06800744293825307,-0.1518084413347815,-0.12945062717474434,0.12558486703772428
-0.03473625562344576,0.002955536802238541,0.2243878111764762,0.08506568562884904
0.006260047480749556,0.10804089922684257,-0.5841787963404168,0.1297947705189556
0.01918247561670303,0.06330735670549807,0.15405501540678698,0.2872167249155186
0.08070801862117542,0.02074833704216798,-0.14970027942671077,0.35118141429078903
-0.011413067334196829,-0.11386544801296833,-0.8316534820348878,-0.6490807766491815
-0.10499825568569143,-0.062255009950565036,-0.49205304454308074,0.22269696271332481
-0.13338885360942299,-0.03575718986796694,-0.24891853602973682,-0.13982079377327047
-0.031872146371567794,0.08492280207615194,0.06352268436581543,-0.17966794067729555
0.030155155020906575,0.08556667110414362,0.42612642444593785,0.16358304937609347
0.06947753424278942,-0.07343106097632908,0.1791722757789841,0.017271292605953587
0.06158158002330219,-0.08145008202121601,-0.14976253127484992,-0.09311103265347957
-0.10230803131612279,-0.023778415559358806,-0.09161061721493817,-0.27517503912710534
-0.040175705398636644,-0.037039773444451876,0.4075046854947545,0.6635492326269468
-0.08757576962651199,0.013491023461517936,-0.46544065798614176,0.16756806163714466
0.014178811130621433,0.002833019641463666,-0.10932368614228655,-0.37371113061578626
-0.00882066231803378,0.025466481526320996,-0.1754834800492044,0.10545287220257646
0.06726303653655578,-0.029330185267412517,-0.3782965795629704,0.01296168312842929
0.02132900867465503,-0.01357375696450127,-0.15043149121918906,0.24195944307888956
-0.01956923993935822,-0.038391048734084984,-0.49366910756789645,-0.22541350529560175
-0.10515670661173716,-0.0046277718430962345,0.02321138806672101,-0.3816478039936564
-0.04584567577394004,0.08402059838062817,-0.1792548838204823,0.21865321490219156
0.0024994814012591626,0.05466576175188759,0.22808201110138876,0.03261722602884789
0.06408942172282359,-0.04779274028679758,0.005515372911169963,0.2501548810563301
0.05914666925307278,-0.04028784830880955,0.32225013183720325,-0.3188201555351215
0.0018120758363156103,-0.12130928757050104,-0.04393067416096335,-0.41988695662474207
-0.016657329393413037,-0.02405024167275467,0.17161729644307067,0.14864659262562804
-0.04834342540327638,0.08449684272965709,-0.12760237723040474,0.2507952618320434
0.07287620823717883,0.09632556635508006,0.3132748402379712,0.18067784692687092
0.10379548549714948,0.005759419316403263,0.4493549302732792,-0.18296565461364878
0.05850789099866269,-0.05686122017690659,0.2955600692618828,-0.001687307004167339
-0.008914963265784436,-0.013426690668655025,-0.20979158021478575,0.04362508106512293
-0.055601541774064865,0.025800347372280596,-0.34896824162022694,0.2892802931653954
-0.016786475779586918,0.10927845921046103,0.038705423049817424,-0.2496192440088645
0.0018933648585935502,0.1225235690247804,-0.09308964351247791,-0.5166126068274035
0.07306434880005512,-0.020690886821114772,-0.06521819174947263,0.06364598453190966
0.053741559883093995,-0.0025544515860999387,-0.4394257193532782,0.2552504181265039
0.006191532755282087,-0.07084074048952092,-0.11458793210175568,0.09853279736986444
0.012607207533539909,0.009256650063232993,-0.017737956718865168,0.16053709335061483
-0.9427255905946165,-0.4048517389931822,-0.8491921980356409,0.12517405212473853
-0.8629997103042071,0.5494463675507179,0.3023640826159235,0.7843481810112957
-0.025318077448271945,1.1347614601591016,0.7223386736359503,0.00127176746785862
0.9297979658892122,0.6429173854849992,0.3357734088391612,-0.960461996875604
0.984894164188924,-0.48912881394112406,-0.15281787269620706,-0.7560831618745861
0.15368313954923013,-1.0660534304108287,-0.6717279104975646,0.1524402320688345
-0.8469603778350389,-0.6911846543125437,-0.9825951670078414,1.0206338551434129
-0.9949306796075018,0.35908071044269396,0.27167379672088376,0.6271075364129778
-0.2480547583399512,0.9236308973128081,1.0996803076992558,0.1631975344144443
0.6365693887312985,0.6923819192902847,1.0590712599939434,-0.8479820949445382
0.8957746727837511,-0.17796768484831624,-0.2540843189072811,-1.0117125815074024
0.3441220617027406,-0.8651676916922599,-0.5806369464003674,-0.01868769655696434
-0.4842053983211589,-0.8082645318209337,-0.7175462679054736,0.3679436357406951
-1.0086745139598388,-0.026050366599283725,-0.07473912091615131,0.9894773761581466
-0.49103892456833065,0.7495695054890894,0.7622597683229362,0.9249770540337715
0.3681660218006336,0.8677197127452061,0.4488854663002506,-0.7316231226877434
0.9429647145751746,0.15306770778393558,-0.2781617419397636,-0.7206607721079928
0.5981099873630883,-0.7300657790422724,-0.8869768887627618,-0.6610279143960246
-0.34090241718245123,-0.9044760152965551,-1.0618512824282307,0.0320516832829415
-0.8668751812929009,-0.2003430666425164,-0.5092169305497546,1.0628980802826278
-0.6333111926507178,0.6146153813072839,0.4735576984435924,0.3954845287436515
0.1090488996132725,0.9038345993068807,1.1312836141088725,-0.21995765408165335
0.8259093068263234,0.3194332731882453,0.2089917785640527,-1.0006937268720413
0.7158006698723479,-0.5590160418543891,-0.35040923902549037,-0.5523405455377667
-0.04421902426628342,-0.8658201052687682,-0.8949143256784727,0.46113517434041185
-0.7594870195754099,-0.3813233837569984,-0.3425836422076195,1.1563971035475773
-0.7230060565471726,0.35945598283029284,0.04674095886847751,0.5915755530005812
-0.10178555015889738,0.8076129753658203,1.0520149333639732,0.1722127711670457
0.7010460384589035,0.5475130423988349,0.4833050466470207,-0.8196892169475134
0.7717223401346885,-0.23897922972261926,-0.14526895260326744,-0.7050768598082576
0.21105619974156825,-0.8039523724540755,-0.94815770961101,0.12416521497050304
-0.4756156898619379,-0.6481403233197649,-0.46962881217498365,0.8130280108021309
-0.7842052475366873,0.16118118500461592,0.6655004897201233,1.2112985412982318
-0.330579091267402,0.7212017582276214,1.0640244640965877,0.7042944802574719
0.5407360349067356,0.6300640916718286,0.8434399944155602,-0.7984460100210011
0.744870137215701,-0.021520592001143507,-0.516719642792749,-0.7082274153905386
0.3893052533436018,-0.623115714592964,-0.44877054317041504,-0.3570011464631012
-0.35140005104841465,-0.6982985498712696,-0.6574249592740444,0.4784173088987498
-0.742998623797097,-0.16933896089572437,-0.6473091209450221,1.1297268655568367
-0.43070606749870566,0.5895566751782626,0.1397278772885019,0.013922001556340713
0.26407845955721865,0.722101536266522,0.7510281136657395,-0.6494659381268475
0.7059701953361621,0.24209115991249852,0.6936928579658125,-0.7857754611733666
0.5012382769842295,-0.5193831238859754,-0.26836411434156576,-0.4595499262869354
-0.09978677076664194,-0.7257524971362189,-1.1373232529580597,0.06196394902092672
-0.6723376487131846,-0.28889919764900723,-0.5290444154607987,0.9117823705947153
-0.6193946365495037,0.3668710513885463,0.25407964485599455,0.31574352024422714
-0.049551417974087436,0.7507567217484709,0.5663703770855952,0.2253441095672759
0.5701744102240813,0.3221028822211788,0.3570488680055167,-0.14774762786675832
0.6194808152651092,-0.222479761954125,-0.4219734493547528,-0.520606690519347
0.15848086505618045,-0.6536515719125682,-0.3632677893253335,0.023068705565126302
-0.5840677167898816,-0.47432637056365945,-0.4451932874377862,0.2053381462571316
-0.6386268456699797,0.18896477387975372,0.5334250420692283,0.4692670034028734
-0.24252052622942372,0.7046979788441081,0.6838025358840305,0.10855798310203613
0.4149649733782721,0.434630851007682,0.3470350241435685,-0.3290950968815884
0.6634504924979008,-0.13330702370024955,-0.06880707874319048,-0.5906297953248488
0.2609582483852307,-0.6559943620911721,-0.5479693725940311,-0.5242318309214461
-0.2974194185797736,-0.5926978467265547,-0.28395341196704754,0.19315101646263239
-0.6710110958118328,0.04259936957108171,-0.6890739765623038,0.4920655312448592
-0.36897218696365097,0.5384185764879731,0.1524910604370311,0.5230570993921285
0.2988175965605904,0.555364441440216,0.915974050531292,-0.3902954490606114
0.6064019225715055,0.0033925346414864777,0.347719382564895,-0.7151180799454061
0.36145216954933945,-0.5029886024697096,-0.23947895974998357,-0.3330078595775299
-0.17347948745346842,-0.5751514498117468,-0.9618580951872457,-0.2621649660662584
-0.5741793569517278,-0.1377146091192289,-0.26072318323499155,0.8791293214847192
-0.404366878339296,0.4871359228614782,0.5222555306842319,0.9650576788715411
0.05162395847733613,0.5461055793991955,0.44363048845940956,0.12223076572410674
0.5492315607306243,0.147885500272889,0.1745364126899407,-0.7073661955957002
0.5023698461459234,-0.32218372912029286,-0.024135613265424405,-0.4323782698340248
-0.019675890260164072,-0.5701136256560816,-0.39648606686319293,-0.07292771370649764
-0.42390970663051686,-0.2814200776604845,-0.7289501891333685,0.6917117743880774
-0.4972600700693984,0.30387270883911977,0.4517149389334463,0.4846385862892111
-0.06353568730611722,0.5463680199212515,0.7810067579754091,0.04807033659278925
0.40580328722251613,0.3236280984557023,0.14926666442849817,-0.9640663830502331
0.520101591295253,-0.09208341785950294,-0.39786594181654117,-0.46139926821109967
0.09168175580416885,-0.5165186702893484,-0.006579442733288254,-0.02849542048294018
-0.3924913479434341,-0.34775366753741077,0.2276199482308336,0.3953403166647193
-0.46209628496614225,0.09628443658942071,-0.0487356108182424,0.6895079637644504
-0.16599502600126795,0.4655757784442265,0.47787733758314965,-0.03128165354449097
0.23636490409387223,0.3564700956224522,0.5414906295449576,0.6068311625161138
0.4870485028019986,-0.05748337062590822,0.17592244415545355,-0.9095778260123677
0.22420368784205735,-0.40310506415814995,-0.6498695706376262,-0.35140722084824855
-0.1754223707842678,-0.45616526876497254,-1.0902595895445668,0.2951176656483426
-0.5182063480325858,-0.07143392492501396,-0.23501886152073548,0.15948077334763508
-0.24421486211406543,0.3478618456259166,0.28115861067665865,0.40786805335530696
0.1674235859179137,0.41263642559962377,0.6302250176137127,-0.16405880665804035
0.4694076333946116,0.10475148799174613,-0.050818477422829855,-0.17239449461066764
0.2995045052518949,-0.3407566739203286,-0.3988613350170972,-0.2896315451928591
-0.052625078607162847,-0.4712661124761326,-0.26558424585280765,0.017930370602990964
-0.44731609759188573,-0.15809131726460318,-0.09713599625383068,0.7196313415812939
-0.3972389476988447,0.21517190846822354,-0.26075036575212707,0.7394471400552147
-0.028689469890464205,0.378191705031616,0.82000901475695,0.13592181745016446
0.33939130624196756,0.291427974155152,0.03171110053390658,-0.2665354804224566
0.2805166453088346,-0.2381250916967522,-0.23242377425465227,-0.3053377357720656
0.06090313332325453,-0.4071019975722962,-0.13854349406563277,-0.03929915959256153
-0.38883936083765486,-0.26423739322974704,-0.16238689350755342,0.610237108462335
-0.3440324189601427,0.14858743266357993,0.7824054506436506,-0.04730380575450527
-0.06281933289157174,0.41473537916250947,0.7646475206573996,0.8241928566524398
0.2967314852419129,0.29819731369184693,0.10120677777276404,-0.03296146370452252
0.38843473083512636,-0.0006060141823794191,-0.4103059564960851,0.3181107699013523
0.17650879887927912,-0.36150216224926046,-0.722780267347771,-0.06723464700265636
-0.18764013653867975,-0.2834416815652594,-0.17960856069383482,0.27465940720382886
-0.31966976986428214,0.04674577128911751,-0.04920536553536692,0.8584413274566843
-0.19281841881943274,0.3404526469523331,-0.026092226032031762,0.255509873420843
0.09989200521130007,0.336115362237878,0.3302185873824119,-0.3355177866580361
0.33109810104834114,-0.0014499591506932745,0.017653002358502534,-0.5774059464027618
0.2394490533426437,-0.2508790779533559,0.13565610131923644,-0.31290281361033373
-0.12686061075989696,-0.3417009280364775,-0.21740125850680095,0.04181074007975072
-0.36104277754937564,-0.10448995531211522,-0.056718315984953804,0.35807003694372785
-0.23812923886632142,0.29914493673774917,-0.007711629191981262,0.45297595669323787
0.06439252582097744,0.3493756851264839,0.3664089254648795,0.25279837319488657
0.3900178558773256,0.10706772808759157,0.18467900669778742,-0.2480020226350585
0.32502090900556824,-0.27492084408719325,-0.20244139469385747,0.26491191378009177
-0.056342196996891636,-0.3487573850127759,-0.8443218535024735,0.15627249617505584
-0.2807938286399863,-0.201393538864809,-0.38024084864739544,-0.30065932010574764
-0.24744885413986387,0.19909976920217098,0.706919037808218,-0.09702685758468291
-0.04935703180509451,0.3188064539457971,0.3586447243795628,0.2880287929959971
0.26205578506579236,0.22693862480985527,0.004167445605642306,0.10425770908723597
0.35946510689671746,-0.10291736915354228,-0.8327523304044451,-0.11113258750945723
0.1301773243702511,-0.35472071791741716,-0.31206237309092594,-0.06532728298823481
-0.3120901688378807,-0.2539000441485841,-0.19549632380375687,-0.08719244252421252
-0.2875440274366708,0.08746265557703413,0.36062041406233397,0.7021639067170657
-0.14786450152643973,0.3533004933570213,0.46972883074731353,0.30162861769170407
0.1918218188661093,0.2753897462912411,0.30192860864483734,-0.2746764555042781
0.32722943478199296,-0.011649019364217634,-0.06335241582278855,-0.12901496014192854
0.12710725248776417,-0.2926279880538746,0.00728055082507284,-0.4721196357277088
-0.10682310172487958,-0.3873432839010586,-0.26231206802896323,0.41570838310902164
-0.35338666904027044,-0.15162102382778359,-0.07882970212592322,0.3185411710762634
-0.1526069166129867,0.26194074845161075,0.4758428895852884,-0.142505998997519
0.09732130300795275,0.28623610601460175,0.7057504864719305,0.055197324193468345
0.32611565284272404,0.048595600564004686,-0.38643217984816736,-0.676532835672996
0.18366490336628097,-0.2605106430057157,-0.2394332757293255,-0.029216400382218316
-0.06630076828043209,-0.29470006144913397,-0.3782821751253296,0.3628720339542668
-0.3314014901451086,-0.08666868851729989,-0.3640482260533823,-0.0054907633096992065
-0.22139505956105113,0.08041885425194378,0.47632363784533127,0.6492001719075536
0.052949895166082714,0.288920086268967,-0.2091609489380377,-0.6777376018853505
0.22476134233043388,0.1570031607967106,0.189348644233307,-0.43120448234129916
0.24841134676194832,-0.11689945628072099,0.30828286376193476,-0.5294716789758506
0.046460702443625504,-0.29273490994481677,-0.07163629508237931,-0.005748362240912408
-0.2012730892565311,-0.21503033612672268,-0.2582663332287338,-0.21676116326326017
-0.24233489432376099,0.1280510573503112,-0.17499938454882957,0.444108281286211
0.001717508105096681,0.32174292794359527,0.46784881275710816,-0.23249876086539917
0.1870420417301046,0.20745881227464266,0.5424298036846901,-0.3785686036287232
0.19680979143798266,0.01392944728157005,0.5258124217064709,0.13342486546813268
0.08078234553218704,-0.20647071988173138,-0.2677606658956179,-0.07972815466820646
-0.18448013885911269,-0.1480169733286517,0.02396136130969659,0.39639155493391615
-0.2272734697655623,0.017325582626571433,-0.4287872139453705,0.2845466043964272
-0.08357907363766653,0.22346476937041684,-0.21133139200893047,-0.03486761832476287
0.15615713088557417,0.18437592243849235,-0.23123648149693712,-0.17352333207881612
0.2393450920345044,0.019764366750127684,0.14161866896104186,-0.14855771561479744
0.16415704507386505,-0.16717576813576646,-0.003924244657007581,-0.1512606851243163
-0.12053679476170231,-0.24827787231827236,-0.47280677618123307,0.3278762370439013
-0.22902266323823312,-0.07423701740134456,0.05245447673503628,0.13521859549602347
-0.1614251788205195,0.2053439003761766,0.2820339737678959,0.24608748462310315
0.10716923156131603,0.21074831399690705,0.5547002662291354,-0.1949669317699118
0.19838538694835905,0.0853523572172205,0.08162044941201194,0.23173013659755917
0.18260161415412934,-0.1888524505830559,-0.15374506642920546,-0.7403498017791
0.021300378554568063,-0.27413621945171,-0.2756069311710485,-0.0990586230533623
-0.2121038133464297,-0.06069411764113565,0.5536427024775242,0.3337452378978886
-0.15260457472918648,0.1532576121358694,0.19858208024742002,0.016618305034897807
-0.01861256492071208,0.17955579591922785,-0.3786162864615522,0.22578582803456398
0.15757834451589797,0.09868352957872509,0.7506606010178419,-0.36936827350609636
0.20920158772722308,-0.10081405570894718,-0.3602204801886906,-0.48826421504164197
0.07033437187983411,-0.1486093078788888,-0.029251339378622704,-0.23115916591373922
-0.17185470954876628,-0.13756195559621365,0.19550686757990793,0.2804771231612192
-0.1773288887420682,0.006767890814069789,0.22307514447093765,0.3146813389175582
-0.04154809762555067,0.1767805280601584,0.06701306873611312,-0.5736544827813386
0.12472188773058986,0.1588596787571161,-0.0457426048084663,-0.10691577391274812
0.23990035137430132,-0.052831453010252084,-0.2428266653600676,-0.03363636974567687
0.059257832992312486,-0.19464812207256177,-0.4246723483580751,0.3198535373597512
-0.060024131934109035,-0.1418982767086263,-0.6627239895886157,0.13209904314066614
-0.20582663846806404,-0.04895529458855395,0.23598042951747972,0.03419344574044053
-0.12679535088409244,0.2058627957600036,0.16316969477843585,0.4676148359097469
0.05419627206553246,0.1744584887412589,-0.06298109063094012,-0.0921184893322119
0.22118182978055304,0.030913617911329596,0.21368025487853853,-0.07928444511305727
0.15164312579915185,-0.18731891233059364,-0.06879433521823762,-0.28867563972989374
-0.0256160279618925,-0.1543492724720777,-0.3727822443868953,0.06444154873355729
-0.2171256260151794,-0.025740205882346497,0.03252079667909774,0.4521907602828485
-0.15889298500575633,0.17359727745793785,0.5102886380357408,0.4096703102560446
-0.015661318389160732,0.14041128757914076,0.3294622269953069,-0.0420993617166697
0.121507774586986,0.04538896384195638,0.6156354685983942,-0.04945007476054322
0.14057975176644272,-0.07097551728933722,-0.1492356543527562,-0.6983729398358735
-0.023113028382906547,-0.20171512742169279,0.1498133056538437,0.14678612018678774
-0.072314790746826,-0.08825699381303229,0.2786347833657868,-0.34814977180154777
-0.2049931570341778,0.08784650553812998,-0.511153945286231,-0.2064215143879175
-0.031639300449899314,0.19954256793830272,0.5864933150274058,-0.1135155977634078
0.10770330203514197,0.18787961438114567,-0.05194817787424574,-0.4167151401669941
0.0429680603276382,-0.04887161304071744,-0.1702784417296685,-0.12271480885412975
0.09970979979005536,-0.11843528198889719,-0.29567082678121404,-0.32635881909515924
-0.11726586468463777,-0.15326195051943814,-0.09344382622575399,0.3530015834546126
-0.05377765516153571,0.0280833382582315,-0.2095984355133479,-0.15946908710980093
-0.020352288775522608,0.108785769988622,0.22365986642757463,-0.03379367491095103
0.09847128534698316,0.10327334775196807,0.21521469101578178,-0.3005760117336743
0.1665171681508738,-0.011803161056803893,-0.20371315031615378,-0.23121594940044668
0.026460085695797733,-0.13699960244735204,-0.15653309428871123,-0.007771118713794864
-0.05008885306860889,-0.13206383857759837,-0.1486575411308239,0.16073247298910312
-0.12962334542785942,-0.020615981622091877,-0.3305005909914313,0.046849044783262885
-0.11091687318553994,0.08174893644262808,-0.24846533860850062,-0.4547675715146167
0.06014331086775059,0.1769464388691948,-0.04959602211450462,-0.34005531734783445
0.14751282494176532,0.04198000955933316,0.10018820016387875,-0.1348839031375499
0.10965570592702835,-0.07484199115215276,0.008412151884276131,-0.18779427548187877
-0.02840166039307513,-0.1308498795126275,-0.45197710245736866,-0.2420125418953957
-0.15578445948551056,-0.09137258586186776,0.046178062218109536,-0.4700409193886491
-0.15454608539207698,0.07140479097129777,0.24950983463377296,0.005678578526318451
0.013685136956170114,0.15690207524849958,0.33990713923688914,0.12814141476374247
0.07003088216761466,0.08852963454576913,-0.25028060911210576,0.25714453696569567
0.14812783555208806,-0.09057074832943376,0.001354991246520637,-0.20478889868704558
0.017745276289972342,-0.17822927319938514,-0.0006745877278543921,0.14589419960059066
-0.04619426076192161,-0.1267851842122217,0.5705855386700712,-0.10118844112103807
-0.20981887415610906,-0.031617165126989005,0.0831735936813275,0.1304262164299501
-0.0011040918593238705,0.13860683140772714,0.04306456813808698,0.013132375380483959
0.052004226102962944,0.08121526216044608,0.2420418991080394,0.050566683675124444
0.08724362383525838,0.013342297793068513,-0.17712391820093978,-0.18375955173141287
0.09924231500748967,-0.1932589822429655,-0.30000231827261137,0.0666834784222746
-0.04438282163404367,-0.04765073409823775,-0.056040423382406196,-0.19847176224735918
-0.10771143383895804,-0.06854316768071349,-0.09944721453609466,0.11895872055062572
-0.08989628487894769,0.1111585425651862,0.056347833424203256,-0.10470398448210239
-0.010304707544299171,0.12070560718812433,0.41314599060812984,-0.2178133429208607
0.07053127191252623,-0.05070978036587234,0.27723834746958453,-0.30461484264613925
0.04152388658924084,-0.019879705560316333,-0.12332086033229848,0.19084882838855108
0.029836218867723578,-0.10410958064695881,0.2527983747142769,0.31693080912028726
-0.11921834888745618,-0.0028764366501260186,-0.12622790489246852,-0.0632355602518358
-0.10134090302615888,0.0932825464642514,0.13648168312965947,0.27927402587324845
-0.015489966632260916,0.007056479320263889,0.005773696153294917,-0.44993647093944916
0.07878021990735891,0.09547827267077988,0.2640688998461595,0.1790059423552874
0.08851580116809353,-0.012076453941758214,-0.04522555885635819,-0.7798532207305886
0.004917894089175056,-0.20057899298802995,0.018555133507333146,0.04932671282548956
-0.08934406996462702,-0.03634986201922906,-0.042106803888594946,0.6336791931638088
-0.13374649944962938,0.0869077189089871,-0.05558606008277907,-0.08952593619092677
-0.08075660041056859,0.14887455477640033,-0.32289469142233534,0.05808565079943068
0.11669985449556239,0.09473910510180111,0.2799905345826305,0.019018288522402553
0.13033013913028535,-0.02967996947651236,-0.04258123405264387,-0.22159062177131594
0.03280594970304787,-0.10709999583559532,-0.24311223250835737,0.5687276720613703
-0.063441523333015,-0.1640123395047835,-0.07919422281758064,-0.43021644804911485
-0.0909018788474096,0.009982063344331913,0.03204296869569377,-0.005174457769181202
-0.044512352550564106,0.0821949986258289,-0.31236592829823984,0.4213703797771099
-0.012889598682434875,0.04615702575521644,0.2736374587374103,0.06452424613147704
0.11668967373326407,-0.02269443130018777,-0.027808671025314202,0.12417969906961122
0.0048241526247483485,-0.006225284714365342,0.40052562251279444,-0.26376966866151624
-0.032056665395527255,-0.07968602837159625,-0.5179076978813407,0.7872348975772325
-0.19747544607137413,-0.003919628164913246,0.17234377829364642,-0.058571221010620574
-0.07878087362243161,0.028348689845959153,-0.11124249752225632,0.13990614048666988
0.07176548919122239,0.09759128860016471,0.048439156339894,-0.16507186635813922
0.1420474735074233,0.07052429194830986,0.33983910738423617,0.3587454206897554
0.08241568916331606,-0.021130574378918417,0.4600654943522839,-0.38928049102467943
0.06141538205491212,-0.11249437350683161,-0.0765660078487189,-0.14254996205231024
-0.08353940957459233,-0.03797760441903186,0.3058007850863362,0.46184019781210905
-0.09792945892981568,0.035084506463621955,0.627003846857698,-0.14813331525217024
0.022745983927123327,0.1247243118235728,-0.18049579862502363,-0.13856845630778872
0.16421283917747476,-0.036255768128361045,-0.09242015242943907,-0.43782671470670814
0.0790274348976033,-0.018880316364450207,0.1831478313480575,-0.11665530265211131
0.017979043854832726,-0.10260890019403654,-0.042082608982842475,0.2545970475674289
-0.062495292112623446,-0.0016180879545337826,-0.010839154094321318,0.07458266781960456
-0.059135181694646585,0.026824824458192266,-0.2134160298185772,0.8895868997580899
-0.029046115742336724,0.09911372007389928,0.290729968329726,0.48259435306666404
0.025994361519614935,0.12335637068419127,-0.05570134887315052,0.08364463770629438
0.06333784561409181,0.007092274402459055,-0.1465403150997356,0.3146399904716681
0.051663713441330826,-0.03074590391358778,0.18654046046285414,0.11827349733679597
0.02071811628204947,-0.08725218943599715,-0.2535645397455522,0.19387377418271234
-0.0198173152965941,-0.06608450565482009,0.4240546401548137,-0.011097162019333036
-0.027779075343881784,0.1397823162194951,0.12870577357468063,0.37997086579736244
0.023456724407464307,0.06603451526506582,-0.23166332983943536,-0.06332722235096774
0.14057246023494285,-0.0476520028260785,0.1878943942381541,-0.35043680712045266
0.051549788815771456,-0.028270927125320217,-0.11382414676322668,0.0592604778235269
-0.036003260564447366,-0.09235341545534156,-0.07787143093216248,-0.39576874762504116
-0.13267012773653653,-0.07113681491447504,0.04047687349813964,0.30102127149169816
-0.09312925380750946,0.1284118015031659,0.3037682096780222,0.10953585405479502
-0.05560950480303957,0.030984387623250127,-0.23795464036050956,-0.06871411946900118
0.03084788268390288,-0.030063439870526447,0.0588274913572466,0.27841143756602893
0.07957117000787155,-0.0788797198555522,0.04385597388829137,-0.21281689834208284
0.0572265429905611,-0.09020491531668087,0.24338221172348226,0.19782379583677395
-0.011837049135437157,-0.026581029735239913,0.027807321919930336,0.053205549241216885
-0.05939988819135096,0.02223878988885651,-0.06542688543387742,0.3685513374868307
-0.010536475634263154,0.00792069519728815,0.13016059385838202,0.6345318948673778
0.14589119449998295,0.022020058951523452,-0.4378032122618648,0.03510406458003561
0.08192812821543638,0.053749217565879324,0.014179842490817905,-0.09779657020111791
0.0058062121936165514,-0.1166531548020026,0.06740565396310447,0.11600446136572802
-0.06770002108748048,-0.03662419941848096,-0.09982801626207206,-0.155534232017924
-0.13725116501145218,-0.007556463329649425,0.1033954281153867,0.33975026709114764
-0.0699739278250632,0.023850666637486348,-0.033229436321493416,0.2787079826745596
-0.011427093976586526,0.032205157047754826,0.1880592812662845,0.81649806476146
0.024347973490042453,0.01265356979425206,0.09686054803480525,-0.13805782665731964
-0.0014987333435130881,0.03928346736225918,-0.05884552651151516,0.1347216538535763
-0.011904305183452065,-0.11124771948968848,0.15441122375387417,-0.33137894592603745
0.0196384990677181,-0.013073041162262343,0.32682234635492285,0.31902219223475414
-0.013785130566971737,0.0751136539076997,-0.023490380933891136,0.21636207304454919
0.03538119316642213,0.09507186979038118,0.04741582827721855,0.36748169291252136
0.08247417724309472,-0.04035320389201714,-0.31220088643750166,-0.14097729601685807
0.07479582235287924,0.036777532996669804,-0.24426712813271087,-0.5429255773027233
-0.051262819316349635,-0.018941506545541074,-0.24677634546467542,0.12804065859096395
-0.11907842211439662,-0.06285077580892026,0.33940338368872486,0.2822591289691938
-0.0928748252841964,-0.041387503546035265,-0.4950480843398407,-0.2551078230811804
-0.04903644338561631,0.0399250830818053,-0.26703233263685133,0.24565064602221118
0.10242664434212312,0.08382175766001657,-0.30414526551823756,-0.0915477989300615
0.0413042736619937,-0.0461239816637341,-0.5546778285491691,-0.15881384028433027
0.091059436324766,-0.002731416378131707,0.24644474453021703,0.07633448572997893
-0.08045056445036841,0.04595928877844373,-0.08821511513149943,0.4742995047471044
-0.08968407689328645,-0.005349722419610266,0.4387395259505904,0.17105635461115673
-0.04371595810223698,0.07515293943560299,0.3291282366392776,-0.22947282191286936
0.023970724085554847,0.029663548912057962,-0.03146285824003428,0.029280306739755055
0.08489646036810719,-0.004763694553633731,0.06845332882256597,-0.44484594596537674
0.0422755498624684,-0.006482443128358016,0.13796272601856951,-0.5293094933276933
0.021678060403756187,0.0023081101253640685,-0.3867678598580929,-0.14856659384815638
-0.06455260403933732,0.03752152795432887,0.4458895766825195,0.21578542924771352
-0.02183698965191279,0.012759064319786448,-0.21127845971223608,0.1669957775783359
0.0808212078696589,0.08200537132653275,-0.2877869439954505,-0.03264897286127857
-0.0011070972963746345,0.05247502081797682,-0.6184681623676914,0.03418928579279953
0.04044679807470948,-0.09041697083227196,-0.1441486201572807,-0.10798267327656702
-0.024815714232984926,-0.08019283193540439,0.26643846786356123,-0.0007818761682985148
-0.11065658176726541,-0.04100859204546578,-0.16234989642398368,0.04606550842954468
0.03431730515493938,0.10441827306948903,0.5643471639725747,-0.16545462983899079
0.07882279271441928,-0.017634895972228705,0.0921999736263138,-0.14215972188340337
0.021492040093170208,0.10376664950557328,0.2234527384325087,0.3845125464612158
0.10341215555247829,-0.06321473260318936,0.2410256818719122,0.6648038899411732
0.04555480737317623,-0.063993777107526,-0.2350576749203974,-0.19046061499903594
-1.0141378677662223,-0.7060491589047828,-1.4200013941944833,1.8097997395949639
-1.1342380074224796,0.4965538537089081,0.8625500849085166,1.267394027187569
-0.17586595434462374,1.247944897601209,1.2153158733633045,0.16433921583541955
0.9423594588914838,0.8351614778079313,1.2119497982363663,-0.7681867010081872
1.1759306415933675,-0.3337635364099898,-0.16229751705658324,-1.6978164730776453
0.3300317613257325,-1.2069438553975622,-1.3999169811537842,-0.02950775042272924
-0.8302612145627648,-0.8023622986290112,-1.023766759800308,0.7729002444008543
-1.1312919146866356,0.1815973389546921,0.2887141920709879,1.540563703887814
-0.5011416345476734,1.114554468862571,1.532085690008455,0.824035176141017
0.6057460895366291,0.9433871287077368,0.8274288617574649,-0.467083634549339
1.128918069312279,-0.015768014827358137,0.041238410532848935,-1.134311561070417
0.6211137566080406,-0.9465529026489233,-0.9404081712070661,-0.3337362040484987
-0.42410164585529203,-0.9598280675973543,-1.2101456400032518,0.880923129196382
-1.1694505533714523,-0.1402270779241734,-0.13177533457441215,0.993740439885723
-0.7586042530316828,0.7642842937014918,0.6533864735953071,0.6882174916518491
0.2643089629645852,0.9679836826197883,1.0089376760273938,-0.22031960380511584
1.0643111644344763,0.378087400124449,0.4737686989218681,-1.2346632306699454
0.7945746953392006,-0.7586187304684898,-1.2216834581356406,-1.1729522699018835
-0.1608233838944505,-1.0606985854765272,-1.011958480425153,-0.018093650971641173
-0.9905379259843026,-0.45645309036634973,-0.6623134790086505,0.7927358489615529
-0.8880050896305846,0.6272213709599647,0.5130730852194243,0.7041885375029105
0.01795688105952877,1.0159612748122204,1.2155810110092542,0.03764580035210241
0.8080890327291645,0.5751398403889233,0.4747673480261311,-0.7541466508026567
0.961199788235165,-0.42648385394988725,0.425749344169461,-0.6028159190425986
0.11618982337856167,-0.9915794290135134,-0.8086015228595096,0.10645069372347882
-0.7428032876908844,-0.6333544685019651,-0.9692753847889851,1.333274950679934
-0.9352819690156842,0.3609495321106062,0.2692749659053223,0.7439368879744531
-0.21467847615079652,1.0022949848346512,1.025270852706076,0.3622486145586845
0.618940769046525,0.7877576281837607,0.8636494016999835,-0.9051419153737916
0.962008524288926,-0.15800325839588036,0.14363408222039575,-1.3969237023184051
0.419399049901447,-0.8137261256994718,-0.770121048671736,-0.11397033916504762
-0.5348683150167722,-0.7211803422910275,-0.49936467058865813,0.7047935180581777
-0.9025965688895323,0.02137992809605263,0.2612638203677575,1.0145973018913168
-0.5364545584997568,0.781823096769564,0.7854800283537396,0.6348822240480612
0.39097566232257425,0.8155342805374971,1.1014728605851534,0.14533879718898302
0.8507380477560027,0.0523480990301286,-0.1789558561659571,-1.3056940376860784
0.5236889693821348,-0.6382162299095901,0.00857894286218741,-0.6930307053860235
-0.26043609307045,-0.8969069931968559,-0.8748933139737914,0.2792758846766158
-0.7974303021274739,-0.21459243938810443,-0.2210680578289892,0.9960049791638829
-0.6285549147309731,0.5143764695563103,0.5899157036124891,0.836703692285636
0.16377596910233533,0.8273064964363873,0.4149092573141952,-0.17545903913546712
0.7600093477645514,0.26359072901943376,0.03161087056241463,-0.9624113876861692
0.6931853181533112,-0.46085880363836185,-0.01627038568393746,-0.012899107935658294
-0.07158072664517823,-0.8533476878844076,-1.031252928818293,0.7001403919384958
-0.689236160846315,-0.42423497096042345,-0.4339959704340113,0.6796628094888102
-0.7615690015441293,0.33977783535854666,0.7305885243415694,0.41908862547058556
-0.13364805012373818,0.8443621270685003,0.7293366841743872,0.40101948240643726
0.6373441260066172,0.5042271980578542,0.30443998182349274,-0.9062027584860685
0.7480706262552136,-0.18189039330188317,-0.5648372802674823,-0.7210719878530903
0.24897832451776902,-0.7474740996203192,-0.8864036069106388,-0.3175998290023424
-0.48360680299160164,-0.5188298258503794,-0.3404868561631749,1.170965068355703
-0.7008091616565925,0.11918914506897409,-0.016223544283908153,0.5410869159756796
-0.40715873795001345,0.6961748121637045,0.9078518157844787,-0.08461445488296526
0.3480141713755114,0.6166147894865802,0.26045009755075066,-0.5689281947445235
0.769441374798085,-0.05782246116847747,-0.3298035742897021,-0.9212626327730844
0.4146155723582828,-0.6803807994235136,-0.6011182537807525,-0.378010581140269
-0.380968861348307,-0.6088039890076031,-0.5716480001789159,0.3901680995523621
-0.695740710204041,-0.06477769488480778,-0.15572146042180657,0.49551513304167194
-0.6106897552702966,0.5187976395445877,0.7195205091120457,0.465008122360106
0.15111482125480258,0.7166164802895042,0.7151741710240258,-0.3924871377001482
0.6328393978861762,0.09482496374470771,-0.06412632795231465,-1.0271781921655647
0.5199566297439179,-0.5312771649859713,-0.9170669987941701,-0.9337006119244617
-0.04808251661623586,-0.6151239426434242,-1.1768968569488045,-0.3363168727205518
-0.5978742475049997,-0.2506634569446756,-0.3918785938297892,0.682742119734528
-0.5446740293961766,0.3841277066661687,0.5639235288856903,0.668955127273238
-0.046661306278412876,0.7247675583568598,0.05485147565188076,-0.32659917655665005
0.5957637032363797,0.31654379620948897,-0.09728477290256887,-0.5577440463142869
0.5566535463714151,-0.3706366716715173,-0.21475396428725868,-0.27371769605314344
0.0776947631626508,-0.6348291243811721,-0.8720827877553136,-0.1024789093548345
-0.40784501001812523,-0.37517012510025444,-0.5820726397819248,1.1371254997609415
-0.5787181044086565,0.09498732631446069,0.1553856058546682,0.5769718203962876
-0.20296721378335844,0.5572543502102666,0.4784674311521647,0.21104924967391636
0.49808181033477167,0.49084582857423054,0.8883388848797741,-0.2709204552514169
0.6464081104302486,-0.13016509429947587,-0.2783524043366975,-0.8119998896290562
0.25086882852657477,-0.5807292058888627,-0.5155265167130021,-0.26254171042365826
-0.2976997030959132,-0.5222641204000781,-0.6240317518557714,0.18214398253182384
-0.5548837137831508,0.008118414305843293,-0.1452507576487494,0.8909439190106518
-0.24408726601555908,0.4839859541952823,0.7310308012949731,0.01640198620162625
0.3025528015012936,0.6243294957591299,0.8188273597986202,-0.3434876564733169
0.5614976837096105,0.03329044745482805,-0.07861597371865925,-0.8381271137778624
0.3518996134195587,-0.4935487877452136,-0.3934344740613091,-0.19414103202742367
-0.24188008206699424,-0.4394068549544569,-0.5007568025173589,-0.3397957265037868
-0.4541679539354795,-0.14586960274126068,-0.23612446656607833,0.4743840963026015
-0.39084845409456087,0.2879836638232114,0.28509768263200813,0.5611884868145264
0.12037964923437541,0.5825324204466645,0.7229705963702134,-0.5971108948197187
0.42408972337785883,0.20578608967769718,0.11209792478355463,-0.49548754674906714
0.48426296789527273,-0.37520810656480785,-0.3185790409094996,-0.7838414515568733
-0.012707033222244072,-0.49024397752484633,0.3513959057901339,-0.2624224611515552
-0.4121356623547049,-0.2706011458750069,0.02448182101601637,0.22429266761394423
-0.4401915325008935,0.3095776974259313,0.6546472493750685,0.5069200618745713
-0.11339730458979808,0.5263082685613325,0.6104293204303339,-0.4288849968481237
0.3843345341343618,0.41663858293714723,0.8570562935002237,-0.10113048915626227
0.4234041058028267,-0.15880101861853654,0.39847004460134366,-1.013826851710207
0.1282082269787047,-0.4084281284735224,-0.17665718813023187,-0.05417527200983263
-0.3211435327134312,-0.461081735818598,-0.7244771314417189,0.02719343036925448
-0.4289270408469138,0.0765182432238704,0.21648114276519775,0.4089913890696557
-0.12519593136124557,0.3774287474167536,0.44412252649079637,0.192722090512423
0.26831574507110634,0.3846602698123881,0.5394671647244201,0.154534856803778
0.4185334388430243,0.005050458155851277,-0.011094631287125178,-0.5024997086599956
0.3200271643578074,-0.43813647781739185,-0.022332783207132945,-0.16183374576665827
-0.23513069078884102,-0.4307249252694328,-0.2626523096915163,0.13034427069155308
-0.44950112353310573,-0.03661478665522725,-0.39144856775852305,0.8612303339312379
-0.28126173376028574,0.33189440360762995,0.2661204789688115,0.02906280264058897
0.12329974811962008,0.39012709772231297,0.3770518489619383,0.03156573381347311
0.45895373277187834,0.12935262559189975,0.0716367928673009,0.07297680298341283
0.3515546720622696,-0.30117319512392976,0.0022356271074355782,-0.192772223590586
-0.03373869526697677,-0.4219800051064068,-1.1496938254669435,-0.48898144935433846
-0.4046400342258482,-0.15810054947586297,0.13196896737625335,0.10991638554790684
-0.3573345756985957,0.23394972465874087,-0.5515649687073071,0.20783731545037418
0.029272206418907792,0.3997960045316266,0.1825935818336085,0.3617147791047007
0.38974515614016453,0.2222890310440934,0.14861855207040947,-0.15218247529236617
0.4340974833477922,-0.12673595614392863,-0.0014577153093020545,-0.47445518407461595
0.03035076130210812,-0.4284302351661467,-0.2412361327087645,0.39968520511925426
-0.3102551443798231,-0.24915266352164894,-0.08893147628202813,0.17585570313883747
-0.3857086123390797,0.10068542564548896,0.015078186230283452,0.22442667171036573
-0.06751359998729055,0.46524986355764575,0.41398866537577406,0.3324113007356361
0.3190964290144993,0.2940612797205074,-0.06262592089970459,-0.36364805297492586
0.4892305964471187,-0.0944244615809342,-0.5287579437791828,-0.5149161338336429
0.16055032314212744,-0.3176332439621819,-0.8328222447140554,-0.4614347302353647
-0.23667732149424997,-0.2810461590590783,-0.13697917796245726,0.30591796903771284
-0.3590066329061306,0.061408289776839334,-0.053754623069292296,0.550801413212277
-0.13483451534027502,0.31512623470708817,-0.061024984263052945,0.434537132812208
0.1303088642909778,0.3130178388722273,0.25694462413463137,0.4290212858682138
0.3198136619918904,0.0018060944083894137,-0.2879230420224632,-0.03721037837882496
0.14421666262544913,-0.3197895854504526,-0.10610119227085407,0.19703634764263983
-0.11114998133859277,-0.36335276659015114,-0.2414123287383999,0.5609186050283351
-0.3219553918738867,-0.05385815264661922,-0.3551555954081262,0.2009212465659196
-0.282680862130734,0.23019734050055635,0.6017850510684345,0.5641993668602311
0.002770682554287765,0.371761937415507,0.04385054074742982,0.00822146343167851
0.37220008003620925,0.08504827442810838,-0.1386147417501446,0.02999856042012694
0.2335680666841934,-0.16807676633198193,-0.19581193688177956,-0.6227981863620485
0.06511050650880112,-0.350441190947593,-0.36182059444164766,0.015502988252084904
-0.35800821667810356,-0.16926675628127905,-0.29388520768238197,0.3341132617218435
-0.28477136595702535,0.2000029158369167,0.4547880137395896,0.26003065574849255
-0.06206158206276946,0.3139222962492888,0.4349082411117007,0.33818509949827436
0.21005607969735343,0.18385688692439012,0.381091816459376,-0.8154657098694381
0.23884720550921965,-0.12002960666368165,-0.518774240965032,-1.3116155462765857
0.09828172459267037,-0.2823076485346024,0.07375235372741015,-0.5366024949241329
-0.20638662916223807,-0.22271339000240178,0.1044918246682354,0.1534220828706183
-0.34065519097772384,0.0712829763436327,-0.08313515045757641,0.5054141553559697
-0.09503480788490229,0.31832509177062507,0.5334748803716949,-0.12446811891886567
0.2284710842500614,0.25253114870022464,0.17300227578804783,-0.17889250779043214
0.24433247560430946,-0.04293521414356511,0.12562461700804217,0.007561130272699702
0.12622194262424083,-0.29799485817589944,0.42682199444770896,-0.6751799588175372
-0.17304927071820503,-0.269669222862096,-0.17836583083063406,-0.32918584147968555
-0.3426245754784328,-0.047228353614658256,0.09838365886063516,0.26429729892414194
-0.21352351680833043,0.25503721561921633,0.14049237961785283,0.553330921444101
0.1603788869539608,0.2958117314118959,0.18420108020483086,-0.3948999617609039
0.26395100053875176,0.07897378725457357,0.18939949719404992,0.05471576833900649
0.2277120556648401,-0.25571078577973366,0.01347911917812597,0.04374991542378137
-0.029414035039176393,-0.2573213120450134,-0.33878433893719184,0.7048999470551465
-0.24854042931227988,-0.1025328363997585,-0.24468601552936398,0.8752655249096486
-0.21043406998936778,0.11370519420221814,0.4323730278573143,0.5632892990639502
0.03235417136514867,0.3145333907764519,-0.0009703988916391279,-0.16629428929162582
0.18208368288956933,0.10918582329840104,0.12367070975335501,0.3584526880473309
0.24963614317605687,-0.15426491530121098,0.33523173404886125,-0.5448444242276094
0.04419438477498007,-0.2646011822387473,0.14013039355748746,-0.5004372764391197
-0.17686433389121076,-0.165109116333695,-0.444260632108782,0.44743381823524175
-0.2926482883844877,0.13504488119604732,-0.04651962527899983,0.12006094405565926
-0.06073943942759228,0.3419338348134377,0.5103866929867885,-0.09997164861385133
0.17836958309754972,0.19488702265637173,-0.030357028584076656,-0.26869428622561836
0.2516029786787352,-0.010801411981982742,-0.33627171461682687,-0.033211360021653744
0.07078868468601689,-0.2196052261961078,-0.6470186224376947,0.2653640059650196
-0.08090140674945143,-0.16352044742092575,-0.327703527223457,0.14696302275750944
-0.26150271186560103,-0.018085979203198543,-0.03379695862867543,0.19624173717272145
-0.09808769031645934,0.2551701444753429,0.3659531477400603,0.2019822315504624
0.08049389835965931,0.22784077138939096,0.36178309837406997,-0.04513768047374314
0.23028035565538663,0.024480785473935087,0.2114649107924714,-0.8682524563037936
0.24058334329233438,-0.15867364173589552,0.0035980205560649098,0.282620202509073
-0.037715655249888416,-0.23284938999531285,-0.35900889137339753,0.2710584365699174
-0.2180698445619363,0.005317802522750881,0.12313363590314694,-0.5437693852386805
-0.2127077088803171,0.20529686225068539,0.5817987401571939,0.5450229031669164
0.1333680056498539,0.352761390707252,-0.17721628802723371,-0.514527433428352
0.26433192094937996,0.08552049647441147,-0.11922151956258287,-0.017296648984741758
0.12533351942320548,-0.09265025403064633,0.16234205716156996,-0.5230166101747359
0.00734440036176667,-0.23026386988319492,-0.2694439988077446,-0.11721889981448824
-0.13042659933868248,-0.16960867081444597,0.2031277761747441,0.1467315028149197
-0.19152354793537357,0.16914027661961983,0.037146495484021574,0.5149271612059312
-0.01400668282106665,0.2538075328231315,0.08889971886069735,-0.14524056869218094
0.17893539413866769,0.12901247831127954,0.3093812876714487,-0.33322477026898323
0.1741835440764834,-0.12045320674569154,-0.41519342939296544,-0.3671505107510821
0.074800155860055,-0.23657930062745064,-0.41335693398334206,-0.15732824972146953
-0.1577970162889511,-0.17467236406117576,-0.41374089892251986,-0.10284506149211822
-0.2529593402406661,0.04175893451470595,-0.43834749129023104,0.6226421529125566
-0.0602729978535455,0.21705240604561063,0.427348011135925,-0.31137206985369265
0.11133664281882996,0.15285098684807336,0.06631160733803099,-0.7278390979258609
0.20618165024695156,0.02541204900266104,0.493252935903203,-0.1477372835072636
0.10415927045786168,-0.23502309284816986,-0.5610464756780579,-0.05984158797907688
-0.0736721165148737,-0.15420767536876687,-0.1644196884705288,0.18351186562780264
-0.14795357399401352,-0.021414422204834378,0.25005070926293904,0.30070773445321736
-0.11422751578466928,0.179570772926975,0.7804719446914518,0.05454920359132087
0.07269132949719448,0.1951082563123413,0.09003444818001884,-0.10710987754802323
0.16070335426440902,0.0022866359146626464,-0.307737672467334,-0.1302438287827687
0.11038992350427948,-0.17608740587992994,-0.6852751105419173,-0.5509518139766652
-0.013372550963399722,-0.16143650439482302,-0.9942658790402138,-0.25293428443136906
-0.08710773967974976,-0.056451157598145014,0.07962977247211969,0.06828376279782694
-0.08537789027106801,0.047823238700479304,0.34130825929972075,-0.01802743662776947
-0.0468241671522327,0.17802461846939335,0.13486725175071057,-0.3075392302025349
0.22205575616437434,0.052149232218699715,-0.18284240968785392,0.1544860924556403
0.13349078023122432,-0.026713680691123988,-0.32347305794046544,-0.06455857629366124
0.02120094133481095,-0.24480120171532435,-0.01791841587407481,-0.12775664881815363
-0.1625659554717905,-0.06548041749207671,-0.3016710717225621,0.3546957767831481
-0.205606660736943,0.052102844850091715,0.028547777355244358,-0.07458163876049276
-0.05850337389405028,0.18443157887805292,0.7001151176760841,0.054943569746543075
0.05683593379222696,0.15860179009295242,0.5038119978644864,0.09121396947305484
0.17004867487406047,-0.05666517947988401,-0.11812580631022696,-0.09535265550162313
-0.010725239732668437,-0.18467726582609395,-0.4176489492683802,-0.7412244285111252
-0.09367038027669927,-0.17792329320116118,-0.048312380718840836,0.5523738310684693
-0.15685134914900564,-0.0028459887307100765,0.004100186660836308,0.3135388755652766
-0.11589071632159641,0.19993966728446624,-0.3029584972335998,-0.14221358744037937
0.0691803086445818,0.11806528697406972,0.49729694153954407,-0.008389449901636675
0.0861788221400995,-0.024028646776018757,-0.25220766032735403,-0.29995725930821554
0.01825921687408326,-0.09896934793888898,-0.2867616172037535,0.04654638772975589
0.01852459547448422,-0.12499239232559917,-0.6131396464876434,0.1628085844869225
-0.13792519044032328,-0.09020977410900718,-0.017857480342441667,-0.2568047985789529
-0.1586885390022294,0.06285215694575344,0.13404113554580743,-0.4717592418161215
-0.002093855624325784,0.2114579574421092,0.06900626594646654,-0.281804562800854
0.24297471250659658,0.0382599082972789,-0.09660517475194377,-0.3554225960295443
0.16411537512222163,-0.12767597006617945,-0.2464823705761542,0.10669248156923786
-0.07065511361178478,-0.17420425578403087,-0.22396185361621343,0.0834870549100622
-0.13324064657980478,-0.024170475840040777,-0.5924654649392062,0.37626965089719355
-0.08119105846278984,0.052931887861113906,0.2131106091005478,-0.2146847757129179
-0.02502019556293996,0.09402790228811017,0.11382239230257604,0.018245022967062346
0.15780679170006348,0.08136915488195397,0.016607182419566824,0.5150758041363886
0.08283606770757751,-0.05118300266287109,-0.5683480124573863,0.22436630264449942
0.03848519786103926,-0.10551554338648214,0.08948594435540122,0.03549775646714326
-0.07382383891982539,-0.06484636455945864,-0.19129606503329877,0.11076236616740419
-0.13704110950288675,0.02829540490488628,-0.07700479580459121,-0.2273112897445692
-0.09234381305651274,0.15615372649014225,0.15553136131965983,0.11716947197011322
0.14372445236929487,0.1384212980990926,0.463266851709729,-0.08926410345442601
0.18701376386769675,-0.005754581398485757,0.02723946168528786,0.1666166876465886
0.07699781624075393,-0.11892731091226758,-0.03894402294072452,-0.11173476612136399
-0.04045721373633869,-0.08756097079154337,-0.27774028698470715,-0.23748262752480992
-0.04090039642351383,-0.055681016231216754,0.055204208347321426,-0.0053453275556147655
-0.07561253250570465,0.12349468549640684,0.047999008016095454,0.20753266990093458
0.06305571427036905,0.10860090020076009,0.10127597564737907,-0.20274734372409411
0.14084693950613233,0.02933548784331469,-0.405248901298008,-0.30753051340391746
0.10702879479493532,-0.10396313790912273,-0.25171524573128334,-0.6338316587263892
-0.041082539515705105,-0.15332193939206767,-0.3265081904666704,-0.19139929100224454
-0.1544525946779257,-0.038547569671183286,-0.3755783403577165,0.38004513496894465
-0.03074630630232586,0.049298589952898375,0.4474976284140189,0.6968511821919482
-0.050137595226919504,0.1399316739204754,0.36844975985078393,0.09543741370612549
-0.004981598110793975,0.07886851428068527,-0.045118822246274504,-0.4437149208640992
0.20021041087493052,-0.09889754380649785,0.007053774573818339,-0.03034377719066124
-0.01157914743252409,-0.14373245653051797,-0.3930932619738524,0.09925335469777571
-0.0894207533154296,-0.05084650385840051,0.19232752093759567,0.06435266181293184
-0.10795901050180591,0.054087778722175975,0.2699593715153581,0.039541867005905736
-0.013439088459664647,0.06143323673711854,0.1275157248453824,-0.4759335560490009
0.11577724413582385,0.040476337624166935,0.180525790480522,0.022411971086296993
0.09367278998075483,-0.07089714586362542,-0.3511038695541478,-0.6140956759337988
0.07752355825723425,-0.10262670106811966,0.1294535425536027,-0.10787240660915562
-0.09743066151600532,-0.083983333851207,-0.4174531801973537,0.2329895737124369
-0.09987422114580423,0.07136637370459091,0.7451120403110597,0.6210070742420423
-0.07013182680144722,0.042926994374439476,0.12319672720549876,-0.36167218241101534
-0.03221691934978249,0.11022013924096699,0.11507800530846564,-0.12179816880948012
0.08752990720427042,0.005764223557719449,0.16702014602698947,-0.08871637180264474
0.04448377059879169,-0.08533577470020384,-0.5432133183768553,0.21664093324920855
-0.008063412947762805,-0.11533729576745573,-0.27607275527496855,0.012634959765358555
-0.10882195957809737,-0.02808966036644134,-0.11102854065301204,-0.12674222135842103
-0.08691774239733445,0.11831536640410226,-0.5021560213807711,0.6383726048960983
0.03662255217290901,0.07465142011555848,-0.548097822142234,0.45507998320629806
0.11374791111535394,0.017173490039634955,0.14755248838640378,0.2328460994214661
0.14024368366362938,-0.030718856259060033,-0.24180757153021948,0.029309516303059197
-0.015885599829975415,-0.09902474383366353,-0.04712703622402229,-0.036707055169692866
-0.025901831213415757,0.013049951171822921,0.16169417989452248,0.27498090904211453
-0.08942259618305307,0.09603563818615249,-0.10069772214020577,0.34008145088043146
0.02506315352485489,0.09697041428984252,0.8188807334735193,-0.23594416038964566
0.08946925917329923,0.08901492673455999,0.24273066122174383,0.48733996448935224
0.046530458348791555,-0.027464711542088547,-0.054523641531341316,-0.05017820233779188
0.013099277664903163,-0.09155929501812683,-0.10783957202449318,-0.560947271342434
-0.04398868290887138,-0.0254267066336979,-0.08229344192740899,-0.26314453244549707
-0.06655281720249398,0.02438207989591158,-0.06551402270580417,0.28729345158766323
-0.09006852625561773,0.12533062532072772,-0.30523934013062265,-0.05795098987638275
0.06150396567039265,0.06504225454408438,0.3712136661009878,-0.20531487831488457
0.06406484343477833,0.06363241569852236,-0.2213677661351224,-0.09056906172517222
0.025894545354204462,-0.025040414925152542,-0.03319878227734382,-0.07623266549301545
-0.07379991996697796,-0.05276156493596748,-0.19700636692316642,0.005812641602164631
-0.12716656108065133,-0.01635819318722968,-0.3928681108761593,-0.29057671739518404
-0.06778252849802249,0.05814931318085108,0.07122608717297976,0.039195549678129604
-0.008710110799107225,0.05920504617363762,0.1555693472239224,0.3734327308492727
0.15725803799041027,-0.006171126031691095,-0.41065435938438477,0.33586888997210756
-0.02323818127981836,-0.06057568366177127,-0.4478632800560999,-0.6818960349821171
-0.057779772268308514,-0.046097769514723025,0.18492169923005522,0.04822917218760516
-0.030752777269166025,-0.037126431728768026,0.0836237693618426,-0.145124396295348
-0.061197035798624025,0.024821070123056545,-0.03823975815745121,-0.2164479736704114
-0.028233219066522666,0.13297051916592204,-0.0262951993824667,0.37764891704452086
0.07533824323866309,0.07185007635036725,0.07878523860943103,-0.10801298889183154
0.07576127391126687,-0.08990585259228501,-0.48911908304421065,-0.33759956586393913
0.008763843611527057,-0.12444767189626932,-0.5975976909921633,0.3265226303819599
-0.004395058135813458,-0.042733698239888984,-0.16608998456274934,0.17889238679222572
-0.03354522510197547,-0.010334728069696132,0.08170194671584699,-0.12105733439572479
-0.012758198108813148,0.0649431561226726,0.0733985061829013,-0.3498745028580157
0.03780977479036565,0.021327946922768622,0.06479147059907785,-0.3611960814853546
0.04185561181430154,-0.09103144648457791,-0.01598666279940493,-0.14157300511638596
0.010863118785455627,-0.11094359392972078,-0.1889392338312002,0.11639587211622389
-0.059358301975117315,-0.009780177351230511,0.00816182967109693,0.08146305534222828
-0.014207470961983514,0.06403058967818288,0.004287049836853123,-0.15272902738589214
-0.012418123561815549,0.026681491335957222,0.353759549767258,-0.21945583069994196
0.04468812997364513,0.057169088420936515,0.14643983503952773,0.14726096411106812
0.05750187349480279,0.023358464144434772,-0.4392714229041126,-0.21065093509531166
0.039551482478139714,-0.11143794447143586,0.4727735063782013,0.3013501513229751
0.001262544258223263,-0.06307306491077444,-0.28257101065515516,0.21732019069092562
0.006997117308710381,0.06788131992928549,0.1492952529201763,0.3567998933127853
-0.022184408647128985,0.028777269030829944,-0.34154023202302003,0.3449954168212655
0.05519288564786834,0.12546784835747216,0.27345871449833414,0.07296212777247853
-0.009086113583473561,0.11114044868712489,-0.093129390598101,0.20097045287711382
0.05079673271072802,-0.06786227219456954,-0.3457845015464929,0.19460842467121445
-0.03495192232459986,-0.11538565726133562,0.05412376335951378,0.1712948751310517
-0.010758466774095324,-0.0117680703877018,-0.07720697489888353,0.18126477386775716
-0.09555273327765729,0.029575458585212513,-0.24695445261522433,0.30323950975515745
-0.018972213339469968,0.05759336635630675,-0.19778528294284525,-0.04111774878635989
0.03405957141595402,0.051342883854422434,0.37878061682671493,0.07981592740006394
0.07005491958616988,-0.0153030114394773,-0.07970741867838045,0.00393738493252754
0.001995235881309545,0.05451423779941018,-0.2907950987139874,0.1353808040509477
0.3773785997540376,-1.300015627974008,-1.6539526107971314,0.2617334559198059
-0.8419355798778596,-1.0226921982697164,-0.6459252338771443,0.5515766781676967
-1.2698530339432814,0.2674977155305495,0.2814927693467184,1.2490870487405392
-0.5017541773537719,1.229960227435971,1.06237556638434,0.37766265101263574
0.6927589220750904,1.0937559305104134,0.49708767215096206,-0.33924817573448895
1.272241613007487,-0.04972112491372225,-0.4004619721742553,-1.112409216482511
0.6585262433566539,-1.0174206725911288,-0.7534266243689158,-0.9053219827280246
-0.5935077930182182,-1.0813647367347032,-0.9337175934881647,0.8147769194316457
-1.1868390920411933,-0.08552376652029799,-0.726642739581892,1.2759464020938105
-0.836698673343135,0.9032144186556867,0.9039882932620691,0.5623070539978836
0.43548800558862255,1.1082759966507976,1.13818648231485,-0.5949751272379056
1.052137955802277,0.2838989638664228,0.4092386134248682,-1.1931272970823539
0.7799159621976328,-0.8280301724841066,-0.9581562438483099,-0.7053281208224521
-0.17016397935252264,-1.122257532907662,-1.4460003933475596,0.08339862937465248
-1.0792417034668478,-0.48022291748887874,-0.21797912024711819,0.450654682913208
-0.9448787313702536,0.653181509832745,0.5892896960895072,0.5532557428293239
0.07993785251009294,1.0761461645290902,1.215143315275794,-0.18573291767030708
0.9679013843473929,0.5816156702568938,1.0027195091363938,-1.1550504037251013
0.9888925397003703,-0.5335360849465253,-0.2323982594305668,-1.0965033392521695
0.1328530304532847,-1.0001695789826213,-1.2078761005663359,0.5410762452241036
-0.821908703710762,-0.7000785621223792,-0.25723634449226096,0.44256697111268617
-1.0408469446001127,0.3638654219118239,0.042107995670276344,1.2279114300060066
-0.18217021261883226,1.0576293674276227,1.1873583720632803,-0.15667883709283514
0.6365790544404678,0.7948589854297797,0.764459252628632,-0.506755678949346
0.989993035810503,-0.2042430670885316,-0.13395629711394297,-0.8940309054273671
0.3721303107277856,-1.0249926999377887,-1.0002165087685202,-0.5674649258282827
-0.5937425993368504,-0.7999715447408695,-0.8950710308079685,1.034595626599855
-1.0391564163108808,0.016563019620788936,-0.23462878909142393,1.2334792013059062
-0.5694115743019063,0.8607062208447899,1.0013279716559589,0.7026492134742512
0.4805227806602079,0.9250541386195843,0.9371647954231277,-0.11772232693289864
0.9915622231749607,0.13260921577842444,0.11818179343876134,-0.8807933512731972
0.5520553879988477,-0.7367153069342224,-0.7362138531767132,0.15262116961125172
-0.272744984643064,-0.934550029083734,-1.0868588926387275,0.6613446462525441
-0.9622021226249827,-0.2318388634554505,-0.21950496278350273,0.7827424783999711
-0.7858787434904094,0.6456604961300815,0.716963461973571,0.5459004201453188
0.10724606004098505,0.9283417773012298,1.0607688614459583,0.07522347449159805
0.8284454394092259,0.3505515194886123,0.2328253009791198,-1.0112637674130167
0.6655950696169779,-0.5348283722396429,-0.9711808493045182,-1.162372576832903
-0.04327704664053914,-0.8954801004110061,-1.0316535368578477,-0.4224592726475779
-0.8118777738909244,-0.4740851118169826,-0.6852859505122633,0.7695493125367877
-0.7570540074661014,0.36788928947095256,0.040176963675522814,0.9171180014890381
-0.06402605149902932,0.836393831408463,1.6701948955542292,0.21621758915269296
0.6735042926306289,0.5828698723749451,0.34484011042167306,-0.6144982323144133
0.794446346978903,-0.28975515848940464,-0.24562496288111246,-0.890240966733191
0.20366441765918641,-0.7639718844358291,-0.5383740389207781,-0.11637375330351529
-0.6260513071306388,-0.550216113305627,-0.7422441744166519,0.8446000831600228
-0.9393022228235001,0.14244000666687928,0.25082590981105435,0.42925451311089796
-0.26569583828050786,0.7827899762904766,0.5421676626154659,0.25999410586064364
0.4835914249102937,0.694864349493998,0.6216243051793487,-0.37271216160045695
0.8179696167614877,-0.01138677083698061,-0.17640432762303315,-0.9357625274293091
0.4843796048360374,-0.7467051124875306,-0.5033057202491533,-0.458150571952734
-0.4016482890649587,-0.6944475240480923,-0.9805282787382971,0.196352685764431
-0.8234151840954895,-0.1246316305638952,-0.13565514636339593,0.5321183228901599
-0.4646079065039629,0.5944027045545108,0.702278621020701,-0.049845185729328056
0.2795847811129313,0.6695349485282704,0.6982850747276826,-0.005047789841182149
0.7012427379382535,0.1603841582753237,0.29157174026032184,-0.5136320408897764
0.5686397772181517,-0.5680154504851823,-0.6255522797042828,-1.4007240055822863
-0.056612843219738335,-0.6920439832940724,-0.6019619331358896,0.3650843137124049
-0.6584552390302926,-0.2081302840618141,-0.25866133279877745,0.8116641225421224
-0.607237046689982,0.49058684710577777,1.085897747495092,0.8356230551166363
0.11906389277787802,0.7753097194234977,0.7389133668028578,-0.3040384130589602
0.6849797895731501,0.336822534392571,0.8315999891882087,-0.3866968710366181
0.61953275021301,-0.4104314832303183,-0.4554280424741053,-0.4201448138391456
0.08200443763405887,-0.6952528007699955,-0.22508533869445263,-0.027226035786967473
-0.5616247160915789,-0.5126096286953402,-0.08127692034922196,0.45250598741475107
-0.6519290016066083,0.2589112693989909,0.11957188566355248,1.0935384644840966
-0.10925165256743258,0.6814708292560552,0.9134978390603554,-0.061912596629069006
0.48421651501564794,0.5400773670824307,0.33204017992653406,-0.5087106145935846
0.6717332514997859,-0.05697514393046321,-0.2123573694930514,-1.1480776013180927
0.2623870695369479,-0.5417627966274728,-0.2037253315155721,-0.39347226855887096
-0.39137539517884656,-0.5330034160855633,-0.3171575944793456,0.0630968892469419
-0.6048841029812266,0.06486499658592827,-0.4104707623664805,0.41828138500716544
-0.38520865515814867,0.5781937485159685,0.34665420866885704,-0.0660910616130117
0.3036277950198051,0.5900063098272914,0.768648128950212,-0.6231729441240258
0.5962350350952962,0.012118915504584632,-0.05697965047339659,-1.0930243139662401
0.37056899599994503,-0.4712885880818602,-0.5491159151544164,-0.15461769578804435
-0.2120491572247111,-0.6651259977324396,-0.6975656987540779,0.03124105386109577
-0.5277258632823604,-0.08556098975704308,-0.321772015052888,0.8736713320217923
-0.4815989802436693,0.47411504351736766,0.786744639880998,0.34914414385114445
0.15487543253366173,0.5741941516959607,0.6656810191982526,0.08366827472383043
0.6036819395210999,0.16735572326374656,-0.3683110711489418,-0.5245839865162412
0.4353809723081451,-0.36783967120409344,-0.19865983058976328,-0.487943563095323
-0.006288583536454586,-0.6492507225263873,-0.6785754642194383,-0.04599253550949589
-0.5316954896052417,-0.23199720202351484,-0.06592249467300804,0.8026967209319189
-0.45069653188610126,0.22439790471163457,0.2348552841855317,0.048799817645932
-0.024687217480572576,0.48660880142779356,0.9042783597600929,0.008220729099842616
0.38091652647161056,0.30286859888120193,0.6715998860087058,-0.5759212425181656
0.4611325094442108,-0.17710822468343826,0.20925614115349128,-0.6322415079203692
0.05315171860281433,-0.505790421727698,-0.27879800619004486,-0.3243347258220358
-0.34130919063428217,-0.41119090478135345,-0.3323445098543759,0.6946693159514641
-0.5261883106174515,0.17865921300815926,0.40113156533157945,1.5393097639173925
-0.2060336705035386,0.5181472892409388,0.037834433412753804,0.06847128579139328
0.3864178023881145,0.4569968019906649,0.7697098581572059,0.15161108649354216
0.4875942694218095,-0.0029480536030633622,-0.5130459154206329,-0.47888304622829125
0.3410705985778106,-0.4135507193072359,-0.10896352738033271,-0.52758479820948
-0.22602674447462692,-0.43789887532068567,-0.4977720951146328,0.5228077126203442
-0.46556551847042504,-0.10156175880697382,0.1801227943282907,0.03669207216918869
-0.3157574651758771,0.45874886863002234,0.5450435555445443,-0.006452291730724702
0.16009316425730008,0.41346261607071955,0.6063836729927209,-0.30237734090066193
0.4433003056487213,0.08385646851239505,-0.13795635380211835,-0.5503728897467998
0.2847551018753542,-0.36854158315623586,-0.26731700223321136,-0.03955809394178278
-0.10127429125214779,-0.4642646124626486,-0.695597945408206,0.07942974928486751
-0.3927420698608553,-0.1304945534131673,0.09307387101414516,0.3316531064395851
-0.4434655602611086,0.26150915940243347,0.3383519438175753,0.3100755063027899
-0.004075568946516801,0.4853111294964931,0.6444533735104677,0.17534568552552754
0.29940596428811206,0.16749560204837863,-0.13186460128312816,-0.743191203288166
0.3841716588402194,-0.22972448589141806,-0.0916052887541774,-0.6410072544304631
-0.02173518582341022,-0.5287670578781429,-0.008270841656836565,0.285365700046237
-0.3030265954827548,-0.19593741069430481,-0.2365411979639212,0.4936104923394489
-0.4516650195087455,0.1618874767578746,0.77034379046051,0.8454226713753651
-0.156564138042182,0.4484894604780914,0.388526998464437,0.14100177749339443
0.3053081428122578,0.30445788777766897,0.46791404649975166,-0.5899576913425312
0.4170949934351,-0.09084810714129747,0.08069503979100529,-0.36310391671830733
0.14196371995828733,-0.4365349901754867,-0.8419384918258263,-0.03552473041400578
-0.35380936343066816,-0.35513027549012943,-0.6698200985218578,-0.014756477726371453
-0.45384317316530526,0.04430863132553503,0.06893205821961595,0.533124976886589
-0.22561391307154788,0.3610923233866836,-0.15115689220225104,0.06226085124003189
0.22921497218346004,0.34825306769294984,-0.05438493572318695,-0.4162830062732603
0.3626926099926221,-0.03444385583972542,0.0520945196440703,0.01609632151346959
0.2431261861121158,-0.3094857243174011,-0.4000481209438242,0.19696781384884898
-0.15783510352179542,-0.3696712223576096,-0.6039224497737039,-0.16277440288528872
-0.3760676348493591,-0.142853358519828,-0.6252938467032282,0.45351774333867517
-0.3037469088892594,0.2617044265993661,0.22050799030301785,-0.6202006861349557
0.07781520379576634,0.356151395234756,0.3279332329083507,-0.4617642996946525
0.277078431348105,0.163087448756082,0.45336777845068454,0.4862226808281592
0.29411361148119686,-0.25332065937808435,-0.28246102411891433,-0.5943156434305092
0.024974467375745074,-0.39154650445784983,-0.026383497492291873,0.5767009292149994
-0.339341125357102,-0.193527510284419,-0.7097394728730527,0.42444100103318505
-0.2701527924749989,0.1802891392161577,0.2498343199062078,0.38397084482407984
0.016017469714205663,0.41772046860549866,0.014488345550515008,-0.14697705883644413
0.22767953291384102,0.22604051521972598,0.12501971337133488,-0.11391281130976913
0.3796648376560206,-0.1349007367214463,-0.43537027060259054,-0.22146240411831164
0.014545131730707796,-0.3582059859583858,0.3366195311508944,-0.458033388540848
-0.2598755113559468,-0.30835337587333783,-0.5185577019108906,0.807504400079
-0.3778316922807532,0.0452525148813133,0.6899449808688813,0.43571633612377686
-0.07541639554272908,0.31020379818915333,0.8023537831398025,-0.008936014735457798
0.2005742198748067,0.23503053890401857,0.7880253818652727,-0.290748274504892
0.3196646933399699,0.05532326887547584,-0.05824868230161956,0.2300417741821057
0.1523888844329751,-0.26898073714289034,0.08219324681935647,-0.3021697451783495
-0.13369522813383802,-0.35496218272551794,0.06979675189898671,0.5834208372291113
-0.29913270852773804,0.01659750147906405,-0.023575156215083493,-0.2464569228473583
-0.1263215516342464,0.3189238722972117,0.3818760293006984,-0.021985826200969505
0.16529673128659167,0.3641379494171607,0.5406829332978808,-0.08720920796286502
0.3183988098124171,-0.00980307966117007,-0.26841762095207916,-0.31853626511147315
0.24617914738285382,-0.2351313743915255,-0.40965923713240454,0.00998667641967349
0.0010389435720988965,-0.3062878130043057,-0.4052766175412771,0.08543286663245969
-0.3032217663936195,-0.12545446877057892,-0.03191134018671493,0.47779653906060093
-0.2169809609934173,0.22725972098748498,0.436725185809847,-0.4883282271107073
0.01307313937094661,0.3502464642193004,0.5922358432610153,-0.3278938939451012
0.2614928590821829,0.1120818499350193,0.10271982037957067,-0.3371755438357098
0.2832730089145166,-0.2151768013148393,0.447921945617077,-0.5586532591176091
0.010565207324889019,-0.3373764150780569,-0.19073830130241112,0.48656705089934027
-0.25924258949500245,-0.17714405701769148,-0.7909586003182071,0.29851767711682753
-0.22699305641410814,0.09060839637908105,-0.19828572099589242,0.08095253490235405
-0.06233063410092023,0.26071323888480635,0.4032005176790416,-0.3909448767425125
0.22390461470408662,0.20671517844432005,0.5034205472334915,0.11889375605407065
0.2953765556257759,-0.108861816048436,0.051551771351018016,-0.41913947428221077
0.06897768508627522,-0.2860419598659596,-0.26801936873077414,0.013794793654629961
-0.17346971789200308,-0.24272229660433056,-0.1970540499293351,0.05409813141500269
-0.27354998655130136,-0.01494962117846457,-0.6212521529231825,0.5696013112182933
-0.11410260547950751,0.2998944088211427,0.26405099800703025,-0.06768300214577416
0.1312059905849434,0.23631322695861967,0.4838029197188924,-0.3061812185499833
0.22347166257085072,-0.0377010668059263,-0.1419565598507172,-0.6082231432506064
0.14463793635518324,-0.14857213182962978,-0.12834757367052432,-0.03444157074477941
-0.09408846889055122,-0.20617117985525313,-0.23019867942676647,0.41409090664025244
-0.12892316386998232,-0.051452406204630756,-0.2633103090488682,0.4381638579321853
-0.13176396494492762,0.19511567359275123,0.09181658299358061,0.05773925859429915
0.10352181783364077,0.2723380797373188,0.19342030313097688,-0.03748468069564387
0.260482168604832,0.08978115613687104,0.3883894259305612,-0.32744098526104937
0.2391815793029628,-0.09074870117674991,0.09320545032176983,-0.6708384299073781
-0.04054188782386722,-0.2908741826343939,-0.2876798799142352,0.3584960277087454
-0.15212812775236784,-0.10876027464800132,-0.320870100802757,-0.40366538693426335
-0.19114090325888658,0.15712674225193252,0.43481289466404016,0.648677591359279
-0.02942575915736021,0.19138521605121836,-0.06969291107948417,0.14166523870993222
0.16103599470040672,0.10844744307645353,0.22266050221476624,-0.40702185604448815
0.23245213451020408,-0.09150629458362347,-0.09054842022266252,-0.2697528988924561
0.03218626452217868,-0.2252512787673147,-0.3362757168856343,0.15979302005336135
-0.17367953440216682,-0.15892158647521837,-0.4499919708443005,-0.7316043537027331
-0.16278425881987504,0.06288359359887445,0.14491050742233225,0.007365271718391686
-0.09188076463991453,0.2032440651752986,0.021065066163190767,0.04211938517410155
0.16998826848717313,0.2526990569772551,-0.07633037595234725,-0.12973009146365358
0.2561817485945629,-0.02956515572230762,0.21328707235246977,-0.2933922267398398
0.061888743735403894,-0.1550180003658802,-0.7930732749850407,-0.09360638037827898
-0.10373633859211522,-0.18658542156833324,-0.2508614559751674,0.01804406721851365
-0.20439475439144691,0.006809949681507407,0.16612837107925826,-0.09852239794842041
-0.11560727713746155,0.21472653288099006,0.11904669242480292,-0.18517175024776317
0.036364789389818915,0.24406871076595338,0.11894042269812333,-0.3375267825025091
0.24174246568107183,-0.051965325438193606,0.05479651851778608,-0.2546071138644357
0.11421585128607686,-0.0680786159266383,-0.34084095804484643,-0.3528935559689078
-0.015869366761832628,-0.20228545806736864,-0.1094810834321909,-0.0228458884267721
-0.21456701425842606,-0.007345631062957117,0.28038861393449566,0.06561092398582727
-0.16129711183917042,0.12802658424110028,-0.1219324268474066,0.41185603103542995
0.11819822881689232,0.189478666936118,0.2729193503850439,0.404879622414976
0.22777286647223247,0.11663570854152774,0.3486312727280899,-0.48523584169307826
0.15600768386094518,-0.04939055597067236,-0.14983789401952052,0.014958219851165036
-0.008956922530573603,-0.17862446451593858,-0.49068084366607634,-0.5855591879524948
-0.15945497872968536,-0.10797974772062628,0.13601822066901567,-0.1447809542814002
-0.1890590305302002,0.06984912014544074,-0.22151736309090259,0.544264016854777
-0.06689186863405358,0.19363352807077128,-0.1832045095225359,0.28629060674174045
0.19525422409002324,0.1718322095719274,-0.35161100940682427,-0.1921891911710337
0.14364312815269753,-0.005136837062296139,-0.24477547062168648,-0.9638237512460641
0.009041319275707602,-0.12165050140201791,-0.03715295840243493,-0.10796207505619576
-0.10191972236769142,-0.11752054870473311,-0.19613404083561706,-0.24400465445363922
-0.2084037626639123,0.0779797718764192,0.057512743152664386,0.3770464401990273
-0.06634888074942705,0.11338551397253839,0.1679254270770213,0.24053727528008467
0.09608549761618476,0.09251291467043737,0.1752197389863601,-0.04488120404845711
0.12346426734129713,0.02653325855753848,0.273205303127137,-0.09882830835953908
0.10801475349600384,-0.16153876404880566,0.19465834635713872,0.06957180669015454
-0.11285071120595593,-0.07868806964466352,-0.0013720653934690824,-0.22732797791250958
-0.1887931246682865,-0.04874819314852598,-0.45712763930175937,-0.06652625849032344
-0.05092376721991069,0.027304392813014583,0.12666325721254118,0.2002500043055206
0.013143730235730643,0.2252143606610919,0.3213196663584529,0.11535913029950662
0.1863170961284721,0.0629877263232784,-0.0606962256272503,-0.2914270676938861
0.1499975936191707,-0.11356607827753765,-0.14780980797380125,-0.37619636857935357
-0.038577369900069026,-0.08613739510967669,0.26280348536345843,0.2607176545467775
-0.13255065218543355,-0.056648539835829965,0.0058709252733990525,-0.36226238476869194
-0.1484850660367912,0.06557389896541324,0.16565829503728619,-0.13554332317384185
0.027297358478165987,0.16366341421765776,0.5149712048121535,0.2418726461064856
0.09274911162214793,0.11576341566061885,0.021116199701876823,-0.6117249629979692
0.15430994612079815,-0.055753841635244175,-0.10963548397819961,-0.4935269592652695
0.07768804455566555,-0.20722068934808088,-0.2834028378113836,0.1998991858419398
-0.08072018266903827,-0.045432120708151065,-0.2729136674571514,-0.23993968916056752
-0.1040298030580812,0.1099037917729836,-0.11400752298553737,0.25301234214285495
-0.04934645650462725,0.1136257382202044,0.6136190108338171,-0.1708780738782971
0.07773755301438977,0.16600642769863733,-0.019646093807503817,-0.3842711806748447
0.11818691853533822,0.0401230025309052,-0.24336450310886992,-0.06728302224263637
0.07786956577806073,-0.182400998801725,0.029220489680376188,0.045344392319063495
-0.0695357006763007,-0.1352589924014388,-0.041459307160702785,0.29596833366374403
-0.13407333572691257,0.004416956899427519,-0.2930390646142112,0.4119816380719627
-0.10392381656316817,0.12264306689965035,0.3385894710698648,0.09438920968728587
0.11172581476274707,0.1149713037960935,0.35691352221570394,-0.4433993984180474
0.18911215246011415,0.024240906874943013,-0.35046596530394314,0.16249833392641785
0.02262913791466066,0.014351862615605449,0.5280930521756507,-0.08063934740662387
0.043607934986605146,-0.16123956648417878,-0.5998124907774789,0.2172450309120509
-0.05378546413525821,-0.0680133771117726,-0.08591681066896208,0.18454899982877596
-0.08336120796484633,0.05396401701511479,0.16171547604377862,-0.05722865782533115
0.042757292943986336,0.051348218528913234,0.3209401232546256,-0.02287144200118392
0.1408691977654314,0.07548994089687502,0.30926275420547533,-0.025636881390424734
0.14098993098072382,-0.07776345634257739,0.24924814899095607,0.12925595353334215
0.06952342443668934,-0.12476816341831652,-0.33207141377950644,-0.41196039776749976
-0.14074537715602733,-0.04857566116138819,0.22507728921457545,-0.14318338832645153
-0.05376616943681621,0.07299693460911784,0.49065121859082056,-0.1404064140103409
-0.07142732438546281,0.15216119548113585,0.15576078413034303,0.2732931801744749
0.15202555861429684,0.0853615551817059,0.05875984582724609,-0.3443815933334858
0.16984780438615257,-0.05653220189449501,0.5332766963291172,-0.10113473308775413
-0.049057915601118655,-0.13046233941532304,-0.1092492101998948,-0.3968924721907925
-0.02816420440960031,-0.09109371410360532,-0.07779617754364199,0.26024894711482743
-0.13782260692784995,0.06493475588481847,0.23367376251157673,0.06381948630319893
-0.11456756142966044,0.15003677085717276,0.2574028229735689,-0.1242423180606176
0.042372787955540794,0.127699860686359,0.22120874603313861,-0.2651603632103623
0.17309802135682953,0.0011805256686887712,0.11379559430884853,-0.34878256964302995
0.019857032583529534,-0.08869809969844666,0.011223678886071523,0.41021801900659804
-0.08273031273183387,-0.13029643470294017,0.10527060725641878,-0.3400086229822627
-0.12428050720633277,-0.009563145166909945,-0.06736060061037344,0.2381048514461189
-0.011120165415723617,0.15461714635628007,0.0674454969614912,-0.25093794663223506
0.0701615458150634,0.07444263487597619,0.10431196465933493,-0.4638170592534333
0.06110286680886108,0.08204162321571232,-0.3059320132799444,-0.05610775458372073
0.007744768536010263,-0.09865902762974119,-0.5695211974774259,-0.10409480087629597
0.002447778509396077,-0.04606188360993971,0.011823773039498055,0.12261203199049046
-0.11271733252749885,-0.06652502333292876,-0.03679398513776223,0.08659292234658857
-0.14496365608498496,0.053527577786363606,0.28532290455906306,0.03151540820943738
0.003081913994288478,0.07636610380427972,0.2093505712562957,0.023253905214848623
0.09244437366413873,0.04633486549734264,-0.15016818071445268,-0.35986647534801713
0.03786303947202962,-0.0645068150647976,0.1295136736772326,0.15524740733238335
0.05780535349001764,-0.0744789901567736,0.4434127605692967,0.3660472917586666
-0.05628832777946078,-0.07428704476876181,0.18958461208906083,-0.38708689780986894
-0.0980407060346218,0.08030149364612019,0.13718098047216123,-0.1094938142832129
0.0027683582178212596,0.12438212562305817,-0.1546020031086024,0.10773159101840249
0.03499745547319369,0.03858157127211572,0.33141780273506255,-0.8748095569731568
0.11104578832524672,-0.028444038392409277,0.0928238904679643,0.4778448106974567
-0.009313024798155232,-0.08647305635634756,-0.3159566917783453,0.04210178917572381
-0.01823656259069757,-0.04166903575027536,-0.10742722481301169,0.10250985110992518
-0.050100514311944594,-0.006701012749135139,0.45859296349073303,-0.10509637087206226
-0.003073111647918285,0.08357537282798284,-0.21682087435115058,-0.02805361304691032
0.009089758610430005,0.07184622803609823,0.20996855397940278,0.4953299687613061
0.11143563561422215,-0.027138063476388315,0.30450546688516766,0.06421344758514795
0.1173217910809812,-0.06454240684060346,0.07176339767956635,0.2490172649126112
-0.03217296304829875,-0.03723405952649826,-0.1056780625210196,-0.13307388093451478
-0.08006290482898265,-0.017065543702732798,-0.024623393452213038,-0.10929678052786676
-0.05419586244694523,0.07560555975288225,0.03947206927843033,-0.130757825594499
0.013675599530472007,0.15472812251074322,0.0433879059463459,-0.7403363961830672
0.10288038564218208,-0.011183624432130973,-0.6729205117005066,-0.18748318435487166
0.035108885338957646,-0.08499202649065354,-0.18129632269334814,0.14322299314865264
-0.059684303881080904,-0.09788246872786396,-0.4827195905523195,0.31695778390088625
-0.0677806451799577,-0.01895216326464739,0.006046623575437192,0.05318931050780497
-0.05649381893588626,0.06641385523027815,-0.04966860891181299,-0.30520474506827544
0.08030824488722804,0.06572202477653133,0.11101516239868064,0.14301397298667654
0.10497523850439938,0.027653467540570884,0.20411796378328467,0.6057675669778464
0.016669787666892227,-0.028707996719866805,-0.33053550242530705,0.690049142759839
-0.020240174233817996,0.0056361698197824744,-0.013060172334418422,-0.21633827911409179
0.03345191255089158,-0.09336387728303173,-0.23333252975823485,0.060496702281637865
-0.05488147904474207,-0.023933995521094924,-0.20014822185499914,0.24198705690654151
-0.1014183820053575,0.05222407468687739,-0.07139884197116218,0.16809636833566607
0.016980492915234298,0.09917363391843728,-0.030201159959219737,0.12046629490434946
0.06623800929629037,-0.05203941422400857,-0.2529864798573523,0.3691032292004299
0.010616304155253383,-0.09297423697112037,0.0667625553526455,0.045685906435386434
-0.0660811262790834,-0.04380682738082349,0.05369275824197002,-0.19967697257355693
-0.03605797993898708,-0.003970127525347116,0.4149359625713714,0.0755780231016957
-0.019415654136237324,-0.0027787521586754363,-0.5895802891135499,0.040612949540774074
0.005862189950383782,0.07306449054190124,-0.010393842205335176,-0.05691306107708176
0.008422531687866608,0.022979015144006017,0.017854421483926644,-0.0005442453584885917
0.06176413921554339,-0.14180137651581753,-0.06856742964929018,0.12343603908037057
-0.033078176433580325,-0.03260229816978607,-0.6684484132783222,0.2098745587320877
-0.06249663084961483,0.09305626069661332,-0.22185185202144506,-0.19899599318081349
-0.041047990048338465,0.01174183303684238,0.19094237520170865,0.11359580089376833
-0.1148063468845247,0.07897084651823445,-0.5021169046858384,-0.2185549440156501
0.06130769612477359,0.06990736963186758,0.11319976094912046,-0.0689506670643808
0.059828639831246457,-0.05408849263491339,0.35629956179831723,0.20440038090537604
-0.02542878463880769,0.03163972429113791,-0.3366169992440544,-0.3536386782769425
-0.04846339659664705,-0.030716786288928506,-0.3706560165455203,-0.08497312404579259
-0.0118218437167283,0.0009747854880967979,0.15928376792288135,0.14683202540493207
0.05789141702570851,0.07175676747880376,-0.0025868564083204003,-0.08724679930820607
0.09462741197841956,0.050478378927754086,-0.29629201192376925,-0.4554191168814159
0.05889730015020995,0.03327709243985684,0.07025848815913387,0.36966428673712926
-0.8542185935580004,0.1622424717998527,-0.5930391527625045,0.09408282492940179
-0.3443215292593913,0.8203942683716887,0.3306815285627676,0.5647897443285682
0.46421396877086224,0.6736771213203102,1.0094914560249135,-0.13805341804042304
0.8518705944718042,-0.031203827674314198,-0.49004465075567105,-0.41547134392353513
0.43279665644532406,-0.6696455347349739,-0.605496865067956,0.0031731310521559974
-0.3709365466348492,-0.7722165504440366,-0.7930833767613529,0.6853300662522716
-0.8413111791338015,-0.12429917263160925,0.2155446409702111,1.0800400764579463
-0.45447702871921203,0.5866649969223672,0.6005681141007515,0.8974831524251947
0.2004225752853241,0.7452502714261487,0.0926891992909265,-0.14572039368293543
0.7758107554437058,0.20989828344018244,0.1470738125395571,-0.9722523099585697
0.5500329162713888,-0.4412281516304741,-0.5227035514274742,-0.38944492249272156
-0.08160445757559817,-0.7420570253402852,-1.0890418536614292,0.36044051230817997
-0.6426166079314377,-0.31776081583072346,0.004353332807874866,1.0185085227114377
-0.6180448317833401,0.4399032270326642,0.8799831828187277,0.4739540533680911
0.02222459788534583,0.8254051446332129,0.9687873070671849,-0.19323206703497242
0.6070611797905957,0.40605816307014475,0.10901921524816782,-0.7406023318874341
0.615427073704979,-0.3300240689237974,-0.06850836359987122,-0.6651047035606089
0.1119072522831367,-0.7310363784876627,-0.7586288351700239,0.014789183823968877
-0.5670127994885814,-0.4918813044628081,-0.40536306815719986,1.1313238177401452
-0.6891540847042524,0.21759440870524466,0.6114990006457793,0.8341127696884187
-0.20957885632153497,0.7977416993108761,0.6342002914132374,0.08667187206740146
0.40166040913449297,0.5000160383050258,0.4148851443561788,-0.9489173773554671
0.7171905544713465,-0.06819775078895426,-0.5229167045177974,-0.6189385115860708
0.3395172074395921,-0.607580942941007,-0.12196727540490504,-0.10160147995952606
-0.4330251602839754,-0.563793159455168,0.22911846529913849,0.7087861456395012
-0.6514738900944197,0.062719151401899,0.3179741747464965,0.2745931737276207
-0.27592046504537565,0.5901078471291977,0.82740502185287,0.05427275766113959
0.267619320733493,0.6243295312905452,0.3761742423177472,-0.6027548302185132
0.5488128124473578,0.09120074862415115,0.3308125969238601,-0.8949364989907845
0.4886081789076784,-0.4774316428018339,-0.14186038812374735,-0.2616022596981493
-0.17940236206814691,-0.58896981264648,-0.8706376893249503,-0.17859686508916228
-0.572140817268129,-0.17249722584943006,-0.30533744060909196,0.630174354931234
-0.5151981037997072,0.3427988735764259,0.904709226250181,0.22470598748033643
0.13134380392102973,0.629067053770058,0.5509178562795741,-0.5240495532912387
0.5797348262029963,0.22852634420261203,0.03712273622092255,-0.7487368095152772
0.47960275648163797,-0.42424512372225065,-0.553235045956533,-0.1178902964263534
-0.03332652941304834,-0.6091301953002782,-0.09732179457275061,-0.0014399237570489332
-0.5148092554414,-0.30937310701897935,-0.8166116540109414,0.4835112268696394
-0.5184635985252897,0.3011420479946276,0.36282775804261647,0.8119079268178447
-0.0730518985940538,0.6145429392417452,0.3737543731123136,0.0148945266306999
0.46623291924714005,0.41142430445404954,0.30532821725424764,-0.7565259605028174
0.5823914998150505,-0.2456054184638016,-0.823872896540834,-0.8827355985129482
0.19713645893786574,-0.5367233982379728,-0.49368482313868933,-0.5284693282109804
-0.43674362558577623,-0.4180132060444827,-0.2643745231592451,0.26547963114729345
-0.602665858592137,0.22510685218246784,0.4531382391864519,0.5376963473208712
-0.18782314276153966,0.5527976844853536,0.30997312327029597,0.5150492061971823
0.26773585610577333,0.40527075588367484,-0.19918676332398355,-0.11237067118906846
0.5996922563277356,-0.03422450061889227,-0.28752878633527934,-0.3079113656182256
0.2969540227065516,-0.3927500645873011,-0.6535572096081446,0.3502748142462597
-0.20087985564663444,-0.43165363167022897,-0.6108654269791286,0.36761845481361244
-0.6213012359350396,-0.02926343827974262,-0.4044597573693226,0.6870288676776529
-0.2749676847982684,0.347437306036974,-0.19581219756010682,1.2623310464877429
0.13842467441038642,0.4779824791502072,0.11119729525540648,-0.5046716708437549
0.477489443277582,0.14386712718807704,0.20702079514357957,-0.5215272796599402
0.33677533156185774,-0.34500889032674015,-0.47095374388446576,-0.6805695864608602
-0.12891405356937174,-0.5236693277720513,-0.8282066898540933,0.39817676561261145
-0.5140381364297469,-0.1731368146830734,0.05517533177013478,0.9217392874351983
-0.39433765265629844,0.23794801073521646,0.4043892648745556,0.3157709305301401
-0.008067344830561124,0.48068738298838537,0.6243646445903013,0.27247660669909274
0.42396563395639386,0.22816507931567206,0.6150988340260446,-0.2903538681275372
0.4647788082603712,-0.1590852714845284,0.07069522865945088,-0.09640558797876411
0.07219214643382345,-0.4486437015519362,-0.8759745896825668,-0.015099531096479657
-0.36036295170526883,-0.24660626988689643,-0.22130551928206427,0.18597125125663666
-0.4272023983343687,0.16609180906865023,-0.016160006327008147,0.552135598968431
-0.12273517450689655,0.41477395550489254,0.2017305938152341,0.3151820993661264
0.34962847837598143,0.3590247862149622,0.3560201178435422,-0.296345115189455
0.4317647116257528,-0.07103759245348028,0.09617587337556882,-0.028173405261292736
0.167704811769214,-0.4112669045560321,-0.476296451946689,-0.46081293856741756
-0.2700549840800267,-0.3400740552425021,-0.4324237916126032,0.3291361664557038
-0.45001059554469364,0.026947790212097963,0.20074956964655416,0.21696703745859303
-0.08393714737410757,0.3586247651465526,-0.005903902037269898,0.028792889865604798
0.24343312002859444,0.3941218509288103,0.37068368654188205,-0.18702214404677342
0.3951028588446671,0.01949634822385846,-0.1869394725797241,-0.7716398399177316
0.2599456632907845,-0.36014316472330793,-0.26269686698224354,-0.7633823075030244
-0.10524172901295531,-0.35604178510398876,-0.3026133930007175,-0.07840021878837561
-0.4001284356794275,-0.09323335801921855,-0.25642114585804815,0.6895718636364198
-0.21441836436203254,0.31346665505952953,0.2915095308372646,0.7870643181073472
0.04159935787201968,0.37961516312727894,-0.38478777674714887,-0.08687198150597569
0.3609276153362295,0.08859914124097092,0.18968347730875912,-0.636370897645819
0.2970440905665458,-0.24779954529855525,-0.04577716480291455,-0.3878605193999285
-0.06432908553306085,-0.4412758541646338,-0.5479428686158186,0.008037502571076327
-0.31219821828494476,-0.15372857757614522,-0.36876571908532413,0.3240781575394966
-0.3538621912649281,0.133655180261464,0.36110964202567236,0.020856064555079268
0.04048605771921315,0.3344415594608485,0.4196825839481634,-0.012977308356774131
0.32958059968898,0.25800007353259075,0.13414777436058734,0.005309014683520241
0.3454265422560054,-0.18643088430085472,-0.2912992424361882,-0.4459751725312096
0.10767596642408471,-0.3526077086746552,-0.1487300023228898,0.10217782282172128
-0.24854319401313194,-0.20483575781918498,-0.11794080544716257,0.6281821545853447
-0.36296219100141497,0.12547056858576489,-0.00909094266617505,0.18174645604874187
-0.14429532260016617,0.3172714536537725,0.5343390865683167,0.4372465111477458
0.2378133792238693,0.29878673152710705,0.17150436514691753,-0.45325577974800885
0.37149264859297815,-0.019413020912277104,-0.06353992925106272,-0.08971691604241969
0.20509879564282388,-0.3529425440184435,-0.3930560587527976,-0.5111072362180376
-0.1939742839892892,-0.37931807614535173,-0.6229048964088673,0.40665734775678114
-0.2961214365290634,-0.046547300363298585,-0.6030012954028338,0.3974392319189008
-0.21973813087813787,0.225524075873197,0.15166069303065244,0.2396199615241429
0.17519814685867907,0.30849732121818596,0.2779873598554918,0.08867126840997691
0.29984866651262654,0.09540422268037735,0.3724065920071734,-0.22791423477645872
0.2375323148724154,-0.2241656929197502,-0.29734367744450957,-0.5203226280252277
-0.0240364859623187,-0.3676990382770599,-0.38817174131680926,-0.07686859893924675
-0.32180878391101,-0.1273606833685724,-0.5422910369110712,0.03383020294003891
-0.34454933837639323,0.1719362538589662,0.5347026060061035,0.8088995244506128
0.020493807303911822,0.22056356023261958,0.3274918730671675,-0.418832578202116
0.28128042452470364,0.18794141373875925,-0.16955680316570937,0.027621450641823753
0.3068689316422212,-0.11737890092658061,0.2627223822273103,-0.5620645272610814
-0.028066042562003474,-0.2769691598053709,-0.5447177777398391,-0.019514186132484623
-0.2809216573935142,-0.20156272860361346,0.15178974882938637,0.5172724179451982
-0.23944901587774217,0.15464646380874708,-0.08533666617627333,0.5148329866320089
-0.06965625161056571,0.29706759489415835,0.7833877574978781,0.17602842080437636
0.23506656964442424,0.2060937251678923,0.3687088405091661,-0.3260006830016941
0.2705765281350234,-0.0437206971182439,0.017259450951698507,-0.6036734374419942
0.0955865390881022,-0.2338247292091564,-0.3972970787782458,-0.11525310280084078
-0.1700699390116113,-0.19105003616006788,-0.24159693929824755,-0.028924583787698077
-0.25922900791038767,-0.007777758019859145,-0.31463500164095326,0.1420901332893232
-0.13276889542191414,0.30868616226737844,0.22530966737302566,0.3838815234218751
0.0688544882475451,0.2435885149262187,0.3892539020396394,-0.16419230167091736
0.32396273810942927,0.0665991211766996,-0.10704048398761906,-0.5219532273434541
0.20256577692981403,-0.1824058709793786,-0.4786409712967367,-0.3512040574450437
-0.07201405821680977,-0.244272091887021,-0.3131534116805879,-0.025544577452137618
-0.22062478923577689,-0.07480517741782593,-0.4628437241633655,0.2039438730021631
-0.1257787293804194,0.23812413385844255,0.7797184523768943,-0.03524747568187839
-0.01274839334424386,0.2194631761928447,-0.14702782551174406,0.1543317960574589
0.2271303241060737,0.1026183033677005,-0.304713107337887,-0.5759368327716854
0.2316787017483415,-0.11612842830652496,-0.04540952966283873,0.30155660421469405
5.145403210828417e-05,-0.21208004439031428,-0.5496893732665588,0.009986192487457662
-0.21285119455712603,-0.09777835768384445,0.32001161876561307,0.40729237829781273
-0.1969036145969605,0.12262068575529761,0.5570643622348511,0.059854283130595376
-0.06113473562237419,0.26689281179300534,0.006827015237776293,-0.17527926039624442
0.22297219880890806,0.18119478481103876,0.5342028159942243,0.23267548076434497
0.2447968594613884,-0.09704789437787843,0.36541239462277303,-0.40567772040810096
0.05714613116541469,-0.20208310412386682,0.0024665952407654235,0.30741948399314656
-0.1898620823851348,-0.09391947668971497,-0.6077120561903586,-0.017359065116133165
-0.22725200832949366,0.05542125237995911,-0.024988037861446155,0.15107009553194403
-0.05868318714557316,0.1359110632157379,-0.007417539349762123,0.18529678348764414
0.14230189810692617,0.16098920709074976,-0.10044839025848393,-0.6118204965525904
0.2055815836579838,0.0471721614730147,-0.1351638886729485,0.1884685080670261
0.1350503426199336,-0.1382065936708167,0.018008897042648825,-0.5236034812901682
-0.13636638414149216,-0.18282610021295223,-0.06596328849992686,0.04584010636810243
-0.25470641835081465,-0.04355862899436016,-0.4611562726139132,0.3973689063893715
-0.19080044221489076,0.15388548055338336,0.4194778673660263,-0.3338700881118864
0.11024336343874808,0.1981941344238119,0.5451510764174563,0.13291993035149274
0.20389705614276507,-0.01342614168488905,-0.0331741359563241,-0.38473382192840777
0.1968275479086239,-0.15346240678423564,-0.6207779432027244,0.09386005401346847
-0.005198589000250019,-0.23557001363901273,-0.5510249018498901,-0.3698004771898343
-0.16370273777287597,-0.06024903785768192,-0.03028497929183971,0.768777717906422
-0.2522076746492065,0.1835276446299184,0.26261317037682064,-0.06924635107530025
0.07411201055140682,0.1955890937879307,-0.3782011243173906,0.3213443887020671
0.09641875264799153,0.10488726022965976,0.2243158208984608,0.13182789766347006
0.12087072830292538,-0.10159391522061445,0.03567089722535194,-0.15740892343012416
-0.016611164369544226,-0.16300565501919562,-0.4790706145944446,-0.17316493022815835
-0.1359756290229416,-0.1543440487018933,-0.38831542756732274,0.13471295769030464
-0.22193822304505065,0.03478895381069509,-0.08581531327291836,-0.13628045347992948
-0.03989371490915414,0.16031625966050206,0.25184453484552155,-0.24142788572598065
0.09411181263219116,0.15510559258229467,0.10667248775422841,-0.38865746626572595
0.18454630092337082,-0.046377649260914325,-0.16186683492525542,-0.10329947452115983
0.03136379547836868,-0.24373092411441555,0.15839924963522198,-0.08212049434404234
-0.13083275363971852,-0.18083632746538864,-0.24989889163193016,-0.5732936492286135
-0.15118578875221386,0.020431667568015843,0.4877017735668877,0.25605739413352085
-0.039908195509884906,0.12594908403020377,-0.3111274051059403,0.056946283859008254
0.020727867256952123,0.1734835438762944,0.4003167209127341,0.2882335460919654
0.19615682270276485,-0.006991867221923905,-0.03436726707105375,-0.375720760494047
0.10793609668844696,-0.19059502669859768,0.15708571270734523,-0.5285043364192634
-0.0324437381758266,-0.10860577405223801,-0.12783780263122219,-0.02424947192243551
-0.11537484730781074,-0.07755430402273591,0.021095075903713595,-0.030144841868709887
-0.1408805629703252,0.10963757724005647,-0.13181315604178984,-0.024932200263302062
0.017622434582446445,0.2124618668020518,0.0501925936528776,0.4357822358536274
0.17773830335076282,0.07191501208844471,-0.15353010264825828,-0.3352519585841188
0.21512606702178416,-0.01739601792316997,-0.1167697397641116,-0.31106032869538336
0.03781175980821406,-0.19192407311962645,-0.01316755660210972,0.28165382182913645
-0.158267847644893,-0.032655280670204026,-0.03931403497499389,0.29165560525918527
-0.1461759956186445,0.0612978566071382,0.051367626523064064,0.24618637046079916
0.024520300679673025,0.21852358131980348,-0.1190015165396668,-0.27198441134568346
0.09709688295233436,0.11444496228582171,0.5578262788628829,0.12595699055110918
0.14355066702447428,-0.10303308956559261,-0.7562979311340836,-0.2201029968641161
0.034563823287787274,-0.21003216815645293,0.014820845373984051,0.21239046303377626
-0.0750643757310886,-0.1040120983553752,-0.013354128635549162,-0.10475153619268679
-0.18700840050010387,0.026814282221732225,0.11188468334537557,-0.31996311007417766
-0.07169734426476868,0.13985683115839556,0.4290974046882051,0.20734991429686475
0.08462390144734477,0.10278832362352704,0.20808723166746665,-0.8034690066741008
0.21028543136289873,-0.09490291785872484,0.30022118652999763,-0.5338170806900324
0.03022655469866578,-0.066701111523611,0.009615708906468255,0.024792141887186453
-0.06524257788492606,-0.17751964465703654,-0.24605139107164864,0.26061050694068705
-0.24417508766049717,-0.04975955188778422,-0.37940976672877047,-0.25524819662708514
-0.06782768039094474,0.14786948418028525,-0.02292945142949844,-0.0018893636161931848
0.055321914601189626,0.09263721361159133,-0.3251421636322325,-0.04271622961592697
0.20840680370348152,-0.009077243679987693,0.2878472208197738,-0.4657737923825596
0.03291436531405835,-0.0954456398049681,0.06108003432645802,-0.42475960065079543
-0.0289240370775627,-0.16112009760880164,-0.28489838617422913,0.061723634566444585
-0.14924605991864956,-0.09159246325927894,-0.1328946777686818,0.03240737564840248
-0.09075472381377321,0.08531880118639866,-0.11052981249986743,0.043272785485634485
-0.02536503785897832,0.17582935153189166,-0.485114527198392,-0.2425400668597054
0.16015957912171247,0.060691530449808045,0.14770908017072343,0.20269215961884152
0.08836688357088354,-0.10965074641320838,-0.08537290655174334,0.11580045056099497
-0.011730881815101152,-0.14836741665354394,-0.12186546674454474,0.04195643861891772
-0.03169488930141674,-0.07757997439724726,-0.5595045184325677,-0.28056215502976223
-0.15910529905295379,0.054990670849098235,-0.08060681809720527,0.1764153890560029
-0.04941298656454801,0.14144739072436852,0.2728573622154533,0.4490892438087382
0.09306674960045544,0.01706030113538666,-0.04325899163909033,-0.25526876059255227
0.08791105827588369,-0.05586244026027956,-0.09228032063063774,-0.11644020620082601
-0.026025427621649243,-0.19175159667720038,-0.13761763560323956,0.17895235632000273
-0.041784304139492856,-0.10697264475369904,0.06886348738795019,0.3314695245974689
-0.196319209962309,0.03893950574775065,0.17079368701947886,-0.15205548930906101
-0.05476822354832464,0.10915456855573785,0.04781482876059607,-0.10059036894893549
0.02068249170601242,0.030092559128321206,0.20141898271427155,-0.23321149568894584
0.1673952178322782,0.01425694540662226,-0.2083747498717732,-0.1900818433656984
-0.0008951848563987508,-0.0390557632896947,-0.12652836581581997,-0.3617264215744391
-0.009441874514924682,-0.10838236162068583,0.052610218212235986,-0.22804545028854156
-0.032118918735389496,-0.04832641648919478,0.6386752296723103,0.19034223802001018
-0.10491152099277956,0.09287037248268037,0.3100121505681246,0.2879216147169721
0.05090020107989867,0.10668354649913615,0.18691361056184705,-0.28634590535623733
0.12315052879902973,0.07472435380953582,-0.6037426216760557,0.011256913149915032
0.11279659241654241,-0.11172677451880247,0.08901872253292031,-0.34020286178218867
0.0061774656220163725,-0.10167576221496989,-0.6878223886629405,-0.11949720518896721
-0.07941422165797583,-0.07459898035907778,-0.3238998926346663,0.11837702484898324
-0.07427851832481643,0.037070345717304866,0.10797221035889697,0.03235839127118469
0.05093715814236315,0.028194001342607244,0.14160187583222653,0.0022844350235787236
0.14963977700177541,-0.0074100335132511255,-0.16689795692561654,-0.015867818198338074
0.10835110847889196,-0.06114970046921722,-0.304032052659884,-0.04745744504232806
0.0874638346908942,-0.03987332286880837,0.0860296628360228,-0.06611069020168246
-0.07438825681255899,-0.16722188958110246,0.3862552514268175,0.2709476761795938
-0.12592126150515354,0.04895979083888029,0.0042636487721021965,0.13000174658742886
-0.0187171544383614,0.1145065383598266,-0.15119569780739417,-0.5281903063356755
0.027643015394121402,0.004581130056929089,-0.2518034199643014,0.45657961963627663
0.12313817958538184,-0.09224108784623698,0.5131094218631683,-0.6138903383164294
0.030343809327017156,-0.14371865406211293,-0.32121635166568524,0.15807774182647116
0.030826143408058344,-0.10731811774370754,-0.501166531187903,-0.1328331794589774
-0.09108118152326358,0.0159184931236873,-0.1738967365737607,-0.42730522952441063
-0.04568455695175562,0.06810852732274035,-0.21951874309059255,-0.20619807710751953
0.03311194965834603,0.11439966584855248,-0.5494546420617066,-0.3840845969161191
0.10833288806987398,-0.02680535815116545,-0.2587173009575336,0.053516874363322364
0.10033459542891898,-0.03255519535354368,-0.13891489095172446,0.11736883372996644
-0.057646493032208854,-0.0990187901767771,0.018199874042357303,0.19877768896378314
-0.04475963218818245,0.09605683579797118,-0.01941749224891598,-0.011277904099961517
-0.06963375295937649,0.05331182184010281,0.34538315109430595,0.08975185478747587
-0.013663416615078696,0.058390932860647844,-0.1379857630158263,0.11248634451839351
0.08803343060934703,-0.01615949260238038,-0.03636556325242294,0.32909101535347385
0.054910715321648776,0.010242699125091952,0.2587980765389955,-0.03105577594633674
0.05634014458174903,-0.05940632737460602,-0.03553188180270562,-0.3384859463345875
-0.06934326136337195,-0.022772246950972685,0.17895934056338011,0.03504424294970006
-0.11043345336615853,0.04828713525583583,-0.12790920591297175,0.2605734255951857
-0.017333413046260276,0.07499208249225249,0.4062513769251628,-0.32372539371754167
0.06337601861220479,0.10059005073878667,0.09589274434644482,-0.029476435570971043
0.15603267674785543,-0.07229357580965012,-0.25441062045756535,-0.02186251332511987
0.02490503899329766,-0.06602477920240672,0.22539838565063225,-0.11893044136463883
-0.05100718229882036,-0.10070838488047917,0.0016435793223566406,0.26364298847600354
-0.06487267708003268,-0.10568993648377475,-0.39435699962725973,-0.05384829010268354
0.032804560091056006,0.12059485967239497,0.03701939554299588,0.32332904981824706
-0.032301698057061186,0.028858362322503578,0.0335470679754871,-0.41263964795144337
-0.007686105594857384,-0.05178628793124374,-0.10837947683210107,-0.1931467133699788
0.17532164650702922,-0.0329238354260514,-0.1646215293802295,0.23260131157257877
-0.06294143606895333,-0.0526425110847351,-0.03890846652399065,0.21645214417418143
-0.0866975284709903,-0.05472318696111164,0.5022033396918726,-0.28646595338318276
-0.03915463794381241,0.10040658334703455,0.06728229334434746,0.17303768429210026
0.05042990022442792,0.12365816336289821,0.16909391899746912,-0.057891840600999694
0.11474036248703032,0.05366680931193668,-0.25561165098276306,-0.025754052503215014
0.1431557035128041,-0.03619627898030377,-0.11395813190177181,-0.2228080772213814
-0.04008237696986818,-0.07741275508454434,0.18544817127535732,-0.012514732649981757
-0.029344736854980773,-0.04078545734343662,-0.22710380494152305,0.17705099346945394
-0.029815726643621924,0.05293338059494704,-0.05979128347937998,0.237736930554069
-0.0058195772607545805,0.05838646392511036,-0.4334652506374777,0.032132393911757685
0.03961643847041143,0.0010280089461752046,0.18903958701229953,0.2943204133872344
-0.048138774003825775,-0.04038037919057649,0.09515804214458697,0.06614066504152125
-0.008651246745996655,-0.13511755780554263,0.29553210470327246,0.3819772838542432
-0.05162224831393538,-0.03544476619950621,0.17524385208025295,-0.18372141125278438
-0.06329493987719134,0.0017137867061566628,0.3565403690953843,-0.5363604849396127
0.008282387440147962,0.03880020080273153,0.22429905046358906,-0.568846576165532
0.0016865587712213068,0.03025729587377901,0.2312024791021229,-0.08194354228402999
0.03875289530758447,-0.05578377594079465,-0.16944829811085518,-0.225976197509049
0.07076696228271807,-0.059831383162845635,-0.27615920405732614,0.09769330305512784
-0.03570072666404048,-0.0655013818040399,0.3250793983196063,0.10185049816260452
-0.05684028533835755,0.0403785419501287,0.06356531772510196,-0.14478649752815392
-0.018483200144587354,0.03181217505360051,0.12140873526620476,0.13146359760823337
-0.021847914225649544,0.011623693275303618,0.27560771015107194,-0.2604400453193766
0.018540762195867436,0.04854557570918509,0.03744326692460741,-0.1643689589348713
0.053104468505959804,-0.14519717203418278,-0.07845059269897293,-0.057917338065465
-0.052491046836433214,-0.061864593264448944,-0.4008808991903349,-0.6510612912951619
-0.03264179749212257,-0.04846575242657895,0.13450039778565395,0.4207761808686138
-0.04721656435677161,0.04211429845654961,-0.05895979301054418,-0.06432671612354349
0.034231592730514133,-0.012663438251402898,0.03030390249917362,0.2107353724979008
0.010487632366075868,0.03402879429546336,-0.3536910576493803,-0.7096066203439241
0.07334056642346393,0.01517132856649974,0.09987316105300878,0.03829651562022345
0.04448311750462595,-0.0460971853311968,0.07549373744667028,-0.038391528070485945
0.033360734487113894,-0.02362394419263189,-0.08103464695255552,0.11841595959357037
-0.13444307700362315,-0.033427405571014604,-0.28863129655792863,0.19620990946668226
0.029905195944787223,0.10921401731974847,0.07473971704450237,-0.31036830786718156
0.0742229337315042,-0.009100518502032515,-0.033250187225246294,-0.06282092191320074
0.02910103815029026,0.011126401800970853,-0.07354205107642191,0.12153543749520199
0.01052026659364998,-0.009106684609116622,0.244983493723578,0.0728837173273282
0.003356370589929488,-0.013616766393635835,-0.3338752191738065,-0.15733552646462645
-0.04756395127767027,-2.047916694556274e-05,-0.09666000840099256,-0.24778805844165938
-0.009346706730038292,0.08761816619785744,0.05032018262283718,0.30098956138315336
-0.012385957240695317,-0.017833468830152972,-0.28552685624759416,0.18785109286708207
0.07794307909861066,-0.01564054808416942,0.03338958178437188,0.261449256333761
0.03397314991957639,-0.036905737359748586,0.008442425659096683,-0.16528393615235423
0.013513391752962345,-0.051653933080041646,0.26034253541349456,0.14842074271407638
0.0648337525160962,-0.011948261126601505,-0.4054074605225648,0.4133681732742662
-0.044067842675987165,0.025897641913580047,0.6286627324391841,0.25813163091976526
-0.008599516751843714,0.019393778582815685,0.07687204706875737,0.15736044100431523
0.011014109855568725,0.022490006869146442,-0.17218028695720394,0.2071902360660124
-0.0009497053217714796,0.003797858055920287,0.4302282858040078,-0.014647245291217912
0.05845742188075118,-0.056243438734526245,-0.15637919963444935,0.261052774500569
0.019095130102803476,-0.0883610068279253,0.41619990366366444,0.4296569674841391
-0.044022083259991844,0.020453432334317817,0.12012690144956617,0.009035106560399443
-0.027466491604376628,0.10717376257823347,0.125634302720383,-0.35072158293045524
0.06500023617107221,-0.002030716554481206,-0.3012902782602082,0.5317660907086653
0.09162468323103645,-0.0008617642208101836,-0.1775664559668443,0.1392005551178584
0.01648941980090822,-0.13132858283848342,-0.2278414785661878,-0.12457398953914005
-0.010480008678705924,-0.09619646340050667,-0.35942941775306914,0.11207751792519642
-0.05116326414870165,0.04457298101918622,0.4293208372410374,0.1521916719035325
0.006554317403097665,0.09830543080498425,0.2655662568116712,-0.2587784908364675
-0.018747733639830923,-0.007713992816098237,0.7524899125911474,0.0012362407535679645
0.045707133952680154,0.024355727330566932,-0.03802675461546272,0.13192489611546201
-0.00563559538472054,-0.06967999843933542,0.12625152861150027,0.23869672406116968
0.045598423103058214,0.06358467801803676,-0.47391305696805747,0.32100338169387815
-0.5422493230965825,-1.2485377927468044,-1.6927619089844015,1.4226458837861933
-1.3683952277054716,-0.20206364236563654,0.30735054571193965,1.2419573043591081
-0.9199586952487108,1.0206916239366461,0.9967812561120037,1.2582674752390781
0.37943500220072,1.210585203523059,0.8480719465315789,-0.45707032287241933
1.2727544236530595,0.3389011285939172,0.45369171563269584,-1.1417519926917639
0.9866365422863317,-0.842429486597519,-0.6926879588687457,-0.9585406435338839
-0.23908583565177177,-1.1993600836829654,-1.1213191076569191,0.36529957864800733
-1.1435151648728261,-0.43141521413946793,0.017730769721878703,1.1295074907897102
-0.976555769252014,0.6577677335953791,0.8735426054113943,1.2386255478360457
0.046313852950902845,1.1964623053628416,1.1679921085705232,-0.158672277780878
1.061541462572995,0.6365806897958012,0.3858483250949518,-1.0739441114390291
1.0472342847795342,-0.4880311307601167,-0.7575028460481925,-0.42655301202594226
0.1986100420870523,-1.1941281606977736,-1.2165685202557726,-0.01065610367392833
-0.8769392069446277,-0.770284347558575,-0.7168079524609977,1.4235412956332072
-1.1158205035584043,0.3315859395740808,0.5674668602507771,1.7507882265525687
-0.26602005544638,1.100670644591921,1.3611339222375352,0.5872662181589761
0.7659418264475236,0.8671171006820769,1.5032646265888772,-0.6158203548592439
1.082929856499906,-0.19657564208179498,-0.4182876713465511,-1.0718035546863216
0.4796007411084485,-0.981024107628878,-0.6850671943572678,0.08270253803860372
-0.6602216315519414,-0.875391737293943,-1.2586758435029604,1.104340715708531
-1.1501754576242136,0.05562481799685209,-0.007713672519166215,1.020107493614405
-0.5475017530429571,0.994735362616986,1.1979308230833792,0.09626757328732971
0.47278892971510633,0.9537289913384985,0.7680392391925273,-0.2515161136952887
1.0840231637800861,0.09451395947347142,0.7053708150066035,-1.307255181284633
0.601405400599703,-0.8227106296061247,-0.6340029665932301,-0.5724498442511705
-0.3820366706344033,-1.0117308193851853,-0.9665430664715264,0.30241280231349255
-1.0172201945790909,-0.21654909566719716,-0.03084610826598444,0.7811472396573428
-0.7046422973396492,0.687685075815089,0.41217833415348626,0.8123903674025917
0.1765142142687446,1.051377226427799,1.3445419828382892,-0.34296962977530654
0.9005540301776087,0.3922170523218159,0.2706055885613262,-0.9380609390165509
0.8154452693191193,-0.5487234750512541,-0.95451809690767,-1.067402470859925
-0.02994367009801905,-0.980961753383659,-0.3895728971169371,-0.22863081177966926
-0.9435947655186808,-0.5414024451352306,-0.06883628878493864,0.5570151942525425
-0.9384011581228363,0.4346916948471376,0.1724246409260699,1.1482027186443273
-0.08155032674315649,0.9352997583446554,1.1040015059827244,0.1577067738159471
0.7763132484263009,0.5445684036952881,1.0016106474538389,-0.6678750107250703
0.9145525328947477,-0.2774902518995083,0.2907333300320786,-0.6164602921074154
0.2047814345730789,-0.8533053757600441,-1.110131887914015,-0.6290192483074969
-0.6332495983635276,-0.6484969566382378,-0.7875323490227887,0.8820672801746127
-0.9346963956890948,0.176456218541471,-0.19707586761769869,0.8082274198692971
-0.34315238217348676,0.8268730032962351,0.20337077006424398,0.5942863763658823
0.46508989506583764,0.6227690968263646,0.721581566800083,-0.3254050845130507
0.9134714716745538,-0.04912024588923438,-0.30438265354857663,-0.5689775226514114
0.4209678274557124,-0.769180851603772,-0.5578415684552002,-0.19257760132813884
-0.39665377674915947,-0.7621255097786134,-1.1043904651543062,0.56088176510042
-0.8334669970811341,-0.13799228871275943,-0.5043655103086148,1.3216634566547703
-0.5346414218999554,0.7093448798214653,0.7865522391706683,1.1323756682869013
0.20699331078357855,0.781207158485119,0.782349650718371,-0.30251619987461453
0.7999366989592079,0.2049539813165057,0.3279476940007453,-1.2791900098603337
0.5829004565986206,-0.6199154914542994,-0.47543629779697116,-0.7096392286696884
-0.10910553465612505,-0.8006835381900806,-0.7052550860439796,0.4903509346330548
-0.7235961699847003,-0.34419637695984995,-0.23729646108625435,0.8348977828556445
-0.6382246026705991,0.4634096566776895,0.730971503277803,0.9286792459644962
-0.033216089383269316,0.8238346992511081,1.1876351078624348,-0.3480346291024383
0.6870958475501981,0.357419460320681,0.22418809874103274,-0.44645105528927476
0.6274595254234384,-0.3819988654298394,-0.4184115235193625,-0.9166778002548123
0.13995449950772337,-0.7707801715155124,-0.7462055322812968,0.30431785393894406
-0.6652166264625805,-0.4745468013291637,-0.6844996262157749,0.0047172676450754625
-0.7567534548884541,0.22017386607925046,0.4972511256861156,1.3519226171843037
-0.16356830481085577,0.6890506683140083,0.8739328735890142,0.1024338036058009
0.5756135781802874,0.5214376989629291,0.3151073712063543,-0.4506390721604617
0.7517744198934742,-0.1606558587113103,0.1156862990829216,-0.4669978897437577
0.22881571883670612,-0.7359329114000901,-0.692558001422352,-0.3503716600020895
-0.46789882774347485,-0.5646792252136413,-0.9274474744319136,0.3762385557402398
-0.6859413273151284,0.016827313567682144,-0.12500028756477932,0.6608345210811531
-0.32614576566374837,0.6481454163168118,0.9303328445160719,0.3560940978016508
0.32723618004696753,0.6085458196264272,0.7324359346955539,0.07050755292487443
0.6686942518335633,0.06197229114091669,-0.09741112383712447,-0.71722073176006
0.35427318816369063,-0.546641408696026,-0.20983008326444286,-0.658113380420843
-0.22440890363907545,-0.6855976393593655,-0.573560260405559,0.1759948748223672
-0.6712178796766486,-0.09997005885112342,-0.4122837667908519,0.7807180548975525
-0.43188923511470534,0.4090514870849333,0.10303889061449661,0.16694400437219203
0.06455056119698033,0.6930126311586435,0.5126343159390332,-0.10937993436497262
0.5671674606274186,0.2239467227356419,-0.3744345467369081,-0.39942263286028207
0.5301372985132962,-0.34530747796638406,-0.22397175227022198,-0.9617686367388084
-0.048756296402837726,-0.5915483754244353,-0.5250226982746964,-0.15673230831735996
-0.5468776741618528,-0.3122297213073203,0.023231156697768318,0.4641040303413771
-0.4958758858361251,0.3110520132274409,0.5857042762396641,0.34720328298234737
-0.03296374981779501,0.5586182886931205,0.4352588800471605,-0.09972373025006087
0.42885234420945095,0.3845699571207514,-0.21007561591154467,-0.34050818246745107
0.5332572908747822,-0.1701191849689915,-0.18025985377845222,-1.101196902059729
0.18523774657618705,-0.5254122093781278,-0.3917398216497314,-0.3388192646777277
-0.3811946473842512,-0.42193960443398687,-0.2803691457362173,0.5618956335281999
-0.5179960352885714,0.20242201970484508,-0.0414608054875365,0.7528558434685609
-0.22028051346276625,0.5035283839267078,0.6035732458663248,0.5626725440953889
0.3905199935692064,0.5028566886477962,0.24736385467647976,-0.29271435233271
0.555892808499769,-0.041681415499313194,0.3342174962702432,-0.9632029866711633
0.3374584369319314,-0.489462580311745,-0.16817845581049928,-0.26240316949518117
-0.25584340864592814,-0.4819783743040726,-0.8071201479902742,0.2581748655072083
-0.6131854799117765,0.0058481454574931604,0.2569815902385847,0.7864415220378403
-0.28270400392889916,0.4347279064615357,0.04798439847891994,0.3027816264628394
0.18200449439596836,0.4895921217848384,0.5112826539038029,-0.02085111638749193
0.5661301906702012,0.12466396923502306,0.29299122059511684,-0.7572537329590403
0.388953235739006,-0.3577908841178294,-0.10913738876044382,-0.7891942391273071
-0.06719385963163413,-0.49008389462582974,0.02305410102896692,0.12149932359904747
-0.49220215784375715,-0.19221104431840305,-0.17517965911700795,0.3197291948745488
-0.4081804710402724,0.2667695534218238,0.061927751113072804,0.5203407169596861
0.007922066088164315,0.483768163312009,0.385086878124677,0.38303519599435093
0.41192914932004887,0.30270602586743056,-0.3220832128247375,0.12195632556320848
0.4661792289726219,-0.15964011114522153,-0.17758354024139694,-0.7740389740043138
0.006131159043006172,-0.5782820875259935,-0.5079848156546435,-0.10853061572351719
-0.44396601411776715,-0.2976389109440345,0.11138683348881795,0.3414635781566433
-0.4306675124899927,0.2144749434465832,-0.3426753416178749,0.6808268661363788
-0.11046687450978893,0.46579926142699657,0.37657564128707466,-0.1757019053892836
0.37319842879371495,0.29544081408159284,0.44196627684316536,-0.49304444528494196
0.46446694274751743,-0.11310405600049327,-0.15641172524446884,-0.7240632092919236
0.10339202421478319,-0.3889203316965474,-0.8577525637749212,0.1566293125135268
-0.2831617998111976,-0.4085258458816177,-1.0290930189570757,0.31806241414070013
-0.41085116740571426,0.07591714388689898,-0.3902686338409653,0.23088937748859728
-0.13309381211534502,0.37897288076730923,0.3906179097065164,0.35154905798030045
0.18840766309470233,0.3748106247032058,0.5990503968807415,-0.04812106760297863
0.39487450705125826,0.06630978550107267,-0.10315572521192196,-0.618309544301797
0.304261029037784,-0.3470809687886294,0.22104734579189683,0.025818101227337853
-0.1996283662674985,-0.34768450729861117,-0.7936317677835791,0.10281419445736822
-0.39812877340621616,-0.09804814484517942,-0.4753148483021022,-0.02423400069178787
-0.3821186836226862,0.29189824337783143,0.6398897299840667,0.03307286082694455
0.15203136085571162,0.45166370039137127,0.8609001654420142,0.17627124072655598
0.3484852549015457,0.19014844599283048,0.3742740993592619,-0.2819202786906366
0.35581808301190065,-0.30880796394728893,-0.5109484171868217,-0.5125667710623549
-0.01423870384464938,-0.4919644003059058,-0.5584900339423028,-0.5780883646696829
-0.33664459774602573,-0.1669777143687589,-0.6558057244307613,0.4019659272490325
-0.4002882719722801,0.21860006388250922,0.5391975360683937,0.3174470484258937
-0.0646964209917838,0.35422976185420113,0.2730776886991453,-0.05320961799837376
0.3101940751021144,0.20070033678043087,-0.11194907064046217,-0.22838301606646072
0.37823082382141127,-0.1800579653244641,-0.43308405244569637,-0.15062139510067754
0.09483888757613777,-0.3949010742204446,-0.8226112393488001,0.03149631751218962
-0.1910293321184603,-0.29032230191611486,-0.534185344990127,0.4193334015900214
-0.4137526907746039,0.07995688963365537,0.2685208966745234,0.0071131664259321825
-0.05034756037925829,0.4104888645951783,0.6918576461363887,-0.12381860161557623
0.19488937645727897,0.324575600207763,0.2804926334247487,-0.34572974710077614
0.3916304841465743,-0.016502545379160856,-0.7385263578390777,-0.18724374235608132
0.14248832321467123,-0.27630110695060284,-0.20101903399589838,-0.5062101982610675
-0.16490789084486038,-0.32798313733932516,-0.09090108471074554,0.2458771001243465
-0.4017649549029405,0.012382412553482408,-0.19196245723789113,0.4360812740095765
-0.19400136536511728,0.29857638553439275,-0.050434309502895985,0.46703329366705
0.11230059367182778,0.3471169122570695,-0.004445816665924057,-0.32468034337547524
0.29443420013901944,0.06711319039052743,0.30938680487139075,-0.5416665400090223
0.24726295556994415,-0.17828991948924483,-0.42398634205292884,0.3860918471297814
0.006274761911565577,-0.25706609844886497,-0.18828721470437684,0.3209515310216904
-0.30871918608987997,-0.13106479143097693,-0.25068805827156176,0.6604256154435991
-0.23082987857992118,0.29000778531327875,0.034108491805349694,0.4935064520974854
0.013695945304229318,0.31555209559594194,0.7720440557321665,-0.27922815044919447
0.3640349802950641,0.1738633756579105,0.18381481812395267,-0.5837372098983952
0.24363852882337877,-0.17091228566615682,0.05141799740660938,-0.21731769160333972
-0.03827697649864084,-0.3109583936598418,-0.0725720668420086,-0.1540465318214057
-0.22028970527481723,-0.1758656743990148,0.10841432512033233,-0.13946470802641303
-0.29827101591659255,0.18188190643025856,-0.27886517766256474,-0.03706055088770789
-0.11971587647820595,0.32527851666951335,0.22122064275533246,-0.10974125119001754
0.24644602563881202,0.22214539099941666,0.05454916372339247,-0.3412012848418953
0.3032264981948061,-0.0951315825429582,0.3289643849264437,-0.305547315042122
0.12801073068043928,-0.2724124357574903,0.025270973877038125,-0.12847579325773545
-0.22034811586318467,-0.23748087259358894,-0.03230046736198769,0.5502990545714611
-0.35620321491519935,0.017993868653607678,0.03984134881468274,0.3296372788527108
-0.1491503399788981,0.22340143092407233,0.3081983259606226,0.08032485687614624
0.15932916835469307,0.275708632502192,-0.06808797641285544,-0.33050919217538777
0.30678081648958944,0.050793786420835735,-0.18952297043654184,0.14439924588246003
0.17260774036739676,-0.24089247684015996,-0.3970442008622103,0.19364535719522624
-0.13631254497865442,-0.23102232718006305,-0.38177589929144357,-0.11637147630586514
-0.2891256619075049,-0.049431803857257615,-0.11625887337752938,0.7460648817477487
-0.1940204258739367,0.1953175545555208,0.39992702944929737,0.2793858066566218
0.047121800522814096,0.279638813316602,0.568253916437329,-0.32513795580621674
0.25293585910222904,0.06807327426116863,-0.18076490796904154,-0.06949387689988848
0.2030685503350881,-0.16669820894344198,0.351197686042386,-0.061533742714439815
0.013714588486521233,-0.26353820536429795,0.39085473769061224,0.1450302600582272
-0.27753412880414347,-0.16999144205729502,0.42168731069576526,0.43560927175422404
-0.18878907173874296,0.13028872461526786,0.48161998089681524,-0.08026159452883277
-0.10896035651799107,0.24220397120732529,0.06819104046203577,-0.4554436866901271
0.1425920344505004,0.15002099711964118,0.5832560631678546,0.12199441941753139
0.2303075331702182,-0.14803222982841552,0.06824355782741862,-0.454029312717905
0.044636911987580456,-0.27426417691640287,0.1257100419580143,-0.015112473479332589
-0.20332766131343252,-0.15000675925460558,0.07873572859946325,0.2657490626513743
-0.29261806856195327,0.03575276357185386,-0.2808355641310162,0.33636796873133906
-0.09659100377488858,0.24798090195784894,0.34794971280940706,0.1615605015390803
0.16089812902266942,0.1871356171266712,-0.25848108447631507,0.5445488528075138
0.20990820376598376,-0.0317993319932335,0.18478324511760388,0.3759455504270459
0.08634247859947991,-0.2267833190962498,0.12411570497751788,-0.10673221014448411
-0.06734084445242064,-0.18963102821608377,-0.022052669969054306,0.35165731231265596
-0.2482955352067856,-0.005508222158329478,-0.3076465258987038,0.5279602586960511
-0.1481838902237713,0.17842016878109251,0.2974979429305957,-0.016724130454355002
0.09702608569619037,0.126833512411671,-0.17157137452588844,-0.13186895493345618
0.26592720918161006,0.0982924142289983,0.7037977929118572,-0.2882879116700008
0.14290142873102565,-0.13626872605753146,-0.04166518316045267,-0.5300378463213304
-0.056161787771773955,-0.1575277979962394,-0.17180784832202384,0.03872787514937914
-0.19045994530732857,0.021308620235423043,0.0009424284621094292,0.3180447980081298
-0.18455363600421432,0.17852256017334,0.10721889511639049,0.08561339298399098
0.005857067485222477,0.18340959233829757,-0.07347421987843877,-0.13908056074374522
0.15988242905703565,0.07645673933068692,0.12280461921458,-0.34141737667595357
0.1936288124559947,-0.11042665734856767,0.15489847262457168,-0.13418502921039108
-0.029182996778466752,-0.243722214473705,-0.5429457209062855,0.0459684890882911
-0.2260812110266979,-0.13551496779708827,0.6023428126196323,0.2851394364168154
-0.16640156994250166,0.0410349278098784,-0.20854953689781602,0.13618494293853875
0.01636870625663852,0.1657465215247228,0.5180057282135503,0.2764085368664519
0.2197470059679545,0.1430648354081089,0.4070863942043128,-0.11480205296953643
0.19063236021245866,-0.09670750106984756,0.2700374286704371,-0.6745497126536215
0.05375597439299275,-0.17960316873879167,0.2863580539997941,-0.23744467241363518
-0.048072376639735584,-0.017330857660663834,-0.837645745817527,0.3449029950986416
-0.18847520734928563,0.06473915563827916,-0.0719172509488969,0.20328913572785712
-0.08848482841608885,0.17509039625778697,0.33123467114209826,-0.0016836458543684207
0.10309154420947263,0.13047172801737958,0.09309777430413502,-0.3824641487159767
0.20992578706658743,0.013331662831762951,-0.3447377497973959,-0.4030181448029711
0.08456958209934842,-0.10422644569545655,-0.4649989637004558,0.046958691736630476
-0.08123158658054519,-0.14158485008234098,0.5934413755617785,0.42852589496805854
-0.15340513929655034,-0.014314738101852915,-0.4532843789797784,0.04866443351109768
-0.19233792728931476,0.14314174144747552,-0.13402811412257215,-0.1360539371349663
0.05538080618356896,0.14534603365021673,0.2555691441037007,0.00464788864421084
0.1626742619375958,-0.013125420538678538,-0.10348104478624345,-0.4431179519723789
0.11870302534973057,-0.048644914971554924,-0.04888344827604224,-0.26786391706548734
-0.005400815597550195,-0.14185043228301628,-0.41505496667730024,-0.04991206870749401
-0.1940356713401424,-0.0802196282893766,0.25825909150611115,-0.28291285134700334
-0.10653469750606762,0.0671065476407188,0.050022531709634915,0.20076374360476956
-0.05136878060600374,0.15026926318549655,-0.02755818527210069,0.19046347599999597
0.0982277150293252,0.1057187153539488,-0.16433379093047462,-0.22682637502702024
0.10535977323569598,-0.08200290916719304,-0.4612712038539853,-0.1447468108023473
0.02246511951297509,-0.18204121340187554,-0.4248840942281366,-0.536290208995324
-0.11872388753433877,-0.11415075681126056,-0.41855401071879006,-0.035927308423402415
-0.15428744917973788,0.03146400125568238,0.29882923300293407,0.32873219797919967
-0.018973611087967114,0.11338337657400521,0.11616507556027293,-0.3776441758563043
0.06646468666973214,0.19176333903670376,0.05202461538820251,-0.18492629632489507
0.14127324287147938,-0.004718455312044994,-0.15365363457409187,-0.036408202487158196
0.16289250723890952,-0.14079336906302153,-0.11125384312259577,-0.33828820849305247
0.013566683836485155,-0.16581245411749118,0.1439062666426448,0.04017943721560405
-0.0755205534383862,0.058485563809742,-0.0918771236115494,0.2868105758265688
-0.07237401002134397,0.14619145434233824,0.39251058447266146,0.3388351993157385
0.15718756723043806,0.13336811313640154,-0.04068987556144873,-0.010102786520300167
0.16855095407786258,0.0325771224945726,-0.043506896511757154,-0.10087684812141978
0.08761927922314776,-0.09693292192286296,-0.003946868764779232,-0.14827153759894546
-0.05292556307577817,-0.055994545501977966,-0.20056238382508432,0.4687219532058887
-0.08697384120898229,-0.0851833662728192,0.17146518489667728,0.5502489066699385
-0.06327100116729928,0.09614117385165803,-0.2796010197305787,0.10618585216847352
-0.0051914126269168494,0.15232997601153597,0.28143537971088994,-0.20644262167177643
0.16514917513977703,0.058544048693927236,0.017035557739087936,-0.08502612468464149
0.19620602306849122,-0.06536519428235736,-0.1954825990669895,0.20195565673700352
-0.04515328985448565,-0.14443009411703947,-0.02142586907805038,-0.02827752737411579
-0.1664163645087733,-0.08176285113988854,0.14958787597229967,-0.08597819190117466
-0.11773962935279517,0.0838940374089078,0.003303365672787592,0.2550467279479917
-0.06777243594911898,0.09079782630290001,0.31281998657597426,-0.024781793570107513
0.11364433231670146,0.07972228303599058,-0.2819660811398302,-0.2858134304858299
0.16605966258644805,-0.04094770099296272,-0.45183977348367294,-0.5862721214688338
0.08781498893492017,-0.14463895856604556,0.03591881567482226,0.12170550296367547
-0.10808705033767349,-0.13578075875166365,0.06547584936446242,0.170281507825846
-0.11967929460316841,-0.0328121481468011,0.5660314528022069,0.2581035643438853
-0.0027679348627346403,0.09127545783880094,0.1645396492339872,0.4243374092281183
0.028787388123344394,0.12573085733759648,0.44682210159834285,0.3578059880456331
0.06954633581455753,0.012278703871534555,-0.39667307205761854,-0.4680737154247795
0.0272915351581689,-0.13970277144074741,0.5624142841010765,-0.10661010407565938
-0.07695978430877809,-0.13559922614637426,-0.15048525638386606,0.04932481332028525
-0.06056632797247363,0.051903481234962065,0.2905960757399857,-0.014749036110596834
-0.10502188092909577,0.0958465009984801,-0.11511300546936713,0.21960470993475478
0.014749482051069527,0.10449364748783922,0.06285192493061137,0.14682736945273903
0.12084959732818372,0.022839501810212035,0.005875691905716657,-0.39797434704301926
0.10020969571731099,-0.013134704207231417,0.0005289527739261307,0.34769935907079313
0.020938652806540774,-0.09811860111957633,0.24389121245678477,-0.011138139456857293
-0.10177958336321401,-0.04252536743873035,-0.6951504683936685,-0.022945747444886727
-0.13654557994069347,0.008941322272356014,0.29530480991664587,-0.1527903055196466
-0.03274951943184193,0.11017899539577647,0.22919041285043545,0.002870173372536977
0.03645579493495736,0.0859630399081436,0.14402628924883198,-0.09978679815372093
0.06572338490262006,-0.06313754463679133,-0.13492567512549838,-0.2510957368890385
-0.016220368714847954,-0.10429948278388476,-0.44075712542395906,-0.06634408877154103
-0.05794401475558597,-0.14985599382814058,-0.4801113445424209,0.16655564856833024
-0.07903609930054625,0.04702752448205276,-0.030735097658085055,0.06422608342283712
-0.040350359521366445,0.009679034780781623,-0.30176997151786694,-0.26448609482626784
0.06359575198590532,0.07865054714651329,0.29966046463716633,-0.426986194281962
0.1464771217843408,0.03816027420609615,-0.290399377142291,-0.1499556042858231
0.0491455159760019,-0.1831535574979485,0.498234641677442,-0.38779735624578104
0.03993985916050954,-0.05078706236586365,0.04065515959368344,0.3558048115351346
-0.05988184171295408,0.043918477485164795,-0.21375665174666067,-0.3673844948910783
-0.04719159451139048,0.051482785192711225,0.4068419714779323,-0.4508667437750423
-0.0016763511730503167,0.05382531014298824,-0.12377386638442887,0.21147824323384612
0.07483065040440721,0.0831495205521172,-0.15147549022432788,-0.6766920665052719
0.06420850710080046,-0.09985024306853153,0.03611895595260678,-0.0971194026807233
0.02533145756570868,-0.1179663006102236,0.2793888306448143,0.006587526941116834
-0.16301529476766322,0.0018243499754264751,-0.0677572229056949,-0.2240448098480395
-0.09915585255063769,0.03917169791073894,-0.0982318361598361,-0.3174559697142688
0.021375045620065883,0.040123935313805884,0.1263291668684081,0.0928037323026426
0.12065849527229136,0.025186080394823108,0.013807976104877884,-0.1670948381914274
0.041692046452846326,-0.11228733148677131,-0.08394690280496965,-0.43939627494579553
-0.005480624113395051,-0.029201251045310565,-0.33281733714958167,0.12957448515839703
-0.04926717546918752,-0.007262329182326686,-0.16930686492964364,0.6864461107177134
-0.07367437323526874,0.017937770250257244,0.2606621512612144,-0.12140657348339148
-0.08249666304106508,0.007349943680172652,0.2120748443547208,0.26317636961542007
0.10936219760082197,0.0475392993773124,0.27779118075878473,0.3349055331871957
0.03340383290691009,-0.08899157283633878,0.55763752130725,0.050553371243813636
0.10887050544443351,-0.10836341170022751,-0.2158904988592753,0.23574114274818975
-0.001837496242323114,-0.06196444114817149,-0.15014796402475505,-0.05937962198071085
-0.09051911565502244,0.04482846454993873,-0.15538852059351674,-0.5042155381326645
0.042178712832668296,0.09886619862220843,-0.22123580169767432,0.45557354587680315
0.03810835509064566,0.017295415763270684,-0.1456324175574578,0.1963308816501734
0.11882414661554128,0.0102322492894888,0.05568107481661533,0.05254033346332305
0.06886598911984915,-0.06244832683329054,-0.0959755920810144,-0.2655673253091881
-0.11681828813293807,-0.07521396547841007,-0.10224942290420157,0.14181115927814056
-0.011182430315390499,-0.04821960821634271,0.7507025870982048,0.11161065529544476
-0.024141528040982005,0.047527894984100955,-0.17292993879323654,0.44732498375962537
-0.010723941668764954,0.13496862344635435,0.0246308946557986,-0.2605998079283701
0.10113294731477197,-0.04684103533435511,0.34023097948550024,-0.29967910670380177
0.014145890814249086,-0.05228193428156379,0.3041441578319948,0.02656824414286052
-0.001492740312902226,-0.11234583660043651,0.04807610809568371,-0.07743293878139104
-0.028692743584001798,-0.05322692422579639,0.13919567285455986,-0.05561639479896232
-0.08257509103614669,0.022244897952626262,0.09170399256726462,-0.2671660667605297
0.01195005853493342,0.0895047418075576,0.09560217860440645,0.22391658647838492
0.023848473391244754,-0.046378293809904214,0.5559783008826306,-0.08681476352529022
0.09856026466543014,-0.06968374485168752,0.20993744658158467,0.29523177733988537
-0.010780850773554332,-0.06863971271907514,0.06095186211265005,0.38379216669127814
-0.08198981277594372,0.009535337364911328,-0.14721905607458327,-0.04068167758092808
-0.08956778003874714,-0.019929509974060042,-0.21490245108841843,-0.0764368925830197
0.019372946667112374,0.09447791600100397,0.01953513541700487,0.08663028664510845
0.008353473911106989,-0.007428366604064825,-0.07320953531988604,-0.3833385248525399
0.05439275292317914,0.016416953507467982,0.5907471220887762,0.19875118170908787
0.023139613888298067,-0.055370131400846546,0.3456451234203098,0.3003809674206176
-0.047628746636590016,-0.06567171138494744,0.04347032733806811,-0.34411546108062724
-0.07191860697589873,0.030753402203923492,-0.31685203620502794,0.29200198084312806
-0.0794975154526267,0.04369182363730174,-0.08572999724217135,-0.5071097282305402
0.09988994207534962,0.07124075908864448,0.17759945416702247,-0.10826299931996117
0.03902235973903147,0.012364551812882422,0.08724077603137544,-0.2289656752979785
0.1482915580133298,-0.011110942455271201,-0.5479215273910696,-0.6428835456042694
-1.0171335469022844,0.8719593795142706,0.9367526354137656,0.2216580086566422
0.15173813060423832,1.2988176067895882,1.475932025140982,-0.11795134214990122
1.1987889354362795,0.5444450030885698,0.4754450445914482,-1.1355401825033935
1.0915773437054395,-0.708827586736832,-1.059076266687582,-0.5479171148859441
0.1098729436902873,-1.3025611376571793,-0.6422140264596773,0.1758319799039798
-1.0931665201491456,-0.7113074860219698,-0.843978344480969,1.0044179868255076
-1.1463855291089327,0.5383427205253294,0.34570007399113756,0.7130885902472472
-0.2250336342698759,1.2063477677381151,1.1266016216078691,0.21676243557503194
0.9138972767095751,0.7885305743678258,0.7200426505320207,-0.7669361170836342
1.212014552652229,-0.37917040241679895,-0.47614279838204876,-1.115047356726672
0.463858237566288,-1.0882855606639017,-1.0044365816409522,-0.14568379501198603
-0.8370648652453705,-0.8363028616372497,-1.1585705464566587,1.0820567100088068
-1.1188394235247316,0.19056229347186512,0.6955041397837791,1.2925280413597768
-0.5055869959982217,1.0150364052700003,0.991645651695093,-0.2256752579059651
0.5544869598560515,0.996381988801068,1.2617916042669066,-0.4484466935691511
1.1470926556981034,-0.037837959189951004,0.29605817720820715,-0.9785409276911108
0.57873867745108,-0.9307797295943807,-1.2074259855706415,-0.8801321436785209
-0.5107355126582648,-1.0096916140507652,-1.3988195143003064,0.41628561938998554
-1.1539824980567106,-0.11864442699430869,-0.37241894959484934,0.9485342179678216
-0.8212978948417927,0.8277100564735452,0.8353018475647278,0.35846397615135306
0.272322774947556,1.1051298377620795,0.6549151933170775,-0.48383706618152056
1.0266182132390052,0.22750215150104258,-0.05324655549737378,-0.8901274636714952
0.8266136998552268,-0.7248525730971194,-1.0937577693917966,-0.5214441257824931
-0.15314599223352843,-1.0860148328947035,-1.0858130610558476,0.5894750721211306
-0.8829279688458413,-0.4094882024847811,-0.20621412647441384,0.7787292865797193
-0.8805030993450668,0.5493558766351169,0.7010409534391127,0.7461506546380822
0.05179479652489118,0.925953931626374,0.9149456363250116,-0.4873105348392115
0.8917629213124939,0.5566936889203791,0.7896414583079675,-0.8139227757178874
0.884510314262194,-0.33040045039949134,-0.5067424773597379,-0.8345364724519178
0.09755524060183972,-1.0124277387903744,-0.8247553235017709,-0.525986395234545
-0.7646118258646543,-0.624119395085568,-1.1135728240143932,0.594326443073735
-0.915988618617573,0.3888229036354741,-0.0835193442143517,0.8294557804766064
-0.2923974041716916,0.880169936069753,0.777048202277486,0.3353743871654946
0.5720727017420572,0.6856172218574937,1.0717815808503866,-0.5684742230801132
0.9464022511586059,-0.16583603184522902,-0.5099484555473022,-0.9453756294288265
0.37608845993075873,-0.8096433152870903,-0.9541464307052511,-0.33476913745601855
-0.4617307694491772,-0.8160185203631232,-0.8893390966202505,0.5994839512395794
-0.8828808257425848,0.03487035124240182,0.34388719194081985,1.0707268765527
-0.5011599769285192,0.7541583285348619,0.8513647727151558,0.48580870796149533
0.40246443787320196,0.8190534272393811,0.5118664504731398,0.2607054899962008
0.8849385505992156,0.14490762566830548,-0.19912391849363165,-1.1319625695453217
0.6187183396860971,-0.6014799493964893,-0.8223060965399348,-0.8899454807797885
-0.2934343979955855,-0.80739739795452,-1.086398100227403,-0.3041324555883079
-0.8290025320321468,-0.27554674392384904,-0.24351181369939134,1.1161864274727247
-0.5840804271167493,0.6078038635218395,0.150511170627865,0.754441139685997
0.0800411794337548,0.8086464473873707,1.0057632268023853,-0.32928875706260796
0.7817291818052436,0.3288316575576914,0.2655754018319112,-1.106604441900103
0.6500030309748547,-0.4822780285458321,0.11487959485685206,-0.988315091920805
0.0065468847108831815,-0.8453292406503303,-1.459237628554696,-0.36023909146142674
-0.679560593507178,-0.4847863878240825,-0.6800153152544991,0.5926877060423946
-0.7987952183421033,0.3231431837864238,0.28234737935063203,0.8216437821714879
-0.1308782846930439,0.8438808613385804,1.1692474075287056,0.10835991407013912
0.5254588947980754,0.5922129014508288,0.6296159346380686,-0.5079721513804775
0.8745766885235466,-0.23529043664541338,0.1388713729811536,-0.8505678619918314
0.24788612364607637,-0.7368888926333035,-0.14610953616848832,-0.33243118929363935
-0.5659439932932868,-0.5954948238386206,-0.6980005057769323,0.9612543971153575
-0.7730060582962522,0.13108954631530623,0.08815972611473155,1.0529905311905696
-0.3086215150132268,0.7167553180119705,0.7345042901705513,0.2968018044675358
0.44735028085635414,0.6240798267099552,0.7709833477559591,-0.5873107187092375
0.7379453572794137,-0.016039234358755407,-0.28847594961609824,-1.4495928115371264
0.3380902546013863,-0.6389304996221515,-0.9451839272752638,-0.17831773896828884
-0.30531565186035736,-0.6448688535336159,-0.5182997676414964,0.3086757611372376
-0.7086521271279509,-0.09223518413610099,-0.17505154595695072,0.31234664639173804
-0.410994618939188,0.6038320150149913,0.650117342559067,0.5376749282555443
0.18548554593439567,0.7322626699325533,0.5638807538305237,-0.44748811176222425
0.676823923557466,0.22604284219824378,0.5038136809166827,-0.6945225815133618
0.4606776181683286,-0.5046895772301948,-0.504373918563811,-0.20442340215687693
-0.01874684302405122,-0.59844088427975,-0.5845389480425063,0.517677301785297
-0.6990953924862224,-0.3270702031122957,0.12831414722472012,0.7661828672112031
-0.5453618144257045,0.3949412657066406,-0.07126415301037636,0.7632024068388177
0.08474477193623643,0.6315264718799675,1.0525843220850026,0.16553734912106433
0.5397893773448112,0.4229422872057395,0.20276998522395062,0.05933171849534763
0.5847511430039052,-0.2694312486450695,-0.007750459974998902,-0.9847283535183982
0.060469148034556504,-0.6870646587834647,-0.8899041578879743,-0.10517013774745454
-0.48761660120891437,-0.41563613922609105,-0.3298733519230401,0.43236129937369555
-0.5718854492754977,0.1783369233629422,0.23410044707732502,0.6984318606410395
-0.1615395472450647,0.6176983372657046,0.5173026856964514,0.5898268403445595
0.3732465572261965,0.36230821963135573,0.43288742428271326,-0.7205900826999906
0.5764810120575878,-0.11020151090980096,0.05888181724673869,-0.9691663220841987
0.25846852061229536,-0.5301784276381467,-0.45584754274070866,0.008925208916045757
-0.4350019880711128,-0.44407844865544127,-0.5374283629331239,0.41281318747148216
-0.6566665284944294,0.1362242804615759,-0.30692686963079474,0.6908376796192764
-0.2279582694518751,0.5335631867263679,0.6095583046367259,0.346638734849824
0.3734568095981746,0.5881984916413274,0.36758090385256,-0.831840149950332
0.5821986065023617,0.13332989475042156,0.13293402315963487,-0.9750819399830326
0.4278355267219945,-0.44605639453580703,-0.26095056560465735,-0.4572324803429295
-0.18781502584975993,-0.5592304016382099,-0.7784936874807737,0.2619204609638087
-0.5600314348413095,-0.14217022486635814,0.3395553287510761,0.4911612366971797
-0.38511506486100705,0.35960555803128397,0.17867118943224763,-0.21756844273720488
-0.0050129385027385814,0.5889378799245386,1.0202809066697962,-0.301323164503679
0.5222612681974009,0.2151626324259991,-0.2688663267335556,-0.3481439764873842
0.4333741491015816,-0.24543684323777376,-0.057928515215437126,-0.44530144298092433
-0.023371749227750108,-0.5452280804342515,-0.36562278756064476,-0.06742153595948874
-0.4700053256237072,-0.18035948604783458,0.187915819697487,0.9153127034900053
-0.4353221327680177,0.20731506292241925,0.0043765838190854,0.7089523806441945
-0.07175966094936054,0.4554860855876098,0.17026550795681952,-0.2625684797770192
0.369278616372151,0.3282226117937947,0.35212091032345627,-0.3169066094702039
0.5442099628359951,-0.23560297786742934,-0.10292306799758566,-0.5710866210878207
0.08477548742060573,-0.4583983104494296,-0.45870384257077806,-0.17854225487596687
-0.31538328665075255,-0.38912155678650273,-0.21154136566144927,0.559678619542669
-0.4855590270861763,0.1845687478817543,-0.4624832938580481,1.378567530496521
-0.21970828424470107,0.41926876881406083,0.5249775386244733,0.39395488381850696
0.2878966226131194,0.4474013451248058,0.3726492310917512,-0.38602956615256534
0.5047563356642919,-0.08991849450348652,-0.14257002554780213,-0.18227240743527615
0.27139296559256426,-0.4042070406469775,-0.2997406822227533,-0.13912325383091062
-0.24506047312490808,-0.3852309062504462,-0.14412865542363595,-0.15813245192763115
-0.4190502057139938,-0.11533629863459213,0.00954608245993388,0.7467919102554565
-0.2950756931518808,0.323203967502624,0.2983098390853742,0.20034744446716463
0.07959839421172565,0.3513557077388503,0.535645707459057,0.21046960302526257
0.4310586708760214,0.13272471360075289,-0.0038801225953200014,-0.44106569748742847
0.30951228765294997,-0.36743733431305226,-1.12658440927114,-0.5449591602059691
-0.13940075001348862,-0.4141849223840678,-0.9753229602436476,0.48714071158323075
-0.34857278820678944,-0.15763641655230318,-0.07803027807118584,0.13627090561964858
-0.31087008054293247,0.2512732595420095,-0.016874969143638174,0.8276138173158678
-0.031561958028944,0.4219629305010158,0.26735816523014666,0.256393891402224
0.3216946390361309,0.21186051869997558,0.24217722225449823,-0.13683597406722425
0.32438242112499516,-0.17410145430229035,-0.055958026573167674,-0.353527237751116
0.060046080981475805,-0.41225708710674247,-0.6277249111589739,-0.21640149163201478
-0.364575223902129,-0.26535290913231335,-0.1655615716418546,0.38223955250097846
-0.44096507225101605,0.11171105719640288,0.3786519927974624,0.5138869445254715
-0.1515483943005095,0.4401329490275519,-0.05648379115704684,0.5115043183240398
0.29834405252318513,0.2938485435758212,0.043047698430331155,-0.2560045540934974
0.4417378667482853,-0.0809639756434319,-0.5232843142320311,-0.2917847098378158
0.16999473463573908,-0.3259435468873568,-0.25452509805041224,-0.19817068605237992
-0.26391308494450205,-0.3129561339072936,-0.42867881825053633,-0.205879691866091
-0.3593406213803925,-0.017774499371833626,-0.3310865596353396,0.4654330794906392
-0.18077939349604363,0.3029037787065019,0.5139188947006275,-0.2807882267660397
0.17343804496498177,0.3983479322004014,0.4845015183968317,-0.029730578338418023
0.3854030929053932,0.04050728210930228,0.3159075436535075,-0.4124694219510304
0.22329850766956164,-0.31508146628325273,-0.45704475758294294,-0.0486284477130941
-0.0927407049338941,-0.3566673590349145,-0.15936986743446055,-0.11741911806778332
-0.3473630023698381,-0.11309648474078297,0.253320523459947,0.4774346293801085
-0.24537361727656087,0.2688883923351458,-0.3262747999580612,-0.020205727840920396
0.08283864558196144,0.316939559253691,-0.21804043333842787,0.24043615101112525
0.33139904693325445,0.1065878590273115,0.5440309091159858,-0.6740820260462311
0.3872402656517582,-0.190451052667017,0.16099979615735754,-0.3015726831425561
-0.06834880230338863,-0.41714935082027815,0.21405085404508167,0.3354086803452766
-0.3556228281792324,-0.21276820821340114,-0.16640575802271546,0.38881983956669713
-0.2925694692248156,0.10163275885871614,-0.30117234517143904,-0.008811149880162683
-0.11480324901833083,0.3027857094100654,0.5282760050465152,0.15019573665168262
0.25456860263060405,0.26570272248923327,-0.0283693710830632,-0.45058652501206037
0.2949436201050293,-0.11824400813523726,0.04865619077992156,-0.30436480213686334
0.022299201542068693,-0.39950138805236657,-0.9294451610030487,0.0857394921737481
-0.16522442059464068,-0.3147145851965766,-0.2934090334664034,0.1965766709954754
-0.3173512542080092,0.09873125711814369,-0.558828791890836,0.5780671219231374
-0.12272841706468264,0.296270369209977,-0.06549844955819763,0.043908715130308584
0.2181185528128259,0.2794344379470083,0.2958256693204947,-0.37612801753205066
0.2853855354714163,-0.020270114768577707,-0.07802515380844699,-0.4820492777659327
0.10116121909705283,-0.27733923781164,0.09694568634456516,-0.35156226092116133
-0.17998181351235593,-0.2321308355652133,-0.7642162198806357,0.17566465693052008
-0.34221004625448864,0.0016153728615285294,-0.11722240830319614,0.3642552616570222
-0.1902167141755265,0.22570397156369806,0.22691080231657682,0.3832602760927828
0.10730307585208981,0.22519924266938968,0.43557029993689045,0.3135373734751573
0.32378063958700165,0.0836092624907093,-0.38279927686541537,0.25551389699840427
0.2600488180846189,-0.26558159529619496,0.12303185624636184,0.22558574569486914
-0.04418141953856878,-0.28392342905583284,-0.4641694011639044,-0.23586496692369424
-0.22968273553361843,-0.08698790296243158,-0.46588820632845307,0.6090303909472179
-0.20234607367755184,0.22934836860592,0.1797894722892901,0.7436723855422203
-0.03603300441479336,0.252725300139532,-0.08386352155224121,0.2953583490227564
0.2596182614492808,0.11893324109125226,0.5114296200715386,-0.5455911172307909
0.26024211936837277,-0.18740536803316882,-0.5897552544247101,-0.22697403981552094
0.029882043319592898,-0.3160512966270588,-0.30885570773069737,0.06261687147566197
-0.19010651489068492,-0.16708464985971425,-0.28011101545270967,0.35073542075390457
-0.22286621298061793,0.13132347029253472,0.04871555306494829,0.6264734765341609
-0.024737429836113704,0.242259066188853,0.3259405044446276,-0.21774164305184862
0.2450142586828902,0.2079117022753092,0.4652715936035251,0.15325766335989296
0.20467403423091263,-0.13281539107404197,0.6664741735051527,-0.5234164415852157
0.16894731420205789,-0.2592148105005085,-0.6803777540846778,0.24566961448777083
-0.18639102187020767,-0.20197299521544507,0.06459519633632657,0.0745755189994754
-0.2995305115760056,0.003140821793434152,0.5856329987510515,0.22225083042933597
-0.1634995753320509,0.2540883869096706,0.7115571423008299,0.4530792532605569
0.208580171883772,0.1921299149143101,0.4072319028824132,-0.0554519216104675
0.30868546355445,0.01737348774353993,-0.17082571880572273,0.14915755212402712
0.1683357319183945,-0.22788948177917723,-0.3251127294922121,-0.29954350906577343
-0.12535958790245352,-0.25809418871143575,-0.6194972038383929,-0.003182521906372887
-0.2680911106274468,-0.0346197173444974,-0.04082621583910595,-0.11103641094022496
-0.2021737295547522,0.17828447035710082,0.44758863326458403,-0.030847024599885142
0.0851455677796251,0.145961525439037,0.31745552538163724,0.22164454947128653
0.19694956988323017,0.054897712324562274,0.37471638629903714,-0.15224062550450446
0.1550510463947523,-0.13702621164424933,-0.3671566053888382,-0.4155373662316252
0.061811380867801885,-0.17041792996736,-0.2505517943239202,-0.10702294002284257
-0.259940808329208,-0.12011618329692633,-0.18115914701579416,0.4378444547575231
-0.19990874272386217,0.10488119017374728,-0.01716647412025457,0.18675003083096378
-0.0790017830740448,0.24290193634336638,0.3418979531255462,0.30762781286243973
0.1828518976434111,0.1169134310686227,0.040680624896232837,0.030071479968026144
0.2249869118946315,-0.07494513004576706,0.07861137586950187,-0.8582099933720945
0.020647012937612216,-0.16588938306933787,-0.5502238406315391,-0.3766295221173238
-0.14827411294547044,-0.12574434387920977,-0.5615978510373651,-0.18242002121642606
-0.20525308544360057,0.061531929160390325,0.0757654729046077,0.7134940367551904
-0.029552871758102055,0.21655786073105876,0.6066615706457259,-0.1277488827571667
0.15142559139411946,0.1259382325294947,0.28912102246390214,-0.04565542094072089
0.19140532565333823,-0.004504837839635673,0.2618826573098058,0.14966903302188825
0.15867924582482346,-0.14147123728379754,-0.02796418298671867,-0.035630894815752295
-0.1452042476005627,-0.22100607894517965,0.23747295946830954,0.3596138012190643
-0.2286540068132827,0.022656972046781916,0.07788145507057934,-0.1947400434318604
-0.11828903499194932,0.09269186750153866,-0.0503801047833978,0.10388684295313907
0.08309348162002717,0.29654751864313605,0.38161401497034847,-0.06576297214412746
0.2204978943035295,0.03376570766912875,-0.031061515719296856,-0.2966159410359114
0.07383130231087974,-0.1281159177943064,0.06079833804336368,0.04220918247429234
-0.03992711754386785,-0.15039689632445152,-0.34834759563761947,-0.09794459643250916
-0.1691429005186874,-0.09326478683514272,0.39471975614125965,0.12045406726786961
-0.13100435257617501,0.11246386866049905,0.0071768217058554296,-0.12748751009231735
0.06570864909982338,0.20493111859234026,-0.20881900087907024,0.1480777824757755
0.10519364794284698,0.09097954561069312,0.00673732525057695,-0.12555167625147842
0.18476714529711508,-0.13949819758794538,-0.16328495022576134,-0.33515083147466684
0.018607627880704185,-0.22727409109375601,-0.6020823410981337,-0.11538178451017206
-0.13659067380818396,-0.09095188048823971,-0.40275099812226833,-0.01255794968057028
-0.13493501266281285,0.12045293553191572,-0.37724550432062287,-0.1935639250675429
-0.051303296697456945,0.13340427549866093,0.09260420207973942,-0.3415597149208452
0.1819062630918025,0.18112979836490142,0.7194136487961207,0.2934400944241462
0.1997202358731704,-0.023494038281711198,-0.09593960231101137,0.12768526214138493
0.0514735404377064,-0.09874980921727883,-0.23031083712483774,0.06764063058617188
-0.0472807647247006,-0.10295550578377875,0.22416040634738169,-0.16181658039569183
-0.07716278271041435,0.07926091123568406,0.09484929028245645,0.24505618742000537
-0.0031584629055361746,0.1812566398602297,0.11398255519469595,0.6386868293752462
0.06157546548646555,0.11753994899535031,-0.49220075302837285,0.3184780975399899
0.19403029971019733,0.007357349946851643,0.07287299640263145,0.05337625627128155
0.14146376737220717,-0.13781040127222388,0.24099535876483438,-0.38198704180667936
-0.09979748314297548,-0.11452127357376587,0.04507703271327421,-0.029437853930042168
-0.20321135120463293,-0.019169333119008893,-0.2507740042936411,0.4910032015349389
-0.13296833801727426,0.10922301027411739,0.013899336312710939,0.03798375677244975
-0.02991259166454853,0.1448719461858775,0.7263957762593259,0.2804971685647964
0.10980160060100376,0.03018541220390939,-0.09397972659108862,0.18635886020404702
0.09705124673013774,-0.03876112795860559,0.5383405686475077,-0.018320192997131057
0.017297063518469907,-0.07377627143967963,0.11934560972230594,0.199944129007721
-0.11631206861371077,-0.06809031915912762,0.13706338961179246,-0.04596039456748621
-0.12414267008433635,0.09589303248046183,0.29256886011465866,0.271785511023595
0.02656131925985695,0.03788427689596088,-0.287655773217171,-0.18808051736290798
0.13729802948284017,0.05663935719915862,0.08044642634381323,0.10670495278627803
0.14231280200306515,-0.03963794082801274,-0.1288507598641496,-0.2315017532571284
0.06425322666493972,-0.07812973578249688,-0.4862789877104318,0.18973560123047106
-0.13083594351264244,-0.10692388570894791,-0.18694765093301188,0.23403637853590598
-0.07550884162620393,0.01608112752855656,0.4340395161052663,0.24785589616238035
-0.07322498034461107,0.14090347740503842,-0.11628924152088753,-0.050993522043980555
0.0560864432880499,0.10781813731890691,-0.03486064606926381,-0.4765869164484994
0.19253265152188223,-0.010906919247238439,-0.05213015677788091,-0.10068191397854455
0.09356312866551036,-0.11657763474236002,-0.22442653048007266,-0.3093688424333564
-0.05155046812819175,-0.14877732780480035,0.3286585608825081,0.0341171988766506
-0.14293895624036476,0.041639172539484876,0.41830129119120485,0.22144000732402544
-0.09456461225200719,0.09190169929249706,-0.2558587958767243,-0.32386419922144344
-0.06894421749505118,0.09486227302797642,0.4667943802607884,0.02639325694816702
0.16597017488306798,0.004815689890834248,-0.1433536530647341,0.14394879416272813
0.029322659399799535,-0.06377419606863818,0.09926161981219622,-0.3241947688533249
-0.046499540764788384,-0.08506820371768682,-0.032192070085863,0.22363641703208537
-0.10649019696432467,-0.09276786475717014,-0.323287973829037,0.3101522591658991
-0.06233698220146437,0.11665504949513397,0.12065972205848513,0.4037400031548923
0.022192968990812748,0.0530125612856735,0.5927962611700712,0.020722522706212165
0.093720775103504,0.07214899567633071,-0.2845285394775436,-0.12356804961566431
0.0899532479130997,-0.04249289028675367,-0.48251943267865877,0.3125149020825113
-0.03254422825389732,-0.027895415571382573,-0.10852918108836543,-0.05837012941225364
-0.07503575626563451,-0.026274457330957686,-0.019446401810115782,0.14177437697774634
-0.11084471661462483,0.02980546249742553,0.21604876903791598,-0.390123501517336
-0.05588686836196152,0.14282038082853693,-0.13827070307543876,-0.15666120864776817
0.12490051033115168,0.006083946210925506,0.1634341637733914,0.4498091836146621
0.09594503096236219,-0.0501223811073552,0.11629334774617847,-0.07542052998628354
0.0275064924423726,-0.15236306686395254,-0.26277494773122284,-0.31135748777561545
-0.08899298950450597,-0.017153319865969255,0.12048723651437028,-0.013460922781556688
-0.06752983047210957,-0.03421908536394139,0.03250261430195578,0.5609834363370972
-0.013464743381095032,0.0601834776814035,-0.24702674433445224,0.03589971462371531
0.022447403615522842,0.021259938673759,0.032596454110894596,0.033217275404444635
0.11116511254963828,0.06205660010803414,0.02445951977841032,0.2023682894400422
0.08080711113316377,-0.0601741668742007,-0.29802400297791404,0.021775060308451832
-0.03755162161741007,-0.0650249547791058,-0.5128420335110122,-0.5417255437706687
-0.08270092721695425,-0.038620614788097765,0.7340684994391868,-0.13254768647674375
-0.0730742309212285,0.1185778730542407,0.15390825850135478,0.27431878673738697
0.020704798217835035,0.1329248570729931,-0.14012873613754337,0.14490399493211853
0.0779683811026447,0.01717141119984306,0.31455865342485356,0.21211188115050442
0.06814411246633442,0.0035576588045634766,0.5592763628196381,-0.00957409165300245
-0.04656402719642131,-0.17160601181633117,-0.031274594028842494,-0.18388422007318483
-0.11975817647182906,-0.007788252298335206,0.42974717003656654,-0.8848458270462362
-0.020921552968305557,0.03479611339329999,-0.04122334786986967,-0.10638842973017287
-0.02860495737338533,0.10316067145080228,-0.04562907855561078,0.04659423068347955
0.08138149593552936,0.033393915406542074,0.13776198742611356,0.16439282811881817
0.0764846621467653,-0.045990369855023,-0.780766325739379,-0.42466878977299405
0.02251968466031217,-0.1125587581735162,-0.3700693701837755,0.057999410140485014
-0.0590994911753767,-0.08249888167876436,-0.26797684383013093,0.2169472923604214
-0.05743979973138801,0.09272685739175912,0.3444430584295347,0.233301845512398
-0.009263034594624214,0.02847980053114682,0.1487284346275746,0.4118415042767276
0.09292336901518568,0.012894625240631799,-0.16284296394065595,0.4234907856775272
0.08395883699183766,-0.025579916097542253,0.0031784219990853985,-0.44973336301130384
0.07849489779036953,-0.0948330845138523,-0.250019659413796,-0.45413561625845467
-0.04102165279659854,-0.07285994504568058,-0.5082889087342072,0.3443350051781233
-0.02829075726808162,0.031653037174567605,0.24482142703539206,0.44177725221314923
-0.07218330861496519,0.044359425973569094,0.09304318067369567,0.4352802630718112
0.04324916539376273,0.06625431748559617,0.2951926847289019,0.03855995156949919
-0.0012505525767753517,-0.024417643636118015,-0.05323838879909039,-0.05894599194216586
0.1012025408566598,-0.11389930772223368,0.028482790956860862,0.40259301008079407
-0.0049888924498879775,-0.11580383419978901,-0.24088790217013037,-0.30873569997351236
-0.08147356198937496,-0.0043958533460036475,-0.24128763929588048,-0.2151225922564252
-0.09298645473279049,0.04734646063943273,-0.25208420823961675,0.48734258980963935
0.05700998960784128,0.0891257904907817,0.20866917684237257,0.5455374896660402
0.04677947440735801,0.04882507967525028,0.33186980079426776,-0.10621995601989627
0.08329258314082219,-0.012132671953336803,0.1912947314902727,-0.11277968777539345
-0.02705598307957385,-0.026418822278737118,-0.6043222108024212,-0.24912391660334451
-0.04806999529205248,-0.013906677344902155,0.2015806856751547,-0.5555741112877595
-0.03855101088106534,0.02178618311214433,0.36761501914787137,-0.3385190437208392
-0.04396153522802019,0.089526828719523,-0.5938554931103371,-0.008075101519012945
0.01288025117278032,0.012993326995453296,0.20905703980283782,0.07060958635149502
0.07026307102202874,0.006797062548703502,0.04475309595159339,-0.3428355736270956
0.08040446304975146,-0.10500393293388981,-0.31208589580812457,-0.44717443094109827
-0.03423979616535295,-0.049934293097406726,-0.03263970820168875,0.04465716126407823
-0.030899825342455813,0.04889987207094419,-0.013622061580992953,-0.28364380216169005
-0.024705431894566872,0.03136650439648775,-0.06878886869929515,-0.41582525617615496
-0.024622971666841784,0.10504667600986178,-0.4048048893594548,-0.5019906658302526
0.1045440382625418,-0.04874979491895544,0.01343399028006384,0.21913904260848646
-0.012382168882068244,-0.019473690614533433,-0.5208079264669807,-0.03606247653099984
-0.04598945339174123,-0.062204421671366736,-0.5111722778979778,-0.028535501592454535
-0.11308896638027272,-0.021239054386706858,-0.13397893739276495,-0.07837709466687069
-0.0906887997274674,0.05169403903888905,-0.10628555945021219,-0.34999245937157647
0.09773115132559551,0.01884576830754455,0.011136234671650768,-0.12148062756753483
0.03285244770252003,0.12808177300400847,-0.06778309793426134,0.2545128193958779
0.049216434694277965,-0.0895864340296568,0.35236029536630853,-0.5215728551592719
0.038241048323196886,-0.012900460136580402,-0.3423487670595927,0.3967675336841742
-0.07141963690985521,0.058777262926610264,0.24256421017893495,0.19440965881949956
-0.3227457715766369,1.358536534454507,1.2732920747524379,0.42977345435203596
0.9716714511637515,0.9176847588385407,0.923540087790265,-0.7147598494385138
1.2864191356504249,-0.27654054336187156,0.03449757188134672,-1.650375655526563
0.4868133985852261,-1.2392255086850457,-1.39860015098921,-0.3291910010014776
-0.8407269291600924,-1.0100858565577713,-1.3208220719587453,0.7378737120448442
-1.2534405146394407,0.00910328780761293,0.5222632889812839,1.2010523376367146
-0.6362666561153011,1.0766304714233363,1.0776365607678255,0.3469640243331029
0.55904297686684,1.1817940154500841,1.2760810559814346,-0.38788017559551635
1.2485132000201573,0.10878206614229885,0.035907062822864155,-1.0324468462556935
0.8523244913673822,-1.0061814966168798,-1.247351163454255,-1.0119001203669187
-0.323172645177111,-1.1310834633033418,-1.1825326468268609,0.46886348626370755
-1.1947415525382303,-0.27840597615103174,-0.38996176654572556,1.18716928627621
-0.900944861051619,0.790390130840927,0.5323228433538818,1.1316425448402716
0.209057287944369,1.1902473584114788,1.3878511111885194,-0.635452526907152
1.1120689974400775,0.43347797128103116,-0.28992137186888756,-1.0097979273990125
0.9382369310707269,-0.6859022232941588,-0.7157326968599648,-0.5189531192337393
-0.03337587236316465,-1.1847085220849929,-1.3480198809915218,0.16587182604345996
-1.0609481259285214,-0.5424534697715895,-0.8650819180374009,1.2796463393906767
-1.0412030143600826,0.5111753930042179,0.7854867392518239,1.0116547219103829
-0.14708485456314246,1.1114336721768387,1.2283736640237308,0.011409133688029538
0.8705603995012436,0.677952095566084,0.4515946703640733,-1.1602405831275786
1.124489247335166,-0.3177957842575759,-1.0929634138294197,-0.5667191906945953
0.26295985263190746,-1.0654529552203218,-0.9606175645264883,-0.8077229968190247
-0.6571639917411362,-0.7862545325167544,-1.0262770412888422,0.6268396030347706
-1.0282541614829772,0.18952029131641007,0.3097993061845783,1.5770163066311316
-0.44427474154439167,0.9523708262573862,0.7969876377146103,0.5864647773824411
0.6332374783338559,0.8263406385789935,0.712879040949071,-0.330007957992961
1.0276027089629882,-0.02974999062482573,0.028566912657957966,-1.410413344574735
0.5062707234619932,-0.8744551834648105,-0.8704137799769485,-0.5722738694490143
-0.42324800307333627,-0.9670780495168682,-0.19253604127202006,0.30993334408920215
-0.9861562679654234,-0.10865066510308398,0.2623303015643563,0.9007390364329307
-0.6639841493180874,0.8187234586967803,0.696032453688426,0.5198732783365323
0.33405788080793053,0.9459938990944864,1.1159891051073432,-0.6711338848683224
0.9312771241606211,0.23632197451182915,0.5410978505674818,-0.7839954467380841
0.6848750115698059,-0.7124792982982044,-0.5892988580237835,-0.8824886136697208
-0.16651628555467463,-0.8845709616390863,-1.42706819377119,0.4653671624239214
-0.8379469498426522,-0.34839257964577586,-0.32727209966307846,0.25480238762830454
-0.7903224647476936,0.5477412304370638,0.21231766144853004,1.3115199683395986
0.1113203798437099,0.9862623231268194,0.6270187295908626,0.09223670107399218
0.7687940715684226,0.3919498824040432,0.22208638333416908,-0.8956836671028753
0.7875686367747311,-0.434816378971232,-0.4245790102719632,-0.6310731602347965
0.1535143123467266,-0.9346702341932099,-0.7536355735932218,0.14793349304774273
-0.7329386423563958,-0.5029675755652809,-0.2289004239719028,0.4267861331796166
-0.8416980193640609,0.31322743757431737,0.4331267383285864,0.7116961586610638
-0.24711893411095845,0.8323507786538004,0.8056057205627376,-0.08925015311240181
0.5401601365695524,0.5865151776054954,0.5700598614783314,-0.8275724199549994
0.8711864409792222,-0.1147656205037349,-0.08088204386049347,-1.1466019101264155
0.33162146188260205,-0.7892463961950459,-0.7895067285674012,-0.5242681508406916
-0.5174136410456716,-0.7689531019045548,-1.1364119509537702,0.5020180709802385
-0.8326187916568629,0.08998342190419678,0.18599379480089828,0.6959337668468879
-0.4451985372891195,0.7316347794072441,0.42664954696381374,-0.0734301896088474
0.37724907913500705,0.7653939780931033,0.5358965331568663,0.2500034724713551
0.7721321757578943,0.11019443921144595,0.12558228126280657,-0.720509898719778
0.564370065171481,-0.6736525876489627,-0.7372911352774605,-0.3023950784544571
-0.2808727509607343,-0.7717667620677222,-0.7915134536857423,0.11458906693124382
-0.7730003186448541,-0.13152374570791134,0.2427280990563102,1.0790020498938107
-0.5859953132308704,0.6231452662091406,0.7756807930613154,0.393265573074332
0.09726542238849437,0.7528531803828845,0.670172618872274,0.1523252048994339
0.7161468208727867,0.2219620729276804,0.23491757992965046,-0.60148133641451
0.6073088767700003,-0.4304990656344605,-0.553131080487056,-0.6459528256248894
-0.136209782279374,-0.6799300843712173,-0.564344619871668,-0.3292889352124839
-0.6560999600500413,-0.3822441013239579,-0.20772823975483468,0.5773738409890125
-0.6666977933095289,0.3390337414369258,0.29037043880038194,0.5645394694895578
-0.11136722005655549,0.7408000219523334,0.956169688316,0.06634071529579788
0.5656851848599892,0.4700415891616691,0.5548817162841146,-0.6714953356582359
0.7013687711977098,-0.23337873137624016,-0.5530616121280985,-0.6410036529997839
0.15067677668069748,-0.7332676675172108,-0.9502800587113706,-0.2817435668638263
-0.4668902489485265,-0.5294897527874594,-0.41585593860106407,0.9147442004229822
-0.7020588202549572,0.12950442345984964,-0.3054489261824289,0.5421300426582156
-0.2648118306374125,0.647900158220544,0.553145938521345,0.8829309318462109
0.4022376075394137,0.5360747909805206,0.628430422585395,-0.08952089993567558
0.7522720636677738,-0.009193710652232068,-0.20493668709020862,-0.3804786328122517
0.3376197090095557,-0.5778683479824709,-0.8304925062849627,-0.24082150841550964
-0.23234732142017736,-0.6253797679826084,0.09041458666107921,0.3535910295807976
-0.6576747343232163,-0.07724659611737625,0.20540780739580988,0.5325052086445404
-0.43610187450213805,0.49085021047958066,0.9854753604361421,0.4490785817555881
0.2681677295905927,0.6286311733117981,0.4254542747898696,-0.4562877236497792
0.6573689802415934,0.16994542296365733,0.07092852593561183,-0.7217738882403797
0.4239856682538275,-0.43980860615946965,-0.4201262334079134,-0.6175353956718449
-0.08442420741598497,-0.5885098238746882,-0.6271410244678002,0.0007197072425324524
-0.5766229379410628,-0.23300140925737278,-0.29757936534768603,0.6076433198599132
-0.5894018410215097,0.36659626392958505,-0.34155471787255254,0.48548617847850944
0.0446976107730455,0.5654053617768227,0.21136831273205736,-0.03936494477334851
0.5605781768087121,0.2335301226515766,0.3014719299674429,-0.4244704204519553
0.5912441185626993,-0.23511757072358588,-0.113061074375847,-1.128028447756801
0.028774166947055167,-0.6201121235445644,-0.39714022403295784,-0.15465923919151914
-0.47287041118957734,-0.3055415529158073,-0.0914042149903535,0.6421764680505778
-0.5501215607018457,0.1955858998967854,-0.08715206748703186,-0.08608036240975767
-0.08918461072170192,0.5839921485682465,0.8891909027783415,0.10918375131845404
0.3903206285665212,0.4225416969809989,0.05707918914909044,-0.569058039584375
0.5827618330745613,-0.11881867905364892,-0.7674302038640776,-0.5211727003377089
0.2674018248758978,-0.5617355771492295,-0.7005764934132617,-0.34272378855900454
-0.2854065833736942,-0.5198111843800923,-0.5009691976535743,0.18316811819926476
-0.5502832367720651,0.10101893938155244,0.08741530758909488,-0.18072110338365435
-0.22758976803673586,0.5034652540311372,0.4047947903394414,0.5353247102320841
0.22259211889741795,0.47224042799063215,0.42608525152804555,-0.20907287941825087
0.581647595894003,0.059994744573716625,-0.22603960139501583,-0.34678225989481753
0.2635751906013236,-0.3351638386816881,-0.6048730675848918,-0.46228121351509444
-0.22110182531845768,-0.45390720394233836,-0.5605282947568936,0.464692050606898
-0.5713587025755112,-0.18824259634775542,0.30135829173556117,0.651976725236628
-0.328106270437783,0.3820220039170338,0.30207846053046966,0.42103442242954175
0.11964146929025829,0.5460717536287254,0.5417501497728648,-0.22246584108681106
0.4891836338697403,0.10100903693836448,0.8661062029351985,-0.47570251786377554
0.470677645048301,-0.3302732173853064,-0.48092116561120113,-0.7888901151478457
-0.06241592166182869,-0.42558665916326816,-0.3544639770880257,-0.3410928738227337
-0.5008737278009778,-0.23136604110973516,-0.21331251015820868,0.6614225333111476
-0.39363378379743974,0.19739179255674988,0.1717054871617793,0.5231716583023257
-0.012105638368900336,0.43349219480577367,0.6395877541323314,-0.14913566544293405
0.4232578815280283,0.250503328427832,0.326981249776539,-0.23845654986625928
0.4650909171336388,-0.1902756479047398,-0.32893813853890314,0.04887206639989011
0.12573694082571646,-0.5348315035602615,-0.8369289818816991,-0.029652243029765768
-0.3539513602139324,-0.27184782009254765,-0.007453907964642681,0.11703018884271638
-0.4154609804153526,0.09454472309891353,-0.05516593229985517,0.2835736754830681
-0.1380021915730446,0.41706761100061235,0.35665962083970204,0.08736162919044138
0.3280302419326669,0.3597454408457687,0.26770000874373645,-0.15790814656236024
0.48229647645639756,-0.035367734065912766,0.61085008889879,-0.2783023841770224
0.1542231293909102,-0.33200468250921605,-0.63201993881087,0.17606179045652703
-0.302549960903182,-0.37882889248180374,0.04247914582554316,0.40150903304728813
-0.3993562987001215,-0.0631569724877595,0.2767470510927189,0.1729775948006531
-0.30492614481457453,0.332736060381707,0.835546288118827,0.17463470209421794
0.16928909616511356,0.4332565721507914,0.8077274614415745,0.15363666110861984
0.3634811479207156,0.01710999438179457,-0.3134543149256494,-0.3556007442630944
0.26338913222127736,-0.3912633601136322,-0.4301308266141533,-0.15225890194141306
-0.06338176249204845,-0.39400651757623645,-0.5120092368960552,-0.2951667220484283
-0.3971543410359638,-0.14903579850604207,-0.37384276109885345,-0.04628178397653657
-0.3895931411133405,0.24288972303041878,0.24969069684360023,0.18639481421275847
0.0005235339175535675,0.44766437658728575,0.04793509431567645,-0.23144296875519998
0.3298787152656216,0.13825082586082327,-0.045587672563111026,-0.304998913918082
0.28496305252946047,-0.1690386565855058,-0.3967952739923025,-0.06685944568420893
0.004245537676347014,-0.3645856021523544,-0.4208643820897792,-0.036239712052747175
-0.37939218694631094,-0.20510133927623675,-0.2795904277379993,-0.04198189699308574
-0.33977806552915785,0.15629968575229725,0.5005412251682079,0.317086979104924
-0.015019832941705974,0.2987533608133428,0.24816275530697623,-0.4951903327298787
0.3153036895821918,0.29946607671180503,0.36461130270977304,-0.10145489032010901
0.37833218948372627,-0.10569047505129157,-0.07920475372679897,-0.409238141104932
0.11363046931580487,-0.32256072419735443,-0.028322742196525974,0.32977286198806827
-0.19722207663914704,-0.34364257771270823,-0.23067043220432376,0.23890605116868302
-0.37586367765053463,-0.00961815468601944,0.2898333412226245,0.24041988679250453
-0.15955715771962453,0.3813288510052796,0.3560149338638034,0.282814724342742
0.12582954965019078,0.21985389515332476,0.0681941865464282,0.11684732337296388
0.38448016511639416,0.043302338732429634,0.19042810435430296,-0.027124047648506382
0.21083787823341146,-0.19399824361308166,0.38786010222527534,0.036254553967636494
-0.1047570522246058,-0.3161221106976044,-0.26765356786117284,0.2026262277358712
-0.27846112806408835,-0.08694631649111989,0.057158430938172855,0.5621188314470108
-0.18839231407545592,0.18330798058719375,0.16268160059114287,0.01903513129549228
0.15499717431038146,0.3364609260953881,0.3894638045038641,0.09619279807156322
0.35827424574270605,0.08099790576673979,-0.06297072684725694,-0.20907429794116944
0.28838612427561827,-0.1505633892771766,0.23328742342077255,-0.6990800419663463
-0.016361324709707144,-0.332499162460353,-0.2602704846576346,-0.32393906506552383
-0.3043761209955784,-0.10557707016680573,-0.38944814396286137,0.506440336082938
-0.27628438953885764,0.12733955309314496,-0.19305398518884354,0.5579123267536478
-0.062120219331405706,0.3482861769851207,0.7650653525374118,0.11644504156536589
0.23556739062607865,0.13236699681879954,0.8392188046343679,-0.4742333638672752
0.26751332901418706,-0.09805847101213201,0.09030759397092802,0.20795985694780963
0.07854926476631721,-0.27877508817503344,-0.05678782811235487,-0.43202376535684744
-0.2367847592860695,-0.11217288504721368,-0.4369118468642395,0.22395380632804127
-0.252858342350201,-0.019095538011387497,-0.18536136290690494,-0.04603082386279017
-0.12053022675580949,0.2755453775627828,0.22042497039785425,0.31713536162238165
0.19570689682100167,0.23457136186976288,-0.042742160561327625,0.009601734806395507
0.29829137428585667,-0.023293106663845393,0.0044259417932426826,-0.27489653839865025
0.10452572701345861,-0.2628721472468637,-0.43980340383105704,-0.051808072963856894
-0.11049739666687637,-0.23094918327377018,-0.081739293814444,0.20528663706712705
-0.19878527267833251,0.0693187416690205,0.0720085802826767,0.49768848677422217
-0.07739900137659479,0.3116803438047856,-0.4742559132297315,0.43237208639613445
0.09869788319666588,0.2643251020598349,0.6394492387778583,-0.13459347419348677
0.24893430986427145,0.0931828164511089,-0.44467853785649836,-0.14460817031191814
0.20434888068014181,-0.199186785104913,0.08273781231991129,-0.4746508258624542
-0.04825274313619844,-0.23218764703939104,-0.6576097211994532,0.3668937644220611
-0.17599832369163082,-0.08987557624840879,-0.0032920319126159003,0.3553907950915515
-0.2534211754764367,0.19569672006485772,0.40815939147985963,-0.12868302666034434
0.02112237086738507,0.23788755368541287,0.10660640342438447,0.06204374187142203
0.179800657840763,0.06383771299569102,0.05652560984941199,-0.16547784974676613
0.26286431395962606,-0.19149716752784085,-0.02179658018667388,-0.11956948950355512
0.0224241763755861,-0.19239473741445678,-0.29986002218960184,-0.2771254021631536
-0.15644565846784195,-0.19588714837955468,-0.5264765524327987,0.14623364393590174
-0.15597830178492172,0.13685922804575493,-0.04056911014199166,0.07699572138990154
-0.09792652969024732,0.18323102889080956,0.2209099884966733,0.021660355083903265
0.1928538972740816,0.14219240322720322,0.07773443144837758,0.1938437071165998
0.1702909188545219,-0.16541006114962242,0.364923897159103,0.2003145409418854
0.0985382035778598,-0.19382887346233688,-0.03170693294374513,-0.2120373509597316
-0.1771626850622278,-0.13015266406184942,0.01844735363744611,-0.1723492756300636
-0.28674360731799337,-0.06284759524638178,0.36472081297996645,0.5225385447845261
-0.05409427966118853,0.22902509931572795,-0.07085830488522259,-0.09783125958823351
0.11047631931405842,0.15384098922385184,0.4543391796615512,-0.4007479756408233
0.22233190430251762,0.030542561986123207,0.2900254337845484,0.17223903248846345
0.11751871181805255,-0.20084637503310415,0.26237529087000916,0.03934841299377427
-0.06503153701320724,-0.17396709919935496,-0.20992694335821316,-0.5320111062701469
-0.2140118724227655,-0.04261051806529978,-0.47890246174928375,-0.3532877944183036
-0.16877742572209933,0.16902390266748596,0.023504398425106127,-0.1642050198616428
0.009951218849151414,0.17102780918543273,1.0090747472588453,0.11495167497464862
0.20615819871833663,0.13485781974220407,-0.1197550466737389,-0.44056175470305475
0.19290485149387152,-0.09471547055852045,-0.35143902831396995,-0.5247119601525947
0.001824439384621096,-0.11776047745293496,-0.056351705366392085,0.0961782375509157
-0.17029214427769865,-0.03826265656899599,-0.3347383352826165,-0.020024481236071978
-0.22470738981807722,0.0957913184287791,-0.11299963738165109,0.26904742359747696
-0.0342660365561195,0.2312244270849917,0.2303474196188282,-0.2019378486669894
0.20385595864562733,0.058012421049735134,-0.21191722901864246,0.05019091236483586
0.20493697901704402,-0.07534349651622567,-0.16721307616772554,-0.5819227526993968
-0.05188290570304058,-0.1475025380041073,0.33857556161221325,0.4106471748023281
-0.1948929822847534,-0.1440901642207304,-0.4463690305899756,0.05846898045309211
-0.2086248542819779,0.035668249511757635,0.1081462184204815,0.0017603627316464115
-0.10382900618288343,0.18238415405371006,-0.3010875801098668,-0.2514618395321447
0.17679362776945165,0.22178266234762428,0.23110822645618567,0.132252741483692
0.1385338525132297,-0.03752171552718073,0.5772129524882785,0.2681739793188682
0.04201235611166539,-0.17119225287375242,-0.10313753406744189,-0.17143517957499507
-0.1332350587606349,-0.11101243368080856,-0.16295268654520606,-0.34215151238178365
-0.20616644508452497,0.011384861077420956,-0.4938820607524566,0.22038398489698222
-0.12464767430956675,0.17326624550334208,0.4337696888835682,0.28553328339762324
0.07323892287591319,0.13083482252306822,-0.21875906423013283,0.2448762816054871
0.24349649440244914,0.10884474112374048,-0.2434178273175716,-0.47085846465829806
0.1098444595542565,-0.10054035345408427,-0.20123169820738937,-0.16469428294430669
-0.0030596789467201915,-0.2072179251299581,-0.18277312465899856,0.21499035784686898
-0.1520618444160348,-0.06445599003701252,-3.863083073096796e-05,0.40870204938920524
-0.16302026147457832,0.08370975012475255,0.37368480303271506,-0.04701747696438212
0.07224187343999625,0.1707592276567505,-0.20795176908585922,0.43894582994754633
0.1298790605847786,0.16821621018286,0.015709422455982835,-0.22925794924317072
0.15663695577528355,-0.04471069108527025,-0.09911056439015478,-0.3036922211955952
0.06653574123308478,-0.1373983887801052,-0.24280410466461205,0.14979387564434204
-0.19019739557812837,-0.12322790443375162,-0.07033590616560961,0.06989403047828975
-0.12428540148595851,0.026661119606674118,0.12365322261927797,0.40566374210526546
-0.06802619811431844,0.16692486411236107,0.16685263020880808,-0.1456953283962538
0.09049065849558464,0.14105226365259654,-0.1165959974424325,-0.3442287529144081
0.14634517611913272,-0.0516027861282616,0.2327941061197271,0.04379432365034446
0.029115939710287062,-0.0938530281592545,0.14823336884685961,-0.2945995830933648
-0.05752162704498959,-0.09870507327330322,0.2628477098747335,-0.28386978361480836
-0.13688817124093267,-0.015180716195769713,0.3078863600451582,0.6727302730671259
-0.08287977598036911,0.10850354807432819,-0.018088045170344264,-0.22865531849980025
0.050177438545246644,0.14010774016260663,0.08439075355992885,0.3151441367105001
0.21246133639697123,0.03242889796315195,-0.1267490168755321,-0.1231246792509263
0.05436137140604842,-0.09889109491435338,0.2087249421256377,0.23546362244299707
-0.02268581850786567,-0.06451677853174523,-0.14854707116861066,0.3995637506316114
-0.08347490056067547,-0.03655482726723292,-0.6999998744602041,0.09016862600302165
-0.11601004646064639,0.1121925885265643,-0.17180389012976333,-0.3615037041122983
0.09193568453100043,0.13796827212043633,0.3312403559628084,-0.09296506022531244
0.11745838128590694,0.012240189444176985,-0.15858862263049464,0.129462823378449
0.14864904322713263,-0.07424880826352175,-0.43651054438987746,-0.6066035219870294
0.017792273052896122,-0.18731262779601582,-0.3566662663795478,0.23409749622738873
-0.12866241533073103,-0.09067793470652179,-0.5052682315388168,0.06902430927074966
-0.12432204581720674,0.0764869100668339,0.03760336371910533,-0.07558893147428722
-0.0932301171573931,0.17847240809562342,0.24356622190554755,0.19438394352210708
0.10193762360879283,0.09788330071501664,0.0575084673307491,0.1256688468994912
0.1288688063992484,-0.037487226989326355,-0.008974680576907743,-0.6277391656717332
0.0533899942561858,-0.08185918328870675,-0.18009246538343252,0.257041688682708
-0.10881386941488642,-0.08310148127987338,0.2894036203585593,0.2331955097607503
-0.09531270198033906,0.09963117837259165,0.41674517964574664,-0.3356595714803534
-0.07547612546476233,0.170836213202612,0.38119027447300124,-0.04554118355716223
0.03597191686375159,0.12064022752170406,-0.3514595285353302,0.06174642053870371
0.16805669488409436,0.00979300447093536,-0.23166257133306603,0.4034838424828983
0.051274799371128124,-0.059759304132115505,-0.1846282077603451,-0.2934416233719376
-0.10140378194536602,-0.08463092391638015,0.2507282734173186,-0.5544593340662112
-0.09131242285807598,0.04538203205963007,-0.6853480745774648,0.041058023576177195
-0.1064632203292137,0.14327161306994923,0.0031249307025953132,0.017796642893013817
-0.024906772053737848,0.06235067932300486,-0.01840794962026087,-0.6164517929052058
0.12243249128837884,0.034969404328717674,-0.6711150967581087,0.3106187661223442
0.02099641741683713,-0.12064408541578713,0.06988459897996589,-0.09442808100036462
-0.07197317099727771,-0.09259012229184149,0.34467445735215374,-0.2027590152000145
-0.07104754267070536,-0.02352298405122566,-0.5211864071639934,0.3692329484684055
-0.0866396983751835,0.050278283044063836,-0.22104783578368462,0.35241691548507653
-0.01304455275950773,0.1566505060468662,0.4016631797213863,-0.30422564732695306
0.03678481977097103,0.062394664783308434,0.23303515767276226,0.2454567133903611
0.09949408818377031,-0.02678818645855358,-0.10222021840617816,-0.2777586659325101
0.06882671266680358,-0.1015439113942034,-0.3493988171847237,-0.28178450155936524
-0.08175666294642243,-0.12227795252813345,-0.2856289706905195,-0.48876496102865746
-0.14024671433337177,0.09886239970096769,-0.3893373211893418,0.41434988011903706
-0.007833476651732445,0.07772269813465629,0.4979503897402153,0.33913402751985683
0.014978123156076863,0.06902117981258334,0.08360265481147579,0.14056458179338058
0.14526424253489678,0.029573340173218735,0.060497047472857085,-0.07061506200376252
0.06312494615664546,-0.10349411758166882,-0.28104603168508924,-0.5914819472905419
-0.07421580343647585,-0.07188579605664497,-0.005855677357442524,0.348862996004245
-0.06573229420476381,0.01607082370094126,0.28749253221420806,0.7926050977621277
-0.06808566895468934,0.03379792686555353,0.12611967642756766,-0.08004043854777226
-0.02512770293138105,0.059500208667138656,-0.43539495741599576,0.20021097022970216
0.1031749146738544,0.022638662006259216,0.15258916795856253,0.20362828296655075
0.05938647690100522,-0.08858091115674602,-0.39364339654639463,0.011814868810345325
-0.05278957750976192,-0.12826630221701424,-0.015253864315715512,-0.24844915929705477
-0.09516569797094282,-0.004138658064139418,0.4322548037945324,0.2685536391176492
-0.0834272947774744,0.09163719543314192,0.15553249855511148,-0.03505741187229468
-7.63442076456497e-06,0.050434000002589574,-0.278441029205177,-0.14813495040769306
0.07124542255249433,0.006060100659436827,0.2870190930718802,-0.8439427890918085
0.07656437805312168,-0.005908274423428117,0.3185276283182113,-0.032756934852194754
-0.018863625529700223,-0.08731289860689438,-0.26913221831338335,-0.13293399491555632
-0.054891839381239566,-0.03698669599731536,-0.19763171923674747,-0.06948543722649521
-0.09695251885596268,0.12558412349065193,-0.15680221380681705,0.2728252230827141
0.0935403463245333,0.07985709606583018,0.20695333801953605,0.4077503264112781
0.10906266490804922,0.025015811366527307,0.12488392899147566,0.016674796483031745
0.0431613509676705,-0.032272171095949806,-0.48719911662466875,-0.11901262277056346
0.0037919840334448875,-0.11412221493012745,0.19809448952574818,0.10699674713508599
-0.09528565271556946,-0.011692335930029156,0.10387295942363486,0.3528865180282831
-0.11357111020634814,0.09474791004501561,0.4008792704394862,0.045994933595652175
0.0006006391261404245,0.13440104422711127,0.19189020968497786,-0.27095563764917663
-0.0006156258258301142,0.032625478440347,0.16829024402640927,-0.10414700751976785
0.047330108152112735,-0.03368813872006386,-0.21675191633193375,-0.6129557278632475
-0.011130508714882748,-0.09364185256232467,0.06110439770382361,0.20733275345372285
0.021499814671399865,-0.02921948126834529,0.19407433157670825,0.20909410150008434
-0.11778201014057581,0.028004543075085136,-0.2329816802739553,0.02721409157433479
-0.08107673643829735,0.0985614868576666,0.40148575558743266,-0.6896620403547649
0.0014935428446478348,0.11605558391261764,-0.0672928843803036,0.23001584009302087
0.1458499512552856,0.04370027284276194,0.4023700621136599,0.02409405871309837
0.073809213551576,-0.029977991427803875,0.009204735108201932,0.4766955954623156
-0.04128689423810157,-0.07123147088301814,0.038294743673204026,0.30549210157929313
-0.060663410629791976,-0.022777591471791363,-0.16198719954470842,-0.12435887098706147
-0.08132354760270558,0.03740094579848463,-0.1707938416124334,-0.18069839705791527
-0.035143800130099594,0.022732818936922444,0.33856283496176753,-0.22546563269843753
0.022624314471209744,-0.005123920349241213,0.34004236510115055,-0.32662436375445814
0.02313222220521717,0.0194357247095844,0.36572393799261554,-0.36810916359100676
-0.02059135173141003,-0.023395558904008705,-0.10394913905092287,-0.37446687311822974
-0.03904392075843156,-0.034591903517286374,-0.12044154734428797,-0.24898644674640502
-0.04909683688262753,0.04753428681757234,-0.18194553878487207,0.382447107923444
-0.0076841814261491385,0.0790545518143034,0.08265968605608932,-0.16714869047643569
0.11208818806675319,0.06821724435249937,-0.1160162655252956,-0.0030531583963991707
0.07434012089633714,-0.0008883753109006805,0.3133281213196341,-0.052398794209830846
0.013764229573018913,-0.09021698409063598,-0.34740377282749646,0.5462829389265866
-0.093065820714054,0.011239054792513609,-0.011564177742908709,-0.30487336595606385
-0.08446638318728412,-0.031859203019162244,0.46878025667984546,0.368100996563427
-0.2789850948999514,1.1328903227544715,1.0475487694342605,-0.03700203817303738
0.7859246505115066,0.8782538038317691,1.5011731548085898,-0.9000994017843972
1.202065100818445,-0.20740458758844085,-0.3127476665035367,-1.3900760132984828
0.4143679591482234,-1.095268336945438,-1.0932979294673333,-0.736948501001411
-0.6604104334600245,-0.8541657649660752,-0.5561804099448658,0.8669693162083453
-1.1145800146075837,0.09319082455609798,-0.14499494344768715,1.2578764685089694
-0.693980422383302,0.9328952868008222,0.7254804757504574,1.2130985609658407
0.5373602905769262,0.9531828805848195,1.0923151537329645,-0.7937657265758297
1.1534501229960767,0.09183878041753807,0.26993697185916044,-1.2703678139299874
0.6145185502400248,-0.7983506290323699,-0.671001754390883,-0.6329787630525174
-0.3257667886603701,-1.068620523294065,-0.8222701301959012,0.617153541424062
-1.0329398620148356,-0.2568225223040052,-0.0321940866773196,0.8722626821992624
-0.7993273385454662,0.6161675882399907,0.9427567833852502,0.45432035162181306
0.11142058660513615,0.9584613864946823,1.2331507552623129,-0.24538378990507148
0.9609248770982426,0.3714171905448994,0.9715577639961676,-0.6802869654506851
0.8321524248429554,-0.6223831420503785,-0.7606761083578667,-1.231214192760025
-0.05299821022511225,-1.0506846677415942,-0.8312907475098982,-0.29159896851899847
-0.8286717141292991,-0.4742839060838402,-0.9023190325111929,1.0989747045762195
-0.8758368604131783,0.38705592179285264,0.556794600227033,0.5257755013655021
-0.11185057314389504,1.0074444157633409,0.7908212647296344,0.014311868811267003
0.7998644599796803,0.6337952587910132,0.21734083149631878,-0.6378946520469586
0.9598703046452731,-0.3149865442567185,-0.3489444491364524,-0.8621974743501465
0.25143876671899246,-1.002928394661572,-1.0047436634602274,-0.016361889333995072
-0.6357977588518873,-0.7071477485278446,-0.44313326589615565,0.98896252798167
-0.8994719534748007,0.1540728872259406,0.12467210531467154,0.7421644773646182
-0.35030983013303124,0.8512873827891374,0.8798487215568542,0.12320232097436379
0.5617575411380363,0.7047042397484425,1.0260378430991939,-0.5846384837984325
0.9431576702349969,-0.10281528993695666,-0.47333691911499387,-0.6568380979977463
0.4719287821535704,-0.6961159372803174,-0.7669332211716395,-0.3256499003628577
-0.3842719898144842,-0.8926256626154663,-0.7820137101056065,0.4062246047804974
-0.9153907023740163,-0.02199404947361082,-0.014722375249181519,0.9175208839828999
-0.5945769167388772,0.6180530722651197,0.41781420332992536,0.8968156909600578
0.21443809936532585,0.833888776648604,0.37683817960875776,-0.15761836274386598
0.8539579752988452,0.22962871252178133,-0.14448869608473136,-0.5913899318909334
0.6583771439657548,-0.6140320778425032,-0.673364491850395,-0.5795956175887981
-0.13006927160566925,-0.7557932866550305,-0.6557509589969186,0.15625972417129042
-0.8162267644900187,-0.29950466459873987,-0.8334473251122515,0.9328888899435187
-0.7382578530232351,0.5281041846998802,0.5585469451902814,0.8398265937390154
-0.051991311838483587,0.8006070604345107,0.6879374813078315,-0.5896294771792843
0.7104813910735871,0.3614799222381808,0.7977424154357571,-0.6467482031010247
0.723690299303734,-0.4452394938844248,-0.33495279642790365,-0.34104954160373013
0.051854015089983316,-0.6489656961476533,-0.7778511631011681,-0.21963929365380053
-0.6583282815152933,-0.39240907831607497,-0.29777588394749643,0.7631526386343701
-0.7300985414989896,0.2566854092730247,0.33566809815110843,0.6558465379025034
-0.1722842013269415,0.6380890766413958,0.768928416208955,-0.3860728515112055
0.5235931795523828,0.46550788759261746,0.15574017869272372,-0.660169263437535
0.7668191241981862,-0.17070866205364377,-0.20288594140654703,-1.3213264353698646
0.23113588934283502,-0.7564579991926765,-0.45025840510519693,0.14294181799019312
-0.45338221397098993,-0.654852463281143,-0.7388311107315881,0.6225067050764227
-0.7099061578417601,0.0001769365365247369,-0.9056434522331464,0.8325841574770287
-0.37675289946910795,0.646248380531381,0.746208220796778,-0.09969009321304734
0.3735925475495614,0.6291064771741386,0.7800432727830466,-1.0987014128489763
0.6459196840034731,-0.00987442013981571,0.28095343287088625,-0.3017693449727443
0.4224919208680036,-0.5168177209918805,-1.08062948066487,-0.3184064733099831
-0.22506244531072123,-0.6903863180005602,-0.4880223917722383,0.1717687411179869
-0.6691606996859425,-0.17954925571760863,0.47822248520078936,1.0430395368869099
-0.5293162297639376,0.4235534673807977,0.8151638828290888,0.6132924894054687
0.10025352280060772,0.6269795952378594,0.7771008717835115,-0.6406903182633894
0.6041722713219951,0.2567021261725498,0.25701217998768733,-0.5999372188690147
0.526260026084205,-0.35354621270382297,-0.189153198961855,-0.5336287240389456
-0.02009436265772896,-0.657518510589319,-0.8291826262939043,-0.20724772074768416
-0.48282284128460207,-0.37769105602866554,-0.3050116946210141,0.3556881600844175
-0.47706188899149327,0.2783704152321974,0.26020015191299983,0.3126500810534061
-0.024376066699767107,0.6365282929964798,0.4202231849575872,0.3814142743858212
0.47443149432131576,0.40499998235290746,0.39103551324203567,-0.301437846568286
0.5595480867725162,-0.16095184293466203,-0.3337991912881594,-0.4277184626135148
0.11431077578886663,-0.5636382659318897,-0.6546826027977389,-0.40195649300203584
-0.4276818724955886,-0.4518027170535778,-1.1470839497945207,0.5425707192241443
-0.6016757786378225,0.1416243125709621,0.19260144198057993,0.588501475737416
-0.23155658267920803,0.5590559036677514,0.22863145068493157,0.2027601183379274
0.3828763005193274,0.4501461688871684,0.41742653333386087,-0.6889806567931844
0.5026810491523479,-0.11141414767628179,0.41406725804040423,-0.695871485325811
0.33000993203403467,-0.5179409485761489,-0.402666783415076,0.04483260603925232
-0.2428245887801787,-0.49327160964551575,-0.661870954090987,-0.27461900568160447
-0.6207853608956682,-0.035118436872621506,-0.2731651442369887,0.03388540983204187
-0.37583419731410794,0.5257620477602959,0.5090499436233903,0.5001895029610928
0.16988830455850265,0.5910129990966626,0.5733408863678492,-0.3001650092233482
0.5647466729335788,0.11983893566786483,-0.3604991124022544,-0.5147847837484419
0.35260028997151877,-0.4084074788192915,-0.6369663061702088,-0.35222711094108794
-0.10444550293037291,-0.5152914901238828,-0.5618717819420693,-0.02930650479304242
-0.5000088529148845,-0.15179519114736495,-0.5923346938115767,0.5669164976876715
-0.4112167243579462,0.3419739426785635,0.44645107526870786,0.1629837801554443
0.07731978639338989,0.5456222101314202,0.67388247117731,0.34214166969576104
0.4386737284547707,0.23620450463472295,0.13509540115139995,-0.36309013746203195
0.4809999927899993,-0.18160908737643944,0.1858808816029403,-0.2035674931353236
0.01624082609825849,-0.4731729622084077,-0.20683677366116332,-0.13188094723054933
-0.4160197089688686,-0.273225555651342,-0.2960052868545729,-0.14211071626342747
-0.4242959604674314,0.10857084980398131,-0.581379494224459,0.5496019817087028
-0.11790799352129165,0.47583097658794576,0.46075643440500175,-0.18908009579203938
0.4210653032707195,0.3687197850321259,0.16861944454863304,-0.6116018922604557
0.46455397201405824,-0.12294845200385422,0.028383278976812087,-0.07174573388307848
0.19698127739514168,-0.3581832196747348,-0.26026837459788715,-0.6776667789956442
-0.33613315408310585,-0.46008058005879693,-0.6096459422136059,0.6262843745741464
-0.4829342970420837,0.04611911261114931,0.2756672370575394,-0.035032597405041145
-0.23263404335457252,0.37359143175131726,0.2332596362802801,0.1733957104071851
0.1712947487294335,0.3435271628632126,0.5631100895058441,-0.44943743325126295
0.4513896733362,0.07277222605605584,0.3119799751659147,-0.6565649043942707
0.28000326142040016,-0.46906650090121926,-0.3883563361799064,-0.28316639661163406
-0.17263965852168073,-0.43047131286319207,-0.4129645233541013,0.25485439077170935
-0.44652618415719125,-0.14525170457697817,-0.19421917098144836,0.54785570205871
-0.35704030275718385,0.31872249912982487,0.2324264061926104,0.7006507539899289
0.047864291733615526,0.45002349593529145,0.6048471517186357,0.07719904394025812
0.4750046632094415,0.15353058025051095,-0.2897294611748924,-0.22750191451451426
0.3328542588841029,-0.2978389176163466,-0.47937687795913453,-0.09837275642341242
-0.02948016720216079,-0.4054458293503126,-0.6053286239510284,0.26837035377347607
-0.3129808466741073,-0.2231590106076836,-0.6855173541323009,0.03599464732482613
-0.405785192983763,0.21948135318878328,-0.417845308943815,0.33023782893244147
0.02554791821743474,0.4322372931409686,0.8691134329920721,-0.16798487943321644
0.27734490439005777,0.25151913779386004,0.2121185542881357,-0.4343803026395308
0.2927735885946864,-0.059234287501732666,-0.201747477585138,0.019919382514797523
0.14063260628158658,-0.35966540683690346,-0.7021813405861628,0.10125141798330128
-0.25571421451935955,-0.21858846885857816,-0.06226577688548507,0.42657624485214624
-0.3659685134817935,0.09289725732382711,-0.19205250070215035,0.8352606214041022
-0.16109374757861095,0.35482627499055713,0.4918183201485533,-0.4041595009374241
0.19085266971250725,0.29564148205148366,0.5351995970003416,-0.0408663208167695
0.43048369215450866,-0.058547807648348535,-0.07398633894671353,-0.20211605289921997
0.18742328577222192,-0.3406202425997061,-0.27093405556066236,-0.25359332658975914
-0.16588238632531707,-0.3828317284582296,-0.42028908229345974,0.18704509303233308
-0.3526566376132001,0.06372701235068276,0.02341537446766989,0.30750453483129353
-0.2179328706611677,0.41143444300818405,-0.007230482968557939,0.13314827729390577
0.09684838826686756,0.3894399237283468,0.7872197996235175,-0.08771126796656925
0.312156514546873,0.128481480178696,-0.026075146901728408,-0.5204667138578126
0.24986306333746885,-0.18734427106745516,-0.36681572514370053,-0.15741762366424647
-0.03627569504947298,-0.40068704295240504,-0.2071168078328077,0.24648980449633207
-0.32466536059550194,-0.1410839187777703,0.08210254972310038,0.4732305426386497
-0.2871398235964047,0.2270029546562259,0.23277996160921355,-0.2271438779299706
-0.011976844296806986,0.3424398710533068,0.23433212691473837,-0.006951394047739479
0.28422021325916025,0.137551889037144,-0.19409052415570394,-0.2758666745171709
0.2937428163029424,-0.11927713113471278,0.1440279718595297,-0.8218551658464837
-0.009033201256325073,-0.31155600610075485,-0.6577083204839351,0.030818050471713154
-0.2270101275229316,-0.2700928997530494,-0.7101463810556293,0.5863823129721171
-0.30082673513137204,0.09390883833490418,0.04904095699550637,0.3099444645030369
-0.09130596443642319,0.35066912093828184,0.26992250753328645,-0.005422602541271526
0.23537685722475973,0.242892209122201,0.15057613959449045,-0.20402239714265608
0.31127633980056435,-0.13392733227215642,-0.4142935624319044,0.057177047545919624
0.032967906241311615,-0.228351119021035,0.12017023202133562,0.27185675757145034
-0.20357292000016258,-0.230132509652285,-0.05503189932437702,0.3247578790570739
-0.30546251949375985,0.0008119958373761851,-0.37995397989378926,0.3588214595088803
-0.12915143560894435,0.28735043006606464,-0.568295914368104,0.27954136113272365
0.10111976985049881,0.26055191504521436,0.2699390531333153,-0.2152712185480543
0.31271921929514546,0.03295365500052617,-0.031225514240912633,-0.37643520991986673
0.1928749285778765,-0.18328652610746748,0.16419322371112766,-0.10426815953233096
-0.09802780234871288,-0.29003304436723903,-0.4542344511209096,0.18948756977639647
-0.2531898962747287,0.005018510811050911,-0.25553657757072107,0.2663123359809856
-0.11850968576696773,0.2652356287710899,0.05989353491288457,-0.06002247955371909
0.08999351916211926,0.2507102391688302,0.30679888754409124,-0.33644994668648925
0.22427889049637673,0.0726709543296224,0.013983591532640283,-0.22856442478623748
0.2520744061920878,-0.1632895926103126,-0.3473738424304963,-0.5665936437492215
0.014222907792863372,-0.28758797571125755,-0.2427528956678306,0.05302323858587199
-0.2620513685433209,-0.09818124936190166,0.3783965387678939,0.4468515348647753
-0.1959913086786683,0.06593772790906054,0.07062280584908417,0.24482934243270346
-0.06709475507851145,0.23239734800315437,0.12737411030632312,0.10106486613078419
0.2580568110558497,0.1412894530952774,0.29171011185934903,0.15584318749554668
0.28711691954894714,-0.12686819537222227,0.01168766488950479,-0.047727051287133684
0.013509619514901212,-0.15909095615598198,-0.4628905758411081,-0.03153725634495924
-0.20669795928739984,-0.2713762550432979,0.12366446704557235,0.5376825466584626
-0.2903354471433587,0.026148255841834098,0.17210467468705026,0.6280999580165465
-0.06360014308170914,0.22613231361539357,0.5751631349008768,-0.14834994538057117
0.14736990991803275,0.17807760810996406,0.08492301894378551,-0.21765981437217613
0.2953871269400826,-0.06071883924133124,-0.0013159569852946862,-0.6172410030285591
0.11736487974419728,-0.2426381506735386,-0.3588179329073006,-0.15279820300009614
-0.10572371282991078,-0.19817999763179178,-0.17983677801119202,-0.31388438821112485
-0.2581257331412859,0.014931327543831209,-0.20826668675271998,0.2604171956165831
-0.18747512778233333,0.19545188962512525,0.46834162823696973,0.35659862528094055
0.08111798460965682,0.1812119992257603,0.4253444587955746,0.030725103300771606
0.2271783124396525,0.04290393275875317,0.013339126925704381,-0.6091410810712528
0.23893814650835898,-0.21755373213340767,0.3673368651988838,0.10299320050084645
-0.010197564474232201,-0.2210690631955378,-0.0644617001686762,0.46890508499987993
-0.21558996333822247,-0.0029370205281184364,-0.15724488956259025,-0.0288087072033337
-0.16445142516854608,0.16663608540540692,0.3241052670754646,-0.07625220997045143
0.07026335533773016,0.2195709865466606,0.004582520389280961,0.7526427837315305
0.22464053388073502,0.01136691478687396,-0.33662244516800904,-0.2965404879550507
0.22556988385027357,-0.15942627604714069,0.5669652108417261,-0.7526311868503702
0.0845711050857611,-0.2540819227804726,-0.3215248544553474,0.41360218605300825
-0.20572656653460877,-0.13147907226737862,-0.5609232831593866,0.11566722660526912
-0.1637276457156308,0.0645012725229014,-0.2524392548029286,0.21920813974005238
-0.05897898898786508,0.2185223510223568,0.14063246481692784,0.2247951845989933
0.2160798912234131,0.14975810873368256,-0.4685499796364799,-0.10439683273040123
0.22304509952242907,-0.09882870223935279,-0.035840535306777555,-0.002972502738882929
0.0680308831062941,-0.23385478212043725,-0.2742069673758375,0.5556237349341476
-0.028107096158830266,-0.15814816083674132,-0.28983726297035894,0.27962762445217476
-0.2545702375560074,0.011333635291884771,-0.46306632665919667,0.49773584721808295
-0.1214442105355874,0.14190370796930482,0.2613161621385094,0.06915238767213824
0.08121959609218168,0.14950630131955578,0.33238760322635647,-0.5182590622337607
0.2296336072254327,0.018079484929961972,-0.04122647843388255,-0.8448613432613851
0.11074290499120039,-0.1077417505393749,-0.3142342205937911,-0.5271755074802342
-0.0636584152624966,-0.1413371427194516,-0.16990733678583878,0.05207383073890459
-0.10368940496250974,-0.060814408581862454,-0.3895225591770757,0.09267218531946453
-0.11917446258008098,0.08652645900675388,0.44992845945326915,-0.08012989262039916
0.04452138388885846,0.1248989691089058,0.3748685650763575,0.1400385619202367
0.1747970523693492,0.05860360297714023,-0.07032113578805455,-0.3135090641817202
0.1637575137728019,-0.10447512329712827,-0.1369319868340757,-0.12469986424040909
-0.026841746835513755,-0.16611780726456926,-0.4090841001409541,-0.1802790394467313
-0.14875915094137726,-0.051604105023816786,0.061635532473755805,-0.16888675124535263
-0.14471798916894632,0.08771715247956201,0.10968932322704752,-0.17464260576759913
-0.03713173415131272,0.18809167794074722,-0.056234617325439155,0.4308813793147385
0.07660827429139805,0.12444106081472951,-0.21088976323294456,-0.21190472293552273
0.1630922045833979,-0.025387929828159343,-0.1726420683643308,-0.43738128843065366
0.12988240028996903,-0.17820405628360336,0.017056514504300922,0.30694884885826457
-0.11457648668815812,-0.09805545799216701,-0.35316800508202156,-0.05738326262647295
-0.21133520806217,0.03126149779155956,0.1638875546462966,0.9321002287554522
0.004486454567023068,0.10490021929844878,-0.108842737029088,0.1095196544534164
0.10880571021122293,0.09773792016334051,0.29939670774500643,-0.13604787163730472
0.20189942536995106,-0.019854431561269127,-0.15872006614770423,-0.6668120781850712
0.10140931499851209,-0.1865167849588902,-0.2400662724012452,-0.5532329740383424
-0.05745243909861701,-0.0450716761445297,-0.17298220533452355,-0.5934333988804106
-0.15329686105179258,-0.014288194707024214,-0.22560588642640989,-0.05147870756531666
-0.09538126942587252,0.20411806414391964,0.6438397998519082,0.11556424818407171
0.0827882393774077,0.1592614305494299,0.31122694938001705,0.19220085195089698
0.12093648508868864,0.08034881057547667,0.22816435614424674,0.5662416563331717
0.10436034818998711,-0.07261390519046437,0.004707171241593172,-0.075659387510629
-0.04721405343446053,-0.13467348320963374,0.22056593853294537,-0.30249219903593666
-0.10754989341075041,-0.07508619090331825,-0.42738833757049344,-0.5169376980243837
-0.19011037283751064,0.10529650196170046,0.583732174867523,-0.10765688362326452
0.07299134803093664,0.12131023527949296,0.23952180765412437,0.022915634096086213
0.12396641600963333,0.06969328061479703,0.21974196874744917,-0.039434888599049374
0.10781747077654653,0.0158170449446548,-0.39529255757184256,-0.2207207365098933
0.046977091731353074,-0.18849581240723107,-0.31979310400701183,0.1606552975863973
-0.12562151676359679,-0.06583043789492363,0.10446383582216986,0.7071318527357959
-0.06190421012084525,0.0013091551857223396,-0.05442461194698142,0.5654208689457668
0.008828702456463083,0.1092810127100394,-0.08426409630466761,0.45901262222662054
0.15009042878430104,0.1171328892103363,0.3453397848718041,-0.34504652988161977
0.1201954843087348,-0.03752467932666452,-0.07758228435462741,-0.7078649525244896
-0.007168526463625154,-0.10092602712046583,0.2076783795516553,0.14360767209464012
-0.1038512108417694,-0.0847805176375144,-0.11275088196959548,-0.26215837120049945
-0.12930672776541813,0.010056899091188374,0.38653336554544043,-0.21359115064690287
-0.1339155686275493,0.16161700788690037,0.797139041742034,0.042002189936628034
0.11331566991227734,0.11754180098180048,0.3278606250704423,-0.187041623575719
0.19095426863025367,-0.008199290207531962,-0.5321858641926694,-0.12679455799981806
0.07428640688460075,-0.09811263792556468,-0.5625268648989076,-0.03656099823629626
-0.01993010452131429,-0.13364402665720598,0.007098828858035783,-0.22260324653747776
-0.07446020622602373,-0.012155301141897787,0.21520146863907297,0.3387995413676008
-0.05701924267959402,0.11003873787893742,-0.07108384049250634,-0.005667047165268252
-0.034861215782902744,0.15728432334248144,0.05202903015307396,0.24856768772338417
0.10848597141762759,0.03871579761468039,0.6218424843171773,-0.06631826251745773
0.0708500985186378,-0.12284266184445566,0.3396025106529671,-0.11481814592753013
-0.06369915506746153,-0.1250660558822356,0.3665667694586321,-0.01443535269529686
-0.06468011763067535,-0.05962664583652725,0.21989494183809388,0.5853971173022574
-0.13041867432848228,0.14158047544040658,-0.05284199155907554,0.13582294536043832
-0.0541732088074305,0.12459538487976902,0.29509601299417837,0.08280723304838755
0.1181327121239887,0.006850264468127677,-0.23047718122327532,-0.38526455949893207
0.022908614342337028,-0.02700236729081506,0.1004530802035726,-0.12208868592782719
-0.020640779407781716,-0.03891405480801645,-0.45263095325967173,-0.3682438356168154
-0.17174334405629813,-0.0470193205882841,0.0814572108026141,-0.2441950104907765
-0.11871813344619575,0.003603794512255655,0.6168538012326558,-0.017596145735828232
-0.16129425572194894,0.0771403683745048,0.4235310699114908,-0.4092200347382983
0.09372504058530698,0.021178812476237596,0.38538769674485523,-0.14691469637801602
0.04384443072285719,-0.06641322704121368,-0.0018227014873950509,-0.37847087016035824
0.06987992703002716,-0.11157193079692179,0.00592207002985963,-0.000997140012803585
-0.048653599642465115,-0.04987056019652882,-0.3774694747491399,-0.38049389096521347
-0.11200311021701646,-0.048720450990404666,-0.09774540427901719,0.03257199278921298
-0.05500187379292995,0.08263734614990172,0.43286902116974013,-0.39979729472409287
0.050052077128378655,0.08270684925421451,-0.15245643785361282,0.08022039072976654
0.06309427301986834,0.026206185178262308,-0.31585051391546504,-0.6098149577494664
0.1116879233980053,-0.11439448652629716,-0.14878878586686253,0.3717837759237075
-0.025146394957737517,-0.02272907803503857,-0.04472428919696923,-0.1739340214106204
-0.19411881689563176,-0.11032510388087845,-0.37931226679865515,0.3082742791280417
-0.11828368653357177,-0.023182491741542875,0.2105856293747133,-0.18495851313791495
0.027817243490351494,0.00501191903735991,0.016052255303870278,0.19617853694991472
0.0702977147399794,-0.015005434355457495,0.3950893143217147,-0.0106547674641767
-0.018445174934140288,-0.06314815246028785,0.020120345583840363,-0.3676163764359533
-0.016594690162238832,-0.0845319683463824,0.03329449820252768,0.07172911134347718
-0.0028902473509994503,-0.03969216920150405,0.23955481655742103,0.36191878630392416
-0.03822526287714368,0.036134180306687504,-0.23245262569827743,-0.01716913551847575
0.005655180098354742,0.12254282411798283,-0.2203211618932599,0.40833104588891184
0.08976434584962094,0.044858702167642074,0.35783868695708143,-0.061709181106206594
0.08144777435410962,-0.022799765333968654,-0.026428115772452326,-0.41624655023468804
0.06811144504781445,-0.07886590210782199,-0.3133073284490234,0.048853897399346244
-0.10444902034543158,-0.06778343900716007,-0.18652673748205617,-0.056916215700385936
-0.0927565609725273,0.025266672844288057,-0.17154632314717227,0.13592928828900822
-0.04672085382940376,0.039804532838222294,0.07036321213024492,-0.0004552966539474179
0.025625947869069108,0.05889178708420753,-0.3238312434402434,-0.18953432256829425
0.08743650622694096,-0.0339102795951355,-0.5406731185965361,-0.44381091646210996
0.08435463366996365,-0.0686782684616746,0.03929595355026648,0.10264171412407382
-0.04104663974603722,-0.05580032030533928,0.22990729586040468,0.48547322909201196
-0.0839097814457601,-0.09656522083066461,-0.06549936295237195,0.23174288739988627
-0.03366340721386052,0.09526177009414698,-0.34997496860054017,0.3225477617810398
0.03999829010418668,0.09610235148217255,-0.1380054002350113,-0.3644056466748075
0.10830158014625252,-0.03492328018913986,0.34422477520323846,-0.009545481729395927
0.018071587488050357,-0.0396852532709924,0.09677577192885693,-0.35200299176389727
-0.001975002521446523,-0.05237328053557189,-0.4314249342654212,0.1080509153487378
-0.082294295759676,0.009099050437171949,0.2514183740951523,0.3728676610650803
-0.0591415324984387,0.07954543722253624,-0.10518125374060894,-0.06876006834122102
-0.032972291739931534,0.07352607837449676,-0.15250197942596924,0.14919869910017652
0.11802738906318055,0.04540506448033982,0.478893251167411,0.36159510885539653
0.006236476494461227,-0.09833594965656556,0.028010788881008483,-0.11294740201293597
-0.01825545121062888,-0.0250686400832719,0.1371457768866231,0.031212804644826994
-0.011315232773066466,-0.02734020707086222,0.13150468292793738,0.3432155797542545
-0.0624182709670254,0.008865344302676654,-0.43810170529392517,0.28413211858847415
-0.010565951823674856,0.04322165869978225,0.2625543713774939,0.564996765672591
0.0872365976051509,0.02949069752073388,0.46526848352580585,0.14601749381217508
0.10967687408535773,-0.018356213473371692,0.02573421103773156,0.23562572347987823
0.007434396400175659,-0.03493565635837656,0.05888149599192854,0.03308510140504074
-0.022896146175397723,0.00976666113746117,0.023296092488573582,0.17842818518496065
-0.0988422941291944,-0.0478892115981302,-0.5292325423697449,0.12866731993346753
0.02818871930247388,0.01678477632612995,0.17013736551014805,0.0552320067809944
-0.02912462920573904,0.08813117798986848,0.33307951818466575,0.2522241700403796
0.037333519599475576,0.004716640974780229,0.17068421149423418,0.238320852369971
0.08928739336288348,-0.02081240082293427,-0.2887450702226175,-0.3269291994337867
-0.031559161189649784,-0.003487937961155582,0.03506352753033156,-0.5481233868538251
-0.017664721133423968,-0.04415852885291084,0.007468555156157804,0.2368679553118222
-0.055948507314979176,0.019640246460332973,0.04048194422192669,0.17735192783420894
-0.016430904705990207,0.06148188505109961,0.1337275785598079,-0.1445937588712294
0.059156996125812315,0.0059644990384001145,0.3011425130968437,-0.3424391171932456
0.06836882964068322,-0.0512402052499322,0.18643041176508238,0.17632117374951384
-0.05174377581625846,-0.1264534211655424,0.27697292310899546,0.3813205925793548
-0.03453595924248526,-0.07982328333973675,0.12861807932230301,-0.01362346257766267
0.0034137937570397417,0.04253231609852701,0.35121608536313725,-0.19859516306320257
-0.012604741992053855,0.09495638518599178,0.2827443321206428,0.08706550566490913
0.038494573929160086,-0.021891838546620218,0.2694379661360277,-0.1362348810253833
0.07667745374484981,0.010224867642421887,-0.1314087571606455,-0.39623041126861863
0.0241860769140241,-0.01046508129421389,-0.269198691070201,-0.2089945702778627
-0.05556203988332753,-0.019895359122722455,-0.07029440141219925,-0.14899410480251152
-9.945789393041304e-06,-0.04757249735084616,-0.0025307213436717713,-0.16051683947440681
-0.988766857032142,0.6843004318048631,0.9257438543610597,0.4794435475957104
0.08670634651397147,1.160063212849684,0.9840953260847753,-0.16275876403552103
1.0012297239629946,0.5450083367099177,0.64050019589251,-0.7493184670464037
1.0278533574333089,-0.5243918989601721,-0.49434682615518755,-1.2385395398842687
0.10023851856254049,-1.2164569237186065,-1.0111655461056892,0.09252436154350563
-0.8522951081109135,-0.745313525351808,-0.8008480638604687,0.9135326913847536
-0.9885090839245853,0.3969763430239595,0.2298789635855314,1.1167970117615849
-0.2951405624748129,1.098662589631924,0.8637725648984462,0.15564853645107846
0.7536545943174082,0.7831917040452011,0.9900093059984372,-0.8857502876942863
1.0683411056144632,-0.27295276978791505,-0.10815843802703395,-1.1394999279430797
0.40156469610304596,-0.9642444389356156,-1.3237974572804594,-0.7220345458393262
-0.64600340655676,-0.8955172340144496,-0.9650661315648928,0.9790914987906879
-1.048793728557659,-0.0005863458938603558,-0.24356683460225126,0.6337579862015376
-0.5188990142075931,0.9030851156521672,0.7227971231613678,0.1645175508557828
0.48892514349729727,0.9007159179453091,1.3219506700483525,-0.38163112340506733
0.9628817180863443,0.07669873573992401,0.30227676991373076,-0.7898904751946431
0.6783197386619317,-0.7246496358084593,-0.25494641678942775,-0.9024847739000236
-0.2689104057005892,-0.9803227731135172,-0.6848368767703916,0.04082682735611465
-0.9708768804159561,-0.23288990322291608,-0.42034868688949845,0.7278131606479101
-0.6798854906598876,0.6815802826937732,0.5619337017577436,0.9658293347558733
0.12850652449678784,0.9671655786710647,0.9107500944638949,-0.03703369598035522
0.8876812005502157,0.4037338185688434,-0.03689274922295316,-0.9282762142095898
0.842145181427994,-0.497429336652306,-1.128709530202953,-0.44951670154043555
-0.021943566749617466,-0.917541323169998,-0.41733515475622857,0.3056820856321202
-0.7743351546092404,-0.49662752125204007,0.04027257939469342,0.6136000785886927
-0.8277378177720315,0.4053723568110927,0.36374756854511636,1.3535202942718094
-0.03296114045177145,0.8773533442085871,1.2406529347937751,0.37447157870584724
0.6941916336183924,0.5596156802528831,0.4852636667424842,-0.6200100842805201
0.8205196128407299,-0.2929221605643777,-0.49526602084474514,-0.9137452322781526
0.17827597680849488,-0.9377297008306756,-0.5558001134041485,-0.15037495009832758
-0.5398567138997872,-0.7325602180052355,-0.7784236174585712,0.5559193550886066
-0.8925052363495175,0.13514777091311775,0.3156871426935759,0.5738488919036723
-0.3376454741864165,0.7807291097789505,0.9688113037149878,0.6153092803208371
0.4700487156481782,0.6631015948617051,1.2606759621341652,-0.24210345277736633
0.8247206181394844,-0.05199699580788767,0.12887124670954875,-1.0701119812182236
0.4108073082420833,-0.6953868902695989,-0.890142827132816,-0.5932194080615916
-0.3927667367265663,-0.7711065595979996,-0.9425368799590356,0.20070917605934435
-0.849030619540083,-0.0766976303621568,-0.27218746712969033,1.0813836207908278
-0.495552810030583,0.6228424129448557,0.4543026503743275,0.1764726157673896
0.19482290971144312,0.7057028546939343,1.4220114528540702,-0.3627227839614511
0.7899926241817885,0.29890263159315916,0.6155027173313882,-0.944104660784969
0.5621828437475472,-0.5126293054997428,-0.6496613328205403,0.14553193937108633
-0.1285650859077834,-0.7827209274964044,-0.7542351935544163,-0.14772950677004348
-0.7192087207968162,-0.3238783970886662,-0.1745774139113082,0.8694330437140785
-0.6209840045652509,0.4507503313110996,0.6185368706777611,0.8315490588261043
0.05079277610759472,0.7517768118953235,1.3061066679226334,0.16875412312330973
0.7392994194232624,0.34544974035511955,0.4893510282268354,-0.5944390289096518
0.6882541020909364,-0.40998609388898444,-0.688953879910128,-0.6556195085156227
0.051898079762554936,-0.7727930111359572,-0.8411027395381373,-0.5728679362811584
-0.5995540518521023,-0.5058887034599575,-0.5530314248378493,0.6973718473801079
-0.6445604179486769,0.2880011905649009,0.3665717703851551,0.7726562429321294
-0.17084863914871048,0.666071035245703,0.28159363545843236,0.3130468855721208
0.5410837671763348,0.4883327672432426,0.29377583158137294,-0.7879242099968572
0.6466455487838757,-0.12122007712841039,-0.6094072632621184,-0.8735890576235941
0.2449369287826827,-0.627937613290752,-0.7257244817329561,0.18441837226734203
-0.40776316583144495,-0.48616852400314736,-0.7483513889983703,-0.031601774622628254
-0.674733971222664,0.015578692197098083,-0.17052443399971362,0.047886180606184596
-0.3938674207190013,0.5841109556681855,0.7712840107400778,0.5488637871558879
0.2766120899135195,0.5520413815560504,0.7436659501876632,-0.7092073601908718
0.6749969042784623,0.08703554513040254,-0.012117190792016452,-1.1972342493938892
0.36902340535968486,-0.5451519925667483,-0.835242353046626,-0.7518214712742621
-0.20215032336247793,-0.6456695318203345,-0.9838834028356667,-0.14323076198453244
-0.7212369845306646,-0.14606871207057226,-0.1422545032615219,0.5246569026824969
-0.4933390025725294,0.45923482546307615,0.14557866946684123,0.4661207955667007
0.1518705150759633,0.640688331390354,0.7253705209721293,-0.2458676169015539
0.5829994044597822,0.24571334045595195,0.599772712378398,-0.9963400729964774
0.4914412693832101,-0.2989284435048912,-0.49067703010859387,-0.5238344624132879
-0.006033891921152421,-0.6165293972395302,-1.0445947045097685,0.13809092752511798
-0.6158708800533718,-0.27375435160676853,-0.42377842345676875,0.8616470561964062
-0.4805171794204595,0.2872053911313736,0.5199473077306129,0.5110631864261694
-0.0943246439717133,0.5888138777873015,0.3907140691306202,0.17140947289581543
0.5897297170906595,0.33744756197308756,0.36433744905044113,-0.42757804936348953
0.5570124058506203,-0.243237840614135,-0.45824441857586495,-0.5995837531029216
0.12668252738871535,-0.5303277587814831,-0.16144163484027188,0.15490743448847988
-0.3858749764516582,-0.4365845400371143,-0.11234509671584209,-0.1646697920085491
-0.5272775341484361,0.11566511277367526,0.1176763472593223,0.45828300448701964
-0.20283137023609435,0.4518080837948009,0.3238584292915053,0.20771364797240316
0.3436962096137974,0.49944067926806146,0.33340330174001703,-0.2937093084110237
0.5322129886439473,-0.04141701312234654,-0.09275286670057448,-0.210757442645311
0.2585850804288135,-0.49100858012448284,-0.7599212194712918,-0.22793353513887338
-0.17891020525267126,-0.44243839270534296,-0.31572797191044205,0.5668416420121188
-0.5212803074203469,-0.03640767049463335,-0.3933919701035665,0.3911210351341
-0.27658615368889455,0.33865030669729135,0.29010530742037133,0.403829700144136
0.15087542203825224,0.5208743749662906,0.6141773717763414,-0.07563120594772099
0.4892389653697469,0.17175285186811395,0.0640332208359054,-0.8965809711600473
0.40855725335512116,-0.34227394624854246,-0.3347990041819951,-0.4926904756775216
-0.026825355038147328,-0.44929845573649785,-0.34673422947760324,0.010024164564668425
-0.49227481867781514,-0.18721790841035343,-0.11272120576950206,0.2525404554318365
-0.3993779438942502,0.30066300539605156,0.6144026248974807,0.6491951742281349
0.035756895189964534,0.5248847218823207,0.7762206980821618,0.06207486527574635
0.38873339980960414,0.1886748371362328,0.1825020132866459,-0.18511077148859592
0.43299893245748167,-0.21390152665017037,0.009915326821676451,-0.8503850089984405
0.024344165461363382,-0.47221040563551714,-0.15096865304371865,0.2743097498710065
-0.26720256206218035,-0.23370057865952037,0.10357418058925094,1.047030747828492
-0.4458007551824035,0.18059836549018524,0.284855146022564,0.3888593260820001
-0.13205501619376311,0.4475599766285872,0.1328194098614384,-0.12402929001144869
0.3127585078322708,0.37696395430524143,-0.19189094767319143,-0.16279953115443863
0.4278200698490065,-0.020350463225474735,-0.17760498659782964,-0.6092751709510927
0.20092402729188286,-0.44558450134209526,-0.32420253476162675,0.28902027753901827
-0.27408741363476813,-0.35070126542515434,-0.40636305481247204,0.15051322368578618
-0.4868116932889267,0.013331014954484272,0.08344806338573763,0.43247286105011523
-0.21943657905187522,0.3214677822981091,0.2806550013265578,-0.23694051808803823
0.20453001454163888,0.3409083712479433,0.09168880271910346,-0.7390587829203921
0.37997906600508896,-0.014557387120271874,0.5001306411292711,-0.6118289910526588
0.23592143930569745,-0.2967765239526269,-0.3665286412151826,-0.37574024030051
-0.09498428026455193,-0.3904790324194895,-0.7149019157268384,0.1524953740244736
-0.3265929508645359,-0.06917290795351494,0.14751860359668828,0.2771202993181775
-0.2707667435269335,0.24213478398947832,-0.26911261881375004,0.09048422701914222
0.04073146538700513,0.42863083207134095,0.11819685244870308,0.04929836275722771
0.39651598491872586,0.09040377663238983,-0.18444834308332825,-0.29793403473905555
0.3274739923381095,-0.20193342820756574,-0.39002988017703494,-0.8311053267071067
-0.05917151760635,-0.34276095569876774,-0.018260704625166664,-0.066175396611102
-0.4444137850607558,-0.2116745309644405,-0.2033827058204163,0.17185208874225227
-0.3292102747705363,0.20125227125811626,0.31624823072887276,0.06372602492738119
0.017132828093530943,0.40590503811542245,0.21921300342716116,0.0953406903567866
0.24076855229523958,0.19126043718849667,0.9763870022379034,-0.37817097712828995
0.36138565986119364,-0.20243025631915815,0.20033494128291168,-0.30369115308333694
0.07103359477799959,-0.3956680338720929,0.0431726654963524,0.23389434878874155
-0.2308365393416243,-0.2819131938742395,-0.6537029055890081,0.32229532767113656
-0.4082644891502674,0.14304307191099336,-0.19736659258307504,0.4693458584958691
-0.2004850603276776,0.29092746979100703,0.004201863706265602,0.04178653317417458
0.24603933639343345,0.28030805249223584,0.4545164237099017,-0.21265114531016427
0.37675625937277923,-0.0021644616808353424,-0.04881181601588486,-0.4173554418616952
0.23009671791017766,-0.34155432625188337,-0.2524955219175365,-0.4304246960135559
-0.24168753222233882,-0.30113412015363217,-0.47562300249754563,0.5315836800234099
-0.35225857547635286,0.009175078636562157,-0.40986269262366926,0.3408863708858125
-0.15287398877551134,0.2654701357392857,0.2693728094758627,0.3056780732522099
0.0616114577535078,0.32554320182592833,0.25810785796141156,0.28654358047979306
0.3018589767261805,0.09023961970074007,0.13848823357803158,-0.5361389889144852
0.2500514618726452,-0.23811194611605432,-0.7255651266020758,-0.43029224838099095
-0.1363602493848226,-0.30102991179972,-0.3124223429277945,0.24302689849665077
-0.34060793678391266,-0.15303690754760624,-0.1788961366946651,0.60752001159322
-0.28565504248473156,0.3294672601639067,0.27107395984694205,-0.12765545348170246
-0.02405370551938004,0.37253187357016265,0.43251007943519465,0.29653320828470303
0.295320460508734,0.19612064492953266,0.10784457128797081,-0.2969816880463112
0.28469348715350895,-0.12331583671558946,-0.5492069941903401,-0.7325356233497021
-0.005897526467259398,-0.3685040374787907,-0.37536795346986174,-0.061496015900436296
-0.18342233970508834,-0.12471003524445917,-0.11448373979104115,-0.06801573179396073
-0.26665738804203376,0.07488983054245524,0.3491567809168236,0.06576250615450488
-0.06460350746688073,0.3062525351129354,0.12167677228147385,0.05336684553045562
0.2531805309423662,0.18472274978453354,0.08758407880470082,-0.11875287973684978
0.31233006559712034,-0.024680474881059233,-0.8672925589324509,-0.06703381281847189
0.04814370531553139,-0.34260329451678695,-0.19698545590883831,0.06875994548200398
-0.14574940896824135,-0.15652402801618973,0.24695080077913198,0.8311081883042454
-0.28359464512767274,-0.01213911618756057,0.2801217273598697,-0.2215803452584264
-0.13264872693521082,0.2082667983041262,0.11067666617848804,0.08687386983756443
0.16503698598858915,0.24422966831138715,0.6414611807993832,-0.07027689991208091
0.31742483807043065,0.005109795305633148,0.19515632175288483,0.1400949887885781
0.18169633815683006,-0.2452688122756487,-0.2966742517256189,-0.19512380743020585
-0.03901620001547964,-0.26378944305608554,-0.34659847185741754,-0.14110561617709003
-0.22048763613322636,-0.05716159834806447,0.037442692847168,0.2648905332107372
-0.2462566673802769,0.16417671242479714,0.03537229346000301,0.2127438828950591
-0.019765689354220586,0.30020803633246207,0.6567143549662332,0.15692621018932706
0.27817505763120637,0.1019223815199842,0.13803224008280324,-0.3154801320475942
0.20371385631591812,-0.13246813661837165,-0.5931874059640676,0.0975652786544394
-0.012941695968538584,-0.242007599450046,0.2688030788650618,-0.14440939824165777
-0.19859419102542972,-0.17726415650420885,-0.19647978342709607,-0.13464166927405458
-0.24419223289738584,0.06178217709200523,0.1938986269083788,0.6778017826279396
0.0011388038454703438,0.2563365099243437,-0.13410196041299852,-0.31822113694188314
0.1646857152145465,0.1475613360661867,0.3450124448037867,0.3750166412135947
0.14686231734818053,-0.09002397751808283,-0.42086671010012955,-0.12444596568351382
0.06110140314727411,-0.23905867409366313,-0.045046810925854254,-0.09020660163832378
-0.21998317640001336,-0.11896392152411768,0.018182872246462894,0.14204235564781528
-0.15105800034220823,0.14069269962571884,0.4533241963800924,0.17553019960949412
-0.09069332441402077,0.1432330692924641,1.044695399177855,0.5754219860975425
0.1220953622754109,0.15558392913281388,0.10991337899942277,-0.06358873282027153
0.24494123882072116,0.0288593187300209,0.02769589797621763,-0.03316743326247727
0.13737236656779628,-0.20920352106077536,0.12240724549934072,-0.40010142159868156
-0.15043343274235926,-0.24776133602570652,-1.0438426311764182,0.18074236144554265
-0.21216326164496002,-0.02566174386605119,0.04047426292098921,-0.43891293113996255
-0.17657090158306749,0.1663005551645772,-0.06020060040900721,0.33105958275933517
0.12893693826353425,0.2642513484090045,0.3338789568533777,-0.5591809104341158
0.20016102514489925,0.0770575407809059,0.4053611929685885,-0.11387000480124612
0.12175639716097489,-0.1838473797219993,0.1264115665393803,0.04093903853600728
-0.046215975799102964,-0.19517785951062822,-0.26714869375535943,0.2335407924292207
-0.13428194720380182,-0.016145914979516784,-0.153664398980351,-0.2433021209451968
-0.209637282514039,0.1469548125234702,-0.1041820800411343,0.10546286900915677
-0.03475255628150868,0.2339283792892664,0.5581593432564375,-0.2817867111142275
0.2328700355555205,0.13502621770505893,-0.18474707601374457,-0.16405838008757806
0.1471769963281041,-0.08383604421433771,0.06031453484873675,0.001784143863612156
-0.026274272602613925,-0.21195821887421953,-0.25429368440924677,0.48867112804137025
-0.1659842088037189,-0.11941667592902228,-0.267121356524217,0.2629066407359094
-0.11787098208325603,0.05432737889111164,-0.24098460676797245,0.3157271771557838
-0.00189929659058264,0.18000315975536557,-0.13383513313073334,0.24194706556193837
0.12854228982898855,0.16598638450108727,0.2769424728157967,-0.12474608736087738
0.16259908723281444,0.030705753357359818,-0.14731830224404704,-0.443553561039135
0.09879758169168221,-0.17911384563350552,0.16316725686339137,0.10629849294749569
-0.11733217084057404,-0.1260591571773858,-0.09881283328807708,0.4321193726179359
-0.21178405716859436,-0.024747566538610467,-0.06360254112268954,0.29612628876031405
-0.09612464573577588,0.10357593393128753,-0.18610833071662689,-0.04688951158570015
0.14511054801476958,0.13038564528925192,0.23517258885515874,-0.16368980708503122
0.20308510787149187,-0.0009189023224364292,0.3648920219822843,-0.02119884133869366
0.06882462557218094,-0.13580481979723086,0.3343795864119924,-0.28082080849974894
-0.01577664844682248,-0.18347401252181772,-0.6109189247728402,-0.07818874389618327
-0.1811384107322912,0.003381746865094081,-0.34123126349529825,0.5879624501855151
-0.11764786441502798,0.07143546388110111,-0.1525404939324689,-0.1864937202755608
0.04736721764579589,0.1570441897955533,-0.21886331432066988,0.4081389361249324
0.12825571671411656,0.030722385365299695,0.10286267342205217,-0.3169567494355339
0.11368175805997943,-0.1416470205377815,-0.26764578634901337,0.25358544416833206
-0.012108887306443647,-0.09930365623453868,-0.26555710562998697,-0.20792311008032485
-0.04028135375102013,-0.08031018055325427,-0.2250978359009706,0.06868909427122864
-0.14807533882213228,0.07855585529727781,-0.27146060033529607,0.2420270311768427
-0.04831864451249184,0.10544139251657036,0.12236814515602776,0.10084427055477116
0.19289774225147172,0.07782304470827273,-0.14234554869972008,-0.22435980628961438
0.1865662961713875,-0.06778493257266609,0.1706811697904384,-0.37915233740254034
0.05338441458794454,-0.1989168096219054,0.23743752558859868,-0.26736496295763285
-0.18206227642205,-0.03067931909103354,-0.6034552618658845,0.6275844969598371
-0.12286082448350052,0.009290095211781618,0.4464798390271438,0.11059802896003855
-0.01040124249143521,0.18796568654392715,0.05557153391950533,0.12221923802289467
0.08897395478021276,0.09012341439006011,0.2652902094319164,-0.14451049684079675
0.15205349458906972,0.05215899319849609,0.26473149578480987,-0.18437742544135094
0.03340084901796236,-0.11816451714022544,0.20558912737268203,-0.004068275584285241
-0.09380794603610869,-0.1795417455374798,-0.16312236565137805,-0.0023347317088959207
-0.16943642923256952,-0.0758131817161034,-0.5084010762889354,-0.17434278476643167
-0.004754118492204265,0.068474181066384,0.5266968534172504,-0.3958716645543928
0.024131037290332676,0.18493174637889848,-0.005785905586117718,0.18287912586819596
0.15657060124715177,-0.019893470341075553,-0.03527171825764494,-0.13566393850006067
0.1246784296142906,-0.10030496057203081,-0.7660164009391698,0.5207568105941842
-0.04250867908454346,-0.11955971780185538,-0.09859948875298424,-0.03739455164579658
-0.13809783355759686,0.00010349379812176623,-0.4041760895121239,0.1061307918266366
-0.09127164046741153,0.13568116390009602,0.3601488691054192,0.5014699318992216
0.014758049499382303,0.21225281750933211,-0.007397795513487543,-0.08237682245311032
0.09662771406681016,0.029781670514698773,-0.05629809640008948,-0.8140338490135631
0.10847092578737484,-0.02589076374392217,-0.6885216124472602,-0.9586284980070514
-0.04590424642310156,-0.06577949806567782,-0.19683584783729607,-0.01275788345329737
-0.10637135843325157,-0.11969045930319996,-0.43738744578303057,0.12520621169021037
-0.16599581049022916,-0.02041668584115637,0.07986314358040925,0.22070718136814563
0.021357281523429007,0.2094302362285732,0.48164679500393937,0.19065970317475534
0.11614145383116573,0.11449717718141914,0.4528798071653834,-0.016495540443931533
0.05766800814238724,-0.08107426996291084,-0.12582974629531632,0.04758639507877948
0.06454253094909186,-0.12891041073020126,-0.3556105125761315,-0.41866203179013617
-0.04549830077863694,-0.1219113433593752,0.30298797477754424,-0.35132795773020864
-0.11034478404644696,-0.06235174838058704,0.21614308802324544,0.36209362113530574
0.008526635501289813,0.12064087987079058,0.5769827319982276,0.06777414268478749
0.09071522851154658,0.07163966951946091,0.03288517718774121,-0.066516777584694
0.08361623533437124,0.00049197190034871,0.9264164274447062,-0.19294538780241838
0.09864569866345702,-0.15666148675893618,-0.20504167722994535,-0.28425618369264394
-0.09853177565295371,-0.08181108267249407,-0.024643933889861025,-0.16931378840470926
-0.0377509177700561,0.01438843606547784,0.38576194429521343,-0.17943016134197748
-0.010815854289813964,0.09996905909733787,-0.03979126070159225,0.039576662190636824
0.12459186570103331,0.10589165445124701,0.13374603078488026,-0.4730033697217132
0.06911519588775628,0.01971083990863958,-0.012262707410329136,0.24656242217129148
0.11166946283033512,-0.08928521299837386,0.48101436286862986,-0.31661972840048014
-0.03605806828624039,-0.038751205590572116,-0.28708198303658894,-0.08228937624709207
-0.11359557047611925,0.025067360177134138,0.46038797374448703,-0.015349956854581147
-0.11438526285771902,0.05005932943174199,-0.07416724503610923,0.15022670677611719
-0.029316097431664655,0.11201834701840156,-0.1046303463263961,0.09331426798596776
0.12963106210807362,0.0867086181667357,0.39104937561079856,-0.00041837476186620814
0.15180136312406114,0.0032522707220736177,-0.299505888049152,-0.44201085913688193
0.00921642150888461,-0.08853446838937985,0.13431936324460048,0.27668991434999474
-0.025235918469833883,-0.034774991778013985,-0.16537361743215698,0.7452564331645197
-0.20476017372396413,-0.005189746616440335,-0.05547449419145978,-0.1593768200697575
-0.03087979059399681,0.14175408100534925,-0.26877627295317114,-0.10511596272455552
0.13600507634488518,0.14360423320292695,0.20780691603760254,0.14025421678648592
0.09551174421488311,0.026710519570528012,-0.18854213610996137,0.2033204029091783
0.07260890154477298,-0.1237744020494558,-0.5313821493625175,0.1473885213966647
-0.022015839927248187,-0.05616222459188879,-0.4570188469841227,0.11026100000437682
-0.06547257569043215,0.12883301252572502,0.001806837551349208,0.1424955547270626
-0.13615074114181835,0.10150717991978009,-0.13464820909045527,0.06148443668890814
0.013146728863352233,0.1279409944429731,0.1481459628243079,0.29038197229619184
0.02399192686827003,-0.014388597799353623,0.0744313172113533,-0.023826316977422456
0.10829805505956328,-0.04673322057159912,-0.07221899081182893,-0.08500992996487475
-0.021820639622259032,-0.11288040314388716,0.00807710510506772,-0.12313947464030348
-0.04083949294774454,-0.0958000830741442,-0.005448115141133553,-0.2632999456751643
-0.08713664483126157,0.06347260962041047,-0.21160419322825774,-0.23484649557113135
-0.022295069476983412,0.06908347052399133,0.2684719776971815,-0.4506770919363755
0.028848468961613173,0.11808786362381349,0.13638191558764404,0.12163176349062832
-0.04099547818952182,-0.11315633908724632,-0.48518631548495217,0.15890349093955236
0.038639366076974525,-0.12492104962943437,0.010276340751799954,-0.03137636788681033
-0.13712914701238982,-0.01797233635534152,-0.31670655455732083,0.028218644153456367
-0.08020459437291023,0.02983155917945943,0.2423714031427957,0.03186723440808689
0.03526221436064267,0.0668005122010453,-0.24101438305900313,0.02057376328460165
0.05731694632482405,0.04862485888325345,0.3985798137906449,0.028744073297696515
0.05420781789829284,-0.016694614683376685,-0.49481799840552687,-0.22233456383624636
-0.010049083880695475,-0.04846277757505217,-0.07059023267888477,-0.3548759204203496
-0.09425075414071604,0.04010303947368836,0.03799753757153655,0.7487838562124612
-0.06261565805044217,-0.016554730000461582,-0.07278965505327667,-0.26861106313952904
-0.04995433820754681,0.050780139764926235,0.5171364615673907,0.24155107207477328
0.03456996181619954,0.020536703656349138,-0.027629505761386612,-0.20902969327785584
0.08292893530793392,0.07747766145502243,0.42854747415195243,-0.4211723992377104
0.03716919024621689,-0.09836716423117295,-0.32630119168738736,-0.08369503091106632
-0.08695748935115075,-0.09802260045582671,-0.013540053680800093,0.0001397352741172933
-0.10161529423613101,-0.022164242829668758,-0.12382200437133176,0.29754885700487055
-0.04331012640727327,0.022721448061235147,0.24240402051712007,0.19620051712159486
0.008000761928553155,0.08326813185857695,-0.05523396582811167,0.10229209113969871
0.0812038540410325,0.029726105822171178,0.2991527008325995,0.3907877034765774
-0.00029945436761513733,-0.026896395616447508,-0.05907187781173939,0.05079151677804608
0.017019845122831573,-0.0557316672450818,-0.18007091104396736,0.06148278988954672
-0.16157797403991347,-0.05294886965934194,-0.09073207140329015,0.5466305770047135
-0.06289008349754528,0.0348916709770282,0.20929331106200585,0.5218492618035879
-0.03974274619854269,0.04911013062907159,0.04295705725675258,-0.3758233674852489
0.03231847554496123,-0.0722733581767779,0.27244826668783007,0.252651775384561
-0.0706426101494469,-0.032136708880319796,-0.3148742107570737,0.4028841640320624
0.006307360790253274,-0.03808103534832505,-0.6806372033269579,-0.20826985320967642
-0.021572521990311507,-0.04396717731203463,-0.03835028363820575,0.438555733389208
-0.08704514760867069,0.11819233954929431,0.2903956771940747,0.44315014568503125
0.047923323966672746,0.10005579021488761,0.03390087186976497,0.18571855719333388
0.09165427071639942,0.028616832518297733,0.14063932519754443,0.31478459423029104
0.04818254449429993,-0.05327456691090993,0.2921855635274501,-0.06777446780949659
-0.02054791614986262,-0.08183546810214078,-0.15991352485967072,-0.14516021883061128
-0.06594234186880571,-0.02615558218454872,-0.12413494502560601,0.3021366247956088
-0.0007991207918952442,-0.038924125247942365,-0.010864755130516983,0.32382034640234036
-0.040424779798160365,0.07708981785172167,0.16945238684795638,-0.24502539832283057
0.0909394469718213,0.017059406250484535,0.2166415270929572,0.3994276601731592
0.12453159871257327,0.07007155968096593,-0.3210011627358221,-0.005958803334669782
0.08412593350456406,-0.034143132904775296,-0.23459115268020275,-0.08370102296989208
-0.04226380223480461,-0.03869231863064389,-0.07120814935062905,0.7357032689177563
-0.006867964135016336,-0.07549080363240948,0.06321861662807682,0.28093290168397417
-0.10427639863520753,0.030075014871937554,0.12259531028260114,0.051151902577782085
0.007802851945884324,0.05961976082385055,-0.034850661244058175,-0.28478486355803007
0.039460197850613055,-0.0181059623069002,-0.9411632166829705,-0.058860016362107075
0.02675775356822799,-0.041787652609359384,0.20171555192417082,0.03400895831643186
0.002576784083399958,-0.07141771436476547,0.02826084367156996,0.36422828326326734
-0.09124340569224793,-0.02019500511880051,0.29312994964187267,-0.3172176549653925
-1.2938787399874556,-0.5939765329871342,0.17030959371134635,1.3403475022380755
-1.1303701952803284,0.7104006281514678,0.610204856671448,1.457846533090225
-0.08672534520860012,1.3171995358113195,1.3575593254735197,-0.07231391666859821
1.0687106784344997,0.7214043837722373,0.9091596829899079,-1.5176970483447432
1.2447049501519563,-0.507139069835749,-1.3610915660661593,-1.572536434183805
0.189841455110096,-1.271834080231651,-1.3593087168996953,-0.0008542228255770112
-0.9818086634357672,-0.8380165580215956,-0.8053406992707651,1.130438206466422
-1.1965378776562658,0.2907195833152676,0.9082206966770334,1.3509183307463613
-0.34293903907554735,1.2306456114648163,1.724347251124226,-0.02121937301989507
0.7917983640053766,0.9690849887618044,0.4954276847173811,-0.5747985631040903
1.2228529098741472,-0.11362980160554914,-0.18794106137142164,-1.1878948898262836
0.5037426142864254,-1.1001120799400974,-1.481003216039808,-0.8070846699764811
-0.5431839680961191,-1.0215435425214578,-1.0945636326076096,0.8017383507767706
-1.2733553887896802,0.03638817649712223,-0.3339645280296899,1.2214773589097017
-0.6331066432921216,0.9010750143757931,0.7511515007381198,0.28873644267035425
0.4496004536038235,1.1448622407929476,1.247671952119284,-0.9597451323706002
1.1861869528885796,0.12364222844422589,-0.009453662591359935,-1.4502021829546559
0.8042318944738885,-0.9140002574962567,-0.8438512709941459,-0.5458989648740981
-0.28230172969637446,-1.121231385485424,-1.771731795443791,0.20906967198951576
-1.04767536784838,-0.2738182923657454,-0.442599057222548,1.1492268377450323
-0.9018353700404969,0.6759730753456614,0.25689541940553284,0.6640293359008809
0.14056715178036297,1.1095258606178373,1.57426944547427,-0.3900070721378446
0.9608109963173463,0.44589946859456164,0.28537992095208464,-1.1506411665625582
0.9240082704333736,-0.6043290221296801,-0.7408937539945148,-0.7715033373538723
0.02731492642699721,-1.1193738820591086,-1.1337009702232654,-0.0074614787776161595
-0.8553382912657685,-0.6528713793420325,-0.9805391895532678,0.4577137236586176
-0.9853421753810412,0.37623643908089544,0.5107825503751523,0.9720120852733835
-0.2099655917940268,0.9753051945252682,0.5681028542035793,0.20821047647372304
0.6926641760313332,0.7079272981301148,0.5105331237887462,-1.0981388791229245
0.9645356201671911,-0.3032215930617902,0.33296738967884376,-0.957324128714194
0.2984145748059031,-0.9953966479118607,-0.9294629792941626,-0.39880980112234843
-0.5845578379725591,-0.7837170586460477,-1.0432721618971885,0.43230688353351365
-0.9983615871520587,0.10783233355781538,0.3282701593565873,0.41510831345893323
-0.4207135061001043,0.8562789625168975,0.942518881842897,0.5157556063974966
0.536598957308697,0.8135181138138347,0.27747291442012656,-0.7893091531685165
0.9934551456991527,0.055684268796828834,-0.266095663293599,-0.7707218093235426
0.5357829960656454,-0.6874150803688565,-0.6474165621126157,-0.5412428327164553
-0.38996692629558305,-0.8289532131217011,-1.4378839369920204,0.6258890189107091
-0.860446784847475,-0.18849720913917908,0.29814031129242136,0.8131076512613389
-0.692372099333417,0.7098424253223136,0.6850637855161296,0.6588254076613898
0.32941506446195423,0.8848134437859791,0.7670601706453791,0.20626067422368943
0.8275104779883475,0.2585607489092786,0.11879487742144423,-0.9487488128352823
0.759998598798856,-0.5933805983121145,-0.3891158975925174,-0.6576968401339955
-0.1049859492715377,-0.8505299608389203,-0.8448150779161253,-0.10547049434581235
-0.7977891573304118,-0.34720012852765697,-0.20841452877258304,0.6629852117665658
-0.8029412552876309,0.45462460379086095,0.5595981031618896,0.6977620139958762
-0.030531751354493798,0.9222828842777625,0.5918213175376439,0.395465254546149
0.7672608164961612,0.49815157915697184,0.33794412673700425,-0.7325713084229002
0.7750738158747017,-0.34475341072904053,-0.06883662026722248,-0.4841487426315358
0.10245791937905367,-0.8201412380274312,-0.8052457421741622,-0.315895634799776
-0.5722617172587491,-0.48216715056644793,-0.2724458116875622,0.6378990859305341
-0.7651920180759203,0.22364171788097748,0.09027045423049329,0.9840120324383242
-0.25538063379675197,0.7967433825244952,0.9837204047775912,-0.16704196148241757
0.4702542957778907,0.5726517073289845,0.49675842273019966,-0.5161186549943897
0.7953155687549545,-0.10235326854533569,-0.20653103423560581,-0.7872163383598126
0.36264892853668007,-0.6652074541355816,-0.9449170564992689,-0.15415017284807042
-0.47356169503831713,-0.7263553455604136,-0.44299195087970755,0.40855915415037636
-0.8176533602081917,-0.016596950175717183,0.22851136728908816,0.5789132988629144
-0.41138744271589467,0.6116671262617366,0.32235417675206407,0.3856916290464302
0.32637523448784245,0.6892145857097672,0.7054426149696393,-0.1359325969920866
0.7000866623430694,0.08869594247917159,-0.3597615088907058,-0.23939629720978572
0.40311468954350027,-0.6039368416674653,-0.3798369220320044,-0.5984057026835593
-0.20550937521594653,-0.7272073823491559,-0.6155852011626045,-0.027448798602605073
-0.7480794502830784,-0.21580772776855453,0.21589106857181517,0.5875538890153548
-0.55606788111576,0.5733208243889678,0.7593166298287054,0.9947629384192732
0.10731329141196305,0.7151469210930258,0.23393919026313192,0.042039016655380235
0.7004537365433696,0.32472827885347966,0.3024099319041734,-0.24359801663062258
0.595607283681034,-0.32852274438007667,0.22023100462703005,-0.5906588289651565
0.0368063346940095,-0.6905078952276517,-0.6256229139525112,0.4627551565648591
-0.6002456840372649,-0.44056476796440636,-0.3886591837514475,0.5064672000427547
-0.7032420924836282,0.27810977742073173,0.271404557801751,0.6218192374483441
-0.15942556356700868,0.5998483132996526,0.7211675889510362,0.18570220132521242
0.5281338534030657,0.44990783639678433,0.5654768113310477,-0.6505268719425883
0.5823103955969793,-0.1264160610001097,-0.20827485409925295,-0.2613556009822422
0.15222978013361008,-0.611311262085144,-0.6219570030736683,0.5579574776683494
-0.4009113966434391,-0.5385843937592821,-0.7174790999728017,0.5876365120477564
-0.5685338784777707,0.12037137865979328,0.023063689471506388,0.41721533447513365
-0.3474572731506303,0.6060424178631498,1.0504627091318792,0.4653096138804308
0.2976655052485669,0.5112485242057621,0.28599704085616795,-0.22625854511589522
0.6137610992515404,0.02075497231479587,-0.09456313779661163,-0.4986233061221175
0.2766028162716039,-0.5082047251676028,-0.709783329286077,-0.3012276768913835
-0.2210474746256808,-0.4957385330786861,-0.4248372792889349,-0.005756405394573005
-0.5528822180530484,-0.008510814726935267,0.32292832597034693,0.8213863785559146
-0.40772972935411367,0.5039740210259128,0.824354104508459,0.7734098718286244
0.1714389290978364,0.5154762992986878,1.1289199544041015,-0.38304865754834216
0.6436678146246291,0.11091520040770464,-0.03965297512621979,-0.6915485737662447
0.4905935329373255,-0.36847746700809214,-0.4213717794614588,-0.44958758398221
-0.09364969580391883,-0.6031846791527657,-0.8260194765037728,-0.034840350379894414
-0.49714998655003984,-0.21776879718084918,-0.30800510987146534,-0.04370203288855942
-0.45188346807291374,0.3389378786672533,0.4533475386079727,0.8382488098930255
-0.055476258803414405,0.5802192497217349,0.6157581871784807,0.23144395804718332
0.41899772424983234,0.3511253215433926,0.2376803762287874,-0.24019498310377002
0.46387311171832285,-0.2877623104086676,-0.4436570475598489,-0.7874232603613875
0.04165018836677364,-0.6303749679806313,-0.3867185719711281,-0.16811254939918197
-0.3872299444695056,-0.3119611095943045,0.09107821228892476,0.47954370663645524
-0.5094184511550134,0.21438664496532117,0.34267759474264636,0.04197383308485472
-0.19705801826098604,0.5241480341423242,0.6234503768957118,0.48019402846887077
0.2982479315091698,0.3491739631323462,0.3611584516472671,-0.143511792890266
0.524960515060188,-0.0732259788592634,0.24596705932807883,-0.3176723977966738
0.18840395514521271,-0.5005037853530059,-0.9951180297194591,-0.33345684156960487
-0.3267512327034348,-0.4558105122112485,-0.7014885627238483,0.21183404326978073
-0.44780433438902184,0.08009993056481751,-0.040249944400750914,0.7061444790602545
-0.3531944017552111,0.5042324275524802,0.2594512911562366,0.09689830545587613
0.2243954431667437,0.46644610293407307,0.2572755712824316,-0.22704037640635666
0.4457989518593053,0.008991804212470679,-0.15529047156577463,-0.7902362347988678
0.3040465034430323,-0.3551343401757577,-0.5928978130251226,-0.05617193701867501
-0.13137311697404197,-0.4932124739958665,-0.934667712903314,0.7682118821390405
-0.39904848267663856,-0.1628983049007856,0.22125888093977808,0.48730436207167105
-0.37089646928972275,0.30769429926428743,0.35500048044904003,0.386885006676386
0.088406289479986,0.46390226411107727,0.5057454910207002,0.02394330301294212
0.34808381380821335,0.1610815691279827,0.15644626346285856,-0.29347876246195337
0.35783947776086633,-0.2345903704281311,-0.3748799746108522,-0.9973286934027972
-0.02639612144145667,-0.48428715326412825,-0.8210840550004902,-0.3173844030538925
-0.3296070322016228,-0.2045131594231024,-0.18008866792381756,0.6001200415512457
-0.36038548612885324,0.10004407451495448,0.19007471467509585,0.4195218352481259
0.005018585644654822,0.3537099436443219,0.42764664819363923,0.2605005959799081
0.35623658265982694,0.2665359397457284,0.3030974135846745,-0.21549806283177014
0.44298155424153945,-0.1325421732367936,-0.08774879599587226,-0.6698271290039922
0.11125891513065553,-0.4513916901351221,-0.33339394811448736,-0.021108337292999046
-0.23114806524771464,-0.32910993901746954,-0.254751031003764,0.4989909616421967
-0.3785821710484669,0.06595236257518594,0.16403644248256188,0.2877537397942831
-0.1558160824658193,0.41537517491929404,0.8953516943069203,0.45161513198227254
0.11999226706761232,0.2679606561549236,0.769561077514776,-0.12833648031407935
0.3648326592198615,0.02720765846079578,0.2207737741861382,-0.21691288379025403
0.14998132417390497,-0.33675825333414716,0.1142748341402193,-0.5221059214377566
-0.13237529191927705,-0.2919078889825305,-0.2508241269927731,0.10960863847962132
-0.4065952500983481,-0.10994295378038509,0.10630071159804355,0.42159008383790053
-0.2906356313267112,0.23392915455586102,0.13067010256380684,0.2447632278952644
0.06429348824924955,0.33020438069424735,0.31600445688710965,-0.13024896166685368
0.32043752425911937,0.10070154091876568,0.5965843341171218,0.015270959345509011
0.2448904284938908,-0.19081958267077365,0.1579520626390274,-0.4812981987244702
-0.08633798344929193,-0.3726667535947338,-0.6310287132621214,0.6903307901315237
-0.34301529610382164,-0.15745575453342503,-0.3127650949056515,0.46253675716259474
-0.27548973883729144,0.18441458180002776,0.28627893069469723,0.7193111693019988
0.03438880534453353,0.2556949791563845,0.9025024591043224,-0.1454718551932363
0.2759036704444264,0.2626171688762647,0.4044374598912323,-0.20631424343161536
0.30674276519043364,-0.14876156528462228,-0.38941071856220255,-0.21183071961331434
0.1142933367000088,-0.3637576432917285,-0.6151553116121019,-0.009142586703072275
-0.2305654911895875,-0.24778191978571898,-0.6227820819415936,-0.3208060930071524
-0.31488261205174023,0.10976152721425617,0.5689649387231251,0.22452756185130637
-0.07006300483331444,0.3606527046263571,0.5164568645456912,0.019109929536368087
0.2192105670639003,0.2811348537448064,0.3302393227447174,-0.7721663064624669
0.35242884495462173,-0.06604062761670738,-0.18207772501949993,-0.27265243726795246
0.1349920557262895,-0.2590808868672676,-0.4754412022371921,-0.5558463921214442
-0.1628172953562797,-0.2917869393082096,-0.48596411814762264,0.16972908978861445
-0.2962106995208225,0.005005868234962993,0.6986726349268059,0.48621341283841424
-0.16460238372611705,0.2672900183775278,-0.14858547443387451,-0.06919217149398915
0.14862580227126257,0.24656158031368536,0.6267721045598781,0.4660682460053082
0.3200866644777661,0.0321242713557499,0.03571778820093463,-0.30156252299415587
0.2729908684209461,-0.23316970965461045,-0.09977567313264685,-0.34629084571935376
-0.191278182507425,-0.28204844370018156,-0.697075369598894,0.1007239286627723
-0.3004412692620838,-0.015676200454262212,0.31264936199173365,0.3121596449707031
-0.22203173490213113,0.23037307494356526,0.6458813067627531,0.03961407721504301
0.008461788631975636,0.33459174886158494,0.3349757701283263,-0.26726023200623783
0.2873146555701972,0.10470377681762508,0.13251455372077142,-0.2673236338715701
0.22418512555571837,-0.2158927992382264,0.15068035095585228,-0.17157296574955197
-0.017704882882084327,-0.2888969884329537,0.07168481054130503,-0.20534215193565658
-0.21811628847859396,-0.1588240716869414,-0.026807059291559937,0.18127985361036686
-0.25018103197809066,0.11988078448119906,0.3305307271967253,0.13167199450993794
-0.014535474623609754,0.21522631542198903,0.5379702453661213,-0.5150580445416427
0.19596095829637697,0.09197746468536055,0.6319271075385879,0.08875165514818845
0.23519601013989716,-0.0774827296115601,0.17841376042241647,-0.7107505151540439
0.04805773052331544,-0.15408701448424456,0.02124470690710714,-0.23370805694991378
-0.18810857939870249,-0.20847661132824535,-0.6176914929457191,0.3939019484535423
-0.33547007813552,0.06228001137497244,-0.22525264418680135,0.2971023593713032
-0.1425149313065639,0.18086537461062238,0.8871925154923127,0.10626025914124718
0.1347627025744938,0.1886785545102877,0.07347999961839435,-0.04185215178537122
0.21789081034285185,-0.04415399579215709,-0.1264153000006267,0.18114950646283537
0.13358130933289672,-0.23128409444190837,0.3732323547410344,-0.3296817395384545
-0.04841282778103345,-0.21276154477684645,-0.1512894718603367,0.41799734116758425
-0.19039313073756234,-0.04597854232727992,0.2337336197955052,0.2917665505083429
-0.11966943492512658,0.20082794504419424,-0.16978891287600037,0.3343029511313633
0.1325316822178556,0.284325575326208,0.08249670927697031,0.031567903220596216
0.26195701731988025,-0.011677376001962336,0.7751849657265236,-0.3504361408064724
0.21063143002110535,-0.16786413225559618,0.0566707640543021,-0.22495480737154383
0.0017985151823832687,-0.18141342055744025,-0.39939521067471107,-0.007722302801786429
-0.17515208802425475,-0.10675100348460975,0.06732012996059383,0.6574084250932206
-0.18816249113719624,0.09356067163536488,-0.404236047396072,0.3409334423246499
0.05090779980041012,0.14646717055926717,0.2645343312433353,0.17288889563101068
0.21544041697736233,0.15997104531729284,0.09510590779179526,-0.43951885432982213
0.20320507996459486,-0.03548392485795117,0.007524994623618331,-0.30025283481974646
0.08437893848841457,-0.2903638291504398,-0.056003276643415194,-0.6697276726497053
-0.19846896390487026,-0.1543414632008892,-0.004207868494594813,0.47129854275353017
-0.1862796534767316,0.09188257654604641,0.22901742736112646,0.2362210075081625
-0.12516784131183337,0.2160108420665288,0.1931361316064899,0.5275157422107389
0.1623572446286602,0.08471376801357011,0.010207473739061723,-0.4570943091090758
0.24835824884712362,-0.03627443283585759,0.004257327269071298,-0.2925051100120825
0.10307138157812695,-0.2098505902938752,0.33650902955890305,0.11845345689171394
-0.03277099331530538,-0.189595147852173,-0.4334500430716749,-0.21316710184432597
-0.19439941794581372,0.05971195853419657,0.113321157977576,-0.3335237862522531
-0.05176067297676255,0.1216898819527365,0.30164738079116027,-0.01287481026499282
0.08090262438793641,0.21960130606326092,0.6377613755276359,-0.3595606751064259
0.18791259997478935,0.022952860623251088,-0.20491126189156592,-0.7628693626463987
0.11788349131361954,-0.1714392830046353,0.0997108083901261,-0.08047138743450408
-0.13396653660036806,-0.1642594103016764,0.14781460749255146,0.32385344389044596
-0.22038737584209334,-0.053994581980533925,0.010834312401236668,0.21577689473424636
-0.13510208788748548,0.1421211759031612,0.06332644767311088,0.451741184681648
0.12495864364630313,0.2566029294310904,0.6998296901310033,-0.5067860884910376
0.12717446472264504,0.12469444676336547,-0.0901302190904503,-0.451148666751314
0.14058619882841936,-0.014760018275052009,0.41874409688885267,0.016648704787871477
-0.004571126870686754,-0.21827687851567207,-0.30157220115832756,0.21171776320282748
-0.11379397108758235,-0.06640807032090659,-0.4403335709552078,0.12949251166262124
-0.13914349513206192,0.04717688431918933,0.25860389664999683,-0.5982282724787573
-0.02242578289877829,0.2174148809908958,0.5403834307301917,0.181526680563021
0.12671188349671808,0.13744822360579195,0.03443881863472269,-0.029484799184567173
0.20143402353557552,-0.06619198914322967,-0.005076305246074497,-0.5160313022347438
0.05802979961067166,-0.20606262379399465,-0.10667453240525454,-0.556904794727876
-0.13414470313611576,-0.08060825692168458,-0.0649031360926474,0.19084077161430443
-0.19413856004706245,0.047442216086284655,0.07691933650538968,0.3395944286251179
-0.052247220365475217,0.17374208510813066,-0.05474158685687243,0.3088180246925573
0.17489789710867973,0.20174496087276156,0.31073554570081646,-0.4247114095877078
0.2140803171510696,0.02836529494726276,-0.2155219612069692,0.17517091106993707
0.09478175447859,-0.22616836073144692,-0.47076467573754777,0.1061536624738739
-0.13524713547506978,-0.145126174743892,-0.11267750751312668,0.1614575351576085
-0.1483369163905201,0.00018184910261028267,0.17177873481931352,0.22459616026289586
-0.14330729366857314,0.13696642918056123,0.9133352978079063,0.13671324129501145
0.1110076097671435,0.13239909827218815,0.3379597661589447,0.07336417435710285
0.1763439585916819,-0.010769005208918096,0.41586547066060564,-0.5641398196728228
0.13500008828555604,-0.13909722118091306,-0.6246318399668016,0.027323868767787918
-0.019382870704143428,-0.14345094921128204,0.3104830033884787,-0.4330459756555033
-0.1694626221817235,-0.0363901907314314,-0.48896812800557365,0.08273740964162131
-0.15630684234734024,0.10556825769535604,-0.19351391423856612,0.12619554305424358
-0.009613664071308384,0.12746300334264446,-0.24206932195829675,0.15321591593444067
0.08256767104546467,0.14090172655608618,-0.0019778927988248207,-0.15879901111344769
0.11922015859684652,-0.09844665283857681,0.058328025446657966,-0.5394175520225883
0.05750258898708319,-0.10654605093878391,-0.3048725805775357,-0.2298679067974252
-0.0969858846018732,-0.14251028853802244,-0.5386973208357214,0.04940461908630914
-0.20180288853604955,0.10392188310048503,-0.3554950699140856,-0.3784893192254188
-0.03832008148936481,0.09178026898849484,0.11654164579399232,-0.1751901712095924
0.09760005537637265,0.1736436594276174,-0.37876776697334924,0.15364478994336878
0.048568290404473635,-0.0916568400599507,-0.1197072517291746,-0.2599838319864068
0.094874500259087,-0.17404283916087077,-0.6323431391735476,-0.279734311571935
-0.04639151567192564,-0.12138680626160916,0.3954973399570032,0.4713702295806911
-0.1273370179125921,-0.04970879395119712,0.02903317896391061,0.4948630678736049
-0.0320737295840354,0.09482206882281281,-0.03656397192808809,-0.09616064866991889
0.027317439508121023,0.15745914163466948,0.5984373532062368,-0.058555586400205334
0.1803285417498021,0.024237305818160387,-0.12932144304075277,-0.3861614891083019
0.13765418758327927,-0.05493901530415189,-0.4412262632868616,0.03504607826184225
-0.05971818435958816,-0.12843980707983527,-0.09712092803293555,-0.0688705537508099
-0.15476694459228235,0.002816501047925253,0.06521788034926479,-0.006786187197073031
-0.08357962107541052,0.09968942561061643,0.038760150241660754,0.502226433678429
0.10846021317796874,0.14373099691555585,0.3151744578693144,-0.16571133694159246
0.1541455541085387,-0.052882052582580004,-0.4454577367739174,-0.30436599630185374
0.10291030249269549,-0.11471694052808726,0.0777822512164305,-0.343971715658332
-0.0003803229040404005,-0.15714339715553097,-0.3775175806483378,-0.08702739918643822
-0.04169407779338115,-0.1019838939908888,-0.2748684853841905,-0.5057335814269915
-0.12920224987857742,0.10976501766950876,0.22451443321030412,0.43394811224089713
-0.0004597343449833438,0.08425822789161602,0.2654056739879907,-0.14115842761245626
0.13202175332547958,0.04355362263193799,-0.07480124065130933,-0.1315716212857236
0.08269605981663478,-0.0003153861555351273,-0.04288918341848226,0.2929489258596681
0.05750047375253399,-0.1107287290776118,-0.6562937550955714,-0.27468169844131984
-0.03454082325684827,-0.10172421323913675,0.15370908551244983,0.6850648482850682
-0.13658236311257094,-0.01239901770053482,0.48014439179408713,-0.27743370825877606
-0.00028157575071809104,0.15527395549347792,0.378285001441694,0.15285125189820228
0.06372947057267928,0.11194127186253994,-0.0388310767680404,-0.6935985517762158
0.05224766046472539,-0.006382372301538481,-0.3457629284966393,-0.21091927873217514
0.04431225361840954,-0.0787019972609148,-0.1352085708347929,0.22017801738857
-0.10857692347421635,-0.017369051024029677,-0.2618756943865655,0.2571744595699119
-0.06532171341925679,-0.01863523689565012,0.36815261084066414,0.05082651355595807
-0.031236311453082574,0.1082218188678645,0.3412735965366187,0.5508907659885498
0.03192566563198438,0.0973162603006005,-0.20573151100081413,-0.09765063292290384
0.13484025035282388,0.04953231087221972,-0.40952024564934186,-0.4895039339986873
0.06639258218198017,-0.04552599675338478,-0.16056098834520838,0.07817398743645038
0.04828339404535941,-0.13956906302084343,0.16937377168533635,-0.1736320247809377
0.004483753551203479,-0.09895097296994429,-0.020209374538936592,-0.15403544478469727
-0.1124131930207177,0.06329500173746508,0.302740037353028,0.09605518099395076
0.010015275990440387,0.09383227524584614,0.2180195718871901,0.43221537847073627
0.08984622407851046,0.09741109246949879,0.14881630974401247,0.10687117940415328
0.08012409418819919,-0.04112746313520986,-0.0308655732798091,-0.3003725457474737
0.005192774911211914,-0.029464861360624983,-0.1672316333936652,-0.18666603524845674
-0.05206284701813675,-0.01109094839959416,-0.17266024732860472,0.008156763929362577
-0.0756276432268328,0.00200669849382416,0.2855455785561962,0.056962115872264595
-0.05072547211817438,0.0996596684944095,0.160274305494432,-0.02828830315596928
0.07647235457990682,0.05254758265891092,0.38975462549740136,0.21354424875859318
0.09999541652883967,-0.050825304349193204,0.2389690787351311,-0.4044850960375368
0.006825860415700224,-0.07907782465390119,-0.5937095414630112,0.72544809438179
0.05590190152241737,-0.07478720697063748,-0.3485757904404711,0.24671989366737174
-0.12967811113842453,-0.011983507584443137,-0.4727839057765127,0.1250038947304474
-0.007043607572136734,0.09327934746532807,0.12124814924022662,0.36029152275422227
0.0781955442031948,0.09170116995504861,-0.49840907616872804,0.27972142727695587
0.01847839687019788,-0.016792095420017562,0.12769897237448535,-0.03207031353759729
-0.046886603571164705,-0.06172325531897401,0.3728785187636516,-0.2379555489599532
-0.01648516832384333,-0.05897913262390034,0.37225219386416847,-0.065708271384859
-0.17390986147591886,0.03864553516894609,-0.0017771355994296648,-0.3870820400210405
-0.1044842872208834,-0.033331867445921246,0.30299111354927555,0.33230256600962266
0.04396875274925098,-0.018845534722191568,0.6230625470575893,-0.4399623005181333
0.11925213760294195,-0.08209144400385848,-0.11076231275870228,-0.1410571158251114
0.05313177200450056,0.004310459204822169,-0.2762987815154672,0.27202220333969696
0.04383417765640342,-0.0164379407962168,-0.33992238954233017,0.17806431110693055
-0.06720003687345319,-0.0672298251204553,0.2963723607410075,0.14490904566185286
-0.04782679128068691,0.07206011217477572,-0.7908381546698707,0.2760130423122188
-0.04281962126790446,0.03164103101046255,0.0932394327255167,0.2683857485827989
0.013369152017171322,0.06245487727964577,0.04242395321707157,0.020015281194042944
0.10939227658294154,-0.04142861742702135,0.39922856699253895,-0.047442869120098166
-0.009210312437077409,-0.018963040291899387,0.0011146002818587016,0.05692401392714194
-0.03349452822248034,-0.05408056985598943,0.027635254963499882,0.39245739407800695
-0.08876239082050168,-0.027353113865048573,-0.3512608400144557,0.3141681015159699
-0.06432573470544352,0.10604580776727965,0.008983835163719981,-0.18539510985951724
-0.005670266753829992,0.04636822530039981,0.072952073385541,-0.30325444759984177
0.13402116034721828,-0.027487328807305228,-0.4250679957641391,-0.06634173054984006
0.08298920277267482,-0.08455103043809867,-0.6599556104603608,0.011962334651994255
-0.12341523519882504,-0.042202825637311994,-0.15833011893550097,0.09009849453907884
-0.09905335459082493,-0.0795276948204513,0.4722463441555009,-0.407138787001859
-0.015587977081465674,0.0657634086049658,0.11823489942154305,-0.006766458589654301
-0.0035860050806788522,0.018549188365821423,0.6572883954317584,0.30801346216808384
0.11408512118630866,0.03378349146398901,0.10697868703101125,-0.39293739052280496
0.11783297932571886,-0.10671434946376182,-0.03983888204199648,0.02252269375553362
0.0490308842548546,-0.014908287221612707,-0.2692027114767825,0.27936854720609633
-0.06038288919909691,-0.058394561868405054,-0.0067204680415032525,0.36082252450979696
-0.09488073739473357,0.032335049460721,0.36459738334402786,0.10272448503450093
0.01895359064365467,0.05828538442725213,-0.15030725067659725,0.22468615252840568
0.07134262505121615,0.08796214321309845,0.3700627455619541,-0.1325983174641792
0.03835603436513998,-0.045550715932334424,-0.3662308780296159,0.09515212220194895
0.055947658379810444,0.0004298231582600537,0.1508303980509676,0.0335183719842614
-0.9258308878206873,0.30057320706057883,-0.15864906833206738,1.3355191818505479
-0.23637916028170322,0.9347021001426218,0.8930007929246014,-0.27384175940669275
0.6923623888512163,0.7265738152022049,0.744634086883838,-1.0482362960310498
0.9326570195340413,-0.19714390403007687,-0.11348595330275879,-0.6005225070838767
0.412663393115001,-0.9222588996554619,-1.080044502233527,-0.8133752321941151
-0.42576801919400903,-0.7115838940839446,-0.17239388736226408,0.22162346522758447
-0.8965468268788613,-0.05638964843667967,-0.07181965365987697,0.8472191436240301
-0.5270916474268068,0.7899392648572933,1.1739267978673233,0.4365846586197275
0.3766800477527582,0.8181732928215708,0.5295710181339122,-0.157520901443034
0.8558227753269084,0.06527488666512518,-0.18389674869203898,-0.864050902185522
0.5864234897855379,-0.6771142853170431,-0.4431360475464424,-0.6341168265482033
-0.26580924647653287,-0.8640992462460484,-0.3546376313630926,0.4247694954897213
-0.7536502259423395,-0.24694541611273801,-0.18856994767678492,0.9917784792582515
-0.6627816670217914,0.5786988102831899,0.17296467356640755,0.33465616330347947
0.10345621535888302,0.8691207988608062,1.0028356656003032,-0.059095857562245224
0.7364965341126023,0.36152510865969745,-0.1271731089992123,-0.9272118796090104
0.7163421020945643,-0.5179727539354919,-1.1169020837127634,-0.8518391551303928
0.004548668036915169,-0.8201659989047052,-0.9050692453583453,0.4343218576824437
-0.6371002425439276,-0.43253036533276557,-0.5206996042608536,1.191504746895441
-0.7579346407154871,0.3879622211775242,0.31459902040454624,0.7999313033014879
-0.09186546517214407,0.7965386006716245,0.4056488708460021,0.3888517568948796
0.5647581956473283,0.44606941818117024,0.48024487846662883,-0.6132647642165231
0.7262135545884818,-0.31430886768024924,-0.26558431380273473,-1.0713896256514854
0.2425450507260678,-0.7117942180338953,-0.721316734676283,0.0643275581284708
-0.4921424108237922,-0.5672422434066078,-0.8166977002408449,0.4215339445769012
-0.7115606767025493,0.14343451522873404,-0.14606274929990615,0.812237543992292
-0.4000697210810459,0.6813898369374007,0.5487898295346394,0.2139160568153542
0.4058950816203418,0.5857065579155297,0.4606934935931159,-0.2754412900709674
0.7045405365366646,0.0033561390436348086,0.19118549517096906,-0.7668629691776832
0.37384799215847364,-0.6304837628030193,-0.16123124602414274,-0.20454245170246577
-0.3165482515904538,-0.6753518300625208,-0.420151130966209,0.5920391879110254
-0.7135618937056795,-0.16242608134349973,0.3097882760934756,-0.05366030306119686
-0.4045267568286074,0.5512605552615698,0.43246728694919634,0.3699886511942857
0.30062519792170556,0.6970749817949599,0.6471145363211335,-0.08679494163540025
0.6344704774020021,0.20155660182451524,0.023271639144794576,-0.015693862792865027
0.4780327353090465,-0.45528883965254685,-0.6247390862598745,-0.22245240201272692
-0.1771501436347933,-0.6955275857923208,-0.5251741775953442,0.15508148503957098
-0.6734950607790785,-0.23262456692330397,-0.7525884994464727,0.8092732301008441
-0.4858859379614392,0.40446519522195146,0.34971749069344943,0.7482296333753069
0.0493765269737579,0.6522476800917794,0.9057449345394304,-0.42237074621863546
0.6488681319343784,0.3128328747920673,0.802383715449454,-0.8805136841289992
0.5355670588235965,-0.3260464673835973,-0.5694138344889038,-0.2582972380129354
0.09583668471128595,-0.6058215730471566,-0.9570266669499033,0.10659506551518316
-0.5122318164760993,-0.33583029509983664,-0.6982466424485467,0.44235688029126197
-0.565593572368521,0.22218215397554542,0.31198883072185823,0.19358443918962118
-0.14313440969236957,0.6388034130893053,0.4837289476805355,0.013688686663349547
0.46236039499968845,0.47237613570579967,0.2196339206743944,-0.4489622019431516
0.6029133122146895,-0.15563266487616687,0.13466271847855926,-0.6639579130537072
0.23927550111581755,-0.6046886795187187,-0.7031047446620035,-0.26079841038527396
-0.4195771601570407,-0.4055232507451338,-0.5779781704640032,0.5105450169037129
-0.5769563500631827,-0.01402810863458162,-0.4467221707573371,0.6577624071148964
-0.3219633048510288,0.4831286263588121,0.8083524315457574,0.3380196352796358
0.25740962307954685,0.5174535511875605,1.0092001417620096,-0.21734809353249673
0.585802841954538,0.021119490825286413,0.025258341024375075,-0.7155433188947126
0.3436285151678443,-0.3566381953520547,-0.3611762480367403,0.1009301839974866
-0.14299072107656238,-0.5110652936264737,-0.7893697464843232,-0.10963455419277623
-0.5949416095144312,-0.13757431208761292,0.0713082685510047,0.9629378587821278
-0.45741982598563796,0.3869481338098929,0.7892499556022161,-0.03076682409458048
0.08020541710753816,0.5418102133901662,1.071700227156213,-0.34987550797986433
0.5045265110563286,0.22089741086530873,-0.03092686279501322,-0.14297538531377718
0.46105353352360523,-0.32826363228865896,-0.5183147954879347,-0.5931863827681566
-0.02448487258630664,-0.5305157582049143,-0.5866454678271344,-0.3769261745247571
-0.4533696791630811,-0.3066930890569511,-0.2862690185903616,0.3984677292398296
-0.5104258009546321,0.2829807405936541,0.3203976304325126,0.19044639710615985
0.0008666861294720843,0.5438355765171643,0.07109534844354867,0.2564685323630525
0.4537489784290253,0.30129977542990083,0.37956883435456834,0.4542307949425392
0.5137137899497906,-0.1320492080339442,-0.3990055059214695,-0.41195262348252104
0.17830001670145842,-0.49193480797506944,-0.2505857719838565,-0.15853942017690525
-0.3590559321898332,-0.3613761556987525,-0.47865833723660905,-0.01086400030041873
-0.42150339247521473,0.08399679902728455,0.6427821192132316,-0.014945041384509666
-0.32167760721518157,0.38524176779418945,0.2630918261833616,0.3105157084519383
0.27367225475160367,0.4536716130145798,0.9678921713515555,-0.15033070443247615
0.4372120678562702,-0.015991473955093264,-0.5038096831523958,-0.3611441010795242
0.1815460616748929,-0.4209001839658562,-0.878895531226509,-0.0254549313107022
-0.26936302585792127,-0.40129613391598956,-0.33106923023893065,0.24582332913221705
-0.36784076501705776,-0.004617925274498433,-0.17944731056039664,-0.14474024303477526
-0.24191339366408982,0.2811099441480319,-0.04846333014867504,0.1961651104333964
0.20435983494642118,0.4079629053441218,0.15984983106554745,-0.17786673832433542
0.41376445453169797,0.10999858956492965,0.01628455417434227,-0.6657492721773633
0.30941265815537317,-0.25779358593141666,-0.008655923201033588,-0.11314231313785172
-0.06832096041998278,-0.44026391231277984,-0.17124125244536492,0.27222469963376017
-0.4029742527448818,-0.16830479617040986,-0.3612528259786804,0.20340817214245285
-0.4178581129441612,0.185309352563665,0.03455515100140388,0.4238496250966267
0.0017748268263452355,0.3762873157767804,0.2227175352518667,-0.00928223787999477
0.3426666461884072,0.20572360320315794,-0.11317473153791141,-0.35068455320450526
0.3972777276895937,-0.2263064465636171,-0.48635247038126106,-0.09381640729847832
-0.0022873339476762317,-0.4076208251976333,-0.07287991946948895,-0.1075974298422433
-0.2809553187999122,-0.22224890495669725,-0.13112484288550524,0.24471010478441496
-0.43706371723629195,0.14744201776334429,0.0973524851091534,0.8192400299644671
-0.08191454687828667,0.34007499564856847,0.230797754125818,0.07663100045658622
0.2777137826418232,0.2924002478067241,0.5686206564461184,-0.1981143067128216
0.41658442101894866,-0.10455884551471484,0.3266827744594561,-0.661934290932232
0.07754715395486332,-0.33823731135176693,-0.06372468409855891,0.2318112662770591
-0.22990572976852347,-0.2340857211692982,0.015777215225460522,0.339024603692033
-0.4002626954019176,0.00888216991817025,-0.04732292117598458,0.44540886504756333
-0.18346413604869058,0.30413503887675125,0.3239326592596801,0.3287894571303446
0.1289757911143812,0.30712709954922357,-0.08519248651395056,0.3257820954439733
0.29795874895138297,0.016281528757927825,-0.11150448702769239,-0.7902561032245009
0.2508743849731227,-0.3437510222527642,-0.005036961239809901,-0.3411541613929375
-0.10295313957774094,-0.30922133520293504,0.3203897174944084,0.08113822980930024
-0.32690322603469596,-0.10244941907604643,-0.40963278942696607,0.48329929652579123
-0.2162552330999594,0.2335506428310032,0.22864294273142058,0.24002689539298863
0.045491424107077974,0.38710517278423445,0.8017736135185888,-0.043135021537250295
0.28546701956830656,0.02250517910498237,0.08796970943315718,-0.32573115963173344
0.3152979054294784,-0.21413262254554452,-0.28910578956016064,-0.3815637929349476
0.00555320128966715,-0.3225090937681383,-0.42964096707007277,-0.21774899356915373
-0.27977465733989576,-0.14464287227353334,-0.01527283627180076,0.07729881817819625
-0.253403056687012,0.1460113359275979,0.30296652945320246,0.3950704769009512
-0.06901880920629037,0.2686420146467398,0.20898582217328324,-0.6165491139488122
0.24325232566273053,0.14372981085335915,0.8559613207694052,-0.17650976879058422
0.28369094854629096,-0.07802514654265726,-0.3329551520166582,0.057848407318324274
0.06609730535244934,-0.29689030329842425,-0.2824857066025904,0.2078528555871248
-0.30470144494836976,-0.25411344975651456,-0.3991949474105064,0.5742102801062523
-0.2916239033480642,0.10208612177626017,-0.03526717361968551,0.4324424242946965
-0.1460179233514659,0.3522392743688856,0.6225744547692297,0.4261917837211369
0.16202014850953866,0.30125904013175453,0.07598947351415919,-0.0034145070467249405
0.2385093877214876,-0.08503829175169351,0.15548707526824218,-0.09875487835775638
0.11161639918594406,-0.24353084614651777,-0.37008364728684306,-0.22090546477889092
-0.1647304443166841,-0.2746138319188193,-0.029394062045209612,0.32048519155124605
-0.2877579011293256,-0.00020623536722990526,0.0013756711543863598,-0.12708728211670142
-0.18955452541928813,0.3361753015280888,0.21782873811964157,0.22406346872854047
0.12357780329032755,0.3068264904764715,0.36314113400588055,-0.24136962278419036
0.2566221698482556,0.021130808748776597,0.16331195173909574,-0.8344892660814115
0.28278231908692747,-0.1762233403791862,-0.5213256225740709,0.4925254099647139
-0.10902847298462418,-0.26245771489293,-0.40768957409193857,-0.3677033676167507
-0.2719209287999132,-0.11197701795141962,0.20339247375939729,-0.13878205118939224
-0.2797263706244557,0.21644829666336304,0.7423461021862601,0.198303871005948
0.04002434464054695,0.3061941726600245,0.5534941760099998,-0.5106952077247195
0.22390728384312594,0.2018973041750216,0.4141675070137103,-0.06763125789475855
0.24487027009751217,-0.1286110433468207,-0.31741813029144594,0.2329799975523227
0.030182259814129045,-0.3305436013604527,-0.13484989522092,0.4344565455942648
-0.2427674138825337,-0.14473295697042543,-0.07840771643404215,0.2056299471771135
-0.1952525446270516,0.037472342832397025,-0.05218691839462081,0.489102927325666
-0.04042458980269252,0.30424721510238917,0.23711012249265298,-0.23420599685637367
0.18519724261902396,0.22326371081623037,0.10823865286126236,-0.136810581773497
0.18598099078655983,-0.11459461257324138,-0.627134655659097,-0.5475609002645626
0.05582101289861906,-0.1955525406417303,-0.12841026752167625,-0.16977734462071528
-0.09674516170567869,-0.2512711036222124,-0.425359943077616,0.10116075977578673
-0.2261447840385189,-0.0010434749801739064,0.043559193114242334,0.12675543036430018
-0.10345398759589414,0.26577005147088273,0.42664637204437955,-0.03773598717335194
0.07862573146310939,0.210006280577579,0.07821480104971038,0.12437618432100866
0.20683140295676478,0.0068385538951980535,-0.16056199642307076,-0.11138665003520519
0.11783581143766803,-0.2150183726112378,0.28450371094764726,-0.02688572149054172
-0.06841211457575147,-0.23152814361490667,0.08721304340622127,0.4491980323157793
-0.22279229455929916,-0.08754823869625628,-0.30441061521339075,0.2568810549902201
-0.1933974749260848,0.1460841171159371,0.3363625950507455,0.04274599493467021
0.10632700532981096,0.18664672389994139,0.14983251132764577,-0.32248354185565165
0.23614735224744954,0.1402100082136492,0.18602512008880287,-0.428903231726752
0.1805113048682762,-0.09102561266361331,-0.028720195218535777,-0.8446661896767806
-0.026869980443173833,-0.20392406423211556,-0.5053683671506243,0.061013187757776866
-0.29770586527374415,-0.1493117911851459,-0.452399412958934,0.4942742452618433
-0.152149323092325,0.10138993130450437,0.06618656574188114,0.3492689852709641
-0.08711145089157477,0.22769489731165352,0.14325607499819457,0.6399482578374677
0.20006095685897418,0.10952404333651689,0.4826437539650035,-0.5239330305108975
0.15874187104256393,-0.13121201743200125,-0.3195397449801716,-0.308124576486615
0.07868391927003882,-0.12826646251486612,0.2767726045106117,-0.18139179079708023
-0.1931627404051883,-0.2111949644229239,0.05582891114178069,-0.2741210620728132
-0.19375580467712106,-0.022748423883393994,0.1420182509342821,-0.10872654754390997
-0.05973296086527869,0.15640521559810816,0.2601947571196171,0.0990887491615966
0.14128896525065246,0.11130030126851781,-0.3330896309334072,0.012123755184757501
0.24231416957653992,0.09397230212385994,-0.25738119772611323,0.062030766204587265
0.1049133175976351,-0.15319794706154616,-0.431982272486633,0.21693494451257594
-0.11331080733618,-0.11386607001999328,0.008619213505193651,-0.7430907348133587
-0.22709240905098857,0.041698543458386916,0.29270274634633703,0.24676791119469912
-0.04510476994390979,0.15830492253306477,-0.056225579712835885,0.26178178281065473
0.050951383364182576,0.22004934115721086,0.22209209534208565,0.05532024336644473
0.2475070549640082,0.034054145053959,-0.044099684978346626,-0.32281182245401063
0.0843468288691783,-0.09497422280718039,-0.7039390692761464,0.17653096550658762
0.07805092819373144,-0.1768752465045997,0.0857422822872271,0.5104453618524509
-0.14608792795320025,-0.07446123286327139,-0.05171342339285845,0.057447573353463476
-0.17784183918808785,0.11878570401869269,-0.1338274743534286,0.4815186461571371
-0.009666801433411032,0.13264689478724595,0.2873883758084776,-0.3631872063187881
0.1269815225626086,0.07104867081526364,-0.0713716755421874,0.028667369836044287
0.11256001288742473,-0.0889589977407687,-0.24817918454416055,-0.38208517512750767
0.01936280495704237,-0.18837805737691743,-0.4528506849796335,-0.10239074141333487
-0.18005758102577307,-0.1186175486912517,-0.12330339848679261,0.1852859915594572
-0.050876771174761,0.023090695701165606,0.31736522425121677,-0.2976883497733992
0.005123757469609504,0.14208870388059988,-0.325224080242985,-0.4350550805053924
0.05762963804266744,0.15277966879266386,0.49774252319976897,-0.305171457725853
0.09989891340546596,-0.08248900838907028,-0.05096380093420019,-0.12097276360646339
0.032205004610697294,-0.12977682347085343,-0.04062679883297105,-0.27283468139231004
-0.09491665128216686,-0.07389715298602963,0.1428620609005248,-0.11752566515963125
-0.17320942552791224,-0.009287352023364146,-0.39676233177084463,0.2806834580125094
-0.010349674884635465,0.17737776492666837,0.3528127726733407,0.05233473569356495
0.049261233540060935,0.16482719126335127,0.0015163694566007468,0.07828282905296309
0.21337437761288225,0.023264642160852646,-0.10062331815826595,-0.5413765030588742
0.07857320213537966,-0.03949336361846832,-0.07077877957387568,-0.4523443257610916
-0.08401151401372019,-0.17909346046681787,-0.03488411556027943,0.006219299340634379
-0.1978798977423149,-0.025886311914172035,-0.195197397008562,0.48182916478729115
-0.14191963738741656,0.17279468363443368,0.17912298196998763,0.2673792026996992
0.022089357630521063,0.21606593327483276,0.006806861471147785,-0.08871569419147712
0.12557796915671746,0.05850505377599578,0.47587309960010316,0.4389014804836937
0.0842489038104899,-0.06882729138517697,-0.39261078637716634,-0.008109055189353329
-0.0037569896611724723,-0.09569801783645844,-0.2019370215884396,-0.2608732426455832
-0.10683448504834245,-0.038167235256457474,-0.287035899111082,-0.09133515313627404
-0.17714866670752638,0.0955833034912692,0.4131457137258847,-0.02971088514394246
0.04082325614426858,0.04505802291914636,-0.0359130289149271,-0.4134553552293275
0.1517825629849633,0.08659515080885444,0.1592628694540492,0.19465336626192722
0.1610064593442666,-0.02977011827367866,-0.49324740178767407,-0.2494222243333874
0.07987159595516125,-0.1481927090833575,-0.3681627606715765,-0.04440263612201484
-0.06907208023709016,-0.08934868900237451,0.08677650215777273,0.18738825274927137
-0.16803845209684978,0.03585082132764979,-0.43127040968843333,0.2669257902389659
-0.04497775213760306,0.09347908231290479,0.5567056808073616,-0.11165889899878725
-0.010128912890292163,0.0914490004971319,0.33214721323673824,-0.13233122134204212
0.14185737882786884,-0.053762573941568415,0.07771425329309911,0.2191828025842083
0.09380969928916058,-0.09707907472335936,0.3676374106964847,0.26834851047032793
-0.14310457322841433,-0.07786279864832737,0.3614658215636939,0.10401353194547026
-0.11861707356895748,-0.048841372791401945,-0.1147445549570944,-0.11981717345411508
-0.12996778994540373,0.14795538026161298,-0.350204269940906,-0.10049585366285321
0.09794694477133836,0.1641420070207392,-0.027635743458552763,-0.16681805652852144
0.17750621677515602,0.042970747948936315,-0.09780025661428,-0.5517617139702061
0.08560164833841481,-0.06805509003993246,-0.1627531508922495,0.2613262674554161
-0.036067237014409566,-0.0777010312330619,-0.3369047475285728,0.11734824330219745
-0.08339411263665815,-0.052443271613512664,-0.3972889900216834,-0.13539101317287397
-0.14820913000084313,0.08475432480546159,0.3596051337292898,0.48564980929399426
-0.01511297426973185,0.08338030487849762,0.1126873381412795,0.2989651410867894
0.06858669762505476,0.0733420927672197,0.07878165032050868,0.06773708885997344
0.06990649707955796,-0.09392366836155244,-0.01654676322133751,0.19317650204291584
-0.056093435822277785,-0.09935339646322505,-0.2746283795920433,0.0742913063971095
-0.13683539555025098,-0.13123445568559383,-0.11560686111889151,0.40308078057902663
-0.11612765897969526,0.0780737702614627,0.1522813814735348,0.22943918761163362
0.027097894867354328,0.10202034230123819,0.747886029969357,0.07075340420506178
0.11764655949246414,0.10944931146573482,0.1689936115499866,-0.3561090605599971
0.10550093669335826,-0.07506589500403935,0.24835499359217617,-0.5887451579929798
0.035956920100824075,-0.0759717744597116,-0.2958911434743708,-0.3156423719223415
-0.041927132168516415,-0.08737605343443688,-0.6178641834027369,-0.11664530510115345
-0.06965238193333641,0.009080827964928652,0.5675069512075389,-0.09126002285191816
-0.05738015413874814,0.1667800904789625,-0.37821441900855274,0.2136299224682753
0.11820945584246144,0.0523398709765918,0.3062020364596127,0.033403890472602574
0.1335836784832762,-0.021789035424757883,0.243233702499428,0.11275021351465767
0.028725022143445092,-0.0359079380403605,0.021032854058051376,-0.03226652041586814
0.005558234249436897,-0.1289380899180234,-0.23758434812623533,-0.5257723330331824
-0.0947835108227332,-0.01709010894383892,0.4319682822248072,0.4565726506558552
-0.028833165849070648,0.07031491303175896,0.3658537042072871,0.33449152544603206
0.01242617141080623,0.14210658123939038,0.24505824673347193,-0.12764672651368691
0.059731664890340694,0.03341768410552014,0.32011790895006387,-0.18721166044929063
0.03778552840389965,-0.02550337425883907,0.12000294630279587,0.2744115208552865
0.04579740455050091,-0.07803421762266285,0.31560669760811577,-0.32211655009744583
-0.09651408013837402,0.04102033280187569,-0.045956987094958324,0.15499777248312488
-0.05913832953578263,0.09769033088885239,-0.34978265197581826,-0.33315676076241396
-0.016031900923373716,0.06568360316334448,-0.13947090491577155,0.5506806469175817
0.12716279874042014,0.05352585384124525,0.44557449101655133,0.036617618165247744
0.1187667399222064,0.0005287579166984024,0.13526441726724556,0.08476809319037
0.012546990537774855,-0.09335958616096215,-0.1282825598403812,0.5636990553570576
-0.0628905839777266,-0.07024826713615137,0.02405997302896111,0.03537096172411377
-0.05163834664591589,0.05845249035487367,0.012772485442081802,0.5128177241132588
0.017234161203917478,0.0076478352110223025,0.47509193509466807,-0.360186034296965
0.029012378931164453,0.134718412026692,0.14591219751137213,0.14337441671161108
0.08731233912348596,0.019828580443971754,-0.5267037864154686,-0.17012884926644775
0.029673115149894874,-0.030492346011763254,0.3647238518910027,0.08403825258527758
0.05237804386856083,-0.07987597122509935,0.22192410279889294,0.3785122951705919
-0.106707650675155,0.028383488398927532,-0.0600948450745388,-0.026425904844920023
-0.06526754544151937,0.08723147965302401,0.08138511833878315,0.08669164989475363
-0.003061906646431578,0.025916257985119935,-0.06562682090520108,0.03467371141298338
0.04523077463321522,0.038327863561986114,-0.4082019106142841,-0.3031585236148034
0.03992007580564682,-0.0706745916307663,-0.378419336719553,-0.19791589920651526
-0.005716764188086585,-0.13714098318499351,-0.3696974488065525,0.16920910520011906
-0.11169364036336865,-0.06325197565560062,-0.5211971574552927,0.4339256757747077
-0.0736118820794636,-0.021276036838204684,0.40747323230111904,-0.17626545581811737
0.016718565852286375,0.14415350299445262,0.042159411292174466,-0.11724714235924967
0.0337224539927891,0.01489598280127899,0.2926837739354084,0.21658847094026323
0.025642809889115714,-0.01977230306181528,0.3194729338010431,0.34858370660329824
-0.05031935350841898,-0.11449829984070051,-0.0005344569538806273,-0.2749390964053792
-0.07042378663441123,-0.04541252922491651,-0.3551089618746804,-0.24452836003123873
-0.03866870447200961,-0.030532057390482134,0.009208760854878054,-0.4020879019080285
-0.03360504227487052,0.07244663992617481,0.2506522703102039,0.08394662459101317
0.017239766504814916,0.05507631063848457,0.5353529579159844,-0.055209284162708976
0.056590147236031396,0.034073902723176355,-0.2554413535248998,0.17271545138058772
0.06707457163635379,-0.1506692805870759,0.1643715460390239,-0.3450283390862142
-0.08330109101290802,-0.13156129923763915,-0.3867402601148194,-0.44506018648834117
-0.09767121944894902,0.06982462993929885,0.15743124895975819,0.2231113917763028
-0.06508734355580748,0.10414428930861633,0.12405527883087702,0.12985572579701088
0.03403135854246853,0.006206703626195138,0.09142695355604243,0.7881360968829391
0.0706309858998123,-0.018493805198047684,0.01871765072773611,0.5087577474746264
-0.033878300579196975,-0.09040389045404346,-0.42687601377227363,0.1574216942212996
-0.04402611831122542,-0.11824043730722061,0.34054520659899346,0.45233330588140996
0.004872839472208346,-0.041259634594947706,0.19831724308891774,0.14203955543847893
-0.02273718823108544,0.04138882021621817,0.19707521779899947,0.16047183282189156
-0.018881301818340454,0.04021610539841845,0.08764617824390714,0.10595841837634026
0.027942631203553624,0.09111764847943755,0.3155521719131819,0.06332984391108257
0.01992957895493609,-0.022913148228750263,-0.3323136118302948,-0.06524364090026556
0.01218155086491542,-0.0557333792063935,-0.03485729239930353,-0.057964113072247886
-0.13510496848154108,-0.0007384416718601815,-0.29226765601559135,-0.4122603276811192
-0.07359676635855418,0.010948873060642482,0.20867880413194415,-0.29532980758598953
0.02788162486604242,0.0037428412422244733,0.045221479015032616,0.41454672006181387
0.04019109005133798,0.025582375665486354,0.012192711569451817,-0.2744450044594863
0.03601154105625587,-0.002160560108853009,0.5572604549890736,0.6881399991613633
0.07848968596779793,-0.058375879331856846,0.1074664911384057,0.15044306752919956
-0.02590435768817207,-0.06236666641018683,-0.030987033358804844,0.0638598809250625
0.01711123947471222,0.010208241311101885,0.2931758970867548,-0.447256142716653
-0.1359648204899849,0.09183852806316925,0.3566751659417487,-0.18005789509911807
-0.0202695938422566,0.03456855130196357,0.13468226154113946,-0.1653366063240186
0.11093013659364098,0.012445420718869327,0.2975243884761491,-0.3219013054672738
0.023155652264022327,-0.04489141818489702,-0.025395039515918115,-0.011978716476050907
0.042439913581399515,-0.06717637548831373,0.4598471082335249,0.12069508551888923
-0.11868554346319897,0.00018294573771851183,0.17368770930432653,0.2241514637502167
-0.028853537448927494,0.03865739014301245,-0.10880319469717496,-0.08329624378956696
0.022900132737321943,0.040162621989098035,0.017896241037660843,-0.15919958621548982
-0.014712342735676516,0.00892312410658417,0.07353908073229977,-0.10885598250290696
0.03941536384648931,-0.06496816385606821,0.20826218014402112,0.6043636310318622
0.019589685585566893,-0.09052802432271415,-0.07653516619320316,0.12523639694380778
-0.015203868080359454,-0.010471135348002971,-0.17494883437931416,0.06112336485842546
-0.040545377453464385,0.03633532208770053,0.20081854933570023,0.5099289881157892
0.04226128585609051,0.05544615148864518,-0.31518988702399914,-0.27417872949405436
0.049888762560124575,0.07678996732234712,0.14874308073814477,-0.027524710194560056
-0.011896973038841983,-0.003109080690765681,-0.2697782864831427,0.3105127573719446
-0.04609323637349717,-0.036537926280669195,-0.4595345204881697,-0.33433054434525
-0.010296908634986685,-0.030118921093622325,0.48821652349595845,0.0801770840765507
-0.10240223426249295,-0.05624423692182731,-0.2646563810917947,-0.03690005613558214
-0.03153846258717707,-0.004989479850038121,-0.4474199203484068,0.1393568593764019
0.05779542643332597,-0.03456066125956252,0.1125172547069133,0.1668078523469766
0.04667448955049859,-0.01855988655065695,0.11720618634785424,-0.1407478585161282
0.10223258311979,-0.0341190530752118,-0.4140920228245049,0.10684907600845416
-0.0684559338648598,-0.06720230217960271,0.0758249578442639,0.04932043632894137
0.5715831740062708,0.9964765270976279,1.300510364764833,0.5104483242876157
1.2011059831833197,0.08257344043877787,0.0891837922156169,-1.6793480249759511
0.7611993297715862,-0.926487197895558,-0.766167516802525,-0.5591758931747626
-0.34173201529373803,-1.0945445173287236,-0.966127229996204,0.49325648511845843
-1.113491610349464,-0.306590222933532,-0.46316617450191444,0.9755005540767744
-0.8322627807382301,0.7711692484555158,0.6854194562982718,1.116758703270082
0.2547857630757586,1.1305575976548237,1.422155500294217,-0.30497319805122713
1.108464999681792,0.4763086508742445,0.3212595751350533,-0.5159859329928576
0.8691988270644664,-0.7212023615506281,-0.7398264018932571,-0.4562858988256746
-0.08549964434367809,-1.1160944253216476,-1.1949070147979448,-0.03857259842865224
-0.9448069293703529,-0.5363414148679859,-1.0499505126196818,0.9217467365892734
-1.0131625815036642,0.5111194375798047,0.6702029484768346,0.645850450033065
-0.04316896378537825,1.0119070340045482,0.7747941807816852,0.47328096070273995
0.81730029716855,0.6554997012957828,0.5337124353091216,-0.7528655691083569
1.0339500721229407,-0.3964208191895972,-0.6136350232269283,-0.9179845320576386
0.22280168330624123,-1.0254370896285632,-0.5561852149785551,-0.14396388253243408
-0.7254102791663501,-0.7405919628477104,-0.4984984224666711,0.4666805838382343
-1.024445949356233,0.13755194751134325,-0.3245951319010787,0.8384829956436837
-0.3897523366757129,0.8699729642263543,1.187353567569809,0.23502901454634795
0.5484393837415353,0.7837369421558165,0.9098171247453898,-0.36850123793791434
0.9712291374299087,-0.041404986467656085,0.0621716227174296,-0.667418391922171
0.5194030604088556,-0.8358503106024235,-0.8429554137310188,-0.48796005635460216
-0.4261632467089336,-0.9433951509534927,-0.7298600336091651,0.46230245597883357
-1.0322134383372077,-0.09112225507169569,-0.13018559440414634,0.9439684880312927
-0.5970012001395306,0.7377034662669186,1.1391860519666266,0.21433788597039594
0.3137211896213491,0.919773673303571,0.8465570383233585,-0.4859237608125444
0.9306480127781247,0.2737808427600593,0.25331890767232634,-0.8639201312882319
0.6936146363488984,-0.6188878706467068,-0.2749240596233743,-0.4553456807930617
-0.21564973286325817,-0.8538459954888636,-1.1723198666258874,0.23843767825928674
-0.856501485406371,-0.2904235130216427,-0.01888954260574449,0.21568915065727473
-0.7692931339967014,0.5744420889068655,0.4959872426187245,0.9884692245254556
-0.03385479804304146,0.9258945505841726,0.7320691821733636,0.5690087367595831
0.7570213336268483,0.4416703992386734,0.5146638759485439,-1.2024500663090278
0.7896398574126846,-0.4449640542833568,-0.8599273199434881,-1.2957836322637932
0.06430689776866695,-0.8645122565944531,-0.5127224195715283,-0.20916661538408987
-0.7004730957713048,-0.5195257333672179,-0.8049809383125389,0.5702559128340087
-0.8326131990821529,0.34692824666706795,0.388345289109408,0.18558866438680766
-0.25969945207396344,0.8310550714343095,1.403595947569223,-0.32609064457507386
0.5061830506995174,0.6316198268258464,0.21809429345864162,-1.1807480764700764
0.8795386228323916,-0.19977686265952502,-0.35777098051556266,-0.8347677374572632
0.2899007197834503,-0.8033307142119527,-0.909601946826214,-0.5394279035427268
-0.4420795021531666,-0.6283993741148983,-0.13816510111132357,0.2653253634422681
-0.7675981374960582,0.04618033848718088,-0.07880654069684634,1.160485417225977
-0.44360465488364936,0.7073536101454191,0.9230302806441321,0.03617719471329883
0.38911405645843905,0.6435132311690183,0.9781671863673582,-0.5861713356953441
0.7224677699121744,0.13594902300381928,-0.08872389066957309,-0.9509695319959613
0.4704188117941124,-0.6179673703274219,-0.8273856660900109,-0.6033477864631082
-0.23957268819991268,-0.6964849683892915,-0.3112172621033941,0.3388010434836519
-0.7461745064471874,-0.15601541609683908,-0.4050201877288384,0.9138902379549159
-0.49116748369243135,0.469418121348024,-0.03666806379722498,0.47649231964063704
0.1163143537622754,0.6951642488646035,0.9331836595307833,-0.07310654204568223
0.7182621343029865,0.3215004478256613,7.834696032771316e-05,-1.1699843567614303
0.6673858429792896,-0.3655031452155038,-0.9743544892444023,-0.5171669242236961
-0.035791084280303344,-0.6077399066033815,-0.43223623976989783,0.02611089634069752
-0.6355841380066879,-0.29625945298793166,-0.6236332992306887,0.8302898841391393
-0.5824641972532564,0.34555835848516797,0.5218610184196737,-0.1665508786898956
-0.007198616381861651,0.6820897438527034,1.290441637674589,-0.012222544851684947
0.5646993219978939,0.3989284289530589,0.6951743696739543,-0.5236001648933666
0.6177540550288522,-0.2914663250840475,-0.4551203550067945,-0.7647636904263191
0.15969028726064777,-0.7118839695436185,-0.3988520662238414,-0.46158306574392294
-0.4185873588790874,-0.5567346015378369,-0.8320100822205795,0.3621507937950075
-0.6527288451822961,0.11556177012902229,0.346824416276047,0.38447824224310934
-0.2381161475441158,0.635754674934678,0.6142490658287358,0.10312160979057683
0.36170973869181544,0.5534653575579096,0.48440311741663605,-1.0429238378562107
0.6553038939749722,-0.06443365473472625,0.10693728166106031,-0.5409093535218575
0.3076738739687202,-0.5744309716467124,-0.7193495565890753,0.015810186718627772
-0.3581469585307676,-0.5370681210071762,-1.2180492272204304,0.4452408658752005
-0.5936786579316045,-0.05560710338200539,-0.07263917365393058,0.7012749302994257
-0.42534215142878967,0.4845791000215128,0.07158123647476367,0.052599457112622316
0.22459959411063563,0.5998094127219828,0.645490900594333,0.33964437513841983
0.709270113993455,0.113304477564878,-0.047093376937176745,-0.7591610435045274
0.4322330485448104,-0.41397844259083827,-0.1445862686365043,-0.7690395418405984
-0.05933352354728648,-0.5418877459786696,-0.5200397814047312,-0.20153102580491133
-0.5841103864234655,-0.20182277435634935,-0.07061895253520245,0.7145268645512884
-0.4696074308770645,0.4425943838312332,0.22495620605379324,-0.18960146137326245
0.05681617281001504,0.5459508280106121,1.1282668496967925,0.25416509255780984
0.5430226473048836,0.295135632255325,0.13196431693653893,-0.8094921599650046
0.47742884973110855,-0.19711607814419546,-0.4438143720934942,-0.4173499198707499
0.04192816891615052,-0.5329041233039143,0.11759420567024094,0.27697152361047694
-0.4126097534782257,-0.3340855715383735,-0.48123932536639047,0.7563303262395261
-0.5599567452426055,0.16595632420273188,-0.20278321675125277,0.6202145000198322
-0.12797182961637343,0.5760705086899897,0.15908301113722711,0.36591040134681563
0.42839036991949586,0.4156551014524952,0.291957842361803,-0.6833628233796549
0.49686648530348765,-0.06292477221732798,0.18136270201784155,-0.9788771979475128
0.2031075980459083,-0.4976335234095352,-0.3395020855193434,-0.397360894499279
-0.2525508909271888,-0.38446032803680197,-0.5373133901026736,0.17512699932926284
-0.4917814764846242,0.042783853203029056,-0.006159636009872016,0.22536653554728106
-0.2034615371438436,0.438354485477861,0.47793968538707166,0.42587961391644474
0.32697732099679183,0.42963894839135425,0.19622911277744112,0.04104223075066388
0.5248845943650579,0.03556134912971559,0.35358808145227544,-0.3271193006975301
0.3028952934190096,-0.3884105317211346,-0.4105717869371911,-0.1614030855023546
-0.20667119410379198,-0.45555317088793246,-0.4409664657180094,-0.008482004117787434
-0.46616139035749676,-0.03413855221461802,0.28297345337472024,0.6689330370470994
-0.46138457603079014,0.3836629379079995,-0.026833780370787708,0.2600624271332805
0.13387432539894534,0.49168231063792306,0.6892930804113054,-0.3555539204447261
0.45721192024093193,0.10632763757585487,0.07970217745914582,0.1911676757337566
0.3738219496177932,-0.2789654262866905,0.028054522587172004,-0.4992348699136129
-0.023113632644460952,-0.49075199003366093,-0.707437323791803,0.7226863362764054
-0.4134257016459841,-0.21851308907545045,-0.21958826924878633,-0.26051375280687666
-0.37149147736905946,0.23004317399152668,0.6672862222734077,0.21969264121269372
0.012005488342783768,0.46175601711731673,0.2656629190379234,0.20587495493737923
0.40337856025345326,0.2779857010949584,0.18881898930165453,-0.11054898640359148
0.401822972163133,-0.16688436685489777,-0.22210311907500446,-0.1696343925493654
0.11674350511679057,-0.4253776257329513,-0.6019409246986516,-0.40441779353359186
-0.32772545839566664,-0.3433426433734547,-0.1768377924946593,0.33213613154191773
-0.41900031136807236,0.11665904609657947,0.3766663087640443,0.06766085223621252
-0.16364892319275937,0.40512965686804747,0.8861565625726777,0.22218284543362082
0.15644837849720475,0.33154732995664804,0.38041385037921854,-0.8175563402051966
0.41413459253699864,-0.043712795146353754,-0.4606736809778769,-0.8967848208683968
0.1930042545732808,-0.40025283411483037,-0.030664031998617752,0.3810186248669234
-0.20566642610970814,-0.3831398137573594,0.15937321376712582,0.41495182592136304
-0.3612191772661378,0.009102568354845894,0.035776387717145475,0.3998976915077061
-0.26022942551685,0.28903837230534335,0.5175644415847441,0.5646318640399258
0.12003712842431372,0.3808259795932791,0.6996068639547001,0.09794315466562259
0.4363065708419204,0.10459380338599877,0.2956627970226988,-0.6453680417529475
0.264115551854663,-0.26644824598346334,-0.12140715900948978,-0.3036433075536424
-0.12159697218438703,-0.44741742702528775,0.34977033019680065,-0.33098890069648806
-0.3955408887902471,-0.17420119631761977,-0.1363109377325858,0.39721779817766795
-0.2897989358720984,0.21676373163652612,-0.17156676316027658,0.771672140450656
0.09975752142774691,0.3472728216353861,0.38460599346370816,-0.2495995079516819
0.28541578112713095,0.21072082599733802,-0.3122772958735445,-0.5426423678488509
0.336218698175766,-0.1994592678677209,-0.07229289621697749,-0.3829782726939533
-0.01748000212616427,-0.37851703516247115,-0.7990779264893949,-0.08537981035894648
-0.3262219576744606,-0.1579850987721228,-0.5800833173888631,0.16901064720557343
-0.31800536506554367,0.15278709962235912,-0.20998423187225973,0.31655948090901137
0.00042369109489068246,0.3510259252013522,0.4951816742238178,0.12076061402556543
0.2558456085131694,0.2746689951241794,0.3040449752620289,0.06895079456621753
0.3236205280281077,-0.12183986497256574,-0.05869107043576238,-0.30419728033054927
0.12264015237395963,-0.28453702230337985,-0.1907496442970627,-0.5819445793721761
-0.2809394382620285,-0.29784486889946565,-0.10998026296582405,0.4070330115404161
-0.4082444097200006,0.027332734960226118,0.19236487489884352,0.6164633251340337
-0.197047537624974,0.27028966125599163,0.47422159997210395,0.19042017714895332
0.1870222763129949,0.2829346152831323,0.13061073581905627,0.1306866064833173
0.38025260533669564,0.02650941347901328,0.4523715973322931,-0.6021388193010109
0.17680751254523028,-0.27435612763501227,-0.7794291862930188,0.09937622626291998
-0.13723726703691255,-0.2717086627055962,-0.25824995852447724,0.16377992833157384
-0.36170760283647935,-0.051284453308167575,-0.2912123115620968,0.19815441851479323
-0.1599826197771082,0.18986957369816435,0.3693335533638074,-0.10752428340468786
0.12818810498194788,0.31926676482310545,-0.47495773059558993,-0.14746579621545547
0.23211353063619142,0.10043109898423837,0.06970935933158395,-0.3727044833853013
0.20037511502392502,-0.21721104789750342,0.024302738914649125,-0.8716382070335312
-0.055888505205660494,-0.33351939869088953,-0.20910266742906233,-0.0369947412197455
-0.2314496268504604,-0.15203996313259976,-0.3160654273918252,0.38385260756777906
-0.24032841868479937,0.1771011614496837,0.08897343918040063,0.25583173168412315
0.021942840226570635,0.302213067863918,0.38440252278454695,0.6563202663614459
0.20362475110838965,0.1321364400196766,0.1220637317491588,-0.13528613269142759
0.24715810664545676,-0.12875623796203775,0.1822098346655987,-0.5473470187664526
0.018155100698305664,-0.3056150062317338,-0.24621542207776437,0.16831404011564466
-0.2666150303741198,-0.16596003057355935,0.14124437521599725,0.5973880901345291
-0.29181601786414063,0.05849160152722312,0.27432651824034454,0.21659515250007477
-0.1627362507682525,0.214451024807241,0.4657912243072712,-0.10991551238442338
0.13814969594463955,0.1838623071079384,-0.04550734980244636,-0.6712456574913389
0.2667549003433759,-0.03140521145889383,-0.7753300101650438,0.14569665992870046
0.10702496648645618,-0.30864023932198476,-0.15919816943180592,0.16004957907450615
-0.09301659258585895,-0.21465000145920102,-0.019076721232756805,0.35066194337100964
-0.2397339375673121,-0.04795431528190992,0.6920220684789596,-0.005560955597198464
-0.09191500116857196,0.19988295011707846,0.07136495517521213,-0.33373311859668964
0.03570445815800692,0.24126477265075894,0.2511946689323114,-0.2563223547231125
0.20894201456731215,-0.004935189623875479,0.30723845029962543,-0.16278729232236422
0.12492119497410303,-0.14125059494260817,-0.5403428571579239,0.4908940538452783
-0.04817693967197262,-0.27830045194168856,-0.5544943714153292,-0.02835033718047414
-0.20230764119194258,-0.0932822789006138,0.23634025942469647,0.04044602393466681
-0.21390228178039777,0.17161752428287108,0.14291209716679076,0.5020018169315407
0.04359003342920474,0.156270437632903,-0.31536532825030844,-0.4164505619846798
0.2348095810542454,0.05175154452188815,0.18932391036336552,0.07896407229176922
0.22916446271952273,-0.11136037306333596,0.5419861151348729,-0.17512969713045154
0.040197496152534914,-0.22159836027396398,-0.17813438039946858,0.36583342018150417
-0.2269551317613805,-0.1305159532242896,0.12185205753146786,-0.4502658349865323
-0.2013148168446765,0.11943351954316539,0.060186431273926005,0.5079489271554036
-0.09227075075192798,0.2602300253850232,0.005484425363087436,-0.03532020304046937
0.12817510291403417,0.09979333924969554,-0.05526040714686542,-0.2542548024575289
0.18046565020720243,-0.07501885459441603,-0.04014266631796687,-0.29716037844844234
0.09616540779201829,-0.16703921974388825,-0.1724789713736309,0.03169450712627905
-0.1566108127870646,-0.2562799135027737,-0.39755262531689917,0.5723497992273419
-0.2150414326235401,0.0031562006695937013,-0.11639729348521533,0.3638698469402307
-0.034766829196534524,0.1567145362671932,0.42748867880927777,-0.4082852256367901
0.16835381961003962,0.1687657578122239,0.0011734332248929807,0.013428511348405892
0.24138566426381747,0.029239620040081717,-0.39331400322594967,-0.3600404961046891
0.1523313132043808,-0.2209646106336122,-0.27070559589501514,0.16573701035468505
-0.13339838924832303,-0.17953135782609003,0.1014174899265289,-0.11024281911736336
-0.18074925003787232,0.018437023556360968,0.1440234307422307,-0.06052618461373352
-0.16601488157824662,0.1405924628741228,0.13408181431386168,0.3493094267199077
0.009473091290259555,0.2516706037614258,-0.13139888392136997,0.35478544994640676
0.22663992923576273,0.07790779976601273,0.06826326915524192,0.05771080261241068
0.18384152989661776,-0.08834232226244453,-0.27312465304652433,-0.3022863605424034
-0.0620509090135839,-0.21771127348312527,-0.22098313286744875,-0.18759714321206683
-0.2068088870690174,-0.1136145370159683,0.08144438234751902,0.37962794185521315
-0.16295671595211436,0.05714981857485353,0.08106627019626639,0.18008968599760047
0.0063893079007544965,0.18828883336188293,0.5098849033201456,-0.26120284220750467
0.10411175365353564,0.13271783489605657,0.20193292918100722,-0.541175304876664
0.16230770600351166,-0.0694551434076491,-0.24813892825937878,-0.06494484391167822
0.043167681535152984,-0.20118099161288266,-0.6587202886317309,0.09352739261070137
-0.14321819176666337,-0.10520339154679115,-0.3306779314153375,0.18480236285457585
-0.23752128207067047,0.06394522974898562,0.28252804979752855,-0.2507711345769718
-0.0926812622576226,0.19096569399444804,-0.35804400320436397,0.46580649714158967
0.12513295991935802,0.19163687539103594,-0.1573109751682327,0.2568480570183401
0.13052254658529197,-0.05559720685926462,0.04769375059681183,0.4438224746226288
0.04901063927482692,-0.22772250009586553,0.0352424821097478,-0.2029847379086626
-0.06306280136867715,-0.052535869856852796,0.36808703777987495,-0.11655150384035223
-0.1822705024544417,-0.01253364039832868,0.28914771692896285,0.705551034970609
-0.12686614683490205,0.16636371670944405,0.15207288100297117,0.41427241301625484
0.03178299379827618,0.17204443020421045,-0.10877350691958512,-0.6000175087678153
0.15918357236078653,0.06995329829445882,0.16891774257699707,0.3914894855354087
0.06594427925108927,-0.17300815202018602,-0.22777852232335305,0.24675245410342814
-0.12769797949257128,-0.16906703779752638,-0.26858503077646817,-0.17790964210601168
-0.19917567626733343,-0.05440600724860099,-0.2538491541947242,0.3749555122947521
-0.16034735204578326,0.0646644932154324,0.5198579080001104,0.18052842040987424
0.036589524630463346,0.21583140607481216,-0.0905724943123071,-0.2133740542908375
0.14169900325759338,0.036222613991350044,0.0005128939304928359,-0.14022974237282812
0.11673087400604158,-0.05844653805683496,-0.049298614085231535,-0.444204069245947
0.04404005632450226,-0.13107644362052787,-0.32632277264983134,-0.14599921737210197
-0.13191139356627812,-0.08505989715672058,0.0595643939731709,0.5121062908351032
-0.16860710224815761,0.07088067896323416,0.23399483217050335,-0.11227088526204815
0.001676375220691171,0.17860328192773844,0.5568479993103107,0.2864102117169262
0.16680818905194122,0.0671434035450926,0.5051502659039135,-0.3873852634946563
0.17597501084340497,-0.050118681872711714,0.16625218287678273,-0.023816640431282565
0.02397791308568222,-0.19665147488804907,-0.2185557165085751,-0.1929021071511411
-0.06150950533919934,-0.12376931828326966,-0.42768139151058104,0.2722487086598894
-0.17952512757220845,0.013900952893308654,-0.14989430015414654,0.1819579303314782
-0.11188327618192648,0.08682380782311257,0.42853529686990616,0.014906322988313264
0.06788017280562296,0.08765110162626931,-0.017132741708567323,-0.16747006660989874
0.1300178526663057,-0.03548407220593154,-0.19097569301577777,-0.3069073077796321
0.10375615879451792,-0.14183325445802966,0.24435673065562705,-0.025145764251724295
-0.024846472958149388,-0.20200245438812636,0.1881420642948474,0.15971151047084428
-0.1457807421285404,-0.027904541735877912,0.3556893152328634,0.09591387737839116
-0.10560734039938363,0.16444462619914874,0.14287399483440086,0.180766633668532
0.07376718826940906,0.18821379851559145,0.04824190478112639,-0.45961806902384883
0.12245420659690416,0.02318846554299074,-0.3498786498994466,-0.2765610480466899
0.10717928238984874,-0.1301160125573706,0.0045185006755312646,-0.30970623576421386
0.0064622878404977675,-0.13357261257943395,-0.04194195043534019,0.027792457181579217
-0.13610331345993204,-0.05443083426927569,-0.08440923333245115,-0.1215442154452849
-0.11513799470856205,0.11790598503924904,-0.40613024147242927,0.34968651105511317
-0.030115701938791286,0.13947656302640546,0.39101734708040886,0.028488273355861266
0.12384325571072088,0.04859087818704265,-0.033010444654800464,-0.1339085559936684
0.09801899039218584,-0.046144960655329414,-0.20120867323516353,-0.35863209785393324
0.04776956637547755,-0.11587695133001619,0.16325851459046117,0.36585493725973756
-0.08274152029655193,-0.046568157093673436,0.2878974146752973,0.02547761577368031
-0.03617679816664969,0.03509460120078164,-0.4987446122609868,0.02132283015478886
0.04088702992214659,0.08331577331599478,-0.03981452392148522,0.0026167206071224525
0.05931940752144217,0.11085293823269841,0.04443171715314699,-0.17336162012137005
0.17947933841028427,-0.0088614906172952,0.18570682491336546,0.25643397340647633
0.03493780377360245,-0.0829015392329649,-0.16630199314829244,-0.268722293840974
-0.053698266167067264,-0.04142865075713839,-0.42239459203215124,0.12990008676443246
-0.03980027588234335,-0.049713176462016576,-0.33800772905209775,-0.06903150129663194
-0.010852913086477768,0.04523638457152313,0.54438174042669,-0.105892526966073
0.02755443833999112,0.1860836750703412,0.292858515384898,-0.1409674722706872
0.12839027999138075,-0.020720266597429954,-0.2398008553094333,-0.1912388590946953
0.11413386934035176,-0.041592092881356416,-0.14330153943365323,0.18872964592690547
-0.061778261423095615,-0.10505359582527088,0.058016620264163196,-0.3255410847043423
-0.07547592244734255,-0.02081007372325533,-0.4492868344858331,0.15195270205529876
-0.09682056885213258,0.10259579140502417,-0.22096494183210338,0.35207489508416845
-0.04065113731464003,0.09188549192333725,-0.02238607246755889,0.42668240623783615
0.12917233357042154,0.01375693526583592,-0.23963428056834937,0.054865234340471976
-0.006607037627491777,-0.04812794163419078,-0.051514940150817756,-0.09422588674475943
0.05339700376567158,-0.035653867865375805,0.04849064481368041,0.05385515555874264
-0.06601345143221596,-0.041072771752591206,-0.025158305485601246,-0.3797320462407522
-0.012390911479585723,0.018674517339676195,-0.3139115286129565,0.867982405714805
-0.014388693447477594,0.09750878467134973,-0.19817527072288288,0.27855367478006166
0.11029601394876634,0.1711673563784183,-0.14263855313055232,-0.3245294068761742
0.03336246595870323,-0.026906684849934442,0.2932568370590967,-0.026823939509820864
0.041657653258922185,-0.09252674303870453,-0.3998659564768618,0.14783692735284848
0.011020687537682226,-0.08523569170244266,0.01892813570808345,-0.16749387900022608
-0.13732802433708396,0.036174512981972426,0.11474041804503426,0.318195203445372
-0.010364459852184746,0.09303471742621747,-0.10930262122818918,0.07213262899867345
0.07716420598636221,0.10017850856373034,0.1919907872449017,-0.041753286032535364
0.11944286031311993,0.00767366721442674,0.18338790874271846,-0.1388775191932392
0.035239504275955534,-0.11749318904836925,-0.16033159960162177,0.15725865457917432
-0.05094970335733866,-0.08542131032135952,0.03488279323299315,-0.34388180413021513
-0.13665714413396216,0.01583575247956804,0.20892882529379833,-0.4009948136368253
0.008872705878239996,0.03254832736357802,-0.07542796839845399,0.0803009124840575
0.06070954395208773,0.06666795175511761,-0.14206436693384347,0.2688030420607643
0.08677950130810023,-0.02804082037677262,0.018304925277696504,-0.22053620758888448
0.0434418275137156,-0.07824807949623831,0.04005075661675073,-0.2804108286091215
-0.06423164853763849,-0.11338715642048587,-0.14754877333111932,0.23163482200562677
-0.08815431205922213,-0.04259836931726647,0.25234321991711833,0.04049311725617597
-0.09433446793860219,0.05599739703356278,-0.11965708647622846,0.6742301196215401
0.013933206861480162,0.08861726590810884,-0.013981627084490526,-0.30140510776896173
0.00876105249477483,0.0589980460217093,0.13314659553271005,0.031337592124026474
0.05503945737394078,-0.01926469911481768,-0.26608724548899587,-0.010833588373491097
0.06738782519399437,-0.04877389231381295,0.060621547305124264,0.2881350278268175
-0.027599074264389862,-0.03135057846650442,-0.19752324938504887,-0.17910242445034863
-0.09442188483200874,0.09258262106677377,0.08898584631479196,-0.12037768785241217
0.014277665019075635,0.0611729578148802,-0.47164050898862275,0.4066749917270786
0.1222487411656494,0.09805445840752824,0.30049448069622103,-0.2281119491371535
0.08078414358768046,0.027338940439395765,0.29701844541833755,-0.406494453810476
0.06765086385027685,-0.09710460154058376,-0.34926387466858794,0.2513408905131925
-0.06749023261621193,-0.1270769673267457,-0.3085108316341238,0.21391626328785932
-0.006792755964118463,0.031294131543772356,-0.00439591694604842,0.15616665198498642
-0.08770631792381496,-0.017006957411560178,-0.13636838397083342,-0.20860734652576596
0.029544776519828578,0.14508370838401352,0.24576679240775492,-0.38259476953444954
0.11939559809691207,0.014241097793491624,0.1124222358284701,-0.2056114600597743
0.07865482174682356,-0.06493902808822674,-0.4453627294368304,-0.23762949072124284
0.005340426247270855,-0.0459416683003612,-0.11865551647406576,-0.23317237774189473
-0.0004952568535818852,-0.02568705125089122,0.3866935598610752,-0.09658071967892305
-0.08568283454842815,-0.025786901113949094,0.07303539363532781,-0.3842705164867556
0.004477957026001322,0.026371142185158666,0.2533335940690075,0.33267418629356094
0.1329243550208976,0.022307310279286466,-0.01232427858766625,-0.15509407327768088
0.027802884695039144,-0.07532756324963658,0.2160157202138059,0.010564695785475892
-0.04626088546409041,-0.018953736254520744,0.21024540177613663,0.05759523074271765
-0.029686786233783603,-0.00404490650564486,0.5205077907427971,-0.4033626463437727
-0.10840767867521073,0.048128923997885584,0.4378821693674939,0.49704943770146875
-0.06862253558526915,0.06567548523776419,-0.01007073381216402,-0.18464254615075218
-0.007346279684149394,0.09986278339665677,-0.07854863864521017,-0.2567815075205468
0.07189007011887238,0.05746793488160621,0.004695051605846032,0.04417664067632086
0.028357966317505992,-0.08082719949972857,-0.26036239343920115,0.17884496130180622
-0.0725770952133327,-0.09280578329655803,-0.22124398388884914,0.38642775447396566
-0.04438043958874963,-0.0047778171264118464,0.4183232480651687,-0.2577190378437279
-0.028682796683969055,0.02117364676912946,0.1189638561004332,-0.034028997615523186
0.02263536768603921,0.05124359100410821,-0.1394898361121231,-0.3156322646137283
0.07852833816915966,0.007852040554090738,0.11721708607782287,-0.07522482836571602
0.07312671646049881,-0.08324736559491869,0.28232475880785035,-0.6989181841964939
-0.04845949641964646,-0.026234199529477503,-0.2807768080578121,0.07909047614204683
-0.11461228493612302,0.014574156574729411,0.46730953344486736,0.7871016822931544
-0.03666068576381318,0.04671774627085044,-0.44992563260634555,-0.1297803938033801
0.24334069177505102,-0.7005322300136615,-0.6043029894651297,-0.45243108213791516
-0.39244505285322867,-0.5658660738485374,-0.6223478420798148,0.47845239109151894
-0.7378832772949586,0.02439835312924115,0.12779493965801803,-0.1329807769135774
-0.32537501446640377,0.7015741474722729,0.4623378444122603,0.42821804717025236
0.36177362719667067,0.6001255198467578,0.4581859418698919,-0.6273996030062512
0.7640143082119406,0.01027722304647759,-0.23837245199406887,-0.566573933571151
0.42427599769550317,-0.6229231899575972,-0.4142517402494081,0.02524174062844442
-0.2996258110715062,-0.7015883932954325,-0.27642675965394975,-0.2656973251134759
-0.6516693282595316,-0.056108559258212704,-0.458702691245812,0.5715849394940942
-0.5329692697592194,0.578278532861163,0.23794329838379868,0.394270135887069
0.21490171003834174,0.627750801476181,0.6469088542083946,-0.43782017913675697
0.5942811450545341,0.2668931393484425,0.29463945125483226,-0.44423973618394075
0.5188546326114595,-0.4447907183671351,-0.2745908559454549,-0.979645975596734
0.020817208003429358,-0.6207035164224994,-0.7650896511472157,0.5704760628738581
-0.5684925294808607,-0.2716049386862932,-0.13149338721473058,0.5412864221994155
-0.5868613035864507,0.3664339733259835,-0.2687340408122335,0.585530464576752
0.024630948034859875,0.6884140913422642,0.5915148366031157,-0.07156031276263519
0.5835094044581199,0.3161158649361961,0.35035316244300563,-0.44884091757541905
0.6516676880834822,-0.21242632768754677,-0.23929397288874554,-0.31254202149224614
0.08427769142773471,-0.5722198911385608,-0.7425226986246852,-0.010817194907365435
-0.4272708158654057,-0.37763731767058306,-0.22398935011397725,0.05798379249875307
-0.5681872282785388,0.16432546024733324,-0.3515752740008221,0.288639986177629
-0.22154422572244242,0.5270009220673358,-0.24628661350309722,0.7592352754334614
0.37929085447283944,0.37985703335617327,1.3467485707133509,-0.4395742872952571
0.6206230304658023,-0.040254802523389706,-0.555509882414866,-1.0426458633985385
0.2532522528397495,-0.5608116924320532,-0.7614567841369368,-0.1398146085190094
-0.2853532077955733,-0.5026416045706318,-0.8467053196742769,0.1569029439371042
-0.579763920758448,0.007663136953899748,0.3449124005160914,1.0492774430857437
-0.3279811588592029,0.44535290200435895,0.0955127771108416,0.18766062697507024
0.2607475270177623,0.5323661385499163,0.1611362974697987,-0.1755511402598317
0.5693274289388753,0.1030302155313731,-0.40101166132564703,-0.3965960511371199
0.3991578376849756,-0.34658881554783455,0.04981032546843012,-0.0010764182228784058
-0.164134770949342,-0.4718538171885093,-0.7055431112986584,-0.3131720118252157
-0.502984737976049,-0.20604932570938855,0.13857303449898106,0.360293871832047
-0.3305014699449724,0.39657024757591997,0.7930155246193898,0.5619039779560128
0.055511401188642756,0.5440806824727911,0.8630886837183185,-0.14722253654661954
0.45424266356110604,0.19711752206880762,0.163441155477477,-0.26932117778137044
0.3976789338607991,-0.2816721423726268,0.2600056833504702,-0.6947542467139152
0.0170053256310989,-0.47730298948924255,-0.6381653628986684,-0.003026589924816636
-0.36172806397974083,-0.3015671598056149,0.03273592060484026,-0.08186680294368559
-0.4708116538961963,0.2177526852260417,0.1506939173904545,0.41792840651804813
-0.13475425509790187,0.47540172325621244,0.5056449692051505,0.35592980444297956
0.391757349423543,0.37919450351203227,0.5005291207263274,-0.43481575223978136
0.4890002370865935,-0.07141206163083003,0.07143630820483443,-0.46829038033320725
0.11357571258650372,-0.4546769605042198,-0.6410909896002848,-0.18077389963991858
-0.30291429626423727,-0.32778318479754825,-0.2744602067301344,0.24871305782077635
-0.4430568811422947,0.007789600379219538,-0.18675071583947156,0.6146888277083798
-0.20350372397882363,0.4250434859602542,0.728938556318442,0.31323614956737106
0.2454670040458066,0.43061755976430593,0.440440033942225,0.26636605500373334
0.4915871411885208,0.09402674100796574,0.2345708037469385,-0.3878405057702587
0.23525560621018915,-0.2881638906936387,-0.493745440529407,-0.5827965406650615
-0.18463212133212126,-0.4386389464887444,-0.1493707955876722,0.05126939888168869
-0.4483193706004351,-0.03039266374531082,0.21748421289495723,0.45416215778823266
-0.3296866595403433,0.300195364861488,0.5844701486313877,-0.08607650297427688
0.06536108508373567,0.47310412670939217,0.46754220307780486,-0.10527461267935523
0.3388992453793185,0.15449984019401772,0.7262312785431507,-0.6047755097645698
0.31223352148942596,-0.3371058935362417,-0.2392433614995393,-0.1084118518343731
-0.06902937930788851,-0.44263044758286085,-0.0502732806106382,0.5171090103348766
-0.34751691629623316,-0.21319215146127854,0.26603913648349936,0.5059712776496291
-0.3612658292165034,0.16688401473376974,0.4308462232228166,0.9372246447645834
-0.0018338777257123498,0.3689042687989087,0.15347987139686778,-0.1538004506491633
0.3264282333864249,0.23403242790147274,0.5114669948405004,-0.2867104161966197
0.4179900646424571,-0.18613001927064882,-0.04595916303038794,-0.49835539555660063
0.11754284069685395,-0.4040395870144081,-0.6816774312821318,-0.0455226320709487
-0.28324530949603555,-0.2504044558509155,-0.6624758705652374,-0.232977994847514
-0.344578442030335,0.11230022890277087,0.24823888618384277,0.5564047577458286
-0.08202341451527671,0.3698764264714702,0.051040451900564304,-0.08676140016304873
0.19261169100618947,0.32267968328251573,-0.1982694938821164,-0.5270581882611025
0.3733975674031849,-0.035678250614638404,-0.39802937480912626,-0.8645921702095535
0.12007888657173821,-0.3195998928241695,-0.34788935338723165,0.014261466035077608
-0.20201080021559142,-0.2798544712843072,-0.7296550990540052,0.7747854948486501
-0.3366898306805709,0.009112562670283379,0.3035731514070039,0.1132548552686695
-0.31866613799360205,0.23782503464117144,0.5927371830268355,0.5147478288761514
0.11397212167778573,0.3563840066695932,0.34344930633922827,-0.10652148001660117
0.3467935230366143,0.07786218513236899,0.08828734301047636,-0.4560695881566063
0.21733072194763584,-0.24997286394661927,-0.28948982888728325,-0.29562498406672605
-0.15490839663368433,-0.356539451055484,-0.04969500983639727,0.09105725006607585
-0.32208467279994685,-0.045947058903903645,-0.16984356489934765,0.9257848785794806
-0.32456354785433883,0.2326937908369164,0.6176100457105097,0.5342715745184565
0.03443646016580206,0.33215961554018,-0.2706746543476042,-0.09565900812012695
0.3030038061049012,0.14535992515823548,0.492210329875159,-0.13051764992948273
0.26865593566498797,-0.18107508570971637,-0.1007235261423424,-0.6027820201951428
0.05981479225063315,-0.3703669803285775,-0.7950744704899582,0.7416695753234411
-0.3350740794475281,-0.19276102256123834,-0.461883535757123,0.21292114114232888
-0.291498787741449,0.15010813310078458,-0.06770935583553489,0.3112213999083658
-0.02075037198559185,0.3667873984177979,0.4964358354618689,-0.01655830016915133
0.24354788047422293,0.15474019640504358,0.26647610181754877,-0.4157921801005963
0.2880055443653671,-0.07596634200766067,0.31266199411620177,-0.26095454884356684
0.10567641006426377,-0.31025971555197507,0.1218549143470253,-0.09316110364881558
-0.15560252409616124,-0.24129710278150743,0.055886089932304095,0.533969715313032
-0.298746673784362,0.04984867427450469,0.248347733148781,0.06619577583472792
-0.164576454962197,0.23968168505633441,0.33582294386826333,-0.03814084254223943
0.15487517651007995,0.276521208630316,0.08331722825265675,-0.24513696892990947
0.28170199932654205,0.003132131031463493,0.6187532563137182,-0.43967212708520415
0.12097882542676928,-0.2875189823428448,-0.4960908301515851,-0.0741147202406503
-0.11337365908166151,-0.2862537937179592,0.2001321547898336,0.17154247337881484
-0.20237928726261822,-0.03935026672262891,-0.09877284300310485,0.2870684008742345
-0.2780465875616821,0.24747101725926623,0.5734748234950696,0.4246580698026073
0.06412649009283222,0.258123276765923,0.33456621929450286,-0.11762407192870361
0.25475553155123765,0.020170668530122525,0.030456215757047322,-0.7487747772547376
0.28284012104065265,-0.12407263884293884,-0.0983662676777955,-0.540327286862937
0.01881586686053347,-0.26760910082551437,-0.17956525119865732,-0.00011472200904499852
-0.2200957493578814,-0.1461500644003431,-0.5168561543961881,0.07303261827807869
-0.22212372081823176,0.22479705865589936,0.20716604767865882,0.6378954755475539
0.05663182649389295,0.3029283165890786,0.185903363173881,0.001973394272020701
0.22316738094676314,0.16250020423511055,0.22315237371242094,-0.2969703090853676
0.21259059963505816,-0.13153680760243905,-0.18173926818656483,-0.6384327066630433
0.0952849630257773,-0.2534907071254224,0.07697490560330117,0.016895497156388384
-0.1783280539801574,-0.17407985788068078,-0.39233891098504753,0.5248470283438545
-0.2714281160423142,0.10376395968724875,0.5945897756012966,0.7495172006132924
-0.19509956489066432,0.2658161676223594,0.6783814170013717,-0.3603630892448645
0.21188333226658362,0.25242385359583774,0.6050645028860555,-0.3587721914538027
0.22698436440734293,0.027424281421090824,-0.20809855293274698,-0.16946009771754686
0.04538701328115865,-0.280157524858399,0.068423982547361,0.03571667422015687
-0.1227006531372349,-0.1972756424284356,-0.42471056906695087,0.2930133087274525
-0.2607742514594718,-0.029674040618242352,-0.1321017681726097,-0.008808561045986867
-0.16744265151853202,0.17494217899461112,0.005235348131431006,0.27563184469869006
0.048965868353152885,0.20513172976676694,0.5122036524747733,-0.3248301062700401
0.29686009514903045,0.0041457353072184185,0.5707903097869199,-0.13319545271699354
0.2098283506977862,-0.22720981680532215,-0.19010110503053318,0.011490949171898829
-0.021780132568465463,-0.2544179009082147,-0.2706343296199941,-0.0038138859081822407
-0.23134335966994912,-0.01667004082772737,-0.25690904128126313,-0.04280223283361209
-0.14714076775408694,0.1382260938032105,0.36315329541101515,0.23611602899517664
0.07025548361689031,0.1918898895272662,-0.11049676982088204,-0.3153113573153475
0.24565447344730368,0.0903671872005142,0.1938808342542031,0.21736302747909428
0.21634182404460417,-0.152977227149004,-0.18209652935087112,0.046209136894035524
-0.00402006934666244,-0.19504637745603964,-0.24001419325937431,-0.09144917907650305
-0.20883188677397524,-0.08315406190006307,-0.1479995378801413,0.3289567678773948
-0.1696388711891871,0.10174864302401407,0.28619942020574535,0.3936618621825892
-0.05902519826278353,0.2161913296710134,-0.0698271804642961,-0.37279709525904925
0.1719282372175526,0.16253714118791895,-0.08336971403108434,-0.5388478963765007
0.24080153352695008,-0.1823977514364877,0.14127140420944206,-0.2007571520150822
0.012138210121812869,-0.20170394944632378,0.2507525137856998,-0.14871968978982103
-0.1428063285533292,-0.2014869691970644,-0.2016991079572772,0.25053340753745185
-0.12855396517767054,0.05829490718666697,-0.05891590738471786,0.6574041534903715
-0.08380761992130355,0.19681894295633726,0.23728242535553593,0.0802535356797697
0.10704764018688807,0.1770252836222848,0.4824262574512511,-0.6340515966387992
0.13825830011975906,-0.0808305173274406,-0.3230975002182769,-0.6495795952326203
0.13210698166676316,-0.21668871865384537,0.5681843718126479,0.14608299847819917
-0.02258877076434046,-0.1704908937702239,0.1764912066610639,-0.020952289350133907
-0.09852773131298985,-0.08042277871276482,-0.2687749033162293,0.059300002528055396
-0.07696499296630063,0.1351623974255721,0.20839947000663667,-0.06899725951608926
-0.0024191632371036373,0.20862977358047732,0.7030498517827085,0.01039617403321244
0.25795330539872463,0.030636807312482955,0.08320853286938143,-0.0335212854591981
0.22055402597813703,-0.07979706797238323,0.08831568358499853,0.5012709047302233
-0.010441373410818296,-0.21167677263829351,-0.2163428018449716,0.24982691788220615
-0.11899074979458309,-0.11906538018496629,-0.025578780831252423,0.49919325123261526
-0.19975104691964785,0.1009495597003978,-0.09975390049350968,-0.2263030117864344
-0.013654476613129095,0.18415230893738038,0.010037802141224794,-0.1806335167596243
0.1476216278646002,0.05695189652870076,-0.3136539213374438,0.2116393021489315
0.2126303092056182,-0.1653872119498711,0.14624244817036822,-0.3898309890478377
-0.01137190413537733,-0.1610297130191763,0.17983210999122828,-0.6104614530450798
-0.1742285762030307,-0.1360894092350004,0.36522376562418285,-0.009095679883683316
-0.18501286625368246,0.06654849652785952,-0.09751874979124733,0.007775526066370608
-0.05936812015935133,0.14407969258260506,-0.30222279590323325,0.37043577520210536
0.09087468462370549,0.09480887661277138,0.15390288782622277,0.004400904421806157
0.18528063641665168,-0.06313018421249744,-0.06084923193376224,0.10070824734029908
0.035255463150505956,-0.1296863600245642,0.14554929228765504,-0.024486946373730722
-0.08921767106619556,-0.11888579123639087,-0.26701588356329,0.16495732359637222
-0.14165978628153897,0.044968251656350336,-0.4346493897298559,-0.03279349078078772
0.00048407133644605416,0.1283820624159556,0.21127138012995655,-0.3439704062595243
0.07634280460347513,0.13947611540624624,0.39547081657997735,-0.17963351127123856
0.21584787470613556,-0.008084107796799262,-0.09941846430625068,-0.19457941474123697
0.10975856793855021,-0.10709192423449292,-0.09668258664051604,-0.36745773200213455
0.0036680773471357633,-0.14032786231032665,-0.3811035582636856,0.21358684377454154
-0.16879893366504686,-0.08126062725891026,-0.4517738699196273,0.3850214855353715
-0.13933044273897666,0.10283577774592377,0.23541824572010767,0.5639759327196894
0.020352754238716027,0.1534586271027841,0.1523140990869698,0.07248221479430716
0.1331932634085667,0.02472266736589348,-0.04830707259708328,0.1463422962148453
0.11505517800123863,-0.08312385623689865,-0.07403159847587742,0.024874786027564086
0.03957396608018596,-0.0705349492657573,-0.6841404073875788,0.03935834305189442
-0.06706591833468022,-0.011921432962273833,-0.21655176685443867,0.3786622152833695
-0.08075988762513522,0.01185712710492346,0.27412817090669134,0.4155825170627357
-0.0340163830371701,0.12692888740488545,0.7701059133536062,-0.2052974460323946
0.11714717024643763,0.0932122043695868,0.17385503550698594,-0.025553679470028887
0.09703878653284498,-0.07912737993103033,-0.06171513185240035,-0.2680306902083215
-0.010772208378757343,-0.10644697374198642,-0.2449644754041834,0.10674719814482467
-0.024522280167813687,-0.13685341373095936,-0.09185359428498206,-0.30797854103323946
-0.11900366974085999,0.036954831671907135,-0.11040635988286543,0.11735533605810909
-0.11186714143609061,0.12809766804934292,-0.18479248024934827,0.10712530148834928
0.03209836713494288,0.07489870429699264,-0.010480485237817985,-0.007999119084505096
0.05913427122278564,0.017756601460032013,0.5163429097551897,-0.12453959765977754
0.028571092636827035,-0.16765831553094399,0.2834979431420737,0.40949597573637986
-0.04658840609581581,-0.11125983229567077,-0.025835625750231933,-0.09090905314515306
-0.17352646054198803,-0.085632124943549,-0.20677180274048648,-0.5147483627760998
-0.08541284506707769,0.13464959562631826,-0.009215528697095882,0.5426694112908298
0.03004246625579113,0.16363158720564977,0.5080148428955215,-0.5658457828395796
0.1649642609728405,0.07278310180067474,0.20158254509585694,-0.3477748707859313
0.05507234380729184,-0.08044202992376312,0.09986935305767913,-0.14847930873851237
-0.04854832602588586,-0.07302684974773502,0.34265687655408245,-0.08286045149567045
-0.06975045059951421,-0.028737727846029418,-0.4855818893897902,0.1108480383871803
-0.07892606253286673,0.024687132402466054,0.07437387798860766,0.1856262257618003
-0.01733068028085143,0.14053349093448445,0.42822477516765745,0.47993544748820754
0.12393645898396588,0.05163205248400828,0.0774711048941588,0.018507683937121974
0.03897319244140451,-0.08858816914101766,0.03866425572231644,-0.06264540110196194
0.021253063220107296,-0.15994723661192634,0.3968836669641935,0.4442406871313001
-0.11659383554380287,-0.02187163177970381,-0.1381276086309531,-0.059171615198172
-0.11286318378923367,-0.004816468227167199,0.2075773994012145,0.1066038316760381
0.06072334563109057,0.0802646179866527,0.46296581254078567,-0.21501993132673333
0.06474601489675987,0.032434562159436624,-0.5768399274712871,-0.09980272360718911
0.05841188123694934,-0.03840285860657854,0.5183956105724471,-0.37073767397453977
0.004122381109918749,-0.1362468417946616,0.1317208452245485,0.15797285497324676
0.004322667420556675,-0.05632496144495849,-0.4706909051793215,0.06513895108983349
-0.07912301860331708,0.01719415952560564,0.15887520325075433,0.2833980824278254
-0.05127973206954239,0.11082834611774023,-0.1335766558802856,-0.4079081330105453
0.1358239430089752,0.13381435630338537,-0.08447294392613158,0.25453641751721573
0.07361368343585233,0.08660193494730475,0.11286056002082247,-0.14310970973765533
0.057927802696079014,-0.053006541581725616,0.21329193350603493,-0.017417883690812458
-0.020999233159130087,-0.10113196990092697,-0.15837830703394445,0.3537248689675872
-0.013289443870018194,-0.013283836339755611,0.04588038261394138,-0.09639814221734551
-0.05296261954134711,0.03978687694142019,-0.27862077749449876,0.05953346940533802
-0.0062567993025900055,0.059248060525730874,-0.03395953769080105,-0.6616109445744839
0.043438975020790915,0.055287431082890935,0.23060228530268762,-0.09268612465687977
0.08839643834645225,-0.1427215358592871,-0.09998123312310758,-0.36424291583463236
-0.07289748310469284,-0.09699973005247325,0.13776716689724983,0.10625377339207362
-0.12647262067511392,-0.08973733271825748,0.0333704756743268,-0.0002546448544454502
-0.04703922292788482,-0.002468739344134427,-0.10411668582849823,-0.060645578997675365
-0.05000677407923369,0.05870195054119452,0.038086738076984254,-0.22346374073813352
0.06613839065750339,0.06155156254093899,-0.10099636776735792,-0.04942806148114006
0.1786118124257074,-0.04527533191237671,0.16031138703690803,-0.23720843959307847
0.05911104236057475,-0.1275856989345308,0.0802668936091477,-0.20363226057068867
-1.2274272677199882e-05,-0.04072689045821798,0.0923405160899362,0.17722532082330536
-0.09122201395777048,0.040689673398961346,-0.4195481034782403,0.3198358172233505
-0.01600742971930489,-0.009390922918894568,-0.3224981248657544,0.0907703938774302
0.01240597097191793,0.06892117273349822,0.5226275088359134,-0.15276338511990273
0.1157940254561049,-0.030174484517249307,-0.6183566337676246,-0.24429159881811288
0.014228670187526528,-0.0968028216854751,-0.03423705706777455,0.1722525347372781
-0.018746788731047778,-0.1581396497516676,-0.14616822501985635,0.5042555422334392
-0.03410395809465354,0.06301749885412641,-0.0173424989575207,0.10020792050759599
-0.05912419625798204,0.09857802804271726,0.057373696550999734,0.09750470706447578
0.01920359944279837,0.054626385818110614,0.5054618634524805,-0.28698318845565934
0.10808341868973423,0.03319880300125458,0.061776980936232434,-0.3042741657135536
0.06263358380418638,-0.024686655258542453,0.13252605424032982,-0.09572390995186794
-0.04912498811739599,-0.0713686973992022,0.07397336704810226,-0.2123543651492612
-0.05434143236163333,0.05387744143413744,0.024923050001599834,0.3222257014687764
-0.03266249698838877,0.024914198306858083,0.43743641453009546,0.255818719682471
0.059357553837332495,0.08034884593826985,-0.0561469028585309,-0.3789101515359926
0.043679891807369135,0.03466576340513097,-0.2718233816996356,0.18948319826703064
0.13732299258363329,-0.05009978582447186,-0.5350740473692531,-0.020376131126317205
0.0011661703113970325,-0.0778095558426691,0.3342967178819928,-0.3708937391619131
-0.14286460563182207,-0.028940886868630365,-0.013039928292559733,-0.11991189011843671
-0.11108385822288416,0.05214930105568305,0.31605862763883175,-0.23655625381047846
-0.04408046401763804,0.08517835875687278,-0.03855388984169327,0.1537837444885523
-0.02796631031026093,0.03288558814794053,-0.009217566556439412,0.350167917935032
0.08919756324115306,-0.009879053895016627,-0.19058483136396964,-0.040238450498020634
0.027622305028721567,-0.07464408797851012,-0.040316332948700205,0.18529448679070545
0.02021312136249139,-0.07629128306799589,0.19620772047351423,-0.1031703485700645
-0.03644027259583481,0.01122722611040928,-0.06187637418884791,0.1850045369145991
-0.07756585027657886,0.08640679554237869,-0.24355747504793832,0.23356395659188983
0.060108412736716965,0.03529083270034761,0.11402576821844516,-0.031572247092009446
0.002287379223795599,0.06321721761770112,-0.3170982933205831,-0.5466308656408192
-0.028470152469962207,-0.009458810651041795,0.15452202791988492,-0.5370759910345918
0.053787171877334866,-0.03801403818204384,-0.22818293904750334,-0.09555512306151463
-0.014896595080020676,-0.05882526734230481,0.012744339952432543,0.20984072116380661
-0.011337327452114,0.03617642604495007,-0.26286068936176593,-0.15451550926826882
-0.03907233064760721,0.05415157684079469,0.4154808537695089,-0.2600867321870439
0.10021612181006292,0.09077653318709501,0.012808491085778625,-0.338084496380211
0.054468649176931686,-0.09652411879303655,0.2562266695923504,0.03130875051533061
-0.04910033776288827,-0.12408723035310595,0.03914098163644051,-0.5024412603523837
-0.00809247393916223,-0.06552282973615128,-0.09601999530888812,-0.415020208754235
-0.1104959677676037,0.06847439759140546,-0.002607212922990376,0.011376683025341866
-0.06540921929115882,0.03739135172226096,-0.013674414587183797,-0.02621882423885863
-0.0044658944740829445,-0.013389169994978668,-0.09085774963168552,-0.33437069617084425
0.08814481158502152,0.06448080510517264,0.4047369873609348,-0.3859906407347333
0.012287989827488478,-0.07536622354376647,-0.1056664962212039,-0.083174244475583
-0.053878840496342256,-0.05795599091781076,-0.9612288125126043,0.1705731494055037
-0.016282789701757297,0.006596401109487354,0.12222868187316195,0.2706164983595145
-0.02382691753014781,0.03703963711145701,0.07337902885340372,-0.10304780844617743
0.0179391034647411,0.0349446687390687,-0.4665315317510092,-0.3454106752721592
0.059335631257240264,-0.013807762876672512,0.22707260720833491,-0.12141573057376998
0.08022976950525991,-0.10943356548516137,-0.3754287733632239,0.1071870981436274
-0.01190921742798826,-0.0333737330754388,0.01805263145758025,0.005199989764233491
-0.05400661069482352,0.08982240514143934,0.30663166387042934,0.05743867818959346
-0.029957415962878233,0.006960753957734156,-0.2259305208402463,0.4320229321755793
0.06100348858939149,-0.01371145466654966,-0.4376961643322306,-0.45545420779809515
0.07180935305341832,0.021173826202159594,-0.39615060117780543,0.06847051843470435
-0.019060306739559586,-0.05584696511062029,-0.12294757138729455,-0.17305783492280755
0.013963926734076036,-0.06383347074160643,-0.11539918834883992,-0.5042727228037476
-0.04821973462694285,-0.037162410799660164,-0.12276522402307345,0.01833630315572838
-0.09863052288782573,-0.012824103836166126,-0.15930136959053157,-0.06041524948092352
0.045935728778822175,0.03707415419062185,0.060812420616775185,-0.22515212992065375
0.08473244879257288,-0.007309815349234496,0.24996877148484248,0.06729248466896272
0.07212997894993603,-0.010492971552304125,-0.2397755929519069,-0.044438853900408144
0.049856393836586604,-0.07179299650515852,-0.22063646652321764,0.08457664441877757
-0.032427928868284446,0.0022199002328872203,0.4884508510472498,-0.20083135753235495
0.006550637314420543,0.02777807836100505,-0.4119286899792883,0.3822652803207362
0.012726926602555895,0.01733486708457764,0.5203660972485122,-0.13254411106517294
0.046995038209775186,0.04460909240809806,-0.31100425166001855,-0.2801805237267782
0.0432780935987158,-0.04144556870298231,0.48928290606921593,-0.20403263580384987
0.02943137344276415,-0.1067369439796702,0.07283921326253864,-0.42439814441696316
-0.016062716864307283,-0.03232558971205346,0.4226008555537431,0.35337701203165495
-0.06012214278057441,-0.02034061014950336,0.23734318015662956,0.07996783832289497
5.4114662409780745e-05,0.11203355300203832,-0.05139554670726948,0.2027032598209859
-0.017406450892626754,0.0028272285671131978,-0.20696162523109463,0.1374016571441247
0.03920929481929872,-0.08082760497633228,0.43298450815122375,-0.18773226661807854
0.07769241395272876,-0.02935599088225456,-0.09920861887065142,0.12645876980279283
-0.0552237708006626,-0.07715194274940945,0.4414859515635639,0.2132862060904906
-0.13376230706037384,-0.06224379499825171,-0.07459605624284854,0.34933939660094393
-0.01950677387447889,0.08856645263433509,0.33884188409736044,0.3181177898692847
-0.050808121240523425,0.0749640374092384,-0.06133858240585323,0.13463776047677622
-0.022750973041741743,0.01891529209055298,0.10208438074797682,0.10605909625623065
0.04922961101036301,-0.04579659900129147,-0.16334286603326492,0.38720031696964985
-0.0643425384222524,-0.052945790884548934,0.17862679499655623,-0.019747751858500192
-0.06655887357540016,0.007439127548113891,0.456074774242469,-0.32597378872654115
-0.1019895873363339,0.11639467003354718,0.23213747799355325,0.1297859058188767
-0.039040027288117604,0.10336053982432172,-0.31901205185791826,0.1197851626278202
0.08908695569195163,0.02992977186066829,0.10046671227876089,0.05805558821648461
0.03975564463853866,-0.020787897776742677,-0.038374069153065474,-0.05591845412968845
0.015367020169040188,0.007067916619536478,0.20199951336561056,0.07369291533179605
-0.041260046242581006,-0.010718947833131742,-0.2223171855332668,0.4399799562392407
-0.003390886190505215,0.07737951304357596,-0.03913461361165396,-0.010259026639014984
0.0094337948164957,0.04543259554779059,0.15758540214941308,0.542459739110058
-0.021397700363493193,-0.05057217714016365,-0.18057729177667492,0.10636804009062012
0.01993162814092552,-0.04870918139437014,-0.004580069194524833,-0.28058716067204376
0.07866414726084331,0.5957741015670938,0.30498064419882187,0.020405619825308863
0.5467954697136881,0.29997576455860087,-0.1119089194896633,-0.4141803601601693
0.5577631363943304,-0.3073643457272662,-0.5134242528440369,-0.3840726557485438
0.04517814527705721,-0.5967181370478215,-0.7594619524557764,0.16534329431989625
-0.47736657187092363,-0.3198108071043049,-0.37826146838969843,0.5345142762358085
-0.6267332514489744,0.23199417806788325,0.0012717497320458016,0.9204293527807644
-0.028765552763679328,0.6663936650420783,0.3871942530723353,0.6856648053620018
0.47127851499962475,0.40654628872832915,0.09669681040988032,-0.515429854823253
0.5718070461824178,-0.17299604662368773,0.014734111101404879,-0.6248668422199418
0.1581031021446413,-0.6137353702716294,-0.6376759648629188,-0.10100940215284626
-0.35666072092964235,-0.37971547223197766,-0.5443427009614221,0.3150131480757984
-0.6259684054978609,0.05346363368371293,-0.10354390908960398,0.6663430778002614
-0.3291149783125193,0.4800387733845681,1.0313930844357289,0.0838697583513262
0.34001653407161325,0.5265179099091025,0.6573913584003602,0.047510085195024976
0.5422342703452026,0.004486290860696535,0.1226923237259725,-0.8440848927584629
0.359140504694118,-0.48545681883414327,-0.6673182479703726,-0.02906726165168183
-0.19572964392005252,-0.5016552297204158,-0.0016031953900752516,0.009234239468082495
-0.5022658314504509,-0.07644095975931502,-0.4471175176267761,0.5523630351164307
-0.36583341029809663,0.38646269433492253,0.0821102012189498,0.7158615601593806
0.1436467347686285,0.582676858250489,0.7526895062452446,0.05905441391980293
0.46528801844304796,0.1629450940776601,0.2389376781576491,-0.19591512348969664
0.378533367201449,-0.28830067849668467,-0.48478787225500614,-0.19523472876650017
-0.1803653899757548,-0.5787820459538016,-0.7807222970563471,-0.04978291573888127
-0.44588521183737534,-0.24390297548445108,-0.32064469091116155,0.5461841348639888
-0.47170471999254343,0.2155835928579733,0.02680242985077408,0.553054243926148
-0.0046094782389353404,0.4858481684348971,0.5281004121877961,0.3243122538781934
0.4293656402710166,0.2895926171472043,0.17616302823721064,-0.38398805003142633
0.4270450727688197,-0.07974336369172243,-0.30216641711235587,-0.4690539850374252
0.07137127600735473,-0.48371836457817413,0.025006681467282937,-0.36927799825527574
-0.3558787196025288,-0.23301653429676816,-0.02185292970426911,0.6513026992869477
-0.4853776974999835,0.08935987480586556,0.20830933970774845,0.13906081695666198
-0.17914821180035678,0.5494420493128878,-0.12014923156581328,0.3933863104574731
0.2827087147903639,0.33292396976591776,0.29042552263934013,-0.19509529907102086
0.4965687051556442,-0.14207124058586,0.08161854309700539,-0.35571475169248895
0.2497236621950646,-0.3699543416939376,-0.29312770638313,-0.14243130125629638
-0.15597199168605952,-0.31690021387674455,-0.7287918839565307,0.11826397347261902
-0.3956547753679812,-1.767218435301185e-05,-0.15456402672733904,0.9620977797254693
-0.24388638761714074,0.3621665752618402,-0.07403688037042278,-0.09716670040062797
0.16560210652158017,0.385931808208407,0.743641713440907,-0.6228108444179026
0.4945330998957751,0.1446734824923393,-0.10066790916967355,-0.29895673535626
0.23656894391987737,-0.2971596531474477,-0.4438469926093286,-0.8322419395143668
-0.12623812375101034,-0.394631444398616,0.15074359708795115,0.5793428591899175
-0.3821301814838325,-0.10842839593260142,-0.7441171029838717,0.37831426798985907
-0.3252553262327155,0.2899994225884385,0.5990170309211048,0.02864667369561341
0.03646430916445627,0.3925809507971764,0.5948188276698887,-0.17166551802994007
0.31128182719202574,0.26320150444850116,-0.28741103072226354,-0.7852002745267472
0.4126952226091961,-0.15705895963020294,-0.6503098498216472,-0.29957921535874465
0.061470441636254085,-0.38910246102464696,-0.7114672273374424,0.49601602668236544
-0.36064070545269994,-0.2017481019942206,-0.3821921041198062,0.2350993786829947
-0.34109050777478706,0.16509149830926512,0.3035129284207727,0.08433138783034401
-0.06722779585476477,0.36375905752458226,0.44991008270975824,-0.02450939021837295
0.25930483893736644,0.3055131042985936,0.09662503988420862,0.09581520821078215
0.38227340888783484,-0.05605771531684148,-0.11726800765809786,-0.6498607536845428
0.06872044959462072,-0.2670086542911857,-0.23376390439090572,-0.0031761766797203106
-0.3093667933810465,-0.3330705416975815,-0.22353679721543507,0.2807141791547339
-0.37814479503933834,0.03438394761138972,0.30819898444457344,0.28920294152080006
-0.1257049160866044,0.4219319199510173,0.7131570839332912,-0.09299075759403502
0.15367125925176772,0.2840811301889778,0.5550555453059293,-0.17585715440554567
0.39736234755229427,0.017398015831074965,0.17970853476711873,-0.4203472292699896
0.19766268372044127,-0.31167370077795387,0.10426021343040492,-0.27350495149169596
-0.18103671661298537,-0.32459207658753986,-0.39223988520926556,-0.3533431612553162
-0.29455290604027456,-0.08597672226604935,-0.5308988124900978,0.37450943581550045
-0.2752789321538556,0.24915568607133695,0.22837288806200978,0.1311272072927444
0.06728659420209934,0.2928793492775137,0.4519253902711634,-0.19003854736028197
0.39402360379879564,0.08660292365087445,0.17238378127600568,-0.36752955174902807
0.2636329825066775,-0.2664014347845526,0.018819688028849507,-0.58153527901415
-0.04998404480201194,-0.38791484890045347,0.1371082328611183,0.37816994248099395
-0.3071773150792021,-0.14247908006630733,0.03680868272347995,0.2558791013724019
-0.2893281440693658,0.23467232682548184,0.24434513553616227,0.3092861550281641
-0.005288161165866386,0.2833467042737581,0.36147162116214504,0.5052095988126467
0.2200836372794875,0.16575674905817178,-0.0026681599307964987,0.3832137023537052
0.2984527543025897,-0.12947761686059986,0.0607333227406881,-0.09794177905314463
0.03871242702442211,-0.2440001770329799,-0.42198413363243564,-0.13025624522828627
-0.2627977525808684,-0.2430204946213736,0.10712654425206372,0.13908970205210966
-0.3332817495315346,0.07744929915607614,0.08577219734480473,0.31092712545506507
-0.04597980194969634,0.2817532542038207,0.1418053055380311,0.3780291151217778
0.17007291429811688,0.32195200421914777,-0.2900648411722809,0.12704438598842585
0.2807492768449991,-0.08127480697706943,0.26843352675030935,-0.021393391499028823
0.1699979284471806,-0.2493913597008553,-0.8118291462707639,-0.05658253382388567
-0.1854472090027622,-0.25113051850942936,-0.9531730654280396,0.2794145925382192
-0.32658875179564717,-0.07186961352734796,-0.19896054124238144,0.5367730164732845
-0.17460760149232102,0.22579526581677276,0.6039182782316218,-0.14332340940964153
0.11277036135016749,0.1979578614035245,0.3216103303244694,-0.6694422725791228
0.37786783680903113,0.059031422377433196,-0.7725000431986546,-0.146410921812549
0.21376841475311806,-0.20877739575023457,-0.14360707027205613,-0.21637000449983332
-0.09713483355269989,-0.2850754903748428,-0.5548192218358586,0.18658752438200948
-0.2733296187115645,-0.06728718327652014,0.039431414987408236,0.7190245355282562
-0.16002021574004782,0.1309258473731048,0.11402029076089906,0.22220275290827
0.0020579242713806185,0.3184030482974262,0.17218394523909364,0.39067767920015345
0.31630307650456113,0.13151807835385562,0.19426521686843362,-0.2305661160520328
0.20349635484038708,-0.18120622118716823,0.06010598416675561,0.025148987547293222
-0.021021346584269886,-0.2799364457481093,-0.3255691737699427,0.12044443159902107
-0.24386954771249653,-0.13945838876959937,-0.18076909937262853,-0.5583789573740324
-0.26752356239029096,0.16171606082341478,0.07377846210390199,0.2137460464503136
-0.02694295101874551,0.2914934238559326,0.5015755747179815,-0.34874431686730445
0.13749190653161594,0.17758454406558857,0.23078331558049628,-0.4879560510713352
0.2516507493171113,-0.012984348842415012,-0.11343947460382822,0.08763994313432742
-0.014189748204360975,-0.2765644088050272,-0.4839353632288236,-0.0808194919958237
-0.17828731957928617,-0.25602896042455653,-0.5358413092678228,-0.02339443456568932
-0.18458897337588476,0.03248052218471239,0.16227465474535907,0.1049353599119602
-0.09505556012048295,0.20563341719729483,-0.4362664199821853,-0.0949122153651874
0.17151979742147688,0.1570806517731187,0.30649733000302215,0.3880935402755113
0.24300134323589626,-0.009392651385169934,-0.11172689280677509,0.10714561572119807
0.10402473946644333,-0.25470659154609343,-0.08954032084672991,0.05095747193107236
-0.038661526104441214,-0.22772644052713414,-0.16396845031592508,0.0795604317295652
-0.2246814590280986,-0.07079383862022964,0.11671256337152935,0.09504387551559745
-0.12170907112869733,0.17218447473923668,0.2736974581598636,0.3695936426135719
0.05057335591867785,0.19903664343800587,0.4227785191140847,-0.3576297664838211
0.18414000059416488,0.02817485492300681,-0.5490117802192291,-0.34725075268051364
0.21399896177721606,-0.12577164997746693,-0.4042174375871138,-0.36325723125958287
-0.06781779775892488,-0.15670095430814937,-0.5746692010120902,-0.30218507174102405
-0.15983827424913563,-0.11223896153796885,-0.16583684616997676,0.18054030486189843
-0.1550579963646553,0.09134822905026946,-0.5203243524641273,0.7808803419942212
0.04310410424838308,0.21127411018382475,0.3507090278611488,0.26554169647123355
0.16934581062411025,0.11356360270962307,-0.16629293187371968,-0.6376117891580705
0.21208572844615992,-0.09518669317931358,-0.014087077372868517,0.6131555366114751
0.012436695378988234,-0.27805295178487754,0.050434394865602444,-0.4388719234027259
-0.14582050884573447,-0.13410334741586638,-0.21077838122954703,-0.23086361482158319
-0.22410096857603182,0.09738497585606061,-0.23968406216526683,0.06399763220598188
-0.10586725238128655,0.19462779871655903,0.31584629525864133,-0.08139838659410162
0.08981198183757713,0.1370921100669853,0.24715349722753965,0.010239840211987566
0.18990208742364462,-0.022967303242262208,0.2712482743659367,-0.3234288366038969
0.02456460583955143,-0.15111624071484062,0.3092998533509615,-0.1602632094092947
-0.11322673039438201,-0.16089451177543582,-0.1760012276184017,-0.10749977796703836
-0.2141918829886944,0.023854245167311213,-0.16458013593557905,0.08393372705685835
-0.07531391883910653,0.09775569093067518,0.09617021661670541,0.2752314137265893
0.104563413714284,0.10534409029603009,0.33908256884982557,-0.18724537150373394
0.21134523798812213,0.0376765683796549,0.08204530346851632,-0.32239328094520475
0.12688373625113053,-0.09101440470957187,-0.1597409737716105,0.022717486389225022
0.01906760417502184,-0.16695979308699857,-0.3267108915195087,0.444604622502828
-0.1869238657107024,-0.04873430701859704,-0.28398272555014925,-0.14844051257903398
-0.14103925469565018,0.13403764335561072,0.25283537578815446,0.3893129442745674
-0.02604625758029137,0.05916852057676483,-0.03794411189808215,0.15532477315368026
0.11694177039912074,0.08986918494919319,0.4771803528453503,-0.8023440683632386
0.06851686812011118,-0.10072934623424123,-0.33407912005213675,-0.003722673861854056
0.06704695431285422,-0.19334964980051575,0.09818895613917956,0.0522916335709242
-0.17335599874261218,-0.04862363508533284,-0.652004704302895,0.2528112309931761
-0.14498704170806892,0.04813353535224743,-0.2926142671698223,0.3183064751922808
-0.030848384922355962,0.10120413208595755,0.35285045991639874,-0.2918534587049912
0.15325693029839854,0.05176530501382598,0.4028582177474111,-0.0210880538722958
0.156439658237234,-0.08616784451074923,0.2623170297548744,0.1416207816468816
0.10204263976596128,-0.12000642804046709,-0.30413450599925396,-0.26272663652918066
-0.15115219218646658,-0.12352800982166143,-0.24842417068956874,-0.21802842373833245
-0.1178251829217896,0.0615783206701169,0.19619649703235237,0.7731556038715438
-0.13116053231607427,0.15818932022659946,0.12465336484082247,0.15729289342585814
0.05324007041997504,0.08433553556458978,0.04653657072780232,0.084945083215247
0.19339776545357815,-0.05001008302330484,0.2966179807742614,-0.5336477237602382
0.11069705150115619,-0.15180108223046823,-0.00508266385427926,0.0958203003865473
-0.07375960178552453,-0.13598199752336973,-0.185310504034214,0.14992732977964662
-0.13543240030544534,-0.07476053420905153,-0.11237864393971127,0.2322581387994018
-0.07125504146454018,0.15859143528378594,0.1981018054668411,0.2571048917573316
-0.015088882795262257,0.12027632598500512,-0.2375464505031099,-0.21254159685921056
0.1022581257924203,0.08225265992135995,-0.31635687075443625,0.1089992957213242
0.10044310882026633,-0.10976235184091263,-0.23864218538141163,-0.17549970246191168
-0.021652723658332543,-0.1478799638711359,-0.24340429126440843,-0.22023081506148595
-0.11951236197452739,-0.05730555219945808,0.05494708046467463,0.07415351317668725
-0.07556222316012474,0.11087594840204473,-0.35874537745741997,-0.07900616781389751
-0.0152412799279246,0.10276805837531652,0.0887795860469082,0.029225061097013505
0.024873914892565477,0.03442155458398741,-0.067837974225846,0.2551240246230475
0.10094484754215266,-0.0750604599188506,0.21318548435584325,0.20632320496271875
-0.04194759625977992,-0.1092675066220685,0.006816070326688167,0.01005046204280706
-0.12770195804055423,-0.14604478807137494,0.06658705725556262,-0.1415749450635398
-0.15346943766606577,0.05514386399962941,-0.7432143496465984,-0.21098820610651414
-0.01825175172845639,0.07719464978241894,-0.010373308045073873,0.27994538415700293
0.1361679499045798,0.12114807372633853,0.1548865299858592,0.10197148941032845
0.0957797960841511,0.05441187978638726,0.23501321578060416,-0.3958403788598511
0.06996899823979147,-0.15729012391256955,0.4363600681111264,-0.039804041896598086
-0.01703271132308464,-0.0869459917198378,-0.10765721697771363,0.08110156523486581
-0.13235047161763558,-0.04594923078568877,0.25514082537872157,0.7251708562216993
-0.016305921846866862,0.11110343626729813,0.14375826694353638,-0.4473531900572725
0.09566926973520862,0.13907853831831996,-0.18861403129886342,0.029246995632526696
0.15305356577079554,0.09428160903565469,-0.061572283560545685,0.20756837539969528
0.07196224473262253,-0.14261379850605108,-0.03471925169983618,-0.8312715042843885
-0.009834886764741035,-0.1384552006503652,0.2829641060022828,0.286230541779475
-0.1516757340484215,0.041289354634816866,0.5426823763649652,-0.21827545313183236
-0.07584605308791359,0.12129942200683062,0.09707506300795345,-0.22987209482773613
0.03722265728220161,0.10360527095356357,0.03129324479733915,0.08992021813712357
0.12212893539836017,0.03835748489936614,0.8137957061939738,-0.36893002148738724
0.13244993032733637,-0.10558805330445867,-0.22939116201143395,-0.12233410270285634
-0.005497028380653775,-0.12211783576058116,0.265469930923401,-0.32479629038665925
-0.10614430688473961,-0.0369557291417688,-0.26136001507855394,0.40426310786855035
-0.108254330662105,0.011130994110685001,-0.3068905526963231,-0.1903649900216571
-0.045962147070942774,0.07347064990569879,0.10524952359314099,0.06809834932835032
0.1115828231233949,0.10537116189670645,-0.13253877447864978,-0.1679997924902943
0.12609065723008023,0.04364703515456769,0.18595380219690663,-0.10328179210893504
0.12292542988822937,-0.07626524374239724,-0.13856514918013949,-0.16729424404925017
-0.09261611520907387,-0.14740261923835346,-0.0695015583322136,0.12033127515680281
-0.10723969750884899,0.029943283228926004,-0.26912969070093634,0.2327398704755073
-0.03297940888974039,0.00838788480032468,0.2567590490541764,0.60378483865877
0.07457925647638536,0.049446749545519725,0.38162714539606163,-0.25860288088059724
0.06953802759546647,-0.06117248749691855,0.11793026596238258,-0.29825753210106015
0.013550253052533559,-0.07843587948474207,-0.2756549626587302,-0.2737921267147729
0.03998434190202229,-0.13482646232715673,-0.10720259691890593,0.09097599582673276
-0.11082132735385068,0.016212730276364842,0.01783276767183442,0.3501977151122605
-0.010139737982652754,0.057539763870763136,0.18120597786897327,-0.39607414635714416
-0.029499487565763854,0.06772529617817606,0.4718347398980398,-0.22621920363476863
0.06365316128582592,-0.001119259081667573,-0.14383331408214503,-0.23317880422199277
0.05170413780714747,-0.10064532488986255,0.09841587129373167,-0.1409146411420176
0.010627149838619836,-0.10983119590646734,-0.07391418919700486,0.0005794789264058214
-0.08684482128805664,0.005348504573847182,0.4076630189848961,0.10624454901579952
-0.06255175880641237,0.0878129750577806,5.02333019291451e-05,0.15955205697386135
0.051030990033554026,0.026668317753542364,0.44292378517316083,0.5697473261830787
0.05621393200765,0.06221457531229921,0.04801245291758412,-0.5312293992558748
0.06697631657141855,-0.08921022173244572,0.46843142465169824,-0.02081321616614687
-0.07738941697627534,-0.11786015896636554,-0.0398699731107543,0.07932929226089798
-0.10764794676640785,-0.005230068720662798,0.14816076688235194,0.3461446197879579
-0.06250413966131238,0.013626365022964384,-0.056447815930583886,0.579145432071622
-0.033694846137681124,0.06170546847198394,0.4666821341750377,0.493782636266783
0.08450532812526154,0.07314719716618542,0.01913912391117425,-0.2510022970625027
0.08090425099722308,-0.023089080373133855,-0.08369368891647057,-0.42332876223335264
-0.014483403538625868,-0.09608311819809928,0.01101275522910828,0.02281804632684032
-0.0511040950578102,-0.054440229968619934,0.03287842120099745,0.32160133832502186
-0.11751471383869572,-0.02354832321441703,0.4071806960603087,0.0018462562320002013
-0.022466981207423308,0.04077887793241053,-0.08114250239821305,0.581158386787759
-0.023123770714016133,0.12240982253522201,0.19289208412244277,-0.5156000181715634
0.11433509748040231,-0.030546628512124484,0.09292859073844258,-0.36125987835753137
0.0166043020667845,-0.08496242402668838,-0.8385954283524633,-0.5676399982194062
0.011020320059643172,-0.05873974529562656,0.3232083619304855,-0.06880425701406984
-0.1529079010649299,-0.06979232268327179,-0.22375192606207728,0.29546132205284464
-0.0418107909360711,0.05496511855096159,-0.09957941425254291,0.3906735125996741
0.03729729164306623,0.011042340957463703,0.0322615641624421,-0.5008405986498353
0.12226895806905058,0.07685634865114539,-0.33622448446484043,0.06047271513499642
0.016360750667108723,-0.06895696478191972,-0.18917140742215016,0.2207226297740543
0.03268555893360565,-0.006062967402172867,-0.3800835617605087,0.44051074980992505
-0.053218267665704054,0.02629108965581571,0.3911769538460966,-0.2793590363889421
-0.05348182672515573,0.036379929482126316,0.05835224113870007,0.18811480191812488
-0.06481534685811997,0.055455827861152114,-0.24115598771568675,-0.6208940175042169
0.13541885448713567,0.06717726230752714,0.46485268015618875,0.05868735880914688
0.028954278744824674,-0.0019435202251188131,-0.332383557060702,0.011707727870658687
0.0060709150024708235,-0.04316742624221359,-0.2749355131766829,-0.24246319939514122
0.014196886055205943,-0.03621395275815216,-0.04834079060730932,0.11658135140107428
-0.06686120328647756,-0.001290631272103276,0.019018920410230553,-0.1370624324967554
0.015083348660619049,0.039090347494201094,0.11463731581284736,-0.26485489230299536
0.0583604110665666,0.04453336838059548,0.11687240354046852,0.055164389717100804
0.04639874741167966,0.07257012718142869,-0.10643601375485107,-0.1605377168007265
0.03631361296817962,-0.0687413994245289,-0.46652471911017274,0.2886584907922689
0.09927796248585648,-0.04324543912858954,0.10370508618075408,0.1697038201841089
-0.11319969913032737,0.07189701346538059,-0.13034416593139428,0.26869863481259704
-0.06277164634061322,0.0968078634057026,-0.2576519040768312,0.5962107266110267
0.06264078312355094,-0.047841316929403924,0.16690053704486355,0.1768581000833168
0.06114844822956181,0.0905575861331308,0.07080539979386749,0.3613188512406061
0.07579721470625111,-0.008046526378244802,-0.1317067882557564,0.08056978016476622
-0.013142627129641725,-0.03138318398847585,0.21547794675444742,0.24120620240095583
-0.038255341755750315,-0.03428496979487367,0.5249470982752098,0.5160582308513292
-0.0750499192566093,0.06455974218728416,0.38541782765034044,0.09055218590167266
0.012440578212704004,0.0719643648366972,-0.061168026324161795,0.052734426282050224
0.002808528365475217,0.045140899822513604,0.3850867615563752,0.017307713675226207
0.059742290193986,-0.009727743567569835,0.09490949688890717,0.44764916935602417
0.017501101778425208,0.0046637106899298925,-0.1653092717795574,0.42936480195640836
-0.054680652587829864,-0.03600873716065839,-0.34044548539693587,0.10696604592373139
-0.0695433359138011,-0.04491109160737307,0.12236896643985529,0.3929987110504096
0.024273268631756023,0.08078386188359654,0.20813436092278736,0.4897965692040516
0.11720127434940536,0.053845507792620276,0.046784176099523705,0.3719909522874155
0.025815928447648722,-0.0638036435127157,0.21836380575655295,-0.07592320255523224
-0.05239235429529816,-0.02269188822553458,-0.09232173754270458,-0.06930958975716557
-0.08456608292035457,-0.07899730780747478,-0.2946724504259092,-0.022875706024007257
-0.07370110469865163,-0.006968767950558919,-0.17512433312899622,-0.14177447553865
-0.037281420774873536,0.03672650026540354,-0.2606943923430877,-0.4669845404217744
0.023814500798068395,0.020418448625062206,-0.11526589233565948,-0.22333706471282105
0.10568217579930214,-0.013493857121060507,0.30465270585990745,0.017106753775730614
0.06107666340473919,0.017731498048584877,0.2052195490907341,-0.06285133655261979
-0.034166083366944294,-0.041916724585561144,-0.40103496605552236,0.11466820072421935
-0.028031701307488322,-0.001142102177954768,-0.11144685281865473,0.5041323233449851
-0.01969344133007194,0.03715866778992577,0.6861731335838334,0.043574082054956984
-0.05754902078340017,-0.022605410068617368,-0.04351003597655761,-0.1736921679527126
-0.0048405898698697936,0.05714838465458645,0.02275635927167889,-0.10006846299331126
0.060854793865035714,0.005888543020899691,-0.49197100092379764,0.08164406857841672
0.010459802398302031,-0.04853179110047802,-0.37565938556684775,0.4641666810562416
-0.055476958395807165,-0.09095121722703371,0.29236288466103877,0.23845605235410341
-0.08804777825386557,-0.06271257275196865,-0.21153074866696361,0.35381956435688094
-0.049122105628838196,0.10367625397753619,0.31594243626732504,0.047720845672157564
0.018425511182870585,0.06450958272257394,0.030594851291104452,-0.5879852977035669
0.036688328146791835,0.02822425347676389,0.019706989816288822,0.1096933593234423
0.06372924090618258,-0.08898491040535952,0.332075604288302,-0.03682178359878132
0.06704097048195698,-0.0541465642832161,0.20352348354200134,0.12864607098235203
-0.10291772565578539,0.0025626612210643985,0.2927718098292254,0.15573478391027926
-0.034550669162267816,-0.040790769098504744,-0.258292802702086,0.10570339406439061
0.1054595375538294,0.03777376498449953,-0.05718926508976152,-0.14627174786363498
0.05815440117720358,-0.004174957534592028,-0.24769192943935914,-0.4291952024899659
0.06029579831257019,-0.004572944912709754,-0.1568551584410724,-0.023484433111485604
0.0047500952937882465,0.02982687435875686,-0.06735146430340895,-0.5233511538124513
-0.0006741030501923664,0.021147744002375662,-0.7643679621604839,-0.26844499452353326
-0.10008000063766945,0.018215261548893927,0.09521168699401214,0.013343510208091245
-0.0006876525780186837,0.10699920645245098,0.0029237877499509613,0.44194100912043793
0.041657474626231754,0.05785203750673018,0.01104696247409909,0.17240955006149009
0.05811484452291435,0.016806520225966105,0.16748247751477022,-0.2924751954651317
0.03692342003162978,-0.047440087065578035,-0.07600237958022227,0.040758587743478424
-0.00817734491446392,-0.028572221305714882,-0.6435006176905868,0.44008803677379643
-0.03784509756439827,0.10393481064100431,-0.504370558477544,0.07495649369661239
-0.029415662664856717,0.03377486934480437,0.22502381117428633,-0.1466672822872287
0.050077036112835455,0.11564110314870997,-0.2521614974536947,-0.025354640522693272
0.08502682941907785,-0.045598341448878005,0.44768923888369616,-0.13903183232905394
0.052964241340494045,0.03575964158949177,-0.05430121401200858,0.22647525790113615
0.026853924304651354,-0.025440264494695622,-0.5298994310391646,-0.1472869393772979
-0.10128192954933413,0.04512789790246837,-0.289292191124543,0.8955197814151546
0.009932268676933219,-0.01019408037563585,0.14469236169062766,-0.17931645115081277
0.013143084282884394,0.055751997048200344,0.00818773012827359,-0.2239767974915583
0.0739684425454479,0.04071704181369359,-0.16268599833478353,-0.24140438336724346
0.001733932311248073,-0.04402808899631813,-0.2867677960787216,-0.12034402680539097
0.008811576407618375,-0.07509653496234578,0.43729016293260536,0.20597489074818254
0.02743698100423704,0.02336117775244317,0.10997082508519232,0.4371569990337003
0.04112916900576942,0.05977155647508327,-0.010417856632134945,-0.01129736583548941
-0.02644594061935824,0.07270615943337186,0.5102116752953573,0.18642104094308415
0.022097351664670528,0.03647334949737353,-0.4763348403834869,-0.028044610943754496
0.030165541850888405,0.036217645754860486,-0.2247327202704099,-0.025594844539151076
-0.009675860697316274,-0.00028166542483115675,0.2923324292036723,0.1076504775620158
0.020471227379062436,0.04525353590390643,0.020424808626050527,0.3459950469491666
-0.048629168754908136,0.052802561843918364,0.22228048491604244,-0.5283925096516898
-0.04428778064020764,0.04417321578262466,0.28033384391046884,0.1757396387123249
0.013386074577988797,-0.01513126517928698,-0.053915707710006366,0.06978658021408675
-0.07609087997696563,-0.022034627354380533,-0.16095923173534926,0.05355736994921414
-0.04962634989317026,0.03518006178650252,0.21851045558487658,-0.21759025241390734
-0.059358820286446956,0.032456514690071235,-0.5174994373332964,-0.14479519173036082
-0.04014867146656047,-0.04180650258860151,0.10934086734463676,0.4302948774886044
0.6645078551704616,-0.5643669163895696,-0.7521232178160409,-1.3192677674424735
-0.1275445430067625,-0.8403825411002984,-0.7111371364198571,0.5103284685791315
-0.7373308470430221,-0.2848356175957746,-0.17931114011299765,0.9173443962834915
-0.6799119718818485,0.4582435334191357,0.37280869552298534,0.30436020215666826
-0.008839666919370284,0.799228776268065,1.0926977481036488,-0.4574793184119069
0.7068112067953086,0.35822953464581875,0.6129255934747757,-0.9637407062080957
0.6401639198707272,-0.3760731555311573,-0.08767000690558635,-0.17012113622293185
0.06232746067934727,-0.788030821161886,-0.5406547480487728,0.08955755934596354
-0.5927757867443972,-0.4447905821205493,-0.6709566253445803,0.9434928589491437
-0.6639559947292236,0.2707726188299208,0.036706936894458364,0.6601264442997129
-0.10663478709683895,0.7190082058746509,0.8570978705489869,0.3151885868655713
0.5150872130679793,0.5499730572696502,0.49514783096514525,-0.41324712313084294
0.6696898098379914,-0.17954136979855534,0.11714827852316645,-0.055261365266000284
0.22477086953741562,-0.6588996477260632,-0.2702885238955986,-0.4489775261627399
-0.46372545211698274,-0.5084553979271593,-0.652516586431327,0.5382433274785248
-0.6757759784475795,-0.009367801719586476,0.08358024906641837,0.6752829593177714
-0.28598321720388176,0.6394910963289916,1.2194512287815058,0.3417579525042158
0.34273824714904466,0.6276291760867649,0.32031463204921784,-0.0008033940486107394
0.7590571846400092,0.14120451622725133,-0.08046011027897204,-0.26368288522293437
0.4466702803810063,-0.5988082112168679,-0.49984865284553676,0.025014173025047493
-0.18807362886607637,-0.6255298150773733,-0.10125978589115334,0.5799350434878214
-0.5586046907191359,-0.17433590242613642,-0.5970490070653239,0.9085546736046768
-0.5227167029175536,0.5264391117132504,0.7786295666080939,0.06024974715787279
0.09984103534848018,0.702612047985017,0.3007421629223324,-0.25334764963925505
0.6275552421080638,0.2264254649626652,-0.052530358413013234,-0.517560326720637
0.536824710204624,-0.36065275457638635,-0.6261236810440657,-0.41945505992967175
-0.07707454831116856,-0.644122403598162,-0.3271965672078396,-0.16160124146699983
-0.5006953071928264,-0.30084600687591884,-0.8031479153582166,0.8334878295286602
-0.5135233174126046,0.29925773497966335,0.562111366036418,0.28309330795300514
-0.10989089414950448,0.5884937968711952,0.8755709854050429,0.24209148625782995
0.4544508712260608,0.30720180729541846,0.38575152462612394,-0.11675151452809646
0.5818832897883361,-0.26460181107185043,0.30890970899870307,-0.2780985634513648
0.16487925943094295,-0.6320602653547505,-0.6606443906021848,-0.245026571380087
-0.4117743791646453,-0.32489839261710174,0.058368914486393586,0.34800651550507017
-0.5672722458900505,0.10128211087919259,-0.15078610001338644,0.503908210660239
-0.28725942412932276,0.5490621309139088,0.5225121509081401,0.506334680918456
0.2763482187810734,0.4555073431815258,-0.12964906398652526,-0.470996452193794
0.5969264111365652,-0.0306840414846053,-0.24676905681904004,-0.3630138369283068
0.3041276251825926,-0.5291404569650457,-0.6569264460878873,-0.47537541469607425
-0.2823581606498336,-0.5686676266938279,-0.9739657699237401,-0.18946716311221662
-0.49487717313348395,-0.02367475439118185,-0.0933166639804145,1.127996197243829
-0.33684582158230664,0.41077206065525196,0.009132370007305657,-0.3647359726274266
0.24789587355549053,0.4908116402792741,0.21105335660407315,0.2548387025651755
0.5728135614428149,0.12335027855218537,0.3569737696878428,-0.4233305931578122
0.33556077472789875,-0.3370721889672874,-0.7542628070240898,-0.5379571166242308
-0.1505778764287637,-0.555424331403479,-0.1990476620156914,0.27828854195800445
-0.5726439393656255,-0.15982099137600828,-0.2504585956926994,-0.13110690852383755
-0.4009160216298542,0.25069190711376044,-0.42509282597171627,0.3475637647065896
0.08479829815147388,0.48555246474909697,0.794405293303652,-0.04637728923925555
0.4332342281155641,0.21862564636644638,0.2301075707281222,-0.7211922733674244
0.4020296699244842,-0.20993307892639257,-0.519475952087118,-0.4891938048031803
0.0056991496754663015,-0.4895456739485921,-0.35240691948777003,0.3720969956186976
-0.3949967650687598,-0.3250359178768472,-0.37256569366712344,0.22521998551801897
-0.4935693864648393,0.16139701072495377,0.5157409204767807,0.41369032715870235
-0.09773627061247164,0.5052626371600106,0.6774974841781962,-0.13255795806212334
0.3349255015657783,0.4363449584909552,0.5531197822178235,0.0544494496870343
0.47688491321091586,-0.11769042717896563,0.03718892608928215,-0.9286416947583448
0.13156830590506724,-0.4422943157726548,-0.5105209372685333,-0.538262202908224
-0.30149756724172344,-0.3689943893532133,-0.00604702771356852,0.49227427008445457
-0.4825755927207869,0.0006513516586849899,0.09696094257596377,1.0694322783017485
-0.2162445481759421,0.40855955476919764,0.6420847256039206,0.5405655395794087
0.23536973454031312,0.4286977508311498,0.4326137018246258,-0.5897342285191745
0.4300231612123707,0.03430303072687111,-0.3303983000359212,-0.8306839920581861
0.2459806265275926,-0.37318057036904484,0.09100912728878349,-0.562838738360702
-0.2137176159503111,-0.3938840306507543,-0.742597389968997,0.3600980936870751
-0.44909335241120585,-0.04118296352161361,-0.1554853482680718,0.42877007509546355
-0.3622897520887325,0.32485103379254443,0.2255724846639448,0.5991257936694572
0.0018007172393357945,0.41438920623845815,0.6959806728149076,-0.20529853294742717
0.4156032180547235,0.2050600822817682,-0.14248792843304825,-0.8895135388531509
0.3147851356009764,-0.24995584259214396,0.036921751847660556,-0.30114469681853506
-0.07380161953898329,-0.40276235266599913,-0.1673069894245543,0.34634047005806884
-0.406339246068138,-0.1121702706891642,-0.1384274218472331,0.23880135553010856
-0.34962405686108244,0.20996673167187094,0.7307998285115791,0.3551945425946843
0.04396181075330358,0.4164755958664911,0.05965284637136595,-0.18271774247747424
0.288434137385802,0.2786852875414293,0.026427873062423723,-0.11706588693116873
0.38565582179924524,-0.15909498871026811,-0.1593069077398246,-0.2987260558219829
0.02395738303675119,-0.34490542658818457,-0.1272891758286343,-0.49144141006570385
-0.2459245250245555,-0.2858448178678546,-0.17391320331284155,0.5152471965353784
-0.44351009539429265,0.019290377787816823,-0.10578874815230926,0.4547977798982731
-0.14839162209165474,0.3245153636413174,0.3797353596483842,-0.13361682902098437
0.19737045493002514,0.3403602201667698,-0.31211022635797875,-0.4241341334150428
0.40138680474951177,-0.031365058231710985,-0.09936592744481137,-0.5132643794261895
0.17442867297126255,-0.31936242343721943,0.16380248192428767,-0.6262434990089174
-0.19307044835172132,-0.353445656702076,-0.06750048762601144,0.07033118948304745
-0.3494604037513044,-0.02392144327942136,-0.25857904007454025,0.6104327461196786
-0.21174546233542257,0.2785978299551192,0.735003105554039,0.6084417332418027
0.11223056700979035,0.3198684852099295,0.5401211431478015,-0.02972393299173759
0.3104190909004636,0.06664947991339105,0.28880851921468526,-0.6587170197684231
0.24955638990987739,-0.19572488994349255,-0.6049434693096639,-0.44790644624682935
-0.11353012465268117,-0.35290392539969323,-0.6295136744670702,0.14903708955843392
-0.3456427835164099,-0.0642430858607249,-0.41068410281565493,0.15474546727427213
-0.28123674736553805,0.21612805451043832,-0.5522382543730437,0.2938709770319489
0.09979030622579095,0.41579277155078526,1.0314902381106699,0.13719002533294888
0.29505193503255406,0.1553367017747413,-0.2539460138295277,-0.28560416175248293
0.2851377824851042,-0.15354736087739346,-0.17197694774220562,-0.061442714726811926
0.048121515099887636,-0.33214237215057774,-0.6122671195705784,-0.04121790283539872
-0.2505150308592058,-0.19179935490996658,0.4087292704314649,0.13130085145241763
-0.30669314957458754,0.11344245722793897,0.007511605439077806,-0.0063866990084387315
-0.0586826794317356,0.30130106164475867,-0.4477373747652509,0.3986148031118725
0.21790581031088097,0.20418766894440982,0.3710113291285015,-0.3518911159238645
0.29532191884136616,-0.17773837912259224,-0.22366527123502358,-0.8097637939453317
0.1010044779591337,-0.3546122305176628,-0.41124733763589577,-0.21393273231738827
-0.2104268094728347,-0.24438557774758057,-0.23598390454895063,0.5006209607440839
-0.2752806448260664,0.05179306059811965,-0.2519716023359586,0.22533174145355356
-0.12438499272616871,0.29334321426302407,0.03330170352172632,0.02429611849029789
0.05690210436244833,0.20761808984174246,0.4270093972970121,0.05317643942549993
0.3296714784305403,-0.07697935182944893,0.012301872457697871,-0.3453237613270036
0.14892930225108755,-0.19264380867647196,0.17190382156697492,-0.08017374494286258
-0.1472261293205788,-0.2544151881498183,0.07162187230650069,0.33322498780576165
-0.2997670533875622,0.0005063598297997268,0.12122262291361763,0.21678067558295452
-0.18620511953269406,0.19769650243716788,-0.24502388034459144,-0.03235576098803608
0.04798638080611914,0.2675459970610551,0.03838151328753245,0.060648606618147194
0.268645957988486,0.14191284519111144,0.07989075268039297,-0.0711877659595736
0.1676037579646403,-0.18475007559739368,-0.26639929916130234,-0.37183277431908346
-0.007725569237645159,-0.3354636106831576,-0.9713985986686643,0.2504881361557186
-0.258506626042758,-0.047969379165414425,-0.496502743873852,0.6748297873084456
-0.26238182694824785,0.21488140784284032,0.5859547040248231,-0.1310102630016953
-0.02390757350566531,0.26905543528183007,0.014242328014961942,0.0464806067861373
0.29185414717510905,0.10636617195484159,0.6089037595735426,0.06469435390519834
0.21240132362063924,-0.14370441022332192,-0.057372345817850584,-0.39017442997941076
0.06543722631778061,-0.2082639897189339,0.08140641525174702,0.2915049461795205
-0.22357334272789342,-0.10642343323574088,-0.5060522143293729,0.14898777468663
-0.2527616240916589,0.11577509430311769,0.01874933118773764,0.2662218183442575
-0.11643124149807575,0.20791848678052488,0.060993847482382624,0.19861535095368116
0.16071644361633008,0.19915120166898442,-0.0312341263947008,-0.4499332172026402
0.24176897502462527,-0.04254088351005736,0.030681706994198643,-0.029372090398709985
0.11384243734265183,-0.24942075201695404,-0.6649545027584176,-0.3811600769549257
-0.07896708729692406,-0.21619255635893997,-0.3707404761281272,0.17508525996526442
-0.2235333087230453,-0.0027170403656098623,0.1985713439412451,0.16415530486439406
-0.11027589787614879,0.2641698833581423,0.6055160858283296,0.032873626567845454
0.1444496471311137,0.23386009114645556,0.0038979820232163537,-0.22700441349557635
0.20978062053483043,0.007003037915220625,0.4719521301649901,-0.05174457001843609
0.12800719220212392,-0.21157024707062588,0.06339452829461911,-0.1380453090194149
-0.07370320090928975,-0.21347347427599273,0.18833311771843386,0.4961010550898455
-0.22598745238754836,-0.0591032933327434,-0.050895708268566264,0.1628886460871515
-0.11461594577775573,0.08580836339210116,0.43411973126117526,-0.683329068329079
-0.02219700186138705,0.169026513420592,0.3218701808872547,0.10920111218407288
0.15862546797236507,0.15936231282022523,0.2125678637246134,-0.5617029174510925
0.2858581165508494,-0.14188320234031765,-0.16341180540450098,-0.17913847543685912
0.02767475174127091,-0.25222727371438247,-0.379553791218311,0.3738071433034541
-0.08283371857645348,-0.1852156683757094,-0.06144741871640255,-0.6476700252375813
-0.18906982554475438,0.0749947488522002,-0.6444615944846006,-0.04127569284675718
-0.057615159952090225,0.18023002353920958,0.1345810834438309,0.09227948675523345
0.1453867220716196,0.07071325581287705,0.16749770474270773,-0.2109048324878717
0.21334523805209632,0.011261824398890431,-0.3998002207286355,-0.2064384226344506
0.06315793574524382,-0.15966019953869445,-0.4899716647067122,-0.5360033199735045
-0.11125779799156216,-0.16555015335476117,-0.29517812187292336,0.3323836140252799
-0.1375112421133411,0.0023065601371823376,0.023508938423080217,-0.17131808784598462
-0.08250248076483313,0.14097541574676198,0.09880154425586068,0.10368744057235285
0.08592669027133541,0.19218722880320452,-0.11728113053762479,-0.04342886269836976
0.20092732584462647,-0.013347002137908263,-0.4455141327422644,0.14548060243132171
0.09250008133326987,-0.14834597029231497,0.2892151533431894,0.04675836275636558
-0.050489544308383955,-0.12223866268800213,-0.222757274868573,-0.09565212334850692
-0.1370910049040055,-0.014885194663331366,0.03490856588925936,-0.0912964671479208
-0.0922276417327843,0.09602369366065239,-0.35187487576289656,0.48458670733014686
0.05675818159952776,0.1824888689404114,0.5270838477509874,-0.28514472245126943
0.1333694929777096,0.03905244355557829,0.6244976335970748,0.37184466442927444
0.06381493828253378,-0.11622587615046985,-0.479564652927782,-0.35414191132358813
-0.03488799811777636,-0.19495939127358064,-0.2614859100956159,-0.05471158703301324
-0.18224268784315034,-0.0197398978980782,0.4220484899799235,-0.3156961671066623
-0.11126073391275541,0.12085798472014014,0.4234203747413721,0.1122903191660934
0.013065120550762031,0.14081934214001282,-0.10273965329508788,-0.4909042594113447
0.1567752003553274,0.12794757054847977,0.2554845351255084,-0.5346887928231636
0.13464727269082583,-0.02052488730823264,-0.43760766341759333,-0.034423679997783174
0.027860227877213053,-0.06764669691330608,-0.5688485277670778,-0.09576929120266246
-0.12374766632806736,-0.1647191785816304,0.16476907702587043,0.8044909655856727
-0.20971389310214011,0.02366112325718329,0.5509947658355112,0.30344524093721387
-0.005922665208019533,0.18109066359048884,-0.2193534800012272,0.3898265184592088
0.12166426877337845,0.12455978415052125,-0.1771154059065759,-0.010066444776196809
0.10277297466400254,-0.0010879380396562506,-0.3774781490439559,-0.28961225682352215
0.10085023239867541,-0.07583722635529702,-0.6442515635150026,-0.17132823922456297
-0.058412012458473744,-0.15604705464527635,-0.14527264977435886,-0.45352360431548483
-0.2834612562727503,0.04060652894787819,-0.25100038718783424,0.34011513616040934
-0.07166222311028775,0.11866458204121799,0.07191044990824236,0.2525397303311945
0.02107033246377249,0.12172727843117954,0.0518160921541801,0.2596825589487529
0.16264861910020462,0.009234413454844003,-0.18298474180797664,0.039829749328084904
0.1553311544812611,-0.19066966328281254,0.19080983144164357,-0.3040913529373546
-0.0343738202654141,-0.19762329980946747,-0.47393120177758624,0.10019818190077676
-0.040313035283338725,-0.024953593402449258,0.04312974177928558,-0.6593265682936705
-0.10931229204937777,0.11505351414736498,0.7476701019129303,0.17363081419328033
0.001289078118273508,0.09555914317298285,-0.04026881404003901,-0.5015732232787077
0.1581700020127918,0.0342223585636459,0.4678048310211695,-0.17576163892629384
0.07455263083604619,-0.08895319354467443,0.03618468762894331,-0.8610966931921432
0.021212522595079972,-0.10563304211610199,-0.058532311244228565,-0.07462586081818774
-0.16051259448448144,-0.1467707509634514,-0.25578110333581183,0.3457830065074248
-0.1364366733250838,0.06844879334731518,-0.052669931763471706,0.020731309927495452
-0.046380408535717704,0.1380290723567741,0.21519988261995435,0.003878520656452056
0.1803411206145921,0.12164105794994559,0.17083518334623488,-0.49780640670470916
0.09705130362384469,-0.052328242387103485,0.26269779506613883,0.3827759166323448
0.04522982465521544,-0.1297288781138102,-0.09140014911334156,-0.34348812325364353
-0.07715482560336313,-0.07845138035612755,0.035819204700070564,0.7334970048587838
-0.14038498174679398,0.018255990764788545,-0.12225842027687644,0.8517425902894863
0.0006073484402661367,0.09867611313326304,0.08525768254363349,-0.2488196308933143
0.03024530515649343,0.1329411479434877,0.11044284825678662,0.054536981316880215
0.14486384079431855,0.03225593168550138,-0.4068354819176297,-0.3123674803236026
0.03963519379485688,-0.10058351002325722,-0.1305960554031891,-0.05345987450154459
-0.07815669795761784,-0.10465360703986304,-0.04808673015659466,0.5952096930415651
-0.10693784451892739,0.002551965805651795,-0.1398712035785711,0.07993821302354526
-0.04259891748863733,-0.010038662081140196,-0.04486264902792712,0.19345931733483104
0.055064356326352246,0.18416455172347038,0.19561718049611168,-0.40085972008575915
0.12582151221832108,0.028876432968157225,-0.28871624678304686,0.14962666736907784
0.026305242509132784,-0.0748969985597227,-0.342884113067803,-0.036746636074954514
-0.008084558254327908,-0.10045646872638338,-0.22886387757701432,0.10416707394367869
-0.1538133918707597,-0.03475128813472581,-0.03807576668485607,-0.24118840731014224
-0.16774622915893575,0.055901987372573715,0.23978437161734645,-0.09290033068896732
0.045378888143087,0.04936855158207358,0.17240592315290085,-0.1296625495796951
0.10233787261867858,0.075758439125685,-0.16520213715577178,-0.296411271541185
0.0927441505923746,-0.0412294517283436,-0.3834890277740642,-0.028285030115847327
-0.044429517115694976,-0.07340861078945982,-0.03094208765841785,0.14975320724171326
-0.0585848776206839,-0.08685846468032933,0.1144638466990483,0.46718675090964545
-0.08266741297063243,-0.05910714147578283,-0.058763746062136316,-0.3263048552663815
-0.019032278960596796,0.07791317663040874,0.33280042282992667,-0.20491538002801268
0.00416202857148848,0.03254939752423628,0.43490176898763405,0.45673568684138327
0.02278152869359261,-0.0628856864820714,0.11116560369942227,0.1890715292152483
0.10526750202059817,-0.06169297629663575,0.10553421868428815,-0.2030388695926099
-0.07279668305475721,-0.15095736969865453,0.16288987798283272,-0.22770021450504546
-0.024664594907355397,-0.07270745830080476,0.03924997550561887,-0.3947437096432631
-0.03683805121285497,0.06666291338186635,0.26182793419552425,-0.19913943934102457
0.0002409929997686383,0.11381214538577825,0.1339363751266795,0.4472446539946063
0.04979916483437982,0.013547102211369318,0.28779408579798177,-0.15666959122979032
0.06679164875830593,-0.14521467406514632,0.10936543561196235,0.05516048243479503
-0.10236790888158928,-0.06052740337406863,-0.20045998989176117,0.13151911255390253
-0.055766309993292185,-0.06433658864987252,0.0718692081220633,0.04132235809237016
-0.10584674479847558,0.012882775382918717,0.32160162172081574,0.10098378293668928
-0.05805607933987472,0.059971006150870684,-0.2292974614742463,-0.09960734581533584
0.045223772574065665,0.1267592594766142,-0.08262420372058647,0.08039487604082116
0.07616334751564502,-0.007661709964308594,-0.1799953460532182,-0.34211438209654066
-0.03149417711815168,-0.1685003941678873,-0.5376808446446154,0.08890414194090306
-0.03226818255125859,-0.04126308656748095,-0.1681752779030779,0.00547463257896539
-0.11282629914544898,-0.014528600613569802,-0.24471479733605933,-0.16620273034654384
0.05537663850485459,0.0427412754362678,0.1663753376937698,0.4502889975449306
0.04027900622859108,-0.045462535161918095,0.3441653560960726,-0.3478263091032359
0.042084063216161066,0.04732120311217976,0.11881300940141615,0.0787061314062576
-0.013097586212957306,-0.10002638284684567,-0.16203418216945056,-0.2814012984274297
-0.0064914751252897265,-0.029221754630485063,0.03136525192829639,0.3507949938202168
-0.018150302562116673,-0.05020809606892969,0.3752610649396175,0.29973771073324057
-0.03273345448371911,0.07463738021666755,-0.045147052065785606,-0.29993976866152894
0.058089505520862755,0.15149685148240594,-0.0712401633010003,0.09651150329098475
0.009558110762184047,0.060756703364648265,0.10241204005017014,-0.4582448050530431
0.022290936518411256,-0.04010031312908918,0.1384877438621825,0.2596230733052916
0.001838123707260799,-0.10474025536494144,0.5180762510886258,0.5299559835964283
-0.1458897590947593,-0.0038064547136216773,0.05401206582350021,-0.031784010915455206
-0.07053405442593233,0.07985262748974599,0.18592022690376617,-0.3392211817088224
0.09288489327052411,0.06127325037737451,0.004020902581558863,0.10918269887681332
0.05163602152694109,-0.0458850857668367,-0.2578696426036621,-0.30816951581970026
0.11856248290121871,-0.08039605946586419,-0.0858316983622353,-0.07158592686609867
-0.03823900772550101,-0.002581588286435718,-0.17526632731132946,0.5155435778251674
-0.04294971310144202,-0.04875116451096048,-0.3604918927645635,0.4491328252414492
-0.08214364602174472,0.0177930748686208,-0.024324472497416552,-0.16758812083441843
-0.015533813432684887,0.019468468961592877,0.3184616049519522,-0.011149047460791463
0.054905045124370444,-0.006867293743233589,0.13560914346289568,-0.2998974813044322
0.030536393032556123,0.04333924352247924,0.040074077656863175,0.15833585020263982
0.02406083527273681,-0.0645825941462582,0.2136586844719901,0.35949560124213437
-0.08693709853788067,-0.0194108887094977,-0.3673991555529635,-0.065254380324705
-0.12323553291729056,-0.007495861384567062,0.062297016800261784,-0.09204044628335295
-0.05590514270144058,0.14492911676677367,0.1545662966166486,-0.15888723730966922
0.024560276409227557,0.01648938665656701,-0.3414842841365336,-0.20904163198492623
0.12488986422075332,-6.276056403121955e-05,-0.1464151018166721,-0.2079209204512105
0.08418011274379958,-0.01354082719300545,-0.3201167194965145,-0.3591438598248795
-0.04046667047643241,-0.026775404473989475,0.20542677454614258,0.06103191101814436
-0.06403959020984074,0.026878670757259613,0.22664433227068853,0.03027412541709351
-0.021138769647622964,0.02869872004386149,-0.37131901131784384,0.040580442689997706
0.04665357302321129,0.10502251955955158,0.061743150818036156,0.21422692737748691
0.07314181243039941,0.021680879362176123,-0.421654441404907,-0.010660734829575653
0.09867387675566111,-0.03743987595075769,-0.2893276721982993,-0.42543998558316654
-0.10486059994534744,-0.09785592266775979,-0.026043546416369967,-0.10954791777778347
-0.1057884984558379,0.09719691024480427,0.03385518412658668,-0.012946603797541305
-0.08413065047242788,-0.02172055503274059,0.09721010517236034,-0.5544473220087016
-0.004676805720875385,0.04490700491171146,-0.0653659870599459,0.030083635636664538
0.029318948565420944,-0.03067132863870817,-0.024714735939617427,-0.16340803360934952
0.07963355940240596,-0.008449643025344483,-0.4022412715075821,-0.3318298361673184
0.013534881015770696,-0.06846216758894419,0.11304686760171809,0.11482810879310558
-0.06484997821234997,-0.032253196418228255,-0.21501503926231208,-0.11424084152677089
-0.04297320734491988,-0.024427675596106903,-0.10351732396360537,-0.02168737837044724
-0.056925386308013394,0.06754752458416027,-0.11185324427835007,-0.3992689052114752
0.0209323787290725,0.05160330881947413,0.12036684484816415,-0.35230235846178465
0.07745404295250768,0.03498239412295602,0.21012182703449128,0.32237044251182406
0.027782094973207133,-0.05357843499172563,-0.32143551743508664,0.2560516990528359
-0.0018975774968857315,0.0221033063097583,0.05104652984595488,0.3807356264793589
-0.02524727341011026,-0.00712382485151848,0.06423324795446592,0.5768650344248163
-0.0719052215120476,-0.011010467313565059,-0.2904492000012528,-0.28078242158585554
-0.009146354517730194,0.08169988100585102,0.21282027035088003,-0.55308082920491
0.12145489625914577,-0.0418129019756727,-0.005905637526418851,0.13421299032923864
0.027263684137873636,-0.07417775880844228,-0.0597337771139244,-0.31611238883282045
-0.03972949815509361,-0.06585486227393825,-0.0918978503139471,-0.5327849754905487
-0.0763940418011401,0.024490749757655424,0.7937664310079724,-0.29339850810236506
-0.036003903663133524,0.06644549000870727,0.2362772479638788,-0.05790202591252007
0.07731874566903384,0.0582310710247193,0.5171956526147805,-0.21872714805695156
0.07341701598738146,0.040280635886849325,-0.16942887196615283,-0.13257497547391384
-0.0017568481506394507,-0.06821030784440564,-0.6568115482103648,0.008752310418200203
-0.02439563642467138,-0.028642511777557726,-0.0215281781771398,-0.055272148374560376
-0.08093711464800084,-0.007996335182604683,0.1347736293508446,0.20454285858673166
-0.023736511843824182,-0.027094718463411417,0.12699375266376126,-0.15371960850592983
-0.05664357094855779,-0.018944476703153794,-0.048208256436933945,0.21061491667323395
0.0419682419168329,0.05349826398174958,-0.25014075332909835,0.13566416747109813
0.06901172355226166,-0.03226790165076693,-0.11862372678247582,-0.22881304582911505
-0.01131973739680285,-0.044502115980747804,0.21645944702510822,0.26592892422427084
-0.0715864415963245,-0.005883292087562466,0.26269259740253004,0.28289369186147606
-0.03845541749413604,0.05227285514500424,-0.26619599910980957,0.16848016468547958
0.018099828500952105,0.11233338822210273,0.18348662484717393,0.4724109622085222
-0.019710497542178972,0.01658040336201664,0.02977962284148197,0.4297860558044143
0.11042689242871057,0.011728958066141007,-0.08719908595132207,0.639350322970871
0.013999472698159869,0.0797763383266542,0.2225315207236643,0.05302891099998133
-0.09975634682343183,-0.05350803529711659,-0.25465197459571864,-0.5051940199991062
-0.04188576996297234,0.03381681509040025,-0.17791401247519462,-0.208757480319404
0.0747425123655837,0.046589979051388064,0.5641010745357903,-0.10401546918839266
0.025629373964710978,0.0037009498463722104,0.6041482272427724,0.36390554716890405
0.12487687129492311,0.01773859783295223,-0.4214125239869035,-0.31759828754266545
0.05804153929296453,-0.013227284635700328,-0.22193313542006232,-0.02399182925165423
-0.06497300389609631,0.008964719506209362,-0.2294111507895922,0.152467725171743
0.013188476005374698,0.008565728824915759,-0.03587095999705754,-0.01004222784731514
-0.01576873333429417,-0.02069869615468914,-0.4259800232162675,0.07487261040375041
0.04686163006856794,0.00025767594427000134,-0.1138103462813092,0.25290507203894186
0.013472981908313406,0.0246119694389471,0.1957768331458414,0.23267541056574845
-1.1581376136911639,0.7439630349603962,0.3695028517761978,1.405521528814756
0.022831565288851267,1.3407507289164662,1.4867025668439604,0.2783138391903206
1.1810472327279211,0.8126083112664291,0.4320830154341726,-1.3097847298808933
1.2372672454216924,-0.5551273373404306,-0.5461823796355125,-1.4896019169404597
0.24096145411799652,-1.3290716191489875,-0.912107271083791,-0.35252258869121755
-0.9884315844492183,-0.911436801975164,-0.505123665121387,1.1985379683740087
-1.2349551678834219,0.3471753929476531,0.3277161522499472,1.2663697506213074
-0.4075816786882029,1.2460809126174315,1.2894172896420193,0.5121537348050298
0.8011484347944928,0.9502041178409371,0.734736375384864,-0.9805888695225329
1.1747497301132028,-0.10872002639518452,-0.23838472427732849,-1.4315956116755686
0.5715367790903186,-1.1056731427355937,-0.9033610725144825,-0.40343628185704916
-0.616538711655888,-1.1351807560186906,-0.8531492356317888,0.44901598227906847
-1.183350318826538,0.02405567279831288,-0.1365413278963723,1.3616501117217557
-0.6499382489836658,1.070561337308281,1.340898155675414,1.1548033391368477
0.4378926216744995,1.077353977776329,1.5401989209982465,-0.08099149559631424
1.2026022385409239,0.2135472955297873,-0.42608840322369557,-1.5265232880982866
0.8237166505866913,-0.8809546123498471,-0.5737483149169098,-0.8270830165452986
-0.24411393121457922,-1.1570141245150842,-0.7499201077596369,0.38831460581925104
-1.118255247162348,-0.30779223422484575,-0.7349391263083083,1.4217185408450963
-0.9188888467975257,0.7944140323327096,0.5729482931853264,0.5797827725076576
0.10725252182257639,1.1365399225758914,1.538089098248152,0.1858225936024549
1.068511462818909,0.4983665965483683,0.5616768574912201,-0.7770561420354205
1.0220737296567615,-0.5765449289944646,-0.6593219636826414,-1.2983463194099365
-0.01259293878974983,-1.1897123697512435,-1.2902145717974696,0.42271863051865033
-0.9353571670380324,-0.6102839899566923,-0.43236258787944404,0.31248515137778987
-0.9944308972728191,0.4656108562264011,0.18654834674072307,0.7972886865984371
-0.16532379463292987,1.0338289800312634,1.348031333267557,0.6637760708258372
0.7419094578007381,0.6512539491435556,0.7115494874324813,-0.7331769128479826
1.0284036197363335,-0.27724792736266685,0.07539156815068004,-1.2005451170919883
0.30544864125422444,-1.0404623609394072,-0.6944297276162026,-0.8154974914897495
-0.5606630754668449,-0.7954645661178122,-0.5778092697205184,0.5468313060884361
-0.9523038995190249,0.10996870020142055,0.046196128268541914,1.2526450177934096
-0.4572576668471545,0.9338523326002399,0.9269622613317315,0.19771419712259708
0.5293756459203411,0.8018733685078433,1.5723746860383876,-0.5861307518912662
1.0169145496661722,-0.01748104686345521,-0.3148419287555587,-1.0320151024700512
0.5432450905126406,-0.7958284925773552,-1.1920461334807446,-0.29452981272863943
-0.4050012086523389,-0.8409758316172925,-0.6750544283697596,0.3615524450851004
-1.035091697494268,-0.16306559540383816,-0.2488863292432525,0.6921882952776481
-0.6566640953144527,0.6555720820455788,0.40644081433982737,1.075072160105211
0.2706282028945812,0.8930505002030389,0.7886715797662455,-0.57395068466842
0.8559534599456955,0.28585671772890076,-0.3421102551739652,-0.9244169102325974
0.5796882069738415,-0.6302154023564981,-0.20045398361369093,-0.6825694456735132
-0.12764042822296395,-0.8782832451226753,-0.8850090987488397,-0.38559294941213684
-0.842399693151133,-0.4069783043056035,-0.2399901798670656,1.30958055327456
-0.7463086608142987,0.4142111701644053,0.544149063962171,0.5830584130064184
0.03190625707212742,0.9500747821003226,0.8675197239384194,0.06335470776979935
0.8131969521312435,0.4454538433126237,0.7039585585632252,-0.5241843619795777
0.8316514578624556,-0.3773412599391841,-0.8338754163610573,-0.4953231444318973
0.17109714859476027,-0.873799661826089,-0.8953683414185696,-0.2693356760712151
-0.6425065633104422,-0.5314598837506191,-0.7403276405873549,-0.18976245832104666
-0.7786808854453884,0.19791920164878396,-0.16878214382409162,1.3004519828598207
-0.2754026093737929,0.7882880583715297,0.8729968649525551,0.2756617152659063
0.5487330710198934,0.5746482108804384,0.6113421171579098,-0.13155625746432642
0.8208537508996407,-0.13042125076793723,-0.024623135569737387,-0.8194485312538525
0.3386521841056028,-0.7436666829079731,-1.0753557247388539,-0.47918708629961393
-0.47349550536230367,-0.696986569414836,-0.8109759257836954,0.8549852347921338
-0.8873407087351478,0.020048947120345755,-0.49728889863837444,1.1652736588487596
-0.4728855688948015,0.7171498769769342,0.6245826150681338,0.3412376234208775
0.27005114522982665,0.7249884823313131,1.3345253145246128,-0.13013721990400628
0.7929438824644841,0.1282539002068277,0.10337752868891714,-1.0900696580048002
0.5058797664822389,-0.5779514709092091,-0.9479900307761674,-0.7077070265822544
-0.23016645226186552,-0.7706224723666157,-0.48205091537392647,0.8767837951693175
-0.7139251121413427,-0.23522761456802987,-0.3072925172656865,0.4428457928004277
-0.6240371912812657,0.5323062889197947,0.6866282043941191,0.18085020924744316
0.09713096437939547,0.7157343055242139,0.6676750090994912,-0.6158373437357989
0.6271284099875102,0.31814073665711723,-0.3440330259832658,-0.27827130730940564
0.5699186355621118,-0.36962146473938906,-0.27667128839876987,-0.9100612101798211
-0.012194884097822802,-0.6803379609980307,-0.47413385363604665,0.09689757686899281
-0.5144993174197527,-0.34680259597729574,-0.2208742431257127,0.9335706377540043
-0.5658645736095042,0.30435849548290783,0.2422029505164336,1.185637854066251
-0.11958509676701493,0.7145050681367274,0.4271279696682542,-0.02857058433286208
0.5365711473514839,0.44815357004818746,0.6595090463659381,-0.27045843998335845
0.6815128866038997,-0.17308038105147222,-0.49938529082146577,-0.990033786997254
0.15955836769097298,-0.6224956850518718,-0.5074770458774926,-0.2408697613672267
-0.44769669428862446,-0.5343495143263752,-0.45741098537204705,0.2165323970477681
-0.6791301014028016,0.026607667206956814,0.013352390895747246,0.5373816215210129
-0.22760148180652023,0.5691983578717541,0.3581957846209975,0.11233488981821027
0.27325526302394676,0.5583589019590295,0.4500633477318511,0.1295341880820272
0.5835866274305632,0.05833423876783586,-0.16048152548505112,-0.8190928221207475
0.3245434970370734,-0.5147826708127848,-0.08860076231434505,-0.21935458836763289
-0.26216867348002343,-0.5207686526085114,-0.8079940512373008,-0.049130298782753545
-0.6048220449474792,-0.0492646002731817,0.35314222866268175,0.12483314052882388
-0.39850531755767893,0.40703428886625725,0.007343435840331258,0.7579791513840528
0.18334317821288704,0.5838729922615975,0.5176413076124359,0.11398581891418513
0.5462686418244251,0.1811301117018463,-0.07299894288358477,-0.19336804845471373
0.423461530284385,-0.38598235254640867,-0.3878245444905032,-0.42358852307330414
-0.10635530890888117,-0.5512232015025781,-0.5715294968692605,-0.2949653527152718
-0.5551711092785037,-0.2504666513968325,-0.6134176459010854,0.9925105664112251
-0.46648186073358955,0.2662988663995272,0.7167047893566897,0.2842032082658749
0.011532319951911878,0.6785731226495906,0.2920145359915512,-0.16002440050857603
0.46907425720480544,0.22027218976310478,0.3292862739221966,-0.11835944384826297
0.5361030011289974,-0.23487885911320877,-0.7143324468022338,-0.4353729112223324
0.14580887123781183,-0.5287458134864369,-0.7212031110633345,0.0007700530938054007
-0.49050492120836,-0.2920722267517998,-0.5865532088588965,0.6450716046045332
-0.5505587939009551,0.21615821277958075,0.17128738494481904,0.5812822310153776
-0.20001077386638694,0.4602484788542114,-0.2547038789992249,0.2694786781663222
0.32275578052221365,0.5361988449472992,0.3280302391059736,-0.41767743055083795
0.5552472878710417,-0.03250422324311758,0.11141821614740588,-0.21721844787511269
0.2517035507479794,-0.4981799382463649,-0.13734779264557434,0.20255604990721432
-0.2698541422074287,-0.3919532459042121,-0.06351660337276355,-0.2767038795632659
-0.524756364788237,-0.056834060524657386,0.24527202680624083,0.9066660756696373
-0.2586687545351106,0.412276836442322,0.6753577416725196,0.5098148473528002
0.20372578051031207,0.5053131583047931,0.8130503704353274,0.1671186429615712
0.46647854766790164,0.10467706246643976,-0.505765070038179,-0.39010249069314873
0.35155746666583293,-0.3933787164556929,-0.5167348791856932,-0.05699637863027851
-0.12838293924947292,-0.499815752840479,-0.32884672041685886,0.2128044336127785
-0.50677598142435,-0.15340282416819043,0.2702095751502562,0.5216889956214429
-0.3898022748452199,0.3317157398453087,0.527139497388685,0.4529390894009963
0.11068033867356623,0.4632298828715956,0.5749393160645224,-0.18314212590126722
0.4194648911521532,0.10402545457449831,0.17421063535028647,-0.2970413650038555
0.3546306780780671,-0.21848090342232152,-0.4781529902137882,-0.3927905926479558
0.02828272583093847,-0.4340006802687868,-0.5489257302223189,0.21904285575224225
-0.3779291557000348,-0.2509834833566757,-0.062183556956390273,0.8481505229661397
-0.40833154435309926,0.2371374203337971,0.11524390156650022,1.2456382926786491
-0.030884831891944037,0.4382202167337772,0.714910004829096,-0.11526828457255667
0.3335114530055918,0.27372073583661866,0.7450091859538279,-0.2124984001265033
0.5170416792828281,-0.07866415984241883,0.08335998216373819,-0.3687618757786788
0.05719258096308526,-0.3593475047618948,-0.2568334094569269,-0.12400178958879848
-0.2649745748544505,-0.29905841020841345,-0.9288625105746003,0.4537797092996032
-0.4010063871460757,0.13881725240524148,-0.19719837435988347,0.25149114273426737
-0.16471629389305653,0.40112663096985424,0.4301580331941694,0.005234746576525673
0.23476288611484555,0.35154533706747304,0.4696946034429664,-0.6162757413726644
0.33146466990626955,-0.025438625846045414,-0.09786615185494091,-0.016831064027086652
0.14418298559552054,-0.2816644975962389,-0.32726228569598753,-0.3779947055807961
-0.11918710105435835,-0.39502157651733993,-0.12365732081809508,0.15164478338571818
-0.4157720261332919,-0.014056041823379176,0.3072698194598322,0.6292967057303125
-0.3407980208607984,0.3202687097812132,0.29252705078307584,0.3496904300897208
0.1249399607076657,0.3660647770616039,0.3444058449927854,0.12671841936340827
0.32486046354713466,0.09474067230435,0.46652820269695,-0.24218939920340202
0.23250749955511812,-0.22982876646045333,-0.9090349903623751,-0.39074035539846036
-0.07002608127482937,-0.30204924478426604,-0.3184078157421429,-0.2907566644409859
-0.3655981267227278,-0.1278366035081388,-0.17848669633413639,1.0098052108186777
-0.32000855873587636,0.23163735181217535,0.36914431416130766,0.2593817142629166
0.024923888919014193,0.32114994394953966,0.5337202812080746,-0.6000131526709207
0.33323395596437283,0.1480641033520899,-0.043764017715448855,-0.34561905326303016
0.33206956752300776,-0.18198164514594503,0.39690811753288285,-0.053723760791469094
0.04899129503183078,-0.3753140463515694,-0.11629606578593646,-0.4998463534637698
-0.21253245502367857,-0.18088409354348578,-0.40464417643834,0.29567524879189433
-0.21669512241857025,0.10617490625760725,0.4669946224280727,-0.06332393178018168
-0.09757071601214377,0.3794425686800767,0.24904004097203683,-0.46407470177223215
0.21598271829137725,0.2657307148561434,0.21247484747204906,0.23101277695149774
0.36284281266625584,-0.06168957694201313,0.025180883815009714,-0.6398788849774739
0.1047525332312132,-0.344459691256259,-0.13465850399586657,-0.18939735094117616
-0.177972794680693,-0.27894576897077394,-0.059910502611138644,0.26117361534645595
-0.3607552251064576,-0.0193447647006361,-0.16881759847385464,-0.0488508680605473
-0.13430360187031917,0.31021694222655,0.18845204716278804,0.6548524445260756
0.20208090812796117,0.29651628890419796,0.07180038641666456,0.0559443799890727
0.3408306004735927,0.028738634215824177,0.32943420019339753,-0.529990166199212
0.23618941559843992,-0.29281666020020697,-0.3511315007182836,-0.4744568507471981
-0.055804282612993215,-0.2451272044104079,-0.7073576876951823,-0.20592445559096922
-0.3071131669217083,-0.12160298760774543,-0.0015494286660619472,0.12776519542242715
-0.2361727266568803,0.18067977317242295,0.2506103147589329,-0.02325784423905103
0.13438557916143756,0.27149835277974793,0.398181196053458,0.16620022534096474
0.2828612486361936,0.1276557850217202,0.004815304199029952,-0.07672472648870665
0.20270371848503643,-0.11346956789860595,-0.045382475149461365,-0.5576268704855892
-0.025708198918331152,-0.20235653246336205,0.05918978799294688,-0.11852153724299597
-0.3340997597442729,-0.0984472216756821,-0.1131169584928686,0.41847620087006127
-0.2574092880823235,0.13910393901947518,0.06553606615979118,0.5636011042145687
-0.03404243530267843,0.33013810194307774,0.2811621287830815,-0.4298813135342236
0.2766025112346293,0.14346666533775088,-0.3130143729171664,-0.2478046885337752
0.25515103728911936,-0.13663742032728893,0.06849972798928655,-0.2777306336490214
0.09976297637936704,-0.2943182097268648,-0.04408901155329513,-0.7038407937643105
-0.15930634459318838,-0.22309406993585373,-0.31123227908189205,0.22978779474266922
-0.3143889094006982,0.05201349754233965,0.1151487562755446,0.10077189787897986
-0.12258611545134208,0.2552407672704617,0.7902011171313646,-0.29120256204663947
0.0647947861930616,0.22465710201779807,0.37820950114013996,-0.37175961549244085
0.26631973416250915,-0.07380586075862272,0.4369936956969678,0.08568661674565112
0.09257082844157838,-0.25165516067924143,-0.08966096927156816,-0.3424352423117008
-0.10760897601287238,-0.23455350263998861,-0.26843791270255885,0.3951777383383531
-0.2639133034348365,-0.025954175948115686,-0.005978280968021166,0.517585466173718
-0.1808011270276351,0.24712472266467322,-0.06253419157663552,0.4744917080721465
0.11059903707303045,0.2731277514978535,0.21930288346178647,-0.39005464497200965
0.23301942975845266,0.11702735343979995,0.034761915246953184,0.0672371498760878
0.2007415397992733,-0.13949445561911883,-0.5620415143514608,-0.20255370702001022
-0.06936570138795838,-0.23108589104075156,-0.042440121580470946,-0.295003538291501
-0.26548429933724105,-0.07522483838039196,-0.43414170100858074,0.07708847871197556
-0.18999790186279944,0.1677829975257791,0.08588714746843293,0.1540730693644629
0.042192453238521235,0.23821866097369732,-0.1594038922744468,0.006096325612554021
0.13779772030181742,0.16113690963291558,-0.13350034855844392,-0.20530378228043772
0.25696327834506905,-0.0748623718220181,-0.4246382727678738,0.32574835710520866
0.04711534794640976,-0.28730964658113606,-0.25007471972353434,-0.02512997194631411
-0.2894644989555443,-0.10678155846715032,0.20736223035106666,-0.29604685079443666
-0.10893907440752816,0.0707666404489166,0.037930518903617344,0.06766202021089351
-0.039297695764856755,0.18907201593773976,-0.23002146164988332,-0.02128562121064992
0.20237085584876244,0.1276271997112326,-0.03558704507894757,-0.2287679555965015
0.237881646983198,-0.06682330410957005,0.3704736761807853,-0.019967946222393135
0.02307137676898087,-0.1613917765869577,-0.42097949700996823,0.09625584995023237
-0.1448196276134406,-0.14497036330197954,-0.23967626857620342,-0.39175369835323504
-0.24914142538955228,0.042635178077843366,-0.37308670554688367,0.10080643940850637
-0.06327031681604334,0.23769930474600495,-0.10962708522938937,0.08179492552792933
0.10860115891150753,0.18328044236024382,-0.40980960469925665,0.38261620250447304
0.16963457956613098,0.08261276499206793,-0.14202062422522851,-0.3456139128953184
0.19327225073810061,-0.1791602111560772,-0.13611118530027763,-0.3239447541334862
-0.14287823849517695,-0.13906810489349708,-0.29976879434921494,0.0796985527006211
-0.1797149155085504,-0.10171495557765023,-0.2410495174651102,-0.010417403112886608
-0.18821672484422636,0.12076158525214903,0.14119185696955444,0.6206986857131326
0.061207744981514156,0.21429458629950743,0.24323833673123135,0.342890817098781
0.11861941539975693,0.14612941231721913,0.21362759743183274,0.06279026719563881
0.18426406384309746,-0.11924457297047225,-0.2504999051225415,-0.1409899136555883
-0.010293345572758865,-0.1724149297544909,-0.2886558088935178,0.17756703825505302
-0.1198156787459852,-0.10595751202972137,0.007696971429871982,0.15156915291515186
-0.12990779826628807,0.08480794043841977,-0.3014002735494074,0.07934368084858111
-0.03615436871378985,0.21611063235599934,0.25091848595849886,0.11111186817581387
0.10081198054376062,0.12893749446374808,0.23919160312688717,-0.09266522186170072
0.19548563799287685,-0.0692272502777298,-0.6203414886094314,0.024525575823979313
0.01847226657042153,-0.20161110378253655,-0.10503702049503905,-0.3255856612427408
-0.08997365986130826,-0.06886892478151717,0.115978659518206,0.03127648035282912
-0.15684875278698238,-0.0010019460465383462,-0.13281432205219226,0.3890396261567154
-0.07215283309685055,0.15380875631487603,0.2577485409537035,0.2949194320794521
0.11580547949493085,0.16474672417062905,0.1902376858311186,-0.30088326268983123
0.05290241001658608,0.03506388741918724,0.5651445037262346,-0.2857412998608596
0.13846181071802527,-0.1609992114417941,-0.2293552797849363,-0.21711819812372454
-0.03042274945588469,-0.1721760092159706,-0.5917664110160329,0.25329114560368293
-0.1932010221320292,-0.035397313100142595,-0.21556677058111193,0.20245248782200798
-0.10238097151530741,0.15009934001872757,-0.03496688114263867,-0.08315749093327669
0.02011978994297898,0.13821506494176702,0.24711061520511424,-0.2337831364002993
0.17455038750904264,0.05032739388283562,-0.22467161543130373,-0.04406748144837193
0.12883842333777037,-0.10349304567012238,-0.42607928246162113,-0.45274645274503106
-0.059829846068471,-0.1284563433172504,-0.3347024971820582,0.6628921808854779
-0.1402590113117036,-0.10550716252969917,-0.7163142991085308,0.34815282778351203
-0.10988363647129717,0.10810902643072512,-0.45073458368577457,0.19301385662048162
-0.018561505641228618,0.1979361505890946,-0.010662059382778375,0.06155277226864542
0.11583670675268912,0.07934813385517729,0.18651243701022252,-0.15540507157267328
0.10625486659905808,-0.07176960522330898,-0.002671093056628715,-0.34347979902876924
0.046528907041889715,-0.17090203990393138,-0.09663854478756932,-0.04848184547361703
-0.18081203620182618,-0.051475615441380226,-0.12502718945343624,0.48055930829428717
-0.15356213110103265,0.09770042682938983,-0.12228388057363579,-0.48668569897544595
0.0343000379459232,-0.0046805928477424985,0.0030762668079989744,-0.644453428566071
0.08176214669074668,0.08359731897634702,-0.07123394014472213,-0.24566426271401987
0.16341251862252085,-0.012938481077698794,0.2812460930245328,0.03000854640068544
0.043525434947790334,-0.13767679036791453,-0.1639761946565392,-0.2726900474148178
-0.10264941139072443,-0.05775615221834209,-0.034318286022649996,0.09672675523168556
-0.11626231191622047,-0.007850853229849158,-0.00805559465637977,0.07869444832204822
-0.12909520805653296,0.1376976660664386,-0.13061444383877913,-0.288157633076374
0.04322164060307725,0.10492165310355193,-0.2704042256722823,-0.2849135565695688
0.18683001073745453,-0.035021152017513976,-0.15465498995514512,-0.14439108166522643
0.08739507402909708,-0.1001224090189775,0.055956793910059976,0.1904989256106993
-0.03993413096443057,-0.1795739927509538,-0.6046888351023066,0.2172116617625429
-0.1352969757143068,-0.0990131651354065,-0.14407796839195525,0.38600099528703263
-0.05552560695640628,0.13460284508172965,-0.18584837299785417,0.10144244681776035
0.0018442253225801133,0.14573324797506543,-0.32804986849465745,-0.9910454162404554
0.08185232624749283,0.04192703806247747,0.496216265074165,-0.18638611104096567
0.09404002534225038,-0.08379096538734988,0.04275525526225579,-0.7741201172675932
0.028353859578152445,-0.12920558022032286,-0.19736594283926728,0.1737114524611208
-0.0855036002997495,-0.10289851470227547,0.21173554895824945,0.3904892381146875
-0.19333215604710374,0.08720325336861016,0.442620342378707,0.24196916045794067
-0.005191810649211447,0.10894596420610807,-0.327997581631089,-0.16489080109564366
0.04475103257676559,0.012569740935452732,0.08635266183349262,0.29184717424759726
0.08897860052470463,0.030766279040676588,-0.08174315320729125,-0.6137089839035281
0.01106796263718294,-0.10687877338827051,0.30653012370101346,-0.19590341386523302
-0.022378816794459744,-0.0315991909684188,0.11558715569831686,0.06831121854947886
-0.10911210623858092,0.05403077492759305,-0.0075332103041221565,0.47738828148013873
-0.011541111858522676,0.09931801944578153,0.37810343284875353,0.00013743763727647185
0.19092444960948618,0.038083348746925344,-0.34638925343270566,0.3670947829416213
0.1139212108079378,-0.009666541303470845,0.5874771863619354,-0.48184642280681544
0.09414223201878771,-0.12910196923729833,0.08423244446563875,-0.4037903224761419
-0.06519394150528361,-0.10893381445543276,-0.34001322250479726,-0.06414289329256043
-0.13034424169499842,0.011803792105890498,-0.17607349476798442,0.21875409049355118
-0.07285682452085343,0.058869468361845576,-0.5324994872437292,0.11016107234642666
0.020655975184189976,0.11934770596640967,0.011616382898552869,0.11839638267397593
0.13521990745209983,0.02588247633571318,0.019871933362539743,-0.0629677914635204
0.042496396365252084,-0.010852472944217373,0.30646971936664036,-0.2971659250668507
0.01070489272549225,-0.13337488350127458,-0.3950252997548655,0.008799277131543576
-0.11510705005581841,-0.044890398623571574,0.3178863848989101,0.2307700817973915
-0.04878268459452524,0.02062312142853385,0.18740181484201404,0.26314568141039746
0.033398459529530106,0.09195736736699199,0.03210233480451609,0.39875291201671303
0.03510218649228003,-0.001348725472595895,0.2211089633674031,0.17968946418396603
0.1387254529534932,-0.034677987763173185,0.23515409710924662,0.37874978051439245
-0.01869539904752773,-0.07406857995636684,-0.7755122707763876,0.0483026609273687
-0.08049560882868581,-0.14356361135844087,-0.8438070659991337,-0.12435657144938224
-0.07460928401477356,0.026614411018842266,0.24629378763654097,-0.22172775224581234
0.04227963218235119,0.14300380275456287,-0.007663173834614829,0.08366583702118034
0.08862950755902517,0.06693477076280446,-0.2457382732445488,0.3604412752756984
0.04473054004673369,-0.020277583866406833,0.04089790694614445,-0.6230091183437845
0.03845728552302116,-0.11389043026811198,-0.00032939247937463154,0.5946169126734983
-0.030287984504900382,-0.11216014704981492,-0.32063426262457356,0.618819134156436
-0.08752062130649776,0.02266719898159395,-0.3893234985106622,0.33959260709900674
-0.04702937137687712,0.0915988980285833,0.25259888814949805,0.44877243667086564
-0.018990350884698234,0.06845144167340751,0.34081124651866773,-0.8413276849800316
0.047415406873790866,-0.00975936761532925,0.1979473287898074,0.32486245905546784
0.06368888886453004,-0.0854199380589637,-0.1729508708767744,-0.06416062022570626
-0.03141587266121494,-0.07475764996311315,-0.10403222132825021,-0.12393361740338088
-0.1586067749233357,-0.061450209202374206,-0.24866695715172693,0.08618473368996844
-0.0751387662976016,0.042574896028944965,0.14456216667157634,-0.3377845463313238
-0.0009642253870011212,0.05009105119387748,0.7119897106501396,0.2955093649582384
0.10666370121378366,0.0488334729571459,-0.24481845267259772,0.15313295957908127
0.0017298030452175192,-0.05027990292721289,-0.3023770951061108,0.05087090745021103
-0.022252149897421587,-0.08111636571433314,-0.2169020613716062,-0.30118962506326385
-0.02024668043617278,-0.05634511453722592,-0.2576545150985819,0.36325269341502375
-0.08593013347927603,0.018701672944469352,0.15050814816317898,-0.07595819747002355
-0.05653873806064757,0.10902746396432053,-0.41080176113810635,-0.10874477113449535
0.005777036883112659,0.04834488849012936,-0.3114731314577463,-0.3696052290682687
0.020647404974344807,-0.030976721396757678,-0.2716195389901375,-0.1461763916675009
-0.08723523940498175,-0.11341243055649208,0.08573639024422923,0.1931798260910906
-0.03734597028670886,-0.04209343298559903,-0.531380108235347,-0.24562982280464585
-0.08145863005889446,-0.01298154684561154,0.06234781193341265,0.7172831035331457
-0.03180589210909344,0.025370379216352067,0.06367596379432479,-0.09031457079577726
0.08469326258567533,0.01350352983227407,0.48858361753141843,0.5994269972739188
0.08517292389970846,-0.046626652450569996,0.22586660704591907,-0.05164010419266522
0.025870969689471293,-0.09047663346649301,-0.21379632562886583,-0.13406432279532504
0.012960452981005295,-0.09248991040645065,0.2996532923646708,-0.3579090219954099
-0.021634199354070738,-0.02562614591253972,0.3064900415600477,0.3044947464353429
0.050767005760054246,0.0534067646113853,-0.037860278522794215,0.2273251156603043
0.06553359065969525,0.048014771313090406,-0.1872148183277105,0.4419977424202641
-0.006245600519946742,-0.006720434795735378,0.0025458174982006393,-0.06570058589597268
0.015258976857311153,-0.06371304946888234,0.18588410957077167,0.16395569320935846
-0.04571167849308389,-0.027606025270725573,-0.3157513784385597,0.3946631632852929
-0.053496042076900376,-0.011634338952140359,-0.05188700575555049,-0.40301975738290874
-0.04288859213729321,0.05690449519937824,-0.1496537030798047,-0.4083398581469178
0.06220392816092884,0.11266045752626706,0.10520968096374242,0.2854553358368697
0.07497794965633678,0.011539959191785253,-0.01539726605450667,0.08267220614593696
-0.030888199490182407,-0.004897769093102838,-0.14564806161748672,0.213930651991046
-0.010325553384862081,-0.09451424552462911,-0.06977173248891677,0.3251751389867739
-0.0707104592746387,-0.0037340890116119366,0.257264079329757,0.3367445671324293
-0.4746845785256879,1.1894230609270449,1.7490349409136856,0.02716070448453456
0.7038524466628644,1.01457059159376,1.192601357896798,-0.875052641514597
1.1952062264740602,-0.052688295073263613,0.0880552834504078,-0.9434968609282018
0.5573211618921998,-1.0410249688625015,-1.145851234025989,-0.8949697304670157
-0.558051512282611,-1.0695320004911157,-1.0417149335361182,0.6644306697802216
-1.2136265333341743,-0.09703273021732199,0.07244981339552647,1.5029478596125248
-0.7201066393989717,0.927403400791155,1.1260282656592602,1.0244152317631627
0.3857496740370832,1.111461778275704,0.8299535923839415,-0.6118815942021172
1.1677905592681213,0.31136210140236914,0.024590370070889378,-1.221268844271996
0.7968068742675419,-0.8013106823111468,-0.7255973304984725,-0.7575075069801429
-0.2505655841062895,-1.1262423075303236,-1.1531422540702667,-0.07469077293371762
-1.0006832667997998,-0.33506686485193937,0.0602445174871602,0.7500478148541703
-0.8894179847787453,0.6807226425528314,0.5658487587024957,1.099184385286505
0.1593795507387629,1.0611359319430842,0.8556480288615823,0.12015996302029208
0.9678944715015999,0.5191076885564282,0.5481015992143123,-0.8727997668700912
0.8918384202913019,-0.5923598196787578,-0.48029295213314005,-0.5496599280514164
0.10739431131584908,-1.1067717491846256,-1.317367721227124,0.4860323089953589
-0.8160622859969218,-0.612726224215267,-0.7948471781408911,0.865116219202367
-1.0272004774989176,0.32464701379013305,0.31167798123161616,0.6999360667361922
-0.26088492460081913,1.0334922424273782,0.4982336265830828,0.6872782528174487
0.7320141879196662,0.7324179166731792,0.8625798758813058,-1.3468878740880523
1.0452160484563984,-0.22525214647547773,0.09903989298032545,-0.8963173985607418
0.3993731092975924,-1.003041850795187,-0.8930418857135541,-0.4084647838063782
-0.5706258119118354,-0.7182322232488361,-1.4080487269364508,0.6647272336600518
-1.0281657349559727,0.06788486040246378,0.13982069038365574,0.945519675771066
-0.4191385368765296,0.8472514972666211,1.1573818424675735,0.03754588720921381
0.46622076046706434,0.8021242494636084,1.097082242222165,-0.7488948171503806
0.9517467840760784,0.08686908686814651,0.0035715520095624953,-1.1772577558491133
0.5355219669124903,-0.7830116686056141,-0.5416737056936932,-0.3498348526668521
-0.22443504511290208,-0.8689880106414362,-0.6760667423769625,0.6756881797564618
-0.8536897719748194,-0.1371660200529401,-0.44191232434247774,1.2170477285625458
-0.6294654336354033,0.6262881620841916,0.646043219758633,0.8801541168602672
0.16659492434815382,0.9328459232091759,0.7756961408689644,-0.2384340305069027
0.8444723555020012,0.3517501322621185,-0.23488510834491994,-0.6078475119617478
0.7320093152546008,-0.5716573587330744,-0.6239341799581588,-0.5586107662442835
-0.031111091282088117,-0.8503087960628218,-0.734672882228464,0.11197434523027294
-0.7737975618308169,-0.4971320604289971,-0.23803617203235927,0.1610693381070194
-0.8280569993279698,0.37842181804903563,0.2763292443677928,0.6492255699366362
-0.026116101883055118,0.9077263018736328,0.8371909656478306,-0.1466180377321724
0.7143856117360419,0.5026938383308202,0.7692877278052274,-0.6211699554306263
0.7656053982203722,-0.31422937252889377,-0.2930440255613348,-0.6486294245040893
0.12188651812467659,-0.8135800851435085,-0.1995298450329916,-0.07386184519693417
-0.5295331661897351,-0.5674834561124085,-0.36993587934853633,0.9914851941178773
-0.755310737911087,0.09123413923302645,0.21979725968414465,1.4341184563713667
-0.2581172390684016,0.7919294631551728,0.7250092322429522,0.4227062869642456
0.5059368403536724,0.6531781094634552,0.4782142201118367,-0.6204779579869157
0.7421840686750107,-0.062295418178060294,0.4354566011781402,-0.3474591498201801
0.4073619324842202,-0.6959529915243012,-0.5955650249024613,-0.29377319576395833
-0.3224716596565459,-0.600228183158546,-0.9435811632060583,0.361707517525357
-0.7754446334064475,-0.06630213299792331,0.3259902356646954,1.1854734698089333
-0.46325237855250295,0.6233777674028809,0.5043689468336776,0.18446911350446682
0.2951256846729335,0.6680620718306853,0.571673451032994,-0.2723014621382469
0.7510856280470068,0.1048302301833362,-0.05368693827036586,-0.3806797938603169
0.512114000087221,-0.5464718649160228,-0.5096684912474447,-0.7203353262016693
-0.1646544415673723,-0.7590006729949592,-0.4358684861924972,-0.24678393418521072
-0.6419493361580353,-0.18945753077140645,-0.25434796746315214,0.9415939884309512
-0.5781403839572768,0.397019967202087,0.7702792712915341,0.3278480524282554
0.04749547088753083,0.6611767808658905,0.8866963555226806,0.1614271648677229
0.5577626687922815,0.3174287467660177,0.02786090503354266,-1.1756930321192505
0.6245845378306022,-0.32174708977043437,-0.513550495262669,-0.46975147023760266
0.1067762645707872,-0.6334945472445787,-0.7625780833980824,0.06518493093317757
-0.5615322550736431,-0.43090187273903047,-0.396958001359195,0.46698294519171124
-0.5853593217658063,0.1938598931642069,-0.04578856777357754,0.33646300884969643
-0.11499493525234994,0.7014067887837095,0.897729367766157,-0.28598540097951486
0.4176804637675719,0.4548573565614409,0.35491956052712326,-0.4007399110068044
0.6281359700544565,-0.13614977138833775,-0.1708856809014564,-0.5454958731548651
0.22665085753126957,-0.6104885327755829,-0.7502997185684175,0.045587905178530175
-0.3729547286000913,-0.4417834219783066,-0.9051166448843506,0.26071738398757704
-0.675190714521681,0.06869842675539353,-0.3242378036391508,0.5958188896756872
-0.30960752870793307,0.5666909545882389,1.0005399242317132,0.3881725326421942
0.32662149590584405,0.5416401234643166,0.4911609003592665,-0.5053622822532
0.5772725658418068,0.017729664665083036,-0.1474669059128958,-0.640050769660456
0.37544252341712614,-0.5448978400732195,-0.3380327788888829,-0.3654356058147204
-0.28661209235022317,-0.5791881723201022,-0.5765200966980594,0.305365322799509
-0.5446693155531301,-0.10970918601200637,0.1584966774004004,0.6278684222450744
-0.4531529870813038,0.40482431007658426,0.6626988923009816,0.5430356377351366
0.12096873007593804,0.47241643652845433,0.7551190220090872,-0.2862561983243511
0.5845902006981634,0.18679122525764816,-0.34614761434981767,-0.4158971363272633
0.4489226965774065,-0.34480280002876407,-0.219688486789045,-0.52228473176588
-0.03029563720227292,-0.5668697487269297,-0.5091074731701214,-0.10986642792392809
-0.44176328420506156,-0.231441343532397,0.302074442162924,0.5195659841808811
-0.473016480730372,0.3393845417398337,0.45075705588944887,0.46694377992549857
-0.05439256678349006,0.5381840982964637,0.3587176327232171,0.26623514182443686
0.45415015996603714,0.33513384283637465,0.7800979396003765,-0.3216703050369851
0.44884507264581597,-0.19129530200236056,0.15644808741699934,-0.18952732252162366
0.054986492766334466,-0.5250376231772949,-0.2878276151347973,0.019520770573366875
-0.40362600123331294,-0.4164626184093123,-0.19799824868969446,0.2644036763739724
-0.5170001759665636,0.12493454721663887,0.19709465304280915,0.6367823377309041
-0.1424756353103139,0.5419121682902999,0.41866255173493755,0.4517735661254732
0.3539249170432893,0.3547938524844626,0.6272942267087978,-0.6234862841674973
0.5390236636221726,-0.11038976424211211,0.5642184564437505,-0.13249907465627916
0.34451132039394466,-0.4193569266101797,-0.45950906776290296,-0.02812406393159772
-0.2754279019122215,-0.41087330921498494,-0.6884330204589981,0.45151736108144436
-0.4804348458672626,0.0019386553501909327,0.0233316992030419,0.31957559360599225
-0.28546106841518964,0.363022011987552,0.1230551026687951,0.5597889229644409
0.23817837855360585,0.4479715325216228,0.2775158145364749,0.1584031666484534
0.47359506323627726,0.09656040346098811,0.4510143068675776,-0.08224814434833062
0.3050899821958093,-0.31002045845038595,0.10583030898418944,-0.10478810529370691
-0.17769998448051283,-0.4370420340888866,-0.5717479726033579,0.5379106522337687
-0.44677314779933736,-0.1808800032750248,0.21950795687467523,0.5166844006310868
-0.4296790367999972,0.3212133894788989,0.2965163509442298,0.6205827106258501
0.09864580043142962,0.4741481529497644,0.24032310099152418,-0.046876700944683825
0.37667482445179074,0.20847553199788246,0.6584127439436701,-0.5744415430776795
0.4315299723930876,-0.2334697365211903,-0.19700328314119303,-0.7564333338965779
0.0028608423564698213,-0.5134089187201991,-0.9070864597857755,-0.017216331743017954
-0.3183521615028465,-0.20175300327356374,-0.3837386462965603,0.40359142881106397
-0.4126928717687704,0.16820480387148798,-0.2116210435166352,0.5755725258361206
-0.17910375995722683,0.43066134780896415,0.2129747960394643,-0.3993923921602094
0.3414564215893557,0.2852853226069474,1.0020997139676617,-0.07876179244438453
0.40107559852153213,-0.059094731649293554,-0.4881019275308632,-0.4309438735505834
0.12846986434534405,-0.3776380955457092,-0.049868071873549955,-0.634141358102932
-0.24453369131841504,-0.28901316734047616,-0.4503975783769241,-0.08047029173922832
-0.39337091590616496,0.08469514789179246,-0.01365902330774077,0.3174145374445452
-0.22750776311027188,0.3094103136355616,0.23091166369152136,0.813738308313002
0.14409886320428789,0.3814286177094699,0.12236293549559837,0.08569788559570607
0.36826464003876563,0.06682361410478993,-0.3215345881888765,-0.6231644527004419
0.272334087775279,-0.2561448119847931,-0.20611740270332468,-1.0693794653077606
-0.14097585648113192,-0.384129797224632,-0.5592393106466915,0.017040962663749937
-0.31884339369150977,-0.1747899124905457,-0.35663715316323175,0.7407717542193144
-0.2975423179699049,0.24136210109404047,0.16523032024057097,0.2556325071467652
0.06365350300130877,0.3401674664291292,0.27117145019221595,-0.4300804638737332
0.34909998600197106,0.05381247813237405,-0.21059666879992306,-0.4089126240950928
0.3315205616452368,-0.2552865349920015,-0.09766338758156107,-0.027983533059759425
-0.041441733199730546,-0.3750954456146863,-0.566780737892477,0.15891693848716304
-0.2767679273510379,-0.21006519734711881,0.023519142756844302,0.2585038867374449
-0.2864969769149719,0.1982522510661962,0.402273415319738,0.30131174578942027
-0.01528033196044462,0.3803370135833595,0.44376459720063044,0.3245781279532414
0.28773438532525153,0.21747040097856124,0.3455394331024156,-0.299757730777091
0.3961085525136398,-0.10078677907267355,-0.06435567413802967,-0.06884679858984097
0.06461887637595912,-0.34116994204675505,-0.3396164252766277,-0.33780814416212723
-0.25958518107951556,-0.21062880037312195,-0.08337299044368224,0.023017488623195276
-0.2594670950925847,0.09629481255997104,0.41157903166699217,0.4940685229260103
-0.14148287469669607,0.3897962616492002,0.012132515514223438,0.20437144007110636
0.14052914554114102,0.2919636423492413,0.4334688492316269,-0.4023348589317983
0.33581606452391594,0.09180311327630332,0.18521109497660782,0.19560413505933696
0.08095142180288749,-0.3011997172865757,0.06085214167653105,0.347668807289446
-0.1547403900028228,-0.2838469861247337,-0.2712720684286818,0.22641731119924652
-0.2934136656792765,0.008524035367951013,0.09919629352812237,0.558963881674944
-0.1875258095245384,0.28196359300586266,0.5174638789928773,0.7248666088844669
0.1350378929476734,0.3135396320860052,0.20983903578141505,-0.07375308698202271
0.3959568602992236,0.09210940913226937,0.19375047335573325,-0.5522388231836833
0.2452553357881538,-0.19733711936383322,0.0632948834519334,-0.19720509054019647
-0.04866523478047299,-0.27070938955764345,-0.24956062545029012,-0.26161621246130223
-0.27713272643181996,-0.1240819427430207,-0.12445433986872478,-0.1601430144306705
-0.2563425692521356,0.20153749077373548,-0.09255172348950014,0.17352040025256601
0.033036428980089544,0.2330191145600611,0.1678238863841392,-0.09487473528061313
0.22369763433228346,0.133213192258153,-0.08450541907912279,-0.3407899262078951
0.1736636728181964,-0.15034207864564847,0.4488713789144977,-0.4875726398959721
0.05634628896381712,-0.24335983529129923,-0.31000745534896074,-0.14451710481805546
-0.27236073028496605,-0.11548442282995544,-0.7455499977656168,0.5180162533848726
-0.21302570540430196,0.15812183516017334,0.23672310972974453,0.42728111745417824
-0.09691784894248512,0.2589746938824124,0.03179439551646991,0.020612031022864963
0.249429308212611,0.1505170381385304,0.4219866092688386,-0.24933880498056893
0.2353996061647726,-0.06994241282321752,0.09264694957327041,-0.14901518616364512
0.06663478777927392,-0.2705287960839146,-0.43712152939289667,0.2310651379436396
-0.13419789651040162,-0.18509322053040753,-0.2747848386696758,0.2839212515737888
-0.26559813321324827,0.035788944312868436,0.629181978740998,0.3194558225006795
-0.11241481894653056,0.3083148129820922,0.2814346742083877,0.44438408127645834
0.21469957665814038,0.23624488040414432,0.1566663284707647,-0.1071605445794474
0.22397264293387226,0.03959411260253131,0.20210919484371231,-0.23569369842051024
0.15989460561006563,-0.177151059957397,0.10685408476397346,-0.3914937690332715
-0.07145837617333695,-0.23569066593941707,-0.08926317893051726,0.010277892054478127
-0.281605677565484,-0.11504625775135564,-0.3551612996855036,0.3274145951896122
-0.22039793572047273,0.2333091532258046,0.13295744677724625,-0.30049184894781017
0.058219818519080806,0.24537283836194387,-0.03316860771642765,-0.011953907655727486
0.16574166915675004,0.0819176956848443,-0.06903406189272196,-0.5203332338002471
0.16614135786978862,-0.1367849945585867,0.16668929722109802,-0.24320637653642688
-0.056411968444808475,-0.1581183462714974,-0.30239432071249117,0.5148754579607431
-0.16616069551783882,-0.15459449343415638,-0.2565282279896891,0.10697878678599532
-0.17340170019325787,0.1243953747773501,-0.07926449152422924,0.7439579408238994
0.03199031835183694,0.22667320479731573,0.09646256286371942,0.06173354264524311
0.12422532422702394,0.14114237734529828,0.5592588382054603,-0.07378407308100188
0.24288929955420854,-0.023606241208275314,-0.038394749339699386,0.15723483093227839
0.042975164356447014,-0.18954891026828719,-0.2048065684523311,0.1018247475935026
-0.17348962677961685,-0.1649138409601297,-0.24067296730229198,0.5757435960655385
-0.22001220859174636,0.048212258365743735,0.02618626493746612,0.20933349237016563
-0.10142039500912037,0.200508771413403,0.10087447296747426,-0.030953400925099323
0.14473924566339988,0.2049258762906849,0.34260262578364015,-0.22565453195135698
0.20851150458069787,0.028775618480891885,0.14511905723381374,0.35781179859354556
0.12046210074184652,-0.21368054464151448,-0.21851376336591982,-0.013992408991068545
-0.074972586428793,-0.10176472909043369,-0.3115936055719635,0.11931482059375095
-0.2579333339389577,-0.041730694721749555,0.18227225020635748,-0.02905222128313888
-0.11320572410940953,0.18953115824980443,-0.09259193007322038,-0.10804188241530469
0.13045802826292835,0.1633501332726688,0.2899825921394264,0.487505408176965
0.17798311812849554,0.008422737057794491,-0.23545111149880657,-0.4611883677132009
0.20595038046268732,-0.15732996028349083,0.20044866932428926,-0.08206501105161718
-0.0038063188201574102,-0.109269973732311,-0.01080039795108876,0.08293342234627785
-0.14254384818103516,-0.09318031867757805,-0.16737762231800873,0.2455115632848723
-0.1599626255965318,0.08895933613808094,0.1634942012640976,0.05320252512906354
0.011190745663872709,0.20946657819390352,0.8568299515658651,-0.21932320129665783
0.16942532231517352,0.0736887280603057,0.5587935813708934,0.18562820885582565
0.13980179926139252,-0.1473560746090496,-0.04270917594391119,-0.7676711171806927
0.009701297304134156,-0.20569379939197913,-0.22570099159273668,0.4764639361425885
-0.21976015072473493,-0.14352269695769831,0.1979491298833469,0.11600433461612665
-0.2545393535087932,0.028851257266558766,0.36112885718241994,0.11883529140084739
-0.08114024491408646,0.18555260919353528,0.3967488305653419,0.5491982176985174
0.11021331033018042,0.10765616158548046,0.14463044120551022,0.33946974330382323
0.1863157210992862,-0.0709993542716516,0.2681752987762337,-0.13189558294739134
-0.023166547807186716,-0.16623813111343197,-0.2371804115828014,0.5283751760892756
-0.17188216860531857,-0.10968943554709293,0.40063931639264483,0.01330569065241441
-0.1121217328989397,0.03396187435483529,0.15366385669908,-0.05064393038630134
-0.1082324976792671,0.1725339044952788,0.08868843637575605,-0.11219923644194385
0.045297395914735056,0.11961221267100214,0.3342192725029425,-0.32122826842144386
0.19102829564274057,-0.027892952559277054,0.19658231322289027,-0.21591212283530475
0.13369637741616575,-0.18732876353899855,0.4358228584956105,-0.275107118364905
0.007181536857912285,-0.16851034573336818,-0.1189047146930246,0.44272990911282045
-0.2074919091367873,-0.022819283723910806,-0.3233648498049853,0.0004905141775223693
-0.15751236348725317,0.09944139972897141,0.4464263300976882,-0.5367866957310813
0.03960312653731338,0.18387283218836808,0.28765230861008834,-0.16668326933186156
0.11247595768951821,0.04913475964861574,0.1137056822210504,-0.2484133733902229
0.15013324249282645,-0.1393718759755478,-0.2325220584122662,-0.4090116423757788
-0.011373285500380395,-0.14217795464033656,-0.21988053294833734,0.20885646905521804
-0.1649636940044683,-0.02450003594122338,-0.13868972605160998,-0.04281249575450962
-0.14105854548075494,0.06717189583736669,0.44741859219947083,0.19393910524770067
-0.00824596302867417,0.10078034008105155,0.31369640258814213,0.19797387256904941
0.0978621747771067,0.11266772136017628,0.5269000505457391,-0.2718721671761011
0.12846236860930108,-0.041792038757532304,0.013642802181236674,-0.24636067180030213
0.010379473155077739,-0.08501049110624295,-0.30061908428087786,-0.35906590576134695
-0.15298262058395065,-0.0806552777393512,-0.16175793791686088,-0.03629922186775929
-0.1802443835233874,0.05519322626133135,0.15749351870825337,0.3844086242042828
-0.03426472827006537,0.14677073347788566,-0.05863255897060467,-0.02153189552792499
0.14311907698406265,0.14278442557528268,0.10339351456036268,-0.08809472164819844
0.051975102570138446,-0.01666630329283459,-0.26199881718500867,-0.3786361554020519
0.08433854942688601,-0.1285049201758406,-0.12566262978454176,-0.008676220520460326
-0.07278801119616259,-0.09860578687510624,0.015575752756932515,0.6595818604147802
-0.18465648957060699,-0.03145708386965974,0.1735761955990897,-0.31856930151747126
-0.1139364147664582,0.0887892482182813,-0.2747857161974965,-0.04596298712715871
0.08211586776087632,0.13029307745695493,0.4057102478651294,-0.10482161070337462
0.13084489764221188,0.07311920076226212,0.1980777824957243,-0.48948107882816233
0.08481900640975902,-0.09103367212383635,0.03218241473665291,-0.1815785296155404
0.06200389989831992,-0.15569652675040513,0.41393247628983065,-0.029190453689059565
-0.15089417595299956,-0.062048867071247155,-0.12120909033320248,0.3258164976976458
-0.10944372156818524,0.14008898767258865,0.21274792423720676,-0.06481316433460359
0.012240236070304663,0.15483493893758377,0.08408763027207918,-0.3024754027745685
0.1350622401049436,0.08629755713996334,0.397835238366869,-0.029359861597151073
0.16560897434242472,-0.11353559672200517,0.21549827346878858,0.4242290354141471
-0.015693162715860864,-0.13726024933657444,-0.2469357154423492,-0.14297316859880727
-0.06146833141404775,-0.09271320459711825,0.42917696061084565,0.2561704531639177
-0.11581587383043268,-0.017851358977982228,0.1181983476979881,0.20107512904357147
0.01584239438538592,0.16998320070482148,0.22217446974290664,0.5649969862228652
0.08415726607208093,0.032865412806880316,-0.3142279893647451,0.2778593951069451
0.11568523688792984,-0.11592473586807639,0.04502828670756423,-0.27011201696987547
0.035266848698834535,-0.14140996881149961,-0.2389060913032454,-0.1386259497324628
-0.06591414078719092,-0.102627062233171,-0.11597478276688933,0.21068320637104432
-0.1801914353362567,-0.018523465980142855,0.28924855572890723,-0.2457335251355578
-0.04339134992885334,0.06207285029351483,0.5008357641362179,-0.38795007439703694
0.02194088249930594,0.07237812602911499,-0.15536249108711653,-0.07725410195031826
0.11959915826398851,0.0207110802999895,-0.40862122625822495,-0.11561958798595347
0.015203761621471058,-0.05131553968590683,-0.07132293523945801,0.10449889788548272
-0.03538882373970835,-0.09543370440355138,0.13077877027675064,0.2549641855247309
-0.07415378144331396,0.0432640360307735,-0.3233713383425871,-0.14443767417339
0.008732275749549198,0.09250438757624889,0.096278547773351,0.31807158652250594
0.09838990323782693,0.050877927104439086,0.23031715762607757,-0.42628315758687446
0.06457288072399583,0.06471684895531611,0.11762849811921369,-0.5107249031043319
0.07611143620962385,-0.08728788974368076,0.609699197455493,-0.15335357750561177
-0.03615828519869128,-0.0748916938101957,0.22331868436823846,-0.5190599835629425
-0.052707965911402074,-0.01328056864702026,0.1851112118504692,0.07966353874554036
-0.0712301011706811,0.049610357789746914,-0.4526173825846,0.20394589785953496
0.0038746075456831197,0.13339345150780763,-0.16218078226427418,0.32835723286554486
0.15241065681203192,0.011446767547188055,0.06279721722112441,0.21659694417722397
0.049701703306308166,-0.0009095501612390242,-0.550905953450213,0.20151675012841044
0.05898946636094888,-0.05476511085006863,-0.08251568354316627,0.18913676388157621
-0.023644091401273944,-0.09744457307828752,-0.27584926434190443,-0.31534423176099197
-0.06158320041457011,-0.011365315562813855,0.12357431441841885,0.15307001747127985
-0.008706845983640712,0.02370918775454591,0.11729665333591946,0.2596668945003356
0.07458596892993517,0.08690423245526428,0.0458338207988688,-0.49527972427100636
0.14809049643919803,0.03588303831561031,0.03476423357892326,0.09500740165141675
0.05511134510109534,-0.07172093356891478,-0.08812989818958251,0.1294574831556697
-0.030870070660966545,-0.05756968415905078,0.45993381040073184,0.0324556933880131
-0.10635020017679443,-0.047313226670601255,0.0531220736951854,-0.09731372948471877
-0.12303478021288444,0.11951007207211176,0.46500418223233836,0.08741827272011109
0.05357625145075189,0.11811084674915062,-0.08508394807756163,-0.3289739884783244
0.045325763321225926,-0.0744678363372176,0.2614424401648209,-0.12827448342453412
0.07207462063634834,-0.018609142791234698,-0.3521318115325135,-0.36624376092875816
-0.004302957786897606,-0.04501484673234656,0.06320392295581102,0.05381967827989553
-0.11654185269892336,-0.11353121358114275,0.5816356757567531,0.2085087684975969
0.015282127910591956,0.06368386784953273,0.4487414346826527,0.048942560797463355
0.013681631913521345,0.005704726843593258,-0.01651637622998406,-0.1501648799073721
0.061652450312844935,0.05222973676068398,-0.12119090861410921,-0.12459400949434873
0.06824663644837775,-0.10871621694396327,0.21816868845975307,0.16523599176901638
-0.008256262482897677,-0.1213982449602613,-0.6023035126776877,0.05575998145831304
-0.067291424230127,-0.06208158492408736,-0.04462541049783903,-3.817315935100707e-05
0.0034917046716095995,0.07874882684934557,0.12085988170822681,-0.26694790709015276
0.04470703826497548,0.09218406323950028,-0.08277133084253187,-0.019206252458370474
0.0709567755676957,-0.01597535780258052,0.18915525614728068,-0.2552777821431713
0.027669030635057386,-0.02110927394281061,0.07085622183081224,-0.17881900205280404
0.04574563822958515,-0.026267486281827568,-0.013640507805239392,-0.08825968196861325
-0.11777744759059962,-0.02836601279282892,0.4067822227945153,0.05180161829601876
-0.00783783794030167,-0.0039396773484622425,-0.47584347242020186,-0.38508402950324816
-0.05623072999061747,0.04267743873151756,-0.2273648800247419,-0.015001468175995583
-0.014674987324087702,0.035270574048356124,0.6121614472979923,-0.1520871705949818
0.08998293649990419,-0.004090891171804573,0.22501868421396112,0.1674948690205009
-0.010409428408762071,-0.05388705972128224,0.0377818916745213,-0.47540341939369046
-0.08671174387968489,-0.04291013715076511,-0.3649456307016298,0.24615637260516385
-0.027633312907661405,0.020428315865349586,-0.23273903399794657,0.06725834131096596
-0.05979799447916599,0.0639465531451607,-0.38979329504408894,0.34991847188375935
0.0011149917980415695,0.0599085087330204,0.10417639949340983,-0.07454895679193795
0.04485274830854581,-0.031186068599306702,-0.2652681386606333,-0.03804579141797647
0.03779527721209012,-0.0029159003727522795,-0.024120486922346376,0.2149278181268867
0.01162458255391142,-0.04743583971167577,-0.03318151044598688,-0.640807421431791
-0.06650195303746309,0.01060906775754722,-0.01987408293299464,-0.42158655578590026
-0.007883882854485748,0.10181887904545325,-0.10889357392737258,0.3395319793452906
0.011368344561356228,0.17854331694688017,-0.22116391430405496,0.151175531778572
0.08097365290203287,0.031680526597807485,0.3214757968442873,-0.1500745336848113
0.08432511616713179,0.007567986090018238,-0.29363760722051335,0.006940947507722006
-0.04227172156222744,-0.02513028474154625,-0.5109542821462772,0.07634670400467239
0.059435542316035005,-0.03714225925246947,-0.3070589026700085,-0.12498449650193214
-0.09026336053210791,-0.04230976364678974,0.017016143396515263,-0.23909012284281667
-0.07406203252229192,0.06572917278512296,0.1259824234860523,-0.4743547136430752
0.03461484539396798,-0.03844672567186815,0.34215153267354204,0.048961790275502126
0.08049250094339357,0.0099019329006553,0.14314606388632398,-0.1867373899925578
0.0747619176241184,-0.007392199782591098,0.39352999633483515,-0.08624742040850394
-0.05442680213252868,0.006248122163177917,-0.31453994601084206,0.2752671325007863
-0.04866202149647173,-0.07102371482965825,0.43621900421489973,0.13822845850868692
-0.9506855411200201,0.991962846239374,1.6750757488458468,1.3613727260978015
0.4308858315732429,1.2824804108315668,1.3539504198720658,-0.5402451894256355
1.280257868400368,0.3088582660578087,-0.06002167612562559,-1.3529195217973893
0.9245998433595976,-0.9213715423898992,-0.7423528054921819,-0.6734099904307544
-0.2887061692917111,-1.2236977834806542,-1.2799653128042687,0.5040633535719319
-1.2369779485203427,-0.4363449880372601,-0.4011587909359382,1.0665884202238063
-1.0209376800359455,0.7482110196221982,0.7824483140181226,1.1625735661916115
-0.041661956952056815,1.256223439981399,1.2850953480269671,-0.5188976512446586
1.0958753122409213,0.6542012748393654,0.7187590273739008,-1.27657784979379
1.1220314866391752,-0.47695719088728117,-0.3429375205342722,-1.2075975467660771
0.13005559444275622,-1.1897279709032587,-1.334505494949177,-0.0585732616121426
-0.8989547068770183,-0.689880158557471,-0.4574380531254457,0.7306420511291734
-1.1711389930599452,0.40384350860045926,-0.14590082000231153,1.2631334132806267
-0.33546389416031974,1.1702205588967753,1.2499815974152335,0.32370833165608515
0.7972436366662128,0.8871077369697263,1.1451397027618309,-0.9740909251818453
1.1701943658588327,-0.228252157420839,-0.3839532487672792,-1.3792021381511093
0.5090765553171168,-1.0687795171593497,-0.8330897098946549,-0.1837511597805086
-0.6902597542857817,-0.9924338670813952,-1.0359184668152932,0.7240432388042312
-1.1615886876519474,0.07266809813595064,0.7795092213738741,1.197998226177116
-0.5758148484962613,0.9269769203629186,1.5059290605387512,0.6711571151545553
0.4816753217821478,1.004446092628028,1.1528885794410393,-0.09263886175766067
1.1042947698665608,0.1206005001054255,0.3481019280312203,-1.0357267062630997
0.6795294878385818,-0.8728900828323607,-0.7048402121495922,-0.7503546456355592
-0.37001838092194345,-1.0504820399020804,-1.0696871436415094,0.2152957877467876
-1.0287866921515136,-0.25631971581936774,-0.15828216656608107,0.7096591820722272
-0.7399070371201347,0.7140511144702835,0.7340782477547197,0.481600098204118
0.2304361448491648,1.018464277306314,0.8997391603331186,0.17777578280711914
1.0034890079106948,0.4518429704861269,0.1424776325360777,-1.1936306135023536
0.9103435470888048,-0.5566923388380344,-0.3080446148163196,-0.6850707267468875
0.004618216791295704,-1.0368410295816266,-0.8505178902806051,0.2485629983313692
-0.9190152023412791,-0.5039033639659157,-0.16640798196372764,0.5911751330981208
-0.870244997719053,0.48864287255157723,0.0223538863523709,0.950684797129277
-0.1153773773994893,0.9602751951847074,0.6564374306456394,0.20799029108813705
0.7781811768393478,0.5503383825124722,0.7675823978279361,-1.107496545265501
0.9539487033365097,-0.3909908988461264,-0.08587794913740843,-0.7220738081767154
0.21954460561690592,-0.9330736467460036,-1.089324843283414,-0.38752751359202586
-0.6174108327823591,-0.6689424186313097,-1.045774815361366,0.6538028329141826
-0.9575837826971825,0.1548125287929817,-0.07903084324354437,1.0603661706037215
-0.4240692097399879,0.9411454266302575,1.0671732206219815,0.21471866710737697
0.5892849284743636,0.7625481542859038,0.903084372678661,-0.26824259469289236
0.8890056104743886,-0.021621932666739282,-0.04405699107400518,-0.8931378541071069
0.4640658180870648,-0.7296051374172462,-0.791440237984653,-0.6000888971745882
-0.36869845297516957,-0.7937309568018897,-1.0089165223141674,0.4255706114337515
-0.8630921237651112,-0.05185367556694768,0.06462876253058081,1.0944790765100356
-0.5438542517567136,0.6646846257424955,0.4759263812260123,0.43525388094357187
0.3149167130018108,0.8283372604964471,0.6668604894135838,-0.6909560780052115
0.8315597329864922,0.24052529137733308,0.5472187271195117,-0.9514688486309681
0.6213151083746286,-0.5559132403527923,-0.5058065627915931,-0.8112514470287124
-0.15803873198286844,-0.8044836085362186,-0.8958250088568603,-0.15083179387394063
-0.7959456322394393,-0.3103946733879992,-0.19225047079821256,0.6481420433771407
-0.5791841503744175,0.43221406394438094,0.06306601568799863,0.634016531131012
-0.03676620361967315,0.8600896128751957,0.8429641091403922,-0.35978014997686325
0.7098467802275468,0.3811481458310134,0.5340501600577052,-1.160382351187011
0.6818418142390763,-0.3989191962582061,0.04518809479902519,-0.3962649055492465
0.0755947241622282,-0.8207995762006117,-1.0523813936691513,-0.4418622203744621
-0.6130636240278082,-0.4392208165091506,-0.08948930554496526,0.7223816074083436
-0.7210838919098078,0.19264148646969192,0.4499768038934171,0.5974215266232682
-0.15105676889323066,0.781407972165393,0.3219048589467614,0.05935443352656666
0.5004517582324232,0.5868013625087165,0.8113036284161179,-1.2997757882411856
0.7420172063885198,-0.10669195190437869,0.24331090824482815,-0.7388790131538368
0.32079291983417524,-0.7906642177704687,-1.1605250957185955,-0.8591028294203712
-0.3781799265017276,-0.5854504735407378,-0.7593009950893822,0.1939411555814119
-0.7675238812389179,0.03793751984298931,0.38078294950465663,-0.003281791127908787
-0.4048462139491773,0.6027962127912392,0.8784360191718815,0.25516108143692096
0.3166813273538408,0.7006799542195907,0.4378459996104442,-0.270850979281837
0.660905436160918,0.06924403986070121,0.15915384783619646,-0.8562844365561281
0.4950129446387287,-0.5809922100485423,0.034478150874686364,-0.9951623985806002
-0.19121328561697765,-0.6010228277217561,-0.8350249981163996,0.03946730704490253
-0.6662964148860276,-0.15624513780489513,-0.0924705412066762,0.7681966821184274
-0.5402011615746312,0.44434611337273955,0.6345094086321564,0.28685515093203495
0.09719156395979349,0.6562558944454127,0.6459978782239776,-0.7100766670571912
0.6484174975044489,0.20931817128993718,0.6726774987617695,-0.2447263090352772
0.5811583940101713,-0.42137399765144357,-0.38133075642106024,-1.1802631542337298
-0.038781799749285306,-0.6404673005321734,-0.9562246711896205,-0.10058680876120829
-0.5755084712094563,-0.3309792028458385,-0.11652436204329375,0.846813850899227
-0.5923487424870847,0.2905673526521079,0.3403960741994333,0.4876635405048127
-0.1431345766257358,0.6202386847922621,0.5008790393218677,-0.1120416405600616
0.49090061002156554,0.36699187972020153,0.6139675809061856,-1.1848267616993835
0.6438593112314784,-0.23005876583250331,-0.5588342979778299,-0.9590998023648004
0.14251035061744446,-0.5936023718323815,-0.42308634013535396,0.05657965900235706
-0.41135748557017093,-0.4164335216979729,-0.18099569479268218,0.5344048107752039
-0.6267155240694633,0.1383709404762944,0.4122226668650708,0.6096411519917607
-0.2149635300438123,0.5444311619633668,-0.10562738277151096,0.21311755101255214
0.3736459785589619,0.5490597553384906,0.31280971818547165,-0.48581588352903965
0.580432407753022,-0.07176370627967454,-0.28683100824070884,-0.1945093328964371
0.2982552231946991,-0.5151340874129793,-0.5401322899026367,-0.33790246153695636
-0.3030167999447538,-0.491086601134464,-0.6224232558159217,0.16578971449086682
-0.5276192448766381,-0.06691352256985704,0.30175449850686653,0.41142429503264494
-0.27976840998480856,0.46459973414088457,0.3077178263414024,-0.15081765659984092
0.20801710836211965,0.5090539923678983,0.1209046729136079,-0.2508665204028637
0.5807651766957287,0.05826447144984423,-0.5465891698184178,-0.2980700351087727
0.42601708591608123,-0.4086446178679459,-0.3514907227267641,-0.6290085157484515
-0.11356456401848482,-0.5023121983910852,-0.37834307079496377,-0.009290011557610556
-0.4896177574686016,-0.24906765701136147,-0.547279466908212,0.6822590374199424
-0.4924889115930153,0.3532764018376976,0.30479738171060894,0.23999342539468838
0.06322753740721376,0.5129585609737313,0.3878785920287804,0.3106132655452726
0.46740684819529,0.23035377436557644,0.33422989592365865,-0.6617649583345938
0.416725372992793,-0.18870437556786557,0.06863177250617386,-0.7743990557121627
0.06795387703404977,-0.5246403853102609,-0.41952105338723356,-0.3902481096869517
-0.3757080444342284,-0.3632736942060559,0.20794904587928625,0.1477384752016206
-0.45421875024590824,0.08691914577610664,0.5101740826479956,0.745054327881694
-0.12173856803496026,0.49544682112063965,0.17360522680091264,0.062190856097227576
0.34432014224464697,0.29233078767099796,1.1076374582704789,-0.3063722910500166
0.4782597860800772,-0.10049618230755404,-0.2344173659295215,0.2503654846722089
0.19051698660271027,-0.4434892250792578,-0.5603368918944193,-0.10309962168381398
-0.2874691807991552,-0.395088004427415,-0.5482930984545364,-0.1405465558776947
-0.45246855469648084,0.06829400731087677,-0.05074487136208394,0.4974154801870062
-0.22673075970482642,0.33019028817257967,0.44861081470735586,0.6854063940800009
0.23586461104124884,0.38298960334380927,0.7654675015101998,-0.2664760753116452
0.44927447899213946,0.07392946545928233,0.35136529745106754,-0.24732542651664852
0.2270683409638632,-0.37244211309846276,0.028274798244928706,-0.5769985879777889
-0.20187142407559783,-0.4491229304909642,-0.6829834198538659,0.16809478223835966
-0.5360688503229983,-0.08998592142000578,0.19787923856316725,0.8498639501495132
-0.35019273006615703,0.33953824564982377,0.6064531893767224,0.18005553947791714
0.05577635930611464,0.47063559233872576,0.8383924838050514,-0.09350046168356552
0.48940275140660633,0.14034584696080832,0.28774633143843265,-0.641952848806149
0.272831609006232,-0.2044328914254796,-0.3650058442868129,0.022109499404039112
-0.026142308873760643,-0.41991349979034953,-0.2914991517804354,0.05536866415338959
-0.29620153305660085,-0.19935862100983892,0.09495243144534093,0.38476237810235014
-0.34152672000086587,0.20242968768937197,0.7611564557262812,-0.0032595542559112067
-0.07834290037276354,0.35605021992636576,0.6934632176843508,0.24927637199686686
0.2971487436905611,0.19822499020070825,0.12222128487347439,-0.8150729244006307
0.40901770111043384,-0.17789241276991777,-0.8144674849410846,-0.08837902301903483
0.08337607170567822,-0.4215980155504359,-0.7991480570514428,-0.48252391048041604
-0.25832887452423914,-0.3215099882091579,-0.35743657368587783,0.6307682224517608
-0.4115036880169804,0.1148098421991986,-0.09026789750932213,0.28047306595459703
-0.1750993210486051,0.36227324319023385,0.7027743991946778,1.0175293362929272
0.24470430950614228,0.3036401523890839,0.04291608940403868,-0.3568142780607983
0.40801877343818727,-0.11765587114611456,-0.09289171364142979,0.003439913928104804
0.2173051590484594,-0.3572263893862186,-0.36099084625195843,-0.07958130306318006
-0.18100086474916316,-0.31339218539695857,0.5051675328946366,0.28339520323565265
-0.33731217134545133,0.03728128851481227,-0.4949322895855124,0.7608465434082063
-0.21865371451462365,0.3445595882758435,0.30948300572792226,0.7097006617856063
0.1253859256137051,0.3153999994319744,0.24173315484089172,-0.017624940806177936
0.36936714872942894,0.09045815826944603,0.5083977185024074,0.11298356251889859
0.22678847749217998,-0.29432395312932097,-0.34479064434812134,-0.17798366650141256
-0.05867728460635105,-0.384330603617672,-0.22180091321251663,0.06993761204919596
-0.3250449941240067,-0.07482290772242109,-0.11233215150953157,0.15788259992996614
-0.20513904520618942,0.21708544800830537,-0.007157445338487334,0.45662618895520646
-0.026404793820968653,0.32604588803616474,-0.05021603621458579,-0.15391307020500594
0.2752994670406682,0.1414029644785656,0.11791106249496475,-0.006247681327675864
0.2739777892396316,-0.12848241487595002,-0.006769358764397437,0.11795863959421116
-0.01678773407550437,-0.29804742479963914,-0.7703410618437665,-0.500483903885158
-0.3039629297240767,-0.2114875173369592,-0.06498814782127854,0.29846921743910265
-0.3389360469903303,0.10184490929502074,0.4597136577124594,-0.1625063414036782
-0.1265316827175723,0.33882000039392135,0.18778668454906583,-0.08200681144668709
0.1568131693931436,0.22654415073792264,0.4977521176304317,-0.256839965756096
0.2744423628019796,-0.09356090937969348,-0.05356612832058377,-0.5300872315117551
0.11191325154007195,-0.3255764640538818,-0.3786868211555904,0.15500759653284152
-0.23774681075572213,-0.274531681933343,-0.14548718280140843,0.3112064999662484
-0.315520480432534,0.02641442307147658,0.2013464773319265,0.8393391472475593
-0.19797987127151065,0.30339929473603017,0.45709752689889194,0.027250647519486693
0.24499752986936318,0.29319709589493714,0.1451838752866684,-0.3919261548756381
0.317737831759471,0.09793456544332574,-0.017487324693868656,-0.17115588560357395
0.12130546066465031,-0.23774598747296904,-0.2061901806026517,-0.21014299855565605
-0.1584805098845714,-0.298861443013676,-0.2183906799252689,-0.5156463125916783
-0.3083685499850258,-0.046566111683298016,-0.12246190210913804,0.0597291895115909
-0.20862928898662014,0.21167185425092522,-0.10217010106650909,0.018999723495302934
0.12011003350230573,0.23934006009812747,0.15377446995073724,0.03313493680600549
0.2641070306741862,0.020341500354523798,-0.3042022145957393,-0.4621510623263673
0.14903698734664392,-0.24264203364981532,-0.027494149575307547,0.008160456771467983
-0.055520906054832064,-0.2946153128569459,-0.6282351578612839,0.023580599800693824
-0.16760239820160316,-0.12106172047680236,-0.20688715630598778,0.3795677650711042
-0.14596009212072797,0.10769534827446998,-0.0012861143861278568,0.22413742468988848
0.031672325817115855,0.26866687921178817,0.4926161177082314,0.2787646643252692
0.18339871934681695,0.06648891670672652,-0.1618917926444198,0.12680044917779854
0.2539895201684197,-0.047723728105262576,-0.13121000647548203,0.25332065325631314
0.05275008051793877,-0.25438899127654235,0.06562422659595823,-0.09873541907361727
-0.20375125170315736,-0.21866562966823289,-0.2814924934002634,0.8836501125906011
-0.2505716298075005,0.04374340294174551,0.06197357398891906,0.20930398948279
-0.085974410318367,0.3005364321119553,-0.16663691444665735,-0.037321295108456026
0.1433325760220171,0.1620265931522441,0.04549226517763863,-0.09766054999280391
0.2866679359132176,0.06083386110388398,-0.24011369361786786,-0.2687867976058521
0.12662309317047102,-0.30208524990721075,-0.22405032230979954,-0.10626721537317002
-0.10001682508428014,-0.22419995006125476,-0.5379234502264182,0.4761052810755176
-0.24386315775230896,-0.04384837062209989,-0.45346186415442885,0.4919093479428291
-0.14967666130204108,0.18712578570183488,-0.023948433744694908,0.32225273312875224
0.07950394254604928,0.30614919362626053,0.35788821924352326,0.13565942056018548
0.19643911916174603,0.10102626370426043,-0.0820726343767085,-0.2409297897405147
0.20058855048095758,-0.1344314449566786,-0.4578464399247662,-0.7284148617598153
-0.06970762540411207,-0.17688394244697467,-0.6100138922089576,-0.0036987347493153133
-0.28110641963395483,-0.05160619964074948,-0.15048622344471338,0.19145533161924633
-0.16381157148010347,0.19887659192924123,0.30586519790914685,0.5744526419053626
0.02212726204868589,0.18014626718941762,0.24858874456655056,0.43677772444367186
0.193373429081469,0.06930369768046096,-0.1491939130182554,0.11530604154794177
0.18449234651430638,-0.14032368286370744,-0.2611756316200342,0.20522924223392378
0.0021481430238950838,-0.12756588243368847,0.036576703154008405,0.027838547266848396
-0.1537472474365272,-0.132824971092768,0.06832715646657203,-0.3026978494818756
-0.16346544241558927,0.07523732960725246,-0.007440914522096748,0.46813022121656556
-0.0012172895880009013,0.19142764560097475,0.78665561659791,0.03494099117800756
0.10190115467160149,0.0659492762842365,0.18468024957354348,-0.490906798841451
0.18698391086219313,0.016290698348985902,-0.2323331319249003,-0.22535861680535835
0.11602824106790013,-0.19922107187250304,-0.3351804986806868,-0.27908845244566727
-0.1276655631118704,-0.16075898361263224,-0.6698239814610144,-0.12351230807880462
-0.2108438995882568,0.02071121875415302,0.16138778625452058,-0.05415744832311095
-0.05327800414714122,0.18926976745843768,-0.5216622025192837,0.38780887018846144
0.08342262315680773,0.1016277163907969,0.41471270289278855,-0.10081874392117926
0.19781498459522914,0.01008331897550873,-0.37966810714658544,-0.07271480564611392
0.14743030990595007,-0.18650484148729163,-0.07654251200831574,-0.10313082339029958
-0.04360808369581412,-0.16691932501695797,0.003489376535222438,-0.06314242062050002
-0.17939073541923084,-0.050467500978008645,0.022758326909555204,0.20611995069245279
-0.15759698920934825,0.09769513092094974,0.20879130194662524,0.5243293320262987
0.07885139793917674,0.13906949705753396,0.3804460514344911,0.37046620835960786
0.23222640899713043,0.048141676736087505,0.4365694807605204,0.1938524354586567
0.1639264577599111,-0.08787650969154011,0.2215407581135391,-0.37763174818376183
0.09559303156684071,-0.21649576616867927,0.054446093283588744,0.05159809229885598
-0.10594382665091592,-0.05122088625823966,0.09076599487368511,0.08708848003364365
-0.1883529959695097,0.09932237796487822,-0.07560674896241307,0.8057624002694875
-0.04453780116404025,0.23491811497031145,0.13089660574971493,0.049772753951673604
0.16991132045207638,0.06930135222341528,-0.24438417629019646,0.23646357602288662
0.1394900054941179,-0.09170192871006815,-0.12176087891017831,-0.21595534835674646
0.051976289543979606,-0.15983648402143102,-0.33055756440361556,-0.02622614752238628
-0.11985424824313767,-0.19274503993216674,-0.0793384597793026,0.02504971086757915
-0.09856636238455246,-0.058314877671990284,-0.26227591348360224,-0.11940932211291315
0.005597886390737709,0.12093175865392346,0.46575991400394684,-0.39666140600586625
0.09288662874496557,0.14782172238872354,-0.19064061298224952,-0.1662486690296027
0.17010407504539135,0.014222690240369616,-0.6289429464440638,-0.3874010626704429
0.04158101198038908,-0.175124315282697,0.06343618276062772,0.2780187579034017
-0.0889974963282265,-0.14320540644981955,0.08953093381872342,-0.04710213223553569
-0.22780042720138502,-0.04355993061725697,-0.25042980014730687,0.2963020933524571
-0.02823346749755383,0.12283536010896587,0.4599046268299693,0.062085700274825406
0.005995370146317673,0.15525821574000112,0.30614632144510645,0.007349018199944296
0.1375696002022474,-0.060051576815157603,-0.002266920836637154,-0.17637687202234
0.06915160076810128,-0.05719676781276898,0.02672151004144127,0.3390885949859483
0.011994148738871876,-0.2162427464367795,-0.12205924404199014,0.06662536499991059
-0.11011837514242959,-0.10322699815499856,0.249251135971338,0.030301607242769167
-0.08586731783929108,0.08323723013758873,-0.3376978337401368,0.10151699076285652
-0.040824307277839256,0.13338254336559996,0.39277550015404455,-0.011734602130904492
0.1382441790121686,0.05423577260302644,-0.42735503222013094,0.06336305267896132
0.12647168169296827,-0.0758795513418789,-0.1937958751335725,-0.007893870688794671
0.02094042199005971,-0.056858804961118045,-0.22097677635495946,0.6133632429970388
-0.1244001546544208,-0.1559163806166878,0.0440891963043729,-0.041550515371436836
-0.16176906851215178,0.07653526765563043,-0.11751423968234698,0.23112079419901704
0.01692235027767954,0.18995842910397906,0.30595350849071623,0.08185048353024874
0.08775857772547777,0.03991304497786143,-0.3751139891494657,-0.26684712746576733
0.10398352640241537,-0.05388044870545711,-0.2394580570695172,-0.5523377871480887
0.07543882588150874,-0.11879581034553247,0.018814198176016345,0.14921421402958954
-0.05277800337364955,-0.08353451889769042,0.09341076991449648,0.10256824381943433
-0.11236865182892276,-0.01127697008313716,-0.09846851709802137,-0.26145879253048293
-0.006539071095050683,0.09839508419623688,-0.17454048476898457,-0.4735127215962296
0.04959148371079368,0.09273926132198378,0.49441963907654196,-0.05591900051573388
0.1506326677740105,0.010999976701790454,-0.4611875843396235,-0.3690685087328389
0.07614130013330597,-0.1311168296885466,0.13715886832782664,0.017821957989159615
-0.06622208133175167,-0.0956675337794507,-0.008974283711132187,-0.04025210377809889
-0.07680126193836412,0.021385846750987342,0.4253233004030083,0.5401722320672444
-0.09082415270799248,0.026384853825381506,0.33234024632581194,0.09754101530524549
0.032103027198752604,0.11585702930964573,-0.25167432863488354,-0.38270232854068903
0.10927772424350875,0.15464253143799725,0.06945922657058567,-0.19531773975970576
0.11316174636881235,-0.04786652690423145,-0.3904013436704657,-0.03230861456174475
0.023930346951551162,-0.09313381132274609,0.19708912942277856,0.14487879712758076
-0.04452445025263269,-0.058492298287923135,-0.20618238210965428,0.1035754562993594
-0.10962464147669218,0.08505275895057075,0.45120933073226593,-0.22642225778912095
0.05349613354242906,0.1254751456129942,-0.044212001691368505,0.09808875887386576
0.056929178439309856,-0.0084802412741306,0.09308139851814316,0.2578665730774729
0.06815866040178495,-0.07291840071419192,-0.08702671361202896,-0.1818390828026852
-0.02260457316213217,-0.09318582327708584,-0.5413169896767969,-0.2851770677249831
-0.0696020707824736,-0.025521572505122193,-0.3952700207386148,0.16082856905246432
-0.08406427473348724,-0.004474436655332523,-0.2556625864272613,-0.03891841254633051
-0.03722307925812224,0.12677650241258803,0.1829323515499458,0.07868498363797938
0.098451267528337,0.09343163640332607,-0.27246395005077756,0.7808233784261712
0.04652408689013116,-0.03691475971307195,-0.43920895230573,-0.17211060529122638
0.10567313121345326,-0.04878913253049736,0.27384337927867947,-0.019766150524442444
-0.09957238212313252,-0.033884808603252985,0.03431145276131489,-0.40541621520712756
-0.13697134476360057,-0.0663878193516121,0.26860638101934564,-0.08768187224033021
-0.04885848864163947,0.02940214867872526,-0.2850005695613965,0.3199820000114748
-0.01283863402509118,0.10370032823429576,0.030642930746088495,-0.9205832380070529
0.15350180683755835,0.03729348150521984,0.11141362873832522,-0.040994264941195936
0.03361053802916039,-0.0762042680138695,0.4044845794189229,-0.12456054288880018
0.0185093238611616,-0.02032819962647074,-0.4337147989290681,0.5057293900277526
-0.16482896547430048,-0.04070403840001967,-0.17955282664788727,0.20702129986502205
-0.05075610768835903,0.04234933188011414,0.13836082002324626,0.40723350226449495
0.012233995811216751,0.11761056315946113,0.5301810389736369,0.1971286420159253
0.09504374894250377,0.04831538444143654,0.20615555745766365,-0.05285684433713855
0.057911224601647174,-0.13286229013110526,-0.6203063130452415,-0.15355282692289682
0.03932104619540598,-0.041561540772963194,-0.028152324431680118,0.16549237455685392
-0.10445818774572715,-0.0047097606176581056,0.3677683999252794,0.0734095614012205
-0.09813988002651433,0.04690219919427074,0.12538556101401604,-0.18800697409888872
-0.016168170959446088,0.10360851358414701,-0.06820259701021439,-0.263566798069796
0.06557417920636684,0.06832184526067625,0.4930905644589058,-0.031201086455156755
0.12115601133471522,-0.05066651277629932,0.12110069456096738,-0.31100777367984617
-0.03830807175415328,-0.0780294396132178,-0.3634353508107222,0.12813567580864646
-0.043436338560614345,-0.13503781326796827,-0.19301857311071416,-0.14714141177904136
-0.10145671211096566,0.0025608281732226353,-0.08330510062677716,0.16232298289513908
-0.039151868558773076,0.12633003270753587,-0.13671029240887353,0.1514754508636453
0.0832452256994744,0.1782252016885888,0.34639581801628805,0.22941080112244536
0.141075534932987,0.01962091802892478,0.09899231437643978,0.009555920142674803
-0.008503329872514266,-0.08316093157630035,0.055282858249115184,0.23972267526207736
-0.03403955960045239,-0.1092554890508753,-0.4129581589855034,-0.056135549095165035
-0.04499560480217431,-0.01599283795227751,0.06230350670703072,0.13373019823510676
-0.02261099394581046,0.002593445914193672,0.8553245357280653,0.2802224253305425
0.04077556685033152,0.09399288915210174,-0.2571991564244023,0.6433710509112909
0.036466299583728407,0.018399646832385305,0.07069924865971515,-0.20374766420020757
0.11037829746316552,-0.0588057515472749,-0.22169894854388097,-0.46406319834709847
-0.06054523913399057,-0.09118753808282737,-0.022908574710150988,-0.09770350924116315
-0.06155507368239234,-0.03760309541390205,0.20221687265548002,-0.07141895668748076
-0.008879908839140457,-0.0040534826829204465,0.16242450339063208,0.07684634130233237
0.011495727183669495,0.09189045961116146,0.014734782706931765,-0.11007055683300605
0.07933811982609443,0.05504844278077797,-0.14880683464695388,-0.2902855114823076
0.020097685796684042,-0.06600241159242541,-0.5714765974379812,-0.4149135078350911
-0.035358310416317526,-0.0196407457985614,-0.4541561541564427,-0.16495468543409378
-0.04113152702331202,-0.074951109561751,-0.12988983755089292,0.16108571424343096
-0.13298310222615922,-0.010538605246643316,0.19445528565070205,-0.19364845339794368
0.024068505680618045,0.05611979125221785,0.30750557998857986,0.040809850096555356
0.05017836596697219,0.06164969022509535,-0.1557452936139632,0.44271243443424285
0.08800083220455256,0.008798742497216855,0.18493553911650223,0.1775996921209292
-0.026050687213758465,-0.056846383366099214,-0.1064878766756262,0.6399343613336336
-0.03143741882980601,-0.08679399228415863,-0.07645783173780674,0.3286293798485698
-0.08301616251313454,-0.0004589852892111218,0.28470382422456536,-0.040217697443506936
-0.031786135912389074,0.09542164825278748,-0.04081605425609338,-0.09818010500359971
-0.012270041654822376,0.07035291516126319,0.3956916765959322,-0.17885669808817764
0.0791207082254167,-0.03235761266713644,-0.03591357558946531,-0.3601937649006133
0.031139672394631914,-0.04415872932318826,0.33058609928803095,-0.3228191985814159
-0.019761534837009688,-0.07196877324198253,-0.249033210474971,-0.27304358317603306
-0.09670195369328699,0.02078039165216733,-0.45901346241154983,-0.0030006219031288375
-1.1507131601888907,-0.5425627801610727,-0.020175836259423985,0.8283550799755252
-1.09076372589191,0.6512449284887702,0.4276600319315138,0.745625746711765
-0.06241001097609188,1.2589575096908538,1.5211725165357308,0.17084310737740305
0.976224873150406,0.6830557178712379,0.9263534107675098,-0.8278697254518375
1.1227875996305523,-0.36775126886033993,-0.4492002025809172,-1.0715356002094047
0.2173414309309495,-1.17046917591107,-1.181557118416042,-0.5746723135146559
-0.8734062200082623,-0.8399582664516625,-1.2127967134484052,1.250032201240554
-1.1091793921176845,0.2718702915788133,0.3366641761161815,1.067382033673769
-0.3917004431047112,1.051829493994741,0.9889000022440336,-0.1323440280142818
0.725429484974866,0.9258092702298193,0.8600152642700842,-0.9855695173742751
1.1058412546822083,-0.1886287756608152,0.06242195674429407,-1.1591932933513072
0.47907807165609256,-1.0111044627533206,-1.4634028883996801,-0.5683422424342383
-0.5845793132353815,-0.9099467231184877,-0.8461684579683334,0.3728431629644263
-1.0606990859578098,-0.019965850277390826,-0.29504213264942014,1.1489219400394806
-0.6551746359607431,0.8948394057482613,0.7732008507197696,0.9195316726238323
0.422976657037349,0.9775967655809095,0.9610249663769707,-0.18103928148173243
1.105380323772774,0.2174554298708854,-0.06204152645022831,-1.496222936380816
0.6925782952770995,-0.7680563798871941,-0.8536870643980948,-0.9754168136233943
-0.1782480648607242,-0.9598414261992141,-0.9481305179993285,0.0045289294934502955
-1.0423964424635792,-0.3472824071537697,-0.7912633778830747,0.7770302862297259
-0.8327516130311197,0.600922411674172,0.5165663087338312,0.8489938803660724
0.07892485913199176,1.0242316982357174,1.57674619474121,0.1568742345657309
0.8293991184830055,0.4499370887281019,0.48826354071117295,-0.7707941692740178
0.8767525383895755,-0.5221711577604631,-0.17707575093955763,-0.9731006803602645
0.07377917912911676,-0.9906659463900723,-0.5401148677525426,0.12855421461341887
-0.7477698645150325,-0.5778319125190489,-0.4235652507749127,1.3100583887629307
-0.9779761274976789,0.39035265026410776,0.2038401734131834,1.2036451360606566
-0.1974316703160263,0.9503729039908356,0.6230144199211961,-0.1186716082792516
0.6802952212502013,0.6460056539246642,0.4736360307833415,-0.7750026279960337
0.8861819391317051,-0.24879079989413339,-0.17488636504529864,-0.9581110942072731
0.2757555628496341,-0.8646850250487126,-0.5507404607196927,-0.6104339894319161
-0.5977344672735512,-0.7109727103514442,-0.8445669530271988,1.1130121834182587
-0.8893033750496206,0.08085494552602,-0.03589851097415331,0.7365556553227223
-0.43409971562868166,0.8054572485506647,0.9835443391454143,0.11377189783913444
0.38602374362157943,0.8028427870967295,1.0068624890833446,-0.8121863360004067
0.802596936576578,0.019658610446834087,0.04403152622756923,-0.539925984877025
0.5590773984260904,-0.6902330051150801,-0.8171080640173539,-0.12174959904962201
-0.3888859880589105,-0.7874519337317514,-0.7867285759207793,-0.1319619289051316
-0.8851218746062746,-0.15622598781974187,-0.4336907262189199,0.9194059555353784
-0.5684564152846926,0.6820075603683623,0.2586642512988452,0.8048550526141601
0.18692227567221284,0.818775492089882,0.9448423243227317,-0.24242604180093497
0.8232724854782022,0.22309586884746363,0.7681063751054179,-0.794290456346667
0.6574193042003398,-0.5336806921263165,-0.47309490885848793,-0.5187428830413418
-0.17267291466154897,-0.844550282764206,-0.6627010139052802,0.013948649326454565
-0.7674582734215599,-0.38470741366952166,-0.30181742475615836,0.7730191580456122
-0.7115539540303444,0.44459321299857485,0.1808380444565194,0.284718750684958
-0.060399012775547795,0.7638025548366766,0.7486271315545342,0.23086112500507294
0.7181414668331967,0.489837566494542,1.0303005696118177,-0.8651851412600786
0.7924135763481184,-0.3450149359796696,-0.3449009214959037,-0.7327531422884244
0.11895309454287757,-0.7933070328524233,-0.662695727504555,0.061248201935891755
-0.5494004966162531,-0.3999395764064899,-0.5467161625389461,0.1267035185236315
-0.7243956221784931,0.24969900093172293,-0.1064011034230411,0.7469947446629868
-0.20085996561925085,0.6680837181546528,0.44150299026986334,0.45565130993815706
0.4469681662140338,0.6143589351298789,0.6427323268062951,-0.4197099273671523
0.6879144645093204,-0.09742750679214408,0.10088910435968435,-1.0071225721418724
0.33445815031394155,-0.6466568053117989,-0.8448527408522991,-0.3854660039103913
-0.35584837198563435,-0.6650062552450049,-1.0335196497041421,0.5775256623730141
-0.6728414867470077,-0.005155273883050444,-0.2976162275303895,0.6740563860476279
-0.410376370280592,0.5082926418364581,0.7292498449531217,0.6479263435967292
0.3206769400535999,0.660612287252087,0.36097087782515025,0.03044889901099357
0.6338007033031736,0.04423042772988926,0.12230855924174944,-0.29066101481402945
0.48446795466596476,-0.5300900198910872,-0.3414436764465875,-0.7555939767568204
-0.1472377402025818,-0.7162039819024351,-0.9431033361192276,0.2096021989480068
-0.6929343011534698,-0.29297656832469243,-0.6919022293453536,0.9224145072633896
-0.49433537600060784,0.40858986771564443,0.7818875513503859,0.4750739952683297
0.08327136135049512,0.6865528040646619,0.32200142939990084,0.07464716961911144
0.5981847264075705,0.2626781141819168,0.193996093625457,-0.17838184857190936
0.5202236086941968,-0.36596229719873236,-0.6169178339544806,-0.584838418542998
0.03117369180351548,-0.607408945758049,-0.25049442779074216,-0.3349815250101379
-0.5547287452640368,-0.37574659244759384,-0.24329080339552556,0.2923209235201013
-0.5794293775842532,0.2615382535013903,0.4655160104891565,0.5185089533628519
-0.10309691013301428,0.5727551206658452,0.006514897622068028,0.4053375377585289
0.42814064416622233,0.37424492937175513,0.2909849615958962,-0.3266819046068961
0.6178067308711264,-0.20041458748127775,-0.1406024490517993,-0.5866587998337843
0.24456071200898893,-0.6302377080718304,-0.4912473017984373,-0.3095857749329495
-0.33628096884560665,-0.4425102624850006,-0.17897559365801313,0.3702394871261194
-0.5735719871457523,0.12081328918422882,0.3174889464550129,0.3063390616338633
-0.27669363371318645,0.5898045612728946,-0.08460470316642585,0.4804861157583207
0.28545198845510394,0.546788521981979,0.27238942548371503,-0.44018824748144225
0.5517401737094901,-0.02909317487916478,-0.23824572225348561,-0.3864727444642249
0.39050421483057807,-0.43797830170080615,-0.45851068593244226,-0.30116559372619645
-0.18450942092802275,-0.4964477056553446,-0.4194411532803273,0.0791025235316023
-0.5303555965897037,-0.10312027250428545,-0.17433307063178916,0.9254146552350807
-0.3927583727989799,0.38497500868605544,0.6774070704818405,0.3844629727935242
0.07831326491201297,0.5723581078518689,0.14419060691460608,-0.2954351961500218
0.5005187662194049,0.20406204021718227,0.3588439115769809,-0.7456151071944035
0.32242260801156375,-0.31918295268655844,0.18557187241612927,-0.7739406507103769
-0.08894576479532994,-0.46392426834126166,-0.8902467721726621,0.5516215451427577
-0.47974010207098744,-0.2313259067602545,-0.24303742722459692,0.9048221636385962
-0.44370402531503594,0.31826987905995613,0.034365364449172875,0.5856129844529235
-0.0646579008280943,0.5432056324434911,0.5207203077792204,-0.013836732195692814
0.4191388210616433,0.21717808490768345,0.5290673701439987,-0.3045985166506687
0.3876794684726445,-0.18437498631745827,-0.4092384556572687,-0.753065183171587
0.005625351405579751,-0.5510948365817827,-0.6447003265838143,0.20063912039058107
-0.308254649728738,-0.2783932111825908,-0.9860241223632346,0.8342562031579065
-0.44782962073752547,0.1653704406710446,0.5188528042198689,0.4346907187918757
-0.10127634829071294,0.4609483635861546,0.10789940257279078,-0.04554421952961962
0.2719802818887378,0.32894132227444184,0.49030927613926467,-0.2526300788365274
0.47166822045997175,-0.06810014828964586,0.1577089284490138,-0.5795451610293981
0.24501094594668657,-0.4961704739973871,-0.34187203620793444,-0.5195045135287174
-0.2477127186142499,-0.39179483767695633,-0.6507626523169042,-0.40495679236696613
-0.4500911374640222,-0.016837495518896337,0.2936497752294384,0.07214788134555786
-0.30891455534872575,0.349368697863375,0.7035922824938238,0.08867233850060885
0.12520905712384714,0.3900938004483112,-0.01711421916240935,-0.4095132485426703
0.42532536413544336,0.013202679623603289,0.4601640647385913,-0.5087676644472585
0.2550888701301133,-0.3783328566974143,-0.1314461110122131,-0.3292930169920741
-0.12256404552828563,-0.46810385480199745,-0.8015314951758237,0.21375253122673243
-0.40404642914784494,-0.10739614258627248,-0.4748636290071448,0.5749470279549141
-0.346803904115414,0.24049011859409627,0.1175634364195205,0.8535922149090742
0.0661063617078555,0.41072291868037014,0.040955801825504484,0.1938377965893856
0.30311465933125836,0.13835172136053736,-0.37863159871941554,-0.5281374145919118
0.4027684365855021,-0.26463466403301755,-0.10127282494615614,-0.2736361787810901
-0.017462051434818784,-0.3967565039573254,-0.3729186992754971,-0.06230364416423745
-0.3031905776817677,-0.2156604941562423,-0.2751612105914475,0.3762906096177666
-0.34421477571370734,0.17281711057152296,-0.17228589053736615,0.3552760147928513
-0.09554088975782768,0.4325256954921971,0.65192970976664,-0.0782333846984265
0.24484764844859103,0.21111912484363687,0.240777866440679,-0.0797095119002024
0.3548344401402121,-0.08112833549360088,-0.17035422596943794,-0.40497949305878456
0.1533580030921301,-0.3889479919322551,-0.8322196787798084,-0.10235520109644652
-0.20534697840275384,-0.2516801563478369,-0.4789689397219439,0.5958829054666406
-0.4112711585227953,0.0940666990335519,-0.22477402524691714,0.24446309280610007
-0.22444958091770445,0.3623828893905726,0.296225829395504,-0.3138348735373789
0.23546234360764712,0.29610826067057294,0.41742195410313526,-0.07287817339819896
0.42256219961979663,0.023103520254761277,-0.16657740478161348,-0.4327945809314071
0.13998055718031116,-0.26691379810961696,-0.07133011718620977,0.06172488825106903
-0.1597870135702656,-0.3657919599682113,-0.18532567018095955,0.26397681801132333
-0.31479648383971914,-0.020217076670174316,0.19243519408596227,0.6005688303494228
-0.2740837454692579,0.3179114298697246,0.3745151444359443,0.6871472110673051
0.058822318083596205,0.32963607927723915,0.7807396357828125,0.1749188325756748
0.37184002485420414,0.12068021672575172,0.3619063881918824,-0.2630331446479445
0.25588164088419585,-0.16485770564133934,-0.8488868766361624,-0.08418970437964621
-0.04432217922800816,-0.3585091255060691,-0.4659164106468545,0.36595411532867383
-0.32136414527751367,-0.11141452844802245,-0.18298230010173194,0.5705935288803957
-0.3661779823514038,0.18897549005470987,0.6003765490504714,0.562596769503343
-0.006024340854491215,0.29666433674224046,0.7373172414463216,0.2699175636230816
0.2625605810860997,0.18626251527726315,-0.29107864365738867,-0.03279612354116543
0.28262133077762924,-0.11309809464387677,-0.5931061637791305,-0.2221890951910122
0.08915638947667043,-0.2818871778103329,-0.07670562352915473,-0.1799520311054867
-0.2672562713146301,-0.18793796770068139,-0.5224959487981581,0.3505049847852205
-0.23214135993844462,0.1101322083654806,0.061110626178111915,0.2894897905569112
-0.07299170889517116,0.35766418797589417,0.054225355038516714,0.4156515213831703
0.21293038472222842,0.26139697211229146,0.1530099761839912,-0.19628854778807256
0.28174295433065205,-0.0026860767719221607,-0.035516604039853295,-0.0887557339316618
0.14850774852603824,-0.22737870900597945,-0.374773545786532,-0.13832224354219352
-0.16360219252162758,-0.2869276324135992,-0.04313110282123937,0.2559083372257548
-0.29694161165178956,0.06273882485503282,-0.5963416752916786,0.3821362465067706
-0.14958836714446272,0.15390742694557158,0.29136508583114645,0.1874767979544012
0.1859733166793764,0.25359887847482654,-0.11896615609233656,0.09179319365626437
0.3125026080612822,0.06406091728148604,0.2942192523428705,-0.42635021001497103
0.1701925113598205,-0.2536562534498732,0.5390755236542024,-0.8072153734443649
-0.031020023132615322,-0.2898540773168165,-0.6978732146529412,0.07677264489374891
-0.24647827713800252,-0.07365105646359274,0.47121658106757486,-0.18258723873629915
-0.21465619392771,0.32613656403326236,0.03557224065263945,0.49538866078120036
0.027477858645100987,0.2642237222239153,0.4167766889182409,0.5077870011843263
0.22355044974044,0.12146711043999076,0.22447363749317023,-0.559554779639381
0.25598849191128326,-0.15769156774138637,-0.3497102422971363,-0.017574237754991312
-0.004293308702253978,-0.28329869915108,-0.3794816127323929,-0.004466124448208042
-0.15949799422648037,-0.10862382179375143,0.3499892407033234,0.31748663038122976
-0.2732275902704486,0.04477160646637131,0.011123894113197197,0.36844661475553686
0.06424879423279961,0.24397603727811773,0.44121619668605017,-0.2198731998885589
0.24756990652216457,0.1690338111985169,0.5533335535847459,-0.10856298248793028
0.23809439766568358,-0.04968816571432213,-0.6675537149356627,-0.3185930297389429
0.13847544249519983,-0.21325558749341775,-0.5786958774878957,-0.51261451469685
-0.14082714521850823,-0.19439487475751122,0.29028763820707887,0.2972323226363277
-0.3369730445445301,0.050355195210988885,-0.3043752982129769,0.2290710182068207
-0.10561700277966266,0.17148068813221595,0.016777444886532725,0.36026560463514584
0.0929367040725953,0.1760342520646466,0.44090349882168983,0.113933267580765
0.230398817315815,-0.024884553612316836,-0.39931848677408455,-0.4312440958136594
0.14578129582900173,-0.24597876374197658,-0.13618991400921251,-0.2123733540070162
-0.12249760264672477,-0.20447858767786964,-0.6940666422631858,-0.33961890117397764
-0.23150014675542724,-0.021366370926399456,-0.07863877941762867,0.2235903580688582
-0.09534564822276344,0.12206957872514129,0.46520092294323095,0.25101857200058375
0.019295976857928103,0.29678345038601883,0.15484179315943522,0.5757329112692279
0.14865809088604448,0.016340794792546805,-0.20774165081307389,-0.32841560588300356
0.18306163414884552,-0.1408985792851003,-0.49881222430357114,-0.2425455740767779
-0.00499299699578213,-0.23040188938991812,-1.012023820606226,0.16774206776467238
-0.24342179305871658,-0.06040242171534327,-0.2504628181485384,0.14715317796641508
-0.14556836808810533,0.11155475771842645,0.14931988367230642,0.5348485621990684
0.02108638783480789,0.2688038983717245,0.6282107873281176,0.12721862550869129
0.1765082764073071,0.09646251944085199,-0.09081490698849393,0.027716524423791883
0.24887535427792645,-0.04302789600666534,-0.07865612493639068,-0.4563111805929433
-0.017837785441163344,-0.16512522393783707,-0.4732246229411733,0.6487180891172634
-0.22383026315973975,-0.0985601643597288,-0.38282314997750144,0.20670529409542268
-0.2334326632890036,0.109150746661407,0.07408182500956179,0.44223491217818717
-0.012730425551042646,0.19412240009823545,0.21174537384591804,-0.4623485384289645
0.10297641952096882,0.18199498173609063,-0.11219953922401452,-0.3148655655386571
0.18511056175056642,-0.0076251000011991095,-0.23522053599805928,-0.41165263829514
0.09287453852871652,-0.16635405254399016,-0.2713457337912077,0.02343389205060567
-0.08424592283866414,-0.12901044370865117,-0.09388512968835111,0.07910682621530107
-0.21454809090584978,0.04533451735282611,-0.731090924988165,0.37866747358409536
-0.1162168537865938,0.18221769615844577,-0.32837776887840525,-0.041362459397201456
0.06790573850955348,0.16801473701374536,-0.3206371012601484,-0.14294770455797273
0.2676664891061614,-0.04672538502863799,0.4996246243578893,-0.9069731479032933
0.19474137945999667,-0.06635913166165376,-0.11355144612990253,-0.1608575137754966
-0.02856680559644729,-0.16862058657416487,-0.1481679304775627,-0.01923572004888352
-0.13374230904476295,-0.0664635557568187,-0.3860571541421391,0.2019895736021871
-0.07953817662410381,0.15495470186412394,0.17944278958389515,0.37320604843472005
-0.04028680105121222,0.18858678424212008,0.4861039255476027,0.14361763966298222
0.21632438214803984,0.05504928475027783,0.8327985292859066,0.2411211371710282
0.1445485517315741,-0.09805671278423157,-0.1490373678033563,-0.05130454543305768
-0.014705231270969524,-0.12756610245162742,-0.15423749534828252,-0.4313141047280354
-0.14054483493774012,-0.14386923769503115,0.10797499387473958,0.03748921780556441
-0.19231040074523845,0.07179910306389849,0.3192674425463554,0.18385463572293947
0.00808584388884893,0.19591401951148743,0.12550638851937246,0.24334407843863023
0.08770276120799175,0.1113104012267867,0.014748692611907463,0.06064587552208324
0.23639964296483096,-0.06017177784224905,-0.20623731248880742,-0.46442078216076865
0.013682301778109997,-0.1754099596818064,-0.09222148524465772,0.21985195891060835
-0.06560065280495396,-0.11236938204796718,-0.2628669222080588,0.0004395806343987507
-0.11650275116338982,-0.03588212366519989,0.2843992524862084,0.019562660215202594
-0.08643859636040485,0.17580084327114728,0.08917334799788755,-0.05926670404911835
0.0717879925064837,0.1744018295625544,-0.1719152259588908,0.5560444460205638
0.10458693098990399,0.011802104086744567,-0.13110476290965956,-0.4471140354501124
0.08878136059924424,-0.12500018198132917,0.005668672144669568,0.1419673055520812
-0.057545480507290254,-0.14299692250224647,-0.08776386827730485,-0.36915441342984495
-0.1320037252920415,-0.027144174011982103,-0.48262210218213325,0.45466320246339215
-0.04920789031458891,0.08977243029620333,-0.07050298942095641,-0.5432333217105535
0.0032451119364001815,0.17472181754957555,-0.09534339491366209,0.2897579300026268
0.16094035815475027,0.027278220958211714,0.39597536589328614,0.13174863857204433
0.018081093102869664,-0.1508753785319458,-0.0876466770823188,-0.2902520615285714
-0.0016085317628794296,-0.10959871903271616,-0.2185046889644996,-0.3549017426007395
-0.17520624107177019,-0.022677670941723092,1.1052499816860342,0.34695063287775246
-0.0952896914520864,0.09810475655810803,0.7733478813875947,-0.1300405695123863
0.013896803402760588,0.11144356868033917,0.23018406778216913,-0.08616822351251663
0.09973491325335943,0.06472832181758972,-0.04714510631865586,-0.16448028179525195
0.12243119105894103,-0.04499206108889385,-0.3670739382826216,-0.24483802616811506
-0.018104456443016774,-0.16348055019749808,0.06482619801239073,0.09970782026423416
-0.11228880627796876,-0.06820852635192429,0.5664579935564832,0.209250858599865
-0.1462849273629571,0.10298222039801633,-0.0807316751813876,0.21546720417174406
-0.1162650181381708,0.1111821700733982,-0.028016668291640547,0.031714426447311955
0.08620852290804465,0.03997094771976581,-0.13282730121168906,-0.4564708162282667
0.1621855708942475,-0.027155937685995005,-0.1990837018776015,-0.1523015447668934
0.07242327851495027,-0.19423460885449914,0.4568225418805025,-0.04473784585684669
-0.10832521377834177,-0.144119365499071,-0.2502677901191131,0.07172653582614659
-0.15401687034533806,0.005085690083916678,0.058408282997206296,0.334570351556151
-0.05324863598080521,-0.003895295778377078,-0.05517082475368619,-0.029585710910289276
0.08997948882599249,0.04001499352032639,0.40850065339693264,0.3297456922150439
0.04726706134273129,0.10199068878962383,-0.08229907551068907,-0.32212689777537135
0.09398160455816607,-0.10869154108210978,-0.04654297018460443,0.19975431255343845
-0.03543852909774507,-0.10624014600508616,-0.3604836265524235,0.7750229672525707
-0.1095999811382372,-0.025017507019922784,-0.10760365989774937,-0.2554582804317494
-0.09247607635900883,0.009150992920425052,-0.02989486011913428,0.19207729817055877
0.09039761978872946,0.10875349129550639,-0.1982093920669241,-0.03944459788446014
0.056432920479077685,0.0596992866109156,-0.28619140140476157,0.29474077905980517
0.12903548498832107,-0.07789891548190711,-0.006938759432517372,0.6729546273939638
0.03198105069506027,-0.10521138723599428,-0.0031794446413658823,-0.05176900764580276
-0.1364577939184498,-0.09380942395911593,0.3044945876291356,-0.042333269690849745
-0.1392877020298064,0.03457719735717053,0.8721783366122293,0.10221336782075256
0.0095223183439246,0.11977843412604566,0.10173257213415104,-0.6784564791511418
0.11274868879709098,0.017833085793950446,0.03289139981217177,-0.05081467455887185
0.16805002167873556,-0.05261821715277559,0.012298099750694055,0.3698961005386267
0.024598381745235442,-0.15007439858921232,0.11212951370370532,0.22745369992483555
0.026268005553354415,-0.004911215899650392,0.137468336609798,0.15372766460868012
-0.09242731898787736,0.0008267842452640284,-0.19228767123200574,-0.2677221342351252
-0.020110237006117675,0.08312619336122642,-0.41070966475822124,-0.5081297776004103
0.06793939066153998,0.040866923498803824,0.18266561225133543,-0.17513002555179558
0.14178903235090368,-0.037975274870916474,0.3900490943008245,-0.31389639086521054
0.07787740265729186,-0.10779746450714875,0.2655943668242382,-0.048278279040294275
-0.035644260679396064,-0.05002195050854628,0.176867089627904,0.27380916824390106
-0.16430979163104387,-0.055897677125990114,-0.2870199344269861,-0.2415676157752083
0.02168851901011796,0.07177421707017947,-0.08756258558532332,0.13893226961963814
0.08412756288174117,0.08467223814221476,0.6369526705568531,-0.41737955481814154
0.11873500575069947,0.10501992811495628,-0.1404987531453324,-0.1726042542304755
0.138073205244859,-0.07519866454979927,-0.30624106701433645,-0.5545601897797732
0.04101193074288097,-0.14628353569358926,-0.0863159899294961,-0.22970717506371294
-0.0940877409135342,-0.06001611192034819,0.09564600717164413,0.4809903750834949
-0.10779792495934212,0.04170827209914971,0.18095291123527985,0.32886931511554723
0.06913270306280235,0.14486646228552497,0.06318326296842726,-0.2632007644854729
0.062447168149660386,0.10134462066163946,0.17346086705704594,-0.3330283534578755
0.11721844292381375,-0.007496873010594492,0.018386024799760398,-0.561020259908022
-0.008230423720027613,-0.07245329037429991,-0.424510109238448,0.27093861333576313
0.003245201055746799,-0.05904060092512946,-0.5874767801747074,-0.08928532027216475
-0.0875152491363952,0.014623437468163032,0.23161973422274315,-0.03881013005140221
0.0019202733167053773,0.04001686904648879,0.1481316500386209,-0.0021551677281084897
-0.00980096670624337,0.0708723361214295,-0.4134119914489647,-0.1274891010409583
0.0678446123183702,-0.06337321772344157,0.06083409134726672,-0.23610947931005793
0.01118111682853207,0.0034615000026110565,0.24992155484878759,0.5768178511153839
-0.08098694771048752,-0.09926905919896765,-0.1451073070595224,0.2581336399106766
-0.138758084891529,0.0741822046272201,0.11545774378822839,0.18296190473582666
-0.08433766737016118,0.03090946027879047,-0.14347875064524396,0.0038874580184321966
0.08672060841600443,0.12873572372847653,0.2992913003686477,-0.26069398271588173
0.12337249336753786,-0.0015121729327540728,0.02133193186502569,-0.07583712640310422
0.1124710694858908,-0.029454661407689552,-0.30793529451489093,-0.06282046586567351
0.024635766835700214,-0.1792891847028118,-0.0502312692110592,-0.3123890942365999
-0.10736549562816525,0.05098383255437379,-0.03391311530329087,-0.16695692840212217
-0.05862499066901556,0.055493079009409294,0.07531596683506638,-0.042483910559904595
-0.06289484442926416,0.09100203780475433,-0.46095007555600653,-0.06453453635387535
0.08236480213567728,0.07667738473779023,-0.01968718278033639,0.009256386845995605
0.07111880658012046,-0.0009239980022951455,0.09213174636056257,0.17872138356403977
-0.0020362061504904903,-0.11013424351579101,0.13850399670186828,-0.16956253691600523
-0.0648972606353746,-0.06173110475840642,0.16600965284584768,-0.1729954923850856
-0.12714675819620408,-0.016288567538897174,-0.20760345004760572,-0.08564067945047671
-0.027412564488987504,0.09095007043885867,0.47976489256209914,0.3713681336591179
0.09312206235259177,-0.01998463743887839,-0.013303441840706934,-0.10191309664473516
-0.04012890639630111,0.001907396153556732,-0.31839236243185803,-0.3426428751472348
0.021008345068516142,-0.034636384581148635,-0.3244577447950315,0.14259981804641067
0.02987455372614819,-0.03353848787985876,-0.3951883125576448,-0.3060574182087723
-0.030903474019791093,0.043908595793490386,0.17925755669122195,-0.04960688964301013
0.005778138623951861,0.07918562506556939,-0.05617805355032056,-0.602063620866499
0.03264950663386947,0.057081193878755015,-0.02763921009227767,0.475339932136541
0.06419288607639068,0.009819462111462505,0.0760851510207642,-0.27355369199021345
0.016997842536557343,-0.014171803343169448,0.15856010691633923,-0.34280808475295727
-0.047371605184403504,-0.06474494745033324,0.19649989850088556,0.34276155053083346
-0.055052098643684655,-0.06099683504989263,-0.23670691098493388,0.3603589465053031
-0.019747442933896152,0.0471929506303053,-0.3771921072749146,-0.3124101467392914
0.014235887409794867,0.04245009302617848,-0.04864295917215216,0.2168068106741611
0.052460969562156304,0.10957436318232053,-0.19053109780416871,0.45000211086545217
0.10925684044089215,-0.0259119280231776,-0.014399763812323572,-0.10921604184819668
-0.01633059559665595,-0.07462507027593249,0.12698169873933152,-0.10073531522986179
0.031503746847534576,-0.0044505499946724154,0.21403688780343447,-0.14150318173426463
-0.047292067179683824,0.017895359319525985,-0.04613034927082369,-0.5515374289074105
-0.07837794731119475,0.06547752839492728,-0.20656829863374143,-0.021158907057229684
0.11160737469653531,-0.005827564243136699,0.1012076804888325,0.3768510305627194
0.12008462540083222,-0.04668241743625109,-0.09203755161816041,0.0396981247767586
0.029240947637117754,0.002844382712408569,0.1555179232625378,0.3364965004718988
-0.44486694673680893,0.6835056532942826,0.11986484882491044,0.9230871315263245
0.26487161108895907,0.7837098919606738,0.681675096286713,-0.6764492613545564
0.7282036894701363,0.16508930073066752,0.7720318355460065,-0.5959940849180443
0.5416190109935886,-0.6092517834143933,-0.14425151925541224,-0.7071548454133225
-0.1556667272410958,-0.7820349883013281,-1.1540117697240546,0.6261042149078461
-0.6881223848049804,-0.19403116687971,-0.26971299804981363,0.6009918102577262
-0.5973517075121323,0.5103240281802753,0.6677706146405965,1.0307080904911519
0.04921999813518521,0.7951028837033322,0.6832100702848422,0.024351476332269417
0.6761584499166271,0.33329045582240296,0.2249843513219707,-0.6544403066089235
0.7004991220846125,-0.31952064704776706,-0.2491577575647408,-0.3411519618346426
0.08976843575993954,-0.7386296045666451,-0.8678238446989818,-0.08919368324151244
-0.5821428269474576,-0.4198603382925668,-0.48309849127289084,0.36621776833346054
-0.6707414282048757,0.31950011298846803,0.398813322242898,0.7953896628650039
-0.1139071203886211,0.6769697888055954,0.9294756363986674,-0.11354770191433272
0.4964888781743058,0.4678797771242039,0.5201030859757944,-0.6111651651854383
0.6709286246926011,-0.11820402527006804,0.21132963598085974,-0.9138968294062256
0.17740866676819803,-0.5979478468086522,-0.5224581824840389,-0.20526198755518088
-0.4579812654861682,-0.5431394308652375,-0.13982227479153647,0.8589275973664273
-0.6357961229561262,0.04488991365024575,0.8860955372286083,0.9011737685474577
-0.3429871525882407,0.5747887791324064,0.5007702196241737,0.48393719770813887
0.30728048953284215,0.5216218679203232,-0.22898116882937247,-0.44592794184176443
0.6707649830115582,0.0011496818769295945,-0.031979804038984594,-0.5207933261637158
0.37469670096372254,-0.5139219894198769,-0.6700311238318071,-0.46871636203470596
-0.20513764134168402,-0.6854442226962848,-0.39971995610062216,0.2622118768808618
-0.5585042146402194,-0.11515233212654404,-0.34141632673854616,0.5260279217660287
-0.47470193981418796,0.43304407335292117,0.21208676511567603,0.9853103956454723
0.09201744318200818,0.6232983821804343,0.5636700511322932,0.10851248284930337
0.5078556968849789,0.25029801715462363,-0.017529602581363157,-0.41783344063407546
0.4954488082060378,-0.40823927125236453,-0.785057452788977,-0.7467936823460766
-0.03295267351490003,-0.5876762124141963,-0.7827095326764495,0.25246998810999455
-0.48763949863606565,-0.21763207353928965,0.14500848064361693,0.9125665890526172
-0.5191194776649538,0.3203433085998173,0.2594934303232471,0.7944539068073606
-0.05612128818135971,0.6075792900728865,0.5762188105028168,0.23274682735350216
0.4216629446454939,0.3461047899921153,0.4410749672587541,0.22188786829584473
0.5162199190923259,-0.16464230757962425,0.07028935365322064,-0.7585373303927357
0.05025957450421345,-0.59832218154764,-0.8743009225881723,0.09223065148357967
-0.3429286753090969,-0.36101452775421616,-0.27366458996737564,0.42717488065994763
-0.6208746830755173,0.08730773549494854,0.39790506109932733,0.6683009512199319
-0.2221906098033653,0.6223307244698314,0.8723438323135887,0.1380424400857716
0.33130726706790864,0.4626481602715844,0.5688521480487336,-0.27173680352575086
0.5424623285326539,-0.06857376422698941,0.2753509468389337,-0.6024874105359815
0.2443620515830394,-0.47605673715334357,-0.4588558452001055,-0.23284231490252577
-0.26266568116192424,-0.4891588667994725,-0.5357732966554047,0.3007473167518332
-0.490144193155739,-0.043314884854221934,0.23914221005991304,0.7113278747678906
-0.2990620554878856,0.41718386075635616,0.9646356155377125,-0.06283803910066971
0.20228551343485876,0.44926682770498405,0.42133600011039996,0.16950999723250731
0.5071924081103624,0.13045045519777043,0.22505559410061743,-0.2814965607605952
0.3069777953885171,-0.3582273895959868,-0.21716098926605226,-0.23930624373535186
-0.14236161575832143,-0.5065147008124831,-0.06438904780981372,-0.3057997594735132
-0.42680144471347886,-0.13241143107943948,-0.2896284096786239,0.5156947407780158
-0.36993498139601744,0.30708615256300464,0.023365432424188592,0.702894893368631
0.04987768553834605,0.48401679709577916,0.39292532670154384,0.6170872190919754
0.43511205797617064,0.179787919969714,0.029555931561157378,-0.7719648687998145
0.3577820697667663,-0.2904430528795732,-0.23649193811957792,-0.7460020851971935
0.022932063170252162,-0.46531758923532146,-0.7226294692738474,-0.14071653200309592
-0.38704727104757364,-0.3474371517623548,0.36154932196059947,0.47376186190789815
-0.45537549476191413,0.1502954098208489,0.5030477774873465,0.36940911310606434
-0.043505609946555404,0.41327899157181247,0.35319105002970724,0.15036974511176276
0.35622898557792043,0.3900378228438306,-0.2856883317684339,0.0033188480909163154
0.4253647968300465,-0.13678176675563686,-0.14977650798631698,-0.06433120441254422
0.14750333368985616,-0.36324043445261356,-0.15394282161246073,-0.17876130547342106
-0.24500086809366484,-0.37264347192467906,-0.14449766692140598,0.6625277178746344
-0.4091319450510851,0.11302232884171043,-0.12215162961570464,0.2483100367449574
-0.1293243262533081,0.32880547784059677,0.5662551283003864,0.3691504635306145
0.21216943263565521,0.3673997823186179,0.400959702892205,-0.14562463017310984
0.45029613130335727,-0.05918015349556263,-0.11917616459322655,-0.4238098987160138
0.2781141666835533,-0.37017770723955534,-0.4269292620297757,-0.3815671162391654
-0.198066689890807,-0.3880916324375107,-0.03114842495578432,0.46572483619909594
-0.371642984488732,-0.0379346832436491,-0.05774131368383312,0.41972257519443124
-0.2857009047276753,0.36304562853912575,-0.18061358319073156,0.01882520914729513
0.09997254670448118,0.3660374716370839,0.5673086292125319,0.03982512070825589
0.45367924687871153,0.15452809601394346,-0.08518640449851012,0.0966344798615458
0.20467433213733338,-0.2608678950903825,-0.22959975482360867,0.009148706909308801
-0.041698553822917026,-0.3369068498331797,0.4802553110384626,0.005854248957787855
-0.3892611321246538,-0.13660899811712593,-0.024169635486087637,0.1662835629519098
-0.3171982957486139,0.24872571050205367,0.41251747641543657,0.2646571366098849
-0.008931676689560162,0.33725653171921693,-0.25809205994824064,-0.06329213425153357
0.3292557151023039,0.21338143044637903,0.0108206880286435,-0.144148260991947
0.29704109884705215,-0.12933572546755853,-0.23445738558277446,-0.1048121831610252
0.09814953183119825,-0.36166173096182996,-0.7549925359016039,0.48291319571856645
-0.2928167492507851,-0.29146696281539786,-0.41508536319873307,0.6789595442523289
-0.38615827974832956,0.15642987716665543,0.6456499899081238,0.5888922464149934
-0.14625713740230217,0.3108831696131774,0.19413896594765792,0.12971096002235144
0.24994804582928326,0.22949086964060839,0.35687535289041505,-0.2736875549264034
0.3409334501541735,-0.02760794262730016,-0.012637075427475997,-0.28187105560164266
0.14553513283579617,-0.2904981537146589,-0.36981450112599296,0.05162806710316076
-0.1905500017479872,-0.3239465112681756,-0.45115600529860284,0.21077546845871264
-0.37223035344626637,0.014722029967084454,-0.39858620368959374,0.32199360395063825
-0.1570783220451802,0.2613951563059114,0.8716609106884674,0.5118496009038611
0.12742326015323302,0.2532809892760597,0.27983970844612416,-0.1487228926660704
0.3436351485821037,0.001153857604308417,0.10653097152197616,-0.11488021216015105
0.18488223772343465,-0.19580830294872334,-0.06893531253709562,-0.00549424183640318
-0.09719634514723167,-0.32690822679930975,-0.4573987732595482,0.07563638925438709
-0.2749460359050689,-0.06404549958426017,-0.32561885839475474,0.5997892718789944
-0.260556125927414,0.20853619964816272,0.2313057431698247,0.30862022780937787
0.06955176989035299,0.27420331574127715,0.44456462898951454,-0.6980993554376652
0.26840829754635354,0.12309277141281194,0.12962126793769485,-0.8960341183116022
0.2573911200989175,-0.14510269105102305,-0.048441280088514505,-0.015098152735409376
0.05402538802583956,-0.310160386957231,0.07527208983208053,-0.055201918373911085
-0.2976123785232618,-0.08773190681710977,-0.2736178082069511,0.2318143498871697
-0.2805429789390897,0.14442968209971407,-0.29203856446078313,0.5533425165848666
-0.11950331184897098,0.3648337809322214,0.10102126785383046,0.5191089187656824
0.22554200527562543,0.25479632839915045,-0.03633544808129788,-0.3738355794579948
0.301860320802632,-0.03289697763570294,-0.37652660157994206,-0.5877847409274586
0.11195461038158981,-0.32908728542033927,-0.20064310830760476,-0.21335204034417687
-0.20349564136732112,-0.17131191904245965,-0.0923480912297843,0.4694815652245318
-0.28816136323082947,0.14751888943919317,-0.1564574507945607,0.12042610657064767
-0.15678380004520956,0.2503695313191823,0.06683730254554793,0.1986423126997619
0.13873710635826605,0.221261364856154,1.0072759097675887,-0.42243615830334047
0.3375010598667899,0.06425672911660836,-0.19313660595668164,-0.4823682244447297
0.1301009285964886,-0.19566885077492627,0.042975813435237875,-0.27927332076504496
-0.0892756687866345,-0.2192812219075354,-0.4223745191196924,0.39555934100000634
-0.2587322923433403,-0.07536666744618144,-0.17169891880927393,0.17489402860752506
-0.24565482303851977,0.26836258930429413,-0.07559880237852146,0.16498951438861376
0.05603212791065249,0.30785017331273573,-0.15228126976175357,0.13893024549725574
0.20585403144264036,0.06308614569693731,-0.2770453425087305,-0.15122824516636088
0.18264116346710502,-0.24053724075171273,0.3083832415517552,-0.41050152054579264
0.011362221990546463,-0.2603082947459574,0.28813262916314614,-0.06849353805005731
-0.23275259142445962,-0.07676955699116293,0.1223083899348297,0.23280269121226244
-0.15215221062335973,0.188966222358851,-0.22728131445854963,0.19684098307011413
-0.0028662192041770803,0.24637183987420394,-0.05763787560913285,0.33695832959315053
0.19531977738743153,0.13288321640902195,-0.14893891415526286,-0.09502563865047664
0.16602964515497748,-0.07109506803252019,0.11419575331979293,-0.3689489939923744
0.08407605150319455,-0.19031357348190095,-0.44744518766679353,-0.38910506614535295
-0.22637856742488327,-0.15308961495058548,0.02139603235012999,0.03362884581491879
-0.20294593506713013,0.11454833058919789,-0.1724503576223549,-0.5014616462577133
-0.06610899627318054,0.14907796625712255,0.2685617775982704,-0.14065401804075395
0.19027976088135107,0.13090728495061793,0.3682651776606025,-0.3907048292894395
0.21419628838050786,0.0071793378691079705,-0.06229086418156546,-0.040338995365857416
0.08010964796816102,-0.20813129065350333,-0.1607134595349896,-0.5598568206331485
-0.14542522874780459,-0.13990605904598996,0.1817643578847769,0.16670477620543064
-0.17478464822360676,0.002054846100198308,0.20651183080369506,0.39277765282723737
-0.09009097397562715,0.15941907271105396,0.07504424029658299,-0.07839077056280827
0.07313619151521987,0.1933874655650485,0.5700552886420603,0.19453994321394621
0.25529468495546165,0.0998409555376111,0.30853080013521367,-0.6969469297817278
0.09754299961197192,-0.13907955711350098,0.2659931269111555,-0.5889156004524632
0.010701487238137602,-0.18989477097518215,-0.034325979443669205,-0.045008301521817645
-0.15094373887142273,-0.06445013514314381,-0.3866538492507088,0.04826190123132956
-0.1450057643240504,0.140377090087947,0.11324222623134136,0.38409939584222236
-0.008418264369890443,0.17558357058367743,-0.06002020450414012,0.09659540180446
0.17465820451540545,0.07024916562345603,-0.046182758935230106,-0.3670058307686684
0.1761402568991622,-0.07546607627025362,-0.0654065728225138,-0.053903805279497743
0.032958325203741944,-0.16940778160019257,0.12672546073700083,-0.07536612346049756
-0.19383196979613412,-0.14987427264711414,0.14957034685564488,0.4675597486014613
-0.19745939947539357,0.044816706118988935,0.04054413046445299,0.00851170324124767
0.001223890147358013,0.2277296199820607,0.37669924343831546,0.2492926605183278
0.10656474908826753,0.13635242498188715,0.07943891925952865,0.3105584503055872
0.11013455377417632,-0.06209299395323642,-0.3688293613660055,-0.5975351758402994
-0.019137798384115404,-0.12550467643565086,-0.03923445249772062,0.14355460150821397
-0.06838006209459781,-0.1728661731852069,-0.38171098991162206,0.2072740103295119
-0.14691690405169172,-0.009471667899704744,-0.37736871489677065,0.2979168984862904
-0.08226988386497736,0.12707162680539086,0.4516656594280713,0.5204748119185701
0.07564615209758256,0.22751693327444208,0.5236076803065319,0.034816900979658116
0.11662827040016811,-0.029194360699327272,-0.03131477890630188,-0.04605291252594592
0.1097294761837838,-0.14318305799755793,0.18475083850611196,-0.08573286211677092
-0.19395369996880496,-0.08183033973655011,-0.35504760102324956,-0.067856685218705
-0.20890698937042684,-0.045319869351446676,0.40334085989629354,0.10555545157856376
-0.17046618265638266,0.16504174659333914,0.0752048746709863,-0.03211223006372256
0.014207503336096255,0.1596634534612703,-0.07585752276540107,0.07943852935906937
0.1877959352838498,0.03479878644719983,0.1978972770123974,-0.49395013067243393
0.16959458834579436,-0.10886346542043723,0.23882537326929257,0.08974161363074329
0.005315962881144623,-0.1998916156919146,-0.3984909754130911,0.2697822488561018
-0.13899266741817787,0.03955580856952216,-0.24768555677083096,0.22107073183535228
-0.1646620124388107,0.037538065475706324,0.3096630436511417,0.32595149497297976
0.007883016614199094,0.16702891714531273,0.1989322862910605,-0.18316276452312658
0.06233044626986892,0.09570461698333607,-0.4475602831033513,-0.30782076540992453
0.1171870150404446,-0.05252954653638613,-0.23221478253192088,-0.4947346351952615
0.1175585978779005,-0.16626330760227473,-0.5243826317778163,-0.2123516654684532
-0.11129035038648011,-0.04495262731196936,0.3712964278833859,-0.17893596288664965
-0.1627456336805658,0.060631322832557434,0.812777505026492,0.2684509472782397
0.030976878302077314,0.11768707301669498,0.0243066183996829,0.06227969326668331
0.049952789452742445,0.154502584707296,0.3111341483382944,0.24708164303606978
0.13840282445290494,-0.017716778287598135,-0.638894950802217,-0.38202458567915465
0.023980975745535406,-0.04197212645663216,-0.4498768491113881,-0.065867174839849
-0.14633251094610464,-0.1387454852325832,-0.1691657420826661,-0.20604897454340992
-0.13173629030013215,-0.015661014101293967,-0.29965883121750925,0.15858871296664026
-0.07320711941133223,0.11840530888938738,0.03397727098217798,-0.05805709592222562
0.04036491131005161,0.15100342206592446,0.3158000364030424,0.17257329732613388
0.07316369853720509,0.07265806504726534,-0.2897621889753324,-0.02964632171466617
0.02637350762546859,-0.07003670269847469,0.09932432389808364,-0.0561455890633112
-0.10134037303643248,-0.15915179690708342,-0.06394828899830313,0.08297971247627808
-0.10993649280499668,-0.04454886456395989,-0.17473266258129677,-0.3237214165964018
-0.10028812443108628,0.14929384970512669,0.009339169272149159,0.13663250733775292
-0.05418278880300823,0.1809522002725068,-0.1890767054380564,0.12562729336684647
0.08288312422056582,0.04557199903788578,0.09496557210341816,0.22466012334211533
0.1340724765666524,-0.1394178366991325,0.09555646013241159,0.019273392498651426
-0.02684820433464506,-0.10666848596096472,0.3298598492450891,-0.11166747622544132
-0.07868103050158189,-0.08617377548114455,0.08212402774933729,0.04216637698198224
-0.06126179965862464,-0.014148732266241457,-0.4008796377626223,-0.5211772746628093
0.012335121689369878,0.0884756748118419,0.07583075343365514,-0.03270122315787452
0.06097789726578702,0.12408739445526755,-0.23158404679538747,-0.03827715552440589
0.09338887485298897,-0.07861982491156835,-0.32950819172864726,-0.20106367545459516
0.012582920825730235,-0.0683899916499196,-0.3268369796250913,0.18479962970103403
-0.10709794337131502,-0.1455455570013189,0.27876058148616123,-0.2446623158637931
-0.06051164411404622,0.06556220465592821,0.24681706251803956,0.1859834654515201
-0.056861759711258515,0.06296067696147299,0.29965993336451474,-0.24733000553826073
0.038679589213917356,0.13503619846683051,-0.1322286304784293,0.0856798240936972
0.11583736655393512,0.03226686738321922,-0.09146097612723794,-0.32008397346574863
0.04308481832393655,-0.15809972429688918,-0.5758782747229957,0.2627898927467355
0.004035399639951802,-0.12770050248807055,-0.77031194720289,-0.15418250660434646
-0.08360285534688075,-0.007693892282573529,-0.11879475901790185,0.4315577886545742
-0.07470873309445479,0.0760630143598866,0.39106642917204065,-0.3989430316661166
0.07590399230675024,0.1544117561299749,0.4301740684655937,-0.15955987641009592
0.12826070369944667,-0.011194854261595603,0.026399789900475867,-0.12966103521157007
0.08266675473222747,-0.0842010519454215,-0.12496056964661453,0.14961055827181025
-0.05640784667439293,-0.07397421540951502,-0.40177660948596744,0.12773867309510084
0.0031244351820338134,-0.06777367677327374,-0.2985612611749705,0.26335579914875423
-0.020538899243620054,0.06566660108963354,0.2935250696985307,0.13303718994262892
0.045153837719568254,0.07961025559202688,0.5410291163555818,0.3036239399784693
0.07121232188569615,0.0776784133150305,-0.07395998950121052,-0.26327343957080007
0.11767842537222381,-0.05126130019168852,-0.13538644197388747,-0.2505107552105347
0.07431157114037532,-0.006297852465799059,0.35573779359208135,-0.21324487738222964
-0.13819385600469694,-0.055654928448029634,0.0967391991863447,0.171681829986619
-0.04389640013949613,0.05790242946422066,0.505853355296146,0.339251158386238
0.01353031084289556,0.09145641970178033,-0.19674669886708035,-0.07916698377160437
0.02176085330384958,0.11796364316929694,0.03659654210311846,0.1554059126235404
0.14218574094446693,-0.02895986454179434,-0.07397408490405352,-0.5982944622489111
-0.02114576795345606,-0.12655917743402495,-0.15250253260578425,0.022653439945776177
-0.025643146672411063,-0.010044069181091547,0.1705549910560047,0.22467961991309543
-0.09450073063698333,-0.002499920332576138,-0.025446934941939017,-0.06811983986841526
-0.07883103973334715,0.12173211692015436,0.27237606795046343,0.4395779310325047
0.023461869594023237,0.06496853886800522,0.5437184304213529,0.025088858152119038
0.07038812022553118,-0.059106015445200194,0.5933629983234776,-0.09345558042281273
0.09721920462197509,-0.03732469872238149,0.43226146055318965,-0.2631354263865108
0.004220127083738895,-0.09226821376264761,-0.48093430829716594,-0.10244409981668909
-0.0897421047803716,-0.036693942523675145,-0.05609489446022464,0.20338622576099294
-0.06391478658527633,0.03788827487937558,0.014096584295857084,-0.2445839039509261
0.04632397401149145,0.07053148042326302,0.017277941539026627,-0.23838609155827312
0.08283682627184343,-0.02766706190748383,0.5423312127517732,-0.1770545619330536
0.003470590412296609,-0.05080978843518389,-0.32420826387813434,-0.2282730927577685
0.032040860234898376,-0.06277962210489209,0.1820199580773692,-0.15574303204953335
-0.05063832252817417,-0.002593049012874972,0.36566937534157307,0.23280456164980023
-0.10825824214665468,0.05248015666030209,0.19573266704049208,0.07758003863382795
-0.043296810823020455,0.06552497092031954,0.16863818593028232,0.5288650555808642
0.0392721745300706,0.007239201034555408,0.43694053569306923,0.552832398645611
0.14079379000563155,-0.04680991243643763,-0.2663372247814603,-0.2142864956179521
-0.010669942239650867,-0.1225393290398846,-0.265557022554177,-0.45759776838151467
0.02604076102208825,-0.012424569995829297,-0.23653928712699288,-0.2829667281776577
-0.056704791691819294,0.009855770359335022,0.06798337352506428,0.2098736480665639
-0.07531389021704277,0.09245547059329855,0.009443340880034134,-0.4620187274518221
0.03467943348912306,0.02055523709874274,-0.09627407131362481,-0.03779541956033531
0.06616742604358274,0.01302210890358438,-0.2848965201719868,-0.4434008304157648
0.11140666793758196,-0.04221552797030243,0.16554907588295745,-0.17420764655085716
0.007839110729666973,-0.06556619876156712,0.1277044004862957,0.47434930977396267
0.02576036682920055,-0.026722864843868425,-0.06342459772631627,0.21267551690778683
-0.03648108986021122,0.02893286912306057,0.07369419800053262,0.4561055995526606
0.05308940410904222,0.09399430479098883,0.3002572456560912,-0.1257019913674466
-0.05668015421068691,0.04628068429303127,0.25713237156453866,-0.3248026555312961
0.0629570545718209,-0.05628017192619866,-0.1848487826529692,0.3620849643150065
-0.03576430238749173,-0.11376861799083476,0.2799093353286858,0.18952695741522793
-0.0051436177385989,-0.03990482086948377,0.047026613646645246,0.2828308412949766
-0.1252268388261757,-0.01732515283125257,0.4482415893023882,-0.14602568479706265
0.0720635752098086,0.017978784258032128,-0.04730309407683198,-0.4812660259285373
0.031296387281658,0.018994534676914525,-0.2180364082515912,-0.20633159744353113
0.052274762609463524,-0.015769979385301565,-0.08288525587256991,-0.03463756871773809
-0.009847300204664601,-0.095351922861303,0.06550157182134533,0.17786312741348265
-0.005340704549847586,0.02826230159811067,0.14870692929639953,-0.058118171051223765
-0.05123420496435907,0.041423116711889425,-0.029913326909353152,0.06626041758367718
-0.018719795433453083,0.09368804443099452,0.3515280144255238,0.12177606531253045
0.11056463607956715,0.05150759650994732,-0.28463848640364975,0.07641229554920262
0.036299143378107676,-0.04336288379734545,-0.019340084062751638,0.2352881801864234
0.016746089285193774,-0.015507487810079115,0.09861916162263468,-0.13014443571336182
0.01945757739579955,0.004499512814388006,-0.526314458551496,0.07902646795270975
-0.08860098162332643,-0.0651675620075124,-0.09981142949554936,-0.15567353547663063
0.017017509395891178,0.03338545231242929,0.05481491927534568,-0.29204102614670757
-0.022917412112522694,0.07374197948848021,0.3221961198222238,-0.49596485562268877
0.0770994914352603,0.04651261154931167,0.21492936663234782,0.3068659821833431
0.015708690160267807,-0.03184693162391759,0.2724251283808984,-0.18667185434758346
-0.03299404340412232,-0.04209501730389795,-0.16091000170710706,-0.2816227535836713
-0.005878617057661718,-0.024220268078711943,0.09527030398459119,-0.051735387901393134
-0.03356562781660735,-0.07135717045559112,-0.7673687259946745,0.22431014798851126
0.016402061282096873,0.05799892176689629,-0.22946326526920593,0.30980352165121033
0.10678816048690395,0.035437247353832524,-0.08874232827836448,-0.09550553516917401
0.05877142322954737,-0.09036908472584596,-0.6094163326022903,0.29609540058731776
0.07063594881007755,0.005975661140422167,0.12155590742364958,-0.01754415981249119
-0.02384212721048719,-0.06078870183288895,-0.0977925413753293,-0.1363685643131098
-0.11903447272203083,0.06452688816662103,-0.08471817890048458,-0.30476218476544503
0.017351743310933535,0.07653642590807869,-0.2934922541418852,0.0014403227199699664
0.07884954812321746,0.005677758950962529,0.09952667770901924,-0.4952176331640222
0.08657217786015449,-0.11558178164517659,0.041450040595186165,0.004946562695593293
0.05000432055209533,-0.06844280062034756,-0.13798611573511996,-0.4129431447342416
0.009413865038035214,-0.06804499871910541,0.26760192653302606,0.812986186451366
-0.012815230401964826,-0.018989079807402054,-0.5427294007037876,0.45640608739832444
-0.0022319566448463675,-0.020221683197234178,-0.37707667289455266,0.29035860436325783
0.0911453933055038,0.10986894513161434,0.1922315363648136,-0.13207243696037924
-0.0013833527334291898,0.020262299913833666,0.018372014009276974,-0.2546931187383705
-0.01845923368270275,-0.07425130330004528,0.5109498833248216,-0.2315336620507969
-0.05422827678296821,-0.11953740727002554,-0.2647075697856882,-0.3767630604858044
0.07476784503491041,0.021121365736728126,0.2178700891671962,-0.09277711039760926
-0.005260302788887294,-0.030652120150374884,0.2656328852888455,0.26711675299511756
0.01266659505039796,0.013425418978251606,-0.02735126949342425,-0.4234920458185362
0.09733994833483639,-0.0035563111006951895,0.11289498534111003,-0.12447173949489417
0.004612096607331702,-0.0034020444955076487,0.33168128853089796,0.11313596947444578
-0.020476639424016625,-0.0773321223024418,0.193634222921492,-0.1423322119817028
-0.008278133003104093,0.011281801259169989,0.20770044061746212,0.3343589595507952
-0.02262841354901523,0.023475158472438133,0.26729667320763845,0.07891901565467582
-0.07670622342513377,0.00492839317564743,-0.29660912878372875,0.1333971026917841
0.023598026092334766,-0.038470805617136686,-0.33094141659940274,0.032376220256238736
0.05787534004526332,-0.02527627530583736,0.20401582826913753,0.16570208319145122
-0.015501478778184691,-0.0002890425793692433,0.06881059120238117,0.7901374424899898
0.025147704309259777,-0.028022530735940077,-0.2816186491796274,-0.2796642620398976
-0.028240609360378144,-0.012937796724363055,-0.2542198664660363,0.07772608672887832
0.043952346673744674,0.07738137721148586,0.567349123583409,-0.07585420703617726
0.0158219378868569,0.0550589272729821,0.21855711723911322,0.048737513547806796
0.020074949558062976,-0.05211932355178893,-0.37713774738680605,-0.30253691047540804
0.020836961186761434,-0.10383621051669317,0.4218606231227434,-0.06618425115983417
-0.0829577398342129,-0.0131338402246199,0.42752822283765135,0.17035523560953308
-0.05609722336085602,0.005227267694418916,-0.257869291616757,0.36730327775509725
-0.054982111557892746,-0.02348560343594299,0.09536151339866274,0.06520477842290526
0.028029328457759742,0.028041247595838613,0.19213742084729035,0.2891090331323483
0.016297655152821337,-0.02747276566314333,-0.0031885937268399944,0.1723292951557504
0.021403159143120475,-0.0542666727692499,-0.05663125114054344,-0.26677209570481875
-0.06309479032153859,0.017472326198442113,-0.12256187283706217,-0.023766558506506923
-0.0002815622306720292,-0.019247663341538553,0.2095732626571902,0.04217662406826913
-0.42145547471496947,-0.9056594593023503,-0.28843878589943306,1.2663061084234783
-0.9174287390657927,-0.05386685788440951,0.08700772971238335,1.5234661974862156
-0.6128368684269063,0.6523713635411115,0.6149513931954992,0.2517117133331065
0.29136414971815966,0.9107819843291357,0.8951003066777591,0.005387425805994939
0.8481409950860148,0.24633779658296248,0.011526095743231157,-1.1370977879355497
0.7276259043001595,-0.696671223895714,-0.23775663173723982,-0.6891143322029031
-0.18284325279303348,-0.8692029317329419,-1.12913639859068,-0.001768030038901136
-0.8459618745711582,-0.3549686091892223,-0.32659626070501213,0.8387204065932515
-0.7550036287795912,0.43462479980986574,0.13881144578435922,0.9039369690030513
0.002933069475578102,0.8349709997681211,1.0830801499550042,-0.11342919389292216
0.655138772184571,0.5170290127365181,0.7584249615441052,-0.18273527892332803
0.7213187196724592,-0.37964380867550096,-0.4476464534166147,-0.13570677076612053
0.05717563346224873,-0.8592352311427652,-0.5006794394960603,-0.15048602158390656
-0.5791547279518428,-0.5301827042063232,-0.6232511488852099,0.5245528869707463
-0.7672118262283233,0.22724662950646785,0.5144645079275845,1.124410833122752
-0.26882000311439413,0.7611342704150377,0.6034788049379732,0.37286249969800456
0.5057915510669705,0.6529708264916845,0.5187753153620578,-0.5933683362538128
0.7474765319044767,-0.13711855655701607,-0.5123088474521437,-0.5555176613200343
0.3446972099525739,-0.6615475185556343,-0.20490834858993306,-0.2694812774493788
-0.4475814031004059,-0.6607489871519447,-0.5925536194021621,0.7747236841543675
-0.8405448798868889,0.004091881353137622,-0.02396422030817691,1.044525489824274
-0.42785671295383443,0.6395973846444329,0.7885531553837385,0.20147269199278783
0.33090612431979444,0.773496945596126,0.9245626505515625,-0.07723205285029178
0.7003463735028144,0.10178053170541444,-0.128470171670092,-0.7729024613027987
0.4740052600372855,-0.5245800455801646,-0.7092548022053576,-0.6547343853959572
-0.21600558090314476,-0.7405912853241385,-0.33309429002802343,0.1426474321644866
-0.645670685858562,-0.15542734357303437,-0.3909520766709562,0.7651154257914374
-0.5484896672189246,0.5342450498494754,0.8929643783436444,0.3801437037755942
0.11676705113105909,0.7154632274715245,0.7821894834960402,-0.3335385180523398
0.633711317687949,0.3373970860609075,0.5839156048421779,-0.7781653186095733
0.5519324755242885,-0.3615252156023602,-0.22629453875589678,-0.5913450888671529
-0.06285289280760398,-0.6861475539261843,-0.9349729785626782,0.3622046842566323
-0.5467036395085443,-0.4039188901072776,-0.4509513021883693,0.5121272770694474
-0.6222246748232216,0.2490998805163635,0.27699552024315066,0.5387926827307258
-0.10254720603138413,0.7146624174080141,0.7045672381120935,-0.0889819834258615
0.4641019376514176,0.46177567823607774,0.6508154580816391,-0.441409125387022
0.6061971203219567,-0.17234231758158897,-0.30902628166836366,-0.7265901253026688
0.1923958473868526,-0.5796310773065259,-0.19852342421479097,-0.5579383850478381
-0.4562936268814877,-0.4629943936645351,-0.1990124756825537,0.4891476854803106
-0.6579254431766971,0.02783134273721899,0.41901011073024463,0.14937710948024144
-0.19093022041229846,0.6008722743770242,0.46527679344437023,-0.11081547219181254
0.3788614329692117,0.5742950299094304,0.5561108288197089,-0.382563473611926
0.5918888174501377,-0.03629720124087578,-0.3108980504308956,-0.3819304210890148
0.2907115142011264,-0.46180736121150967,-0.48944698954254323,-0.5404657773448107
-0.18803721747256016,-0.5350375140883765,-1.032276241526599,0.4676377534945547
-0.6137799766985669,-0.04832737537326953,0.19206390614172952,0.6078386549953274
-0.37515307263285425,0.4271575579633389,0.518665574098866,0.1658379436677357
0.18288232623334,0.5469160277074437,0.7315710082068835,-0.19948183812943554
0.5539464542374993,0.25405151964071493,-0.06820120885833725,-0.3285097589018624
0.5016546705929418,-0.37682034268266745,-0.2978560099014105,-0.6394447366012407
-0.136441218918524,-0.6269493382033953,-0.30292297154981895,0.3489119174022737
-0.4701527268463287,-0.28265304737219815,0.3124600966053742,0.6717120001818441
-0.5160931887577007,0.3763099842824925,0.29946694329669843,0.21452316386820047
0.08016174039281415,0.5733753008068345,0.994176700115549,-0.16598625926631416
0.47501106048844133,0.3217132043664068,0.6921113585157085,0.13626586570336718
0.5241096024291149,-0.25948478520141904,0.4943108346250652,-0.40925168614540486
0.11790042387439434,-0.48976398430706697,-0.7470287889932168,-0.13123758491262516
-0.42438649863171046,-0.3345718976446557,-0.03149563588269205,0.14188670778396612
-0.47219213388315434,0.22399143878839317,0.136081504423346,0.6876558855144795
-0.18349188572806124,0.5690791624055204,0.36831765949239076,0.1919537983225872
0.3603078294212108,0.38404517227853935,0.5118245861340462,-0.35001298132002007
0.5021144530237226,-0.07214425485444768,-0.17563624250225562,-0.5699470799240101
0.2163938988188313,-0.4450546431301835,-0.11425550400050652,-0.46443033746259466
-0.22408982902986618,-0.45222872368612477,-0.2758473603708464,0.5571790381502952
-0.45990030941209664,0.010031771669659434,-0.2403482587600561,0.42309602047416867
-0.3095308830835506,0.3721874406336578,0.9507109304161321,-0.2813354953736988
0.17844345454131846,0.4567777263800003,-0.06392255548127335,-0.18531864180338198
0.5370025898698024,0.03542320387433846,-0.5084304942638603,-0.31096240314557055
0.26496820417184413,-0.4299102600234107,-0.3511100604828585,-0.3197958644033863
-0.18173547826876335,-0.44517708885482776,-0.3273107505527773,0.271757746612499
-0.4363550513516671,-0.08476721332253376,-0.6284946854898895,0.44997642254165154
-0.37210517851770025,0.3484841383766452,0.033720625169156304,0.015706197152542678
0.10743088268968898,0.43686069136544686,0.7011190320334624,-0.3251878634075625
0.5007638581376836,0.17165372115978422,0.5488439575043302,-0.5987938899356807
0.37730621436224066,-0.2581953517230712,-0.48693817095571135,0.1826068677070576
0.04260002082545039,-0.48223399304776754,-0.39359469803526437,0.4463002671818675
-0.33595243510576034,-0.1636982027221858,-0.14444362710511888,0.6620140891373113
-0.4032256079930494,0.14746791685038016,0.38986942447133216,0.6439523695101775
-0.03476199353506419,0.4702897118488605,-0.19547194139538485,-0.26079265437456256
0.3679908728466741,0.23561029915602422,0.7999501741482468,-0.3648819416372409
0.3372074777551166,-0.14355330072035924,-0.21202338496724066,-0.54460861592551
0.08265310931018968,-0.36312786389407636,-0.6836937958275792,-0.09591041010502815
-0.2867406276050005,-0.2944473813170261,-0.4843849744530491,0.24489620222553632
-0.41906075497279793,0.07460580937859582,0.2555756177419066,0.6353383515052414
-0.12322138990012169,0.4075621160111659,0.5046635354657111,-0.21592494434196863
0.21607741308957262,0.28334479715391625,0.36370792296561133,-0.9214021666482758
0.3713310786574405,0.0007510072834672407,-0.2136100669860222,-0.27527530140986
0.3051429790435617,-0.37278048804180236,-0.4409677166312065,0.10479483694290359
-0.20495171801575923,-0.38347490713616345,-0.5052677286039665,-0.0951062575588818
-0.3893716742502602,-0.07769152641701316,-0.17040786998170188,0.4814427625007074
-0.24061618040593213,0.2537760438439365,-0.20096934159619592,0.18854687509866241
0.11479521343343906,0.3102784797962691,0.016259446631331914,-0.9381547152515748
0.3478253966984819,0.06390968925782145,-0.3113118752864294,0.1997864523656425
0.2422151716899556,-0.19225365918964094,0.3313764077599902,-0.6766424621839764
-0.14533022533395729,-0.439266811874491,-0.7542534845515728,0.7597638043399219
-0.3037221421482137,-0.1069658621155163,-0.10034180611581456,0.18319954297175145
-0.24142963180429428,0.1833464047493181,0.17504764295041553,-0.05167730335298937
0.07354328164879073,0.34304669104853436,0.18761435608794924,0.0034474545093360343
0.2496760264174213,0.17083152651059105,0.004980531671321675,-0.5713322150967635
0.34881651428269583,-0.21565586306895473,-0.64906006865185,-0.6078278091497389
0.06211657764196646,-0.3178888333104554,-0.2862110809599715,-0.7706528434194221
-0.2250074409246617,-0.18372048466003554,-0.5271665297801172,0.01354200915019102
-0.3230867370073651,0.08129975406083907,0.4214433389331454,0.028271427067519256
-0.11781811020097979,0.3982960142278882,-0.12961359473722317,1.0592700839158338
0.15121812059612638,0.20828664092926058,0.5994212804959104,-0.07306943315375139
0.3041647242554614,-0.07346391931602879,-0.2963922835755553,-0.3750386138349851
0.1247004937954695,-0.3096653729683362,-0.5120219344722662,-0.3061425524969283
-0.15934043258504357,-0.21163711326856116,0.6161583926893344,0.19744202679094547
-0.34030923630008736,0.04081021779443002,-0.09946982239136565,0.4113603585375056
-0.20194568745721062,0.32369943908428706,0.138049651234739,0.5349390293498547
0.13446348368073233,0.3011519024119341,0.6133618851979667,0.038072078289369815
0.26140599066817344,0.06897319454402126,-0.13943784443111257,-0.32682484966384445
0.19497886107195578,-0.23019882890885068,-0.08067221083168263,-0.055248059069202965
-0.08703605894504207,-0.27380661631486125,-0.081369514765713,-0.1101350091600492
-0.3080403862347322,-0.12792359681641746,0.22190768922073167,0.14391606735241458
-0.2515287176173678,0.2169373988119733,0.5332809172887895,0.15396410551591966
0.05565999213224414,0.2786846892823801,0.29597547356958065,-0.03854118885148888
0.2523513111182601,0.036436374522275494,0.18500269279495773,-0.1507669128730373
0.224232185521554,-0.18853100878722087,-0.005501657779599378,0.0276348432305161
-0.10306320255660419,-0.3216941724461143,-0.5829817571957319,-0.09996275465370963
-0.23033381134883774,-0.20083318089191193,-0.32210232276574297,-0.6650922372211004
-0.2506056682370696,0.0868741868697741,0.2580226863505261,0.030810839070258625
-0.056170756465925314,0.2661954111575051,0.4904908236469955,-0.11616339237107226
0.23708210576894367,0.217249339381524,0.4640263536917153,0.23835795423579512
0.2441176423149042,-0.073988845133564,-0.09371213664119138,0.04748245752802041
0.0654308333896212,-0.269966412903623,-0.287094379745441,0.4031491348151303
-0.22255850268998748,-0.2171949957096645,-0.4232006087416005,0.006100113475737551
-0.1982503033390946,0.12101627241616814,-0.07848156919447874,0.4268010015338508
-0.13990001262032326,0.26856891265724286,0.026277434868226812,-0.34349243204963226
0.13844997883047921,0.19543671569960175,-0.11062025969476863,-0.7154162609969581
0.35764032122691114,0.01260613949771079,0.055764181232223486,-0.19518607625448983
0.17831904366473125,-0.17151233246227487,-0.06150136314921367,-0.15480472115132482
-0.23167012494297973,-0.3160372539813141,-0.4055525861537089,0.14388128038603468
-0.2630469434772857,-0.03827722282506517,-0.054632842810275334,0.586027491717697
-0.13440422602540653,0.18334694145045669,0.465804674778528,0.29322217964194736
-0.015562452609738306,0.2259153404366035,0.1727430769845561,-0.16129223987034022
0.2694184872146794,0.014697653455073886,0.4214653547811881,-0.7306337235716959
0.18100627748764148,-0.1506049508124661,-0.13445809368305764,-0.5045709905424063
-0.057227680275971214,-0.20922033555807268,0.059818214152093874,-0.03422569943363915
-0.1986109161100633,-0.07904657841455426,-0.012217778274807162,0.5390080324870657
-0.21027223066858955,0.2222875359468638,1.0112600090083634,0.6639768028647932
-0.09187407491037534,0.20224861308577347,0.010602021948160761,-0.1318954854628568
0.19557523982168828,0.075812540387452,0.4392209994661099,-0.8894321924323682
0.24051255822775958,-0.1062124989967592,-0.023786475923296413,-0.6434871402720166
0.05899318386582749,-0.24816127475769173,0.3914837692305066,0.21238023060330027
-0.16862467349183358,-0.16981132158082396,-0.49092665723335854,-0.12911422981543422
-0.21713203908089168,0.023745110960927407,0.5232792527494482,0.11904446697645572
-0.04394215011606313,0.20793193157940865,-0.09207586067857043,0.4481345272016843
0.18186357132837844,0.1724238743805966,-0.10553109704248789,-0.5984635433873198
0.19917958790893253,-0.035740449142599426,0.18419923559797907,0.16110606163202237
-0.004999322893365327,-0.2493908014843106,-0.34180504340852363,-0.7996929518102954
-0.028421632853130346,-0.11239669733985751,-0.5425955951024003,0.29095090712992044
-0.22114476349201695,-0.033663780984046106,-0.20849063934531925,0.4891252143048608
-0.1015063198925876,0.15781918814518853,-0.1302671732056175,0.08801737007261487
0.09988368348455258,0.1765316332917063,0.2095928598910199,-0.32345213302163944
0.19815549207552827,0.058362738337103606,0.30748408244792286,-0.17870212074356578
0.09447362597879543,-0.17688659518910463,-0.8442149267701379,0.3602620954717631
-0.014564422634734363,-0.17455493740201763,-0.22556260180433543,-0.18152311057996084
-0.095781979611666,-0.011122381660426443,-0.1840344634521851,-0.1134555794957183
-0.20011355337115144,0.09307560324570072,0.4561609468073455,0.7923287421441538
-0.0075242008402838165,0.23568298699498974,0.15637593646445466,-0.02532438080254995
0.14105066363204627,0.06481364730255322,0.493311834711609,-0.10659876202675031
0.16353393171131544,-0.1663886705904781,-0.049677219231697156,-0.42429754850794354
-0.027604319303319576,-0.15893005700379878,0.08260876220043595,0.24041253310685504
-0.20767523766980522,-0.08658011874433387,-0.2210931663661865,0.0965744023752417
-0.13878584060413177,0.04909443447199995,-0.07689080423573982,0.12017011069882517
-0.011116494356655706,0.12003148783611664,-0.24014355945179522,-0.1945157238791398
0.15186898654887443,0.05687368172244643,-0.4541810695644894,-0.08347952038946539
0.1830781197667411,-0.07224457238317117,-0.13374706433211897,-0.28060620253205004
0.0003726012920556229,-0.2703720219625755,-0.1364638379447848,-0.5003601384279096
-0.09556834220096463,-0.09079283202370853,0.1880204354520311,-0.05186832461796284
-0.16357359043942724,0.04591398550495276,-0.34390779350475714,-0.06427381443078839
0.016696769399300065,0.21809277807832544,0.21591378067274092,-0.3056229890318514
0.08903866791602627,0.17914754365630695,0.6975265694657263,-0.5823283167248231
0.202520669162222,0.04517395498508917,0.12186433935129234,-0.10582622335534693
0.057617442443163844,-0.13093554897994328,-0.44340296565350545,-0.7129458261857539
-0.12383766092256815,-0.1146799312232384,0.14097973717249607,0.25814261551526846
-0.15032180700719253,-0.015459778154734314,0.013874998936497657,0.0060893415082750695
-0.13837303383685817,0.17877222374608762,0.2790718607978241,0.17921166792477294
0.10641300293794902,0.15957816505632544,0.1910263233178193,-0.32153237597125783
0.15680544954699885,-0.07744998125948699,0.12996835015424285,-0.3358836784663725
0.05063832999621509,-0.039174477509218444,0.014694149633599843,0.6507437349599668
-0.08796902407196905,-0.12917266836282534,0.6098137525858358,0.12619975517577944
-0.1842528377587815,-0.09252588448455182,-0.4527817633080162,0.2981351014428365
-0.1484334876188964,0.11951424338747582,0.27544694382279805,0.01718046360978595
-0.013057077695727594,0.12694777937350302,0.21420081238817867,0.41968069866068136
0.04642052677147085,0.013823123872022641,-0.10294233114974516,-0.043059910836546755
0.1655514027385934,-0.06379635423188619,-0.7128280042910448,0.3738500317417474
-0.0551012481304059,-0.1725428063944603,-0.10109135886828938,-0.22441826155474312
-0.12041083548165273,-0.09585089011552095,0.26100001348052915,0.6022684524484221
-0.07372533357091496,0.017135062107357255,-0.46972626796003863,-0.007473769848603262
-0.0517285883644584,0.17124580908172177,0.4202576471757439,0.09317877160679305
0.028907531919454388,0.09668382871681495,-0.21077038063850814,-0.2236996115561423
0.11993895516579399,-0.10231246539982582,0.3066779472656804,-0.0778969496242455
0.03534550305065785,-0.19798368106364864,0.02514642646108744,0.04905423768581593
-0.043974515553357886,-0.09742250887201359,0.14496287642411693,-0.03244283174754153
-0.17852117312658689,-0.04296901973446671,-0.3886483025929574,-0.006389421530781387
-0.0955628908414347,0.07288368540248572,0.11616780043332244,0.4787243783532985
0.09091099113118939,0.10795637072394171,-0.21648945257608287,0.026979190061266894
0.1182652860621145,0.036433975604921176,0.4244988134819531,-0.20603275061549123
0.05645340106561022,-0.13045421913496383,-0.23422275960661618,-0.12389463424808303
-0.09012247088362574,-0.076785542326715,0.08553005569166369,0.4944300495779789
-0.025898154034488127,0.0016972251153248505,-0.37056000979485065,0.3627607050149669
-0.0558509904721581,0.09405426977434081,0.30284383285560523,0.2944283144516466
0.0349966459359276,0.08806383501130383,-0.2100554214275839,0.2496307596168658
0.10845818427950646,-0.027844575793110615,0.23721970679158622,-0.716824065061221
0.13197710866277995,0.004540963304654505,0.08848192739477029,-0.401463452287254
-0.0069710708021758095,-0.13662010182005066,-0.22593206083463996,-0.3293399092014239
-0.18384220402573578,-0.027976302714591048,-0.15966217142053304,0.28668693845727505
-0.04761819417474719,0.08558975158226617,0.023428537393498303,0.3860715874639762
0.003213969504163007,0.043660989462085395,-0.16305007082543954,-0.026456517951934516
0.06837031133860542,0.11418417982617149,0.0679869352462828,-0.218139898912875
0.14852535406232165,-0.09810199851918615,0.008192901833138713,-0.10918506442380954
-0.04055531108371446,-0.1040392760090439,0.25872485237000364,-0.01896622804260121
-0.09296362606530058,-0.08380793219165188,-0.14570631162998426,0.0708747252416387
-0.08512969189989085,0.020202121811179884,-0.16029528030491907,0.20962406489632493
0.04262434946575342,0.09869928620142546,0.31695013274147144,0.10806678440119614
0.08066735531404659,0.12345474816265387,0.2940558321844962,0.14812771791672147
0.13596211070550304,-0.04480223486361952,0.07230455080412222,0.09916750511569812
-0.032586275901414975,-0.09130596686251988,0.48111895131605165,0.254553274217901
-0.011313700651634888,-0.11524515254724145,-0.21755883630853137,-0.18770530697433258
-0.1300546178168056,-0.04056123270396356,-0.26709865897857704,0.36975170547823827
-0.06533121802342948,0.06788066041029119,0.6952184208888997,-0.3601808002376307
0.04066956410691079,0.031685857180452706,-0.16281756971604527,-0.04068398396714655
0.13016277574163046,0.04618683966051541,0.110382653813284,0.18077362491176643
0.11491829057150757,-0.06768975691619412,-0.042226161352199865,-0.14384366421440384
-0.05051278999645122,-0.1429037956902786,0.3345423137138998,0.3759169735087006
-0.04309567401561888,-0.06422988577109828,-0.025845953015655523,0.21765204377340308
-0.05099511197134035,0.04982071072065187,-0.10043192796317546,0.16005257754176877
-0.040956713667745386,0.11559193888958959,0.09026104458751907,0.20236212317208263
0.10249318090049209,0.06405334605945992,0.2597162480947263,-0.04691146317338017
0.06546964349974224,-0.012257821124092516,0.01655350172420255,-0.0681190382705896
0.02949263184094578,-0.12704220825728785,0.5371859984255222,0.1938850887692231
-0.13234158449275196,-0.07335446069209342,-0.017392026785463255,0.22414312157270497
-0.007528278313510092,0.05683766667692843,0.08436618625180158,0.031150765634234828
-0.10540929960598891,0.09002384850697653,0.42623726680921054,0.403313621846631
0.03331884445832606,0.03131435026950375,0.4318080110692489,0.011160773199263771
0.00658043398729205,-0.06752548981309017,-0.5067607890292266,-0.3971471369309733
0.017609855728174847,-0.12856687042426138,0.03360845970032899,-0.20958611820447218
-0.055506813015660704,-0.0739468647332475,-0.3486402671777159,0.4353424710410284
-0.0934174914238101,0.017246875201989535,0.4572034123096537,0.29714661962475836
0.0011963097941843082,0.1388446433150913,0.11355464366672198,0.1878319656421218
0.021565152627955532,0.050192560676857956,0.2162169574258437,0.4305765066327625
0.04473123472904978,-0.044399529359859094,0.24306962300275492,-0.17498706269204942
0.0706530598810919,-0.06931251681951793,-0.6814654784636534,0.23541646338763828
-0.07864996423190554,-0.10086317142596779,-0.3269323973028275,-0.07378498240382121
-0.056715475308412956,-0.007870719000202593,-0.273038756717218,0.6744661335842705
-0.10352886603180475,0.04522298117164008,-0.10853113454407873,0.3983509330739411
0.025388138686603088,0.0876848906806007,-0.4571041094793213,0.0534537577769573
0.04900984149723986,0.040191472225019065,0.2475612266352652,0.1719721917743442
0.11454507173939886,-0.11146405237999621,-0.40500840793725734,0.33714778442225074
-0.07062429443194339,-0.08818035635152607,0.3049089684580586,0.0336605675859529
-0.07320519406401878,0.0031843471958644815,0.2100075463129703,0.17318793715821865
-0.04244085694678604,0.03227528839158628,-0.09719660564354214,-0.22640005334316593
0.02925954029769389,0.03875623811961114,-0.18979425817025516,-0.4082235989864007
0.0759538887875481,0.08556507066451152,-0.15826469053847958,-0.2675918425857054
0.013042637587893403,0.047051322384751564,-0.2077879005058352,0.5487953942586468
0.057626724814890215,-0.056923571431954346,-0.4006082476330284,-0.010667053803737614
-0.05968923456241336,-0.03278075172284353,0.10979918724674717,0.4218122375469008
-0.06341777766252026,-0.015789947917861015,-0.12430505756753883,0.019613720451754565
-0.015657805651258842,0.038882511989293725,-0.12874898896544673,0.031452753182278845
0.08292833927807228,0.08863332642592789,0.2669969259416358,-0.18459001375219136
0.013222761744559212,0.01266732918962826,-0.3611817370877902,-0.30402217777987084
0.027944972361721734,-0.08029781547403231,0.3091025884017712,-0.2553999415931464
-0.060888030508274425,-0.1169391178954283,0.19373799276923637,0.007897087660242823
-0.08194223467866192,0.013933479242287064,-0.12185902098209914,-0.5367663958586555
-0.08393160960594018,0.008052135989911578,-0.05326140189692359,-0.3013962247722528
0.05923143440279321,0.0918641788251298,0.0914782951951909,-0.14496563565943327
0.08142683220387947,-0.013673043358443325,0.3298229370173561,0.05663587021018408
0.08813661505221504,-0.12846887778836202,-0.34534581523506497,-0.17125814821400373
0.006658194278364355,-0.085736341725349,-0.000411859090226549,0.3526797124156596
-0.0319965870507619,0.03743584866389972,-0.09348459082051556,-0.1863405895890409
-0.06553069157993764,0.0788916986474113,0.6790975074098135,-0.05760054308130329
0.08338375218786787,0.12365498286455985,0.005638318148941616,0.06311487451617158
0.025055687591555104,0.07353110032061026,-0.13426899788946642,-0.023537640115251172
0.04663858558484356,-0.08217449360590706,-0.43111773742642173,-0.2700638406923607
-0.015984783169623863,-0.10195854489302897,-0.524749171554794,0.4163193388852357
-0.038468467191256225,-0.014992063301641562,-0.2235282490986027,-0.7407050902196807
-0.04224318236709088,-0.029607554377713802,0.03937053367405026,0.1009935170384009
-0.016073859886232035,0.12286997043267063,-0.09121305077880298,-0.28347813245201336
0.0051868050828094425,-0.0015098950070786474,-0.4635028377934988,-0.14849346629319068
0.057072749737336885,-0.06436122181802838,-0.17856190401647354,0.11620171260322903
0.009056633987169311,-0.08192490002110832,-0.3202659921819341,0.07156901056634152
-0.02463957289014852,-0.047384456780607015,0.08392239018519577,-0.10727927674032432
-0.13593854247442194,-0.004584793469079659,0.11210982290708438,-0.23685409657280723
-0.01185860858579198,0.01906330200131534,-0.26983511825996775,0.48129778504068826
0.06058971551599817,0.0038533250668190758,-0.0378482342207334,0.0034532528850492183
0.0169084816950724,-0.01429176430096559,-0.261535622349241,0.2908241275296902
0.010067278638951689,-0.03454635703764625,-0.2420513478087727,0.0879389755403383
-0.027799133865232504,-0.00014518263975302897,-0.2832502454523012,-0.1925510059270197
-0.09549995307931176,0.04144635167360497,0.11058913609089553,-0.16035661974138896
-0.09715773438047882,-0.05263195196869959,-0.05853054283129069,0.3351317351140523
0.04161481663831649,0.04914112037426331,0.16105734568347005,0.057808974247636945
0.05958073124407473,6.174908003619625e-05,-0.5415743093785186,0.22639213487963064
0.0974931263078183,-0.029486368436938366,0.08765927063881379,0.1628535911637488
-0.021966753276518116,-0.08868719730328206,0.12307270186637959,0.1666825858905851
-0.09473151480175498,-0.0010934822217395397,-0.35260652976432755,0.20230192109786152
-0.018344045559441136,0.011899002870467974,-0.2680322092251778,0.1951076262890801
-0.011648622272245926,0.10419819471878933,-0.026856323288838926,-0.14895394426229983
0.008837382886916451,-0.008278257300853707,0.34220586781423323,0.2469859302417914
0.10110994563457043,-0.04632432050076113,0.30360632473115284,-0.3219385769206721
-0.05595113963554754,-0.12663577001056503,0.044313816384098925,-0.02794146596486656
0.021782279785447,-0.024331515493408923,-0.17039653815221104,-0.23669644041857904
-0.03518592122974733,0.05114889183242105,0.06482705771901937,0.07081674753604104
-0.0069979594619845676,0.06662517915094851,-0.060423111400141796,-0.10243125918313313
0.030343469777967216,-0.001649936481899976,-0.201207555892745,-0.06205107125732412
0.0445976240611944,-0.08307785258994228,-0.2849340177887165,0.14533168657694104
0.06850722146025147,0.03392560460942333,-0.03809270199079612,0.20669368365884658
-0.05881981980205378,-0.07755905375013912,-0.2151439678157487,-0.6240809230886327
-0.07389820263341083,0.061765815391725674,-0.14958645402753462,0.07970871282824893
-0.04407516725365398,0.04565779492234047,0.32774210897001516,0.35590486262117094
0.025017407964244072,-0.027042732453105886,-0.24518019852173076,0.35386811737401064
0.03243630363745158,-0.0447320380159863,-0.16788639064253713,0.4318598522934011
0.04014462063638894,-0.09991702598846103,-0.25666402903920915,0.450948727572313
1.2744777416609192,0.06851538414608047,0.8367874791096996,-2.0992598718021918
0.7338834645509064,-1.1385383102004132,-0.8298848640031586,-0.6099890689834242
-0.5100352842822528,-1.228431585358062,-1.6288845146838133,0.6072735761641901
-1.3531491594014244,-0.15994166566394852,-0.5502764216278933,1.7929586724061157
-0.8942259662675901,0.996312854286352,1.0598678686732999,0.48761534826788133
0.35649501205884493,1.1936026272549087,1.1756213362140577,-0.5548697812905556
1.1792145253684891,0.3686846520303818,0.8778830810970639,-1.3241281982296011
1.012114370935811,-0.8329849189681283,-0.9409900564175006,-1.0074212625147865
-0.16927003665665993,-1.2436752894778194,-0.8621000323837655,0.39653747991546195
-1.1387351643899075,-0.5071763087868716,-0.7725769500454893,0.6780002873367696
-0.9945741051962306,0.6688198788582683,0.8088826411212346,1.3451453418026305
-0.010418944657442156,1.1721985799773695,1.1462369726141204,0.11775413538555823
0.987128972956675,0.6606016657580038,0.8565803452202475,-0.9169580779257799
1.0835078344380316,-0.5057261337060834,-0.7447167973957236,-1.1776786575052396
0.15906844931843098,-1.1463563042016998,-1.2972798722480798,-0.12249509191234464
-0.9077755788429258,-0.7223365815062459,-0.5025874794071372,0.8952007138667556
-1.1555897963138269,0.45003224529203467,0.2541488190100316,1.4235123508081575
-0.39712241121570324,1.0870960584787963,1.2001078078675564,0.19279145677851273
0.7282492212270488,0.8427336681586101,0.7363462766220086,-0.7945293782302226
1.1208983653638294,-0.14991367154071047,0.10955280781282384,-0.9804047016929992
0.46411396213776995,-0.9645164323949109,-0.7899093024839748,-0.7828103501989614
-0.6029056289136754,-0.8644799480843854,-0.8939277918008715,0.9755049803199023
-1.1442337366724076,0.031085662731559206,-0.20715060763829785,0.8600821842096873
-0.5582122306669115,0.8780861213460902,0.9942705519228828,0.5492938042188067
0.46307562883960385,0.9208101407225211,0.9021217773426954,-0.4570743118837406
1.0683131157681944,0.13618441140655985,-0.0886445452678375,-1.0266025215110914
0.6708670097286613,-0.8501074137392501,-0.5787155033275831,-0.503803685572371
-0.31564155638635605,-0.9212707886780215,-1.311457241961187,0.21301807446820142
-0.9730375714223014,-0.26074111344652223,-0.2410203505028552,1.0805979255179825
-0.7209761182560191,0.6759419654375524,0.7852576622579788,1.0022876031796906
0.1530841526548482,0.9976159117900242,1.2831276579822353,-0.5909918874928061
0.8753523548220292,0.44552081686824446,0.28403954461790004,-0.7034245727909102
0.7572314434226656,-0.5487509907066211,-0.7217477564955466,-0.13496402699868015
-0.05129839368569734,-0.9965723329010832,-1.060508932448484,0.018667569302907028
-0.821393583769545,-0.4699599411310352,-0.617836083569176,0.6628889565927121
-0.903990657140542,0.37200158091701985,0.020188761232092234,0.8652779729541706
-0.2051424734363967,0.9133843874177396,1.4252537726151848,0.7860891499240513
0.7909970553706167,0.6224842292072481,0.47507659085771925,-0.6124670569575469
0.9285782989154515,-0.31812031302955024,-0.5875159769240157,-0.6821117764497342
0.27217264226562504,-0.9246778332263965,-1.0830364306882485,0.41038893361360795
-0.5725134759744648,-0.6592591336591668,-0.44570551110999945,0.364035107870157
-0.9349638285693983,0.12117457050265457,-0.8521136386859524,0.8391975682243735
-0.32775667042272305,0.8373998960001092,0.9299424944693915,0.6148715203318089
0.507954797137928,0.705922521390333,0.5437141020113001,0.16573819381443866
0.90235370057378,-0.005270097807461054,0.672078669546628,-0.9850230454077084
0.4921375739877385,-0.705299686070771,-0.8617967918544275,-0.17934658815074278
-0.38806830101735795,-0.7791924485417222,-0.7752273507232579,0.13000968512165756
-0.8156164652494899,-0.04996903722211118,-0.15035757088679658,0.9043324533300368
-0.47621314642376655,0.6291693423483152,0.47751459577679845,1.0525403956886659
0.23524283800632084,0.8312150400168413,1.347295920086768,-0.43355924519763833
0.7808909926634947,0.21050225185123672,0.001398926620801988,-0.9948067669744413
0.6574971168463637,-0.5792542132394725,-0.18100042252925275,-0.45332954188080254
-0.08738075878215106,-0.8165527754207984,-0.6631817832690445,-0.0980569579168511
-0.720717825207494,-0.30527561432982325,-0.5707503466609243,0.33213983150792964
-0.6318164136457118,0.46201569232068307,0.35502012628772894,0.5832254840301634
0.038411215470126804,0.8176009121318014,0.991296631179325,-0.045900536563862615
0.7016442217006513,0.4218358399707523,0.4232141942591816,-1.1290189443558634
0.692792717943251,-0.317347613269688,-0.315648682530717,-0.5581371600072255
0.10284584482842186,-0.6857336741746854,-1.0126123773372293,0.3740957709928583
-0.5975018063892096,-0.45352757023598683,-0.5180891998989506,0.9315547843495205
-0.7339459150125178,0.21729206919748045,0.714784712432151,0.5582153300106881
-0.15806423972646122,0.6879497386827154,0.6422099524778455,-0.4005109494870668
0.4495653785114305,0.5455489478661096,0.7073612867706194,-0.676229103905053
0.6737223747338639,-0.1527675453212783,-0.33318038796448346,-0.8770094646181161
0.22945939470562962,-0.6432359321286147,-0.748856663346098,0.03148272643133554
-0.35783836402682123,-0.5639283059276012,-0.3697701072002732,0.44891704303815727
-0.6589837345062769,0.06026056810654934,0.003324333794371137,0.5832692825761113
-0.28167587051897935,0.6456887435466662,0.404036678245506,0.2888770262360796
0.3124457263331349,0.598043511426677,0.4628360523673389,-0.1835968153460027
0.6818922279619495,0.05629261540162532,0.10810427210137696,-0.9978778043981775
0.45314125307745373,-0.49140271845689676,-0.3917709224988078,-0.7566503843432595
-0.23485227879305282,-0.612338052700051,-0.5747803917714228,0.7021897361599583
-0.6616804919885892,-0.13283623148695423,-0.3737949955004827,0.9863801442440836
-0.4758852831976194,0.4684082071757549,0.18631682660886273,0.3008439519334566
0.15715492910135548,0.6804930238772188,0.5134288098184975,-0.13149081189163025
0.5243465114293789,0.24472865698780577,0.32410187928936296,-0.43346985967737256
0.5645649882214862,-0.39670617161532706,-0.5607702370970702,-0.5475455809878443
0.036203470221812514,-0.6159935881532661,-0.689038401761999,-0.14775176209896157
-0.5822755538908928,-0.31998089100560106,-0.30644127933233123,0.19105407658294132
-0.4765315977260732,0.3375122089676734,0.2772850578984787,0.6617165128698482
-0.028226902490292805,0.6053077051508524,0.23392433851886332,0.0014245310983629356
0.448588145689626,0.38634459832060164,0.429481154921747,-0.6092249119072465
0.5156468338958345,-0.2392501251060615,-0.36396885416536684,-0.5606778483186081
0.23015815897429043,-0.5236373508787324,-0.5595510556476263,-0.6516079903974714
-0.4034519070094099,-0.4395342123668243,-0.6075628341936165,0.3305890191748512
-0.5422343070140384,0.05289049535288167,0.19862976892605688,0.4280312594060466
-0.2746179895441047,0.5188031969731614,0.14800296146821365,-0.042726350687878334
0.3224022241297312,0.46016066629123487,0.19774603181458017,-0.7199890244434756
0.5398079460502243,-0.016269706644454048,-0.037607144057918984,-0.46067381791151035
0.2842576967924532,-0.4504273431709137,-0.7736486268171067,-0.5138457942713309
-0.25127936162748626,-0.5585487630217845,-0.5348482871914657,0.16260377409006432
-0.6172026430781189,-0.09300835450492007,-0.24147960666976886,1.0154141835614277
-0.3634900873271495,0.41078684726318554,0.3726173759636339,0.7923793626651193
0.2042316987261822,0.548990221360987,0.2785792461686296,-0.5098283745460053
0.503472208987584,0.14823162584009636,0.43200682642331734,-0.18009008642216356
0.4131098807120647,-0.42763800751894565,0.10695219226284775,-0.537104250750375
-0.011634221688370222,-0.5911923951862333,-0.3336537794445711,0.005649659670508567
-0.4945301538458692,-0.27437279004432347,-0.1134127762255957,0.760629456647174
-0.4100160794479357,0.3192394335310077,0.11499878742233183,0.44546423195815255
0.04567655299806793,0.4805818368693731,0.30126159240891975,-0.2529567336163255
0.4274863550316418,0.29720424995818734,0.36371386978354237,-0.23933568916377448
0.4667006281480562,-0.22130018323481548,-0.7664941423900984,-0.5236452653180659
0.008470582487438386,-0.44688463276278423,-0.7227987888314099,-0.036147201389405414
-0.3632969924972644,-0.3938822111856693,-0.4895220711526141,0.3676609827344307
-0.4202235059722892,0.16328750576457932,-0.2202643546060562,0.5608583010307105
-0.11496300591901859,0.4379217971623827,0.3065713330967341,0.3327802428582044
0.35464009804573754,0.29653285802069224,0.37402537526109725,-0.4754684282373006
0.4438094040209551,-0.08651710427779918,0.09482153356394712,-0.593269591330912
0.11629448670781146,-0.44457305265206826,0.02205360904200787,0.12256811696871511
-0.22781014309826403,-0.28675963192841913,-0.6118191190641736,0.5542010537801978
-0.49473291472453823,0.048910178010686756,0.1705132570679277,0.018557700632473653
-0.2589303232412041,0.4297623065624637,0.4282848697413792,0.005278837991935237
0.157399100230495,0.37350431568465203,0.9594016280647579,-0.22812699032384226
0.3742996214768625,0.0466786343861231,-0.12207436497109064,-0.7183964605421139
0.2480766700689773,-0.3183730807673636,-0.5766313417515486,0.28864863767862403
-0.19191983748163188,-0.48475640737618886,-0.3160334570481138,-0.4037840043451352
-0.37965698966164174,-0.07853481672723567,-0.37685696381897615,0.10287793540565002
-0.32623170514084315,0.31902920359446124,0.6179772347646584,0.20414686696057338
0.043194421567428865,0.38062981178632943,0.29331319818853174,0.10022507679096765
0.46372000846366834,0.19031817473895565,0.16546332662057212,-0.3191306754246235
0.3039164581788022,-0.22194596429347796,-0.18213422315448646,-0.4541295662395454
-0.02011518237602483,-0.43754889508575767,-0.7676183195091637,0.3781721268207264
-0.41401457110444967,-0.20677570759560018,0.0340470381603622,0.37472692704206734
-0.37047982329245005,0.16725457074287464,0.15330000359702167,0.4037797621478867
-0.04973026175704842,0.32850380119441563,0.08850203948291183,-0.0390918783169944
0.24820241800245962,0.2940326403856846,-0.1330654501898565,-0.43031911181353383
0.3594410607005532,-0.1422019064887092,0.2868088974891722,-0.2331849900323646
0.06274119573514389,-0.3642474869192085,-0.447577483979997,-0.321650479726526
-0.21327871179903657,-0.25848341707431005,-0.7295051797146108,0.14193265204304
-0.3934955046414022,0.113279208337422,0.2822726106717205,0.23002902538460587
-0.11377364064950804,0.36366355540380496,0.10050854807594864,0.05405096401239873
0.18020141043311522,0.3349146038714419,0.45917271305635426,-0.11428216604641495
0.33383173327539845,-0.04192283712982496,0.3477862678762525,-0.22248291007407134
0.22348114553698206,-0.3395850767767439,0.009844958779689078,-0.5102152198837842
-0.1487527513681693,-0.2912228286556363,-0.1322721493161673,-0.1574256112888392
-0.3150121694849254,-0.005861819808807355,-0.38375051348898737,0.31081613707024985
-0.22821826435081077,0.2548142743660739,0.5480429372018707,0.211382118137476
0.12613755448152025,0.31557252370507793,0.35567828581701877,0.14956465226617477
0.28574598437498727,0.09915479300673619,0.3917727611874258,-0.8838263539069037
0.22562205213874684,-0.14040936286464206,-0.07016918940054226,-0.08005077149136591
0.011024228064429452,-0.4073680538756134,-0.06975934294353767,-0.255023786427134
-0.35435605577691737,-0.10605353016558995,-0.3349467170865697,0.4174252175880272
-0.24073480819703436,0.151064346984851,0.0024415984815606695,-0.17533282540692446
-0.003869864451548053,0.2632627546975246,0.46551690209200897,0.4826552584175556
0.25496266103600407,0.17377510160024612,-0.11162950601996707,-0.38597665134367803
0.31791522916318943,-0.19890106741812905,-0.4869936250883054,-0.3491905429065957
0.033209642967570625,-0.3057825528541578,-0.14763703108722254,-0.31823286239737375
-0.24564557384323446,-0.18319810207528606,-0.11165256584738603,-0.3918304776132454
-0.30788425966969896,0.045140472924326144,0.2040737329233648,0.4304688438361477
-0.14183751302288722,0.22998774655856752,0.39523293814421245,-0.016656818763392534
0.20384527254239732,0.20517134599319203,0.3919201684958015,0.4274897751956322
0.28284037155029274,-0.007590392481047203,-0.2358215097573653,-0.3875936074781007
0.11265161872890167,-0.2947887703132583,-0.02224333290672842,0.06958608921052101
-0.21057444296169103,-0.22816537098644846,-0.32542410959422646,-0.4468123496501075
-0.32885586192451666,-0.06329277202577548,0.08556451710033913,0.2738072157913286
-0.12326392206810581,0.19543841046248106,-0.11293526001424276,0.2125267424686815
0.163216500311118,0.24622238646222847,0.07492954854720464,-0.4922412414194664
0.2453627815120274,0.02411289351949447,0.08690754142419321,-0.3256872132499348
0.14922662452635096,-0.175897987980164,-0.10014733846293714,-0.10853653132715899
-0.104225938803633,-0.3220579041046824,-0.1804054405037507,-0.05628780052112162
-0.23580339884429172,-0.11163093005147665,-0.457158104380789,0.5412178584531115
-0.19627831436853446,0.19829007705721344,0.4869818866419051,0.3173951326569961
0.038008100582525794,0.2515498749621423,0.1870421855077119,0.08128561184161665
0.29633211172474655,0.1530864574623533,-0.10567800625600782,-0.7123790616631237
0.1730263715025886,-0.26269722154702374,-0.30312370102830927,0.19284515688173576
0.009953094629750312,-0.21921026866554016,-0.7514816701014926,-0.032530671413325274
-0.2577213085669326,-0.14115035204509585,-0.1486233969516139,0.011097836747146067
-0.19711709343419656,0.03476994574935305,0.5088258624955094,0.6190829548309158
0.0037268930638723816,0.28374081930979256,0.09352676849341408,0.38764292435657793
0.22235820648674062,0.19137627796731416,0.15165419046024947,-0.10049433322085993
0.215753280452326,-0.048406252465617916,0.03063681107610114,0.18277268409936057
0.14519305133312982,-0.2753330942019171,-0.2884894248736396,-0.0006789039817257925
-0.19856605704032215,-0.17570517061727867,-0.1613068350611445,0.05186475887854744
-0.24767573725595265,0.04042176575997002,-0.09201792486496316,0.4108395429556951
-0.15489955270016303,0.18636841801744136,1.069969755120579,-0.059105117042058675
0.10150457550883371,0.18091620163831815,0.49620541118486766,0.12410823653857331
0.23032264653426004,-0.009978147960835116,-0.13390086367114307,-0.6792729450336099
0.1856901965393068,-0.24777292896475786,-0.24998135337557598,0.36657864654943734
-0.011360081147767764,-0.14636023180116386,-0.2684411978938074,-0.43091338702267096
-0.23450542906923638,-0.03418822212882748,0.290722423906255,0.3939077460052576
-0.078302782716041,0.1877476847480208,-0.7067090812847695,0.5441479398325206
0.06909473959194222,0.2689823058310982,0.723416831630915,-0.10589355671889414
0.2634317089621273,0.019094263525821466,0.46823749610135357,-0.09507971849631568
0.08881816395217418,-0.14729717021107358,0.135476962261359,-0.18384219654012865
-0.07386432103677898,-0.22745831640169276,-0.13756492183246474,0.3726353076051457
-0.20127305599370873,-0.06817819017081259,0.6038501811793369,-0.50898640406622
-0.1369392365494729,0.1287224075607273,0.24923257845602967,0.11619829424874398
-0.04505138333765829,0.13697667216971438,-0.09132155202378363,-0.5491818172365973
0.16117659040185503,0.020623007513601896,0.5556612393663388,0.04125997188408965
0.2137479682895787,-0.10057711688095583,-0.2254137507927982,-0.6272374253909138
0.03140813146240755,-0.21671269975372695,-0.009322394130778776,-0.06041228818618738
-0.1455981927221778,-0.0678600552523895,0.0451958606657174,0.46880583646126267
-0.22258611270547216,0.0649220084181261,0.49401444788423426,-0.45154770946713013
-0.04409726493687619,0.19058108796645287,0.5389576652683619,0.15622357825498812
0.12806918838640535,0.10471483978417796,0.2951638567038285,0.024759888862102494
0.19853648630753892,-0.08462062847152599,0.043691828169627606,0.08211651975233318
0.05727720064637129,-0.1861792073438149,-0.00046810230168638917,-0.4346866053145576
-0.08987038706935849,-0.1520277620045528,0.21005052519170458,0.2781714500684562
-0.23801952034751914,0.00818055936104331,-0.1419323297657471,0.07412075684965568
-0.05506227727883955,0.16016842339392895,-0.01692865610174142,-0.28405675477003106
0.12557067739568153,0.1306256610922352,0.46688611024959037,-0.6011349933927465
0.1723678667329897,0.045819892222665234,-0.4491164562147498,-0.9548567522531759
0.0912096744562108,-0.09814916165336571,0.11747661058535946,0.11043392522509472
-0.07622276641671227,-0.13879049168952554,-0.28156177844813207,-0.004879189990179139
-0.18280643540738423,0.03906983626745048,-0.11110923517858348,0.29483752390556367
-0.09330801702681145,0.07634521310446779,0.3806287048894714,0.09543219195646199
0.03309811601953573,0.12255158674030106,-0.1822645992257997,0.2468519940376919
0.14793764578549604,0.054566026631577745,-0.10545767410663945,-0.189649935179112
0.16092068477328872,-0.17091360093199415,-0.7980615655841234,0.3256997100155981
-0.014128517315303814,-0.1748614912238342,0.05607356749426065,0.08108824549731955
-0.16765015622405235,-0.047599276674367925,0.3056542079678738,0.27412762283550113
-0.12937382242176132,0.022925088226448766,-0.2360323054118367,-0.08478777090668896
0.0187671369524429,0.09580614740592809,0.29013582597572923,0.3366664400982766
0.1683238952099237,0.09200926865842311,0.1545453343239774,-0.35446073012528295
0.19848969113603318,-0.00412889694876966,0.14524417146163607,0.31832071318935906
0.005301189687219706,-0.13175720851321482,-0.33856003283931857,0.5154694525559873
-0.09741458585765791,-0.1356895326526321,-0.3255248158595379,-0.16801035016696975
-0.1287379026869137,0.05665390241508261,-0.13952003735675983,0.669009670898851
0.0012306487978184996,0.08999491866996023,0.9693815310187424,0.202336224912303
0.07969196530799627,0.07052882392187582,0.36041882066710423,0.5416350082508643
0.2051393339527121,0.025724234963992135,0.25362902536088944,-0.06164481667115768
0.08716408689053007,-0.07416963946246571,-0.1731089475114754,0.25975828929099404
-0.048863072094177694,-0.11124563285971865,0.025465664602881688,0.10183694771638718
-0.11353213145701657,0.0028474699553804623,0.06237880363734613,0.14100276487551008
-0.05967375651933815,0.15198241857485675,0.12017186264616356,0.41641244374378067
0.10667206835293697,0.17718243772924822,-0.12007203367494809,-0.381483253623863
0.12836377204354957,0.03619221903224472,-0.4130586003140946,0.08053142444828065
0.10342663268544677,-0.048600379043806506,-0.46340431356072864,0.2629701538175182
-0.06966754760537835,-0.1071355012490102,-0.22902350806205063,0.1947650961572398
-0.10663834211191907,0.043305855114522264,0.03436269798168981,0.5116503854004232
-0.18403551917004024,0.022431246031501907,0.14643813174582299,0.3019694567589748
-0.0924982256782776,0.16646463339239387,-0.2719870832169791,0.1841673402844327
0.14712858957735614,0.06687215172689992,0.40311822890980925,-0.3939167214581146
0.15025067425484956,-0.032700093215279225,0.10801096295845608,-0.3159134061506544
0.010435177499234291,-0.14223429629632153,-0.14367899655974767,-0.15364481077304606
-0.07589366159888852,-0.08161703512151686,-0.07350758616766186,0.32022732399198994
-0.13844160832371671,-0.030934651295986756,-0.0039265752636492846,0.07831193852729137
-0.06907166682858605,0.10912581377037821,0.6554773121842208,-0.27853242738325834
0.0900980102539219,0.044176606190544816,0.08762730463990606,-0.036689106080371944
0.09835683939037022,-0.1042044661600487,-0.12474990193720524,-0.2634403454697063
-0.01570997857319882,-0.1052250386689343,-0.2456882581947143,-0.19717927704106297
-0.07458583772128059,-0.1556107691244933,-0.5073200754931197,-0.15298171647505396
-0.10373556518716484,-0.01267666158439656,-0.13715012821451003,0.5127180588401267
-0.13855358145420463,0.14364157387022583,0.19170288277352307,-0.2773870760234005
0.05540856082337668,0.11658199486131263,0.33593326358368353,-0.2531705459586018
0.138458206145633,0.006090527334596799,0.5419298801363177,-0.06475984878359972
0.03855956519570369,-0.029945162110564777,-0.16562793990084523,0.01269584910107438
-0.0036716933940646457,-0.10615582920449433,-0.5871441013706798,-0.06294913325265793
-0.0741729306171808,0.05480268543390982,-0.27140482515775416,0.9413990067512429
-0.1648820513425501,0.08228715930852681,0.23303716367387264,0.2210520495517189
0.07981706234146013,0.10928640396429562,-0.08215980795115667,-0.465296486574438
0.15369878509131066,-0.016743434348660415,-0.09846483372295045,-0.2752288509245674
0.08444087095501185,-0.09906620254124154,0.16431481152162022,-0.04013236873677141
-0.0036753765739436254,-0.10375163987455635,0.015810730767086747,0.010926035776462617
-0.10846604577769714,-0.013163549779446164,-0.23513147982614724,-0.44346277325453776
-0.10655405660150283,0.06141955994560268,-0.23243029916110977,-0.2938424272400614
0.022370246800139916,0.13629296645947714,0.38207097590018513,-0.5415697383231743
0.07219533245977348,0.08125415920027021,-0.06989332540873586,0.20660816171431554
0.08778987785107853,-0.06961245262166912,0.2264154545348293,-0.0549659626969126
0.04028800015899966,-0.14165538045692483,-0.29100788981766756,-0.011660618677118914
-0.0315984188197176,-0.08221262530523214,0.1463551929005422,0.33973429431802826
-0.038722339458409034,0.044982996316879006,0.3188798043403499,-0.0250486800862851
-0.0698481095276332,0.07608747857880485,0.6768133898343517,0.5003244369408669
0.08952437617962672,-0.03652462371235071,0.09955797664450784,0.08939483882637572
0.07831623738715841,-0.06280214212772127,0.4358524098840136,-0.24564190003795758
0.023004584271038693,-0.08544844323675452,0.08920970269475678,0.05867838107366796
-0.05637468083708862,-0.05929737486889973,-0.2776757623689634,0.5779550947808795
-0.10025389461950421,0.054878447777555364,-0.3147754201632758,0.07871872033745558
-0.01929261759281261,0.06957650571616121,-0.2356158322019354,-0.03104173629251958
0.03866922321972935,0.08826008335045102,0.20811339320365568,-0.07910536483161451
0.07142677574083986,-0.05906291804458586,0.39912338145295445,0.28644799570385937
0.07386563824524528,-0.08630834494777333,0.00416589333846841,0.39498784897653194
0.009954665054461527,-0.047287871586986954,-0.1504340798086029,-0.1858417772437371
-0.03762225075048726,-0.05025362738097629,-0.013523017948889396,0.2725314010556918
-0.14621927298064552,0.07248826701509781,0.195490375656779,0.3991661070158074
0.10926107379366735,0.04868797463786747,0.23577538199793735,-0.0018003646636399057
0.05163889648503703,0.03916552199451976,0.2533185387761591,-0.052830870719004844
0.10687603826213915,-0.05579758100613802,0.022811399411677494,-0.051988708991865425
0.05507441581329775,-0.08238195570097712,-0.22628868654159187,0.00018008032958129194
-0.10541375265121061,-0.008844842295776284,0.13267129786547482,-0.17120283023636199
-0.03537855926867011,0.03434277185485201,0.08229002398696547,0.32758503920275034
0.02847112370548016,0.012760227282483785,0.5797753552407443,-0.09852021080238714
0.02715554392635098,0.08438307363502685,-0.39713633310564644,-0.1011584637153896
0.008906618215486356,-0.07271479676982855,0.15580604250037108,-0.14990517190571712
0.019116992267968827,-0.07102001792451415,-0.18722594975933876,-0.03490689580491521
-0.04753403520978457,-0.08268728729206015,0.0653917721735819,0.13906597086547293
-0.09003753112900374,0.05976989238913465,0.19308073747607485,0.33108472002836387
-0.03372810201396988,0.09492461317844157,0.2675789291849981,0.199603913426427
0.029780602566193345,0.026539101970628608,0.03942177561379918,-0.0611418524317868
0.054569234021840406,-0.017955277735565097,0.44818006492392637,-0.26046876767056
0.09284393366823318,-0.032103250917528595,0.010972139286264324,-0.03928743395377923
0.06719401678208475,-0.03186776708484985,0.19075358942732645,0.2056004760948138
-0.12416877739139921,-0.03731522967162845,-0.04680113596958642,0.023512501714132647
0.004441442612616434,0.08359107285722867,-0.2719921352624758,0.3108511141765563
0.042248487153842634,0.03315143240484224,0.777922763054555,0.23669803172102177
0.0657551725347523,0.02524825310867007,0.023173746672003406,-0.40523592017419824
-0.021473449942444572,-0.009160737170677703,-0.14603831250093138,0.1231008457379068
-0.0023821833866818787,-0.02786124090804276,-0.33722489459527005,0.08020714093512155
-0.017731236575081473,-0.0194162834294428,-0.16566733290848137,0.05445102216679824
-0.0774662145141041,-0.05436775909465364,0.3034304245182137,-0.47254929595536344
-0.03242782807050689,-0.007768372438555729,-0.20140440170130516,-0.08027897841553847
0.06006108787838422,0.07212289052627179,0.32962493603458987,0.05116422918422382
0.14710501714676252,-0.04675446055926812,0.09290314570495835,0.03423223881110443
0.03103994148991643,-0.058299904417138684,0.25875965691115793,-0.1240132282219289
-0.09011052390664805,-0.03840038344931334,-0.4820475912873996,0.2421929967423732
-0.12760679190343382,0.02840645367058507,-0.34381480560029026,0.017510763644775513
0.004049230673123471,0.03918523168742759,-0.1775658886983271,0.12726519630404817
0.03565011557392252,0.06466679560775343,-0.07817119412483586,0.4507250148838386
0.11659813724123785,0.0747350373343153,0.475783911395932,0.40737957057900187
0.06090346645132286,-0.03854973630861283,0.06816478197240171,0.3856035161465936
-0.040664858489202906,-0.010163114701502073,0.33020545237280524,0.4267995200943817
-0.01821821112883315,-0.014449098602438263,0.24463375758071676,-0.008381058260296878
-0.01425665431601901,0.01805480762481631,-0.055542848754021636,-0.13136345549816472
0.023558333547932714,0.04100771101084512,0.14766856267968054,0.030481795988516955
0.5595139975416088,-0.7106233086301137,-0.7609005420708792,0.6501827494870982
-0.28805014598440737,-0.8099082103940421,-1.0646455722753905,0.4507611070273593
-0.8157397021820001,-0.2163369119951625,-0.2830620584485699,-0.0921565458571541
-0.6266944757868267,0.665413179513201,0.1537732497347627,0.22849052843929296
0.13546659116033624,0.8098140002138708,0.2536746629780043,-0.21843999936997205
0.688827602100042,0.32607141224382075,0.36256725684865543,-1.1205826696391892
0.6627206436614431,-0.44505392593282966,-0.751049132977325,-0.5011669933919266
-0.022977781585945704,-0.8319494824923109,-0.4583307200556125,0.25064067097136655
-0.6465797222114797,-0.39554693090890564,-0.45242620996040483,0.5790710256632725
-0.7573831467027847,0.3556089010224283,0.24953392165990296,0.6764440514367109
-0.05755424002750235,0.7606703160647539,0.5277842421352343,-0.028710079910248543
0.5937494687166877,0.4805417383286293,0.4819870182849251,-0.8327953136997263
0.7392920451576558,-0.31969548384629126,-0.23723632593192268,-0.7154636332723925
0.1963919341018565,-0.715791120648057,-0.5886333979751202,-0.024608679176797987
-0.4669290010733835,-0.5172099464617009,-0.366964388059145,0.6525004474522713
-0.7384681731313578,0.12225261311346067,-0.3564441378770866,0.6253253785534676
-0.31083361063499143,0.617640369573882,1.0212622203165251,0.6614743268439061
0.3751282428170887,0.55812356063418,0.7218992088265954,-0.6395952289565005
0.7284785921495751,-0.05892109133347131,-0.3112368942768057,-0.3103868927317609
0.32761060517597745,-0.5860338288196295,-0.32046271954572103,-0.5779948007441138
-0.3045837500811009,-0.5348193902821384,-0.7462756034208519,0.15677036966304625
-0.6929287885288418,-0.04804310712199267,0.3291250464638251,0.8341370163219989
-0.42904947096038454,0.5724148885167479,0.05739262482855251,0.5819652236367403
0.22143780261743085,0.6924603713695552,0.7034139942386508,-0.21217807294447555
0.6698768530199011,0.19979997664320814,0.18883404716221075,-0.3875335056185568
0.49423122779396794,-0.4233252319353797,-0.379229816691484,-0.22422355528302795
-0.13640436331917952,-0.6682405662767084,-0.4836498832294143,0.3053663054633998
-0.583493280945758,-0.29441520798746035,-0.4068606648419004,0.7258466240257668
-0.4599217755625801,0.44992858274314296,0.6358697258758841,0.5332842180217323
0.049431428483695784,0.6379448182105604,0.31110524978573584,0.1035262929655012
0.5727234856553797,0.27432780357723824,0.0483149873200267,-0.5856602931729632
0.5610872387857911,-0.23132876271768593,-0.3553694369068089,-0.6941652001882077
0.00673172731362285,-0.6607982988485361,-0.27330281083617225,0.21181437397794545
-0.45924770337775217,-0.3849659170825423,-0.6678914770366645,0.35318643113613796
-0.5504717567380125,0.23262392902685886,0.05937689682130376,0.18650453716219345
-0.18307646099559413,0.6266520522441409,0.514182847574639,0.2492335212761626
0.3971894715594924,0.47259441959445375,0.3047192958015574,-0.2703095306341155
0.555580925434331,-0.19016830424629277,-0.09470117974200831,-0.43509609190910403
0.1466306655933076,-0.5824382349951555,-0.8704165826502724,-0.16872206897295683
-0.3307902295957422,-0.4920060398649376,-0.7362496481792586,0.23138705759400968
-0.5931863332893693,0.09834785404412488,-0.3914898185392629,0.849062688494325
-0.3005109543324451,0.45387488392359737,0.7190154917953054,0.1377778133378582
0.31218564232723395,0.43274436439904146,0.5866041628709681,-0.07710591787931237
0.5474936420304033,0.08309961525701742,0.002715572060631999,-1.0656417405354761
0.30599579464809623,-0.41603667813181094,-0.24486878893526381,-0.20888199181736844
-0.13904115650066937,-0.565584723489454,-0.3316069176854,-0.03343804533427808
-0.5549928431096289,-0.1412212246577093,-0.07817941893179359,0.7637770535527139
-0.3735571192877225,0.3707945436566215,0.7961117836848264,0.41266656688433045
0.05920471685478711,0.513552740462392,0.3892223524822354,-0.1593211437831682
0.495588459926019,0.2074349026904095,0.15223593140106517,-1.1514868030650012
0.39782805558674555,-0.29468588735947576,0.11095692291640424,-1.1611137853968836
-0.04442921158295415,-0.5071222342628222,-0.0638134799202553,-0.07465501824881732
-0.464699537535266,-0.31009484475908516,-0.2137314109335181,0.21030684482080897
-0.48004189420821847,0.2287754176840786,0.21892263047601362,0.7104038887163302
-0.026587716772135467,0.5279463698504604,0.9497303519989181,-0.5867555973912894
0.4163604505832782,0.28347973672554433,0.5539430727886385,-0.5577762239018416
0.46088137835472875,-0.11743349287170873,-0.3251222980955046,-0.5239138347387032
0.10977982123712486,-0.5392112273946783,-0.2512119625973135,-0.04103928062475837
-0.2777308384754931,-0.42758620501272304,-1.1594504410865987,-0.09388834493740839
-0.5208561775816192,0.13814536340492253,-0.08573857908864363,0.5795601383819491
-0.16236401589941638,0.4248116912327274,0.31302166614415927,0.43924528339559094
0.24761051165859177,0.4212284240852104,0.33347146209169437,-0.5495120808451162
0.4939859257146384,-0.09723504919085067,0.19166619759887038,-0.5670775750436905
0.19935703981551522,-0.40785249199257323,-0.39303513246314703,0.055379340725554005
-0.17895137596925764,-0.4140045304404849,-0.46755416650402015,0.19453426540495922
-0.32373702599338655,-0.06556977493741681,-0.20846088878188368,0.3707486705400184
-0.31439156064481055,0.3239564916131505,0.1785631355491571,0.36383144596932787
0.1585161355992624,0.40888382196695977,0.3136911353048806,-0.41179118175065366
0.49484973947646,0.056951963662213514,-0.6333711189313468,-0.1956272976550831
0.2934992919464906,-0.27786798072210117,-0.30307458660682823,-0.41452163520875107
-0.05850732247966771,-0.34625614533245974,-0.4698019197410483,0.39829694924864156
-0.4263439560466564,-0.1361619102649437,-0.5003297987528174,0.2885453836789642
-0.32083317262093425,0.34157303891535573,0.410536266739322,-0.029549081945748484
-0.017564135577255637,0.36214752597001704,0.49524196413074567,0.3227656275782617
0.37767316286891517,0.15503061446754077,0.32850643857261497,-0.4690617222232749
0.3404876384384815,-0.2112075468372152,-0.23572161398668356,-0.03543287263946204
0.02908443873256534,-0.45431044112527286,-0.24153601022387192,0.26002135522512904
-0.27988782432007,-0.22266879042202342,-0.18738116325731025,0.3997889246438868
-0.34297515237488996,0.1209304854517125,-0.09576135104046257,0.6007821775277442
-0.03267772753464643,0.34927497357323883,0.38414910107542927,0.005199041345219646
0.34646626704369243,0.23772875081574832,1.0083671960041254,-0.11677297769201483
0.3505202214916905,-0.15673223385010632,0.20217879687196433,-0.7112999352112278
0.15958985161937558,-0.35674030620969904,-0.5455447398953222,-0.14935786674144413
-0.15718746398513095,-0.3810523177368045,-0.3292991747826113,0.25799811690693397
-0.3355180611875161,0.007177347665892415,0.10447305689651853,0.5967861245857533
-0.19277776725036458,0.383623407663502,0.12388545560197334,-0.33173252454778646
0.24560059618096017,0.284581443075308,0.37818540317994576,0.3855506859700708
0.29397389667747503,0.08966978905322179,-0.48812045195943066,0.046610609566523804
0.2708867988860707,-0.2791013667338637,-0.5695889232001596,-0.2583926073043283
-0.15847908321431448,-0.28862584366486405,-0.28036737089890906,-0.3337073493316073
-0.3485572304171488,-0.15630221579459574,-0.13483464772947984,-0.19799452593872974
-0.24750872658105322,0.22289241714407376,0.3265490460784219,-0.08713202741689088
-0.0026637081164250648,0.31403718070901665,0.3467656476413487,-0.05714186412079547
0.32078337627892334,0.14160059117104018,0.22323135026871804,-0.0740990318135798
0.2585267765040492,-0.23435282768242893,-0.40119599210141005,-0.16922993796143496
0.04193145892743676,-0.3013525037388566,-0.7076411774240016,0.31487812174335994
-0.2924724706380408,-0.21370381804019348,0.3669885009519583,0.16035339418568792
-0.28185396665422685,0.2145628492826523,0.12351294451480005,0.6914458992886582
-0.06092718770565589,0.3303545439149212,-0.11524531848740555,0.22696077844869933
0.2257360096303093,0.23753336159511065,0.0776913179366659,-0.37816551016680866
0.26832672662931223,-0.14883364887791672,0.005504992069469694,-0.29698612668365887
0.05515445490111837,-0.24118538983244991,-0.42222884519790593,-0.09757963034951148
-0.2568787982889232,-0.24829272075614706,-0.3898248731467538,0.265020898760266
-0.3094569179084561,-0.004177236012641347,-0.37383192716766517,0.42772935667504464
-0.1327785725910191,0.2873647978328191,0.3523754975515004,-0.25699237642223843
0.24298357623920494,0.166075576814663,-0.4949875880913089,-0.0883269686478276
0.37449277005689663,0.006417687849135361,-0.061128146346285245,-0.07849987457200358
0.1310860329307335,-0.20855221495315435,-0.36072601396902393,-0.23545684339187634
-0.1161349013175314,-0.24660169339271248,-0.10499263333833747,0.1338682824225501
-0.36889416621665405,-0.02143499093878027,0.2726641801035723,0.9352603521508692
-0.26595910695201175,0.18656704239220698,-0.10090537579237002,0.29845150786317276
0.05768377937768079,0.25360474118137677,0.10845545520637032,0.4320184541924768
0.29421883634484314,0.13368762957275138,0.2814288706052187,0.12280462346012068
0.23077276026246876,-0.194375010119758,-0.010160037874633876,-0.34046490536828067
0.01597179959209198,-0.2896951859810355,-0.631259109824149,0.2749358426625406
-0.2994115375424911,-0.0648546638337913,-0.18446422390710343,-0.226111200493403
-0.1959217467319356,0.16738740414721603,0.5380651614978893,0.6943138438475194
0.014796584817935549,0.26911324723682445,0.6125019472809886,-0.43046943082659495
0.177809876500385,0.09022879560639849,0.14092639814348482,0.024599949834974294
0.2089471410417641,-0.1546017618406934,-0.4800784988375446,-0.4011525825038799
-0.0013253428589164243,-0.25631240642996495,0.12442666153898878,-0.5933854884705764
-0.20626050054974093,-0.14348144554896602,0.07230776341357284,0.36713755970318535
-0.1967180081440898,0.09587351459443179,-0.5419644590877205,-0.13202013473029856
-0.10789308144166912,0.23382454689895033,0.28991765447626194,-0.706076631826659
0.18745962794724863,0.15973220685294742,0.3862210766007737,-0.6201631970906554
0.21196608486430174,-0.022941637143293205,-0.10383024113685191,-0.1347596685380329
0.010130137603735684,-0.2456937241168946,-0.18548669873220328,-0.11429323738438898
-0.14009486097885543,-0.15650963128269196,-0.032257722812867734,-0.018005583345726828
-0.28993998492786915,0.07637117141356023,0.3834025281490506,0.15483931891483868
-0.15259884046609407,0.20830414476331371,0.3884633229764295,0.017057033014752226
0.10402956924685025,0.15173802429449648,0.6245331240998483,0.009392558764596548
0.2606534352799674,-0.020453117783460453,-0.0629456261854884,-0.4806786655458698
0.09576901297281196,-0.2238610821128127,0.06548370143525564,-0.5855649743192405
-0.07544946937867637,-0.1664197361976818,-0.16497620326462398,0.2851203275740459
-0.12392470338319533,0.0001164259044481239,0.039982238396024244,0.40491665274200783
-0.2140611482878157,0.17823790690781516,-0.16118742717532664,-0.20075927539256813
0.018805649767932465,0.18491681157781725,0.4752805649647644,-0.11838450607252707
0.14503051095431174,0.1435578110092076,0.32151302571087015,0.11966655201995996
0.09837064981278268,-0.1903546780856178,0.11084760008038763,0.353224609581085
-0.0776812820426685,-0.19406114150961382,-0.49039346730780614,-0.6234397069294874
-0.12742425312368677,-0.14170744694555357,-0.18882793386485852,-0.20941279274278843
-0.20834943316611562,0.14358346462143967,0.055541061827003996,0.19306575244424667
-0.020465063710535053,0.24165547834603757,0.43281825719729505,0.27782417376418345
0.16118602012338965,0.06780669326492858,0.26753133660319006,-0.09646148869715973
0.13152594339998386,-0.05152480663821704,0.357157557523476,-0.5952527174975281
0.04177923343686771,-0.2190389036267437,-0.09245783144143864,0.3101730963138051
-0.19226667904134714,-0.1536450669396298,-0.0381511936606195,-0.26055505943185436
-0.20172464784334465,0.0011866524750614657,-0.08659497172920042,-0.18048135848657762
-0.07667406580013153,0.21843502023725486,0.6593762800544097,-0.06065860907448678
0.11492000750916681,0.12662713901905026,-0.06457868899855432,-0.18776047741706353
0.2308730579666885,-0.04600589561167799,0.694093796218902,-0.6036602804094057
0.1656201313657578,-0.21312584442778185,-0.5721418113324744,-0.11926899068263053
-0.14157037641859177,-0.15213202599248254,-0.46006600891751553,0.30670923023907876
-0.21241112835032266,0.007357708306760469,-0.3748259607354801,0.27968706966328255
-0.12569068363056324,0.18598901570268786,-0.20012784848935497,-0.3648781525789857
0.04614792319584449,0.10514767956157106,0.19127941774508236,-0.08222255009742732
0.21799771856778966,0.04809606992518851,0.4711167513099144,0.2526557731664787
0.12196169036146264,-0.09699069675592698,-0.08462630419938895,-0.5100072162497163
-0.05021839448526211,-0.18935243051298045,-0.5294579929792825,-0.3821545761197965
-0.16188028683395175,-0.09530951334029364,0.2312005144490327,0.4401483934943483
-0.10628553204295788,0.12081661030631465,0.007867643439413707,-0.1740551429935095
0.037420023599754854,0.2058064216356193,0.40814432408760204,-0.3127551240518353
0.11798215806175506,0.05109606818139721,0.04668908542220421,-0.3826265756483353
0.12763825917764657,-0.0760680491862853,0.1611168790682714,-0.36909672985799197
0.14151652894656072,-0.15558280177222444,0.16175008221840217,-0.11238267922699108
-0.15239736749699656,-0.15138160703163836,-0.16220493817892007,0.2235693797050689
-0.04263993216339074,0.07064408923621297,-0.10501522154834603,0.273332179621824
-0.037353137197241974,0.15090052021056954,-0.02548433092614138,-0.35524660313774825
0.1111554752495873,0.06638078319678087,0.16326907883727168,-0.24093996945191312
0.12019149135972287,-0.02013394425060362,-0.047003808291403576,-0.22620204335945832
0.03928109904920521,-0.16096496651349793,-0.13099612078645773,-0.05007497427107446
-0.07529797655453063,-0.1258716807736106,0.06165442178776244,0.198672174574452
-0.15870231816233502,0.003670496257375205,0.25770692221703057,-0.5260719544236053
-0.0531390798947878,0.10970522163273033,0.3811552505827795,0.02274057224579573
0.07340493705073317,0.12137901220105585,0.21044254383639358,0.04005991899123415
0.0808003243668041,-0.03773382364298649,-0.0528750295049947,0.12246531727613526
0.052296708627453746,-0.053505737630973646,0.37249812394244175,0.35898568430339184
-0.0565281415541762,-0.18870194423400305,0.0729245080270445,0.05098099799112507
-0.16572230774153676,-0.062096511202469326,-0.06092556915453018,0.2796673915696506
-0.06690579220883927,0.2108199534572556,0.10343924429094146,0.1661798560371569
0.0548853021766665,0.03555071875473731,0.16886577360791333,-0.4255885766089258
0.175569620729551,0.05766572958061332,0.0892279573543385,-0.21618234376176998
0.0984745782336364,-0.09684971373189274,-0.4157877964435908,-0.25128231870813905
-0.013883753058288371,-0.14562241388101188,-0.13838450646904413,0.21091223496887246
-0.11091995707728125,-0.1389317016438277,0.08081022649229386,-0.08439810686058434
-0.07397518090728887,0.06544075991131608,0.5046244011629766,-0.11152047940806244
-0.05081031638626032,0.16630389670251686,0.1829126515092469,-0.054729814173988395
0.12734848028932022,0.08255722795674564,-0.024411863545740417,2.9868301856528223e-05
0.18490055741043354,-0.0905594046697785,-0.46225304774544385,0.18583029272707832
0.06152457657664287,-0.2416131035826891,0.20871557917897499,-0.41702094739788437
-0.1183975421722239,-0.08668465653294279,0.3075070389540749,-0.43457233045243937
-0.12171679696989467,-0.018524718333592698,0.3096066840560502,-0.017787979122346476
-0.015178120407757432,0.1361443689634105,0.3498362633566758,0.22577067956712887
0.11208392634483433,0.07357126950169329,0.13964665264891477,-0.23634274371777608
0.10643729157065243,-0.017983100841923838,-0.03488510700588282,0.262085899097973
0.07606124363651082,-0.09127920717682517,-0.277988233668907,0.03425791175493194
-0.15680664067995276,-0.12395385972694237,-0.12068878382676973,0.046359046148570365
-0.15479395521207417,0.019798221401715253,0.3543754991697485,-0.0013924620551639209
-0.027769181823116766,0.031600237838425194,-0.2325904208262508,-0.4619228952523082
0.044030495627236745,0.07271287280529642,0.17716339778224335,-0.17283223100703632
0.05987136117909236,0.05359764871741922,-0.04451544222997511,0.16582325906834983
0.09348351249569928,-0.05990370174583457,-0.1750540125778445,0.38632758141213086
-0.07241512445291318,-0.1529859690980645,-0.42447900336561956,-0.02786133591525533
-0.13977508990803708,-0.004202045842834904,-0.2619663008603604,-0.3885099913196957
-0.18832829925947372,0.05148328361103234,-0.3788094696055656,-0.18530657749978133
0.04353388039750315,0.08775829391513226,-0.18974573259112343,-0.10831602590619063
0.07438272495058922,0.029079476837393304,0.3847913802480355,0.2905010603282607
0.05169358999386468,-0.01523583123859535,0.09577193214927886,0.11302139032919926
0.0379908117931305,-0.1520202236298909,-0.3270688067166398,-0.32496895012865074
-0.08641359806473001,-0.0021504614979473563,-0.1999409752414738,-0.8482692216646756
-0.1274287540477036,0.014117727553139559,0.7195840479495494,0.10253986509326667
0.03632223079091547,0.11267476568135848,-0.1639847451029267,0.004550947144863135
0.10383664434496395,0.09691741176293772,0.048154482972033556,-0.24184869140047713
0.13904671518840553,-0.04729941647343744,-0.09237161676149616,0.08369425893654285
0.048276557589133656,-0.18815932842401004,-0.4509103073358238,0.09219649710323422
-0.06629933403869616,-0.0356782330423842,-0.696270084412088,-0.06844003501062654
-0.02966623087234878,-0.019788961049944875,0.2679288241382971,0.30138237897016806
-0.03525429840857218,0.14550729233255771,-0.1573122958657143,0.26510082509145233
0.04804204521487791,0.0676428639789531,0.12601615477032566,0.08906232479697962
0.10277222365889854,-0.03683739679034609,-0.021252502032225173,0.01533572328155871
0.08835702522542474,-0.08554985277824777,0.08281756627728142,0.8020910967126812
-0.10550255208514175,-0.06545525087547832,-0.3393192109142008,0.09191627725266341
-0.12716316280031778,-0.02285098812075461,0.09430833822558708,0.26965438862321073
-0.04821694662852562,0.024264498562358662,0.5262642593025193,-0.06749754011942881
0.07070862929497013,0.06474549462455835,0.32848709733405507,0.010336833079518035
0.11677646612414702,0.02375535958647401,-0.20139570025984793,-0.07324453253866978
0.08891127513304445,-0.052423226443001555,0.06626609751295948,0.01301516588750079
0.06242839368328892,-0.0843597770634423,-0.29505218463341376,-0.07684416791366361
-0.0639477871051046,-0.08381347306132143,-0.15634193060407128,-0.3649904912880253
-0.049088244710074794,0.07928254995939096,0.32731812849388425,-0.01938235596766596
0.0012054623785505572,0.06495554174382585,-0.3168083268408024,0.18548066527199125
0.038153746093575594,0.011094862602663104,-0.26429991132972214,0.0680952520862016
0.12562731289405943,-0.03591874980587259,-0.05343913023843523,-0.5204609819316575
0.019591633143120804,-0.011058899188588836,0.15938189671386738,0.3597514119623348
-0.06247722792289115,-0.08340856239897382,-0.1943386773371721,-0.0938232015394317
-0.06933830327689461,-0.0018850006113478694,-0.14758379141202296,-0.006214433239699578
-0.03842898734853867,0.0816491586580214,0.028292407779206517,-0.4686653006700398
0.0527997207291119,0.05615473957410072,-0.3754363314875621,-0.3707983622490539
0.11287216835803299,0.01985116632460844,-0.1070873309975523,0.14716727727597653
0.129417787650924,-0.10736389490010625,0.09996569013825327,0.22550511956822122
-0.02187542187344845,-0.07751553429308009,0.14261140012086473,-0.01411124842816927
-0.10065162747093201,0.04317673280159052,-0.18529891679497104,-0.3595036807301756
-0.023492245368578156,0.03599137912684268,0.4267438663268587,0.31789843346061847
0.03901739691203546,0.06698785569548657,0.4519511726480353,0.43527826178595863
0.1008664457747266,-0.050391553678004394,-0.00430114683777752,-0.41907210851334753
0.03129326128591094,-0.07695519418640769,0.36353471755294586,0.7001408177175846
0.05864401291688872,-0.10262718857415427,-0.5087234561223505,0.1921459481150451
-0.11384958177135981,0.01157583144200807,-0.37194863456526045,0.4973941791457818
-0.024014851606645377,0.01998341421452525,0.23102947141412686,-0.03313863373328646
-0.01667290149685333,0.004649871621018112,0.3262617143532815,0.12301540260793477
0.05978039220031995,0.04772725001154969,-0.07667803722700935,-0.36910878450180123
0.153892737657793,-0.011923026572678286,0.1944987615125714,-0.036679894119120426
0.060063272506387495,-0.033458252165045894,-0.5400024542315212,-0.3152520802314965
-0.1099022409117974,-0.010064020029555837,-0.21791250832737602,-0.2426962818044629
-0.010828571340969373,0.09468595050050255,-0.05527791425107346,-0.059774074508475765
0.008427109886827884,0.06066728472542041,-0.2622739936318442,-0.4461628505436464
0.06219389368073161,0.0687799753976761,0.1145770016327801,-0.5692227148245055
0.05495926649594523,0.06481240883733183,-0.09109057342992953,-0.2733008166027594
0.0591698328509703,-0.08572248429614218,-0.08780811030765885,-0.10696200848697907
-0.0450747166782415,-0.07617653983148145,-0.05835554739324731,0.20944359541089078
-0.031226654037514026,-0.022687468662469908,-0.06751107227242484,0.02065640691436301
0.011389054724838983,0.14987216045758628,-0.18977783237411733,-0.31158098876726215
0.00962562697498455,0.10094007356508769,0.414321670666416,0.11977744991529232
0.08660265959789672,-0.022354021159254115,-0.17687387775363736,0.19732143191395296
0.045965485801448505,-0.12508689960976233,-1.3595304114103618e-05,-0.39486087222506366
0.06784903021396586,-0.08974137104941513,-0.297679381116933,0.11359731366814688
-0.12681052289443828,-0.02010960535538345,0.11784482565736401,0.32407567110398494
0.03276016913293817,0.05315615250027668,0.08090867138109291,0.3281473291725967
0.07094285418827144,-0.013323016827824233,0.22561994518788686,-0.10165990249690074
0.0812243713430169,0.0590784036994533,-0.24255348602197246,0.24261422465617014
0.05413597029814892,0.003652161820672739,-0.29102898193399923,-0.14906418213598888
0.022164341310932936,-0.060707827760005995,-0.11596987197833387,0.061910374179319216
-0.06765934088180282,0.06034107063816724,0.18204908430113598,0.2570305547712196
0.0016243141645694084,0.10308984014841625,-0.04363652204180196,-0.28066406519901227
0.028666540463937632,0.14239161507114265,-0.27220182491052125,0.3320797619214466
-0.005491840512903912,-0.034447010141269815,0.5091147121465315,-0.20858187252669552
0.02445503141051097,-0.0962146350251081,0.3488334040550454,-0.22717891553708708
0.04960140417006326,-0.019332534495743597,0.2410489890092811,0.07970916859223037
-0.06960989936790915,-0.07028544257545108,-1.1782479493160232,0.39327735074803843
0.018808074740133032,-0.00508259387364416,-0.14349290421231925,-0.04123369666394092
0.02469453981509185,0.09602434491202896,-0.2477120214145611,-0.059295868315484904
0.03986386571356431,0.027901149662199386,0.0813061344041693,-0.16829889465890577
0.03870998932041034,-0.003286437724605213,-0.4959677987581862,-0.0220470859948569
0.061857884622481873,-0.03873604475886729,0.5234549945835831,0.2801351504894846
-0.02367978876110355,-0.02042620642179959,-0.2336170746382013,-0.5443079760788941
-0.0016176783737976291,-0.04347210455522608,0.12733366472041652,0.23649313515884457
0.022432112930595417,0.02852636804849803,0.4036585865381351,-0.07533073143729481
0.016622231315224972,0.1519290372877469,-0.01925578066875336,-0.24126774371925194
0.11231061750356011,0.010724677056756973,-0.08763070082194034,0.22011280121698085
0.04795031668908872,-0.051819970912564614,0.32711640312709306,-0.08929772422589417
-0.011091881110493314,-0.025426555747641872,-0.28307450843670545,-0.19770418690261587
-0.11745782905041025,-0.032891755168317195,-0.3069388384853643,0.08443403956482459
-0.043484862185508906,0.05366079494079043,0.1306501971051807,0.11162632359852949
-0.004576773297452733,0.0883083840330772,0.0643831072153623,0.2534855811880436
0.037627611065608545,-0.015879198701333985,-0.3875110263129678,0.016470024870639116
0.05457163350739626,-0.13417381662181102,0.059504453376360476,-0.5118429277059201
-0.023790854647973397,-0.05608464406645419,0.3367762015161645,0.5833126849720185
0.00846268122136877,-0.04246969893114825,-0.13495707406664462,-0.08136625554180331
-0.10574447398187592,0.01971518228523444,-0.013853663205509043,0.14110405168481294
0.025801384511659482,0.00492217170230147,-0.1333618105960227,-0.06625665677882381
0.07145802382848784,0.04785404633431499,0.6268692561195501,-0.6087753431233991
0.07743302315186029,-0.009609131928707217,0.0016020999138227979,0.39853180817952094
0.030892666458010545,-0.09659479144584002,-0.27925875534594286,0.2392855323560628
0.13650363240181623,-0.05229053669777905,-0.268047527295798,0.3059874228188454
-0.014433748303995603,-0.03932463238670066,0.18327522574127203,0.12631222882580942
-0.04525419609853807,0.043788213448576654,0.19276730111234477,0.46156256020440306
0.08205897973678607,0.05819278631290019,0.17252789706581667,-0.0662659977518211
0.030434254289580853,-0.010115307406376855,0.4167934078882858,-0.3121118328696598
-0.019278295145383675,-0.0022156198332516155,-0.3189193816594857,-0.34344905049961905
-0.06274400254232396,0.005819793643876019,-0.04596797101583571,-0.31389255561257573
-0.022291190260628875,-0.011742601676945436,-0.5493978351091207,-0.30665426623965714
-0.03709242837470952,-0.018733345974552236,-0.07071700147225864,0.18661265009508476
0.03556942721154256,0.033767870025236756,0.5684453070196985,-0.3294351732819338
0.0393782666057903,0.011565146992467742,-0.08927496554397807,-0.3760561032678279
